t_s,time_local,lat_deg,lon_deg,east_m,north_m,speed_mps,a_long_g,a_lat_g,yaw_rate_dps,a_lat_kin_g,in_gates
588.08,2026-08-15T15:01:55.520,33.6525740,-117.3018391,57.036,-28.0496,0.0178816,-0.061,0.004,-0.01,-3.181374e-07,0
588.12,2026-08-15T15:01:55.560,33.6525740,-117.3018391,57.036,-28.0496,0.0044704,-0.061,0.005,-0.01,-7.953435e-08,0
588.16,2026-08-15T15:01:55.600,33.6525740,-117.3018391,57.036,-28.0496,0.0178816,-0.061,0.005,-0.01,-3.181374e-07,0
588.2,2026-08-15T15:01:55.640,33.6525740,-117.3018391,57.036,-28.0496,0.0089408,-0.061,0.005,-0.01,-1.590687e-07,0
588.24,2026-08-15T15:01:55.680,33.6525740,-117.3018391,57.036,-28.0496,0.0134112,-0.061,0.005,-0.01,-2.386031e-07,0
588.28,2026-08-15T15:01:55.720,33.6525740,-117.3018391,57.036,-28.0496,0.0357632,-0.061,0.005,-0.02,-1.272550e-06,0
588.32,2026-08-15T15:01:55.760,33.6525740,-117.3018392,57.0267,-28.0496,0.022352,-0.062,0.005,-0.02,-7.953435e-07,0
588.36,2026-08-15T15:01:55.800,33.6525740,-117.3018391,57.036,-28.0496,0.0178816,-0.062,0.005,-0.02,-6.362748e-07,0
588.4,2026-08-15T15:01:55.840,33.6525740,-117.3018391,57.036,-28.0496,0.0268224,-0.061,0.005,-0.02,-9.544122e-07,0
588.44,2026-08-15T15:01:55.880,33.6525740,-117.3018391,57.036,-28.0496,0.0134112,-0.061,0.005,-0.02,-4.772061e-07,0
588.48,2026-08-15T15:01:55.920,33.6525740,-117.3018391,57.036,-28.0496,0.0178816,-0.061,0.004,-0.03,-9.544122e-07,0
588.52,2026-08-15T15:01:55.960,33.6525740,-117.3018391,57.036,-28.0496,0.0178816,-0.061,0.004,-0.02,-6.362748e-07,0
588.56,2026-08-15T15:01:56.000,33.6525741,-117.3018392,57.0267,-28.0384,0.0268224,-0.061,0.005,-0.02,-9.544122e-07,0
588.6,2026-08-15T15:01:56.040,33.6525741,-117.3018392,57.0267,-28.0384,0.0089408,-0.062,0.005,-0.02,-3.181374e-07,0
588.64,2026-08-15T15:01:56.080,33.6525741,-117.3018392,57.0267,-28.0384,0.0089408,-0.062,0.006,-0.02,-3.181374e-07,0
588.68,2026-08-15T15:01:56.120,33.6525741,-117.3018392,57.0267,-28.0384,0.022352,-0.062,0.006,-0.03,-1.193015e-06,0
588.72,2026-08-15T15:01:56.160,33.6525741,-117.3018392,57.0267,-28.0384,0.0178816,-0.061,0.006,-0.02,-6.362748e-07,0
588.76,2026-08-15T15:01:56.200,33.6525741,-117.3018392,57.0267,-28.0384,0.0178816,-0.061,0.005,-0.02,-6.362748e-07,0
588.8,2026-08-15T15:01:56.240,33.6525741,-117.3018392,57.0267,-28.0384,0.0268224,-0.06,0.005,-0.02,-9.544122e-07,0
588.84,2026-08-15T15:01:56.280,33.6525741,-117.3018392,57.0267,-28.0384,0.0089408,-0.06,0.004,-0.02,-3.181374e-07,0
588.88,2026-08-15T15:01:56.320,33.6525741,-117.3018392,57.0267,-28.0384,0.0089408,-0.061,0.004,-0.02,-3.181374e-07,0
588.92,2026-08-15T15:01:56.360,33.6525741,-117.3018392,57.0267,-28.0384,0.0044704,-0.062,0.005,-0.03,-2.386031e-07,0
588.96,2026-08-15T15:01:56.400,33.6525741,-117.3018392,57.0267,-28.0384,0.0089408,-0.062,0.005,-0.03,-4.772061e-07,0
589,2026-08-15T15:01:56.440,33.6525741,-117.3018392,57.0267,-28.0384,0.0134112,-0.062,0.006,-0.03,-7.158092e-07,0
589.04,2026-08-15T15:01:56.480,33.6525741,-117.3018392,57.0267,-28.0384,0.0134112,-0.062,0.007,-0.02,-4.772061e-07,0
589.08,2026-08-15T15:01:56.520,33.6525741,-117.3018392,57.0267,-28.0384,0.0268224,-0.062,0.007,-0.02,-9.544122e-07,0
589.12,2026-08-15T15:01:56.560,33.6525741,-117.3018392,57.0267,-28.0384,0.0089408,-0.062,0.006,-0.02,-3.181374e-07,0
589.16,2026-08-15T15:01:56.600,33.6525741,-117.3018392,57.0267,-28.0384,0.0268224,-0.062,0.005,-0.02,-9.544122e-07,0
589.2,2026-08-15T15:01:56.640,33.6525741,-117.3018392,57.0267,-28.0384,0.0089408,-0.061,0.005,-0.02,-3.181374e-07,0
589.24,2026-08-15T15:01:56.680,33.6525741,-117.3018392,57.0267,-28.0384,0.0268224,-0.06,0.004,-0.01,-4.772061e-07,0
589.28,2026-08-15T15:01:56.720,33.6525741,-117.3018392,57.0267,-28.0384,0.0134112,-0.059,0.005,-0.01,-2.386031e-07,0
589.32,2026-08-15T15:01:56.760,33.6525741,-117.3018392,57.0267,-28.0384,0.0178816,-0.06,0.006,-0.02,-6.362748e-07,0
589.36,2026-08-15T15:01:56.800,33.6525741,-117.3018392,57.0267,-28.0384,0.022352,-0.06,0.008,-0.02,-7.953435e-07,0
589.4,2026-08-15T15:01:56.840,33.6525741,-117.3018392,57.0267,-28.0384,0.0089408,-0.061,0.008,-0.02,-3.181374e-07,0
589.44,2026-08-15T15:01:56.880,33.6525741,-117.3018392,57.0267,-28.0384,0.0178816,-0.062,0.007,-0.03,-9.544122e-07,0
589.48,2026-08-15T15:01:56.920,33.6525741,-117.3018392,57.0267,-28.0384,0.0134112,-0.063,0.006,-0.02,-4.772061e-07,0
589.52,2026-08-15T15:01:56.960,33.6525741,-117.3018392,57.0267,-28.0384,0.0089408,-0.062,0.004,-0.02,-3.181374e-07,0
589.56,2026-08-15T15:01:57.000,33.6525741,-117.3018392,57.0267,-28.0384,0.0178816,-0.061,0.003,-0.02,-6.362748e-07,0
589.6,2026-08-15T15:01:57.040,33.6525741,-117.3018392,57.0267,-28.0384,0.0178816,-0.06,0.003,-0.03,-9.544122e-07,0
589.64,2026-08-15T15:01:57.080,33.6525741,-117.3018392,57.0267,-28.0384,0.0268224,-0.059,0.003,-0.03,-1.431618e-06,0
589.68,2026-08-15T15:01:57.120,33.6525741,-117.3018392,57.0267,-28.0384,0.0178816,-0.059,0.005,-0.04,-1.272550e-06,0
589.72,2026-08-15T15:01:57.160,33.6525741,-117.3018392,57.0267,-28.0384,0.0178816,-0.06,0.006,-0.04,-1.272550e-06,0
589.76,2026-08-15T15:01:57.200,33.6525741,-117.3018392,57.0267,-28.0384,0.022352,-0.06,0.007,-0.04,-1.590687e-06,0
589.8,2026-08-15T15:01:57.240,33.6525741,-117.3018392,57.0267,-28.0384,0.022352,-0.061,0.007,-0.04,-1.590687e-06,0
589.84,2026-08-15T15:01:57.280,33.6525741,-117.3018392,57.0267,-28.0384,0.0178816,-0.062,0.007,-0.03,-9.544122e-07,0
589.88,2026-08-15T15:01:57.320,33.6525741,-117.3018392,57.0267,-28.0384,0.0178816,-0.062,0.005,-0.03,-9.544122e-07,0
589.92,2026-08-15T15:01:57.360,33.6525741,-117.3018392,57.0267,-28.0384,0.0134112,-0.061,0.004,-0.02,-4.772061e-07,0
589.96,2026-08-15T15:01:57.400,33.6525741,-117.3018392,57.0267,-28.0384,0.0178816,-0.061,0.003,-0.02,-6.362748e-07,0
590,2026-08-15T15:01:57.440,33.6525741,-117.3018392,57.0267,-28.0384,0.0134112,-0.06,0.004,-0.02,-4.772061e-07,0
590.04,2026-08-15T15:01:57.480,33.6525741,-117.3018392,57.0267,-28.0384,0.0268224,-0.06,0.005,-0.02,-9.544122e-07,0
590.08,2026-08-15T15:01:57.520,33.6525741,-117.3018392,57.0267,-28.0384,0.0268224,-0.06,0.007,-0.02,-9.544122e-07,0
590.12,2026-08-15T15:01:57.560,33.6525741,-117.3018392,57.0267,-28.0384,0.0312928,-0.059,0.008,-0.03,-1.670221e-06,0
590.16,2026-08-15T15:01:57.600,33.6525741,-117.3018392,57.0267,-28.0384,0.0134112,-0.056,0.007,-0.03,-7.158092e-07,0
590.2,2026-08-15T15:01:57.640,33.6525741,-117.3018392,57.0267,-28.0384,0.0178816,-0.029,0.006,-0.02,-6.362748e-07,0
590.24,2026-08-15T15:01:57.680,33.6525741,-117.3018393,57.0175,-28.0384,0.0044704,0.019,0.004,-0.01,-7.953435e-08,0
590.28,2026-08-15T15:01:57.720,33.6525740,-117.3018393,57.0175,-28.0496,0.134112,0.116,0.001,0,0,0
590.32,2026-08-15T15:01:57.760,33.6525738,-117.3018395,56.9989,-28.0718,0.371043,0.253,-0.001,0,0,0
590.36,2026-08-15T15:01:57.800,33.6525736,-117.3018397,56.9804,-28.094,0.710794,0.431,-0.003,-0.05,-6.322981e-05,0
590.4,2026-08-15T15:01:57.840,33.6525730,-117.3018400,56.9527,-28.1608,1.1176,0.613,-0.006,-0.18,-3.579046e-04,0
590.44,2026-08-15T15:01:57.880,33.6525724,-117.3018404,56.9156,-28.2275,1.60934,0.776,-0.007,-0.38,-0.00108803,0
590.48,2026-08-15T15:01:57.920,33.6525716,-117.3018409,56.8694,-28.3164,2.01615,0.89,-0.004,-0.68,-0.00243916,0
590.52,2026-08-15T15:01:57.960,33.6525708,-117.3018414,56.8231,-28.4054,2.38719,0.959,-0.003,-1.1,-0.00467185,0
590.56,2026-08-15T15:01:58.000,33.6525700,-117.3018421,56.7583,-28.4943,2.72694,0.982,-0.01,-1.63,-0.0079081,0
590.6,2026-08-15T15:01:58.040,33.6525688,-117.3018428,56.6935,-28.6278,3.07116,0.981,-0.021,-2.31,-0.0126219,0
590.64,2026-08-15T15:01:58.080,33.6525676,-117.3018436,56.6194,-28.7612,3.45562,0.979,-0.039,-3.29,-0.0202269,0
590.68,2026-08-15T15:01:58.120,33.6525663,-117.3018445,56.5361,-28.9058,3.87584,0.972,-0.062,-4.39,-0.0302718,0
590.72,2026-08-15T15:01:58.160,33.6525649,-117.3018455,56.4436,-29.0614,4.26476,0.958,-0.085,-5.84,-0.0443115,0
590.76,2026-08-15T15:01:58.200,33.6525634,-117.3018468,56.3233,-29.2282,4.67604,0.936,-0.107,-7.58,-0.0630602,0
590.8,2026-08-15T15:01:58.240,33.6525618,-117.3018480,56.2122,-29.4061,5.01132,0.907,-0.134,-9.55,-0.0851459,0
590.84,2026-08-15T15:01:58.280,33.6525601,-117.3018493,56.0919,-29.5952,5.31978,0.868,-0.168,-11.57,-0.109505,0
590.88,2026-08-15T15:01:58.320,33.6525584,-117.3018507,55.9623,-29.7842,5.62376,0.833,-0.208,-13.6,-0.136074,0
590.92,2026-08-15T15:01:58.360,33.6525566,-117.3018522,55.8234,-29.9844,5.93222,0.806,-0.248,-15.23,-0.160741,0
590.96,2026-08-15T15:01:58.400,33.6525548,-117.3018540,55.6568,-30.1845,6.24962,0.79,-0.281,-16.43,-0.182684,0
591,2026-08-15T15:01:58.440,33.6525528,-117.3018558,55.4902,-30.4069,6.53572,0.785,-0.303,-17.34,-0.201628,0
591.04,2026-08-15T15:01:58.480,33.6525508,-117.3018577,55.3144,-30.6293,6.83971,0.79,-0.306,-18.07,-0.219889,0
591.08,2026-08-15T15:01:58.520,33.6525487,-117.3018598,55.12,-30.8628,7.24652,0.806,-0.295,-18.69,-0.240961,1
591.12,2026-08-15T15:01:58.560,33.6525464,-117.3018620,54.9163,-31.1185,7.64885,0.83,-0.273,-19.28,-0.262369,1
591.16,2026-08-15T15:01:58.600,33.6525441,-117.3018643,54.7035,-31.3743,7.9886,0.853,-0.248,-19.81,-0.281555,1
591.2,2026-08-15T15:01:58.640,33.6525417,-117.3018667,54.4813,-31.6412,8.31494,0.864,-0.237,-20.19,-0.298679,1
591.24,2026-08-15T15:01:58.680,33.6525392,-117.3018692,54.2499,-31.9191,8.66811,0.853,-0.244,-20.47,-0.315682,1
591.28,2026-08-15T15:01:58.720,33.6525367,-117.3018718,54.0093,-32.1971,9.0615,0.815,-0.275,-20.76,-0.334685,1
591.32,2026-08-15T15:01:58.760,33.6525342,-117.3018747,53.7408,-32.4751,9.32525,0.753,-0.327,-21.15,-0.350897,1
591.36,2026-08-15T15:01:58.800,33.6525317,-117.3018775,53.4817,-32.7531,9.50407,0.676,-0.39,-21.69,-0.366756,1
591.4,2026-08-15T15:01:58.840,33.6525292,-117.3018806,53.1947,-33.0311,9.6963,0.598,-0.449,-22.37,-0.385905,1
591.44,2026-08-15T15:01:58.880,33.6525268,-117.3018838,52.8985,-33.298,9.82594,0.531,-0.495,-23.1,-0.403826,1
591.48,2026-08-15T15:01:58.920,33.6525244,-117.3018869,52.6116,-33.5648,9.99134,0.484,-0.519,-23.89,-0.424667,1
591.52,2026-08-15T15:01:58.960,33.6525218,-117.3018904,52.2876,-33.8539,10.1836,0.465,-0.523,-24.64,-0.446426,1
591.56,2026-08-15T15:01:59.000,33.6525193,-117.3018938,51.9729,-34.1319,10.4518,0.467,-0.514,-25.24,-0.469341,1
591.6,2026-08-15T15:01:59.040,33.6525168,-117.3018974,51.6397,-34.4099,10.7066,0.473,-0.509,-25.71,-0.489736,1
591.64,2026-08-15T15:01:59.080,33.6525143,-117.3019012,51.288,-34.6879,10.948,0.481,-0.517,-26.06,-0.507596,1
591.68,2026-08-15T15:01:59.120,33.6525118,-117.3019051,50.927,-34.9659,11.1581,0.49,-0.525,-26.32,-0.522499,1
591.72,2026-08-15T15:01:59.160,33.6525093,-117.3019091,50.5568,-35.2439,11.3191,0.499,-0.531,-26.8,-0.539701,1
591.76,2026-08-15T15:01:59.200,33.6525069,-117.3019132,50.1773,-35.5107,11.5783,0.507,-0.534,-27.46,-0.565659,1
591.8,2026-08-15T15:01:59.240,33.6525044,-117.3019175,49.7793,-35.7887,11.8466,0.498,-0.532,-28.14,-0.593096,1
591.84,2026-08-15T15:01:59.280,33.6525019,-117.3019220,49.3628,-36.0667,12.0746,0.467,-0.54,-28.68,-0.61611,1
591.88,2026-08-15T15:01:59.320,33.6524995,-117.3019264,48.9555,-36.3336,12.1729,0.386,-0.581,-28.84,-0.624594,1
591.92,2026-08-15T15:01:59.360,33.6524972,-117.3019309,48.539,-36.5893,12.1863,0.281,-0.637,-28.71,-0.622463,1
591.96,2026-08-15T15:01:59.400,33.6524950,-117.3019355,48.1132,-36.834,12.1684,0.172,-0.696,-28.56,-0.618303,1
592,2026-08-15T15:01:59.440,33.6524930,-117.3019400,47.6967,-37.0564,12.0924,0.084,-0.732,-28.68,-0.617023,1
592.04,2026-08-15T15:01:59.480,33.6524910,-117.3019448,47.2524,-37.2787,12.1416,0.036,-0.745,-29.06,-0.62774,1
592.08,2026-08-15T15:01:59.520,33.6524891,-117.3019495,46.8174,-37.49,12.2042,0.038,-0.74,-29.7,-0.644872,1
592.12,2026-08-15T15:01:59.560,33.6524871,-117.3019544,46.3638,-37.7124,12.3338,0.065,-0.736,-30.32,-0.665328,1
592.16,2026-08-15T15:01:59.600,33.6524853,-117.3019594,45.901,-37.9126,12.4814,0.102,-0.74,-30.7,-0.681724,1
592.2,2026-08-15T15:01:59.640,33.6524836,-117.3019644,45.4382,-38.1016,12.6244,0.139,-0.755,-30.77,-0.69111,1
592.24,2026-08-15T15:01:59.680,33.6524819,-117.3019697,44.9476,-38.2906,12.7406,0.162,-0.768,-30.62,-0.694072,1
592.28,2026-08-15T15:01:59.720,33.6524803,-117.3019749,44.4663,-38.4685,12.8122,0.175,-0.771,-30.35,-0.691814,1
592.32,2026-08-15T15:01:59.760,33.6524788,-117.3019801,43.985,-38.6353,12.9016,0.183,-0.768,-30.06,-0.689986,1
592.36,2026-08-15T15:01:59.800,33.6524775,-117.3019855,43.4852,-38.7799,12.9776,0.18,-0.758,-29.84,-0.68897,1
592.4,2026-08-15T15:01:59.840,33.6524762,-117.3019909,42.9854,-38.9244,13.0804,0.171,-0.747,-29.69,-0.690938,1
592.44,2026-08-15T15:01:59.880,33.6524748,-117.3019964,42.4763,-39.0801,13.1653,0.164,-0.735,-29.65,-0.694488,1
592.48,2026-08-15T15:01:59.920,33.6524738,-117.3020020,41.958,-39.1913,13.2011,0.158,-0.725,-29.67,-0.696844,1
592.52,2026-08-15T15:01:59.960,33.6524727,-117.3020075,41.4489,-39.3136,13.219,0.155,-0.716,-29.76,-0.699905,1
592.56,2026-08-15T15:02:00.000,33.6524715,-117.3020132,40.9213,-39.447,13.3486,0.163,-0.721,-29.82,-0.708194,1
592.6,2026-08-15T15:02:00.040,33.6524707,-117.3020190,40.3844,-39.536,13.5051,0.174,-0.734,-29.85,-0.717216,1
592.64,2026-08-15T15:02:00.080,33.6524698,-117.3020249,39.8383,-39.6361,13.5945,0.186,-0.75,-29.81,-0.720996,1
592.68,2026-08-15T15:02:00.120,33.6524691,-117.3020306,39.3108,-39.7139,13.6615,0.198,-0.765,-29.72,-0.722365,1
592.72,2026-08-15T15:02:00.160,33.6524684,-117.3020366,38.7554,-39.7917,13.8135,0.205,-0.776,-29.61,-0.727699,1
592.76,2026-08-15T15:02:00.200,33.6524679,-117.3020426,38.2,-39.8473,13.9387,0.209,-0.777,-29.52,-0.732061,1
592.8,2026-08-15T15:02:00.240,33.6524675,-117.3020487,37.6354,-39.8918,13.9968,0.212,-0.782,-29.46,-0.733619,1
592.84,2026-08-15T15:02:00.280,33.6524672,-117.3020548,37.0708,-39.9252,14.0862,0.214,-0.785,-29.44,-0.737804,1
592.88,2026-08-15T15:02:00.320,33.6524669,-117.3020610,36.4969,-39.9585,14.2338,0.22,-0.791,-29.43,-0.745278,1
592.92,2026-08-15T15:02:00.360,33.6524667,-117.3020672,35.9231,-39.9808,14.3232,0.224,-0.794,-29.41,-0.749449,1
592.96,2026-08-15T15:02:00.400,33.6524667,-117.3020735,35.3399,-39.9808,14.4752,0.228,-0.795,-29.4,-0.757145,1
593,2026-08-15T15:02:00.440,33.6524667,-117.3020798,34.7568,-39.9808,14.569,0.232,-0.795,-29.35,-0.760759,1
593.04,2026-08-15T15:02:00.480,33.6524669,-117.3020862,34.1644,-39.9585,14.6674,0.237,-0.797,-29.26,-0.763546,1
593.08,2026-08-15T15:02:00.520,33.6524672,-117.3020926,33.572,-39.9252,14.7747,0.241,-0.8,-29.09,-0.764663,1
593.12,2026-08-15T15:02:00.560,33.6524677,-117.3020991,32.9704,-39.8696,14.9356,0.252,-0.802,-28.75,-0.763957,1
593.16,2026-08-15T15:02:00.600,33.6524681,-117.3021058,32.3503,-39.8251,15.101,0.265,-0.803,-28.24,-0.758716,1
593.2,2026-08-15T15:02:00.640,33.6524687,-117.3021123,31.7486,-39.7584,15.253,0.276,-0.796,-27.55,-0.747628,1
593.24,2026-08-15T15:02:00.680,33.6524695,-117.3021189,31.1377,-39.6694,15.3692,0.285,-0.782,-26.69,-0.729809,1
593.28,2026-08-15T15:02:00.720,33.6524703,-117.3021257,30.5083,-39.5805,15.5078,0.292,-0.762,-25.65,-0.707695,1
593.32,2026-08-15T15:02:00.760,33.6524711,-117.3021324,29.8882,-39.4915,15.5749,0.297,-0.739,-24.54,-0.679998,1
593.36,2026-08-15T15:02:00.800,33.6524721,-117.3021391,29.268,-39.3803,15.6911,0.306,-0.714,-23.35,-0.651852,1
593.4,2026-08-15T15:02:00.840,33.6524732,-117.3021458,28.6479,-39.258,15.852,0.32,-0.689,-22.05,-0.621874,1
593.44,2026-08-15T15:02:00.880,33.6524744,-117.3021526,28.0185,-39.1246,16.013,0.334,-0.66,-20.5,-0.584029,1
593.48,2026-08-15T15:02:00.920,33.6524756,-117.3021595,27.3798,-38.9911,16.1739,0.35,-0.622,-18.75,-0.539541,1
593.52,2026-08-15T15:02:00.960,33.6524769,-117.3021666,26.7226,-38.8466,16.3617,0.359,-0.57,-16.6,-0.483219,1
593.56,2026-08-15T15:02:01.000,33.6524782,-117.3021734,26.0932,-38.702,16.4958,0.342,-0.499,-13.99,-0.410581,1
593.6,2026-08-15T15:02:01.040,33.6524796,-117.3021805,25.436,-38.5464,16.6612,0.309,-0.424,-11.25,-0.333478,1
593.64,2026-08-15T15:02:01.080,33.6524811,-117.3021876,24.7789,-38.3796,16.8042,0.24,-0.323,-8.24,-0.246351,1
593.68,2026-08-15T15:02:01.120,33.6524824,-117.3021946,24.1309,-38.235,16.7908,0.142,-0.205,-5.2,-0.15534,1
593.72,2026-08-15T15:02:01.160,33.6524837,-117.3022016,23.483,-38.0905,16.7238,0.035,-0.08,-2.4,-0.0714091,1
593.76,2026-08-15T15:02:01.200,33.6524850,-117.3022086,22.8351,-37.9459,16.6657,-0.062,0.03,0.01,2.965041e-04,1
593.8,2026-08-15T15:02:01.240,33.6524864,-117.3022155,22.1964,-37.7902,16.545,-0.146,0.123,2.27,0.066819,1
593.84,2026-08-15T15:02:01.280,33.6524876,-117.3022224,21.5578,-37.6568,16.4332,-0.2,0.19,4.44,0.129812,1
593.88,2026-08-15T15:02:01.320,33.6524887,-117.3022293,20.9191,-37.5345,16.3706,-0.232,0.249,6.76,0.196888,1
593.92,2026-08-15T15:02:01.360,33.6524898,-117.3022362,20.2804,-37.4122,16.3348,-0.249,0.318,9.43,0.274053,1
593.96,2026-08-15T15:02:01.400,33.6524909,-117.3022430,19.651,-37.2899,16.2901,-0.251,0.403,12.47,0.36141,1
594,2026-08-15T15:02:01.440,33.6524920,-117.3022500,19.0031,-37.1675,16.2767,-0.239,0.5,15.77,0.456675,1
594.04,2026-08-15T15:02:01.480,33.6524927,-117.3022568,18.3737,-37.0897,16.2186,-0.222,0.591,18.78,0.541898,1
594.08,2026-08-15T15:02:01.520,33.6524934,-117.3022638,17.7258,-37.0119,16.156,-0.201,0.665,21.33,0.613103,1
594.12,2026-08-15T15:02:01.560,33.6524940,-117.3022705,17.1056,-36.9452,16.0666,-0.193,0.714,23.51,0.672025,1
594.16,2026-08-15T15:02:01.600,33.6524946,-117.3022774,16.467,-36.8784,16.013,-0.195,0.751,25.38,0.723056,1
594.2,2026-08-15T15:02:01.640,33.6524951,-117.3022842,15.8376,-36.8228,15.9549,-0.199,0.785,27.07,0.768404,1
594.24,2026-08-15T15:02:01.680,33.6524953,-117.3022911,15.1989,-36.8006,15.8431,-0.203,0.82,28.76,0.810657,1
594.28,2026-08-15T15:02:01.720,33.6524956,-117.3022978,14.5788,-36.7672,15.7626,-0.203,0.862,30.44,0.853654,1
594.32,2026-08-15T15:02:01.760,33.6524957,-117.3023046,13.9494,-36.7561,15.6553,-0.195,0.899,31.84,0.886837,1
594.36,2026-08-15T15:02:01.800,33.6524955,-117.3023113,13.3292,-36.7784,15.6062,-0.19,0.928,32.96,0.915149,1
594.4,2026-08-15T15:02:01.840,33.6524953,-117.3023180,12.7091,-36.8006,15.557,-0.191,0.951,33.83,0.936345,1
594.44,2026-08-15T15:02:01.880,33.6524950,-117.3023247,12.0889,-36.834,15.5168,-0.195,0.962,34.64,0.956285,1
594.48,2026-08-15T15:02:01.920,33.6524945,-117.3023313,11.478,-36.8896,15.4631,-0.202,0.953,35.41,0.974162,1
594.52,2026-08-15T15:02:01.960,33.6524940,-117.3023380,10.8579,-36.9452,15.4318,-0.203,0.948,36.16,0.992782,1
594.56,2026-08-15T15:02:02.000,33.6524933,-117.3023445,10.2562,-37.023,15.3558,-0.189,0.952,36.76,1.00429,1
594.6,2026-08-15T15:02:02.040,33.6524925,-117.3023510,9.65458,-37.112,15.3156,-0.169,0.963,37.09,1.01065,1
594.64,2026-08-15T15:02:02.080,33.6524916,-117.3023575,9.05294,-37.212,15.2396,-0.139,0.984,37.02,1.00373,1
594.68,2026-08-15T15:02:02.120,33.6524905,-117.3023640,8.4513,-37.3343,15.2262,-0.106,0.999,36.71,0.994452,1
594.72,2026-08-15T15:02:02.160,33.6524892,-117.3023703,7.86817,-37.4789,15.1859,-0.064,0.992,36.08,0.974803,1
594.76,2026-08-15T15:02:02.200,33.6524879,-117.3023766,7.28505,-37.6234,15.1994,-0.01,0.969,35.2,0.951867,1
594.8,2026-08-15T15:02:02.240,33.6524866,-117.3023830,6.69266,-37.768,15.2262,0.046,0.936,33.98,0.920498,1
594.84,2026-08-15T15:02:02.280,33.6524851,-117.3023894,6.10028,-37.9348,15.3871,0.102,0.91,32.34,0.885331,1
594.88,2026-08-15T15:02:02.320,33.6524834,-117.3023959,5.49864,-38.1238,15.5212,0.156,0.912,29.94,0.826773,1
594.92,2026-08-15T15:02:02.360,33.6524816,-117.3024023,4.90626,-38.324,15.6151,0.188,0.936,27.12,0.75343,1
594.96,2026-08-15T15:02:02.400,33.6524797,-117.3024087,4.31388,-38.5352,15.6866,0.196,0.94,24.13,0.673435,1
595,2026-08-15T15:02:02.440,33.6524776,-117.3024150,3.73075,-38.7688,15.7135,0.193,0.928,21.22,0.593233,1
595.04,2026-08-15T15:02:02.480,33.6524754,-117.3024213,3.14762,-39.0134,15.7447,0.186,0.895,18.75,0.525225,1
595.08,2026-08-15T15:02:02.520,33.6524732,-117.3024277,2.55524,-39.258,15.8252,0.194,0.828,16.93,0.476667,1
595.12,2026-08-15T15:02:02.560,33.6524708,-117.3024340,1.97211,-39.5249,15.9549,0.228,0.745,15.6,0.442819,1
595.16,2026-08-15T15:02:02.600,33.6524684,-117.3024404,1.37973,-39.7917,16.156,0.28,0.672,14.58,0.419083,1
595.2,2026-08-15T15:02:02.640,33.6524659,-117.3024469,0.778091,-40.0697,16.3974,0.335,0.602,13.75,0.401132,1
595.24,2026-08-15T15:02:02.680,33.6524633,-117.3024534,0.176452,-40.3588,16.6165,0.376,0.533,13.05,0.385796,1
595.28,2026-08-15T15:02:02.720,33.6524605,-117.3024600,-0.434443,-40.6702,16.7864,0.384,0.482,12.6,0.376301,1
595.32,2026-08-15T15:02:02.760,33.6524579,-117.3024666,-1.04534,-40.9593,16.916,0.361,0.442,12.46,0.374994,1
595.36,2026-08-15T15:02:02.800,33.6524551,-117.3024732,-1.65623,-41.2706,16.9875,0.312,0.41,12.64,0.382019,1
595.4,2026-08-15T15:02:02.840,33.6524523,-117.3024797,-2.25787,-41.582,16.9965,0.242,0.394,12.93,0.39099,1
595.44,2026-08-15T15:02:02.880,33.6524494,-117.3024862,-2.85951,-41.9045,17.0054,0.164,0.392,13.02,0.393918,1
595.48,2026-08-15T15:02:02.920,33.6524465,-117.3024927,-3.46115,-42.2269,17.0278,0.082,0.391,12.61,0.382015,1
595.52,2026-08-15T15:02:02.960,33.6524435,-117.3024991,-4.05353,-42.5605,16.9965,-0.009,0.372,11.38,0.344119,1
595.56,2026-08-15T15:02:03.000,33.6524405,-117.3025055,-4.64592,-42.8941,16.9294,-0.106,0.334,9.44,0.28433,1
595.6,2026-08-15T15:02:03.040,33.6524377,-117.3025118,-5.22904,-43.2054,16.8311,-0.204,0.264,6.98,0.209014,1
595.64,2026-08-15T15:02:03.080,33.6524348,-117.3025181,-5.81217,-43.5279,16.6701,-0.291,0.167,3.99,0.118337,1
595.68,2026-08-15T15:02:03.120,33.6524320,-117.3025243,-6.38604,-43.8392,16.4779,-0.358,0.06,0.78,0.0228668,1
595.72,2026-08-15T15:02:03.160,33.6524293,-117.3025305,-6.95991,-44.1395,16.3572,-0.397,-0.043,-2.41,-0.0701349,1
595.76,2026-08-15T15:02:03.200,33.6524265,-117.3025367,-7.53378,-44.4508,16.2678,-0.411,-0.154,-5.57,-0.16121,1
595.8,2026-08-15T15:02:03.240,33.6524240,-117.3025429,-8.10765,-44.7288,16.1739,-0.405,-0.261,-8.55,-0.246031,1
595.84,2026-08-15T15:02:03.280,33.6524215,-117.3025491,-8.68153,-45.0068,16.0577,-0.394,-0.353,-11.18,-0.319399,1
595.88,2026-08-15T15:02:03.320,33.6524191,-117.3025553,-9.2554,-45.2737,15.9906,-0.383,-0.427,-13.41,-0.381507,1
595.92,2026-08-15T15:02:03.360,33.6524167,-117.3025615,-9.82927,-45.5405,15.8744,-0.377,-0.489,-15.32,-0.432677,1
595.96,2026-08-15T15:02:03.400,33.6524144,-117.3025677,-10.4031,-45.7963,15.7179,-0.373,-0.529,-17.18,-0.480426,1
596,2026-08-15T15:02:03.440,33.6524123,-117.3025738,-10.9678,-46.0298,15.5793,-0.363,-0.548,-19,-0.526637,1
596.04,2026-08-15T15:02:03.480,33.6524101,-117.3025800,-11.5416,-46.2744,15.4855,-0.341,-0.563,-20.79,-0.572779,1
596.08,2026-08-15T15:02:03.520,33.6524082,-117.3025862,-12.1155,-46.4857,15.4184,-0.312,-0.588,-22.58,-0.619401,1
596.12,2026-08-15T15:02:03.560,33.6524063,-117.3025924,-12.6894,-46.697,15.3737,-0.286,-0.623,-24.36,-0.666291,1
596.16,2026-08-15T15:02:03.600,33.6524045,-117.3025986,-13.2632,-46.8971,15.329,-0.269,-0.667,-25.99,-0.708808,1
596.2,2026-08-15T15:02:03.640,33.6524028,-117.3026049,-13.8464,-47.0861,15.2709,-0.264,-0.704,-27.56,-0.748776,1
596.24,2026-08-15T15:02:03.680,33.6524012,-117.3026112,-14.4295,-47.264,15.1457,-0.264,-0.737,-29.22,-0.787369,1
596.28,2026-08-15T15:02:03.720,33.6523998,-117.3026174,-15.0034,-47.4197,15.034,-0.268,-0.788,-30.83,-0.824622,1
596.32,2026-08-15T15:02:03.760,33.6523984,-117.3026236,-15.5772,-47.5754,14.8998,-0.266,-0.838,-32.26,-0.855174,1
596.36,2026-08-15T15:02:03.800,33.6523972,-117.3026299,-16.1604,-47.7088,14.8373,-0.264,-0.883,-33.5,-0.884315,1
596.4,2026-08-15T15:02:03.840,33.6523963,-117.3026361,-16.7342,-47.8089,14.7926,-0.264,-0.915,-34.56,-0.909547,1
596.44,2026-08-15T15:02:03.880,33.6523954,-117.3026424,-17.3174,-47.909,14.73,-0.262,-0.928,-35.34,-0.92614,1
596.48,2026-08-15T15:02:03.920,33.6523946,-117.3026486,-17.8912,-47.9979,14.654,-0.26,-0.927,-35.97,-0.937787,1
596.52,2026-08-15T15:02:03.960,33.6523939,-117.3026548,-18.4651,-48.0758,14.5914,-0.25,-0.925,-36.46,-0.946502,1
596.56,2026-08-15T15:02:04.000,33.6523933,-117.3026611,-19.0482,-48.1425,14.5824,-0.221,-0.923,-36.75,-0.953446,1
596.6,2026-08-15T15:02:04.040,33.6523929,-117.3026673,-19.6221,-48.187,14.5333,-0.178,-0.933,-36.77,-0.950748,1
596.64,2026-08-15T15:02:04.080,33.6523927,-117.3026736,-20.2052,-48.2092,14.5154,-0.119,-0.946,-36.49,-0.942347,1
596.68,2026-08-15T15:02:04.120,33.6523925,-117.3026798,-20.7791,-48.2314,14.5512,-0.05,-0.952,-35.92,-0.929912,1
596.72,2026-08-15T15:02:04.160,33.6523925,-117.3026861,-21.3622,-48.2314,14.6271,0.007,-0.957,-35.07,-0.912649,1
596.76,2026-08-15T15:02:04.200,33.6523926,-117.3026925,-21.9546,-48.2203,14.6853,0.048,-0.961,-34.03,-0.889103,1
596.8,2026-08-15T15:02:04.240,33.6523928,-117.3026989,-22.547,-48.1981,14.7568,0.072,-0.961,-32.89,-0.863504,1
596.84,2026-08-15T15:02:04.280,33.6523930,-117.3027053,-23.1394,-48.1758,14.8194,0.078,-0.957,-31.76,-0.837373,1
596.88,2026-08-15T15:02:04.320,33.6523936,-117.3027117,-23.7318,-48.1091,14.8104,0.074,-0.944,-30.74,-0.809991,1
596.92,2026-08-15T15:02:04.360,33.6523942,-117.3027181,-24.3241,-48.0424,14.8462,0.079,-0.926,-29.85,-0.788439,1
596.96,2026-08-15T15:02:04.400,33.6523948,-117.3027245,-24.9165,-47.9757,14.949,0.095,-0.909,-28.94,-0.769697,1
597,2026-08-15T15:02:04.440,33.6523958,-117.3027310,-25.5182,-47.8645,15.0608,0.122,-0.885,-27.89,-0.747316,1
597.04,2026-08-15T15:02:04.480,33.6523966,-117.3027375,-26.1198,-47.7755,15.1368,0.155,-0.856,-26.62,-0.716885,1
597.08,2026-08-15T15:02:04.520,33.6523977,-117.3027439,-26.7122,-47.6532,15.2485,0.19,-0.818,-24.95,-0.676873,1
597.12,2026-08-15T15:02:04.560,33.6523988,-117.3027505,-27.3231,-47.5309,15.3648,0.218,-0.766,-23.07,-0.630641,1
597.16,2026-08-15T15:02:04.600,33.6524001,-117.3027571,-27.934,-47.3864,15.5123,0.244,-0.707,-21.24,-0.58619,1
597.2,2026-08-15T15:02:04.640,33.6524013,-117.3027637,-28.5449,-47.2529,15.633,0.271,-0.651,-19.64,-0.546251,1
597.24,2026-08-15T15:02:04.680,33.6524027,-117.3027704,-29.165,-47.0973,15.7895,0.304,-0.604,-18.39,-0.516603,1
597.28,2026-08-15T15:02:04.720,33.6524040,-117.3027771,-29.7852,-46.9527,15.9996,0.338,-0.577,-17.65,-0.502413,1
597.32,2026-08-15T15:02:04.760,33.6524057,-117.3027839,-30.4146,-46.7637,16.1784,0.37,-0.562,-17.32,-0.49853,1
597.36,2026-08-15T15:02:04.800,33.6524073,-117.3027908,-31.0532,-46.5858,16.384,0.394,-0.557,-17.28,-0.503701,1
597.4,2026-08-15T15:02:04.840,33.6524090,-117.3027977,-31.6919,-46.3967,16.5718,0.406,-0.555,-17.44,-0.51419,1
597.44,2026-08-15T15:02:04.880,33.6524108,-117.3028047,-32.3398,-46.1966,16.7416,0.406,-0.553,-17.67,-0.526312,1
597.48,2026-08-15T15:02:04.920,33.6524128,-117.3028117,-32.9877,-45.9742,16.9339,0.401,-0.554,-17.86,-0.538079,1
597.52,2026-08-15T15:02:04.960,33.6524148,-117.3028188,-33.6449,-45.7518,17.1038,0.399,-0.553,-17.84,-0.542868,1
597.56,2026-08-15T15:02:05.000,33.6524168,-117.3028258,-34.2928,-45.5294,17.2692,0.407,-0.548,-17.62,-0.541359,1
597.6,2026-08-15T15:02:05.040,33.6524191,-117.3028330,-34.9593,-45.2737,17.4301,0.424,-0.541,-17.12,-0.530899,1
597.64,2026-08-15T15:02:05.080,33.6524213,-117.3028402,-35.6257,-45.029,17.6581,0.447,-0.533,-16.2,-0.50894,1
597.68,2026-08-15T15:02:05.120,33.6524236,-117.3028476,-36.3106,-44.7733,17.9397,0.467,-0.512,-14.92,-0.476204,1
597.72,2026-08-15T15:02:05.160,33.6524260,-117.3028549,-36.9863,-44.5064,18.1588,0.477,-0.482,-13.35,-0.431296,1
597.76,2026-08-15T15:02:05.200,33.6524286,-117.3028623,-37.6713,-44.2173,18.3912,0.458,-0.448,-11.41,-0.37334,1
597.8,2026-08-15T15:02:05.240,33.6524311,-117.3028698,-38.3655,-43.9393,18.494,0.408,-0.404,-9.13,-0.300408,1
597.84,2026-08-15T15:02:05.280,33.6524337,-117.3028773,-39.0597,-43.6502,18.5522,0.312,-0.332,-6.39,-0.210913,1
597.88,2026-08-15T15:02:05.320,33.6524362,-117.3028847,-39.7446,-43.3722,18.5477,0.185,-0.239,-3.37,-0.111206,1
597.92,2026-08-15T15:02:05.360,33.6524387,-117.3028919,-40.411,-43.0942,18.4628,0.034,-0.115,0,0,1
597.96,2026-08-15T15:02:05.400,33.6524411,-117.3028993,-41.096,-42.8274,18.3018,-0.114,0.023,3.43,0.111685,1
598,2026-08-15T15:02:05.440,33.6524434,-117.3029065,-41.7624,-42.5716,18.1409,-0.24,0.176,6.95,0.224312,1
598.04,2026-08-15T15:02:05.480,33.6524458,-117.3029137,-42.4288,-42.3048,18.0023,-0.327,0.321,10.46,0.335018,1
598.08,2026-08-15T15:02:05.520,33.6524478,-117.3029211,-43.1138,-42.0824,17.8995,-0.367,0.467,14.27,0.454436,1
598.12,2026-08-15T15:02:05.560,33.6524499,-117.3029283,-43.7802,-41.8489,17.8011,-0.367,0.607,17.86,0.565637,1
598.16,2026-08-15T15:02:05.600,33.6524518,-117.3029357,-44.4652,-41.6376,17.7654,-0.337,0.733,21.09,0.666591,1
598.2,2026-08-15T15:02:05.640,33.6524534,-117.3029429,-45.1316,-41.4597,17.7028,-0.294,0.822,23.62,0.743926,1
598.24,2026-08-15T15:02:05.680,33.6524550,-117.3029503,-45.8165,-41.2818,17.6715,-0.254,0.862,25.33,0.796373,1
598.28,2026-08-15T15:02:05.720,33.6524567,-117.3029577,-46.5015,-41.0927,17.6313,-0.219,0.846,26.19,0.821537,1
598.32,2026-08-15T15:02:05.760,33.6524581,-117.3029650,-47.1772,-40.9371,17.5374,-0.192,0.799,26.64,0.831203,1
598.36,2026-08-15T15:02:05.800,33.6524596,-117.3029723,-47.8529,-40.7703,17.4748,-0.166,0.771,27,0.839429,1
598.4,2026-08-15T15:02:05.840,33.6524609,-117.3029796,-48.5285,-40.6257,17.4614,-0.14,0.784,27.41,0.851522,1
598.44,2026-08-15T15:02:05.880,33.6524619,-117.3029870,-49.2135,-40.5145,17.439,-0.112,0.834,27.84,0.863774,1
598.48,2026-08-15T15:02:05.920,33.6524629,-117.3029944,-49.8984,-40.4033,17.4659,-0.079,0.9,28.23,0.877221,1
598.52,2026-08-15T15:02:05.960,33.6524636,-117.3030020,-50.6019,-40.3255,17.4703,-0.047,0.954,28.44,0.883973,1
598.56,2026-08-15T15:02:06.000,33.6524643,-117.3030094,-51.2868,-40.2476,17.4971,-0.02,0.97,28.4,0.884085,1
598.6,2026-08-15T15:02:06.040,33.6524651,-117.3030169,-51.981,-40.1587,17.5106,0.005,0.964,28.19,0.87822,1
598.64,2026-08-15T15:02:06.080,33.6524655,-117.3030245,-52.6845,-40.1142,17.5195,0.024,0.944,27.8,0.866512,1
598.68,2026-08-15T15:02:06.120,33.6524659,-117.3030321,-53.3879,-40.0697,17.5508,0.037,0.924,27.3,0.852448,1
598.72,2026-08-15T15:02:06.160,33.6524663,-117.3030396,-54.0821,-40.0253,17.5329,0.045,0.91,26.74,0.834111,1
598.76,2026-08-15T15:02:06.200,33.6524664,-117.3030471,-54.7763,-40.0141,17.5463,0.044,0.903,26.22,0.818516,1
598.8,2026-08-15T15:02:06.240,33.6524664,-117.3030547,-55.4798,-40.0141,17.5642,0.04,0.898,25.71,0.803413,1
598.84,2026-08-15T15:02:06.280,33.6524663,-117.3030623,-56.1832,-40.0253,17.5955,0.035,0.897,25.31,0.792322,1
598.88,2026-08-15T15:02:06.320,33.6524661,-117.3030699,-56.8867,-40.0475,17.6402,0.029,0.896,24.99,0.784293,1
598.92,2026-08-15T15:02:06.360,33.6524659,-117.3030775,-57.5901,-40.0697,17.6491,0.03,0.891,24.71,0.775898,1
598.96,2026-08-15T15:02:06.400,33.6524654,-117.3030851,-58.2936,-40.1253,17.7073,0.039,0.883,24.41,0.769002,1
599,2026-08-15T15:02:06.440,33.6524649,-117.3030928,-59.0063,-40.1809,17.752,0.044,0.865,24.04,0.759258,1
599.04,2026-08-15T15:02:06.480,33.6524642,-117.3031005,-59.719,-40.2588,17.8369,0.046,0.854,23.52,0.746389,1
599.08,2026-08-15T15:02:06.520,33.6524636,-117.3031081,-60.4225,-40.3255,17.8458,0.023,0.848,22.71,0.721045,1
599.12,2026-08-15T15:02:06.560,33.6524626,-117.3031158,-61.1352,-40.4367,17.8235,-0.019,0.836,21.62,0.685578,1
599.16,2026-08-15T15:02:06.600,33.6524617,-117.3031233,-61.8294,-40.5368,17.7475,-0.077,0.803,20.13,0.635608,1
599.2,2026-08-15T15:02:06.640,33.6524606,-117.3031308,-62.5236,-40.6591,17.6134,-0.148,0.742,17.94,0.562177,1
599.24,2026-08-15T15:02:06.680,33.6524595,-117.3031383,-63.2178,-40.7814,17.4659,-0.217,0.642,15.09,0.468908,1
599.28,2026-08-15T15:02:06.720,33.6524585,-117.3031456,-63.8935,-40.8926,17.372,-0.266,0.501,11.55,0.356976,1
599.32,2026-08-15T15:02:06.760,33.6524574,-117.3031529,-64.5692,-41.0149,17.2647,-0.291,0.334,7.1,0.218085,1
599.36,2026-08-15T15:02:06.800,33.6524565,-117.3031602,-65.2448,-41.115,17.2155,-0.292,0.166,2.3,0.070446,1
599.4,2026-08-15T15:02:06.840,33.6524555,-117.3031675,-65.9205,-41.2262,17.1485,-0.273,0.015,-2.29,-0.0698665,1
599.44,2026-08-15T15:02:06.880,33.6524546,-117.3031749,-66.6055,-41.3262,17.144,-0.256,-0.129,-6.4,-0.195209,1
599.48,2026-08-15T15:02:06.920,33.6524538,-117.3031821,-67.2719,-41.4152,17.0948,-0.253,-0.246,-9.59,-0.29167,1
599.52,2026-08-15T15:02:06.960,33.6524530,-117.3031894,-67.9476,-41.5041,17.0099,-0.275,-0.321,-11.72,-0.35468,1
599.56,2026-08-15T15:02:07.000,33.6524523,-117.3031966,-68.614,-41.582,16.8758,-0.307,-0.366,-13.24,-0.397521,1
599.6,2026-08-15T15:02:07.040,33.6524517,-117.3032037,-69.2712,-41.6487,16.6925,-0.34,-0.404,-14.55,-0.432108,1
599.64,2026-08-15T15:02:07.080,33.6524511,-117.3032108,-69.9284,-41.7154,16.5584,-0.36,-0.453,-16.11,-0.474593,1
599.68,2026-08-15T15:02:07.120,33.6524506,-117.3032178,-70.5763,-41.771,16.4645,-0.364,-0.524,-17.86,-0.523164,1
599.72,2026-08-15T15:02:07.160,33.6524501,-117.3032249,-71.2335,-41.8266,16.3751,-0.352,-0.612,-19.97,-0.581795,1
599.76,2026-08-15T15:02:07.200,33.6524501,-117.3032319,-71.8814,-41.8266,16.2991,-0.341,-0.693,-22.11,-0.641151,1
599.8,2026-08-15T15:02:07.240,33.6524500,-117.3032389,-72.5293,-41.8377,16.2454,-0.331,-0.756,-24.09,-0.696268,1
599.84,2026-08-15T15:02:07.280,33.6524500,-117.3032458,-73.168,-41.8377,16.1337,-0.325,-0.784,-25.71,-0.737978,1
599.88,2026-08-15T15:02:07.320,33.6524501,-117.3032526,-73.7974,-41.8266,16.013,-0.321,-0.795,-27.21,-0.775191,1
599.92,2026-08-15T15:02:07.360,33.6524503,-117.3032595,-74.436,-41.8044,15.8878,-0.315,-0.794,-28.4,-0.802769,1
599.96,2026-08-15T15:02:07.400,33.6524506,-117.3032662,-75.0562,-41.771,15.7895,-0.302,-0.795,-29.43,-0.826734,1
600,2026-08-15T15:02:07.440,33.6524510,-117.3032730,-75.6856,-41.7265,15.6956,-0.287,-0.809,-30.37,-0.848067,1
600.04,2026-08-15T15:02:07.480,33.6524515,-117.3032797,-76.3057,-41.6709,15.6598,-0.272,-0.832,-31.17,-0.868424,1
600.08,2026-08-15T15:02:07.520,33.6524522,-117.3032863,-76.9166,-41.5931,15.6017,-0.26,-0.858,-31.82,-0.883243,1
600.12,2026-08-15T15:02:07.560,33.6524530,-117.3032929,-77.5275,-41.5041,15.5078,-0.249,-0.885,-32.37,-0.893103,1
600.16,2026-08-15T15:02:07.600,33.6524539,-117.3032995,-78.1384,-41.4041,15.4318,-0.239,-0.907,-32.81,-0.900807,1
600.2,2026-08-15T15:02:07.640,33.6524549,-117.3033060,-78.7401,-41.2929,15.3424,-0.228,-0.91,-33.15,-0.904869,1
600.24,2026-08-15T15:02:07.680,33.6524560,-117.3033124,-79.3325,-41.1706,15.2754,-0.214,-0.906,-33.4,-0.907708,1
600.28,2026-08-15T15:02:07.720,33.6524572,-117.3033188,-79.9248,-41.0371,15.2396,-0.196,-0.907,-33.57,-0.910192,1
600.32,2026-08-15T15:02:07.760,33.6524586,-117.3033252,-80.5172,-40.8815,15.2441,-0.182,-0.915,-33.64,-0.912358,1
600.36,2026-08-15T15:02:07.800,33.6524600,-117.3033316,-81.1096,-40.7258,15.2396,-0.169,-0.935,-33.65,-0.912361,1
600.4,2026-08-15T15:02:07.840,33.6524617,-117.3033378,-81.6835,-40.5368,15.2351,-0.152,-0.956,-33.63,-0.911551,1
600.44,2026-08-15T15:02:07.880,33.6524634,-117.3033441,-82.2666,-40.3477,15.2172,-0.126,-0.965,-33.56,-0.908586,1
600.48,2026-08-15T15:02:07.920,33.6524653,-117.3033502,-82.8312,-40.1365,15.1994,-0.091,-0.959,-33.38,-0.902651,1
600.52,2026-08-15T15:02:07.960,33.6524672,-117.3033564,-83.4051,-39.9252,15.2351,-0.05,-0.949,-32.95,-0.89312,1
600.56,2026-08-15T15:02:08.000,33.6524692,-117.3033625,-83.9697,-39.7028,15.2843,-0.013,-0.941,-32.19,-0.875336,1
600.6,2026-08-15T15:02:08.040,33.6524714,-117.3033686,-84.5343,-39.4582,15.3245,0.018,-0.933,-31.24,-0.851739,1
600.64,2026-08-15T15:02:08.080,33.6524738,-117.3033746,-85.0897,-39.1913,15.3648,0.037,-0.925,-29.96,-0.818985,1
600.68,2026-08-15T15:02:08.120,33.6524762,-117.3033805,-85.6358,-38.9244,15.3961,0.052,-0.909,-28.55,-0.782031,1
600.72,2026-08-15T15:02:08.160,33.6524788,-117.3033865,-86.1911,-38.6353,15.4363,0.074,-0.879,-26.77,-0.73519,1
600.76,2026-08-15T15:02:08.200,33.6524814,-117.3033925,-86.7465,-38.3462,15.4899,0.103,-0.834,-24.65,-0.679321,1
600.8,2026-08-15T15:02:08.240,33.6524842,-117.3033984,-87.2926,-38.0349,15.5972,0.142,-0.781,-22.03,-0.611322,1
600.84,2026-08-15T15:02:08.280,33.6524870,-117.3034044,-87.848,-37.7235,15.7269,0.194,-0.72,-18.72,-0.523789,1
600.88,2026-08-15T15:02:08.320,33.6524899,-117.3034102,-88.3848,-37.4011,15.8565,0.253,-0.646,-14.86,-0.419213,1
600.92,2026-08-15T15:02:08.360,33.6524928,-117.3034162,-88.9402,-37.0786,16.0532,0.317,-0.561,-10.77,-0.3076,1
600.96,2026-08-15T15:02:08.400,33.6524959,-117.3034224,-89.514,-36.7339,16.2454,0.375,-0.458,-6.56,-0.189602,1
601,2026-08-15T15:02:08.440,33.6524990,-117.3034286,-90.0879,-36.3892,16.4868,0.423,-0.322,-2.28,-0.0668776,1
601.04,2026-08-15T15:02:08.480,33.6525021,-117.3034348,-90.6618,-36.0445,16.7059,0.452,-0.157,1.53,0.0454746,1
601.08,2026-08-15T15:02:08.520,33.6525052,-117.3034411,-91.2449,-35.6998,16.8981,0.457,0.015,4.96,0.149117,1
601.12,2026-08-15T15:02:08.560,33.6525082,-117.3034477,-91.8558,-35.3662,17.0367,0.436,0.192,8.16,0.247334,1
601.16,2026-08-15T15:02:08.600,33.6525111,-117.3034543,-92.4667,-35.0437,17.1708,0.412,0.361,11.01,0.336346,1
601.2,2026-08-15T15:02:08.640,33.6525140,-117.3034610,-93.0868,-34.7213,17.2781,0.385,0.495,13.44,0.413146,1
601.24,2026-08-15T15:02:08.680,33.6525168,-117.3034678,-93.7163,-34.4099,17.4033,0.366,0.593,15.54,0.481161,1
601.28,2026-08-15T15:02:08.720,33.6525196,-117.3034746,-94.3457,-34.0986,17.5508,0.371,0.662,17.13,0.534887,1
601.32,2026-08-15T15:02:08.760,33.6525223,-117.3034817,-95.0028,-33.7983,17.7564,0.388,0.692,18.02,0.569271,1
601.36,2026-08-15T15:02:08.800,33.6525249,-117.3034887,-95.6508,-33.5092,17.9531,0.402,0.676,18.29,0.584201,1
601.4,2026-08-15T15:02:08.840,33.6525276,-117.3034961,-96.3357,-33.209,18.1588,0.421,0.638,17.92,0.578939,1
601.44,2026-08-15T15:02:08.880,33.6525304,-117.3035033,-97.0021,-32.8977,18.3421,0.437,0.596,17.14,0.559329,1
601.48,2026-08-15T15:02:08.920,33.6525329,-117.3035108,-97.6963,-32.6197,18.494,0.437,0.55,16.24,0.534351,1
601.52,2026-08-15T15:02:08.960,33.6525355,-117.3035182,-98.3813,-32.3306,18.646,0.435,0.518,15.45,0.512535,1
601.56,2026-08-15T15:02:09.000,33.6525380,-117.3035260,-99.1032,-32.0526,18.8427,0.434,0.514,15.03,0.503862,1
601.6,2026-08-15T15:02:09.040,33.6525405,-117.3035337,-99.8159,-31.7746,19.0171,0.429,0.53,15.09,0.510554,1
601.64,2026-08-15T15:02:09.080,33.6525429,-117.3035416,-100.547,-31.5077,19.1825,0.422,0.552,15.58,0.531717,1
601.68,2026-08-15T15:02:09.120,33.6525452,-117.3035495,-101.278,-31.252,19.3434,0.419,0.576,16.25,0.559236,1
601.72,2026-08-15T15:02:09.160,33.6525475,-117.3035576,-102.028,-30.9962,19.5267,0.411,0.59,16.78,0.582947,1
601.76,2026-08-15T15:02:09.200,33.6525498,-117.3035656,-102.769,-30.7405,19.7189,0.387,0.592,16.82,0.590089,1
601.8,2026-08-15T15:02:09.240,33.6525520,-117.3035740,-103.546,-30.4959,19.8888,0.344,0.582,16.17,0.572173,1
601.84,2026-08-15T15:02:09.280,33.6525541,-117.3035821,-104.296,-30.2623,19.9514,0.248,0.561,14.67,0.520729,1
601.88,2026-08-15T15:02:09.320,33.6525562,-117.3035905,-105.073,-30.0288,19.9201,0.114,0.528,12.83,0.454702,1
601.92,2026-08-15T15:02:09.360,33.6525582,-117.3035986,-105.823,-29.8064,19.7681,-0.052,0.486,11.13,0.391443,1
601.96,2026-08-15T15:02:09.400,33.6525602,-117.3036065,-106.554,-29.5841,19.5222,-0.241,0.443,10.18,0.353578,1
602,2026-08-15T15:02:09.440,33.6525620,-117.3036144,-107.286,-29.3839,19.2406,-0.405,0.413,10.15,0.347451,1
602.04,2026-08-15T15:02:09.480,33.6525638,-117.3036223,-108.017,-29.1838,18.9992,-0.522,0.408,11.05,0.373513,1
602.08,2026-08-15T15:02:09.520,33.6525655,-117.3036300,-108.729,-28.9947,18.8025,-0.602,0.443,12.4,0.414807,1
602.12,2026-08-15T15:02:09.560,33.6525671,-117.3036378,-109.451,-28.8168,18.6237,-0.642,0.498,13.82,0.457912,1
602.16,2026-08-15T15:02:09.600,33.6525687,-117.3036453,-110.146,-28.6389,18.4046,-0.659,0.542,14.92,0.488545,1
602.2,2026-08-15T15:02:09.640,33.6525700,-117.3036530,-110.858,-28.4943,18.1632,-0.673,0.558,15.73,0.508312,1
602.24,2026-08-15T15:02:09.680,33.6525713,-117.3036604,-111.543,-28.3498,17.904,-0.68,0.548,16.37,0.521442,1
602.28,2026-08-15T15:02:09.720,33.6525726,-117.3036678,-112.228,-28.2052,17.676,-0.68,0.535,16.99,0.5343,1
602.32,2026-08-15T15:02:09.760,33.6525738,-117.3036751,-112.904,-28.0718,17.4301,-0.673,0.535,17.6,0.545784,1
602.36,2026-08-15T15:02:09.800,33.6525749,-117.3036823,-113.57,-27.9495,17.2066,-0.658,0.566,18.22,0.557765,1
602.4,2026-08-15T15:02:09.840,33.6525760,-117.3036893,-114.218,-27.8272,16.9786,-0.64,0.617,18.84,0.569103,1
602.44,2026-08-15T15:02:09.880,33.6525768,-117.3036965,-114.885,-27.7382,16.7729,-0.624,0.662,19.42,0.579518,1
602.48,2026-08-15T15:02:09.920,33.6525775,-117.3037035,-115.533,-27.6604,16.5226,-0.612,0.685,20,0.587918,1
602.52,2026-08-15T15:02:09.960,33.6525783,-117.3037103,-116.162,-27.5714,16.3035,-0.599,0.694,20.79,0.603038,1
602.56,2026-08-15T15:02:10.000,33.6525789,-117.3037172,-116.801,-27.5047,16.08,-0.579,0.701,21.72,0.621377,1
602.6,2026-08-15T15:02:10.040,33.6525794,-117.3037239,-117.421,-27.4491,15.9146,-0.554,0.709,22.71,0.643016,1
602.64,2026-08-15T15:02:10.080,33.6525798,-117.3037306,-118.041,-27.4046,15.7269,-0.518,0.736,23.84,0.667048,1
602.68,2026-08-15T15:02:10.120,33.6525801,-117.3037373,-118.661,-27.3713,15.5615,-0.475,0.77,24.94,0.690487,1
602.72,2026-08-15T15:02:10.160,33.6525802,-117.3037439,-119.272,-27.3602,15.405,-0.422,0.804,25.97,0.711774,1
602.76,2026-08-15T15:02:10.200,33.6525802,-117.3037504,-119.874,-27.3602,15.3156,-0.368,0.833,26.88,0.732439,1
602.8,2026-08-15T15:02:10.240,33.6525802,-117.3037570,-120.485,-27.3602,15.2619,-0.312,0.86,27.63,0.750238,1
602.84,2026-08-15T15:02:10.280,33.6525800,-117.3037636,-121.095,-27.3824,15.2128,-0.263,0.872,28.11,0.760812,1
602.88,2026-08-15T15:02:10.320,33.6525796,-117.3037701,-121.697,-27.4269,15.1859,-0.226,0.875,28.4,0.767306,1
602.92,2026-08-15T15:02:10.360,33.6525793,-117.3037766,-122.299,-27.4602,15.1323,-0.203,0.872,28.47,0.76648,1
602.96,2026-08-15T15:02:10.400,33.6525788,-117.3037830,-122.891,-27.5158,15.0518,-0.19,0.86,28.45,0.761869,1
603,2026-08-15T15:02:10.440,33.6525782,-117.3037894,-123.483,-27.5825,14.9803,-0.184,0.856,28.44,0.757982,1
603.04,2026-08-15T15:02:10.480,33.6525775,-117.3037958,-124.076,-27.6604,14.9311,-0.179,0.859,28.5,0.757087,1
603.08,2026-08-15T15:02:10.520,33.6525767,-117.3038021,-124.659,-27.7493,14.8551,-0.171,0.866,28.68,0.757991,1
603.12,2026-08-15T15:02:10.560,33.6525758,-117.3038084,-125.242,-27.8494,14.7747,-0.161,0.879,29.04,0.763348,1
603.16,2026-08-15T15:02:10.600,33.6525747,-117.3038146,-125.816,-27.9717,14.7389,-0.148,0.893,29.52,0.774087,1
603.2,2026-08-15T15:02:10.640,33.6525735,-117.3038208,-126.39,-28.1052,14.7031,-0.136,0.909,30.12,0.787905,1
603.24,2026-08-15T15:02:10.680,33.6525723,-117.3038270,-126.964,-28.2386,14.6987,-0.126,0.931,30.81,0.805709,1
603.28,2026-08-15T15:02:10.720,33.6525708,-117.3038330,-127.519,-28.4054,14.6719,-0.119,0.956,31.54,0.823294,1
603.32,2026-08-15T15:02:10.760,33.6525693,-117.3038391,-128.084,-28.5722,14.6227,-0.111,0.973,32.19,0.837445,1
603.36,2026-08-15T15:02:10.800,33.6525676,-117.3038450,-128.63,-28.7612,14.5914,-0.102,0.982,32.72,0.849412,1
603.4,2026-08-15T15:02:10.840,33.6525659,-117.3038510,-129.185,-28.9502,14.5601,-0.093,0.975,33.08,0.856916,1
603.44,2026-08-15T15:02:10.880,33.6525640,-117.3038568,-129.722,-29.1615,14.5422,-0.086,0.959,33.32,0.862073,1
603.48,2026-08-15T15:02:10.920,33.6525620,-117.3038627,-130.268,-29.3839,14.5243,-0.083,0.944,33.48,0.865147,1
603.52,2026-08-15T15:02:10.960,33.6525599,-117.3038684,-130.796,-29.6174,14.5064,-0.088,0.937,33.76,0.871308,1
603.56,2026-08-15T15:02:11.000,33.6525577,-117.3038741,-131.323,-29.862,14.4617,-0.098,0.94,34.15,0.878658,1
603.6,2026-08-15T15:02:11.040,33.6525554,-117.3038796,-131.832,-30.1178,14.3902,-0.115,0.948,34.63,0.886601,1
603.64,2026-08-15T15:02:11.080,33.6525530,-117.3038851,-132.341,-30.3847,14.3142,-0.134,0.953,35.27,0.898218,1
603.68,2026-08-15T15:02:11.120,33.6525504,-117.3038904,-132.832,-30.6738,14.2472,-0.153,0.95,35.98,0.912007,1
603.72,2026-08-15T15:02:11.160,33.6525478,-117.3038957,-133.323,-30.9629,14.2069,-0.168,0.941,36.67,0.926872,1
603.76,2026-08-15T15:02:11.200,33.6525452,-117.3039009,-133.804,-31.252,14.122,-0.177,0.931,37.32,0.937661,1
603.8,2026-08-15T15:02:11.240,33.6525425,-117.3039060,-134.276,-31.5522,14.0505,-0.183,0.926,37.93,0.948161,1
603.84,2026-08-15T15:02:11.280,33.6525396,-117.3039110,-134.739,-31.8747,13.9655,-0.188,0.929,38.41,0.954355,1
603.88,2026-08-15T15:02:11.320,33.6525367,-117.3039158,-135.183,-32.1971,13.8672,-0.193,0.942,38.8,0.957256,1
603.92,2026-08-15T15:02:11.360,33.6525337,-117.3039205,-135.618,-32.5307,13.7733,-0.202,0.96,39.14,0.959107,1
603.96,2026-08-15T15:02:11.400,33.6525306,-117.3039251,-136.044,-32.8754,13.675,-0.216,0.968,39.57,0.962721,1
604,2026-08-15T15:02:11.440,33.6525273,-117.3039295,-136.451,-33.2424,13.5587,-0.23,0.964,40.09,0.967082,1
604.04,2026-08-15T15:02:11.480,33.6525242,-117.3039338,-136.849,-33.5871,13.4648,-0.244,0.961,40.72,0.975478,1
604.08,2026-08-15T15:02:11.520,33.6525210,-117.3039381,-137.247,-33.9429,13.362,-0.254,0.953,41.45,0.985383,1
604.12,2026-08-15T15:02:11.560,33.6525177,-117.3039422,-137.627,-34.3098,13.2592,-0.26,0.941,42.19,0.995257,1
604.16,2026-08-15T15:02:11.600,33.6525143,-117.3039461,-137.988,-34.6879,13.1027,-0.262,0.925,42.88,0.999598,1
604.2,2026-08-15T15:02:11.640,33.6525109,-117.3039499,-138.339,-35.066,12.9776,-0.259,0.908,43.47,1.00367,1
604.24,2026-08-15T15:02:11.680,33.6525075,-117.3039536,-138.682,-35.444,12.8926,-0.253,0.913,43.87,1.00628,1
604.28,2026-08-15T15:02:11.720,33.6525040,-117.3039571,-139.006,-35.8332,12.8032,-0.247,0.932,43.97,1.00158,1
604.32,2026-08-15T15:02:11.760,33.6525004,-117.3039605,-139.32,-36.2335,12.6781,-0.243,0.946,43.71,0.98592,1
604.36,2026-08-15T15:02:11.800,33.6524968,-117.3039638,-139.626,-36.6338,12.5931,-0.233,0.936,43.18,0.96744,1
604.4,2026-08-15T15:02:11.840,33.6524932,-117.3039668,-139.904,-37.0341,12.4188,-0.214,0.899,42.37,0.93615,1
604.44,2026-08-15T15:02:11.880,33.6524896,-117.3039699,-140.191,-37.4344,12.3294,-0.181,0.843,41.17,0.903088,1
604.48,2026-08-15T15:02:11.920,33.6524859,-117.3039729,-140.468,-37.8458,12.3025,-0.139,0.811,39.18,0.857566,1
604.52,2026-08-15T15:02:11.960,33.6524822,-117.3039757,-140.727,-38.2573,12.3696,-0.106,0.817,36.24,0.797539,1
604.56,2026-08-15T15:02:12.000,33.6524784,-117.3039784,-140.977,-38.6798,12.3294,-0.095,0.854,32.64,0.715977,1
604.6,2026-08-15T15:02:12.040,33.6524744,-117.3039810,-141.218,-39.1246,12.1997,-0.109,0.897,28.72,0.623365,1
604.64,2026-08-15T15:02:12.080,33.6524707,-117.3039833,-141.431,-39.536,12.0522,-0.145,0.908,25.07,0.537563,1
604.68,2026-08-15T15:02:12.120,33.6524668,-117.3039855,-141.634,-39.9697,11.8913,-0.188,0.884,22.31,0.471993,1
604.72,2026-08-15T15:02:12.160,33.6524630,-117.3039877,-141.838,-40.3922,11.7393,-0.203,0.853,20.73,0.432961,1
604.76,2026-08-15T15:02:12.200,33.6524592,-117.3039897,-142.023,-40.8147,11.6901,-0.178,0.845,19.95,0.414925,1
604.8,2026-08-15T15:02:12.240,33.6524553,-117.3039916,-142.199,-41.2484,11.699,-0.122,0.877,19.58,0.407541,1
604.84,2026-08-15T15:02:12.280,33.6524512,-117.3039932,-142.347,-41.7043,11.7348,-0.045,0.944,19.24,0.401688,1
604.88,2026-08-15T15:02:12.320,33.6524472,-117.3039947,-142.486,-42.1491,11.8287,0.03,0.994,18.82,0.396063,1
604.92,2026-08-15T15:02:12.360,33.6524429,-117.3039961,-142.616,-42.6272,11.9449,0.075,0.979,18.5,0.393154,1
604.96,2026-08-15T15:02:12.400,33.6524387,-117.3039974,-142.736,-43.0942,11.9762,0.09,0.901,18.6,0.396315,1
605,2026-08-15T15:02:12.440,33.6524345,-117.3039987,-142.856,-43.5613,11.9851,0.08,0.779,19.39,0.413456,1
605.04,2026-08-15T15:02:12.480,33.6524303,-117.3039999,-142.967,-44.0283,11.9628,0.062,0.656,21.09,0.448867,1
605.08,2026-08-15T15:02:12.520,33.6524261,-117.3040012,-143.088,-44.4953,11.9494,0.049,0.574,23.28,0.494922,1
605.12,2026-08-15T15:02:12.560,33.6524218,-117.3040023,-143.189,-44.9734,12.0209,0.047,0.553,25.56,0.546646,1
605.16,2026-08-15T15:02:12.600,33.6524175,-117.3040033,-143.282,-45.4516,12.1237,0.046,0.578,27.63,0.595971,1
605.2,2026-08-15T15:02:12.640,33.6524131,-117.3040041,-143.356,-45.9408,12.1818,0.039,0.63,29.33,0.635672,1
605.24,2026-08-15T15:02:12.680,33.6524087,-117.3040047,-143.412,-46.4301,12.1774,0.017,0.678,30.63,0.663604,1
605.28,2026-08-15T15:02:12.720,33.6524044,-117.3040053,-143.467,-46.9082,12.1103,-0.008,0.706,31.69,0.682788,1
605.32,2026-08-15T15:02:12.760,33.6524001,-117.3040059,-143.523,-47.3864,12.0567,-0.02,0.72,32.63,0.699927,1
605.36,2026-08-15T15:02:12.800,33.6523958,-117.3040062,-143.55,-47.8645,12.0343,-0.007,0.728,33.36,0.714259,1
605.4,2026-08-15T15:02:12.840,33.6523914,-117.3040065,-143.578,-48.3538,12.1014,0.029,0.737,33.75,0.726636,1
605.44,2026-08-15T15:02:12.880,33.6523870,-117.3040066,-143.587,-48.843,12.2444,0.082,0.76,33.69,0.733918,1
605.48,2026-08-15T15:02:12.920,33.6523824,-117.3040065,-143.578,-49.3545,12.3651,0.127,0.781,33.19,0.730154,1
605.52,2026-08-15T15:02:12.960,33.6523778,-117.3040064,-143.569,-49.866,12.4992,0.148,0.79,32.42,0.72095,1
605.56,2026-08-15T15:02:13.000,33.6523733,-117.3040062,-143.55,-50.3664,12.5618,0.147,0.784,31.75,0.709586,1
605.6,2026-08-15T15:02:13.040,33.6523687,-117.3040059,-143.523,-50.8779,12.5574,0.132,0.76,31.34,0.700173,1
605.64,2026-08-15T15:02:13.080,33.6523642,-117.3040055,-143.486,-51.3783,12.535,0.114,0.733,31.38,0.699819,1
605.68,2026-08-15T15:02:13.120,33.6523597,-117.3040050,-143.439,-51.8786,12.5663,0.103,0.726,31.8,0.710956,1
605.72,2026-08-15T15:02:13.160,33.6523551,-117.3040043,-143.375,-52.3901,12.6736,0.102,0.727,32.42,0.731006,1
605.76,2026-08-15T15:02:13.200,33.6523506,-117.3040033,-143.282,-52.8905,12.7272,0.104,0.741,33.1,0.749498,1
605.8,2026-08-15T15:02:13.240,33.6523460,-117.3040024,-143.199,-53.402,12.7809,0.106,0.767,33.73,0.766982,1
605.84,2026-08-15T15:02:13.280,33.6523415,-117.3040014,-143.106,-53.9024,12.8166,0.104,0.795,34.23,0.78053,1
605.88,2026-08-15T15:02:13.320,33.6523369,-117.3040002,-142.995,-54.4139,12.8166,0.098,0.823,34.64,0.789879,1
605.92,2026-08-15T15:02:13.360,33.6523324,-117.3039987,-142.856,-54.9143,12.839,0.091,0.849,34.96,0.798566,1
605.96,2026-08-15T15:02:13.400,33.6523280,-117.3039973,-142.727,-55.4035,12.8882,0.086,0.859,35.18,0.806669,1
606,2026-08-15T15:02:13.440,33.6523234,-117.3039955,-142.56,-55.915,12.9507,0.077,0.855,35.29,0.81312,1
606.04,2026-08-15T15:02:13.480,33.6523189,-117.3039938,-142.403,-56.4154,12.991,0.061,0.852,35.29,0.815647,1
606.08,2026-08-15T15:02:13.520,33.6523144,-117.3039919,-142.227,-56.9158,13.0178,0.037,0.85,35.21,0.815478,1
606.12,2026-08-15T15:02:13.560,33.6523101,-117.3039899,-142.042,-57.3939,12.9955,0.008,0.854,35.12,0.811997,1
606.16,2026-08-15T15:02:13.600,33.6523058,-117.3039878,-141.847,-57.872,12.915,-0.021,0.862,35.09,0.80628,1
606.2,2026-08-15T15:02:13.640,33.6523015,-117.3039857,-141.653,-58.3502,12.8837,-0.037,0.863,35.24,0.807764,1
606.24,2026-08-15T15:02:13.680,33.6522973,-117.3039833,-141.431,-58.8172,12.8703,-0.037,0.848,35.58,0.814709,1
606.28,2026-08-15T15:02:13.720,33.6522931,-117.3039807,-141.19,-59.2842,12.9239,-0.017,0.832,36.04,0.828681,1
606.32,2026-08-15T15:02:13.760,33.6522889,-117.3039781,-140.95,-59.7512,12.9597,0.013,0.829,36.53,0.842273,1
606.36,2026-08-15T15:02:13.800,33.6522848,-117.3039754,-140.7,-60.2071,13.0446,0.044,0.848,36.86,0.855451,1
606.4,2026-08-15T15:02:13.840,33.6522806,-117.3039725,-140.431,-60.6742,13.1027,0.071,0.892,36.89,0.859962,1
606.44,2026-08-15T15:02:13.880,33.6522766,-117.3039692,-140.126,-61.1189,13.2324,0.082,0.94,36.61,0.861879,1
606.48,2026-08-15T15:02:13.920,33.6522727,-117.3039659,-139.82,-61.5526,13.2726,0.076,0.957,36.07,0.851748,1
606.52,2026-08-15T15:02:13.960,33.6522688,-117.3039627,-139.524,-61.9863,13.2592,0.058,0.942,35.42,0.835554,1
606.56,2026-08-15T15:02:14.000,33.6522650,-117.3039592,-139.2,-62.4088,13.1698,0.037,0.907,34.87,0.817033,1
606.6,2026-08-15T15:02:14.040,33.6522612,-117.3039558,-138.885,-62.8313,13.1519,0.011,0.873,34.51,0.8075,1
606.64,2026-08-15T15:02:14.080,33.6522575,-117.3039522,-138.552,-63.2428,13.143,-0.012,0.864,34.43,0.80508,1
606.68,2026-08-15T15:02:14.120,33.6522540,-117.3039486,-138.219,-63.6319,13.1787,-0.038,0.877,34.67,0.812898,1
606.72,2026-08-15T15:02:14.160,33.6522505,-117.3039446,-137.849,-64.0211,13.1474,-0.064,0.899,35.2,0.823365,1
606.76,2026-08-15T15:02:14.200,33.6522472,-117.3039407,-137.488,-64.3881,13.0938,-0.088,0.913,36.02,0.839108,1
606.8,2026-08-15T15:02:14.240,33.6522439,-117.3039367,-137.118,-64.755,13.0223,-0.109,0.912,37.02,0.857693,1
606.84,2026-08-15T15:02:14.280,33.6522407,-117.3039327,-136.747,-65.1108,12.9686,-0.119,0.895,38.08,0.878617,1
606.88,2026-08-15T15:02:14.320,33.6522376,-117.3039285,-136.359,-65.4555,12.9507,-0.116,0.884,39.09,0.900677,1
606.92,2026-08-15T15:02:14.360,33.6522346,-117.3039243,-135.97,-65.7891,12.9239,-0.097,0.884,39.99,0.919505,1
606.96,2026-08-15T15:02:14.400,33.6522318,-117.3039200,-135.572,-66.1005,12.9329,-0.066,0.903,40.61,0.934407,1
607,2026-08-15T15:02:14.440,33.6522289,-117.3039156,-135.165,-66.4229,12.9865,-0.03,0.932,40.96,0.94637,1
607.04,2026-08-15T15:02:14.480,33.6522263,-117.3039110,-134.739,-66.712,13.0446,0.006,0.961,40.99,0.951301,1
607.08,2026-08-15T15:02:14.520,33.6522236,-117.3039062,-134.294,-67.0123,13.0983,0.038,0.974,40.69,0.948222,1
607.12,2026-08-15T15:02:14.560,33.6522211,-117.3039015,-133.859,-67.2903,13.0938,0.058,0.973,40.16,0.935552,1
607.16,2026-08-15T15:02:14.600,33.6522187,-117.3038965,-133.397,-67.5571,13.1385,0.066,0.954,39.56,0.924721,1
607.2,2026-08-15T15:02:14.640,33.6522166,-117.3038916,-132.943,-67.7906,13.1519,0.063,0.942,39.06,0.913965,1
607.24,2026-08-15T15:02:14.680,33.6522143,-117.3038865,-132.471,-68.0464,13.134,0.055,0.938,38.76,0.905712,1
607.28,2026-08-15T15:02:14.720,33.6522123,-117.3038815,-132.008,-68.2688,13.0759,0.041,0.946,38.74,0.90124,1
607.32,2026-08-15T15:02:14.760,33.6522104,-117.3038764,-131.536,-68.48,13.1251,0.031,0.956,38.97,0.91,1
607.36,2026-08-15T15:02:14.800,33.6522086,-117.3038711,-131.046,-68.6802,13.2234,0.025,0.964,39.32,0.925053,1
607.4,2026-08-15T15:02:14.840,33.6522068,-117.3038658,-130.555,-68.8803,13.2011,0.03,0.96,39.72,0.932884,1
607.44,2026-08-15T15:02:14.880,33.6522052,-117.3038604,-130.055,-69.0583,13.2458,0.043,0.949,40.1,0.944998,1
607.48,2026-08-15T15:02:14.920,33.6522035,-117.3038550,-129.555,-69.2473,13.3039,0.07,0.939,40.37,0.955535,1
607.52,2026-08-15T15:02:14.960,33.6522021,-117.3038494,-129.037,-69.403,13.3397,0.106,0.938,40.38,0.958341,1
607.56,2026-08-15T15:02:15.000,33.6522009,-117.3038439,-128.528,-69.5364,13.4023,0.144,0.946,40.11,0.956399,1
607.6,2026-08-15T15:02:15.040,33.6521997,-117.3038382,-128,-69.6698,13.5051,0.178,0.955,39.46,0.948118,1
607.64,2026-08-15T15:02:15.080,33.6521986,-117.3038324,-127.464,-69.7921,13.6347,0.204,0.959,38.28,0.928595,1
607.68,2026-08-15T15:02:15.120,33.6521978,-117.3038266,-126.927,-69.8811,13.751,0.216,0.948,36.82,0.900793,1
607.72,2026-08-15T15:02:15.160,33.6521969,-117.3038207,-126.381,-69.9812,13.8046,0.213,0.923,35.23,0.865256,1
607.76,2026-08-15T15:02:15.200,33.6521961,-117.3038148,-125.835,-70.0701,13.8761,0.205,0.885,33.6,0.829499,1
607.8,2026-08-15T15:02:15.240,33.6521954,-117.3038088,-125.279,-70.148,13.9253,0.198,0.847,32.13,0.796019,1
607.84,2026-08-15T15:02:15.280,33.6521949,-117.3038028,-124.724,-70.2036,13.9879,0.199,0.823,30.91,0.769235,1
607.88,2026-08-15T15:02:15.320,33.6521946,-117.3037968,-124.168,-70.2369,14.1309,0.212,0.813,29.88,0.751207,1
607.92,2026-08-15T15:02:15.360,33.6521942,-117.3037906,-123.595,-70.2814,14.2382,0.234,0.822,28.91,0.732339,1
607.96,2026-08-15T15:02:15.400,33.6521941,-117.3037843,-123.011,-70.2925,14.3768,0.257,0.838,28.02,0.716702,1
608,2026-08-15T15:02:15.440,33.6521940,-117.3037781,-122.438,-70.3036,14.493,0.273,0.845,27.11,0.699032,1
608.04,2026-08-15T15:02:15.480,33.6521940,-117.3037717,-121.845,-70.3036,14.6316,0.278,0.831,26.07,0.678644,1
608.08,2026-08-15T15:02:15.520,33.6521942,-117.3037653,-121.253,-70.2814,14.7076,0.273,0.802,24.72,0.646843,1
608.12,2026-08-15T15:02:15.560,33.6521943,-117.3037590,-120.67,-70.2703,14.7255,0.263,0.757,22.88,0.599424,1
608.16,2026-08-15T15:02:15.600,33.6521947,-117.3037526,-120.077,-70.2258,14.8149,0.25,0.691,19.96,0.526099,1
608.2,2026-08-15T15:02:15.640,33.6521949,-117.3037461,-119.476,-70.2036,14.958,0.231,0.606,15.96,0.424731,1
608.24,2026-08-15T15:02:15.680,33.6521954,-117.3037396,-118.874,-70.148,15.0384,0.199,0.481,10.94,0.292704,1
608.28,2026-08-15T15:02:15.720,33.6521958,-117.3037330,-118.263,-70.1035,15.1502,0.149,0.303,5.16,0.139084,1
608.32,2026-08-15T15:02:15.760,33.6521961,-117.3037265,-117.661,-70.0701,15.1547,0.067,0.064,-1.2,-0.0323546,1
608.36,2026-08-15T15:02:15.800,33.6521961,-117.3037200,-117.06,-70.0701,15.0652,-0.026,-0.186,-7.14,-0.191374,1
608.4,2026-08-15T15:02:15.840,33.6521961,-117.3037136,-116.467,-70.0701,14.9356,-0.124,-0.419,-12.45,-0.330827,1
608.44,2026-08-15T15:02:15.880,33.6521960,-117.3037073,-115.884,-70.0812,14.8328,-0.207,-0.605,-16.92,-0.44651,1
608.48,2026-08-15T15:02:15.920,33.6521956,-117.3037010,-115.301,-70.1257,14.7166,-0.268,-0.737,-20.61,-0.539626,1
608.52,2026-08-15T15:02:15.960,33.6521954,-117.3036947,-114.718,-70.148,14.6406,-0.297,-0.799,-23.25,-0.605604,1
608.56,2026-08-15T15:02:16.000,33.6521949,-117.3036886,-114.153,-70.2036,14.5646,-0.304,-0.817,-25.07,-0.649621,1
608.6,2026-08-15T15:02:16.040,33.6521944,-117.3036823,-113.57,-70.2592,14.5288,-0.292,-0.796,-26.12,-0.675167,1
608.64,2026-08-15T15:02:16.080,33.6521938,-117.3036761,-112.996,-70.3259,14.4349,-0.273,-0.762,-26.5,-0.680564,1
608.68,2026-08-15T15:02:16.120,33.6521932,-117.3036700,-112.432,-70.3926,14.341,-0.248,-0.724,-26.39,-0.673331,1
608.72,2026-08-15T15:02:16.160,33.6521925,-117.3036639,-111.867,-70.4704,14.2829,-0.223,-0.7,-26.05,-0.661962,1
608.76,2026-08-15T15:02:16.200,33.6521918,-117.3036578,-111.303,-70.5483,14.2695,-0.201,-0.686,-25.69,-0.652201,1
608.8,2026-08-15T15:02:16.240,33.6521908,-117.3036518,-110.747,-70.6595,14.2516,-0.186,-0.691,-25.41,-0.644285,1
608.84,2026-08-15T15:02:16.280,33.6521899,-117.3036458,-110.192,-70.7595,14.2382,-0.18,-0.706,-25.35,-0.642158,1
608.88,2026-08-15T15:02:16.320,33.6521888,-117.3036398,-109.637,-70.8818,14.189,-0.183,-0.739,-25.53,-0.644485,1
608.92,2026-08-15T15:02:16.360,33.6521876,-117.3036339,-109.09,-71.0153,14.1131,-0.192,-0.779,-25.98,-0.652332,1
608.96,2026-08-15T15:02:16.400,33.6521862,-117.3036281,-108.554,-71.171,14.046,-0.197,-0.813,-26.69,-0.666975,1
609,2026-08-15T15:02:16.440,33.6521848,-117.3036224,-108.026,-71.3266,13.9566,-0.188,-0.824,-27.58,-0.684829,1
609.04,2026-08-15T15:02:16.480,33.6521832,-117.3036167,-107.498,-71.5045,13.9476,-0.164,-0.815,-28.38,-0.704242,1
609.08,2026-08-15T15:02:16.520,33.6521816,-117.3036110,-106.971,-71.6825,13.9342,-0.129,-0.785,-28.98,-0.718439,1
609.12,2026-08-15T15:02:16.560,33.6521801,-117.3036053,-106.443,-71.8492,13.9745,-0.09,-0.769,-29.25,-0.727226,1
609.16,2026-08-15T15:02:16.600,33.6521784,-117.3035996,-105.916,-72.0383,14.0192,-0.066,-0.776,-29.26,-0.729802,1
609.2,2026-08-15T15:02:16.640,33.6521765,-117.3035939,-105.388,-72.2495,14.0058,-0.059,-0.794,-29.21,-0.727858,1
609.24,2026-08-15T15:02:16.680,33.6521745,-117.3035884,-104.879,-72.4719,13.9521,-0.058,-0.808,-29.27,-0.72656,1
609.28,2026-08-15T15:02:16.720,33.6521722,-117.3035830,-104.379,-72.7277,13.9208,-0.044,-0.811,-29.5,-0.730626,1
609.32,2026-08-15T15:02:16.760,33.6521700,-117.3035776,-103.879,-72.9723,13.9342,-0.015,-0.806,-29.73,-0.737032,1
609.36,2026-08-15T15:02:16.800,33.6521678,-117.3035723,-103.389,-73.2169,14.0236,0.029,-0.799,-29.71,-0.741262,1
609.4,2026-08-15T15:02:16.840,33.6521654,-117.3035668,-102.88,-73.4838,14.1443,0.079,-0.798,-29.13,-0.733047,1
609.44,2026-08-15T15:02:16.880,33.6521628,-117.3035613,-102.371,-73.7729,14.274,0.118,-0.793,-28.09,-0.713354,1
609.48,2026-08-15T15:02:16.920,33.6521602,-117.3035560,-101.88,-74.062,14.3455,0.136,-0.78,-26.72,-0.681963,1
609.52,2026-08-15T15:02:16.960,33.6521575,-117.3035506,-101.38,-74.3623,14.3813,0.143,-0.747,-25.23,-0.64554,1
609.56,2026-08-15T15:02:17.000,33.6521547,-117.3035453,-100.89,-74.6736,14.4439,0.153,-0.714,-23.8,-0.611602,1
609.6,2026-08-15T15:02:17.040,33.6521519,-117.3035400,-100.399,-74.9849,14.502,0.17,-0.683,-22.48,-0.580005,1
609.64,2026-08-15T15:02:17.080,33.6521489,-117.3035347,-99.9085,-75.3185,14.6584,0.198,-0.664,-20.97,-0.546883,1
609.68,2026-08-15T15:02:17.120,33.6521458,-117.3035293,-99.4087,-75.6632,14.8149,0.23,-0.637,-19.21,-0.506331,1
609.72,2026-08-15T15:02:17.160,33.6521426,-117.3035240,-98.9181,-76.0191,14.9758,0.26,-0.585,-17.15,-0.456945,1
609.76,2026-08-15T15:02:17.200,33.6521395,-117.3035187,-98.4275,-76.3638,15.0921,0.284,-0.51,-14.79,-0.397123,1
609.8,2026-08-15T15:02:17.240,33.6521361,-117.3035134,-97.937,-76.7418,15.2172,0.31,-0.422,-12.19,-0.330026,1
609.84,2026-08-15T15:02:17.280,33.6521329,-117.3035079,-97.4279,-77.0976,15.3648,0.345,-0.335,-9.31,-0.254498,1
609.88,2026-08-15T15:02:17.320,33.6521296,-117.3035024,-96.9188,-77.4646,15.5615,0.385,-0.249,-6.24,-0.17276,1
609.92,2026-08-15T15:02:17.360,33.6521261,-117.3034969,-96.4097,-77.8538,15.8029,0.422,-0.158,-3.03,-0.0851896,1
609.96,2026-08-15T15:02:17.400,33.6521227,-117.3034911,-95.8729,-78.2318,16.0309,0.448,-0.042,0.44,0.0125492,1
610,2026-08-15T15:02:17.440,33.6521193,-117.3034854,-95.3453,-78.6099,16.1963,0.453,0.081,3.91,0.112668,1
610.04,2026-08-15T15:02:17.480,33.6521159,-117.3034795,-94.7992,-78.988,16.393,0.437,0.208,7.18,0.209406,1
610.08,2026-08-15T15:02:17.520,33.6521126,-117.3034735,-94.2438,-79.3549,16.5047,0.411,0.333,10.27,0.301569,1
610.12,2026-08-15T15:02:17.560,33.6521093,-117.3034674,-93.6792,-79.7218,16.6209,0.39,0.445,13.18,0.389744,1
610.16,2026-08-15T15:02:17.600,33.6521061,-117.3034613,-93.1146,-80.0777,16.7461,0.378,0.526,15.59,0.464482,1
610.2,2026-08-15T15:02:17.640,33.6521030,-117.3034550,-92.5315,-80.4224,16.9026,0.378,0.584,17.54,0.527462,1
610.24,2026-08-15T15:02:17.680,33.6520998,-117.3034485,-91.9298,-80.7782,17.1216,0.389,0.631,19.03,0.579685,1
610.28,2026-08-15T15:02:17.720,33.6520967,-117.3034421,-91.3375,-81.1229,17.2915,0.402,0.661,20.01,0.615585,1
610.32,2026-08-15T15:02:17.760,33.6520937,-117.3034354,-90.7173,-81.4565,17.4971,0.42,0.671,20.47,0.637226,1
610.36,2026-08-15T15:02:17.800,33.6520907,-117.3034285,-90.0787,-81.7901,17.6447,0.438,0.671,20.61,0.646993,1
610.4,2026-08-15T15:02:17.840,33.6520878,-117.3034216,-89.44,-82.1125,17.7922,0.443,0.67,20.56,0.65082,1
610.44,2026-08-15T15:02:17.880,33.6520848,-117.3034145,-88.7828,-82.4461,18.0604,0.429,0.665,20.51,0.659025,1
610.48,2026-08-15T15:02:17.920,33.6520819,-117.3034074,-88.1256,-82.7686,18.2169,0.399,0.659,20.65,0.669272,1
610.52,2026-08-15T15:02:17.960,33.6520793,-117.3034002,-87.4592,-83.0577,18.3018,0.358,0.653,21.14,0.688347,1
610.56,2026-08-15T15:02:18.000,33.6520765,-117.3033930,-86.7928,-83.369,18.3733,0.322,0.662,21.95,0.717515,1
610.6,2026-08-15T15:02:18.040,33.6520738,-117.3033856,-86.1078,-83.6693,18.4404,0.312,0.687,22.99,0.754254,1
610.64,2026-08-15T15:02:18.080,33.6520714,-117.3033782,-85.4229,-83.9361,18.6326,0.323,0.725,24.06,0.797587,1
610.68,2026-08-15T15:02:18.120,33.6520688,-117.3033705,-84.7102,-84.2252,18.8249,0.342,0.762,24.96,0.835958,1
610.72,2026-08-15T15:02:18.160,33.6520664,-117.3033628,-83.9975,-84.4921,19.0216,0.358,0.788,25.6,0.866352,1
610.76,2026-08-15T15:02:18.200,33.6520641,-117.3033549,-83.2662,-84.7479,19.187,0.361,0.798,25.98,0.886857,1
610.8,2026-08-15T15:02:18.240,33.6520618,-117.3033470,-82.535,-85.0036,19.2674,0.345,0.803,26.25,0.899832,1
610.84,2026-08-15T15:02:18.280,33.6520597,-117.3033390,-81.7945,-85.2371,19.3792,0.324,0.806,26.47,0.912636,1
610.88,2026-08-15T15:02:18.320,33.6520576,-117.3033310,-81.0541,-85.4706,19.4597,0.308,0.822,26.66,0.923004,1
610.92,2026-08-15T15:02:18.360,33.6520557,-117.3033229,-80.3043,-85.6819,19.5714,0.296,0.855,26.83,0.934224,1
610.96,2026-08-15T15:02:18.400,33.6520539,-117.3033146,-79.5361,-85.882,19.7145,0.293,0.892,26.9,0.943508,1
611,2026-08-15T15:02:18.440,33.6520522,-117.3033063,-78.7678,-86.0711,19.8486,0.291,0.92,26.78,0.945689,1
611.04,2026-08-15T15:02:18.480,33.6520507,-117.3032978,-77.9811,-86.2379,19.9872,0.287,0.936,26.49,0.941979,1
611.08,2026-08-15T15:02:18.520,33.6520491,-117.3032894,-77.2036,-86.4158,20.09,0.282,0.937,26.09,0.932528,1
611.12,2026-08-15T15:02:18.560,33.6520477,-117.3032808,-76.4076,-86.5715,20.1749,0.274,0.93,25.58,0.918165,1
611.16,2026-08-15T15:02:18.600,33.6520465,-117.3032722,-75.6115,-86.7049,20.2509,0.263,0.924,25.02,0.901447,1
611.2,2026-08-15T15:02:18.640,33.6520453,-117.3032636,-74.8155,-86.8383,20.2822,0.257,0.921,24.36,0.879024,1
611.24,2026-08-15T15:02:18.680,33.6520443,-117.3032549,-74.0103,-86.9495,20.3716,0.246,0.91,23.38,0.84738,1
611.28,2026-08-15T15:02:18.720,33.6520434,-117.3032461,-73.1957,-87.0496,20.4744,0.23,0.889,22.14,0.806488,1
611.32,2026-08-15T15:02:18.760,33.6520426,-117.3032373,-72.3812,-87.1385,20.5817,0.218,0.86,20.66,0.75652,1
611.36,2026-08-15T15:02:18.800,33.6520418,-117.3032284,-71.5574,-87.2275,20.6309,0.204,0.833,18.99,0.69703,1
611.4,2026-08-15T15:02:18.840,33.6520412,-117.3032195,-70.7336,-87.2942,20.7069,0.196,0.828,17.35,0.639179,1
611.44,2026-08-15T15:02:18.880,33.6520407,-117.3032106,-69.9099,-87.3498,20.8008,0.202,0.849,15.93,0.589527,1
611.48,2026-08-15T15:02:18.920,33.6520404,-117.3032016,-69.0768,-87.3832,20.8991,0.218,0.883,14.65,0.544721,1
611.52,2026-08-15T15:02:18.960,33.6520403,-117.3031925,-68.2345,-87.3943,21.0154,0.241,0.899,13.35,0.499144,1
611.56,2026-08-15T15:02:19.000,33.6520401,-117.3031833,-67.383,-87.4165,21.1852,0.267,0.864,12.01,0.452673,1
611.6,2026-08-15T15:02:19.040,33.6520400,-117.3031742,-66.5407,-87.4277,21.3149,0.285,0.776,10.47,0.397043,1
611.64,2026-08-15T15:02:19.080,33.6520399,-117.3031648,-65.6706,-87.4388,21.4177,0.294,0.647,8.57,0.326559,1
611.68,2026-08-15T15:02:19.120,33.6520398,-117.3031555,-64.8098,-87.4499,21.525,0.294,0.511,6.59,0.252369,1
611.72,2026-08-15T15:02:19.160,33.6520398,-117.3031462,-63.949,-87.4499,21.6099,0.291,0.39,4.78,0.183776,1
611.76,2026-08-15T15:02:19.200,33.6520398,-117.3031367,-63.0697,-87.4499,21.7574,0.287,0.297,3.43,0.132773,1
611.8,2026-08-15T15:02:19.240,33.6520398,-117.3031272,-62.1904,-87.4499,21.8871,0.286,0.224,2.83,0.1102,1
611.84,2026-08-15T15:02:19.280,33.6520398,-117.3031177,-61.3111,-87.4499,22.0435,0.289,0.179,3.13,0.122754,1
611.88,2026-08-15T15:02:19.320,33.6520398,-117.3031081,-60.4225,-87.4499,22.1866,0.288,0.16,4.1,0.161839,1
611.92,2026-08-15T15:02:19.360,33.6520398,-117.3030984,-59.5246,-87.4499,22.3162,0.282,0.172,5.44,0.215987,1
611.96,2026-08-15T15:02:19.400,33.6520399,-117.3030887,-58.6268,-87.4388,22.4146,0.272,0.203,6.78,0.270376,1
612,2026-08-15T15:02:19.440,33.6520401,-117.3030790,-57.729,-87.4165,22.4503,0.267,0.246,7.66,0.305957,1
612.04,2026-08-15T15:02:19.480,33.6520404,-117.3030692,-56.8219,-87.3832,22.5889,0.273,0.284,7.96,0.319902,1
612.08,2026-08-15T15:02:19.520,33.6520405,-117.3030594,-55.9148,-87.3721,22.732,0.286,0.304,7.6,0.307368,1
612.12,2026-08-15T15:02:19.560,33.6520409,-117.3030494,-54.9892,-87.3276,22.9332,0.298,0.31,6.8,0.277448,1
612.16,2026-08-15T15:02:19.600,33.6520411,-117.3030394,-54.0636,-87.3053,23.0941,0.304,0.304,5.75,0.236253,1
612.2,2026-08-15T15:02:19.640,33.6520415,-117.3030294,-53.138,-87.2609,23.2058,0.297,0.278,4.63,0.191155,1
612.24,2026-08-15T15:02:19.680,33.6520418,-117.3030193,-52.2032,-87.2275,23.264,0.283,0.247,3.63,0.150245,1
612.28,2026-08-15T15:02:19.720,33.6520422,-117.3030093,-51.2776,-87.183,23.331,0.271,0.212,2.84,0.117885,1
612.32,2026-08-15T15:02:19.760,33.6520425,-117.3029991,-50.3335,-87.1497,23.4562,0.267,0.173,2.23,0.0930616,1
612.36,2026-08-15T15:02:19.800,33.6520428,-117.3029889,-49.3893,-87.1163,23.6216,0.262,0.138,1.77,0.0743859,1
612.4,2026-08-15T15:02:19.840,33.6520433,-117.3029786,-48.436,-87.0607,23.7959,0.23,0.113,1.48,0.0626575,1
612.44,2026-08-15T15:02:19.880,33.6520435,-117.3029683,-47.4826,-87.0385,23.8362,0.153,0.092,1.33,0.0564023,1
612.48,2026-08-15T15:02:19.920,33.6520439,-117.3029581,-46.5385,-86.994,23.7959,0.019,0.077,1.35,0.0571538,1
612.52,2026-08-15T15:02:19.960,33.6520443,-117.3029480,-45.6036,-86.9495,23.5188,-0.167,0.078,1.6,0.0669488,1
612.56,2026-08-15T15:02:20.000,33.6520447,-117.3029381,-44.6873,-86.905,23.2014,-0.372,0.084,2.03,0.083795,1
612.6,2026-08-15T15:02:20.040,33.6520452,-117.3029284,-43.7895,-86.8494,22.8035,-0.561,0.104,2.67,0.108323,1
612.64,2026-08-15T15:02:20.080,33.6520455,-117.3029189,-42.9102,-86.8161,22.4861,-0.718,0.141,3.49,0.13962,1
612.68,2026-08-15T15:02:20.120,33.6520460,-117.3029094,-42.0308,-86.7605,22.1106,-0.83,0.183,4.39,0.172692,1
612.72,2026-08-15T15:02:20.160,33.6520465,-117.3029001,-41.17,-86.7049,21.82,-0.898,0.222,5.17,0.200703,1
612.76,2026-08-15T15:02:20.200,33.6520470,-117.3028910,-40.3277,-86.6493,21.4982,-0.928,0.255,5.72,0.218779,1
612.8,2026-08-15T15:02:20.240,33.6520476,-117.3028820,-39.4947,-86.5826,21.1808,-0.937,0.267,5.84,0.220071,1
612.84,2026-08-15T15:02:20.280,33.6520482,-117.3028731,-38.6709,-86.5159,20.8544,-0.937,0.257,5.53,0.205178,1
612.88,2026-08-15T15:02:20.320,33.6520487,-117.3028644,-37.8656,-86.4603,20.5191,-0.916,0.23,4.93,0.179976,1
612.92,2026-08-15T15:02:20.360,33.6520492,-117.3028558,-37.0696,-86.4047,20.2464,-0.885,0.192,4.22,0.152009,1
612.96,2026-08-15T15:02:20.400,33.6520498,-117.3028473,-36.2829,-86.3379,19.9335,-0.833,0.162,3.59,0.127317,1
613,2026-08-15T15:02:20.440,33.6520503,-117.3028389,-35.5054,-86.2823,19.7055,-0.753,0.15,3.23,0.11324,1
613.04,2026-08-15T15:02:20.480,33.6520509,-117.3028306,-34.7371,-86.2156,19.5669,-0.652,0.147,3.13,0.108962,1
613.08,2026-08-15T15:02:20.520,33.6520515,-117.3028223,-33.9689,-86.1489,19.4328,-0.528,0.148,3.27,0.113056,1
613.12,2026-08-15T15:02:20.560,33.6520520,-117.3028140,-33.2006,-86.0933,19.4865,-0.402,0.15,3.64,0.126195,1
613.16,2026-08-15T15:02:20.600,33.6520526,-117.3028056,-32.4231,-86.0266,19.4731,-0.296,0.16,4.24,0.146895,1
613.2,2026-08-15T15:02:20.640,33.6520533,-117.3027972,-31.6456,-85.9488,19.4239,-0.212,0.185,5.21,0.180045,1
613.24,2026-08-15T15:02:20.680,33.6520540,-117.3027888,-30.8681,-85.8709,19.4105,-0.158,0.242,6.79,0.234485,1
613.28,2026-08-15T15:02:20.720,33.6520548,-117.3027806,-30.1091,-85.782,19.3166,-0.141,0.321,8.87,0.304833,1
613.32,2026-08-15T15:02:20.760,33.6520556,-117.3027724,-29.3501,-85.693,19.2317,-0.15,0.422,11.43,0.391085,1
613.36,2026-08-15T15:02:20.800,33.6520566,-117.3027642,-28.5911,-85.5818,19.254,-0.18,0.532,14.51,0.497047,1
613.4,2026-08-15T15:02:20.840,33.6520577,-117.3027560,-27.8322,-85.4595,19.102,-0.209,0.625,17.7,0.601535,1
613.44,2026-08-15T15:02:20.880,33.6520590,-117.3027480,-27.0917,-85.315,18.95,-0.223,0.698,20.61,0.694858,1
613.48,2026-08-15T15:02:20.920,33.6520602,-117.3027401,-26.3605,-85.1815,18.8651,-0.214,0.76,23.07,0.77431,1
613.52,2026-08-15T15:02:20.960,33.6520616,-117.3027322,-25.6292,-85.0258,18.883,-0.18,0.811,24.81,0.8335,1
613.56,2026-08-15T15:02:21.000,33.6520629,-117.3027242,-24.8888,-84.8813,18.9634,-0.14,0.848,25.68,0.866404,1
613.6,2026-08-15T15:02:21.040,33.6520646,-117.3027162,-24.1483,-84.6923,18.9768,-0.108,0.877,25.95,0.876133,1
613.64,2026-08-15T15:02:21.080,33.6520664,-117.3027084,-23.4263,-84.4921,18.9098,-0.086,0.888,25.79,0.867654,1
613.68,2026-08-15T15:02:21.120,33.6520682,-117.3027005,-22.6951,-84.292,18.8204,-0.076,0.89,25.41,0.850827,1
613.72,2026-08-15T15:02:21.160,33.6520701,-117.3026928,-21.9824,-84.0807,18.7757,-0.077,0.891,24.95,0.83344,1
613.76,2026-08-15T15:02:21.200,33.6520721,-117.3026851,-21.2697,-83.8583,18.7131,-0.08,0.889,24.55,0.817345,1
613.8,2026-08-15T15:02:21.240,33.6520742,-117.3026774,-20.557,-83.6248,18.7086,-0.087,0.893,24.17,0.804501,1
613.84,2026-08-15T15:02:21.280,33.6520765,-117.3026699,-19.8628,-83.369,18.6729,-0.097,0.89,23.92,0.794658,1
613.88,2026-08-15T15:02:21.320,33.6520788,-117.3026624,-19.1686,-83.1133,18.5969,-0.108,0.873,23.84,0.788777,1
613.92,2026-08-15T15:02:21.360,33.6520812,-117.3026549,-18.4744,-82.8464,18.5522,-0.112,0.852,23.95,0.790512,1
613.96,2026-08-15T15:02:21.400,33.6520837,-117.3026475,-17.7894,-82.5684,18.5253,-0.108,0.847,24.1,0.794313,1
614,2026-08-15T15:02:21.440,33.6520863,-117.3026402,-17.1137,-82.2793,18.4896,-0.1,0.849,24.27,0.798372,1
614.04,2026-08-15T15:02:21.480,33.6520889,-117.3026330,-16.4473,-81.9902,18.494,-0.086,0.862,24.27,0.798565,1
614.08,2026-08-15T15:02:21.520,33.6520919,-117.3026257,-15.7716,-81.6566,18.4628,-0.066,0.888,23.93,0.786045,1
614.12,2026-08-15T15:02:21.560,33.6520948,-117.3026186,-15.1144,-81.3342,18.4315,-0.048,0.899,23.26,0.762742,1
614.16,2026-08-15T15:02:21.600,33.6520979,-117.3026115,-14.4573,-80.9895,18.4672,-0.033,0.886,22.16,0.728081,1
614.2,2026-08-15T15:02:21.640,33.6521010,-117.3026045,-13.8093,-80.6448,18.4762,-0.02,0.855,20.74,0.681756,1
614.24,2026-08-15T15:02:21.680,33.6521041,-117.3025974,-13.1522,-80.3001,18.4672,-0.02,0.822,19.1,0.627543,1
614.28,2026-08-15T15:02:21.720,33.6521073,-117.3025905,-12.5135,-79.9442,18.4538,-0.041,0.785,17.29,0.567661,1
614.32,2026-08-15T15:02:21.760,33.6521108,-117.3025837,-11.8841,-79.5551,18.4404,-0.083,0.733,15.2,0.49868,1
614.36,2026-08-15T15:02:21.800,33.6521142,-117.3025768,-11.2454,-79.177,18.3376,-0.135,0.663,13.03,0.425104,1
614.4,2026-08-15T15:02:21.840,33.6521175,-117.3025702,-10.6345,-78.81,18.1722,-0.185,0.567,10.69,0.345615,1
614.44,2026-08-15T15:02:21.880,33.6521209,-117.3025635,-10.0144,-78.432,18.0738,-0.221,0.453,8.16,0.262391,1
614.48,2026-08-15T15:02:21.920,33.6521242,-117.3025569,-9.40349,-78.065,18.0112,-0.234,0.334,5.27,0.168874,1
614.52,2026-08-15T15:02:21.960,33.6521275,-117.3025502,-8.78334,-77.6981,17.9755,-0.228,0.214,2.09,0.0668398,1
614.56,2026-08-15T15:02:22.000,33.6521308,-117.3025436,-8.17245,-77.3312,17.9397,-0.213,0.086,-1.13,-0.0360664,1
614.6,2026-08-15T15:02:22.040,33.6521341,-117.3025369,-7.5523,-76.9642,17.8861,-0.195,-0.031,-4.24,-0.134924,1
614.64,2026-08-15T15:02:22.080,33.6521373,-117.3025303,-6.9414,-76.6084,17.8503,-0.18,-0.146,-7.13,-0.226435,1
614.68,2026-08-15T15:02:22.120,33.6521404,-117.3025236,-6.32125,-76.2637,17.7922,-0.171,-0.247,-9.43,-0.298504,1
614.72,2026-08-15T15:02:22.160,33.6521434,-117.3025169,-5.7011,-75.9301,17.7609,-0.177,-0.33,-11.3,-0.357069,1
614.76,2026-08-15T15:02:22.200,33.6521464,-117.3025102,-5.08095,-75.5965,17.7028,-0.189,-0.389,-12.97,-0.408498,1
614.8,2026-08-15T15:02:22.240,33.6521493,-117.3025034,-4.45154,-75.274,17.6223,-0.206,-0.44,-14.59,-0.457432,1
614.84,2026-08-15T15:02:22.280,33.6521521,-117.3024967,-3.83139,-74.9627,17.5284,-0.222,-0.487,-16.21,-0.505516,1
614.88,2026-08-15T15:02:22.320,33.6521549,-117.3024900,-3.21124,-74.6514,17.4524,-0.227,-0.541,-18,-0.558904,1
614.92,2026-08-15T15:02:22.360,33.6521575,-117.3024832,-2.58183,-74.3623,17.3899,-0.219,-0.599,-19.64,-0.607639,1
614.96,2026-08-15T15:02:22.400,33.6521601,-117.3024764,-1.95242,-74.0731,17.3541,-0.204,-0.65,-21.05,-0.649924,1
615,2026-08-15T15:02:22.440,33.6521624,-117.3024695,-1.31376,-73.8174,17.3899,-0.194,-0.701,-22.12,-0.684368,1
615.04,2026-08-15T15:02:22.480,33.6521648,-117.3024627,-0.684355,-73.5505,17.3228,-0.194,-0.73,-22.99,-0.708542,1
615.08,2026-08-15T15:02:22.520,33.6521671,-117.3024558,-0.0456918,-73.2948,17.2334,-0.21,-0.742,-23.63,-0.724507,1
615.12,2026-08-15T15:02:22.560,33.6521692,-117.3024489,0.592971,-73.0613,17.0859,-0.241,-0.744,-24.25,-0.737152,1
615.16,2026-08-15T15:02:22.600,33.6521712,-117.3024421,1.22238,-72.8389,16.992,-0.275,-0.752,-24.95,-0.754264,1
615.2,2026-08-15T15:02:22.640,33.6521732,-117.3024352,1.86104,-72.6165,16.8579,-0.3,-0.751,-25.71,-0.771105,1
615.24,2026-08-15T15:02:22.680,33.6521750,-117.3024284,2.49045,-72.4163,16.7506,-0.313,-0.766,-26.37,-0.785866,1
615.28,2026-08-15T15:02:22.720,33.6521766,-117.3024215,3.12911,-72.2384,16.6254,-0.308,-0.789,-26.89,-0.795375,1
615.32,2026-08-15T15:02:22.760,33.6521782,-117.3024147,3.75852,-72.0605,16.5584,-0.286,-0.812,-27.17,-0.800415,1
615.36,2026-08-15T15:02:22.800,33.6521795,-117.3024078,4.39718,-71.916,16.4734,-0.263,-0.831,-27.16,-0.796016,1
615.4,2026-08-15T15:02:22.840,33.6521809,-117.3024009,5.03584,-71.7603,16.4108,-0.242,-0.853,-26.93,-0.786277,1
615.44,2026-08-15T15:02:22.880,33.6521821,-117.3023940,5.67451,-71.6269,16.3483,-0.223,-0.863,-26.57,-0.772807,1
615.48,2026-08-15T15:02:22.920,33.6521831,-117.3023871,6.31317,-71.5157,16.2991,-0.205,-0.86,-26.14,-0.758014,1
615.52,2026-08-15T15:02:22.960,33.6521841,-117.3023802,6.95183,-71.4045,16.2633,-0.178,-0.847,-25.69,-0.74333,1
615.56,2026-08-15T15:02:23.000,33.6521849,-117.3023733,7.5905,-71.3155,16.2141,-0.134,-0.829,-25.21,-0.727236,1
615.6,2026-08-15T15:02:23.040,33.6521856,-117.3023664,8.22916,-71.2377,16.232,-0.082,-0.802,-24.74,-0.714465,1
615.64,2026-08-15T15:02:23.080,33.6521862,-117.3023594,8.87708,-71.171,16.3304,-0.022,-0.786,-24.19,-0.702814,1
615.68,2026-08-15T15:02:23.120,33.6521868,-117.3023523,9.53425,-71.1042,16.4332,0.029,-0.779,-23.69,-0.69262,1
615.72,2026-08-15T15:02:23.160,33.6521874,-117.3023451,10.2007,-71.0375,16.5047,0.064,-0.781,-23.19,-0.680953,1
615.76,2026-08-15T15:02:23.200,33.6521876,-117.3023381,10.8486,-71.0153,16.545,0.073,-0.781,-22.78,-0.670544,1
615.8,2026-08-15T15:02:23.240,33.6521880,-117.3023308,11.5243,-70.9708,16.6031,0.064,-0.776,-22.44,-0.662856,1
615.84,2026-08-15T15:02:23.280,33.6521880,-117.3023238,12.1722,-70.9708,16.5807,0.037,-0.766,-22.26,-0.656654,1
615.88,2026-08-15T15:02:23.320,33.6521881,-117.3023166,12.8386,-70.9597,16.5315,-0.005,-0.754,-22.24,-0.654119,1
615.92,2026-08-15T15:02:23.360,33.6521880,-117.3023096,13.4866,-70.9708,16.5002,-0.052,-0.74,-22.42,-0.658164,1
615.96,2026-08-15T15:02:23.400,33.6521880,-117.3023025,14.1437,-70.9708,16.4242,-0.093,-0.727,-22.8,-0.666237,1
616,2026-08-15T15:02:23.440,33.6521876,-117.3022955,14.7917,-71.0153,16.3661,-0.122,-0.714,-23.35,-0.679894,1
616.04,2026-08-15T15:02:23.480,33.6521874,-117.3022884,15.4488,-71.0375,16.2901,-0.129,-0.706,-23.95,-0.694127,1
616.08,2026-08-15T15:02:23.520,33.6521870,-117.3022814,16.0967,-71.082,16.2857,-0.105,-0.707,-24.43,-0.707844,1
616.12,2026-08-15T15:02:23.560,33.6521864,-117.3022745,16.7354,-71.1487,16.3438,-0.065,-0.714,-24.67,-0.717348,1
616.16,2026-08-15T15:02:23.600,33.6521857,-117.3022673,17.4018,-71.2266,16.4332,-0.025,-0.729,-24.53,-0.717179,1
616.2,2026-08-15T15:02:23.640,33.6521850,-117.3022603,18.0498,-71.3044,16.5405,0.001,-0.745,-24.04,-0.707442,1
616.24,2026-08-15T15:02:23.680,33.6521841,-117.3022532,18.7069,-71.4045,16.545,0,-0.749,-23.37,-0.687911,1
616.28,2026-08-15T15:02:23.720,33.6521833,-117.3022462,19.3549,-71.4934,16.4868,-0.03,-0.734,-22.74,-0.667016,1
616.32,2026-08-15T15:02:23.760,33.6521822,-117.3022393,19.9935,-71.6157,16.4287,-0.074,-0.714,-22.41,-0.655019,1
616.36,2026-08-15T15:02:23.800,33.6521811,-117.3022324,20.6322,-71.7381,16.3572,-0.118,-0.696,-22.55,-0.656242,1
616.4,2026-08-15T15:02:23.840,33.6521799,-117.3022254,21.2801,-71.8715,16.3035,-0.152,-0.686,-23.16,-0.671783,1
616.44,2026-08-15T15:02:23.880,33.6521786,-117.3022187,21.9002,-72.016,16.2499,-0.169,-0.692,-24.14,-0.697905,1
616.48,2026-08-15T15:02:23.920,33.6521772,-117.3022118,22.5389,-72.1717,16.2231,-0.17,-0.715,-25.33,-0.7311,1
616.52,2026-08-15T15:02:23.960,33.6521758,-117.3022051,23.1591,-72.3274,16.2097,-0.162,-0.742,-26.48,-0.763661,1
616.56,2026-08-15T15:02:24.000,33.6521742,-117.3021983,23.7885,-72.5053,16.1784,-0.149,-0.765,-27.4,-0.788667,1
616.6,2026-08-15T15:02:24.040,33.6521725,-117.3021917,24.3994,-72.6943,16.1471,-0.133,-0.785,-28.04,-0.805528,1
616.64,2026-08-15T15:02:24.080,33.6521708,-117.3021850,25.0195,-72.8834,16.1784,-0.115,-0.801,-28.38,-0.816875,1
616.68,2026-08-15T15:02:24.120,33.6521688,-117.3021785,25.6212,-73.1057,16.1828,-0.098,-0.813,-28.47,-0.819692,1
616.72,2026-08-15T15:02:24.160,33.6521669,-117.3021720,26.2228,-73.317,16.1694,-0.081,-0.828,-28.34,-0.815273,1
616.76,2026-08-15T15:02:24.200,33.6521647,-117.3021654,26.8337,-73.5616,16.1292,-0.069,-0.841,-28.1,-0.806357,1
616.8,2026-08-15T15:02:24.240,33.6521625,-117.3021590,27.4261,-73.8063,16.1292,-0.062,-0.851,-27.8,-0.797749,1
616.84,2026-08-15T15:02:24.280,33.6521601,-117.3021526,28.0185,-74.0731,16.1605,-0.058,-0.857,-27.49,-0.790383,1
616.88,2026-08-15T15:02:24.320,33.6521575,-117.3021463,28.6016,-74.3623,16.1292,-0.056,-0.858,-27.15,-0.779096,1
616.92,2026-08-15T15:02:24.360,33.6521550,-117.3021401,29.1755,-74.6402,16.1113,-0.054,-0.851,-26.81,-0.768487,1
616.96,2026-08-15T15:02:24.400,33.6521523,-117.3021339,29.7493,-74.9405,16.1113,-0.05,-0.841,-26.41,-0.757021,1
617,2026-08-15T15:02:24.440,33.6521497,-117.3021278,30.3139,-75.2296,16.1203,-0.047,-0.818,-25.9,-0.742814,1
617.04,2026-08-15T15:02:24.480,33.6521468,-117.3021217,30.8786,-75.552,16.1292,-0.04,-0.79,-25.39,-0.728591,1
617.08,2026-08-15T15:02:24.520,33.6521438,-117.3021156,31.4432,-75.8856,16.1381,-0.035,-0.772,-24.92,-0.715501,1
617.12,2026-08-15T15:02:24.560,33.6521408,-117.3021096,31.9985,-76.2192,16.1381,-0.031,-0.767,-24.55,-0.704877,1
617.16,2026-08-15T15:02:24.600,33.6521377,-117.3021038,32.5354,-76.5639,16.1605,-0.024,-0.767,-24.27,-0.697803,1
617.2,2026-08-15T15:02:24.640,33.6521346,-117.3020980,33.0722,-76.9086,16.165,-0.016,-0.774,-24.09,-0.692819,1
617.24,2026-08-15T15:02:24.680,33.6521312,-117.3020921,33.6183,-77.2867,16.1828,-0.007,-0.78,-23.93,-0.688979,1
617.28,2026-08-15T15:02:24.720,33.6521279,-117.3020864,34.1459,-77.6536,16.2141,0.004,-0.775,-23.75,-0.685119,1
617.32,2026-08-15T15:02:24.760,33.6521243,-117.3020808,34.6642,-78.0539,16.2544,0.014,-0.759,-23.6,-0.682481,1
617.36,2026-08-15T15:02:24.800,33.6521207,-117.3020751,35.1918,-78.4542,16.317,0.021,-0.747,-23.53,-0.683077,1
617.4,2026-08-15T15:02:24.840,33.6521170,-117.3020695,35.7102,-78.8656,16.3527,0.026,-0.74,-23.57,-0.685738,1
617.44,2026-08-15T15:02:24.880,33.6521134,-117.3020640,36.2193,-79.2659,16.4108,0.029,-0.736,-23.74,-0.693138,1
617.48,2026-08-15T15:02:24.920,33.6521095,-117.3020586,36.7191,-79.6996,16.4377,0.029,-0.733,-24.03,-0.702752,1
617.52,2026-08-15T15:02:24.960,33.6521055,-117.3020533,37.2096,-80.1444,16.4421,0.03,-0.727,-24.35,-0.712304,1
617.56,2026-08-15T15:02:25.000,33.6521016,-117.3020480,37.7002,-80.578,16.4958,0.029,-0.716,-24.66,-0.723726,1
617.6,2026-08-15T15:02:25.040,33.6520975,-117.3020427,38.1908,-81.0339,16.5271,0.027,-0.706,-24.96,-0.73392,1
617.64,2026-08-15T15:02:25.080,33.6520933,-117.3020375,38.6721,-81.501,16.536,0.019,-0.711,-25.23,-0.74226,1
617.68,2026-08-15T15:02:25.120,33.6520890,-117.3020324,39.1441,-81.9791,16.5807,0.006,-0.726,-25.43,-0.750167,1
617.72,2026-08-15T15:02:25.160,33.6520848,-117.3020274,39.6069,-82.4461,16.5852,-0.017,-0.754,-25.51,-0.75273,1
617.76,2026-08-15T15:02:25.200,33.6520804,-117.3020226,40.0512,-82.9354,16.5539,-0.044,-0.786,-25.4,-0.74807,1
617.8,2026-08-15T15:02:25.240,33.6520758,-117.3020179,40.4863,-83.4469,16.5315,-0.075,-0.803,-25.01,-0.735589,1
617.84,2026-08-15T15:02:25.280,33.6520714,-117.3020133,40.912,-83.9361,16.4824,-0.097,-0.797,-24.28,-0.711994,1
617.88,2026-08-15T15:02:25.320,33.6520667,-117.3020087,41.3378,-84.4587,16.4421,-0.097,-0.767,-23.1,-0.675738,1
617.92,2026-08-15T15:02:25.360,33.6520622,-117.3020042,41.7543,-84.9591,16.46,-0.072,-0.716,-21.62,-0.633132,1
617.96,2026-08-15T15:02:25.400,33.6520574,-117.3019997,42.1709,-85.4929,16.536,-0.03,-0.655,-19.96,-0.587218,1
618,2026-08-15T15:02:25.440,33.6520526,-117.3019952,42.5874,-86.0266,16.6344,0.02,-0.6,-18.34,-0.542767,1
618.04,2026-08-15T15:02:25.480,33.6520478,-117.3019908,42.9946,-86.5603,16.7551,0.053,-0.564,-17.07,-0.508848,1
618.08,2026-08-15T15:02:25.520,33.6520430,-117.3019865,43.3926,-87.0941,16.7953,0.047,-0.558,-16.48,-0.49244,1
618.12,2026-08-15T15:02:25.560,33.6520380,-117.3019822,43.7906,-87.65,16.7595,0.011,-0.564,-16.71,-0.498249,1
618.16,2026-08-15T15:02:25.600,33.6520331,-117.3019781,44.1701,-88.1949,16.6657,-0.05,-0.577,-17.94,-0.531928,1
618.2,2026-08-15T15:02:25.640,33.6520282,-117.3019740,44.5496,-88.7398,16.5718,-0.114,-0.6,-19.88,-0.58613,1
618.24,2026-08-15T15:02:25.680,33.6520233,-117.3019702,44.9014,-89.2846,16.4824,-0.149,-0.633,-22.1,-0.648067,1
618.28,2026-08-15T15:02:25.720,33.6520183,-117.3019664,45.2531,-89.8406,16.469,-0.146,-0.675,-24.14,-0.707313,1
618.32,2026-08-15T15:02:25.760,33.6520130,-117.3019626,45.6048,-90.4299,16.545,-0.125,-0.724,-25.59,-0.753259,1
618.36,2026-08-15T15:02:25.800,33.6520078,-117.3019590,45.938,-91.0081,16.6388,-0.094,-0.775,-26.19,-0.775294,1
618.4,2026-08-15T15:02:25.840,33.6520026,-117.3019556,46.2527,-91.5863,16.6478,-0.078,-0.808,-26.21,-0.776303,1
618.44,2026-08-15T15:02:25.880,33.6519972,-117.3019522,46.5674,-92.1868,16.6031,-0.092,-0.811,-26.02,-0.768606,1
618.48,2026-08-15T15:02:25.920,33.6519918,-117.3019490,46.8636,-92.7872,16.545,-0.12,-0.788,-25.97,-0.764444,1
618.52,2026-08-15T15:02:25.960,33.6519865,-117.3019460,47.1413,-93.3766,16.4332,-0.141,-0.759,-26.29,-0.768636,1
618.56,2026-08-15T15:02:26.000,33.6519813,-117.3019429,47.4283,-93.9548,16.384,-0.152,-0.751,-26.78,-0.780619,1
618.6,2026-08-15T15:02:26.040,33.6519759,-117.3019399,47.7059,-94.5552,16.3706,-0.148,-0.762,-27.26,-0.793961,1
618.64,2026-08-15T15:02:26.080,33.6519704,-117.3019372,47.9558,-95.1668,16.4332,-0.131,-0.8,-27.56,-0.805767,1
618.68,2026-08-15T15:02:26.120,33.6519649,-117.3019345,48.2058,-95.7784,16.4734,-0.113,-0.842,-27.64,-0.810084,1
618.72,2026-08-15T15:02:26.160,33.6519592,-117.3019321,48.4279,-96.4122,16.46,-0.098,-0.872,-27.52,-0.805911,1
618.76,2026-08-15T15:02:26.200,33.6519536,-117.3019298,48.6408,-97.0349,16.4734,-0.087,-0.88,-27.31,-0.800413,1
618.8,2026-08-15T15:02:26.240,33.6519480,-117.3019276,48.8444,-97.6576,16.4421,-0.086,-0.879,-27.03,-0.790701,1
618.84,2026-08-15T15:02:26.280,33.6519424,-117.3019254,49.048,-98.2803,16.4198,-0.098,-0.865,-26.78,-0.782323,1
618.88,2026-08-15T15:02:26.320,33.6519366,-117.3019235,49.2239,-98.9252,16.3617,-0.125,-0.846,-26.61,-0.774606,1
618.92,2026-08-15T15:02:26.360,33.6519310,-117.3019216,49.3998,-99.5479,16.2812,-0.162,-0.828,-26.69,-0.773114,1
618.96,2026-08-15T15:02:26.400,33.6519254,-117.3019199,49.5571,-100.171,16.165,-0.198,-0.814,-27.2,-0.782262,1
619,2026-08-15T15:02:26.440,33.6519197,-117.3019184,49.696,-100.804,16.0621,-0.218,-0.8,-27.98,-0.799576,1
619.04,2026-08-15T15:02:26.480,33.6519141,-117.3019170,49.8256,-101.427,16.0085,-0.214,-0.797,-28.83,-0.821114,1
619.08,2026-08-15T15:02:26.520,33.6519085,-117.3019156,49.9551,-102.05,16.0174,-0.185,-0.815,-29.43,-0.838671,1
619.12,2026-08-15T15:02:26.560,33.6519027,-117.3019144,50.0662,-102.695,16.0666,-0.145,-0.846,-29.64,-0.847249,1
619.16,2026-08-15T15:02:26.600,33.6518969,-117.3019135,50.1495,-103.34,16.0666,-0.1,-0.882,-29.34,-0.838674,1
619.2,2026-08-15T15:02:26.640,33.6518912,-117.3019127,50.2236,-103.973,16.1203,-0.063,-0.911,-28.74,-0.824266,1
619.24,2026-08-15T15:02:26.680,33.6518853,-117.3019120,50.2884,-104.63,16.1471,-0.034,-0.919,-27.95,-0.802942,1
619.28,2026-08-15T15:02:26.720,33.6518794,-117.3019114,50.3439,-105.286,16.156,-0.013,-0.909,-27.16,-0.780679,1
619.32,2026-08-15T15:02:26.760,33.6518736,-117.3019109,50.3902,-105.93,16.1739,0,-0.881,-26.38,-0.759098,1
619.36,2026-08-15T15:02:26.800,33.6518677,-117.3019106,50.4179,-106.587,16.232,0.006,-0.851,-25.7,-0.742188,1
619.4,2026-08-15T15:02:26.840,33.6518617,-117.3019103,50.4457,-107.254,16.2633,0.004,-0.83,-25.12,-0.726837,1
619.44,2026-08-15T15:02:26.880,33.6518559,-117.3019102,50.455,-107.899,16.2678,-0.01,-0.825,-24.75,-0.716328,1
619.48,2026-08-15T15:02:26.920,33.6518501,-117.3019103,50.4457,-108.544,16.2633,-0.038,-0.823,-24.69,-0.714395,1
619.52,2026-08-15T15:02:26.960,33.6518441,-117.3019106,50.4179,-109.211,16.2365,-0.065,-0.819,-25.01,-0.722461,1
619.56,2026-08-15T15:02:27.000,33.6518384,-117.3019108,50.3994,-109.845,16.2052,-0.095,-0.808,-25.53,-0.736061,1
619.6,2026-08-15T15:02:27.040,33.6518325,-117.3019113,50.3531,-110.501,16.1739,-0.124,-0.797,-26.23,-0.754782,1
619.64,2026-08-15T15:02:27.080,33.6518267,-117.3019119,50.2976,-111.146,16.1247,-0.148,-0.785,-27.03,-0.775438,1
619.68,2026-08-15T15:02:27.120,33.6518209,-117.3019125,50.2421,-111.79,16.0443,-0.171,-0.779,-27.78,-0.792977,1
619.72,2026-08-15T15:02:27.160,33.6518151,-117.3019133,50.168,-112.435,15.9862,-0.193,-0.781,-28.46,-0.809445,1
619.76,2026-08-15T15:02:27.200,33.6518094,-117.3019143,50.0755,-113.069,15.9236,-0.211,-0.792,-29.13,-0.825257,1
619.8,2026-08-15T15:02:27.240,33.6518038,-117.3019153,49.9829,-113.692,15.8789,-0.225,-0.806,-29.78,-0.841303,1
619.84,2026-08-15T15:02:27.280,33.6517982,-117.3019165,49.8718,-114.315,15.8297,-0.234,-0.823,-30.37,-0.855314,1
619.88,2026-08-15T15:02:27.320,33.6517926,-117.3019178,49.7515,-114.937,15.7582,-0.235,-0.843,-30.92,-0.866869,1
619.92,2026-08-15T15:02:27.360,33.6517871,-117.3019193,49.6127,-115.549,15.6777,-0.233,-0.862,-31.35,-0.874436,1
619.96,2026-08-15T15:02:27.400,33.6517816,-117.3019209,49.4646,-116.16,15.6375,-0.224,-0.878,-31.63,-0.879982,1
620,2026-08-15T15:02:27.440,33.6517762,-117.3019226,49.3072,-116.761,15.5749,-0.215,-0.89,-31.71,-0.878677,1
620.04,2026-08-15T15:02:27.480,33.6517708,-117.3019244,49.1406,-117.361,15.5481,-0.204,-0.898,-31.63,-0.874951,1
620.08,2026-08-15T15:02:27.520,33.6517655,-117.3019264,48.9555,-117.951,15.5078,-0.191,-0.898,-31.4,-0.866341,1
620.12,2026-08-15T15:02:27.560,33.6517602,-117.3019285,48.7611,-118.54,15.4452,-0.18,-0.893,-31.09,-0.854326,1
620.16,2026-08-15T15:02:27.600,33.6517550,-117.3019308,48.5482,-119.118,15.3916,-0.169,-0.886,-30.77,-0.842596,1
620.2,2026-08-15T15:02:27.640,33.6517498,-117.3019331,48.3353,-119.696,15.3558,-0.159,-0.882,-30.49,-0.832988,1
620.24,2026-08-15T15:02:27.680,33.6517447,-117.3019356,48.1039,-120.264,15.3201,-0.151,-0.879,-30.24,-0.824234,1
620.28,2026-08-15T15:02:27.720,33.6517396,-117.3019383,47.854,-120.831,15.2798,-0.148,-0.882,-30.01,-0.815817,1
620.32,2026-08-15T15:02:27.760,33.6517346,-117.3019410,47.6041,-121.387,15.2575,-0.149,-0.892,-29.74,-0.807295,1
620.36,2026-08-15T15:02:27.800,33.6517297,-117.3019439,47.3357,-121.931,15.2083,-0.158,-0.899,-29.47,-0.797387,1
620.4,2026-08-15T15:02:27.840,33.6517248,-117.3019469,47.058,-122.476,15.2172,-0.17,-0.901,-29.2,-0.790546,1
620.44,2026-08-15T15:02:27.880,33.6517201,-117.3019500,46.7711,-122.999,15.1547,-0.184,-0.901,-28.98,-0.781363,1
620.48,2026-08-15T15:02:27.920,33.6517154,-117.3019532,46.4749,-123.522,15.0742,-0.198,-0.893,-28.88,-0.774532,1
620.52,2026-08-15T15:02:27.960,33.6517107,-117.3019565,46.1694,-124.044,14.9758,-0.208,-0.891,-28.87,-0.769213,1
620.56,2026-08-15T15:02:28.000,33.6517062,-117.3019599,45.8547,-124.545,14.9043,-0.213,-0.891,-28.93,-0.76713,1
620.6,2026-08-15T15:02:28.040,33.6517018,-117.3019634,45.5308,-125.034,14.873,-0.22,-0.888,-29.07,-0.769224,1
620.64,2026-08-15T15:02:28.080,33.6516974,-117.3019670,45.1976,-125.523,14.8238,-0.224,-0.878,-29.31,-0.77301,1
620.68,2026-08-15T15:02:28.120,33.6516931,-117.3019708,44.8458,-126.001,14.8149,-0.22,-0.871,-29.63,-0.780978,1
620.72,2026-08-15T15:02:28.160,33.6516888,-117.3019746,44.4941,-126.479,14.7523,-0.216,-0.858,-30.04,-0.78844,1
620.76,2026-08-15T15:02:28.200,33.6516846,-117.3019784,44.1424,-126.946,14.7121,-0.206,-0.853,-30.48,-0.797807,1
620.8,2026-08-15T15:02:28.240,33.6516805,-117.3019824,43.7721,-127.402,14.6763,-0.191,-0.855,-30.88,-0.806312,1
620.84,2026-08-15T15:02:28.280,33.6516766,-117.3019865,43.3926,-127.836,14.6137,-0.178,-0.862,-31.15,-0.809893,1
620.88,2026-08-15T15:02:28.320,33.6516727,-117.3019906,43.0131,-128.27,14.5646,-0.17,-0.868,-31.29,-0.810796,1
620.92,2026-08-15T15:02:28.360,33.6516689,-117.3019949,42.6151,-128.692,14.5288,-0.166,-0.869,-31.35,-0.810356,1
620.96,2026-08-15T15:02:28.400,33.6516651,-117.3019993,42.2079,-129.115,14.426,-0.168,-0.862,-31.38,-0.805391,1
621,2026-08-15T15:02:28.440,33.6516616,-117.3020037,41.8006,-129.504,14.3679,-0.172,-0.849,-31.43,-0.803424,1
621.04,2026-08-15T15:02:28.480,33.6516580,-117.3020082,41.3841,-129.904,14.3053,-0.172,-0.843,-31.48,-0.801197,1
621.08,2026-08-15T15:02:28.520,33.6516546,-117.3020128,40.9583,-130.282,14.2427,-0.163,-0.854,-31.43,-0.796425,1
621.12,2026-08-15T15:02:28.560,33.6516512,-117.3020174,40.5325,-130.66,14.2293,-0.142,-0.871,-31.17,-0.789093,1
621.16,2026-08-15T15:02:28.600,33.6516479,-117.3020221,40.0975,-131.027,14.2472,-0.104,-0.882,-30.6,-0.775636,1
621.2,2026-08-15T15:02:28.640,33.6516447,-117.3020271,39.6347,-131.383,14.3008,-0.052,-0.88,-29.63,-0.753877,1
621.24,2026-08-15T15:02:28.680,33.6516415,-117.3020321,39.1719,-131.739,14.4081,0.012,-0.869,-28.08,-0.719801,1
621.28,2026-08-15T15:02:28.720,33.6516384,-117.3020372,38.6999,-132.084,14.5288,0.079,-0.864,-26.14,-0.675684,1
621.32,2026-08-15T15:02:28.760,33.6516355,-117.3020425,38.2093,-132.406,14.645,0.133,-0.857,-23.94,-0.623768,1
621.36,2026-08-15T15:02:28.800,33.6516324,-117.3020479,37.7095,-132.751,14.7791,0.167,-0.834,-21.73,-0.57137,1
621.4,2026-08-15T15:02:28.840,33.6516296,-117.3020534,37.2004,-133.062,14.8507,0.179,-0.768,-19.96,-0.527369,1
621.44,2026-08-15T15:02:28.880,33.6516267,-117.3020588,36.7006,-133.385,14.9088,0.17,-0.694,-19.02,-0.5045,1
621.48,2026-08-15T15:02:28.920,33.6516238,-117.3020643,36.1915,-133.707,14.9401,0.159,-0.627,-18.92,-0.502901,1
621.52,2026-08-15T15:02:28.960,33.6516210,-117.3020699,35.6732,-134.018,15.0116,0.168,-0.594,-19.6,-0.52347,1
621.56,2026-08-15T15:02:29.000,33.6516182,-117.3020755,35.1548,-134.33,15.1591,0.193,-0.582,-20.56,-0.554505,1
621.6,2026-08-15T15:02:29.040,33.6516155,-117.3020815,34.5995,-134.63,15.3379,0.232,-0.586,-21.44,-0.58506,1
621.64,2026-08-15T15:02:29.080,33.6516130,-117.3020874,34.0534,-134.908,15.4855,0.273,-0.6,-22.06,-0.607768,1
621.68,2026-08-15T15:02:29.120,33.6516103,-117.3020935,33.4887,-135.208,15.6732,0.306,-0.623,-22.45,-0.626012,1
621.72,2026-08-15T15:02:29.160,33.6516077,-117.3020996,32.9241,-135.497,15.8431,0.314,-0.64,-22.71,-0.640126,1
621.76,2026-08-15T15:02:29.200,33.6516052,-117.3021059,32.341,-135.775,15.9459,0.311,-0.65,-23.04,-0.653643,1
621.8,2026-08-15T15:02:29.240,33.6516028,-117.3021123,31.7486,-136.042,16.089,0.307,-0.656,-23.57,-0.674677,1
621.84,2026-08-15T15:02:29.280,33.6516004,-117.3021186,31.1655,-136.309,16.2007,0.311,-0.654,-24.18,-0.696946,1
621.88,2026-08-15T15:02:29.320,33.6515980,-117.3021253,30.5453,-136.576,16.3572,0.318,-0.653,-24.73,-0.719683,1
621.92,2026-08-15T15:02:29.360,33.6515958,-117.3021319,29.9344,-136.82,16.5092,0.331,-0.675,-25.02,-0.734888,1
621.96,2026-08-15T15:02:29.400,33.6515936,-117.3021387,29.305,-137.065,16.7104,0.335,-0.712,-25.01,-0.743546,1
622,2026-08-15T15:02:29.440,33.6515915,-117.3021456,28.6664,-137.299,16.8534,0.322,-0.755,-24.63,-0.738517,1
622.04,2026-08-15T15:02:29.480,33.6515896,-117.3021526,28.0185,-137.51,16.9652,0.301,-0.785,-24.04,-0.725606,1
622.08,2026-08-15T15:02:29.520,33.6515877,-117.3021595,27.3798,-137.721,17.0546,0.27,-0.794,-23.36,-0.708797,1
622.12,2026-08-15T15:02:29.560,33.6515859,-117.3021667,26.7134,-137.921,17.1082,0.233,-0.785,-22.79,-0.693677,1
622.16,2026-08-15T15:02:29.600,33.6515841,-117.3021738,26.0562,-138.121,17.1753,0.204,-0.773,-22.41,-0.684785,1
622.2,2026-08-15T15:02:29.640,33.6515826,-117.3021810,25.3898,-138.288,17.2423,0.185,-0.768,-22.25,-0.68255,1
622.24,2026-08-15T15:02:29.680,33.6515809,-117.3021883,24.7141,-138.477,17.3139,0.174,-0.77,-22.23,-0.684765,1
622.28,2026-08-15T15:02:29.720,33.6515795,-117.3021956,24.0384,-138.633,17.3988,0.177,-0.771,-22.24,-0.688434,1
622.32,2026-08-15T15:02:29.760,33.6515781,-117.3022030,23.3534,-138.789,17.5284,0.192,-0.764,-22.11,-0.68951,1
622.36,2026-08-15T15:02:29.800,33.6515768,-117.3022105,22.6592,-138.933,17.6581,0.211,-0.75,-21.71,-0.682043,1
622.4,2026-08-15T15:02:29.840,33.6515756,-117.3022181,21.9558,-139.067,17.7788,0.23,-0.732,-21.08,-0.666778,1
622.44,2026-08-15T15:02:29.880,33.6515745,-117.3022256,21.2616,-139.189,17.9129,0.245,-0.71,-20.3,-0.646949,1
622.48,2026-08-15T15:02:29.920,33.6515734,-117.3022335,20.5304,-139.311,18.0649,0.253,-0.693,-19.56,-0.628655,1
622.52,2026-08-15T15:02:29.960,33.6515724,-117.3022412,19.8177,-139.422,18.1454,0.259,-0.677,-19.13,-0.617574,1
622.56,2026-08-15T15:02:30.000,33.6515715,-117.3022490,19.0957,-139.522,18.2661,0.264,-0.668,-19.05,-0.619082,1
622.6,2026-08-15T15:02:30.040,33.6515706,-117.3022569,18.3645,-139.623,18.3778,0.274,-0.663,-19.36,-0.633006,1
622.64,2026-08-15T15:02:30.080,33.6515699,-117.3022649,17.624,-139.7,18.5298,0.293,-0.662,-19.98,-0.65868,1
622.68,2026-08-15T15:02:30.120,33.6515692,-117.3022730,16.8742,-139.778,18.6952,0.312,-0.661,-20.62,-0.685847,1
622.72,2026-08-15T15:02:30.160,33.6515686,-117.3022811,16.1245,-139.845,18.8651,0.327,-0.666,-21.06,-0.706847,1
622.76,2026-08-15T15:02:30.200,33.6515681,-117.3022894,15.3563,-139.901,19.0081,0.336,-0.671,-21.31,-0.720662,1
622.8,2026-08-15T15:02:30.240,33.6515677,-117.3022977,14.588,-139.945,19.1646,0.337,-0.674,-21.24,-0.724207,1
622.84,2026-08-15T15:02:30.280,33.6515674,-117.3023060,13.8198,-139.978,19.2987,0.336,-0.681,-20.93,-0.718631,1
622.88,2026-08-15T15:02:30.320,33.6515671,-117.3023144,13.0423,-140.012,19.3971,0.339,-0.696,-20.5,-0.707454,1
622.92,2026-08-15T15:02:30.360,33.6515669,-117.3023228,12.2648,-140.034,19.5714,0.345,-0.719,-19.9,-0.692921,1
622.96,2026-08-15T15:02:30.400,33.6515669,-117.3023314,11.4688,-140.034,19.7502,0.355,-0.744,-19.17,-0.673601,1
623,2026-08-15T15:02:30.440,33.6515670,-117.3023400,10.6727,-140.023,19.8978,0.365,-0.758,-18.37,-0.650312,1
623.04,2026-08-15T15:02:30.480,33.6515671,-117.3023488,9.85821,-140.012,20.0542,0.368,-0.753,-17.48,-0.623671,1
623.08,2026-08-15T15:02:30.520,33.6515674,-117.3023575,9.05294,-139.978,20.2464,0.362,-0.734,-16.66,-0.600112,1
623.12,2026-08-15T15:02:30.560,33.6515677,-117.3023665,8.2199,-139.945,20.4118,0.344,-0.705,-16.04,-0.582499,1
623.16,2026-08-15T15:02:30.600,33.6515681,-117.3023754,7.39612,-139.901,20.5325,0.317,-0.68,-15.65,-0.571696,1
623.2,2026-08-15T15:02:30.640,33.6515685,-117.3023842,6.58159,-139.856,20.622,0.284,-0.658,-15.51,-0.569049,1
623.24,2026-08-15T15:02:30.680,33.6515691,-117.3023931,5.75781,-139.789,20.6756,0.256,-0.648,-15.57,-0.572737,1
623.28,2026-08-15T15:02:30.720,33.6515697,-117.3024020,4.93403,-139.723,20.7471,0.235,-0.644,-15.74,-0.580993,1
623.32,2026-08-15T15:02:30.760,33.6515704,-117.3024110,4.10099,-139.645,20.8857,0.224,-0.647,-15.98,-0.593792,1
623.36,2026-08-15T15:02:30.800,33.6515714,-117.3024201,3.25869,-139.534,21.0019,0.216,-0.665,-16.35,-0.610922,1
623.4,2026-08-15T15:02:30.840,33.6515722,-117.3024292,2.4164,-139.445,21.0958,0.205,-0.693,-16.79,-0.630167,1
623.44,2026-08-15T15:02:30.880,33.6515733,-117.3024383,1.57411,-139.322,21.1495,0.181,-0.722,-17.32,-0.651712,1
623.48,2026-08-15T15:02:30.920,33.6515745,-117.3024474,0.731811,-139.189,21.1763,0.141,-0.745,-17.94,-0.675897,1
623.52,2026-08-15T15:02:30.960,33.6515758,-117.3024563,-0.0919717,-139.044,21.1763,0.084,-0.751,-18.63,-0.701893,1
623.56,2026-08-15T15:02:31.000,33.6515770,-117.3024654,-0.934266,-138.911,21.1673,0.026,-0.743,-19.37,-0.729465,1
623.6,2026-08-15T15:02:31.040,33.6515785,-117.3024742,-1.74879,-138.744,21.0913,-0.025,-0.735,-20.16,-0.75649,1
623.64,2026-08-15T15:02:31.080,33.6515800,-117.3024831,-2.57258,-138.577,21.0779,-0.058,-0.745,-21.1,-0.791259,1
623.68,2026-08-15T15:02:31.120,33.6515816,-117.3024920,-3.39636,-138.399,21.0511,-0.073,-0.773,-21.95,-0.822087,1
623.72,2026-08-15T15:02:31.160,33.6515834,-117.3025008,-4.21088,-138.199,21.0824,-0.073,-0.816,-22.64,-0.84919,1
623.76,2026-08-15T15:02:31.200,33.6515852,-117.3025097,-5.03467,-137.999,21.0824,-0.07,-0.858,-23.12,-0.867194,1
623.8,2026-08-15T15:02:31.240,33.6515873,-117.3025185,-5.84919,-137.766,21.1271,-0.068,-0.888,-23.41,-0.879934,1
623.84,2026-08-15T15:02:31.280,33.6515894,-117.3025272,-6.65446,-137.532,21.1226,-0.067,-0.896,-23.5,-0.88313,1
623.88,2026-08-15T15:02:31.320,33.6515916,-117.3025360,-7.46899,-137.287,21.1048,-0.064,-0.889,-23.54,-0.883884,1
623.92,2026-08-15T15:02:31.360,33.6515938,-117.3025448,-8.28352,-137.043,21.1182,-0.054,-0.886,-23.52,-0.883694,1
623.96,2026-08-15T15:02:31.400,33.6515963,-117.3025533,-9.07028,-136.765,21.1003,-0.034,-0.89,-23.4,-0.878441,1
624,2026-08-15T15:02:31.440,33.6515988,-117.3025619,-9.86629,-136.487,21.1361,-0.008,-0.899,-23.06,-0.867145,1
624.04,2026-08-15T15:02:31.480,33.6516014,-117.3025704,-10.653,-136.198,21.1673,0.015,-0.908,-22.51,-0.847716,1
624.08,2026-08-15T15:02:31.520,33.6516043,-117.3025791,-11.4583,-135.875,21.2299,0.034,-0.916,-21.78,-0.822649,1
624.12,2026-08-15T15:02:31.560,33.6516072,-117.3025875,-12.2358,-135.553,21.2657,0.043,-0.918,-20.95,-0.792633,1
624.16,2026-08-15T15:02:31.600,33.6516102,-117.3025960,-13.0226,-135.219,21.2478,0.047,-0.913,-20.18,-0.762858,1
624.2,2026-08-15T15:02:31.640,33.6516133,-117.3026044,-13.8001,-134.875,21.2389,0.048,-0.905,-19.63,-0.741754,1
624.24,2026-08-15T15:02:31.680,33.6516165,-117.3026128,-14.5776,-134.519,21.3015,0.053,-0.895,-19.26,-0.729918,1
624.28,2026-08-15T15:02:31.720,33.6516199,-117.3026212,-15.3551,-134.141,21.4177,0.064,-0.876,-19.06,-0.72628,1
624.32,2026-08-15T15:02:31.760,33.6516233,-117.3026294,-16.1141,-133.763,21.4847,0.078,-0.856,-18.96,-0.724731,1
624.36,2026-08-15T15:02:31.800,33.6516268,-117.3026377,-16.8823,-133.373,21.5384,0.088,-0.838,-18.86,-0.722709,1
624.4,2026-08-15T15:02:31.840,33.6516305,-117.3026461,-17.6598,-132.962,21.5965,0.083,-0.816,-18.71,-0.718895,1
624.44,2026-08-15T15:02:31.880,33.6516342,-117.3026542,-18.4096,-132.551,21.6189,0.065,-0.8,-18.58,-0.714639,1
624.48,2026-08-15T15:02:31.920,33.6516381,-117.3026624,-19.1686,-132.117,21.6144,0.031,-0.793,-18.5,-0.711415,1
624.52,2026-08-15T15:02:31.960,33.6516420,-117.3026703,-19.8998,-131.683,21.5652,-0.012,-0.794,-18.55,-0.711715,1
624.56,2026-08-15T15:02:32.000,33.6516460,-117.3026782,-20.631,-131.238,21.4982,-0.052,-0.795,-18.68,-0.714474,1
624.6,2026-08-15T15:02:32.040,33.6516499,-117.3026861,-21.3622,-130.805,21.4445,-0.085,-0.803,-18.78,-0.716506,1
624.64,2026-08-15T15:02:32.080,33.6516541,-117.3026939,-22.0842,-130.338,21.4132,-0.116,-0.804,-18.64,-0.710127,1
624.68,2026-08-15T15:02:32.120,33.6516584,-117.3027016,-22.7969,-129.86,21.3909,-0.134,-0.791,-18.21,-0.693021,1
624.72,2026-08-15T15:02:32.160,33.6516626,-117.3027093,-23.5096,-129.393,21.3238,-0.148,-0.753,-17.12,-0.649497,1
624.76,2026-08-15T15:02:32.200,33.6516670,-117.3027168,-24.2038,-128.903,21.2836,-0.165,-0.699,-15.39,-0.582762,1
624.8,2026-08-15T15:02:32.240,33.6516712,-117.3027243,-24.898,-128.436,21.2255,-0.178,-0.621,-12.99,-0.49054,1
624.84,2026-08-15T15:02:32.280,33.6516756,-117.3027318,-25.5922,-127.947,21.1629,-0.191,-0.533,-10.07,-0.379151,1
624.88,2026-08-15T15:02:32.320,33.6516800,-117.3027392,-26.2772,-127.458,21.1003,-0.204,-0.436,-6.5,-0.244011,1
624.92,2026-08-15T15:02:32.360,33.6516844,-117.3027466,-26.9621,-126.969,21.0288,-0.21,-0.329,-2.86,-0.107001,1
624.96,2026-08-15T15:02:32.400,33.6516888,-117.3027539,-27.6378,-126.479,20.993,-0.21,-0.218,0.7,0.0261445,1
625,2026-08-15T15:02:32.440,33.6516931,-117.3027613,-28.3227,-126.001,20.9125,-0.208,-0.105,4.08,0.151801,1
625.04,2026-08-15T15:02:32.480,33.6516974,-117.3027687,-29.0077,-125.523,20.8589,-0.202,0.042,7.4,0.274619,1
625.08,2026-08-15T15:02:32.520,33.6517016,-117.3027761,-29.6926,-125.056,20.7739,-0.2,0.205,10.44,0.385858,1
625.12,2026-08-15T15:02:32.560,33.6517057,-117.3027835,-30.3776,-124.6,20.7337,-0.202,0.37,13.43,0.495406,1
625.16,2026-08-15T15:02:32.600,33.6517096,-117.3027911,-31.081,-124.166,20.6756,-0.203,0.542,16.54,0.608418,1
625.2,2026-08-15T15:02:32.640,33.6517135,-117.3027988,-31.7937,-123.733,20.5996,-0.206,0.694,19.51,0.71503,1
625.24,2026-08-15T15:02:32.680,33.6517173,-117.3028064,-32.4972,-123.31,20.5281,-0.212,0.802,22.16,0.809331,1
625.28,2026-08-15T15:02:32.720,33.6517209,-117.3028140,-33.2006,-122.91,20.4387,-0.222,0.874,24.5,0.890896,1
625.32,2026-08-15T15:02:32.760,33.6517243,-117.3028218,-33.9226,-122.532,20.3582,-0.241,0.901,26.6,0.963451,1
625.36,2026-08-15T15:02:32.800,33.6517277,-117.3028295,-34.6353,-122.154,20.233,-0.263,0.884,28.36,1.02088,1
625.4,2026-08-15T15:02:32.840,33.6517310,-117.3028371,-35.3388,-121.787,20.081,-0.284,0.854,29.95,1.07002,1
625.44,2026-08-15T15:02:32.880,33.6517342,-117.3028448,-36.0515,-121.431,19.9201,-0.298,0.841,31.47,1.11531,1
625.48,2026-08-15T15:02:32.920,33.6517373,-117.3028524,-36.7549,-121.086,19.7994,-0.297,0.866,32.76,1.154,1
625.52,2026-08-15T15:02:32.960,33.6517402,-117.3028602,-37.4769,-120.764,19.7145,-0.287,0.937,33.74,1.18342,1
625.56,2026-08-15T15:02:33.000,33.6517429,-117.3028680,-38.1989,-120.464,19.6072,-0.276,1.013,34.41,1.20035,1
625.6,2026-08-15T15:02:33.040,33.6517454,-117.3028758,-38.9208,-120.186,19.5133,-0.262,1.048,34.81,1.20849,1
625.64,2026-08-15T15:02:33.080,33.6517478,-117.3028837,-39.652,-119.919,19.4507,-0.243,1.02,35.01,1.21153,1
625.68,2026-08-15T15:02:33.120,33.6517501,-117.3028915,-40.374,-119.663,19.33,-0.217,0.955,35.1,1.20711,1
625.72,2026-08-15T15:02:33.160,33.6517525,-117.3028993,-41.096,-119.396,19.2674,-0.19,0.887,35.08,1.20252,1
625.76,2026-08-15T15:02:33.200,33.6517547,-117.3029072,-41.8272,-119.152,19.2406,-0.165,0.864,35.03,1.19913,1
625.8,2026-08-15T15:02:33.240,33.6517568,-117.3029150,-42.5492,-118.918,19.1959,-0.148,0.9,35.03,1.19635,1
625.84,2026-08-15T15:02:33.280,33.6517587,-117.3029229,-43.2804,-118.707,19.1378,-0.148,0.961,35.32,1.2026,1
625.88,2026-08-15T15:02:33.320,33.6517603,-117.3029308,-44.0116,-118.529,19.0171,-0.148,1.015,35.91,1.21498,1
625.92,2026-08-15T15:02:33.360,33.6517618,-117.3029387,-44.7428,-118.362,18.8651,-0.138,1.036,36.69,1.23144,1
625.96,2026-08-15T15:02:33.400,33.6517632,-117.3029465,-45.4648,-118.206,18.7667,-0.115,1.019,37.32,1.24606,1
626,2026-08-15T15:02:33.440,33.6517646,-117.3029544,-46.196,-118.051,18.7444,-0.086,0.989,37.5,1.25058,1
626.04,2026-08-15T15:02:33.480,33.6517659,-117.3029623,-46.9273,-117.906,18.7578,-0.06,0.96,37.01,1.23512,1
626.08,2026-08-15T15:02:33.520,33.6517670,-117.3029703,-47.6677,-117.784,18.7086,-0.049,0.938,35.95,1.1966,1
626.12,2026-08-15T15:02:33.560,33.6517679,-117.3029782,-48.399,-117.684,18.6371,-0.05,0.923,34.43,1.14163,1
626.16,2026-08-15T15:02:33.600,33.6517689,-117.3029861,-49.1302,-117.573,18.494,-0.059,0.912,32.72,1.0766,1
626.2,2026-08-15T15:02:33.640,33.6517696,-117.3029939,-49.8521,-117.495,18.4091,-0.054,0.911,30.82,1.00942,1
626.24,2026-08-15T15:02:33.680,33.6517702,-117.3030018,-50.5834,-117.428,18.3644,-0.034,0.926,28.55,0.932806,1
626.28,2026-08-15T15:02:33.720,33.6517706,-117.3030096,-51.3053,-117.384,18.3868,-0.002,0.947,25.45,0.832533,1
626.32,2026-08-15T15:02:33.760,33.6517709,-117.3030175,-52.0366,-117.35,18.418,0.037,0.956,21.73,0.712052,1
626.36,2026-08-15T15:02:33.800,33.6517711,-117.3030255,-52.777,-117.328,18.4538,0.078,0.944,17.42,0.57193,1
626.4,2026-08-15T15:02:33.840,33.6517712,-117.3030336,-53.5268,-117.317,18.494,0.114,0.911,12.52,0.41195,1
626.44,2026-08-15T15:02:33.880,33.6517713,-117.3030415,-54.258,-117.306,18.5119,0.146,0.881,7.64,0.251625,1
626.48,2026-08-15T15:02:33.920,33.6517713,-117.3030494,-54.9892,-117.306,18.5611,0.179,0.874,3.19,0.105342,1
626.52,2026-08-15T15:02:33.960,33.6517711,-117.3030575,-55.7389,-117.328,18.6103,0.214,0.907,-0.95,-0.0314546,1
626.56,2026-08-15T15:02:34.000,33.6517706,-117.3030657,-56.4979,-117.384,18.7578,0.261,0.944,-4.63,-0.154515,1
626.6,2026-08-15T15:02:34.040,33.6517701,-117.3030738,-57.2477,-117.439,18.9009,0.311,0.933,-7.53,-0.253212,1
626.64,2026-08-15T15:02:34.080,33.6517694,-117.3030820,-58.0067,-117.517,19.1199,0.358,0.823,-9.8,-0.333365,1
626.68,2026-08-15T15:02:34.120,33.6517688,-117.3030904,-58.7842,-117.584,19.3479,0.39,0.597,-11.31,-0.389318,1
626.72,2026-08-15T15:02:34.160,33.6517683,-117.3030988,-59.5617,-117.639,19.5267,0.405,0.28,-11.8,-0.409939,1
626.76,2026-08-15T15:02:34.200,33.6517680,-117.3031073,-60.3484,-117.673,19.6251,0.407,-0.046,-11.04,-0.385468,1
626.8,2026-08-15T15:02:34.240,33.6517679,-117.3031158,-61.1352,-117.684,19.7502,0.397,-0.292,-8.59,-0.301838,1
626.84,2026-08-15T15:02:34.280,33.6517677,-117.3031244,-61.9312,-117.706,19.8933,0.373,-0.391,-4.84,-0.171301,1
626.88,2026-08-15T15:02:34.320,33.6517675,-117.3031332,-62.7457,-117.728,20.0721,0.329,-0.333,-0.2,-0.00714218,1
626.92,2026-08-15T15:02:34.360,33.6517671,-117.3031419,-63.551,-117.773,20.166,0.255,-0.158,4.64,0.166474,1
626.96,2026-08-15T15:02:34.400,33.6517665,-117.3031505,-64.347,-117.839,20.1392,0.132,0.068,8.9,0.318889,1
627,2026-08-15T15:02:34.440,33.6517659,-117.3031591,-65.143,-117.906,20.0408,-0.007,0.264,11.7,0.417166,1
627.04,2026-08-15T15:02:34.480,33.6517653,-117.3031675,-65.9205,-117.973,19.8307,-0.136,0.379,12.89,0.454778,1
627.08,2026-08-15T15:02:34.520,33.6517647,-117.3031759,-66.698,-118.04,19.6161,-0.228,0.408,12.15,0.424031,1
627.12,2026-08-15T15:02:34.560,33.6517641,-117.3031842,-67.4663,-118.106,19.4909,-0.272,0.378,9.72,0.33706,1
627.16,2026-08-15T15:02:34.600,33.6517635,-117.3031925,-68.2345,-118.173,19.4641,-0.264,0.3,5.79,0.200503,1
627.2,2026-08-15T15:02:34.640,33.6517628,-117.3032009,-69.012,-118.251,19.5267,-0.236,0.196,0.83,0.0288347,1
627.24,2026-08-15T15:02:34.680,33.6517622,-117.3032093,-69.7895,-118.318,19.5535,-0.206,0.068,-4.67,-0.162461,1
627.28,2026-08-15T15:02:34.720,33.6517616,-117.3032177,-70.567,-118.384,19.5267,-0.183,-0.103,-10.09,-0.350533,1
627.32,2026-08-15T15:02:34.760,33.6517613,-117.3032261,-71.3445,-118.418,19.4418,-0.174,-0.293,-14.76,-0.510541,1
627.36,2026-08-15T15:02:34.800,33.6517610,-117.3032344,-72.1128,-118.451,19.339,-0.173,-0.464,-18.3,-0.62964,1
627.4,2026-08-15T15:02:34.840,33.6517609,-117.3032426,-72.8718,-118.462,19.2406,-0.173,-0.595,-20.64,-0.70654,1
627.44,2026-08-15T15:02:34.880,33.6517608,-117.3032509,-73.64,-118.473,19.1825,-0.175,-0.694,-22.04,-0.752185,1
627.48,2026-08-15T15:02:34.920,33.6517609,-117.3032591,-74.399,-118.462,19.1333,-0.178,-0.75,-22.73,-0.773745,1
627.52,2026-08-15T15:02:34.960,33.6517610,-117.3032674,-75.1673,-118.451,19.111,-0.179,-0.795,-23.31,-0.792562,1
627.56,2026-08-15T15:02:35.000,33.6517613,-117.3032756,-75.9263,-118.418,19.0394,-0.179,-0.836,-23.85,-0.807887,1
627.6,2026-08-15T15:02:35.040,33.6517616,-117.3032837,-76.676,-118.384,18.9679,-0.182,-0.863,-24.41,-0.82375,1
627.64,2026-08-15T15:02:35.080,33.6517621,-117.3032919,-77.435,-118.329,18.9545,-0.18,-0.872,-24.99,-0.842727,1
627.68,2026-08-15T15:02:35.120,33.6517627,-117.3033000,-78.1847,-118.262,18.8874,-0.173,-0.874,-25.47,-0.855875,1
627.72,2026-08-15T15:02:35.160,33.6517634,-117.3033080,-78.9252,-118.184,18.8204,-0.165,-0.866,-25.8,-0.863886,1
627.76,2026-08-15T15:02:35.200,33.6517643,-117.3033161,-79.6749,-118.084,18.8338,-0.151,-0.866,-26.02,-0.871874,1
627.8,2026-08-15T15:02:35.240,33.6517651,-117.3033242,-80.4247,-117.995,18.7891,-0.123,-0.89,-26.13,-0.873481,1
627.84,2026-08-15T15:02:35.280,33.6517662,-117.3033321,-81.1559,-117.873,18.731,-0.092,-0.925,-26.06,-0.868447,1
627.88,2026-08-15T15:02:35.320,33.6517674,-117.3033400,-81.8871,-117.739,18.7489,-0.058,-0.95,-25.84,-0.861937,1
627.92,2026-08-15T15:02:35.360,33.6517688,-117.3033480,-82.6276,-117.584,18.7891,-0.022,-0.956,-25.39,-0.848744,1
627.96,2026-08-15T15:02:35.400,33.6517702,-117.3033559,-83.3588,-117.428,18.798,0.003,-0.951,-24.8,-0.829416,1
628,2026-08-15T15:02:35.440,33.6517717,-117.3033639,-84.0993,-117.261,18.8561,0.011,-0.936,-24.22,-0.812523,1
628.04,2026-08-15T15:02:35.480,33.6517734,-117.3033718,-84.8305,-117.072,18.8785,0.01,-0.912,-23.72,-0.796692,1
628.08,2026-08-15T15:02:35.520,33.6517752,-117.3033796,-85.5525,-116.872,18.8696,0.003,-0.89,-23.42,-0.786243,1
628.12,2026-08-15T15:02:35.560,33.6517770,-117.3033875,-86.2837,-116.672,18.883,-0.008,-0.884,-23.32,-0.783443,1
628.16,2026-08-15T15:02:35.600,33.6517790,-117.3033953,-87.0057,-116.45,18.8964,-0.015,-0.881,-23.38,-0.786016,1
628.2,2026-08-15T15:02:35.640,33.6517812,-117.3034032,-87.7369,-116.205,18.9009,-0.016,-0.879,-23.5,-0.790237,1
628.24,2026-08-15T15:02:35.680,33.6517834,-117.3034107,-88.4311,-115.96,18.8874,-0.014,-0.884,-23.66,-0.795053,1
628.28,2026-08-15T15:02:35.720,33.6517858,-117.3034185,-89.1531,-115.693,18.9098,-0.012,-0.892,-23.84,-0.80205,1
628.32,2026-08-15T15:02:35.760,33.6517883,-117.3034261,-89.8565,-115.415,18.9634,-0.008,-0.892,-24.04,-0.811073,1
628.36,2026-08-15T15:02:35.800,33.6517909,-117.3034337,-90.56,-115.126,18.9679,0.003,-0.889,-24.25,-0.818351,1
628.4,2026-08-15T15:02:35.840,33.6517934,-117.3034412,-91.2542,-114.848,19.0171,0.02,-0.883,-24.43,-0.826562,1
628.44,2026-08-15T15:02:35.880,33.6517963,-117.3034488,-91.9576,-114.526,19.0528,0.036,-0.876,-24.5,-0.83049,1
628.48,2026-08-15T15:02:35.920,33.6517992,-117.3034563,-92.6518,-114.203,19.0931,0.048,-0.871,-24.39,-0.828507,1
628.52,2026-08-15T15:02:35.960,33.6518021,-117.3034637,-93.3368,-113.881,19.1512,0.044,-0.87,-24.15,-0.822851,1
628.56,2026-08-15T15:02:36.000,33.6518053,-117.3034711,-94.0217,-113.525,19.1646,0.021,-0.868,-23.9,-0.814903,1
628.6,2026-08-15T15:02:36.040,33.6518086,-117.3034784,-94.6974,-113.158,19.1378,-0.011,-0.866,-23.73,-0.807975,1
628.64,2026-08-15T15:02:36.080,33.6518117,-117.3034857,-95.3731,-112.813,19.1065,-0.042,-0.861,-23.82,-0.809713,1
628.68,2026-08-15T15:02:36.120,33.6518152,-117.3034928,-96.0302,-112.424,19.026,-0.062,-0.857,-24.15,-0.817473,1
628.72,2026-08-15T15:02:36.160,33.6518185,-117.3034998,-96.6782,-112.057,19.0037,-0.062,-0.858,-24.66,-0.833756,1
628.76,2026-08-15T15:02:36.200,33.6518221,-117.3035068,-97.3261,-111.657,19.0081,-0.043,-0.873,-25.19,-0.851876,1
628.8,2026-08-15T15:02:36.240,33.6518258,-117.3035138,-97.974,-111.246,19.0752,-0.017,-0.895,-25.63,-0.869813,1
628.84,2026-08-15T15:02:36.280,33.6518297,-117.3035207,-98.6127,-110.812,19.0931,0.009,-0.925,-25.8,-0.876403,1
628.88,2026-08-15T15:02:36.320,33.6518336,-117.3035274,-99.2328,-110.378,19.1199,0.027,-0.949,-25.73,-0.875253,1
628.92,2026-08-15T15:02:36.360,33.6518377,-117.3035341,-99.853,-109.922,19.1333,0.037,-0.957,-25.29,-0.860889,1
628.96,2026-08-15T15:02:36.400,33.6518419,-117.3035407,-100.464,-109.455,19.1512,0.041,-0.944,-24.55,-0.83648,1
629,2026-08-15T15:02:36.440,33.6518461,-117.3035472,-101.066,-108.988,19.1288,0.038,-0.924,-23.48,-0.799089,1
629.04,2026-08-15T15:02:36.480,33.6518504,-117.3035537,-101.667,-108.51,19.1601,0.033,-0.891,-22.06,-0.751991,1
629.08,2026-08-15T15:02:36.520,33.6518548,-117.3035602,-102.269,-108.021,19.1914,0.022,-0.848,-20.18,-0.689028,1
629.12,2026-08-15T15:02:36.560,33.6518592,-117.3035664,-102.843,-107.532,19.1914,0.003,-0.805,-18.07,-0.616984,1
629.16,2026-08-15T15:02:36.600,33.6518638,-117.3035726,-103.417,-107.02,19.1423,-0.022,-0.757,-15.73,-0.53571,1
629.2,2026-08-15T15:02:36.640,33.6518683,-117.3035788,-103.99,-106.52,19.1199,-0.053,-0.692,-13.17,-0.448002,1
629.24,2026-08-15T15:02:36.680,33.6518730,-117.3035849,-104.555,-105.997,19.1065,-0.085,-0.597,-10.13,-0.344349,1
629.28,2026-08-15T15:02:36.720,33.6518775,-117.3035910,-105.12,-105.497,19.0752,-0.109,-0.473,-6.77,-0.229756,1
629.32,2026-08-15T15:02:36.760,33.6518822,-117.3035971,-105.684,-104.974,19.0618,-0.125,-0.324,-2.95,-0.100045,1
629.36,2026-08-15T15:02:36.800,33.6518866,-117.3036032,-106.249,-104.485,18.9992,-0.134,-0.145,1.61,0.0544214,1
629.4,2026-08-15T15:02:36.840,33.6518912,-117.3036094,-106.823,-103.973,18.959,-0.143,0.053,6.46,0.217899,1
629.44,2026-08-15T15:02:36.880,33.6518956,-117.3036157,-107.406,-103.484,18.959,-0.161,0.253,11.22,0.378456,1
629.48,2026-08-15T15:02:36.920,33.6518998,-117.3036220,-107.989,-103.017,18.8517,-0.183,0.446,15.92,0.533951,1
629.52,2026-08-15T15:02:36.960,33.6519040,-117.3036284,-108.581,-102.55,18.7891,-0.197,0.62,20.17,0.674249,1
629.56,2026-08-15T15:02:37.000,33.6519081,-117.3036348,-109.174,-102.094,18.6863,-0.208,0.765,23.47,0.780269,1
629.6,2026-08-15T15:02:37.040,33.6519120,-117.3036412,-109.766,-101.661,18.6192,-0.212,0.878,25.95,0.859621,1
629.64,2026-08-15T15:02:37.080,33.6519158,-117.3036478,-110.377,-101.238,18.5566,-0.213,0.948,27.74,0.915828,1
629.68,2026-08-15T15:02:37.120,33.6519194,-117.3036544,-110.988,-100.838,18.4896,-0.224,0.964,28.97,0.95298,1
629.72,2026-08-15T15:02:37.160,33.6519229,-117.3036611,-111.608,-100.449,18.3778,-0.24,0.93,30.09,0.98384,1
629.76,2026-08-15T15:02:37.200,33.6519264,-117.3036677,-112.219,-100.059,18.2124,-0.257,0.893,31.24,1.01225,1
629.8,2026-08-15T15:02:37.240,33.6519296,-117.3036743,-112.83,-99.7036,18.0112,-0.258,0.874,32.39,1.03792,1
629.84,2026-08-15T15:02:37.280,33.6519329,-117.3036809,-113.441,-99.3366,17.904,-0.241,0.894,33.32,1.06136,1
629.88,2026-08-15T15:02:37.320,33.6519360,-117.3036877,-114.07,-98.9919,17.8414,-0.208,0.944,33.74,1.07098,1
629.92,2026-08-15T15:02:37.360,33.6519388,-117.3036946,-114.709,-98.6806,17.8503,-0.173,0.996,33.62,1.06771,1
629.96,2026-08-15T15:02:37.400,33.6519416,-117.3037016,-115.357,-98.3692,17.8145,-0.146,1.018,33.15,1.05067,1
630,2026-08-15T15:02:37.440,33.6519442,-117.3037085,-115.995,-98.0801,17.7385,-0.137,1.008,32.62,1.02946,1
630.04,2026-08-15T15:02:37.480,33.6519468,-117.3037154,-116.634,-97.791,17.6447,-0.135,0.971,32.24,1.01208,1
630.08,2026-08-15T15:02:37.520,33.6519493,-117.3037224,-117.282,-97.513,17.591,-0.123,0.934,31.99,1.00118,1
630.12,2026-08-15T15:02:37.560,33.6519517,-117.3037295,-117.939,-97.2462,17.5642,-0.1,0.923,31.71,0.990907,1
630.16,2026-08-15T15:02:37.600,33.6519539,-117.3037366,-118.596,-97.0015,17.5463,-0.061,0.935,31.18,0.973353,1
630.2,2026-08-15T15:02:37.640,33.6519558,-117.3037438,-119.263,-96.7903,17.6089,-0.017,0.951,30.23,0.947063,1
630.24,2026-08-15T15:02:37.680,33.6519578,-117.3037511,-119.938,-96.5679,17.676,0.014,0.954,29.07,0.91419,1
630.28,2026-08-15T15:02:37.720,33.6519596,-117.3037584,-120.614,-96.3677,17.6849,0.03,0.938,27.89,0.877525,1
630.32,2026-08-15T15:02:37.760,33.6519613,-117.3037657,-121.29,-96.1787,17.6581,0.038,0.908,26.84,0.843207,1
630.36,2026-08-15T15:02:37.800,33.6519631,-117.3037731,-121.975,-95.9785,17.6491,0.049,0.881,26,0.816404,1
630.4,2026-08-15T15:02:37.840,33.6519646,-117.3037804,-122.65,-95.8118,17.6402,0.065,0.875,25.25,0.792452,1
630.44,2026-08-15T15:02:37.880,33.6519661,-117.3037878,-123.335,-95.645,17.6849,0.091,0.897,24.18,0.760794,1
630.48,2026-08-15T15:02:37.920,33.6519673,-117.3037954,-124.039,-95.5115,17.7788,0.123,0.921,22.66,0.716754,1
630.52,2026-08-15T15:02:37.960,33.6519685,-117.3038029,-124.733,-95.3781,17.8503,0.15,0.927,20.31,0.645006,1
630.56,2026-08-15T15:02:38.000,33.6519694,-117.3038106,-125.446,-95.278,17.9442,0.169,0.908,17.25,0.550708,1
630.6,2026-08-15T15:02:38.040,33.6519704,-117.3038183,-126.158,-95.1668,18.0112,0.186,0.854,13.67,0.438047,1
630.64,2026-08-15T15:02:38.080,33.6519712,-117.3038260,-126.871,-95.0779,18.0515,0.192,0.77,9.99,0.320839,1
630.68,2026-08-15T15:02:38.120,33.6519722,-117.3038338,-127.593,-94.9667,18.1722,0.189,0.671,6.6,0.213383,1
630.72,2026-08-15T15:02:38.160,33.6519729,-117.3038416,-128.315,-94.8888,18.2392,0.174,0.549,4.14,0.134343,1
630.76,2026-08-15T15:02:38.200,33.6519737,-117.3038494,-129.037,-94.7999,18.2705,0.148,0.424,2.7,0.0877654,1
630.8,2026-08-15T15:02:38.240,33.6519746,-117.3038573,-129.768,-94.6998,18.3018,0.121,0.297,2.25,0.0732631,1
630.84,2026-08-15T15:02:38.280,33.6519753,-117.3038651,-130.49,-94.622,18.3018,0.102,0.184,2.46,0.080101,1
630.88,2026-08-15T15:02:38.320,33.6519761,-117.3038730,-131.222,-94.533,18.3644,0.097,0.088,2.89,0.0944241,1
630.92,2026-08-15T15:02:38.360,33.6519771,-117.3038809,-131.953,-94.4218,18.4538,0.106,0.025,3.21,0.10539,1
630.96,2026-08-15T15:02:38.400,33.6519778,-117.3038889,-132.693,-94.344,18.5432,0.125,-0.014,3.28,0.10821,1
631,2026-08-15T15:02:38.440,33.6519786,-117.3038969,-133.434,-94.255,18.6416,0.144,-0.022,3.18,0.105467,1
631.04,2026-08-15T15:02:38.480,33.6519795,-117.3039049,-134.174,-94.1549,18.6997,0.163,-0.002,3.06,0.101804,1
631.08,2026-08-15T15:02:38.520,33.6519803,-117.3039130,-134.924,-94.066,18.7846,0.183,0.034,3.09,0.103269,1
631.12,2026-08-15T15:02:38.560,33.6519810,-117.3039211,-135.674,-93.9882,18.8785,0.199,0.078,3.25,0.109159,1
631.16,2026-08-15T15:02:38.600,33.6519817,-117.3039292,-136.423,-93.9103,18.9634,0.206,0.119,3.51,0.118422,1
631.2,2026-08-15T15:02:38.640,33.6519825,-117.3039375,-137.192,-93.8214,19.0618,0.205,0.139,3.71,0.125819,1
631.24,2026-08-15T15:02:38.680,33.6519832,-117.3039457,-137.951,-93.7435,19.1825,0.187,0.147,3.74,0.127639,1
631.28,2026-08-15T15:02:38.720,33.6519839,-117.3039540,-138.719,-93.6657,19.2227,0.16,0.141,3.54,0.121067,1
631.32,2026-08-15T15:02:38.760,33.6519846,-117.3039623,-139.487,-93.5879,19.2451,0.131,0.126,3.1,0.106143,1
631.36,2026-08-15T15:02:38.800,33.6519853,-117.3039705,-140.246,-93.51,19.254,0.108,0.113,2.46,0.0842684,1
631.4,2026-08-15T15:02:38.840,33.6519860,-117.3039788,-141.014,-93.4322,19.2719,0.085,0.101,1.66,0.0569168,1
631.44,2026-08-15T15:02:38.880,33.6519866,-117.3039872,-141.792,-93.3655,19.3658,0.048,0.067,0.61,0.0210171,1
631.48,2026-08-15T15:02:38.920,33.6519874,-117.3039955,-142.56,-93.2765,19.3971,-0.004,0.016,-0.56,-0.0193256,1
631.52,2026-08-15T15:02:38.960,33.6519880,-117.3040038,-143.328,-93.2098,19.3434,-0.087,-0.051,-1.95,-0.0671083,1
631.56,2026-08-15T15:02:39.000,33.6519888,-117.3040119,-144.078,-93.1208,19.1691,-0.184,-0.118,-3.45,-0.11766,1
631.6,2026-08-15T15:02:39.040,33.6519896,-117.3040200,-144.828,-93.0319,19.0037,-0.277,-0.182,-4.89,-0.165331,1
631.64,2026-08-15T15:02:39.080,33.6519904,-117.3040279,-145.559,-92.9429,18.807,-0.363,-0.229,-6.28,-0.210129,1
631.68,2026-08-15T15:02:39.120,33.6519912,-117.3040359,-146.299,-92.854,18.6371,-0.426,-0.261,-7.51,-0.249016,1
631.72,2026-08-15T15:02:39.160,33.6519921,-117.3040436,-147.012,-92.7539,18.4315,-0.464,-0.283,-8.44,-0.276765,1
631.76,2026-08-15T15:02:39.200,33.6519930,-117.3040514,-147.734,-92.6538,18.2973,-0.486,-0.304,-9.07,-0.295259,1
631.8,2026-08-15T15:02:39.240,33.6519939,-117.3040591,-148.447,-92.5537,18.1275,-0.493,-0.323,-9.46,-0.305096,1
631.84,2026-08-15T15:02:39.280,33.6519949,-117.3040667,-149.15,-92.4425,17.9889,-0.488,-0.347,-9.58,-0.306604,1
631.88,2026-08-15T15:02:39.320,33.6519960,-117.3040742,-149.845,-92.3202,17.8414,-0.468,-0.362,-9.6,-0.304725,1
631.92,2026-08-15T15:02:39.360,33.6519971,-117.3040817,-150.539,-92.1979,17.6894,-0.438,-0.369,-9.65,-0.303702,1
631.96,2026-08-15T15:02:39.400,33.6519983,-117.3040891,-151.224,-92.0645,17.5821,-0.399,-0.375,-9.83,-0.307491,1
632,2026-08-15T15:02:39.440,33.6519994,-117.3040965,-151.909,-91.9422,17.4927,-0.354,-0.392,-10.22,-0.318065,1
632.04,2026-08-15T15:02:39.480,33.6520007,-117.3041038,-152.584,-91.7976,17.4033,-0.309,-0.403,-10.81,-0.334707,1
632.08,2026-08-15T15:02:39.520,33.6520020,-117.3041111,-153.26,-91.6531,17.3362,-0.274,-0.415,-11.56,-0.35655,1
632.12,2026-08-15T15:02:39.560,33.6520032,-117.3041183,-153.926,-91.5196,17.2826,-0.249,-0.425,-12.45,-0.382812,1
632.16,2026-08-15T15:02:39.600,33.6520047,-117.3041255,-154.593,-91.3528,17.2245,-0.238,-0.444,-13.56,-0.415541,1
632.2,2026-08-15T15:02:39.640,33.6520061,-117.3041327,-155.259,-91.1972,17.135,-0.237,-0.465,-14.77,-0.450271,1
632.24,2026-08-15T15:02:39.680,33.6520077,-117.3041397,-155.907,-91.0193,17.0143,-0.234,-0.498,-16.02,-0.484938,1
632.28,2026-08-15T15:02:39.720,33.6520093,-117.3041467,-156.555,-90.8413,16.9294,-0.227,-0.535,-17.29,-0.520769,1
632.32,2026-08-15T15:02:39.760,33.6520109,-117.3041537,-157.203,-90.6634,16.8847,-0.215,-0.572,-18.42,-0.553339,1
632.36,2026-08-15T15:02:39.800,33.6520126,-117.3041606,-157.842,-90.4744,16.9026,-0.202,-0.604,-19.28,-0.579787,1
632.4,2026-08-15T15:02:39.840,33.6520146,-117.3041676,-158.49,-90.252,16.8579,-0.196,-0.625,-19.95,-0.598348,1
632.44,2026-08-15T15:02:39.880,33.6520165,-117.3041744,-159.119,-90.0407,16.7998,-0.202,-0.64,-20.54,-0.61392,1
632.48,2026-08-15T15:02:39.920,33.6520184,-117.3041813,-159.758,-89.8295,16.7685,-0.219,-0.653,-21.08,-0.628887,1
632.52,2026-08-15T15:02:39.960,33.6520205,-117.3041879,-160.369,-89.596,16.6031,-0.249,-0.67,-21.8,-0.643951,1
632.56,2026-08-15T15:02:40.000,33.6520227,-117.3041946,-160.989,-89.3513,16.5405,-0.277,-0.687,-22.69,-0.667715,1
632.6,2026-08-15T15:02:40.040,33.6520249,-117.3042010,-161.581,-89.1067,16.384,-0.304,-0.704,-23.72,-0.691422,1
632.64,2026-08-15T15:02:40.080,33.6520272,-117.3042075,-162.183,-88.8509,16.2678,-0.328,-0.721,-24.85,-0.719222,1
632.68,2026-08-15T15:02:40.120,33.6520295,-117.3042138,-162.766,-88.5952,16.1292,-0.347,-0.736,-25.92,-0.7438,1
632.72,2026-08-15T15:02:40.160,33.6520320,-117.3042200,-163.34,-88.3172,16.0309,-0.359,-0.743,-26.84,-0.765504,1
632.76,2026-08-15T15:02:40.200,33.6520345,-117.3042261,-163.904,-88.0392,15.928,-0.372,-0.741,-27.59,-0.781848,1
632.8,2026-08-15T15:02:40.240,33.6520370,-117.3042322,-164.469,-87.7612,15.7716,-0.385,-0.73,-28.17,-0.790442,1
632.84,2026-08-15T15:02:40.280,33.6520396,-117.3042381,-165.015,-87.4721,15.6509,-0.396,-0.717,-28.57,-0.795531,1
632.88,2026-08-15T15:02:40.320,33.6520421,-117.3042439,-165.552,-87.1941,15.4899,-0.407,-0.713,-28.9,-0.796445,1
632.92,2026-08-15T15:02:40.360,33.6520449,-117.3042496,-166.08,-86.8828,15.3156,-0.408,-0.721,-29.12,-0.793475,1
632.96,2026-08-15T15:02:40.400,33.6520477,-117.3042552,-166.598,-86.5715,15.1457,-0.397,-0.743,-29.16,-0.785752,1
633,2026-08-15T15:02:40.440,33.6520506,-117.3042606,-167.098,-86.249,15.0295,-0.373,-0.773,-28.91,-0.773037,1
633.04,2026-08-15T15:02:40.480,33.6520535,-117.3042660,-167.598,-85.9265,14.9401,-0.341,-0.793,-28.26,-0.751162,1
633.08,2026-08-15T15:02:40.520,33.6520565,-117.3042713,-168.088,-85.5929,14.882,-0.306,-0.8,-27.09,-0.717262,1
633.12,2026-08-15T15:02:40.560,33.6520596,-117.3042764,-168.56,-85.2482,14.8194,-0.274,-0.785,-25.42,-0.670215,1
633.16,2026-08-15T15:02:40.600,33.6520628,-117.3042815,-169.032,-84.8924,14.7344,-0.252,-0.752,-23.2,-0.608177,1
633.2,2026-08-15T15:02:40.640,33.6520658,-117.3042866,-169.504,-84.5588,14.6763,-0.239,-0.728,-20.78,-0.542589,1
633.24,2026-08-15T15:02:40.680,33.6520692,-117.3042915,-169.958,-84.1808,14.6182,-0.23,-0.714,-18.43,-0.479323,1
633.28,2026-08-15T15:02:40.720,33.6520725,-117.3042964,-170.411,-83.8138,14.5512,-0.227,-0.71,-16.41,-0.424829,1
633.32,2026-08-15T15:02:40.760,33.6520759,-117.3043011,-170.846,-83.4358,14.4707,-0.22,-0.701,-14.94,-0.384634,1
633.36,2026-08-15T15:02:40.800,33.6520794,-117.3043057,-171.272,-83.0466,14.4349,-0.207,-0.687,-14.22,-0.365193,1
633.4,2026-08-15T15:02:40.840,33.6520828,-117.3043103,-171.698,-82.6685,14.417,-0.195,-0.656,-14.09,-0.361406,1
633.44,2026-08-15T15:02:40.880,33.6520864,-117.3043149,-172.124,-82.2682,14.3768,-0.189,-0.614,-14.47,-0.370117,1
633.48,2026-08-15T15:02:40.920,33.6520899,-117.3043193,-172.531,-81.879,14.3366,-0.187,-0.556,-15.2,-0.387701,1
633.52,2026-08-15T15:02:40.960,33.6520935,-117.3043237,-172.938,-81.4787,14.2874,-0.195,-0.496,-16.24,-0.412807,1
633.56,2026-08-15T15:02:41.000,33.6520971,-117.3043281,-173.345,-81.0784,14.2338,-0.209,-0.445,-17.4,-0.440633,1
633.6,2026-08-15T15:02:41.040,33.6521007,-117.3043324,-173.743,-80.6781,14.1533,-0.216,-0.421,-18.8,-0.473395,1
633.64,2026-08-15T15:02:41.080,33.6521043,-117.3043366,-174.132,-80.2778,14.0907,-0.219,-0.442,-20.31,-0.509156,1
633.68,2026-08-15T15:02:41.120,33.6521080,-117.3043407,-174.512,-79.8664,14.0371,-0.221,-0.491,-21.76,-0.54343,1
633.72,2026-08-15T15:02:41.160,33.6521118,-117.3043447,-174.882,-79.4439,13.9968,-0.226,-0.557,-23.05,-0.573996,1
633.76,2026-08-15T15:02:41.200,33.6521156,-117.3043486,-175.243,-79.0213,13.9342,-0.232,-0.614,-24.16,-0.598947,1
633.8,2026-08-15T15:02:41.240,33.6521195,-117.3043523,-175.585,-78.5877,13.8672,-0.247,-0.652,-24.94,-0.615309,1
633.84,2026-08-15T15:02:41.280,33.6521233,-117.3043560,-175.928,-78.1651,13.742,-0.269,-0.654,-25.49,-0.623201,1
633.88,2026-08-15T15:02:41.320,33.6521272,-117.3043596,-176.261,-77.7315,13.6258,-0.29,-0.645,-25.93,-0.628597,1
633.92,2026-08-15T15:02:41.360,33.6521311,-117.3043630,-176.576,-77.2978,13.4738,-0.306,-0.636,-26.25,-0.629256,1
633.96,2026-08-15T15:02:41.400,33.6521351,-117.3043663,-176.881,-76.853,13.3844,-0.314,-0.631,-26.49,-0.630795,1
634,2026-08-15T15:02:41.440,33.6521390,-117.3043695,-177.177,-76.4194,13.2994,-0.31,-0.637,-26.62,-0.629868,1
634.04,2026-08-15T15:02:41.480,33.6521431,-117.3043727,-177.474,-75.9635,13.2413,-0.299,-0.657,-26.61,-0.62688,1
634.08,2026-08-15T15:02:41.520,33.6521471,-117.3043756,-177.742,-75.5187,13.2056,-0.28,-0.681,-26.47,-0.621898,1
634.12,2026-08-15T15:02:41.560,33.6521512,-117.3043785,-178.011,-75.0628,13.1653,-0.263,-0.695,-26.24,-0.614616,1
634.16,2026-08-15T15:02:41.600,33.6521554,-117.3043813,-178.27,-74.5958,13.0983,-0.256,-0.7,-26.06,-0.607291,1
634.2,2026-08-15T15:02:41.640,33.6521595,-117.3043839,-178.51,-74.1399,13.0357,-0.255,-0.692,-26.03,-0.603693,1
634.24,2026-08-15T15:02:41.680,33.6521636,-117.3043865,-178.751,-73.684,12.906,-0.26,-0.678,-26.26,-0.602971,1
634.28,2026-08-15T15:02:41.720,33.6521678,-117.3043890,-178.982,-73.2169,12.8479,-0.27,-0.673,-26.71,-0.610542,1
634.32,2026-08-15T15:02:41.760,33.6521719,-117.3043913,-179.195,-72.761,12.7764,-0.281,-0.676,-27.35,-0.621691,1
634.36,2026-08-15T15:02:41.800,33.6521761,-117.3043935,-179.399,-72.294,12.7362,-0.289,-0.687,-28.09,-0.636501,1
634.4,2026-08-15T15:02:41.840,33.6521803,-117.3043956,-179.593,-71.827,12.6468,-0.298,-0.699,-28.96,-0.651608,1
634.44,2026-08-15T15:02:41.880,33.6521845,-117.3043975,-179.769,-71.36,12.5126,-0.301,-0.709,-29.84,-0.664288,1
634.48,2026-08-15T15:02:41.920,33.6521886,-117.3043993,-179.936,-70.9041,12.4009,-0.301,-0.717,-30.75,-0.678432,1
634.52,2026-08-15T15:02:41.960,33.6521928,-117.3044010,-180.093,-70.4371,12.3294,-0.3,-0.727,-31.73,-0.696016,1
634.56,2026-08-15T15:02:42.000,33.6521970,-117.3044026,-180.241,-69.9701,12.2668,-0.298,-0.74,-32.69,-0.713434,1
634.6,2026-08-15T15:02:42.040,33.6522013,-117.3044040,-180.371,-69.4919,12.2176,-0.297,-0.764,-33.56,-0.729485,1
634.64,2026-08-15T15:02:42.080,33.6522055,-117.3044053,-180.491,-69.0249,12.155,-0.296,-0.788,-34.4,-0.743913,1
634.68,2026-08-15T15:02:42.120,33.6522097,-117.3044065,-180.602,-68.5579,12.0433,-0.297,-0.801,-35.21,-0.754429,1
634.72,2026-08-15T15:02:42.160,33.6522139,-117.3044075,-180.695,-68.0909,11.9538,-0.296,-0.803,-35.98,-0.765204,1
634.76,2026-08-15T15:02:42.200,33.6522181,-117.3044084,-180.778,-67.6238,11.86,-0.288,-0.796,-36.73,-0.77502,1
634.8,2026-08-15T15:02:42.240,33.6522223,-117.3044092,-180.852,-67.1568,11.8019,-0.272,-0.79,-37.4,-0.78529,1
634.84,2026-08-15T15:02:42.280,33.6522265,-117.3044098,-180.908,-66.6898,11.7035,-0.252,-0.8,-37.81,-0.787283,1
634.88,2026-08-15T15:02:42.320,33.6522306,-117.3044103,-180.954,-66.2339,11.6409,-0.227,-0.819,-37.91,-0.785144,1
634.92,2026-08-15T15:02:42.360,33.6522348,-117.3044107,-180.991,-65.7669,11.6275,-0.204,-0.843,-37.63,-0.778447,1
634.96,2026-08-15T15:02:42.400,33.6522391,-117.3044108,-181,-65.2887,11.6365,-0.184,-0.859,-36.95,-0.764968,1
635,2026-08-15T15:02:42.440,33.6522432,-117.3044109,-181.009,-64.8328,11.6365,-0.159,-0.859,-36.03,-0.745922,1
635.04,2026-08-15T15:02:42.480,33.6522474,-117.3044109,-181.009,-64.3658,11.5873,-0.128,-0.848,-35.04,-0.72236,1
635.08,2026-08-15T15:02:42.520,33.6522515,-117.3044109,-181.009,-63.9099,11.6096,-0.09,-0.826,-34.15,-0.705371,1
635.12,2026-08-15T15:02:42.560,33.6522558,-117.3044106,-180.982,-63.4318,11.6588,-0.035,-0.788,-33.4,-0.692801,1
635.16,2026-08-15T15:02:42.600,33.6522600,-117.3044102,-180.945,-62.9648,11.7572,0.025,-0.752,-32.9,-0.688187,1
635.2,2026-08-15T15:02:42.640,33.6522645,-117.3044097,-180.898,-62.4644,11.8421,0.079,-0.721,-32.56,-0.685995,1
635.24,2026-08-15T15:02:42.680,33.6522688,-117.3044092,-180.852,-61.9863,11.9181,0.118,-0.707,-32.31,-0.685097,1
635.28,2026-08-15T15:02:42.720,33.6522731,-117.3044085,-180.787,-61.5081,12.0164,0.139,-0.712,-32.15,-0.68733,1
635.32,2026-08-15T15:02:42.760,33.6522774,-117.3044076,-180.704,-61.03,12.0835,0.13,-0.732,-32.1,-0.69009,1
635.36,2026-08-15T15:02:42.800,33.6522817,-117.3044066,-180.611,-60.5518,12.1193,0.095,-0.763,-32.25,-0.695367,1
635.4,2026-08-15T15:02:42.840,33.6522861,-117.3044054,-180.5,-60.0626,12.1684,0.045,-0.796,-32.67,-0.707281,1
635.44,2026-08-15T15:02:42.880,33.6522904,-117.3044041,-180.38,-59.5844,12.1774,-0.005,-0.812,-33.37,-0.722966,1
635.48,2026-08-15T15:02:42.920,33.6522946,-117.3044028,-180.26,-59.1174,12.1416,-0.047,-0.818,-34.31,-0.741148,1
635.52,2026-08-15T15:02:42.960,33.6522988,-117.3044013,-180.121,-58.6504,12.1416,-0.071,-0.816,-35.43,-0.765342,1
635.56,2026-08-15T15:02:43.000,33.6523031,-117.3043997,-179.973,-58.1723,12.2042,-0.076,-0.816,-36.49,-0.792303,1
635.6,2026-08-15T15:02:43.040,33.6523072,-117.3043979,-179.806,-57.7164,12.231,-0.072,-0.827,-37.41,-0.814064,1
635.64,2026-08-15T15:02:43.080,33.6523115,-117.3043960,-179.63,-57.2382,12.2578,-0.069,-0.851,-38.19,-0.83286,1
635.68,2026-08-15T15:02:43.120,33.6523156,-117.3043939,-179.436,-56.7823,12.3025,-0.067,-0.873,-38.81,-0.849468,1
635.72,2026-08-15T15:02:43.160,33.6523195,-117.3043917,-179.232,-56.3487,12.2981,-0.069,-0.891,-39.24,-0.858567,1
635.76,2026-08-15T15:02:43.200,33.6523236,-117.3043894,-179.019,-55.8928,12.2578,-0.07,-0.894,-39.57,-0.862955,1
635.8,2026-08-15T15:02:43.240,33.6523274,-117.3043870,-178.797,-55.4702,12.24,-0.062,-0.892,-39.77,-0.866052,1
635.84,2026-08-15T15:02:43.280,33.6523312,-117.3043845,-178.566,-55.0477,12.231,-0.049,-0.89,-39.77,-0.865419,1
635.88,2026-08-15T15:02:43.320,33.6523352,-117.3043817,-178.307,-54.6029,12.24,-0.034,-0.89,-39.57,-0.861696,1
635.92,2026-08-15T15:02:43.360,33.6523389,-117.3043790,-178.057,-54.1915,12.316,-0.019,-0.898,-39.18,-0.858501,1
635.96,2026-08-15T15:02:43.400,33.6523426,-117.3043761,-177.788,-53.7801,12.3651,-0.012,-0.912,-38.6,-0.849169,1
636,2026-08-15T15:02:43.440,33.6523463,-117.3043730,-177.501,-53.3686,12.4054,-0.017,-0.914,-37.92,-0.836924,1
636.04,2026-08-15T15:02:43.480,33.6523499,-117.3043698,-177.205,-52.9683,12.459,-0.034,-0.901,-37.21,-0.824805,1
636.08,2026-08-15T15:02:43.520,33.6523535,-117.3043664,-176.891,-52.568,12.4679,-0.066,-0.877,-36.39,-0.807208,1
636.12,2026-08-15T15:02:43.560,33.6523571,-117.3043631,-176.585,-52.1677,12.4277,-0.105,-0.837,-35.45,-0.783819,1
636.16,2026-08-15T15:02:43.600,33.6523603,-117.3043597,-176.27,-51.8119,12.316,-0.142,-0.798,-34.2,-0.749381,1
636.2,2026-08-15T15:02:43.640,33.6523637,-117.3043562,-175.946,-51.4339,12.24,-0.166,-0.767,-32.05,-0.697937,1
636.24,2026-08-15T15:02:43.680,33.6523669,-117.3043525,-175.604,-51.078,12.2265,-0.173,-0.724,-28.78,-0.626041,1
636.28,2026-08-15T15:02:43.720,33.6523700,-117.3043490,-175.28,-50.7333,12.1729,-0.154,-0.656,-24.15,-0.523021,1
636.32,2026-08-15T15:02:43.760,33.6523733,-117.3043453,-174.938,-50.3664,12.2131,-0.121,-0.534,-17.62,-0.382861,1
636.36,2026-08-15T15:02:43.800,33.6523765,-117.3043416,-174.595,-50.0106,12.2712,-0.081,-0.359,-9.99,-0.218103,1
636.4,2026-08-15T15:02:43.840,33.6523797,-117.3043379,-174.253,-49.6547,12.2936,-0.041,-0.143,-2.05,-0.0448375,1
636.44,2026-08-15T15:02:43.880,33.6523831,-117.3043344,-173.929,-49.2767,12.2847,-0.014,0.089,5.62,0.122831,1
636.48,2026-08-15T15:02:43.920,33.6523864,-117.3043310,-173.614,-48.9097,12.3294,-0.002,0.326,12.45,0.273098,1
636.52,2026-08-15T15:02:43.960,33.6523899,-117.3043276,-173.299,-48.5205,12.3294,-0.01,0.539,18.07,0.396376,1
636.56,2026-08-15T15:02:44.000,33.6523936,-117.3043246,-173.022,-48.1091,12.2936,-0.032,0.707,22.66,0.495618,1
636.6,2026-08-15T15:02:44.040,33.6523972,-117.3043216,-172.744,-47.7088,12.2534,-0.063,0.817,26.45,0.57662,1
636.64,2026-08-15T15:02:44.080,33.6524009,-117.3043187,-172.475,-47.2974,12.1595,-0.092,0.875,29.9,0.646837,1
636.68,2026-08-15T15:02:44.120,33.6524045,-117.3043159,-172.216,-46.8971,12.1193,-0.111,0.905,32.74,0.705932,1
636.72,2026-08-15T15:02:44.160,33.6524083,-117.3043132,-171.966,-46.4746,12.155,-0.118,0.903,34.95,0.755807,1
636.76,2026-08-15T15:02:44.200,33.6524123,-117.3043106,-171.726,-46.0298,12.1818,-0.12,0.882,36.59,0.793019,1
636.8,2026-08-15T15:02:44.240,33.6524161,-117.3043082,-171.504,-45.6072,12.1863,-0.118,0.848,37.7,0.817376,1
636.84,2026-08-15T15:02:44.280,33.6524201,-117.3043059,-171.291,-45.1625,12.1237,-0.123,0.809,38.29,0.825904,1
636.88,2026-08-15T15:02:44.320,33.6524240,-117.3043036,-171.078,-44.7288,12.0835,-0.13,0.786,38.9,0.836277,1
636.92,2026-08-15T15:02:44.360,33.6524281,-117.3043015,-170.883,-44.2729,12.0835,-0.139,0.817,39.7,0.853476,1
636.96,2026-08-15T15:02:44.400,33.6524320,-117.3042995,-170.698,-43.8392,12.0343,-0.149,0.873,40.73,0.872056,1
637,2026-08-15T15:02:44.440,33.6524361,-117.3042978,-170.541,-43.3833,12.0477,-0.154,0.934,41.94,0.898963,1
637.04,2026-08-15T15:02:44.480,33.6524403,-117.3042963,-170.402,-42.9163,11.9762,-0.14,0.969,43.14,0.919195,1
637.08,2026-08-15T15:02:44.520,33.6524445,-117.3042948,-170.263,-42.4493,11.9002,-0.099,0.961,44.09,0.933475,1
637.12,2026-08-15T15:02:44.560,33.6524485,-117.3042935,-170.143,-42.0045,11.9047,-0.033,0.924,44.46,0.941663,1
637.16,2026-08-15T15:02:44.600,33.6524528,-117.3042921,-170.013,-41.5264,12.0477,0.045,0.894,44.1,0.945262,1
637.2,2026-08-15T15:02:44.640,33.6524573,-117.3042909,-169.902,-41.026,12.2668,0.123,0.889,42.7,0.931894,1
637.24,2026-08-15T15:02:44.680,33.6524617,-117.3042899,-169.81,-40.5368,12.4635,0.179,0.894,40.4,0.895837,1
637.28,2026-08-15T15:02:44.720,33.6524661,-117.3042891,-169.736,-40.0475,12.5395,0.205,0.892,37.34,0.833032,1
637.32,2026-08-15T15:02:44.760,33.6524707,-117.3042884,-169.671,-39.536,12.5752,0.211,0.861,33.71,0.754194,1
637.36,2026-08-15T15:02:44.800,33.6524752,-117.3042878,-169.615,-39.0356,12.6244,0.212,0.795,29.47,0.661911,1
637.4,2026-08-15T15:02:44.840,33.6524799,-117.3042872,-169.56,-38.513,12.6915,0.22,0.711,25.27,0.570592,1
637.44,2026-08-15T15:02:44.880,33.6524844,-117.3042866,-169.504,-38.0126,12.8032,0.242,0.63,21.36,0.486552,1
637.48,2026-08-15T15:02:44.920,33.6524892,-117.3042860,-169.449,-37.4789,13.0044,0.275,0.567,18.1,0.418771,1
637.52,2026-08-15T15:02:44.960,33.6524940,-117.3042856,-169.412,-36.9452,13.1698,0.319,0.521,15.89,0.372316,1
637.56,2026-08-15T15:02:45.000,33.6524989,-117.3042852,-169.375,-36.4003,13.3844,0.358,0.487,14.99,0.356951,1
637.6,2026-08-15T15:02:45.040,33.6525039,-117.3042850,-169.356,-35.8443,13.5855,0.385,0.462,15.11,0.365216,1
637.64,2026-08-15T15:02:45.080,33.6525090,-117.3042847,-169.328,-35.2772,13.7599,0.391,0.449,16.01,0.391936,1
637.68,2026-08-15T15:02:45.120,33.6525139,-117.3042846,-169.319,-34.7324,13.9119,0.377,0.439,17.21,0.425966,1
637.72,2026-08-15T15:02:45.160,33.6525190,-117.3042845,-169.31,-34.1653,14.0192,0.349,0.434,18.27,0.45569,1
637.76,2026-08-15T15:02:45.200,33.6525242,-117.3042845,-169.31,-33.5871,14.1131,0.324,0.428,18.86,0.473556,1
637.8,2026-08-15T15:02:45.240,33.6525293,-117.3042846,-169.319,-33.02,14.2472,0.325,0.424,18.65,0.472733,1
637.84,2026-08-15T15:02:45.280,33.6525346,-117.3042847,-169.328,-32.4306,14.4305,0.35,0.435,17.54,0.450316,1
637.88,2026-08-15T15:02:45.320,33.6525400,-117.3042848,-169.338,-31.8302,14.6719,0.383,0.437,15.49,0.404338,1
637.92,2026-08-15T15:02:45.360,33.6525455,-117.3042850,-169.356,-31.2186,14.9267,0.406,0.417,12.85,0.341251,1
637.96,2026-08-15T15:02:45.400,33.6525508,-117.3042855,-169.402,-30.6293,15.11,0.405,0.361,9.94,0.267213,1
638,2026-08-15T15:02:45.440,33.6525565,-117.3042858,-169.43,-29.9955,15.2217,0.377,0.268,7.18,0.194445,1
638.04,2026-08-15T15:02:45.480,33.6525620,-117.3042860,-169.449,-29.3839,15.2709,0.347,0.16,4.72,0.128237,1
638.08,2026-08-15T15:02:45.520,33.6525675,-117.3042862,-169.467,-28.7723,15.3514,0.335,0.065,2.62,0.0715577,1
638.12,2026-08-15T15:02:45.560,33.6525731,-117.3042863,-169.476,-28.1496,15.5481,0.338,-0.007,0.75,0.0207465,1
638.16,2026-08-15T15:02:45.600,33.6525790,-117.3042866,-169.504,-27.4936,15.7895,0.344,-0.064,-1.03,-0.0289343,1
638.2,2026-08-15T15:02:45.640,33.6525847,-117.3042867,-169.514,-26.8598,16.0264,0.338,-0.116,-2.85,-0.0812622,1
638.24,2026-08-15T15:02:45.680,33.6525906,-117.3042868,-169.523,-26.2037,16.1247,0.307,-0.172,-4.86,-0.139424,1
638.28,2026-08-15T15:02:45.720,33.6525964,-117.3042868,-169.523,-25.5588,16.1605,0.258,-0.221,-6.85,-0.196949,1
638.32,2026-08-15T15:02:45.760,33.6526023,-117.3042867,-169.514,-24.9027,16.1784,0.202,-0.265,-8.83,-0.254158,1
638.36,2026-08-15T15:02:45.800,33.6526082,-117.3042867,-169.514,-24.2467,16.2276,0.142,-0.314,-10.85,-0.31325,1
638.4,2026-08-15T15:02:45.840,33.6526140,-117.3042866,-169.504,-23.6018,16.2633,0.068,-0.368,-12.82,-0.370942,1
638.44,2026-08-15T15:02:45.880,33.6526199,-117.3042863,-169.476,-22.9457,16.2365,-0.017,-0.422,-14.71,-0.424926,1
638.48,2026-08-15T15:02:45.920,33.6526258,-117.3042859,-169.439,-22.2897,16.1605,-0.11,-0.481,-16.72,-0.480728,1
638.52,2026-08-15T15:02:45.960,33.6526314,-117.3042855,-169.402,-21.667,15.9906,-0.189,-0.54,-18.69,-0.53172,1
638.56,2026-08-15T15:02:46.000,33.6526371,-117.3042850,-169.356,-21.0332,15.861,-0.237,-0.592,-20.34,-0.57397,1
638.6,2026-08-15T15:02:46.040,33.6526428,-117.3042843,-169.291,-20.3994,15.7939,-0.249,-0.64,-21.56,-0.605825,1
638.64,2026-08-15T15:02:46.080,33.6526484,-117.3042835,-169.217,-19.7767,15.8118,-0.237,-0.691,-22.23,-0.625359,1
638.68,2026-08-15T15:02:46.120,33.6526541,-117.3042826,-169.134,-19.1428,15.8207,-0.212,-0.723,-22.38,-0.629934,1
638.72,2026-08-15T15:02:46.160,33.6526599,-117.3042814,-169.023,-18.4979,15.8073,-0.195,-0.729,-22.23,-0.625182,1
638.76,2026-08-15T15:02:46.200,33.6526655,-117.3042802,-168.912,-17.8752,15.8073,-0.192,-0.707,-22.07,-0.620682,1
638.8,2026-08-15T15:02:46.240,33.6526710,-117.3042791,-168.81,-17.2637,15.7224,-0.19,-0.661,-22.02,-0.615949,1
638.84,2026-08-15T15:02:46.280,33.6526766,-117.3042779,-168.699,-16.641,15.6598,-0.184,-0.623,-22.14,-0.61684,1
638.88,2026-08-15T15:02:46.320,33.6526821,-117.3042766,-168.579,-16.0294,15.6151,-0.173,-0.624,-22.2,-0.616746,1
638.92,2026-08-15T15:02:46.360,33.6526876,-117.3042751,-168.44,-15.4178,15.6464,-0.159,-0.645,-22.11,-0.615477,1
638.96,2026-08-15T15:02:46.400,33.6526932,-117.3042734,-168.282,-14.7951,15.6196,-0.145,-0.67,-21.88,-0.60803,1
639,2026-08-15T15:02:46.440,33.6526985,-117.3042717,-168.125,-14.2058,15.6196,-0.129,-0.694,-21.58,-0.599693,1
639.04,2026-08-15T15:02:46.480,33.6527040,-117.3042699,-167.959,-13.5942,15.6285,-0.103,-0.709,-21.35,-0.593641,1
639.08,2026-08-15T15:02:46.520,33.6527094,-117.3042679,-167.773,-12.9938,15.6375,-0.077,-0.704,-21.32,-0.593146,1
639.12,2026-08-15T15:02:46.560,33.6527149,-117.3042658,-167.579,-12.3822,15.6509,-0.053,-0.702,-21.53,-0.599502,1
639.16,2026-08-15T15:02:46.600,33.6527201,-117.3042637,-167.385,-11.804,15.6956,-0.036,-0.703,-22.05,-0.615735,1
639.2,2026-08-15T15:02:46.640,33.6527255,-117.3042615,-167.181,-11.2035,15.7224,-0.04,-0.713,-22.81,-0.638047,1
639.24,2026-08-15T15:02:46.680,33.6527309,-117.3042591,-166.959,-10.6031,15.6956,-0.053,-0.728,-23.75,-0.663207,1
639.28,2026-08-15T15:02:46.720,33.6527360,-117.3042565,-166.718,-10.036,15.6911,-0.073,-0.745,-24.75,-0.690935,1
639.32,2026-08-15T15:02:46.760,33.6527413,-117.3042540,-166.487,-9.44665,15.709,-0.094,-0.756,-25.75,-0.719671,1
639.36,2026-08-15T15:02:46.800,33.6527464,-117.3042512,-166.228,-8.87956,15.6956,-0.112,-0.774,-26.6,-0.742792,1
639.4,2026-08-15T15:02:46.840,33.6527516,-117.3042484,-165.968,-8.30134,15.6866,-0.133,-0.792,-27.36,-0.763579,1
639.44,2026-08-15T15:02:46.880,33.6527567,-117.3042454,-165.691,-7.73425,15.6106,-0.163,-0.805,-28.14,-0.781543,1
639.48,2026-08-15T15:02:46.920,33.6527616,-117.3042423,-165.404,-7.1894,15.4899,-0.2,-0.813,-29.16,-0.80361,1
639.52,2026-08-15T15:02:46.960,33.6527664,-117.3042392,-165.117,-6.65566,15.3558,-0.227,-0.816,-30.38,-0.829983,1
639.56,2026-08-15T15:02:47.000,33.6527711,-117.3042359,-164.811,-6.13304,15.2977,-0.239,-0.821,-31.59,-0.859774,1
639.6,2026-08-15T15:02:47.040,33.6527759,-117.3042326,-164.506,-5.59931,15.2351,-0.235,-0.831,-32.62,-0.884175,1
639.64,2026-08-15T15:02:47.080,33.6527806,-117.3042292,-164.191,-5.07669,15.2172,-0.22,-0.857,-33.29,-0.901277,1
639.68,2026-08-15T15:02:47.120,33.6527851,-117.3042257,-163.867,-4.57631,15.2128,-0.194,-0.885,-33.53,-0.907508,1
639.72,2026-08-15T15:02:47.160,33.6527897,-117.3042219,-163.516,-4.06482,15.1949,-0.172,-0.917,-33.41,-0.903197,1
639.76,2026-08-15T15:02:47.200,33.6527941,-117.3042181,-163.164,-3.57556,15.1725,-0.157,-0.938,-33.07,-0.89269,1
639.8,2026-08-15T15:02:47.240,33.6527985,-117.3042142,-162.803,-3.0863,15.1681,-0.144,-0.944,-32.61,-0.880014,1
639.84,2026-08-15T15:02:47.280,33.6528028,-117.3042101,-162.423,-2.60816,15.1591,-0.141,-0.927,-32.08,-0.865201,1
639.88,2026-08-15T15:02:47.320,33.6528069,-117.3042060,-162.044,-2.15227,15.101,-0.146,-0.9,-31.59,-0.848719,1
639.92,2026-08-15T15:02:47.360,33.6528110,-117.3042018,-161.655,-1.69637,15.0429,-0.155,-0.869,-31.27,-0.836889,1
639.96,2026-08-15T15:02:47.400,33.6528149,-117.3041975,-161.257,-1.26271,14.9714,-0.168,-0.845,-31.21,-0.831311,1
640,2026-08-15T15:02:47.440,33.6528190,-117.3041932,-160.859,-0.806807,14.882,-0.18,-0.846,-31.42,-0.831907,1
640.04,2026-08-15T15:02:47.480,33.6528228,-117.3041888,-160.452,-0.384266,14.8149,-0.185,-0.859,-31.8,-0.838174,1
640.08,2026-08-15T15:02:47.520,33.6528265,-117.3041842,-160.026,0.0271554,14.8015,-0.185,-0.88,-32.14,-0.846369,1
640.12,2026-08-15T15:02:47.560,33.6528301,-117.3041796,-159.6,0.427457,14.7478,-0.181,-0.901,-32.3,-0.8475,1
640.16,2026-08-15T15:02:47.600,33.6528337,-117.3041748,-159.156,0.827759,14.7344,-0.175,-0.917,-32.13,-0.842273,1
640.2,2026-08-15T15:02:47.640,33.6528372,-117.3041700,-158.712,1.21694,14.7121,-0.174,-0.923,-31.66,-0.828693,1
640.24,2026-08-15T15:02:47.680,33.6528405,-117.3041652,-158.267,1.58388,14.6093,-0.176,-0.926,-30.99,-0.805487,1
640.28,2026-08-15T15:02:47.720,33.6528437,-117.3041603,-157.814,1.93971,14.5422,-0.18,-0.92,-30.22,-0.781868,1
640.32,2026-08-15T15:02:47.760,33.6528468,-117.3041553,-157.351,2.28441,14.4573,-0.186,-0.918,-29.44,-0.757238,1
640.36,2026-08-15T15:02:47.800,33.6528499,-117.3041503,-156.888,2.62912,14.4305,-0.188,-0.91,-28.77,-0.738632,1
640.4,2026-08-15T15:02:47.840,33.6528528,-117.3041451,-156.407,2.95158,14.3947,-0.182,-0.896,-28.17,-0.721435,1
640.44,2026-08-15T15:02:47.880,33.6528556,-117.3041399,-155.926,3.26293,14.3679,-0.17,-0.869,-27.63,-0.706287,1
640.48,2026-08-15T15:02:47.920,33.6528583,-117.3041347,-155.444,3.56315,14.3589,-0.15,-0.84,-27.15,-0.693586,1
640.52,2026-08-15T15:02:47.960,33.6528610,-117.3041294,-154.954,3.86338,14.3142,-0.13,-0.823,-26.74,-0.680985,1
640.56,2026-08-15T15:02:48.000,33.6528635,-117.3041241,-154.463,4.14137,14.3187,-0.115,-0.822,-26.45,-0.67381,1
640.6,2026-08-15T15:02:48.040,33.6528660,-117.3041186,-153.954,4.41936,14.2874,-0.11,-0.832,-26.3,-0.668524,1
640.64,2026-08-15T15:02:48.080,33.6528683,-117.3041131,-153.445,4.6751,14.2472,-0.118,-0.847,-26.4,-0.669177,1
640.68,2026-08-15T15:02:48.120,33.6528705,-117.3041075,-152.927,4.91973,14.2293,-0.135,-0.859,-26.66,-0.674919,1
640.72,2026-08-15T15:02:48.160,33.6528726,-117.3041020,-152.418,5.15324,14.1935,-0.155,-0.853,-27.12,-0.684838,1
640.76,2026-08-15T15:02:48.200,33.6528745,-117.3040964,-151.899,5.36451,14.1533,-0.168,-0.833,-27.54,-0.693473,1
640.8,2026-08-15T15:02:48.240,33.6528765,-117.3040908,-151.381,5.5869,14.0728,-0.166,-0.8,-27.74,-0.694538,1
640.84,2026-08-15T15:02:48.280,33.6528783,-117.3040852,-150.863,5.78705,14.0371,-0.142,-0.763,-27.32,-0.682284,1
640.88,2026-08-15T15:02:48.320,33.6528800,-117.3040795,-150.335,5.97608,14.0773,-0.101,-0.724,-26.21,-0.656439,1
640.92,2026-08-15T15:02:48.360,33.6528818,-117.3040738,-149.808,6.17623,14.1131,-0.041,-0.681,-24.23,-0.608391,1
640.96,2026-08-15T15:02:48.400,33.6528835,-117.3040680,-149.271,6.36527,14.2293,0.023,-0.641,-21.4,-0.541758,1
641,2026-08-15T15:02:48.440,33.6528851,-117.3040620,-148.715,6.54318,14.3142,0.084,-0.581,-17.58,-0.447708,1
641.04,2026-08-15T15:02:48.480,33.6528866,-117.3040560,-148.16,6.70997,14.3902,0.134,-0.497,-13.39,-0.342812,1
641.08,2026-08-15T15:02:48.520,33.6528882,-117.3040501,-147.614,6.88788,14.4796,0.17,-0.386,-9.21,-0.23726,1
641.12,2026-08-15T15:02:48.560,33.6528897,-117.3040441,-147.058,7.05467,14.5735,0.192,-0.251,-5.46,-0.141568,1
641.16,2026-08-15T15:02:48.600,33.6528915,-117.3040381,-146.503,7.25483,14.6629,0.204,-0.127,-2.69,-0.0701747,1
641.2,2026-08-15T15:02:48.640,33.6528933,-117.3040319,-145.929,7.45498,14.7478,0.213,-0.033,-1.2,-0.0314861,1
641.24,2026-08-15T15:02:48.680,33.6528950,-117.3040259,-145.374,7.64401,14.8373,0.221,0.025,-0.74,-0.0195341,1
641.28,2026-08-15T15:02:48.720,33.6528967,-117.3040197,-144.8,7.83304,14.9445,0.233,0.05,-1.13,-0.0300448,1
641.32,2026-08-15T15:02:48.760,33.6528984,-117.3040134,-144.217,8.02207,15.0965,0.246,0.034,-2.13,-0.0572091,1
641.36,2026-08-15T15:02:48.800,33.6529000,-117.3040072,-143.643,8.19998,15.2351,0.258,-0.004,-3.53,-0.0956817,1
641.4,2026-08-15T15:02:48.840,33.6529018,-117.3040008,-143.051,8.40013,15.3916,0.267,-0.072,-5.31,-0.145407,1
641.44,2026-08-15T15:02:48.880,33.6529035,-117.3039944,-142.458,8.58916,15.5212,0.269,-0.17,-7.63,-0.210697,1
641.48,2026-08-15T15:02:48.920,33.6529051,-117.3039879,-141.857,8.76708,15.624,0.262,-0.28,-10.18,-0.282976,1
641.52,2026-08-15T15:02:48.960,33.6529066,-117.3039814,-141.255,8.93387,15.7492,0.23,-0.392,-12.88,-0.360897,1
641.56,2026-08-15T15:02:49.000,33.6529079,-117.3039747,-140.635,9.07842,15.8029,0.172,-0.485,-15.47,-0.434945,1
641.6,2026-08-15T15:02:49.040,33.6529094,-117.3039682,-140.033,9.24521,15.8118,0.1,-0.551,-17.66,-0.496799,1
641.64,2026-08-15T15:02:49.080,33.6529107,-117.3039615,-139.413,9.38977,15.7671,0.007,-0.586,-19.46,-0.545887,1
641.68,2026-08-15T15:02:49.120,33.6529119,-117.3039550,-138.811,9.5232,15.6732,-0.086,-0.616,-20.97,-0.584743,1
641.72,2026-08-15T15:02:49.160,33.6529130,-117.3039484,-138.201,9.64552,15.5615,-0.167,-0.643,-22.26,-0.616288,1
641.76,2026-08-15T15:02:49.200,33.6529140,-117.3039419,-137.599,9.75671,15.4452,-0.227,-0.672,-23.38,-0.642462,1
641.8,2026-08-15T15:02:49.240,33.6529148,-117.3039354,-136.997,9.84567,15.3737,-0.261,-0.695,-24.38,-0.666838,1
641.84,2026-08-15T15:02:49.280,33.6529156,-117.3039289,-136.396,9.93462,15.3022,-0.263,-0.707,-25.06,-0.682249,1
641.88,2026-08-15T15:02:49.320,33.6529163,-117.3039225,-135.803,10.0125,15.2843,-0.25,-0.71,-25.45,-0.692057,1
641.92,2026-08-15T15:02:49.360,33.6529169,-117.3039158,-135.183,10.0792,15.2709,-0.225,-0.72,-25.53,-0.693623,1
641.96,2026-08-15T15:02:49.400,33.6529174,-117.3039093,-134.581,10.1348,15.2619,-0.205,-0.728,-25.41,-0.689958,1
642,2026-08-15T15:02:49.440,33.6529177,-117.3039029,-133.989,10.1681,15.1904,-0.199,-0.722,-25.26,-0.682671,1
642.04,2026-08-15T15:02:49.480,33.6529180,-117.3038964,-133.387,10.2015,15.1055,-0.2,-0.709,-25.22,-0.677779,1
642.08,2026-08-15T15:02:49.520,33.6529182,-117.3038899,-132.786,10.2237,15.034,-0.206,-0.687,-25.32,-0.677244,1
642.12,2026-08-15T15:02:49.560,33.6529183,-117.3038837,-132.212,10.2348,14.9401,-0.216,-0.677,-25.54,-0.678863,1
642.16,2026-08-15T15:02:49.600,33.6529185,-117.3038772,-131.61,10.2571,14.8507,-0.22,-0.687,-25.81,-0.681934,1
642.2,2026-08-15T15:02:49.640,33.6529183,-117.3038710,-131.036,10.2348,14.7478,-0.222,-0.719,-26.06,-0.683772,1
642.24,2026-08-15T15:02:49.680,33.6529180,-117.3038646,-130.444,10.2015,14.6942,-0.224,-0.748,-26.27,-0.686775,1
642.28,2026-08-15T15:02:49.720,33.6529177,-117.3038584,-129.87,10.1681,14.6361,-0.224,-0.765,-26.49,-0.689788,1
642.32,2026-08-15T15:02:49.760,33.6529173,-117.3038522,-129.296,10.1237,14.5243,-0.222,-0.772,-26.74,-0.690981,1
642.36,2026-08-15T15:02:49.800,33.6529168,-117.3038460,-128.722,10.0681,14.4662,-0.216,-0.773,-27.03,-0.69568,1
642.4,2026-08-15T15:02:49.840,33.6529162,-117.3038399,-128.158,10.0013,14.3902,-0.211,-0.771,-27.35,-0.700218,1
642.44,2026-08-15T15:02:49.880,33.6529154,-117.3038337,-127.584,9.91238,14.2919,-0.208,-0.781,-27.74,-0.705349,1
642.48,2026-08-15T15:02:49.920,33.6529146,-117.3038277,-127.029,9.82343,14.2695,-0.208,-0.794,-28.16,-0.714908,1
642.52,2026-08-15T15:02:49.960,33.6529137,-117.3038217,-126.473,9.72335,14.2516,-0.204,-0.804,-28.62,-0.725676,1
642.56,2026-08-15T15:02:50.000,33.6529127,-117.3038156,-125.909,9.61216,14.1935,-0.199,-0.808,-29.07,-0.73408,1
642.6,2026-08-15T15:02:50.040,33.6529116,-117.3038096,-125.353,9.48984,14.1712,-0.182,-0.812,-29.48,-0.743261,1
642.64,2026-08-15T15:02:50.080,33.6529104,-117.3038038,-124.816,9.35641,14.122,-0.149,-0.816,-29.76,-0.747717,1
642.68,2026-08-15T15:02:50.120,33.6529091,-117.3037978,-124.261,9.21186,14.1175,-0.108,-0.818,-29.89,-0.750746,1
642.72,2026-08-15T15:02:50.160,33.6529077,-117.3037919,-123.715,9.05618,14.1488,-0.056,-0.82,-29.78,-0.749641,1
642.76,2026-08-15T15:02:50.200,33.6529061,-117.3037861,-123.178,8.87827,14.189,-0.004,-0.821,-29.47,-0.743947,1
642.8,2026-08-15T15:02:50.240,33.6529045,-117.3037803,-122.641,8.70036,14.3008,0.037,-0.818,-28.99,-0.737594,1
642.84,2026-08-15T15:02:50.280,33.6529027,-117.3037743,-122.086,8.50021,14.3768,0.064,-0.81,-28.44,-0.727445,1
642.88,2026-08-15T15:02:50.320,33.6529009,-117.3037685,-121.549,8.30006,14.4081,0.079,-0.804,-27.93,-0.715955,1
642.92,2026-08-15T15:02:50.360,33.6528989,-117.3037626,-121.003,8.07767,14.4528,0.08,-0.797,-27.57,-0.70892,1
642.96,2026-08-15T15:02:50.400,33.6528970,-117.3037569,-120.475,7.8664,14.493,0.077,-0.781,-27.42,-0.707026,1
643,2026-08-15T15:02:50.440,33.6528947,-117.3037512,-119.948,7.61065,14.493,0.073,-0.766,-27.44,-0.707541,1
643.04,2026-08-15T15:02:50.480,33.6528925,-117.3037456,-119.429,7.36602,14.493,0.074,-0.756,-27.56,-0.710636,1
643.08,2026-08-15T15:02:50.520,33.6528902,-117.3037399,-118.902,7.11027,14.5333,0.076,-0.746,-27.7,-0.716228,1
643.12,2026-08-15T15:02:50.560,33.6528877,-117.3037342,-118.374,6.83228,14.6093,0.08,-0.743,-27.77,-0.721793,1
643.16,2026-08-15T15:02:50.600,33.6528852,-117.3037286,-117.856,6.5543,14.6719,0.086,-0.748,-27.72,-0.72358,1
643.2,2026-08-15T15:02:50.640,33.6528825,-117.3037231,-117.347,6.25407,14.7389,0.089,-0.753,-27.56,-0.722691,1
643.24,2026-08-15T15:02:50.680,33.6528796,-117.3037176,-116.838,5.93161,14.7926,0.088,-0.761,-27.31,-0.718742,1
643.28,2026-08-15T15:02:50.720,33.6528769,-117.3037121,-116.329,5.63138,14.806,0.084,-0.77,-27.02,-0.711755,1
643.32,2026-08-15T15:02:50.760,33.6528740,-117.3037068,-115.838,5.30891,14.8328,0.076,-0.766,-26.74,-0.705655,1
643.36,2026-08-15T15:02:50.800,33.6528709,-117.3037014,-115.338,4.96421,14.8909,0.07,-0.757,-26.48,-0.701532,1
643.4,2026-08-15T15:02:50.840,33.6528678,-117.3036961,-114.848,4.61951,14.9535,0.065,-0.741,-26.23,-0.697829,1
643.44,2026-08-15T15:02:50.880,33.6528646,-117.3036908,-114.357,4.26368,14.9937,0.065,-0.729,-25.92,-0.691437,1
643.48,2026-08-15T15:02:50.920,33.6528612,-117.3036856,-113.876,3.88562,15.0384,0.066,-0.726,-25.48,-0.681726,1
643.52,2026-08-15T15:02:50.960,33.6528579,-117.3036805,-113.404,3.51868,15.0921,0.069,-0.728,-24.67,-0.662409,1
643.56,2026-08-15T15:02:51.000,33.6528544,-117.3036754,-112.932,3.12949,15.1591,0.074,-0.725,-23.41,-0.63137,1
643.6,2026-08-15T15:02:51.040,33.6528508,-117.3036704,-112.469,2.72919,15.2351,0.081,-0.706,-21.56,-0.58439,1
643.64,2026-08-15T15:02:51.080,33.6528472,-117.3036654,-112.006,2.32889,15.2932,0.085,-0.655,-18.7,-0.508803,1
643.68,2026-08-15T15:02:51.120,33.6528435,-117.3036604,-111.543,1.91747,15.3782,0.081,-0.566,-14.94,-0.408756,1
643.72,2026-08-15T15:02:51.160,33.6528398,-117.3036553,-111.071,1.50605,15.4184,0.067,-0.435,-10.41,-0.285561,1
643.76,2026-08-15T15:02:51.200,33.6528361,-117.3036504,-110.618,1.09463,15.3961,0.037,-0.265,-5.27,-0.144354,1
643.8,2026-08-15T15:02:51.240,33.6528325,-117.3036453,-110.146,0.694325,15.3603,-0.002,-0.064,0.17,0.00464576,1
643.84,2026-08-15T15:02:51.280,33.6528290,-117.3036402,-109.674,0.305143,15.3111,-0.05,0.142,5.38,0.146554,1
643.88,2026-08-15T15:02:51.320,33.6528257,-117.3036351,-109.202,-0.0618005,15.253,-0.103,0.335,10.53,0.285754,1
643.92,2026-08-15T15:02:51.360,33.6528223,-117.3036300,-108.729,-0.439863,15.1815,-0.149,0.507,15.3,0.413251,1
643.96,2026-08-15T15:02:51.400,33.6528192,-117.3036247,-108.239,-0.784568,15.1055,-0.18,0.664,19.88,0.534268,1
644,2026-08-15T15:02:51.440,33.6528161,-117.3036193,-107.739,-1.12927,15.0429,-0.196,0.785,24.02,0.642855,1
644.04,2026-08-15T15:02:51.480,33.6528132,-117.3036139,-107.239,-1.45174,14.9758,-0.196,0.874,27.67,0.73724,1
644.08,2026-08-15T15:02:51.520,33.6528103,-117.3036084,-106.73,-1.7742,14.9624,-0.18,0.933,30.61,0.814843,1
644.12,2026-08-15T15:02:51.560,33.6528077,-117.3036029,-106.221,-2.06331,14.9535,-0.157,0.967,33.01,0.878206,1
644.16,2026-08-15T15:02:51.600,33.6528051,-117.3035974,-105.712,-2.35242,14.882,-0.13,0.979,34.73,0.919546,1
644.2,2026-08-15T15:02:51.640,33.6528027,-117.3035917,-105.184,-2.61928,14.8283,-0.092,0.959,35.92,0.947625,0
644.24,2026-08-15T15:02:51.680,33.6528003,-117.3035859,-104.648,-2.88615,14.8238,-0.039,0.923,36.57,0.964482,0
644.28,2026-08-15T15:02:51.720,33.6527980,-117.3035802,-104.12,-3.1419,14.8641,0.03,0.888,36.52,0.965778,0
644.32,2026-08-15T15:02:51.760,33.6527956,-117.3035742,-103.565,-3.40877,15.0563,0.096,0.875,35.79,0.958713,0
644.36,2026-08-15T15:02:51.800,33.6527935,-117.3035682,-103.009,-3.64228,15.1636,0.145,0.898,34.46,0.929664,0
644.4,2026-08-15T15:02:51.840,33.6527914,-117.3035620,-102.435,-3.87579,15.2441,0.158,0.927,32.65,0.885508,0
644.44,2026-08-15T15:02:51.880,33.6527896,-117.3035558,-101.862,-4.07594,15.2441,0.143,0.92,30.75,0.833977,0
644.48,2026-08-15T15:02:51.920,33.6527880,-117.3035496,-101.288,-4.25385,15.1904,0.121,0.885,29.07,0.785639,0
644.52,2026-08-15T15:02:51.960,33.6527862,-117.3035434,-100.714,-4.454,15.2038,0.126,0.835,27.6,0.74657,0
644.56,2026-08-15T15:02:52.000,33.6527844,-117.3035371,-100.131,-4.65415,15.2932,0.159,0.788,26.38,0.717766,0
644.6,2026-08-15T15:02:52.040,33.6527828,-117.3035306,-99.529,-4.83206,15.4944,0.217,0.783,25.33,0.698262,0
644.64,2026-08-15T15:02:52.080,33.6527814,-117.3035240,-98.9181,-4.98774,15.7179,0.273,0.798,24.29,0.679252,0
644.68,2026-08-15T15:02:52.120,33.6527801,-117.3035172,-98.2887,-5.13229,15.9102,0.312,0.798,23.41,0.66265,0
644.72,2026-08-15T15:02:52.160,33.6527788,-117.3035104,-97.6593,-5.27684,16.0398,0.324,0.775,22.83,0.651498,0
644.76,2026-08-15T15:02:52.200,33.6527776,-117.3035037,-97.0392,-5.41028,16.0621,0.32,0.728,22.62,0.646405,0
644.8,2026-08-15T15:02:52.240,33.6527764,-117.3034969,-96.4097,-5.54371,16.156,0.318,0.678,22.76,0.654207,0
644.84,2026-08-15T15:02:52.280,33.6527752,-117.3034899,-95.7618,-5.67714,16.2767,0.33,0.653,23.14,0.670099,0
644.88,2026-08-15T15:02:52.320,33.6527742,-117.3034830,-95.1232,-5.78834,16.46,0.352,0.655,23.5,0.688187,0
644.92,2026-08-15T15:02:52.360,33.6527733,-117.3034757,-94.4475,-5.88841,16.6433,0.381,0.671,23.69,0.701476,0
644.96,2026-08-15T15:02:52.400,33.6527725,-117.3034684,-93.7718,-5.97737,16.8981,0.412,0.685,23.47,0.705602,0
645,2026-08-15T15:02:52.440,33.6527718,-117.3034610,-93.0868,-6.05521,17.1127,0.436,0.69,22.8,0.694163,0
645.04,2026-08-15T15:02:52.480,33.6527712,-117.3034536,-92.4019,-6.12192,17.296,0.448,0.679,21.43,0.659441,0
645.08,2026-08-15T15:02:52.520,33.6527706,-117.3034460,-91.6984,-6.18864,17.4211,0.452,0.648,19.33,0.599124,0
645.12,2026-08-15T15:02:52.560,33.6527700,-117.3034384,-90.995,-6.25536,17.5821,0.457,0.586,16.45,0.51457,0
645.16,2026-08-15T15:02:52.600,33.6527695,-117.3034308,-90.2915,-6.31096,17.7296,0.456,0.495,12.88,0.406278,0
645.2,2026-08-15T15:02:52.640,33.6527689,-117.3034230,-89.5696,-6.37767,17.9308,0.46,0.378,8.57,0.273394,0
645.24,2026-08-15T15:02:52.680,33.6527684,-117.3034151,-88.8383,-6.43327,18.1498,0.473,0.258,4.25,0.137237,0
645.28,2026-08-15T15:02:52.720,33.6527678,-117.3034071,-88.0979,-6.49999,18.3823,0.488,0.14,0.28,0.00915727,0
645.32,2026-08-15T15:02:52.760,33.6527672,-117.3033990,-87.3481,-6.5667,18.6237,0.496,0.031,-2.9,-0.0960886,0
645.36,2026-08-15T15:02:52.800,33.6527666,-117.3033909,-86.5984,-6.63342,18.807,0.493,-0.077,-5,-0.167301,0
645.4,2026-08-15T15:02:52.840,33.6527659,-117.3033826,-85.8302,-6.71126,18.9768,0.483,-0.166,-5.78,-0.195146,0
645.44,2026-08-15T15:02:52.880,33.6527652,-117.3033744,-85.0712,-6.78909,19.1288,0.469,-0.227,-5.78,-0.196709,0
645.48,2026-08-15T15:02:52.920,33.6527644,-117.3033661,-84.3029,-6.87805,19.2719,0.46,-0.252,-5.26,-0.180351,0
645.52,2026-08-15T15:02:52.960,33.6527635,-117.3033576,-83.5162,-6.97812,19.4999,0.451,-0.251,-4.65,-0.161322,0
645.56,2026-08-15T15:02:53.000,33.6527627,-117.3033491,-82.7294,-7.06708,19.7189,0.425,-0.23,-4.28,-0.150154,0
645.6,2026-08-15T15:02:53.040,33.6527620,-117.3033405,-81.9334,-7.14492,19.9022,0.369,-0.208,-4.27,-0.151195,0
645.64,2026-08-15T15:02:53.080,33.6527610,-117.3033319,-81.1374,-7.25611,20.0006,0.262,-0.196,-4.49,-0.159771,0
645.68,2026-08-15T15:02:53.120,33.6527602,-117.3033234,-80.3506,-7.34507,19.9201,0.107,-0.193,-4.87,-0.172595,0
645.72,2026-08-15T15:02:53.160,33.6527591,-117.3033150,-79.5731,-7.46738,19.7055,-0.078,-0.184,-5.27,-0.18476,0
645.76,2026-08-15T15:02:53.200,33.6527583,-117.3033068,-78.8141,-7.55634,19.4328,-0.28,-0.166,-5.65,-0.195341,0
645.8,2026-08-15T15:02:53.240,33.6527573,-117.3032987,-78.0644,-7.66753,19.1288,-0.46,-0.149,-6.03,-0.205217,0
645.84,2026-08-15T15:02:53.280,33.6527565,-117.3032907,-77.3239,-7.75649,18.874,-0.606,-0.146,-6.38,-0.214237,0
645.88,2026-08-15T15:02:53.320,33.6527555,-117.3032829,-76.6019,-7.86768,18.5611,-0.726,-0.164,-6.63,-0.21894,0
645.92,2026-08-15T15:02:53.360,33.6527547,-117.3032752,-75.8892,-7.95664,18.2616,-0.813,-0.191,-6.73,-0.218656,0
645.96,2026-08-15T15:02:53.400,33.6527536,-117.3032676,-75.1858,-8.07895,17.9844,-0.876,-0.215,-6.61,-0.211498,0
646,2026-08-15T15:02:53.440,33.6527525,-117.3032602,-74.5008,-8.20127,17.6581,-0.935,-0.215,-6.32,-0.19855,0
646.04,2026-08-15T15:02:53.480,33.6527516,-117.3032530,-73.8344,-8.30134,17.2468,-0.97,-0.197,-5.86,-0.17981,0
646.08,2026-08-15T15:02:53.520,33.6527506,-117.3032459,-73.1772,-8.41254,16.8311,-0.977,-0.166,-5.31,-0.159006,0
646.12,2026-08-15T15:02:53.560,33.6527497,-117.3032390,-72.5386,-8.51261,16.4734,-0.966,-0.143,-4.69,-0.137456,0
646.16,2026-08-15T15:02:53.600,33.6527488,-117.3032322,-71.9092,-8.61269,16.2052,-0.934,-0.132,-3.97,-0.11446,0
646.2,2026-08-15T15:02:53.640,33.6527478,-117.3032255,-71.289,-8.72389,15.9325,-0.894,-0.126,-3.3,-0.0935419,0
646.24,2026-08-15T15:02:53.680,33.6527468,-117.3032190,-70.6874,-8.83508,15.6866,-0.865,-0.119,-2.74,-0.0764696,0
646.28,2026-08-15T15:02:53.720,33.6527458,-117.3032125,-70.0857,-8.94628,15.3826,-0.847,-0.107,-2.28,-0.0623985,0
646.32,2026-08-15T15:02:53.760,33.6527449,-117.3032063,-69.5119,-9.04635,15.0518,-0.853,-0.091,-1.9,-0.0508805,0
646.36,2026-08-15T15:02:53.800,33.6527440,-117.3032001,-68.938,-9.14643,14.6853,-0.872,-0.073,-1.64,-0.0428483,0
646.4,2026-08-15T15:02:53.840,33.6527431,-117.3031942,-68.3919,-9.2465,14.3187,-0.889,-0.06,-1.42,-0.0361743,0
646.44,2026-08-15T15:02:53.880,33.6527422,-117.3031884,-67.855,-9.34658,13.9879,-0.891,-0.048,-1.3,-0.0323522,0
646.48,2026-08-15T15:02:53.920,33.6527413,-117.3031827,-67.3274,-9.44665,13.6884,-0.87,-0.039,-1.28,-0.0311724,0
646.52,2026-08-15T15:02:53.960,33.6527405,-117.3031770,-66.7999,-9.53561,13.4291,-0.814,-0.036,-1.38,-0.0329711,0
646.56,2026-08-15T15:02:54.000,33.6527395,-117.3031715,-66.2908,-9.6468,13.2324,-0.737,-0.034,-1.5,-0.0353133,0
646.6,2026-08-15T15:02:54.040,33.6527387,-117.3031660,-65.7817,-9.73576,13.0804,-0.654,-0.032,-1.62,-0.0377002,0
646.64,2026-08-15T15:02:54.080,33.6527379,-117.3031606,-65.2819,-9.82472,12.8882,-0.58,-0.029,-1.65,-0.0378341,0
646.68,2026-08-15T15:02:54.120,33.6527371,-117.3031552,-64.782,-9.91367,12.7719,-0.525,-0.026,-1.63,-0.0370384,0
646.72,2026-08-15T15:02:54.160,33.6527362,-117.3031499,-64.2915,-10.0137,12.6378,-0.489,-0.02,-1.58,-0.0355253,0
646.76,2026-08-15T15:02:54.200,33.6527354,-117.3031447,-63.8102,-10.1027,12.4367,-0.469,-0.02,-1.54,-0.0340747,0
646.8,2026-08-15T15:02:54.240,33.6527346,-117.3031396,-63.3381,-10.1917,12.2534,-0.455,-0.025,-1.51,-0.0329186,0
646.84,2026-08-15T15:02:54.280,33.6527338,-117.3031345,-62.8661,-10.2806,12.079,-0.443,-0.033,-1.49,-0.0320204,0
646.88,2026-08-15T15:02:54.320,33.6527328,-117.3031295,-62.4033,-10.3918,11.9628,-0.433,-0.042,-1.47,-0.0312866,0
646.92,2026-08-15T15:02:54.360,33.6527321,-117.3031245,-61.9405,-10.4696,11.86,-0.425,-0.047,-1.44,-0.0303847,0
646.96,2026-08-15T15:02:54.400,33.6527313,-117.3031196,-61.4869,-10.5586,11.7214,-0.423,-0.043,-1.43,-0.0298211,0
647,2026-08-15T15:02:54.440,33.6527304,-117.3031148,-61.0426,-10.6587,11.5605,-0.426,-0.033,-1.45,-0.029823,0
647.04,2026-08-15T15:02:54.480,33.6527296,-117.3031100,-60.5983,-10.7476,11.3727,-0.428,-0.021,-1.47,-0.0297433,0
647.08,2026-08-15T15:02:54.520,33.6527289,-117.3031053,-60.1633,-10.8255,11.1984,-0.429,-0.011,-1.49,-0.0296858,0
647.12,2026-08-15T15:02:54.560,33.6527281,-117.3031007,-59.7375,-10.9144,11.0821,-0.423,-0.009,-1.48,-0.0291805,0
647.16,2026-08-15T15:02:54.600,33.6527273,-117.3030961,-59.3118,-11.0034,10.9614,-0.405,-0.014,-1.41,-0.0274976,0
647.2,2026-08-15T15:02:54.640,33.6527265,-117.3030916,-58.8952,-11.0923,10.8452,-0.38,-0.023,-1.3,-0.0250835,0
647.24,2026-08-15T15:02:54.680,33.6527258,-117.3030871,-58.4787,-11.1702,10.7558,-0.352,-0.031,-1.17,-0.0223891,0
647.28,2026-08-15T15:02:54.720,33.6527249,-117.3030826,-58.0622,-11.2702,10.6753,-0.325,-0.032,-1.03,-0.0195626,0
647.32,2026-08-15T15:02:54.760,33.6527242,-117.3030781,-57.6457,-11.3481,10.6083,-0.302,-0.025,-0.94,-0.0177411,0
647.36,2026-08-15T15:02:54.800,33.6527234,-117.3030737,-57.2384,-11.437,10.501,-0.288,-0.014,-0.87,-0.0162539,0
647.4,2026-08-15T15:02:54.840,33.6527226,-117.3030694,-56.8404,-11.526,10.4071,-0.283,-0.004,-0.82,-0.0151828,0
647.44,2026-08-15T15:02:54.880,33.6527219,-117.3030650,-56.4331,-11.6038,10.3177,-0.281,0.004,-0.73,-0.0134003,0
647.48,2026-08-15T15:02:54.920,33.6527212,-117.3030608,-56.0444,-11.6817,10.2149,-0.28,0.004,-0.58,-0.0105407,0
647.52,2026-08-15T15:02:54.960,33.6527204,-117.3030565,-55.6464,-11.7706,10.121,-0.277,0.001,-0.36,-0.00648237,0
647.56,2026-08-15T15:02:55.000,33.6527197,-117.3030523,-55.2576,-11.8485,10.045,-0.266,0,-0.09,-0.00160842,0
647.6,2026-08-15T15:02:55.040,33.6527189,-117.3030481,-54.8689,-11.9374,9.95111,-0.251,0.001,0.21,0.00371791,0
647.64,2026-08-15T15:02:55.080,33.6527181,-117.3030439,-54.4801,-12.0264,9.91982,-0.231,0.007,0.57,0.0100597,0
647.68,2026-08-15T15:02:55.120,33.6527175,-117.3030398,-54.1006,-12.0931,9.87064,-0.209,0.023,0.97,0.0170343,0
647.72,2026-08-15T15:02:55.160,33.6527168,-117.3030356,-53.7119,-12.1709,9.83041,-0.187,0.043,1.47,0.0257097,0
647.76,2026-08-15T15:02:55.200,33.6527161,-117.3030315,-53.3324,-12.2488,9.79465,-0.17,0.061,2.02,0.0352005,0
647.8,2026-08-15T15:02:55.240,33.6527154,-117.3030274,-52.9529,-12.3266,9.74547,-0.156,0.079,2.62,0.0454268,0
647.84,2026-08-15T15:02:55.280,33.6527147,-117.3030233,-52.5734,-12.4044,9.72759,-0.15,0.099,3.28,0.0567659,0
647.88,2026-08-15T15:02:55.320,33.6527141,-117.3030192,-52.1939,-12.4712,9.67395,-0.149,0.114,3.96,0.0681565,0
647.92,2026-08-15T15:02:55.360,33.6527135,-117.3030151,-51.8144,-12.5379,9.6203,-0.151,0.129,4.61,0.0789038,0
647.96,2026-08-15T15:02:55.400,33.6527129,-117.3030111,-51.4442,-12.6046,9.54877,-0.156,0.147,5.25,0.0891898,0
648,2026-08-15T15:02:55.440,33.6527124,-117.3030071,-51.0739,-12.6602,9.50407,-0.161,0.16,5.88,0.0994249,0
648.04,2026-08-15T15:02:55.480,33.6527118,-117.3030030,-50.6944,-12.7269,9.46831,-0.163,0.167,6.46,0.108821,0
648.08,2026-08-15T15:02:55.520,33.6527113,-117.3029990,-50.3242,-12.7825,9.43254,-0.164,0.168,7,0.117472,0
648.12,2026-08-15T15:02:55.560,33.6527108,-117.3029950,-49.954,-12.8381,9.37443,-0.161,0.162,7.53,0.125588,0
648.16,2026-08-15T15:02:55.600,33.6527103,-117.3029911,-49.593,-12.8937,9.32078,-0.156,0.153,8.02,0.132995,0
648.2,2026-08-15T15:02:55.640,33.6527099,-117.3029871,-49.2227,-12.9382,9.28055,-0.151,0.152,8.46,0.139686,0
648.24,2026-08-15T15:02:55.680,33.6527095,-117.3029832,-48.8618,-12.9827,9.23585,-0.146,0.159,8.84,0.145257,0
648.28,2026-08-15T15:02:55.720,33.6527091,-117.3029793,-48.5008,-13.0271,9.22244,-0.143,0.173,9.17,0.150461,0
648.32,2026-08-15T15:02:55.760,33.6527087,-117.3029753,-48.1305,-13.0716,9.19114,-0.144,0.191,9.46,0.154692,0
648.36,2026-08-15T15:02:55.800,33.6527084,-117.3029714,-47.7695,-13.105,9.12856,-0.146,0.207,9.71,0.157699,0
648.4,2026-08-15T15:02:55.840,33.6527081,-117.3029675,-47.4086,-13.1383,9.09279,-0.149,0.213,9.96,0.161126,0
648.44,2026-08-15T15:02:55.880,33.6527078,-117.3029637,-47.0568,-13.1717,9.03468,-0.152,0.207,10.23,0.164436,0
648.48,2026-08-15T15:02:55.920,33.6527076,-117.3029598,-46.6959,-13.1939,8.98103,-0.154,0.197,10.48,0.167454,0
648.52,2026-08-15T15:02:55.960,33.6527073,-117.3029560,-46.3441,-13.2273,8.93186,-0.156,0.184,10.71,0.170192,0
648.56,2026-08-15T15:02:56.000,33.6527071,-117.3029522,-45.9924,-13.2495,8.91398,-0.155,0.175,10.87,0.172389,0
648.6,2026-08-15T15:02:56.040,33.6527069,-117.3029483,-45.6314,-13.2718,8.87821,-0.153,0.176,10.95,0.172961,0
648.64,2026-08-15T15:02:56.080,33.6527067,-117.3029446,-45.2889,-13.294,8.83798,-0.149,0.185,10.94,0.17202,0
648.68,2026-08-15T15:02:56.120,33.6527066,-117.3029408,-44.9372,-13.3051,8.81116,-0.145,0.194,10.88,0.170557,0
648.72,2026-08-15T15:02:56.160,33.6527065,-117.3029370,-44.5855,-13.3162,8.72622,-0.141,0.202,10.79,0.167516,0
648.76,2026-08-15T15:02:56.200,33.6527064,-117.3029333,-44.243,-13.3274,8.67258,-0.138,0.203,10.7,0.165097,0
648.8,2026-08-15T15:02:56.240,33.6527064,-117.3029296,-43.9005,-13.3274,8.67705,-0.136,0.199,10.63,0.164102,0
648.84,2026-08-15T15:02:56.280,33.6527063,-117.3029258,-43.5488,-13.3385,8.65022,-0.135,0.192,10.58,0.162825,0
648.88,2026-08-15T15:02:56.320,33.6527063,-117.3029221,-43.2063,-13.3385,8.60105,-0.133,0.185,10.55,0.16144,0
648.92,2026-08-15T15:02:56.360,33.6527063,-117.3029184,-42.8639,-13.3385,8.59211,-0.133,0.183,10.54,0.16112,0
648.96,2026-08-15T15:02:56.400,33.6527063,-117.3029148,-42.5307,-13.3385,8.52952,-0.132,0.185,10.52,0.159643,0
649,2026-08-15T15:02:56.440,33.6527064,-117.3029111,-42.1882,-13.3274,8.48929,-0.133,0.19,10.48,0.158285,0
649.04,2026-08-15T15:02:56.480,33.6527065,-117.3029075,-41.855,-13.3162,8.44459,-0.135,0.195,10.42,0.15655,0
649.08,2026-08-15T15:02:56.520,33.6527066,-117.3029039,-41.5218,-13.3051,8.37753,-0.136,0.194,10.34,0.154115,0
649.12,2026-08-15T15:02:56.560,33.6527067,-117.3029003,-41.1885,-13.294,8.34624,-0.136,0.188,10.26,0.152351,0
649.16,2026-08-15T15:02:56.600,33.6527068,-117.3028967,-40.8553,-13.2829,8.32388,-0.136,0.178,10.19,0.150907,0
649.2,2026-08-15T15:02:56.640,33.6527070,-117.3028931,-40.5221,-13.2606,8.30153,-0.135,0.167,10.13,0.149615,0
649.24,2026-08-15T15:02:56.680,33.6527072,-117.3028896,-40.1982,-13.2384,8.28365,-0.134,0.159,10.08,0.148556,0
649.28,2026-08-15T15:02:56.720,33.6527074,-117.3028860,-39.8649,-13.2162,8.22554,-0.135,0.158,10.02,0.146636,0
649.32,2026-08-15T15:02:56.760,33.6527076,-117.3028825,-39.541,-13.1939,8.16742,-0.135,0.159,9.91,0.144001,0
649.36,2026-08-15T15:02:56.800,33.6527079,-117.3028791,-39.2263,-13.1606,8.13613,-0.134,0.163,9.76,0.141278,0
649.4,2026-08-15T15:02:56.840,33.6527082,-117.3028756,-38.9023,-13.1272,8.09589,-0.135,0.162,9.59,0.138131,0
649.44,2026-08-15T15:02:56.880,33.6527084,-117.3028721,-38.5784,-13.105,8.0646,-0.135,0.155,9.39,0.134728,0
649.48,2026-08-15T15:02:56.920,33.6527087,-117.3028687,-38.2637,-13.0716,8.03778,-0.134,0.147,9.2,0.131563,0
649.52,2026-08-15T15:02:56.960,33.6527091,-117.3028652,-37.9397,-13.0271,8.01543,-0.132,0.137,9.01,0.128487,0
649.56,2026-08-15T15:02:57.000,33.6527093,-117.3028618,-37.625,-13.0049,7.95731,-0.129,0.129,8.82,0.124866,0
649.6,2026-08-15T15:02:57.040,33.6527097,-117.3028584,-37.3103,-12.9604,7.93943,-0.126,0.126,8.61,0.121619,0
649.64,2026-08-15T15:02:57.080,33.6527099,-117.3028550,-36.9956,-12.9382,7.9439,-0.124,0.124,8.36,0.118154,0
649.68,2026-08-15T15:02:57.120,33.6527103,-117.3028516,-36.6809,-12.8937,7.8992,-0.124,0.121,8.09,0.113695,0
649.72,2026-08-15T15:02:57.160,33.6527108,-117.3028483,-36.3754,-12.8381,7.83661,-0.133,0.116,7.78,0.108472,0
649.76,2026-08-15T15:02:57.200,33.6527111,-117.3028450,-36.07,-12.8047,7.75614,-0.146,0.108,7.45,0.102804,0
649.8,2026-08-15T15:02:57.240,33.6527115,-117.3028417,-35.7645,-12.7603,7.67568,-0.164,0.099,7.14,0.0975042,0
649.84,2026-08-15T15:02:57.280,33.6527119,-117.3028385,-35.4683,-12.7158,7.63991,-0.187,0.092,6.82,0.0927003,0
649.88,2026-08-15T15:02:57.320,33.6527123,-117.3028352,-35.1629,-12.6713,7.60415,-0.208,0.083,6.5,0.0879372,0
649.92,2026-08-15T15:02:57.360,33.6527127,-117.3028320,-34.8667,-12.6268,7.54156,-0.225,0.078,6.18,0.0829198,0
649.96,2026-08-15T15:02:57.400,33.6527131,-117.3028289,-34.5798,-12.5823,7.43428,-0.234,0.073,5.85,0.0773754,0
650,2026-08-15T15:02:57.440,33.6527134,-117.3028258,-34.2928,-12.549,7.32699,-0.233,0.066,5.48,0.0714355,0
650.04,2026-08-15T15:02:57.480,33.6527138,-117.3028227,-34.0059,-12.5045,7.26887,-0.221,0.059,5.1,0.0659547,0
650.08,2026-08-15T15:02:57.520,33.6527142,-117.3028197,-33.7282,-12.46,7.24205,-0.204,0.053,4.7,0.0605575,0
650.12,2026-08-15T15:02:57.560,33.6527146,-117.3028166,-33.4413,-12.4156,7.24652,-0.181,0.044,4.27,0.0550511,0
650.16,2026-08-15T15:02:57.600,33.6527151,-117.3028135,-33.1543,-12.36,7.20628,-0.159,0.038,3.83,0.0491042,0
