t_s,ax_g,ay_g,az_g,roll_rate_dps,pitch_rate_dps,yaw_rate_dps,in_gates
588.055,0.00244141,0.00439453,0.999023,0,0,0,0
588.065,0.00146484,0.0131836,1,0,0,0,0
588.075,0.00439453,-0.0146484,0.995605,0,0,0,0
588.085,0.00732422,0.0131836,0.995605,0,0,0,0
588.095,0.00244141,-0.0102539,1.00244,0,0,0,0
588.105,9.765625e-04,0.00878906,1.00146,0,0,0,0
588.11,-9.765625e-04,0.00537109,1.00342,0,0,0,0
588.12,0.00390625,-0.00585938,1.00049,0,0,0,0
588.13,0.00585938,0.00732422,0.994629,0,0,0,0
588.14,0.00585938,-0.0131836,0.996582,0,0,0,0
588.15,0.00537109,0.00732422,1.00049,0,0,0,0
588.16,0.00195312,9.765625e-04,0.999512,0,0,0,0
588.17,0.00390625,0.00341797,0.99707,0,0,0,0
588.18,0.00244141,-4.882812e-04,1.00244,0,0,0,0
588.19,0.00537109,-0.00683594,0.995605,0,0,0,0
588.2,0.0078125,0.0112305,0.997559,0,0,0,0
588.21,0.00244141,-0.0112305,0.995117,0,0,0,0
588.22,0.00146484,0.00830078,0.996094,0,0,0,0
588.23,4.882812e-04,0,1.00342,0,0,0,0
588.24,0.00585938,0,0.998535,0,0,0,0
588.25,0.00146484,0.00683594,1.00391,0,0,0,0
588.26,0.00244141,-0.012207,1.00098,0,0,0,0
588.265,0.00439453,0.015625,0.992188,0,0,0,0
588.275,-0.00195312,-0.0131836,1.00098,0,0,0,0
588.285,0.00390625,0.00634766,0.999023,0,0,0,0
588.295,0.00585938,0.0107422,1.00293,0,0,0,0
588.305,0.0078125,-0.0117188,0.998535,0,0,0,0
588.315,0.00732422,0.0131836,0.99707,0,0,0,0
588.325,0.00390625,-0.0170898,0.999023,0,0,0,0
588.335,0.00537109,0.012207,0.997559,0,0,0,0
588.345,0.00341797,0.00537109,0.999023,0,0,0,0
588.355,0.00634766,-0.00927734,0.99707,0,0,0,0
588.365,0.00292969,0.0131836,0.999023,0,0,0,0
588.375,0.00390625,-0.0102539,1,0,0,0,0
588.385,0.00488281,0.0102539,0.998047,0,0,0,0
588.395,4.882812e-04,-0.00390625,1.00098,0,0,0,0
588.405,0.00341797,0.00244141,0.999023,0,0,0,0
588.415,9.765625e-04,0.00439453,0.998047,0,0,0,0
588.425,0.00390625,-0.0117188,0.998047,0,0,0,0
588.435,0.0078125,0.015625,1.00098,0,0,0,0
588.445,0.00634766,-0.00683594,0.995117,0,0,0,0
588.45,0.00341797,0.00927734,0.995605,0,0,0,0
588.46,0,-0.00537109,1.00488,0,0,0,0
588.47,0.00292969,4.882812e-04,0.999023,0,0,0,0
588.48,0.00195312,0.0141602,1.00049,0,0,0,0
588.49,0.00244141,-0.0146484,0.998535,0,0,0,0
588.5,0.00390625,0.00927734,0.993652,0,0,0,0
588.51,0.00585938,-0.00537109,1.00049,0,0,0,0
588.52,0.00439453,0.00439453,1.00244,0,0,0,0
588.53,4.882812e-04,0.00341797,1.00391,0,0,0,0
588.535,0.00341797,-0.00244141,0.998047,0,0,0,0
588.545,0.00488281,0.00634766,0.993652,0,0,0,0
588.555,0.00537109,-0.019043,0.994141,0,0,0,0
588.565,0.00634766,0.0146484,0.996582,0,0,0,0
588.575,0.00195312,-0.00390625,1.00195,0,0,0,0
588.585,0.00244141,0.00390625,0.997559,0,0,0,0
588.595,0,0.00878906,1.00146,0,0,0,0
588.605,0.00585938,-0.0161133,0.999512,0,0,0,0
588.615,0.00634766,0.0161133,0.996582,0,0,0,0
588.625,0.00390625,-0.0117188,0.99707,0,0,0,0
588.635,0.00244141,0.00488281,0.998535,0,0,0,0
588.645,-0.00195312,0.0078125,1.00439,0,0,0,0
588.655,0.00488281,-0.00537109,0.996582,0,0,0,0
588.665,0.00390625,0.012207,1.00146,0,0,0,0
588.675,0.00537109,-0.0131836,1.00049,0,0,0,0
588.68,0.0078125,0.0102539,0.993164,0,0,0,0
588.69,9.765625e-04,-0.00830078,1.00195,0,0,0,0
588.7,0.00146484,0.00195312,1.00049,0,0,0,0
588.71,0.00292969,0.0131836,1,0,0,0,0
588.72,0.00683594,-0.0117188,0.996582,0,0,0,0
588.73,0.0078125,0.0126953,0.995117,0,0,0,0
588.74,0.00341797,-0.0141602,1.00049,0,0,0,0
588.75,0.00146484,0.0107422,1.00098,0,0,0,0
588.76,-0.00292969,0.00537109,1,0,0,0,0
588.77,0.00292969,-0.00537109,0.998047,0,0,0,0
588.78,0.00537109,0.00927734,0.996582,0,0,0,0
588.79,0.00732422,-0.0117188,0.998047,0,0,0,0
588.8,0.00585938,0.012207,0.997559,0,0,0,0
588.81,-0.00195312,-0.00390625,1.00244,0,0,0,0
588.82,0.00292969,0.00341797,0.998535,0,0,0,0
588.825,0.00341797,0.00439453,0.997559,0,0,0,0
588.835,0.00585938,-0.015625,0.996094,0,0,0,0
588.845,0.00830078,0.0126953,1.00049,0,0,0,0
588.855,0.00488281,-0.00683594,0.996582,0,0,0,0
588.865,0.00195312,0.00976562,0.998047,0,0,0,0
588.875,0,-0.00292969,1.00635,0,0,0,0
588.885,0.00390625,-9.765625e-04,0.998535,0,0,0,0
588.895,0.00244141,0.0102539,1,0,0,0,0
588.905,0.00195312,-0.0141602,0.998535,0,0,0,0
588.915,0.00244141,0.0112305,0.996094,0,0,0,0
588.925,0,-0.00830078,1.00293,0,0,0,0
588.935,0.00634766,0.00878906,0.998535,0,0,0,0
588.945,0.00146484,0.00585938,1.00293,0,0,0,0
588.955,0.00439453,-0.0112305,0.998047,0,0,0,0
588.965,0.00537109,0.0151367,0.994141,0,0,0,0
588.975,0.00195312,-0.0185547,0.996582,0,0,0,0
588.98,0.00341797,0.0112305,0.998535,0,0,0,0
588.99,0.00292969,0.00732422,1.00244,0,0,0,0
589,0.00683594,-0.00585938,0.999023,0,0,0,0
589.01,0.00341797,0.0131836,0.997559,0,0,0,0
589.02,0.00195312,-0.0175781,0.999512,0,0,0,0
589.03,0.00488281,0.0141602,0.995605,0,0,0,0
589.04,0.00195312,-4.882812e-04,0.999512,0,0,0,0
589.05,0.00390625,-0.00195312,1.00146,0,0,0,0
589.06,0.00341797,0.0078125,0.999512,0,0,0,0
589.07,0.00341797,-0.0107422,0.997559,0,0,0,0
589.08,0.00390625,0.0126953,1.00098,0,0,0,0
589.09,0.00439453,-0.00683594,0.99707,0,0,0,0
589.1,0.00292969,0.00634766,0.995605,0,0,0,0
589.11,0.00341797,0,1.00195,0,0,0,0
589.12,0.00537109,-0.00537109,0.99707,0,0,0,0
589.13,9.765625e-04,0.0117188,1.00293,0,0,0,0
589.14,0.00244141,-0.0078125,0.996582,0,0,0,0
589.15,0.00244141,0.00976562,0.991699,0,0,0,0
589.16,4.882812e-04,-0.0078125,1.00293,0,0,0,0
589.165,0.00292969,0.00585938,1.00391,0,0,0,0
589.175,9.765625e-04,0.00732422,1.00195,0,0,0,0
589.185,0.00195312,-0.00634766,0.997559,0,0,0,0
589.195,0.00146484,0.00683594,0.998535,0,0,0,0
589.205,0.00488281,-0.0117188,0.997559,0,0,0,0
589.215,0.00585938,0.0146484,0.998047,0,0,0,0
589.225,0.00292969,-0.00195312,1.00684,0,0,0,0
589.235,0.00585938,-0.00292969,0.99707,0,0,0,0
589.245,0.00390625,0.00927734,0.996582,0,0,0,0
589.255,0.00292969,-0.0180664,0.99707,0,0,0,0
589.265,0.00488281,0.0126953,0.994141,0,0,0,0
589.275,0.00146484,-0.00244141,1.00195,0,0,0,0
589.285,9.765625e-04,0.00244141,1.00049,0,0,0,0
589.295,-0.00292969,0.00634766,1,0,0,0,0
589.305,0.00146484,-0.00927734,0.999512,0,0,0,0
589.315,-4.882812e-04,0.0161133,0.996582,0,0,0,0
589.325,0.00341797,-0.00439453,0.992188,0,0,0,0
589.335,0.0151367,0.0107422,0.996094,0,0,0,0
589.34,0.00683594,-0.00390625,1,0,0,0,0
589.35,0.0078125,-0.00292969,0.998047,0,0,0,0
589.36,0.00732422,0.00585938,1.00537,0,0,0,0
589.37,0.00830078,-0.00732422,1.00049,0,0,0,0
589.38,0.00878906,0.0117188,0.998535,0,0,0,0
589.39,0.00439453,-0.00927734,1.00488,0,0,0,0
589.4,9.765625e-04,0.00537109,1.00098,0,0,0,0
589.41,-0.00244141,-0.00390625,1.00439,0,0,0,0
589.42,0.00390625,0.00878906,0.996582,0,0,0,0
589.43,0.00439453,-0.0112305,0.998047,0,0,0,0
589.44,0.00244141,-0.0136719,0.996094,0,0,0,0
589.45,0.00439453,0.0205078,0.998047,0,0,0,0
589.46,0,-0.0170898,0.988281,0,0,0,0
589.47,0,0.0078125,0.995605,0,0,0,0
589.48,9.765625e-04,0,0.994629,0,0,0,0
589.49,0.00683594,0.00244141,1.00049,0,0,0,0
589.5,0.00146484,0.00634766,0.994141,0,0,0,0
589.505,0.012207,-0.00927734,1.00195,0,0,0,0
589.515,0.00439453,0.0112305,0.987305,0,0,0,0
589.525,0.00732422,-0.00488281,1.00586,0,0,0,0
589.535,-4.882812e-04,0.0112305,0.995605,0,0,0,0
589.545,0.00292969,-0.00292969,1.00195,0,0,0,0
589.555,0.0102539,0.0131836,1.00391,0,0,0,0
589.565,0.00439453,0.00195312,0.989258,0,0,0,0
589.575,0.0078125,-0.0102539,1.01221,0,0,0,0
589.585,0.00439453,0.0141602,1,0,0,0,0
589.595,0.00390625,-0.00878906,0.993652,0,0,0,0
589.605,0.00292969,-9.765625e-04,1.01611,0,0,0,0
589.615,0.012207,0.015625,0.984375,0,0,0,0
589.625,0,-0.00830078,0.986816,0,0,0,0
589.635,-0.00195312,-9.765625e-04,1.01318,-0.12207,-0.305176,0,0
589.645,0.015625,0.0102539,1.00879,-0.183105,0.0610352,0,0
589.65,0.0117188,0.00830078,0.993652,0.0610352,0.244141,0,0
589.66,4.882812e-04,-0.0244141,0.998047,-0.0610352,-0.12207,0,0
589.67,0.00390625,-0.00146484,0.995605,0,-0.305176,0,0
589.68,0.00341797,0.0161133,0.990723,-0.0610352,0.183105,0,0
589.69,-0.00390625,-0.0146484,0.999023,0.0610352,0.183105,0,0
589.7,-0.00439453,0.0146484,1.01025,0,-0.305176,0,0
589.71,0.00292969,0.00195312,0.999512,-0.0610352,0.0610352,0,0
589.72,-0.00146484,0.00683594,1.00098,0.0610352,0.12207,0,0
589.73,-0.00146484,-0.0136719,1.00244,-0.0610352,0,0,0
589.74,0.00390625,4.882812e-04,0.992188,0.12207,-0.12207,0,0
589.75,0,0.00146484,0.995605,0,0,0,0
589.76,0.00195312,-0.00830078,1.00244,0.0610352,0,0,0
589.77,0.00976562,0.012207,0.993164,0,0,0,0
589.78,0.0078125,-0.00878906,1.00049,-0.0610352,0,0,0
589.79,9.765625e-04,0.0078125,1,0.0610352,-0.12207,0,0
589.795,0.00488281,-9.765625e-04,0.995605,0,0,0,0
589.805,0.00585938,-0.00244141,0.998535,0.0610352,0,0,0
589.815,0.0131836,0.00537109,0.990723,0.0610352,0,0,0
589.825,0.0078125,-0.00585938,0.999512,0,0,0,0
589.835,0.00341797,0.00878906,0.998535,0,-0.12207,0,0
589.845,0.00195312,0.00976562,0.990723,0.12207,0,0,0
589.855,0.00292969,-4.882812e-04,1.01416,0,-0.12207,0,0
589.865,-0.00146484,0.00878906,1.00049,0,-0.12207,0,0
589.875,0.00146484,0.00244141,0.992676,0,0.0610352,0,0
589.885,-0.00146484,-0.0117188,1.00293,0.0610352,-0.244141,0,0
589.895,-4.882812e-04,0.0112305,1.0083,-0.0610352,0,0,0
589.905,0.00341797,0.00488281,0.997559,-0.0610352,0.12207,0,0
589.915,-0.00341797,-0.00537109,0.994141,0.12207,0,0,0
589.925,0.00341797,-0.00146484,1.00391,-0.12207,-0.12207,0,0
589.935,0.00878906,0.0146484,1.00879,-0.0610352,0,0,0
589.94,0.00146484,0.00439453,0.992676,0,0.183105,0,0
589.95,-0.00146484,-0.0141602,0.986328,0,-0.12207,0,0
589.96,0.00146484,0.00488281,0.994629,-0.12207,-0.183105,0,0
589.97,0.00732422,0.00976562,1.00635,-0.12207,0.183105,0,0
589.98,0.00537109,0.00292969,1.01416,-0.0610352,0,0,0
589.99,0.00390625,-0.00537109,0.998535,-0.12207,-0.12207,0,0
590,0.00341797,-0.00585938,0.991699,0,0,0,0
590.01,0,0.00341797,0.994629,0,0.12207,0,0
590.02,0.00195312,0.00292969,0.996582,-0.0610352,0.12207,0,0
590.03,0.00732422,0.00439453,0.996582,0,-0.0610352,0,0
590.04,9.765625e-04,0.00341797,0.999512,0,-0.12207,0,0
590.05,0.00195312,0,1.00342,-0.0610352,0,0,0
590.06,0.0102539,-0.00244141,1,0,0.0610352,0,0
590.07,0.00634766,-0.00585938,0.996582,0,-0.0610352,0,0
590.08,0.00439453,-0.00732422,0.996582,0,-0.0610352,0,0
590.085,9.765625e-04,0.00439453,1.00342,0,-0.0610352,0,0
590.095,-0.00195312,0.00537109,1.00293,0,-0.0610352,0,0
590.105,0,0.00195312,1.00342,0,0,0,0
590.115,0.00585938,0,1.00244,0,-0.0610352,0,0
590.125,0.00292969,-0.00195312,0.999512,0,-0.0610352,0,0
590.135,0,0,1.00244,0,-0.12207,0,0
590.145,0.0107422,-4.882812e-04,0.996094,0,-0.0610352,0,0
590.155,0.00585938,0.00341797,1.00293,0.0610352,0,0,0
590.165,0.00634766,9.765625e-04,0.999023,0,-0.12207,0,0
590.175,0.0078125,-0.00390625,0.994629,0,-0.0610352,0,0
590.185,0.012207,0.00537109,0.99707,0,0,0,0
590.195,0.00927734,-0.00537109,0.996094,-0.0610352,0,0,0
590.205,0.00732422,0.00878906,0.994629,0,0.0610352,0,0
590.215,0.00585938,0.00634766,0.991211,-0.0610352,0.0610352,0,0
590.225,-0.00195312,0.00830078,1.00391,-0.12207,0,0,0
590.235,-0.00341797,0.0131836,0.996094,-0.12207,0,0,0
590.24,-0.00195312,0.0102539,1.00342,-0.244141,-0.0610352,0,0
590.25,0.00244141,0,1.00146,-0.12207,0,0,0
590.26,0.00878906,0.00488281,0.994141,-0.0610352,0,0,0
590.27,0,0.00244141,0.999023,-0.12207,0.0610352,0,0
590.28,-9.765625e-04,-0.00244141,0.99707,0,0,0,0
590.29,-9.765625e-04,0.0146484,1.00732,-0.0610352,0,0,0
590.3,-0.00537109,-0.00244141,0.996582,-0.0610352,0,0,0
590.31,-4.882812e-04,-0.00195312,1.00293,0,-0.0610352,0,0
590.32,0.00146484,0.00585938,1,-0.12207,0,0,0
590.33,0.00537109,-0.00292969,0.996582,0,0,0,0
590.34,0.00146484,0,1.00439,-0.12207,0,0,0
590.35,-9.765625e-04,-0.00634766,1,-0.0610352,-0.12207,0,0
590.36,0.00439453,0.00292969,1.00342,-0.12207,0,0,0
590.37,9.765625e-04,-4.882812e-04,1.00049,-0.12207,0,0,0
590.375,0.00390625,-0.00732422,0.993652,-0.0610352,-0.0610352,0,0
590.385,0.00585938,0.00390625,1.00488,-0.183105,-0.0610352,0,0
590.395,0.00390625,-0.00390625,0.998047,-0.12207,-0.0610352,0,0
590.405,0.00292969,-0.00195312,0.999023,-0.0610352,-0.0610352,0,0
590.415,9.765625e-04,0.00146484,1.00146,0,0,0,0
590.425,0.00830078,-0.00585938,0.994629,0,0,0,0
590.435,0.00927734,0.00146484,0.998047,0,-0.0610352,0,0
590.445,0.00292969,-0.00634766,1,0.0610352,-0.0610352,0,0
590.455,0.00341797,-0.00244141,0.996094,0.0610352,0,0,0
590.465,0.00439453,0.00830078,1.00049,0.0610352,0,0,0
590.475,0.0078125,-0.00585938,0.995605,0.0610352,0.12207,0,0
590.485,0.00976562,-0.00244141,0.995605,0,0,0,0
590.495,0.00585938,0.00390625,1.00098,0,0,0,0
590.505,0.00146484,-0.00488281,0.999023,0.0610352,0,0,0
590.515,0.00341797,0.00439453,1.00391,0,0,0,0
590.52,0.00439453,4.882812e-04,0.998047,0,0.12207,0,0
590.53,0.00927734,-0.00244141,0.990723,0,0,0,0
590.54,0.00878906,0.00878906,0.998535,0,0,0,0
590.55,0.00390625,0.00585938,1.00098,-0.0610352,0,0,0
590.56,0.00244141,0.00244141,1.00342,0,0,0,0
590.57,0.00634766,0.00683594,0.998047,0,0,0,0
590.58,0.00683594,0.00341797,0.993652,0,0.0610352,0,0
590.59,0.00732422,-0.00488281,0.998535,0,0,0,0
590.6,0.00683594,0.00878906,1.00049,0,-0.0610352,0,0
590.61,4.882812e-04,0.00683594,1.00146,0,0,0,0
590.62,9.765625e-04,0.00244141,1,0,0,0,0
590.63,0.00146484,0.00634766,1.00488,0,0,0,0
590.64,0.00341797,0.00244141,0.998535,0,0.0610352,0,0
590.65,0.0078125,-4.882812e-04,0.992676,0,0,0,0
590.66,0.00244141,0,1.00293,0,0,0,0
590.67,-4.882812e-04,0.00390625,1.00098,0,0,0,0
590.68,-0.00292969,0.00244141,1.00244,0,0,0,0
590.69,0.00146484,-4.882812e-04,1.00098,0,0,0,0
590.7,0.00244141,4.882812e-04,0.997559,0,0,0,0
590.71,0.00634766,0,0.996582,0,0,0,0
590.72,0.0102539,0.00146484,0.996094,0,0,0,0
590.73,0.00390625,-0.00292969,0.998047,0,0,0,0
590.74,-0.00292969,-0.00537109,1.00244,0,0,0,0
590.75,9.765625e-04,0.00488281,1.00049,0,0,0,0
590.76,0.00585938,-0.00292969,0.999023,0,0,0,0
590.765,0.00488281,-0.00244141,0.994629,0,0,0,0
590.775,0.00732422,-0.00537109,0.995117,0,0,0,0
590.785,0.00683594,9.765625e-04,0.998047,0,0,0,0
590.795,0,0.00488281,1.00342,0,0,0,0
590.805,0.00292969,-0.00830078,0.998535,0,0,0,0
590.815,0.00439453,0.00244141,0.995605,0,0,0,0
590.825,0.00390625,-0.00585938,1.00146,0,0,0,0
590.835,0.00927734,-0.00244141,0.991699,0,0,0,0
590.845,0.00585938,0.00146484,0.997559,0,0,0,0
590.855,0.00488281,-0.00195312,1.00635,0,0,0,0
590.865,0.00244141,0.00488281,1.00098,0,0,0,0
590.875,0.00341797,-0.00195312,1.00146,0,0,0,0
590.885,0.00537109,0.00292969,1.00049,0,0,0,0
590.895,0.00976562,0.00390625,0.993164,0,0,0,0
590.9,0.0126953,-0.00244141,1.00049,0,0,0,0
590.91,0.00537109,0.00830078,1.00293,0,0,0,0
590.92,0.00244141,0.00927734,0.99707,0,0,0,0
590.93,0.00341797,0,1.00342,0,0,0,0
590.94,0.00537109,0.00390625,1.00244,0,0,0,0
590.95,0.00878906,0.0112305,0.992188,0,0,0,0
590.96,0.00732422,-9.765625e-04,0.996582,0,0,0,0
590.97,0.00634766,0.00683594,0.991699,0,0,0,0
590.98,-0.00390625,0.00634766,0.996582,0,0,0,0
590.99,-0.00195312,-0.00439453,1.00732,0,0,0,0
591,0.00585938,0.0126953,0.999023,0,0,0,0
591.01,0.00537109,0.00146484,0.994141,0,0,0,0
591.02,0.0112305,-0.00488281,0.996582,0,0,0,0
591.03,0.0117188,0.00830078,1.00635,0,0,0,0
591.04,0.0126953,9.765625e-04,0.999023,0,0,0,0
591.05,0.0175781,0,1.00391,0,0,0,0
591.055,0.0258789,-0.00146484,1.00537,0,0,0,1
591.065,0.027832,-0.00488281,1.00098,0,0,0,1
591.075,0.0268555,-0.00292969,1,0,0,0,1
591.085,0.0351562,-0.00390625,0.992188,0,0,0,1
591.095,0.065918,-0.0107422,0.99707,0,0,0,1
591.105,0.15625,-0.0112305,0.992676,0,0,0,1
591.115,0.276367,-0.0239258,0.987793,0,-0.671387,0,1
591.125,0.398926,-0.0180664,0.996582,-0.12207,-1.2207,0,1
591.135,0.457031,-0.00292969,0.993164,-0.244141,-1.64795,0,1
591.145,0.486328,-0.0351562,0.974121,-0.244141,-2.19727,0,1
591.155,0.461914,0.0141602,0.996094,-0.305176,-2.99072,0,1
591.165,0.44043,-0.0112305,1.05176,-0.671387,-3.11279,0,1
591.175,0.487305,-0.0332031,1.08789,-0.183105,-3.78418,0.366211,1
591.185,0.609375,0.015625,1.07666,-0.244141,-4.57764,0.183105,1
591.195,0.780273,-0.0517578,1.05518,-0.244141,-5.43213,0.244141,1
591.2,0.947266,-0.0371094,1.02539,0.183105,-6.04248,0.183105,1
591.21,1.05371,-0.00195312,0.994141,0,-6.46973,0.12207,1
591.22,0.989258,0.0390625,0.957031,-0.549316,-6.7749,0.183105,1
591.23,0.891602,-0.0253906,1.0166,-1.0376,-7.08008,0.0610352,1
591.24,0.874512,-0.0229492,1.29492,-0.427246,-7.62939,-0.0610352,1
591.25,1.00049,0.154785,0.970703,-0.610352,-8.23975,-0.0610352,1
591.26,0.996094,-0.169434,0.960449,-0.976562,-8.11768,-0.366211,1
591.27,0.942871,-0.0996094,1.04248,1.2207,-7.93457,-0.427246,1
591.28,0.952148,0.118652,1.01611,0.12207,-7.38525,-0.732422,1
591.29,0.989258,-0.0605469,0.916992,-1.0376,-6.53076,-1.0376,1
591.3,1.01709,-0.0498047,0.865234,0.427246,-5.67627,-1.0376,1
591.31,0.977051,0.0664062,0.981934,0.549316,-4.63867,-1.09863,1
591.32,0.974609,-0.0229492,1.08887,0.244141,-4.39453,-1.09863,1
591.33,0.990234,-0.0483398,1.03418,0.549316,-3.90625,-1.0376,1
591.34,1.03516,0,0.98877,0.427246,-3.2959,-1.09863,1
591.345,0.975586,-0.0942383,0.996094,0.12207,-2.62451,-1.28174,1
591.355,0.977051,-0.0112305,1.01416,0.244141,-2.01416,-1.34277,1
591.365,1.021,0.0161133,0.898438,-1.34277,-1.09863,-1.28174,1
591.375,1.01758,-0.0942383,0.962402,-1.83105,-0.549316,-1.52588,1
591.385,1.0332,-0.0581055,0.960449,-1.2207,0.0610352,-1.46484,1
591.395,1.04688,0.0258789,0.964355,-1.58691,0.244141,-1.64795,1
591.405,0.967285,-0.0825195,1.06787,-2.50244,0.12207,-1.70898,1
591.415,0.927734,-0.0273438,1.09473,-2.01416,-0.12207,-1.95312,1
591.425,0.949219,0.0493164,1.15674,-2.80762,-0.427246,-2.13623,1
591.435,1.05713,-0.189453,1.17139,-2.68555,-1.2207,-2.38037,1
591.445,1.10449,-0.102539,1.0332,-0.732422,-1.64795,-2.44141,1
591.455,1.10107,-0.0234375,0.989746,-1.95312,-1.83105,-3.05176,1
591.465,1.15234,-0.155273,1.0708,-2.2583,-2.0752,-3.66211,1
591.475,1.11865,-0.0224609,1.06348,-1.46484,-2.01416,-3.96729,1
591.48,1.03271,-0.00195312,1.0498,-2.68555,-1.95312,-4.27246,1
591.49,1.0498,-0.203125,1.10645,-1.95312,-1.89209,-4.45557,1
591.5,1.07178,-0.149902,1.1875,-0.549316,-2.13623,-4.82178,1
591.51,1.03223,-0.0332031,1.14355,-1.2207,-2.38037,-5.12695,1
591.52,1.02246,-0.187012,1.06885,-2.19727,-2.44141,-5.43213,1
591.53,1.05127,-0.177734,1.04688,-1.77002,-2.38037,-5.7373,1
591.54,1.0415,-0.09375,1.07471,-1.89209,-2.13623,-6.16455,1
591.55,1.01758,-0.167969,1.05518,-1.70898,-1.64795,-6.5918,1
591.56,1.01758,-0.114746,1.021,-1.58691,-1.28174,-7.14111,1
591.57,0.983398,-0.155762,1.04639,-2.01416,-1.0376,-7.50732,1
591.58,0.960938,-0.221191,1.04639,-1.46484,-0.793457,-8.05664,1
591.59,0.964844,-0.12207,0.998535,-1.52588,-0.854492,-8.72803,1
591.6,0.921875,-0.18457,0.968262,-2.13623,-0.549316,-9.39941,1
591.61,0.914551,-0.190918,0.955078,-1.34277,-0.244141,-9.82666,1
591.62,0.949219,-0.105469,0.925293,-1.89209,-0.0610352,-10.3149,1
591.63,0.902832,-0.197754,0.914062,-2.44141,0,-10.9863,1
591.64,0.915527,-0.224121,0.945312,-2.0752,0.12207,-11.6577,1
591.65,0.92041,-0.169434,0.984863,-2.13623,0,-12.3901,1
591.66,0.908691,-0.20166,0.938477,-2.13623,0,-13.1836,1
591.665,0.897461,-0.214844,0.93457,-1.70898,0,-13.916,1
591.675,0.893066,-0.209961,0.936035,-1.34277,-0.244141,-14.6484,1
591.685,0.897461,-0.20752,0.931641,-1.0376,-0.427246,-15.3198,1
591.695,0.833496,-0.22168,0.958984,-0.976562,-0.488281,-15.8691,1
591.705,0.842285,-0.29248,0.917969,-0.793457,-0.732422,-16.2354,1
591.715,0.842285,-0.306641,0.972656,-0.305176,-0.793457,-16.7847,1
591.725,0.879883,-0.308105,0.988281,-0.610352,-0.793457,-17.2119,1
591.735,0.840332,-0.336914,0.96875,-0.610352,-0.671387,-17.5781,1
591.745,0.79541,-0.319336,0.962402,-0.366211,-0.671387,-17.8223,1
591.755,0.809082,-0.30127,1.01465,-0.427246,-0.549316,-17.8833,1
591.765,0.790527,-0.336426,1.03955,-0.183105,-0.549316,-17.7612,1
591.775,0.798828,-0.336426,1.07422,-0.12207,-0.305176,-17.7612,1
591.785,0.772949,-0.320801,1.04639,-0.671387,-0.427246,-17.5781,1
591.795,0.779785,-0.372559,1.03516,-0.610352,-0.244141,-17.5171,1
591.805,0.831543,-0.287598,1.02881,-0.732422,-0.0610352,-17.4561,1
591.815,0.867676,-0.333984,1.01807,-1.70898,0.12207,-17.334,1
591.825,0.85791,-0.397461,1.03027,-0.976562,0.244141,-17.0898,1
591.835,0.782715,-0.261719,1.11816,-0.732422,0.488281,-17.0898,1
591.84,0.878906,-0.29541,1.12549,-1.09863,0.305176,-17.2729,1
591.85,0.882324,-0.365723,1.1001,0,-0.0610352,-17.395,1
591.86,0.916992,-0.229492,1.02881,0.244141,-0.244141,-17.7002,1
591.87,0.853516,-0.335449,1.01367,-0.488281,-0.732422,-17.9443,1
591.88,0.856934,-0.303223,1.05566,0.915527,-0.793457,-18.4326,1
591.89,0.916016,-0.212891,1.08545,0.305176,-1.2207,-18.9819,1
591.9,0.907227,-0.361816,1.06348,0.732422,-1.64795,-19.4702,1
591.91,0.879395,-0.241699,1.00537,1.64795,-2.01416,-19.8364,1
591.92,0.821289,-0.240234,0.971191,0.549316,-1.95312,-20.2637,1
591.93,0.888184,-0.349609,0.988281,1.2207,-1.83105,-20.6299,1
591.94,0.852539,-0.231445,1.02539,2.38037,-1.58691,-20.752,1
591.95,0.887695,-0.237793,0.968262,1.83105,-1.40381,-20.752,1
591.96,0.889648,-0.351074,0.959473,2.13623,-1.34277,-20.752,1
591.97,0.937988,-0.170898,1.03174,1.83105,-1.28174,-20.752,1
591.98,0.89502,-0.232422,0.973145,-0.244141,-0.976562,-20.6909,1
591.99,0.889648,-0.356445,0.89209,0.244141,-0.366211,-20.5078,1
592,0.925293,-0.15918,0.853516,0.671387,0,-20.2637,1
592.01,0.942871,-0.224609,0.933105,-0.610352,0.488281,-20.2637,1
592.015,0.97998,-0.306641,0.989258,0.183105,0.427246,-20.0195,1
592.025,0.942383,-0.125488,0.908203,-0.12207,0.732422,-19.8975,1
592.035,0.972656,-0.258301,0.862793,-1.83105,1.0376,-20.0806,1
592.045,0.908203,-0.393555,0.931152,-1.0376,1.58691,-20.1416,1
592.055,0.90918,-0.169434,0.947754,-0.915527,1.95312,-20.3247,1
592.065,0.809082,-0.26416,0.935059,-2.68555,2.31934,-20.6299,1
592.075,0.869141,-0.404785,0.954102,-2.38037,2.50244,-20.6909,1
592.085,0.822266,-0.274902,1.00635,-2.50244,2.50244,-20.5078,1
592.095,0.84082,-0.314453,1.03662,-3.96729,2.62451,-20.6909,1
592.105,0.828125,-0.402344,0.969238,-3.78418,2.74658,-20.6909,1
592.115,0.83252,-0.286133,0.950195,-3.84521,2.92969,-20.813,1
592.125,0.811523,-0.39209,0.989258,-4.45557,3.11279,-20.9351,1
592.135,0.790527,-0.462891,1.03516,-3.17383,3.17383,-21.1182,1
592.145,0.77832,-0.331055,1.03711,-2.99072,2.80762,-21.4233,1
592.155,0.708008,-0.464844,1.05859,-3.60107,2.86865,-21.7896,1
592.16,0.692383,-0.513672,1.04492,-2.92969,2.56348,-21.9727,1
592.17,0.616211,-0.43457,1.03027,-3.35693,2.38037,-22.0947,1
592.18,0.610352,-0.516113,1.04639,-3.84521,2.31934,-22.3999,1
592.19,0.612305,-0.492188,1.07812,-3.17383,2.2583,-22.644,1
592.195,0.674805,-0.473145,1.12451,-3.479,2.13623,-22.7661,1
592.205,0.606445,-0.492676,1.05469,-3.2959,2.01416,-22.8271,1
592.215,0.554688,-0.54541,1.02881,-3.54004,2.31934,-22.9492,1
592.225,0.54248,-0.540527,0.971191,-3.23486,2.31934,-23.1323,1
592.235,0.550293,-0.434082,0.995117,-3.23486,2.50244,-23.4985,1
592.245,0.560059,-0.532227,1.01904,-3.84521,2.38037,-23.6816,1
592.255,0.501953,-0.530273,0.964355,-2.50244,2.2583,-23.7427,1
592.265,0.431152,-0.407715,0.922852,-2.19727,1.95312,-24.0479,1
592.275,0.454102,-0.564941,0.908203,-1.77002,1.46484,-24.353,1
592.285,0.568848,-0.465332,0.98291,0.0610352,1.40381,-24.7803,1
592.295,0.539062,-0.444824,0.993652,-1.34277,1.58691,-25.1465,1
592.305,0.443848,-0.709961,0.946777,-0.610352,1.64795,-25.1465,1
592.315,0.42627,-0.52002,0.880371,1.2207,1.40381,-25.1465,1
592.325,0.539062,-0.344238,0.939453,0.12207,1.2207,-25.6958,1
592.335,0.587402,-0.65918,1.00928,0,1.15967,-25.8179,1
592.345,0.517578,-0.552734,1.00928,2.2583,1.09863,-25.6348,1
592.355,0.505859,-0.371094,0.932617,0.915527,0.610352,-25.5127,1
592.365,0.530762,-0.693848,0.89502,0.12207,0.183105,-25.8789,1
592.375,0.621094,-0.59082,1.01318,2.31934,-0.0610352,-25.9399,1
592.38,0.627441,-0.334961,1.04785,0.305176,-0.427246,-26.1841,1
592.39,0.594727,-0.589844,0.98291,-1.95312,-0.915527,-26.4282,1
592.4,0.570312,-0.584961,0.952148,-0.732422,-0.976562,-26.123,1
592.41,0.592285,-0.352051,0.988281,-1.64795,-0.854492,-26.2451,1
592.42,0.605469,-0.613281,1.06104,-3.17383,-0.915527,-26.3672,1
592.43,0.606445,-0.608398,1.05176,-0.915527,-0.854492,-26.1841,1
592.44,0.577637,-0.402344,1.07178,-2.19727,-0.610352,-26.3062,1
592.45,0.569336,-0.588867,1.09863,-4.21143,-0.549316,-26.4282,1
592.46,0.551758,-0.57666,1.07568,-3.479,-0.305176,-26.062,1
592.47,0.520508,-0.456055,1.00342,-3.78418,0.0610352,-26.001,1
592.48,0.48584,-0.507812,0.964844,-3.90625,0.305176,-26.2451,1
592.49,0.451172,-0.608887,0.972656,-2.99072,0.915527,-26.3672,1
592.5,0.40332,-0.529785,1.02344,-1.83105,1.40381,-26.4282,1
592.51,0.394531,-0.506348,1.02686,-2.01416,1.40381,-26.3062,1
592.52,0.404297,-0.589844,1.00293,-1.64795,1.52588,-26.3672,1
592.53,0.400879,-0.576172,0.97168,-0.793457,1.95312,-26.3062,1
592.54,0.498047,-0.536621,0.922363,-0.12207,2.19727,-26.3062,1
592.55,0.584961,-0.505859,0.975098,0.12207,2.2583,-26.4893,1
592.555,0.652832,-0.610352,0.912598,1.0376,1.89209,-26.4893,1
592.565,0.604004,-0.497559,0.895996,2.01416,1.58691,-26.7944,1
592.575,0.691406,-0.521973,0.992188,0.793457,0.915527,-27.4658,1
592.585,0.799805,-0.503906,1.19287,0.366211,-0.12207,-28.2593,1
592.595,0.87793,-0.355957,0.938965,-0.610352,-1.15967,-28.8696,1
592.605,0.768066,-0.632812,0.953613,-1.15967,-1.95312,-30.0903,1
592.615,0.791016,-0.538086,1.14062,1.52588,-2.56348,-30.8228,1
592.625,0.708984,-0.347656,1.11621,0.183105,-2.86865,-31.6162,1
592.635,0.583008,-0.696289,1.00977,-2.19727,-2.68555,-32.3486,1
592.645,0.535156,-0.664551,1.09082,-0.671387,-2.19727,-32.0435,1
592.655,0.359375,-0.549805,1.11572,-1.58691,-1.52588,-31.4331,1
592.665,0.284668,-0.694336,1.10742,-2.38037,-0.610352,-30.7617,1
592.675,0.24707,-0.629883,0.974121,-3.05176,0.183105,-29.3579,1
592.685,0.130371,-0.75293,0.972656,-5.00488,2.01416,-28.0151,1
592.695,0.0141602,-0.879395,0.977051,-6.10352,3.41797,-27.5879,1
592.705,0.0317383,-0.67334,0.981445,-5.85938,4.57764,-27.3438,1
592.715,0.0825195,-0.557129,0.998047,-7.99561,5.7373,-27.8931,1
592.725,0.115723,-0.686035,0.951172,-9.15527,6.5918,-28.0151,1
592.735,0.127441,-0.692383,0.930176,-7.87354,7.87354,-27.2217,1
592.74,0.102051,-0.675781,0.951172,-7.26318,9.27734,-27.0386,1
592.75,0.0791016,-0.642578,0.885254,-6.89697,9.21631,-26.9775,1
592.76,-0.0151367,-0.736816,0.81543,-5.79834,9.82666,-26.6113,1
592.77,-0.13916,-0.73291,0.861328,-4.5166,10.0708,-27.2217,1
592.78,-0.0991211,-0.605469,0.958496,-3.54004,10.437,-27.5269,1
592.79,-0.00341797,-0.755371,0.946289,-3.35693,10.498,-28.0762,1
592.8,0.0576172,-0.767578,0.849609,0.12207,9.33838,-27.8931,1
592.81,0.0898438,-0.521484,0.840332,0.854492,9.0332,-28.9307,1
592.82,0.0786133,-0.678223,0.760742,0.976562,8.42285,-29.1748,1
592.83,0.131348,-0.722168,0.800781,3.78418,7.93457,-29.1138,1
592.84,0.149414,-0.48584,0.813477,4.15039,7.26318,-29.7852,1
592.85,0.169434,-0.730957,0.780762,2.38037,6.95801,-30.3955,1
592.86,0.174316,-0.949707,0.819336,4.02832,6.22559,-30.2124,1
592.87,0.137695,-0.68457,0.874512,4.3335,5.5542,-30.3955,1
592.88,0.146973,-0.706543,0.916504,1.40381,5.00488,-31.4941,1
592.885,0.200195,-0.807129,0.966309,1.15967,4.21143,-31.4331,1
592.895,0.203613,-0.717285,1.01562,0.488281,3.54004,-31.4941,1
592.905,0.256836,-0.722168,1.04248,-0.610352,2.2583,-31.4941,1
592.915,0.289062,-0.710449,1.02686,-0.854492,1.52588,-31.311,1
592.925,0.325195,-0.785156,1.05127,-0.549316,1.2207,-31.1279,1
592.935,0.308594,-0.735352,1.08057,-0.183105,0.732422,-31.4331,1
592.945,0.286621,-0.693848,1.03564,-1.40381,0.12207,-31.7993,1
592.955,0.254883,-0.910156,1.00537,-1.2207,0,-31.0669,1
592.965,0.23291,-0.751953,1.04492,-0.366211,-0.12207,-31.1279,1
592.975,0.248047,-0.711426,1.00146,-1.77002,-0.244141,-31.25,1
592.985,0.232422,-0.935547,1.04785,-0.305176,-0.183105,-30.7007,1
592.995,0.241699,-0.72168,1.09961,1.09863,-0.427246,-30.7617,1
593.005,0.243164,-0.648926,1.05176,-0.305176,-0.549316,-30.9448,1
593.015,0.212891,-0.880371,1.05566,-0.12207,-0.244141,-30.2734,1
593.025,0.207031,-0.730469,1.00439,1.15967,-0.244141,-30.0293,1
593.03,0.23291,-0.733887,0.974121,-0.305176,-0.244141,-30.3955,1
593.04,0.228516,-0.937012,1.02783,0.854492,-0.244141,-29.9683,1
593.05,0.19043,-0.716309,1.05811,1.40381,0,-30.0903,1
593.06,0.168457,-0.791992,1.04492,-0.427246,0.0610352,-30.4565,1
593.07,0.179688,-0.74707,0.997559,0.915527,0.12207,-30.2124,1
593.08,0.189941,-0.589844,1.00684,0.305176,0.427246,-30.2124,1
593.09,0.266602,-0.798828,0.949707,0.305176,0,-30.0903,1
593.1,0.26123,-0.740234,0.974121,2.56348,0.549316,-29.541,1
593.11,0.223145,-0.674316,1.00293,0.915527,1.2207,-29.9072,1
593.12,0.189941,-0.85498,1.02295,0.305176,1.28174,-29.7852,1
593.13,0.165039,-0.728516,1.02734,1.09863,1.64795,-29.4189,1
593.14,0.191895,-0.672852,0.984375,-0.0610352,1.77002,-29.7852,1
593.15,0.246094,-0.841797,0.937012,0.244141,2.0752,-29.7852,1
593.16,0.255859,-0.673828,0.924316,1.89209,2.2583,-29.541,1
593.17,0.21582,-0.623535,0.948242,0.976562,2.68555,-29.6631,1
593.175,0.199707,-0.811523,0.894043,1.58691,2.56348,-29.3579,1
593.185,0.182129,-0.60791,0.980957,2.68555,2.86865,-29.2358,1
593.195,0.200684,-0.621582,0.950195,0.671387,2.80762,-29.541,1
593.205,0.225098,-0.890625,0.925293,1.58691,2.62451,-29.3579,1
593.215,0.213379,-0.728027,0.937012,3.41797,2.68555,-29.3579,1
593.225,0.236816,-0.63916,0.938477,1.77002,2.86865,-30.0903,1
593.235,0.20166,-0.878906,0.969238,1.83105,2.99072,-29.6631,1
593.245,0.165039,-0.713867,0.966797,2.80762,2.50244,-29.7241,1
593.255,0.221191,-0.637207,0.962891,1.46484,2.68555,-29.9683,1
593.265,0.245605,-0.812988,0.96582,1.64795,2.50244,-29.8462,1
593.275,0.249512,-0.687012,0.975098,2.56348,1.83105,-29.6021,1
593.285,0.208984,-0.680664,0.987305,1.70898,2.01416,-29.8462,1
593.295,0.166504,-0.82373,0.961914,2.01416,1.83105,-29.8462,1
593.305,0.20166,-0.709961,0.917969,2.50244,2.13623,-29.8462,1
593.315,0.213379,-0.678711,0.952148,0.854492,1.70898,-30.3345,1
593.32,0.256348,-0.79541,0.95459,0.183105,0.854492,-30.2124,1
593.33,0.251465,-0.681152,0.958496,0.732422,1.15967,-29.9683,1
593.34,0.223633,-0.679199,0.95752,-0.305176,1.40381,-30.2734,1
593.35,0.237305,-0.79834,0.922852,-0.12207,0.976562,-30.0293,1
593.36,0.256836,-0.637695,0.908691,0.549316,1.0376,-29.6631,1
593.37,0.242676,-0.702637,0.912109,-0.976562,1.15967,-29.9683,1
593.38,0.243652,-0.818359,0.992676,-0.427246,0.854492,-30.0903,1
593.39,0.263184,-0.702148,0.978516,0,0.976562,-29.9683,1
593.4,0.251465,-0.719727,0.958496,-0.915527,0.671387,-29.9683,1
593.41,0.225586,-0.816406,0.949707,-0.671387,0.366211,-29.9683,1
593.42,0.259766,-0.693359,0.964355,0,0.671387,-29.9683,1
593.43,0.272949,-0.644043,0.999512,-0.427246,0.915527,-30.1514,1
593.44,0.289062,-0.863281,0.98584,-0.427246,0.244141,-29.6631,1
593.45,0.267578,-0.76709,0.978027,0.671387,0,-29.6631,1
593.46,0.240723,-0.727051,0.99707,0,0.427246,-29.7852,1
593.465,0.234375,-0.846191,0.976074,0.854492,0.671387,-29.7241,1
593.475,0.253906,-0.780273,0.95166,1.77002,0.610352,-29.541,1
593.485,0.275391,-0.70752,0.948242,1.70898,0.671387,-29.7241,1
593.495,0.291016,-0.821777,0.974609,1.83105,0.488281,-29.6021,1
593.505,0.302734,-0.789551,1.00146,2.68555,0.366211,-29.4189,1
593.515,0.250977,-0.687988,0.996094,1.89209,0.549316,-29.48,1
593.525,0.236816,-0.787109,0.936523,1.15967,0.671387,-29.3579,1
593.535,0.23291,-0.768555,0.944336,1.52588,0.732422,-29.0527,1
593.545,0.276367,-0.76416,0.94873,1.34277,0.915527,-28.9307,1
593.555,0.307617,-0.702148,0.949707,0.793457,0.549316,-29.4189,1
593.565,0.304199,-0.842285,0.959473,0.305176,0.549316,-29.48,1
593.575,0.255859,-0.791016,0.981445,1.28174,0.305176,-29.3579,1
593.585,0.240234,-0.694824,0.977539,0.305176,0.366211,-29.6631,1
593.595,0.23584,-0.844727,0.989746,0.305176,0.549316,-29.541,1
593.605,0.283691,-0.761719,0.989258,1.0376,0.183105,-29.541,1
593.615,0.269531,-0.705078,0.986328,0.0610352,0.305176,-29.7241,1
593.62,0.259277,-0.789062,0.989746,1.34277,0,-29.2969,1
593.625,0.255371,-0.710938,1.01074,0.305176,0.488281,-29.8462,1
593.635,0.269531,-0.847168,0.978027,0.671387,0.549316,-29.4189,1
593.645,0.28418,-0.755371,0.96582,1.64795,0.610352,-29.541,1
593.655,0.283203,-0.686523,0.960938,1.34277,0.610352,-29.6021,1
593.665,0.289551,-0.822754,0.958984,1.95312,0.915527,-29.48,1
593.675,0.282715,-0.763184,0.989746,2.86865,0.427246,-29.48,1
593.685,0.325195,-0.774414,0.975586,2.19727,0.732422,-29.6631,1
593.695,0.266602,-0.84082,0.950684,2.19727,0.793457,-29.4189,1
593.705,0.23291,-0.798828,0.958984,2.0752,0.244141,-29.0527,1
593.715,0.271484,-0.744629,0.981934,1.52588,0.610352,-29.2969,1
593.725,0.271973,-0.755371,0.999023,1.15967,0.671387,-29.7241,1
593.735,0.285156,-0.76123,0.990234,2.13623,0.610352,-29.6021,1
593.745,0.339844,-0.775391,0.954102,2.50244,0.488281,-29.6631,1
593.755,0.359863,-0.782227,0.976074,2.62451,0.244141,-29.2969,1
593.765,0.338379,-0.921875,0.998535,2.0752,0.549316,-29.541,1
593.775,0.277344,-0.855469,1.05762,2.62451,0.427246,-29.0527,1
593.785,0.24707,-0.759766,1.01709,0.915527,0.366211,-29.6021,1
593.795,0.299805,-0.852051,0.97998,1.0376,0.183105,-28.9917,1
593.805,0.280273,-0.700195,1.01855,1.40381,0.427246,-29.2358,1
593.81,0.313477,-0.767578,0.98877,0.610352,0.488281,-29.4189,1
593.82,0.288574,-0.822754,0.979492,1.95312,0.305176,-29.2358,1
593.83,0.304688,-0.669434,0.995117,1.70898,0.12207,-29.4189,1
593.84,0.31543,-0.813965,0.974609,0.976562,0,-29.4189,1
593.85,0.28418,-0.851562,0.982422,2.0752,0,-29.0527,1
593.86,0.266113,-0.786621,0.97998,1.64795,0.0610352,-29.0527,1
593.87,0.254883,-0.774414,0.964355,1.34277,0,-29.0527,1
593.88,0.282715,-0.758301,0.962402,1.64795,0,-29.1748,1
593.885,0.300781,-0.773926,1.00146,2.99072,0.183105,-28.6255,1
593.895,0.378906,-0.69873,0.995117,3.11279,0,-28.8696,1
593.905,0.39502,-0.840332,0.926758,2.13623,0.305176,-28.6255,1
593.915,0.275879,-0.874023,0.981445,3.78418,0.305176,-27.5269,1
593.925,0.208496,-0.692383,1.0249,3.17383,0.366211,-27.8931,1
593.935,0.303223,-0.740234,0.958984,2.80762,0.244141,-28.1372,1
593.945,0.384766,-0.807617,0.956543,3.72314,0.427246,-27.71,1
593.955,0.374023,-0.759277,0.986328,3.90625,0.244141,-27.5269,1
593.965,0.319824,-0.77002,0.998535,3.66211,0.427246,-27.0386,1
593.975,0.30957,-0.750488,0.973145,4.21143,0.915527,-26.6113,1
593.985,0.358398,-0.71875,1.00781,3.23486,0.732422,-26.6113,1
593.995,0.36377,-0.751953,1.02002,2.62451,0.305176,-26.3062,1
594.005,0.35791,-0.735352,1.03906,2.92969,0.610352,-25.8179,1
594.015,0.320312,-0.722168,1.00732,2.92969,1.28174,-25.8179,1
594.025,0.320801,-0.828613,0.935547,3.60107,1.28174,-25.5737,1
594.03,0.391602,-0.732422,1,4.94385,0.915527,-25.0854,1
594.04,0.459961,-0.642578,1.0625,3.78418,0.549316,-24.8413,1
594.05,0.347656,-0.773926,0.979004,3.23486,0.976562,-24.231,1
594.06,0.251953,-0.674805,0.915527,3.2959,1.28174,-24.231,1
594.07,0.296387,-0.674805,0.889648,3.17383,1.09863,-24.0479,1
594.08,0.425781,-0.745605,0.954102,4.69971,0.671387,-23.3154,1
594.09,0.501953,-0.611816,0.975586,4.3335,0.610352,-23.6816,1
594.1,0.391113,-0.726074,0.94043,3.60107,0.732422,-23.1934,1
594.11,0.257812,-0.75,0.939941,5.00488,0.793457,-22.3999,1
594.12,0.354492,-0.583984,0.975098,3.84521,0.366211,-22.7661,1
594.13,0.456055,-0.661621,0.974609,3.17383,0.244141,-22.522,1
594.14,0.416504,-0.668945,0.985352,3.90625,0.488281,-22.0337,1
594.15,0.359863,-0.623047,0.964355,4.08936,0.488281,-21.6064,1
594.16,0.38623,-0.62207,0.915039,4.57764,0.488281,-21.1182,1
594.17,0.420898,-0.672363,1.01709,4.39453,0.488281,-20.874,1
594.175,0.396973,-0.617676,1.05811,4.69971,0.12207,-20.3857,1
594.185,0.357422,-0.604492,1.03613,4.08936,0.183105,-20.0806,1
594.195,0.36377,-0.607422,0.951172,4.69971,0.305176,-19.4702,1
594.205,0.439453,-0.532227,0.973145,4.63867,0.366211,-19.2261,1
594.215,0.479004,-0.647949,1.02686,5.06592,0.549316,-18.5547,1
594.225,0.442383,-0.586914,0.980469,6.16455,0.183105,-17.9443,1
594.235,0.40918,-0.547363,0.926758,5.85938,0.427246,-17.4561,1
594.245,0.393066,-0.573242,0.956543,5.79834,0.183105,-16.9678,1
594.255,0.426758,-0.482422,1.05908,5.31006,0.610352,-16.8457,1
594.265,0.475098,-0.503418,0.982422,5.18799,0.610352,-15.9912,1
594.275,0.442383,-0.480957,0.935059,5.7373,0.427246,-15.4419,1
594.285,0.427246,-0.498535,0.950684,6.28662,0.183105,-14.9536,1
594.295,0.421387,-0.478027,0.994629,7.14111,0.549316,-14.0991,1
594.305,0.417969,-0.419434,1.00342,7.32422,0.488281,-13.3057,1
594.315,0.397949,-0.37793,0.942383,7.08008,0,-12.8784,1
594.325,0.447266,-0.366699,0.982422,6.53076,0,-12.3291,1
594.335,0.509766,-0.35498,1,6.71387,-0.0610352,-11.4746,1
594.345,0.464844,-0.387695,0.98584,6.95801,0.0610352,-10.6812,1
594.355,0.413574,-0.318848,0.912598,7.69043,0,-9.82666,1
594.365,0.36377,-0.300293,0.973633,7.32422,0.671387,-9.0332,1
594.375,0.375488,-0.250488,1.04053,7.38525,0.488281,-8.30078,1
594.385,0.341797,-0.227539,1.02979,7.01904,0.732422,-7.56836,1
594.395,0.329102,-0.225586,0.978027,7.56836,0.732422,-6.53076,1
594.405,0.282227,-0.159668,0.910156,7.87354,1.2207,-5.79834,1
594.415,0.169922,-0.142578,0.944824,7.50732,1.46484,-5.00488,1
594.42,0.0683594,-0.121094,1.05957,7.75146,2.0752,-4.08936,1
594.43,0.00634766,-0.0898438,1.05713,8.11768,2.99072,-3.17383,1
594.44,-0.0551758,-0.119141,1.00537,8.91113,3.35693,-2.19727,1
594.45,-0.0581055,-0.0268555,0.958984,9.94873,3.84521,-1.52588,1
594.46,-0.015625,0.0126953,0.861328,9.94873,4.5166,-0.732422,1
594.47,-0.0825195,0.0146484,0.93457,10.3149,5.43213,0,1
594.48,-0.112793,0.0415039,0.966309,9.15527,5.98145,0.0610352,1
594.49,-0.148438,-0.0112305,0.909668,9.33838,6.83594,1.2207,1
594.5,-0.163086,0.0839844,0.876465,10.0098,7.14111,1.83105,1
594.51,-0.0947266,0.214355,0.868652,9.15527,6.83594,2.19727,1
594.52,-0.0166016,0.210938,0.81543,7.32422,6.71387,2.31934,1
594.53,-0.0986328,0.0952148,0.919922,7.26318,7.08008,2.99072,1
594.54,-0.161621,0.224609,0.87207,6.7749,6.5918,3.35693,1
594.55,-0.195312,0.233887,0.875977,5.18799,6.83594,3.479,1
594.56,-0.223145,0.119629,0.89502,5.43213,6.53076,4.45557,1
594.57,-0.164062,0.260254,0.902344,5.31006,5.5542,4.63867,1
594.58,-0.130371,0.264648,0.978516,3.66211,5.12695,4.27246,1
594.59,-0.125977,0.203125,0.998047,3.479,5.00488,5.24902,1
594.6,-0.158691,0.259277,0.971191,3.84521,5.06592,5.79834,1
594.61,-0.14209,0.300293,0.972656,3.41797,5.00488,5.61523,1
594.62,-0.171387,0.276367,1.05371,4.5166,5.37109,6.53076,1
594.63,-0.171387,0.27002,1.02881,5.49316,5.24902,6.83594,1
594.64,-0.208984,0.414062,1.04346,6.46973,5.31006,7.56836,1
594.65,-0.194336,0.274414,1.05859,6.34766,5.92041,8.23975,1
594.655,-0.182617,0.311035,1.03564,9.33838,5.5542,9.58252,1
594.665,-0.203613,0.526367,1.04785,8.91113,5.98145,9.94873,1
594.675,-0.208984,0.336914,1.07959,8.54492,5.24902,10.8643,1
594.685,-0.209961,0.374512,1.03955,10.7422,5.24902,12.4512,1
594.695,-0.165527,0.608887,1.00586,10.3149,5.00488,13.3057,1
594.705,-0.129883,0.456543,0.918945,8.8501,4.39453,14.4653,1
594.715,-0.12207,0.431641,0.895508,9.82666,3.23486,15.9302,1
594.725,-0.105957,0.643066,0.918945,9.09424,2.92969,16.7847,1
594.735,-0.140625,0.548828,0.921387,6.83594,2.68555,17.6392,1
594.745,-0.124023,0.484863,0.893066,7.26318,1.89209,19.4702,1
594.755,-0.122559,0.713867,0.900391,6.22559,0.976562,19.8975,1
594.765,-0.102051,0.591309,0.948242,3.66211,0.793457,20.5078,1
594.775,-0.125977,0.587891,1.0874,4.76074,0.244141,22.1558,1
594.785,-0.100098,0.813477,1.0083,3.05176,0.183105,22.3999,1
594.795,-0.15625,0.597168,0.977051,1.52588,-0.12207,23.3154,1
594.8,-0.147949,0.570801,0.995605,2.50244,-0.488281,23.9868,1
594.81,-0.111328,0.732422,0.984863,2.50244,0,23.8037,1
594.82,-0.0839844,0.716797,0.98584,2.01416,0.732422,23.5596,1
594.83,-0.142578,0.618652,1.0083,2.99072,1.46484,24.0479,1
594.84,-0.182617,0.824219,1.05811,3.90625,1.64795,24.231,1
594.85,-0.186035,0.75293,1.05029,2.62451,1.95312,23.9258,1
594.86,-0.135742,0.562988,0.97998,4.02832,2.13623,25.0854,1
594.87,-0.139648,0.758789,0.973633,4.69971,2.62451,24.8413,1
594.88,-0.136719,0.820801,0.98877,3.05176,3.2959,24.1699,1
594.89,-0.192871,0.776367,1.04102,3.54004,3.78418,25.5127,1
594.9,-0.223633,0.83252,0.959961,2.62451,3.41797,25.5127,1
594.91,-0.179199,0.677734,0.958496,2.0752,3.23486,25.4517,1
594.92,-0.110352,0.719727,0.965332,3.11279,3.54004,26.3672,1
594.93,-0.105469,0.819336,0.877441,2.38037,3.23486,26.9775,1
594.94,-0.12793,0.923828,0.881836,1.2207,3.17383,27.2827,1
594.945,-0.159668,0.806152,0.922363,1.40381,3.11279,28.1372,1
594.955,-0.153809,0.716797,0.998535,2.74658,2.68555,29.1748,1
594.965,-0.127441,0.781738,0.939453,3.54004,2.0752,29.48,1
594.975,-0.0942383,0.824707,0.84668,3.479,1.2207,30.2124,1
594.985,-0.090332,0.812988,0.791016,3.72314,1.46484,30.8838,1
594.995,-0.123535,0.893066,0.818848,3.60107,1.28174,31.4331,1
595.005,-0.166992,0.738281,0.913086,3.2959,0.793457,32.0435,1
595.015,-0.103027,0.801758,0.913574,3.90625,-0.0610352,32.3486,1
595.025,-0.137207,1.03516,0.942871,2.2583,0.244141,32.959,1
595.035,-0.152344,0.907715,0.918457,0.183105,0.671387,32.8369,1
595.045,-0.141602,0.832031,0.953613,0.976562,0.244141,34.0576,1
595.055,-0.155273,0.930176,1.02148,0.12207,0.488281,33.4473,1
595.065,-0.143066,0.949219,0.977539,-0.671387,0.366211,33.3252,1
595.075,-0.0981445,1.00195,0.916016,-1.58691,1.34277,33.3862,1
595.085,-0.201172,0.915039,1.00146,-1.40381,1.95312,33.9966,1
595.09,-0.210938,0.933105,1.01123,-1.40381,1.58691,33.5083,1
595.1,-0.159668,0.870605,0.974609,-0.488281,2.2583,34.0576,1
595.11,-0.145996,0.969238,0.937012,0.610352,2.38037,34.0576,1
595.12,-0.124512,0.927734,0.926758,-0.488281,2.19727,33.5693,1
595.13,-0.14209,0.975586,0.967773,0.671387,2.62451,34.5459,1
595.14,-0.21875,0.975586,1.06592,-0.305176,3.479,33.8745,1
595.15,-0.175293,0.775879,1.01465,1.46484,3.11279,34.6069,1
595.16,-0.106934,0.927246,0.929199,3.11279,3.05176,34.729,1
595.17,-0.097168,1.05029,0.821289,1.15967,2.92969,34.4849,1
595.18,-0.102539,0.899414,0.912109,0,2.56348,34.79,1
595.19,-0.146484,0.946289,0.958984,-0.427246,3.41797,35.5225,1
595.2,-0.149414,1.11182,0.994629,-1.95312,2.92969,35.5225,1
595.21,-0.161133,0.771973,0.961426,-4.08936,2.44141,35.4614,1
595.22,-0.109863,0.950195,0.945801,-1.0376,1.46484,36.2549,1
595.23,-0.103516,1.14014,0.95752,-3.84521,2.01416,35.8276,1
595.235,-0.13916,0.806641,0.956543,-3.72314,1.77002,36.5601,1
595.245,-0.13623,0.951172,0.918457,-2.50244,1.09863,37.2314,1
595.255,-0.164551,0.980469,0.923828,-3.2959,1.0376,36.8652,1
595.265,-0.158203,0.797363,0.905273,-1.40381,0.183105,37.9028,1
595.275,-0.137695,1.04492,0.937012,0.0610352,0.366211,37.9028,1
595.285,-0.131836,1.00781,0.975098,-1.64795,0.244141,37.4756,1
595.295,-0.176758,0.79248,0.969238,-0.183105,0.427246,38.6353,1
595.305,-0.183594,0.978027,0.935547,0.610352,0.0610352,38.269,1
595.315,-0.11084,0.941406,0.902832,0.427246,0.0610352,37.9028,1
595.325,-0.10498,0.899414,0.921387,2.31934,0.610352,38.5132,1
595.335,-0.126953,1.15918,1.03516,2.01416,0.976562,37.8418,1
595.345,-0.122559,0.898926,0.987305,0.305176,1.2207,37.5977,1
595.355,-0.171875,0.854492,0.992676,3.11279,1.46484,38.208,1
595.365,-0.100586,1.1001,0.862793,1.46484,2.0752,36.8042,1
595.375,-0.114258,0.858887,0.890625,0,1.89209,36.8652,1
595.385,-0.0981445,0.969238,1.03223,1.83105,1.77002,37.3535,1
595.395,-0.0400391,1.08252,1.04834,-0.427246,2.31934,36.7432,1
595.405,-0.0561523,0.864258,0.912598,-1.2207,1.95312,37.1094,1
595.41,-0.0478516,0.810059,0.828125,-0.0610352,2.0752,36.9873,1
595.42,-0.0444336,1.06885,0.854492,-0.915527,2.01416,36.0107,1
595.43,-0.0478516,0.978516,0.976562,-2.86865,2.44141,35.9497,1
595.44,-0.027832,0.859375,1.04785,-1.77002,1.95312,36.6211,1
595.45,-0.00634766,1.04053,1.04492,-2.68555,2.13623,35.4614,1
595.46,0.115234,0.782227,0.876465,-4.27246,1.83105,35.6445,1
595.47,0.188965,0.782227,0.829102,-2.44141,1.09863,36.0107,1
595.48,0.213867,1.23145,0.876465,-3.78418,0.305176,35.4614,1
595.49,0.100586,0.879395,0.981934,-7.56836,0.671387,34.79,1
595.5,0.00976562,0.715332,1.01562,-5.00488,0.183105,35.4614,1
595.51,0.131836,0.978516,0.967773,-5.18799,-0.305176,34.9731,1
595.52,0.190918,0.834961,0.933105,-6.04248,-1.64795,34.9731,1
595.53,0.242188,0.887695,0.970703,-3.479,-2.44141,34.5459,1
595.54,0.244629,1.05615,0.98584,-2.80762,-2.0752,33.4473,1
595.55,0.234863,0.882812,1.03076,-2.50244,-2.44141,32.5317,1
595.56,0.0893555,0.810547,0.928711,-0.732422,-2.31934,32.959,1
595.57,0.175781,0.818359,0.908691,-0.0610352,-2.56348,32.3486,1
595.58,0.305664,0.929688,0.945801,0.183105,-2.74658,31.7383,1
595.59,0.362305,0.863281,0.955078,0.183105,-2.56348,31.0669,1
595.595,0.271484,0.929199,1.05273,1.40381,-2.31934,30.0903,1
595.605,0.205566,0.94873,0.974121,0.854492,-1.89209,28.6255,1
595.615,0.15918,0.75,0.864258,2.38037,-0.976562,27.8931,1
595.625,0.15918,0.867676,0.82666,2.74658,-0.915527,26.6724,1
595.635,0.249512,0.879395,0.931152,2.68555,-0.488281,26.123,1
595.645,0.275391,0.983398,1.05225,2.01416,0.488281,25.5737,1
595.655,0.307617,0.895508,0.932129,0.183105,0.427246,24.353,1
595.665,0.273926,0.789551,0.883789,1.09863,0.610352,23.9868,1
595.675,0.177734,0.876465,0.953125,1.52588,0.793457,22.3389,1
595.685,0.129395,0.841797,0.927734,0.976562,0.976562,20.5078,1
595.695,0.161621,0.827637,1.01709,1.70898,2.19727,20.2637,1
595.705,0.274902,1.00537,0.941406,-0.915527,2.68555,19.104,1
595.715,0.357422,0.90625,0.925293,-3.72314,2.50244,18.5547,1
595.725,0.291504,0.724121,1.09033,-2.74658,2.38037,18.4937,1
595.735,0.203613,0.838867,1.12109,-1.34277,2.19727,17.8833,1
595.745,0.180664,0.981445,0.963379,-2.99072,2.01416,16.7847,1
595.755,0.217773,0.782227,0.916504,-4.63867,2.2583,16.4185,1
595.765,0.245117,0.79248,0.959961,-4.57764,1.83105,16.4185,1
595.77,0.324707,0.876465,0.97998,-6.22559,1.64795,15.8691,1
595.78,0.356445,0.66748,0.964355,-5.43213,1.09863,16.0522,1
595.79,0.303223,0.644531,0.885254,-2.86865,0.244141,15.8081,1
595.8,0.229492,0.790527,0.895996,-2.13623,-0.366211,15.3198,1
595.81,0.179199,0.682129,0.969727,-3.54004,-0.610352,15.1367,1
595.815,0.276855,0.611816,0.962402,-4.08936,-1.2207,16.0522,1
595.825,0.412598,0.697754,0.898926,-5.43213,-1.70898,15.5029,1
595.835,0.435059,0.588867,0.961914,-5.5542,-2.74658,15.3198,1
595.845,0.310059,0.699707,0.946289,-4.39453,-3.35693,15.0146,1
595.855,0.27832,0.776367,0.98877,-5.85938,-3.41797,14.2822,1
595.865,0.243652,0.565918,0.962891,-6.65283,-4.02832,14.8315,1
595.875,0.432129,0.54541,1.03174,-5.98145,-4.08936,15.1367,1
595.885,0.444336,0.709473,1.0293,-6.83594,-4.27246,14.6484,1
595.895,0.476562,0.529297,1.0376,-7.87354,-3.78418,14.0381,1
595.905,0.44043,0.434082,0.966797,-5.5542,-3.96729,13.916,1
595.915,0.430176,0.737305,0.992676,-5.31006,-3.479,13.0005,1
595.925,0.383789,0.558594,1.03613,-6.89697,-3.17383,12.9395,1
595.935,0.387695,0.378906,1.04102,-4.82178,-2.80762,13.2446,1
595.945,0.473145,0.634766,0.975098,-4.69971,-2.50244,12.7563,1
595.955,0.447266,0.446289,0.941406,-6.04248,-1.95312,12.5122,1
595.96,0.466309,0.40332,0.942383,-4.39453,-1.64795,12.2681,1
595.97,0.475098,0.556152,0.992188,-4.63867,-0.488281,11.5967,1
595.98,0.430176,0.423828,1.04834,-4.76074,0.366211,11.5967,1
595.99,0.411621,0.364258,1.04248,-3.72314,0.549316,11.5967,1
596,0.358887,0.53125,0.990723,-3.2959,1.0376,11.5356,1
596.01,0.480469,0.484375,0.944824,-4.76074,2.0752,11.0474,1
596.02,0.458496,0.293945,0.950195,-3.78418,2.74658,11.4746,1
596.03,0.42041,0.469727,1.13086,-2.92969,2.80762,11.6577,1
596.04,0.371582,0.555664,1.06299,-4.94385,2.80762,11.7798,1
596.05,0.376465,0.29541,0.989258,-5.49316,2.92969,12.146,1
596.06,0.384277,0.40625,0.997559,-3.54004,2.92969,12.3901,1
596.07,0.369629,0.501953,1.00879,-4.15039,3.05176,12.3901,1
596.08,0.399902,0.254883,0.991699,-3.23486,2.38037,13.0005,1
596.09,0.376465,0.474609,0.989258,-1.28174,1.70898,13.4277,1
596.1,0.34668,0.504883,1.01611,-2.68555,1.64795,13.2446,1
596.11,0.316895,0.291504,1.03467,-2.38037,0.976562,13.7329,1
596.12,0.328125,0.342773,0.912598,-1.34277,0.732422,14.4043,1
596.125,0.338867,0.488281,0.915527,-1.77002,0,14.0991,1
596.135,0.255859,0.399414,0.993652,-2.68555,0,14.0991,1
596.145,0.276855,0.304199,1.01562,-1.64795,0,14.5264,1
596.155,0.200195,0.446777,1.02588,-1.77002,-0.12207,14.5264,1
596.165,0.153809,0.470703,1.0498,-3.17383,-0.549316,14.2212,1
596.175,0.0878906,0.268555,1.01758,-2.92969,-0.671387,14.2212,1
596.185,0.0517578,0.379395,0.961426,-1.28174,0.12207,14.0381,1
596.195,0.0180664,0.511719,0.98584,-2.99072,0.915527,13.0005,1
596.205,-0.0195312,0.209473,1.00781,-3.11279,1.2207,13.0005,1
596.215,-0.0454102,0.313965,0.972656,-0.732422,1.0376,13.4277,1
596.225,-0.0307617,0.462891,0.997559,-2.44141,2.19727,11.7798,1
596.235,-0.0532227,0.163086,0.907227,-3.05176,3.11279,11.3525,1
596.245,-0.155762,0.233398,0.803711,-0.549316,4.21143,11.4136,1
596.255,-0.146973,0.366211,0.900879,-2.62451,4.5166,9.64355,1
596.265,-0.144531,0.141602,1.021,-3.41797,5.18799,9.27734,1
596.275,-0.0703125,0.312988,1.01807,-3.05176,5.67627,9.0332,1
596.285,-0.0625,0.312012,0.925781,-6.40869,5.67627,7.56836,1
596.295,-0.112305,0.0546875,0.844238,-6.46973,5.24902,7.20215,1
596.305,-0.198242,0.242676,0.854492,-6.10352,5.7373,6.5918,1
596.31,-0.202148,0.249023,0.912598,-8.97217,5.43213,4.82178,1
596.32,-0.187988,0.00732422,1.00781,-8.97217,5.12695,4.88281,1
596.33,-0.240723,0.14209,0.989258,-8.11768,4.63867,4.3335,1
596.34,-0.258789,0.0766602,0.891602,-9.76562,4.76074,2.74658,1
596.35,-0.243164,-0.0878906,0.807129,-8.60596,4.45557,2.62451,1
596.36,-0.229492,0.00439453,0.880371,-7.93457,4.27246,1.89209,1
596.37,-0.212891,-0.0146484,0.928223,-8.8501,3.84521,0.549316,1
596.38,-0.253906,-0.100586,0.900879,-8.36182,3.96729,0.305176,1
596.39,-0.358398,-0.0932617,0.912598,-8.23975,3.35693,-0.488281,1
596.4,-0.41748,-0.126953,0.890625,-8.05664,2.62451,-1.28174,1
596.41,-0.433594,-0.14209,0.899902,-7.62939,2.19727,-1.95312,1
596.42,-0.369629,-0.0966797,0.941895,-7.01904,1.58691,-2.68555,1
596.43,-0.350098,-0.106934,1.02686,-8.11768,1.52588,-4.3335,1
596.44,-0.297852,-0.147949,1.08447,-8.05664,0.915527,-5.00488,1
596.45,-0.320801,-0.17334,1.04492,-8.17871,1.09863,-5.79834,1
596.46,-0.355957,-0.136719,1.08105,-8.11768,0.549316,-6.22559,1
596.47,-0.333008,-0.150879,1.05566,-9.09424,0.12207,-7.99561,1
596.48,-0.273438,-0.352539,1.09521,-8.48389,0.854492,-8.42285,1
596.485,-0.30127,-0.204102,1.15674,-7.14111,0.793457,-9.0332,1
596.495,-0.260742,-0.163574,1.08496,-9.15527,0.915527,-10.9863,1
596.505,-0.288574,-0.432617,1.07031,-7.56836,0.854492,-10.6812,1
596.515,-0.336914,-0.236328,1.07178,-5.79834,0.732422,-11.7188,1
596.525,-0.362305,-0.255859,0.989746,-7.32422,0.732422,-13.2446,1
596.535,-0.348633,-0.502441,1.00195,-5.85938,0.427246,-12.8784,1
596.545,-0.279297,-0.339844,1.0708,-4.39453,0.0610352,-13.3057,1
596.555,-0.309082,-0.396484,1.10889,-4.82178,0.244141,-14.5264,1
596.565,-0.275391,-0.448242,1.09131,-2.80762,-0.244141,-14.3433,1
596.575,-0.358887,-0.40625,1.03418,-2.31934,0.305176,-15.0146,1
596.585,-0.334961,-0.523438,1.07471,-1.40381,-0.12207,-15.5029,1
596.595,-0.282227,-0.473145,1.06201,-0.549316,0.0610352,-15.5029,1
596.605,-0.30127,-0.525391,1.07959,-0.366211,0.793457,-15.5029,1
596.615,-0.330566,-0.555176,1.11963,0.0610352,0.305176,-16.2354,1
596.625,-0.321289,-0.571777,1.07422,0.488281,1.0376,-16.5405,1
596.635,-0.346191,-0.456543,1.04248,1.15967,1.64795,-15.9912,1
596.64,-0.359863,-0.542969,1.02344,-0.854492,1.52588,-17.395,1
596.65,-0.274414,-0.56543,1.01318,0.305176,1.58691,-16.6626,1
596.66,-0.314453,-0.496582,1.05713,-0.549316,2.56348,-17.6392,1
596.67,-0.318359,-0.63916,0.999512,-0.854492,1.64795,-18.0664,1
596.68,-0.350586,-0.518066,0.9375,0.12207,1.52588,-17.8223,1
596.69,-0.352539,-0.489746,0.965332,-1.28174,1.89209,-19.2871,1
596.7,-0.29248,-0.614746,0.930176,-1.52588,1.58691,-19.6533,1
596.71,-0.280273,-0.625,0.914062,-0.671387,1.83105,-19.7754,1
596.72,-0.306152,-0.603027,0.912109,-0.305176,0.854492,-20.4468,1
596.73,-0.284668,-0.589355,0.917969,-0.427246,0.366211,-21.5454,1
596.74,-0.234863,-0.582031,0.853027,0.488281,0.427246,-21.3623,1
596.75,-0.268066,-0.714844,0.881348,0.732422,0.305176,-22.4609,1
596.76,-0.327637,-0.709961,0.890137,2.01416,-0.488281,-22.9492,1
596.77,-0.249023,-0.582031,0.949219,1.40381,0.0610352,-23.8647,1
596.78,-0.290039,-0.720703,1.05176,1.0376,1.0376,-23.9868,1
596.785,-0.22998,-0.671387,0.982422,0.671387,0.244141,-24.7803,1
596.795,-0.232422,-0.619629,0.861328,-0.244141,1.0376,-25.2075,1
596.805,-0.238281,-0.648926,0.871582,-1.77002,0.854492,-25.2075,1
596.815,-0.255371,-0.738281,0.966797,-4.27246,1.15967,-26.123,1
596.825,-0.212402,-0.73877,1.0166,-4.08936,2.31934,-25.3296,1
596.835,-0.264648,-0.579102,1.02539,-5.31006,3.66211,-25.8789,1
596.845,-0.218262,-0.730469,0.890625,-7.8125,3.35693,-26.9165,1
596.855,-0.170898,-0.811035,0.863281,-6.28662,3.54004,-25.8789,1
596.865,-0.161133,-0.678711,0.974121,-6.46973,3.96729,-27.2217,1
596.875,-0.163086,-0.725098,0.990723,-6.65283,4.02832,-28.0762,1
596.88,-0.203613,-0.727051,0.926758,-4.69971,4.88281,-27.2827,1
596.89,-0.229004,-0.689453,0.883789,-3.72314,4.3335,-27.4048,1
596.9,-0.202148,-0.789062,0.873535,-2.31934,4.27246,-28.0151,1
596.91,-0.160645,-0.856445,0.945801,0.12207,4.02832,-28.1372,1
596.92,-0.213867,-0.837891,1.04736,1.2207,3.35693,-28.5645,1
596.93,-0.214355,-0.846191,0.834473,0.610352,2.86865,-29.6631,1
596.94,-0.136719,-0.706055,0.839844,0.305176,2.68555,-30.0293,1
596.95,-0.259766,-0.758789,1.03613,-2.68555,2.92969,-31.7383,1
596.96,-0.163086,-0.814941,0.995605,-1.28174,1.95312,-30.7617,1
596.97,-0.203125,-0.698242,0.883301,-2.31934,2.19727,-31.8604,1
596.98,-0.241211,-0.913574,0.91748,-3.66211,1.64795,-32.959,1
596.99,-0.233398,-0.842285,0.979004,-3.72314,0.976562,-32.7759,1
597,-0.206055,-0.832031,0.992676,-6.10352,1.83105,-33.5083,1
597.01,-0.175781,-0.864746,1.02344,-7.08008,1.70898,-33.3862,1
597.02,-0.244629,-0.939941,0.978027,-8.23975,2.44141,-34.4849,1
597.025,-0.242676,-1.0249,0.915527,-6.34766,1.64795,-33.6914,1
597.035,-0.195312,-0.658691,0.932129,-5.00488,1.40381,-34.0576,1
597.045,-0.169434,-0.759766,1.00439,-7.56836,1.64795,-35.3394,1
597.055,-0.138184,-0.981934,0.969238,-4.88281,1.58691,-34.668,1
597.065,-0.196289,-0.896973,0.994141,-3.78418,2.01416,-34.9121,1
597.075,-0.212402,-1.0166,0.928223,-3.23486,0.854492,-35.0952,1
597.085,-0.174316,-0.952637,0.934082,0.366211,1.83105,-34.4238,1
597.095,-0.20752,-0.760254,0.963379,1.0376,2.01416,-35.2783,1
597.105,-0.194336,-0.974609,0.975098,0.488281,0.915527,-36.1938,1
597.115,-0.169434,-0.859863,0.85498,3.90625,0.0610352,-34.9121,1
597.125,-0.177734,-0.847168,0.850586,1.64795,0.915527,-36.3159,1
597.135,-0.183105,-0.996582,0.944824,2.92969,0.976562,-35.5225,1
597.145,-0.154785,-0.879883,1.0957,2.56348,1.28174,-35.7056,1
597.155,-0.189453,-0.910645,0.94873,2.38037,0.732422,-35.2173,1
597.165,-0.234375,-0.854004,0.870117,2.0752,-0.12207,-35.7666,1
597.175,-0.230957,-0.887207,0.836426,1.40381,-0.183105,-37.0483,1
597.185,-0.236328,-0.95459,0.861816,2.0752,0.183105,-36.8042,1
597.195,-0.180664,-0.840332,1.00635,1.2207,-0.366211,-37.7197,1
597.2,-0.165527,-0.947754,1.03369,0.366211,-0.976562,-37.5977,1
597.21,-0.185059,-0.85498,0.963379,1.2207,-0.366211,-36.9263,1
597.22,-0.213379,-0.95166,0.96582,-0.549316,-0.854492,-37.6587,1
597.23,-0.183105,-0.994629,0.954102,0.854492,-1.2207,-36.7432,1
597.24,-0.201172,-0.808594,0.998535,-0.12207,-0.915527,-37.6587,1
597.25,-0.17041,-1.02295,0.976074,-0.976562,-0.732422,-37.8418,1
597.26,-0.110352,-0.919434,0.963379,0.549316,-0.915527,-36.9263,1
597.27,-0.164551,-0.958008,0.999512,-0.976562,-0.305176,-37.9028,1
597.28,-0.107422,-1.03906,0.95459,0,-1.15967,-36.8042,1
597.29,-0.158691,-0.898926,1.00928,0,-0.732422,-36.9873,1
597.3,-0.134766,-0.912109,1.04346,-0.305176,-1.34277,-37.4146,1
597.31,-0.0571289,-0.887695,0.919434,0.915527,-0.549316,-36.7432,1
597.32,-0.0629883,-0.927246,0.893555,1.09863,-0.12207,-37.0483,1
597.33,-0.0991211,-1.02197,0.961914,0.427246,-1.46484,-36.8042,1
597.34,-0.125488,-0.998535,1.00049,1.52588,-0.854492,-35.7666,1
597.35,-0.0556641,-0.916016,0.99707,0.366211,-0.732422,-36.1938,1
597.36,0.0117188,-1.05273,1.00342,0.427246,-1.2207,-36.1938,1
597.37,0.124512,-0.822754,0.962402,1.70898,-1.34277,-35.5835,1
597.375,0.133789,-0.870605,0.935059,0.610352,-1.09863,-35.8276,1
597.385,0.124512,-0.942383,0.906738,1.64795,-1.46484,-35.7056,1
597.395,0.153809,-0.88623,0.896484,0.549316,-1.15967,-35.8887,1
597.405,0.0869141,-1.0625,0.998047,0.793457,-1.28174,-34.4849,1
597.415,0.0727539,-0.881836,1.05859,0.854492,-1.89209,-34.668,1
597.425,0.0756836,-0.89502,1.01221,-0.0610352,-1.09863,-34.79,1
597.435,0.145508,-0.949707,0.936523,1.2207,-1.0376,-34.0576,1
597.445,0.191895,-0.794434,0.902344,0.793457,-0.976562,-34.3018,1
597.455,0.176758,-1.01904,0.93457,-0.305176,-0.732422,-33.7524,1
597.465,0.101074,-1.00732,1.03906,1.40381,-0.244141,-32.3486,1
597.475,0.108887,-0.86084,1.01514,0.0610352,0.305176,-32.7148,1
597.485,0.0888672,-1.04736,0.970215,0.610352,0.488281,-31.311,1
597.495,0.0527344,-0.890625,0.934082,0.915527,0.244141,-31.311,1
597.505,0.0791016,-0.839844,0.929688,0,1.0376,-31.6772,1
597.515,0.102539,-0.942871,0.941895,1.09863,1.83105,-31.0669,1
597.525,0.157715,-0.822754,0.923828,2.38037,1.28174,-30.8838,1
597.535,0.216797,-0.859375,0.884277,2.13623,0.793457,-30.9448,1
597.545,0.0952148,-0.990234,0.966797,3.2959,1.15967,-30.2734,1
597.55,0.0507812,-0.922363,0.973145,3.66211,1.40381,-29.7241,1
597.56,0.0371094,-0.839844,0.956055,3.41797,1.58691,-29.7852,1
597.57,0.0571289,-0.925781,0.92041,2.68555,1.34277,-29.9072,1
597.58,0.175293,-0.93457,0.882324,4.02832,0.915527,-29.6021,1
597.59,0.178223,-0.784668,0.943359,3.60107,1.15967,-29.9683,1
597.6,0.153809,-0.955078,0.985352,3.05176,1.46484,-29.6021,1
597.605,0.128906,-0.868164,0.952637,3.96729,0.671387,-28.8696,1
597.615,0.0888672,-0.847168,0.92627,2.62451,0.793457,-29.2969,1
597.625,0.114258,-0.966309,0.932617,3.05176,0.427246,-28.9307,1
597.635,0.155273,-0.789551,0.967773,2.74658,0.183105,-29.1748,1
597.645,0.18457,-0.922852,1.03076,2.0752,0.610352,-29.2358,1
597.655,0.220215,-0.888184,1.03955,3.11279,0,-28.6865,1
597.665,0.17041,-0.84082,0.958984,1.89209,0.366211,-28.8696,1
597.675,0.145508,-0.929199,0.962402,3.05176,-0.12207,-27.5879,1
597.685,0.128906,-0.746582,0.958984,3.17383,-0.183105,-27.6489,1
597.695,0.240234,-0.871094,0.990723,2.0752,0.427246,-28.3203,1
597.705,0.276855,-0.905273,1.01709,4.3335,0.488281,-26.9775,1
597.715,0.260742,-0.716309,0.995117,3.78418,0,-27.0996,1
597.725,0.283203,-0.816895,0.964844,3.41797,-0.183105,-26.7334,1
597.735,0.237305,-0.774414,0.954102,4.76074,0.732422,-25.5737,1
597.745,0.203125,-0.841309,0.915039,4.15039,1.0376,-25.3906,1
597.75,0.189453,-0.82666,0.965332,5.79834,0.549316,-24.4141,1
597.76,0.285156,-0.671875,0.992676,5.61523,0.915527,-24.4141,1
597.77,0.326172,-0.799805,1.00342,5.5542,1.15967,-23.3154,1
597.78,0.350098,-0.708496,0.998047,5.43213,0.610352,-22.9492,1
597.79,0.289551,-0.6875,0.913574,4.5166,0.915527,-22.1558,1
597.8,0.33252,-0.719727,0.919434,5.06592,1.09863,-21.2402,1
597.81,0.277832,-0.628906,0.936035,4.27246,1.0376,-20.874,1
597.82,0.338867,-0.688965,0.955078,3.54004,0.793457,-20.813,1
597.83,0.295898,-0.637207,0.974121,4.5166,0.854492,-20.0195,1
597.84,0.332031,-0.52002,1.05566,4.45557,0.610352,-20.0195,1
597.85,0.369629,-0.671875,0.997559,4.21143,0.305176,-19.2261,1
597.86,0.311035,-0.731445,0.881836,5.67627,-0.183105,-18.1885,1
597.87,0.356445,-0.61377,0.92041,5.79834,-0.183105,-18.2495,1
597.88,0.330078,-0.60498,0.969727,4.63867,0.12207,-18.1274,1
597.89,0.430176,-0.61084,1.06006,4.02832,-0.854492,-17.8223,1
597.9,0.370117,-0.695801,1.02148,4.02832,-0.732422,-17.0288,1
597.905,0.336914,-0.637207,0.915039,4.45557,-1.28174,-16.6016,1
597.915,0.376465,-0.569824,0.885254,3.11279,-1.2207,-17.1509,1
597.925,0.449707,-0.554199,0.958008,2.68555,-1.64795,-16.9678,1
597.935,0.507812,-0.489258,1.04102,1.28174,-1.77002,-17.0898,1
597.945,0.439453,-0.581055,1.01025,0.427246,-1.83105,-16.8457,1
597.955,0.399414,-0.651367,0.953125,1.0376,-1.83105,-16.1133,1
597.965,0.361816,-0.579102,0.975098,0.854492,-2.01416,-16.4185,1
597.975,0.415039,-0.544922,1.05322,0.183105,-2.44141,-17.0898,1
597.985,0.464844,-0.618652,1.04297,0.549316,-1.89209,-17.2729,1
597.995,0.484863,-0.496582,0.990234,1.2207,-1.89209,-17.0898,1
598.005,0.458008,-0.487793,0.924316,-0.244141,-1.58691,-17.5781,1
598.015,0.483887,-0.680176,0.959473,0.183105,-1.70898,-17.0898,1
598.025,0.472656,-0.567383,1.05859,1.70898,-1.2207,-16.7236,1
598.035,0.473145,-0.546875,1.07715,0.671387,-1.09863,-17.334,1
598.045,0.433105,-0.671875,0.954102,1.70898,-0.854492,-16.9067,1
598.055,0.408691,-0.510742,0.942383,2.19727,-0.366211,-17.0288,1
598.065,0.44043,-0.490723,1.00049,0.488281,-0.305176,-18.0664,1
598.075,0.496582,-0.652832,0.974609,1.15967,-0.427246,-17.5781,1
598.085,0.524414,-0.463867,1.06494,2.19727,-0.793457,-17.4561,1
598.095,0.46582,-0.443359,1.10059,0.12207,-0.671387,-17.8223,1
598.105,0.429688,-0.761719,1.0542,0.732422,-0.488281,-17.395,1
598.115,0.432129,-0.548828,0.94873,2.62451,-0.244141,-17.395,1
598.125,0.53125,-0.385742,0.963867,-0.366211,-0.549316,-18.4937,1
598.13,0.53125,-0.693848,1.06836,-1.0376,-0.12207,-18.4326,1
598.14,0.426758,-0.547363,1.08838,1.28174,0,-18.3716,1
598.15,0.407227,-0.431152,1.0874,0.549316,0.0610352,-18.4937,1
598.16,0.479492,-0.66748,1.01855,0.732422,-0.549316,-18.2495,1
598.17,0.532715,-0.518555,0.997559,1.77002,-0.671387,-17.8833,1
598.18,0.477051,-0.50293,1.01074,-0.183105,-0.427246,-18.4326,1
598.19,0.415527,-0.63916,0.997559,0.244141,-0.793457,-18.4937,1
598.2,0.400879,-0.499023,1.05029,1.52588,-0.671387,-18.3716,1
598.21,0.450684,-0.48291,1.0752,1.0376,-1.0376,-18.4326,1
598.22,0.493652,-0.610352,1.04199,0.854492,-1.0376,-18.0664,1
598.23,0.458496,-0.526367,0.962402,1.15967,-1.70898,-18.1274,1
598.24,0.444336,-0.510742,0.977539,0.671387,-1.46484,-18.0664,1
598.25,0.464355,-0.557617,1.07568,0.976562,-1.70898,-17.7612,1
598.26,0.466797,-0.539062,1.05518,1.2207,-1.64795,-17.7612,1
598.27,0.520508,-0.580566,0.984863,1.64795,-1.70898,-17.2119,1
598.275,0.52832,-0.46582,0.994629,1.64795,-1.64795,-17.0898,1
598.285,0.508301,-0.563477,0.991699,0.12207,-1.58691,-17.0288,1
598.295,0.474121,-0.648438,1.04834,1.40381,-1.83105,-16.2354,1
598.305,0.500488,-0.359863,1.04688,1.95312,-1.77002,-16.3574,1
598.315,0.535156,-0.435547,0.99707,0.366211,-1.34277,-16.2964,1
598.325,0.556152,-0.589355,0.97168,1.95312,-1.34277,-15.5029,1
598.335,0.539551,-0.359863,0.978516,2.50244,-1.2207,-15.0757,1
598.345,0.537598,-0.471191,0.998535,1.0376,-1.28174,-14.8315,1
598.355,0.525879,-0.586426,1.08447,2.56348,-1.15967,-14.4653,1
598.365,0.53125,-0.355957,1.07568,3.11279,-0.610352,-14.2212,1
598.375,0.555664,-0.452637,1.01221,1.83105,-0.671387,-13.6108,1
598.385,0.590332,-0.525879,0.950195,2.50244,-0.854492,-13.0615,1
598.395,0.571777,-0.354004,0.99707,2.62451,-0.610352,-12.4512,1
598.405,0.555176,-0.398438,1.06006,1.89209,-0.305176,-12.207,1
598.415,0.508301,-0.496094,1.09863,2.99072,-0.183105,-11.6577,1
598.425,0.532227,-0.375977,1.02051,4.5166,0.0610352,-10.8032,1
598.435,0.57666,-0.336914,0.947754,3.78418,-0.0610352,-10.376,1
598.445,0.592285,-0.366211,0.948242,3.479,-0.549316,-9.76562,1
598.45,0.54248,-0.375488,1.0127,3.35693,0,-9.27734,1
598.46,0.486328,-0.278809,1.01416,4.02832,0.305176,-8.54492,1
598.47,0.449219,-0.294434,1.01025,3.479,0.488281,-8.11768,1
598.48,0.450195,-0.353516,0.947754,4.39453,-0.183105,-6.95801,1
598.49,0.496582,-0.205566,0.960938,4.76074,-0.427246,-6.53076,1
598.5,0.444336,-0.208496,0.977051,4.3335,-0.12207,-5.98145,1
598.51,0.378418,-0.322754,0.985352,4.69971,0.305176,-5.12695,1
598.52,0.242676,-0.135254,0.9375,5.98145,1.09863,-4.27246,1
598.53,0.161133,-0.0366211,1.01172,4.27246,1.83105,-3.96729,1
598.54,0.0532227,-0.245117,1.02881,5.61523,2.31934,-2.56348,1
598.55,-0.0644531,-0.0864258,0.98291,8.48389,2.68555,-0.854492,1
598.56,-0.108887,0.0390625,0.980957,8.05664,3.66211,-0.915527,1
598.57,-0.0751953,-0.0678711,0.909668,8.66699,4.94385,0,1
598.58,-0.0454102,0.0117188,0.86377,10.498,6.04248,1.58691,1
598.59,-0.0371094,0.107422,0.916016,10.0098,6.22559,2.13623,1
598.6,-0.138184,0.012207,0.845703,10.1318,6.71387,2.99072,1
598.61,-0.193359,0.115723,0.873535,11.3525,7.69043,4.21143,1
598.62,-0.263184,0.234375,0.871094,10.376,8.30078,4.27246,1
598.625,-0.262207,0.160156,0.867188,11.1084,8.23975,6.04248,1
598.635,-0.184082,0.275391,0.909668,11.7188,7.87354,6.22559,1
598.645,-0.126465,0.344727,0.820312,11.4136,7.75146,6.7749,1
598.655,-0.159668,0.276855,0.918945,10.7422,8.17871,7.69043,1
598.665,-0.240234,0.250488,0.891602,11.0474,6.89697,8.72803,1
598.675,-0.355469,0.369629,0.918457,11.5967,7.14111,9.46045,1
598.685,-0.410645,0.359375,0.958008,11.1084,6.71387,9.58252,1
598.695,-0.331055,0.353516,0.928223,12.0239,6.40869,11.1084,1
598.705,-0.289062,0.459961,0.974609,11.9629,5.98145,11.6577,1
598.715,-0.231445,0.462402,0.925781,11.4136,5.37109,12.6343,1
598.725,-0.236816,0.487305,0.916504,11.5967,5.37109,13.916,1
598.735,-0.325684,0.570312,0.973633,10.9863,4.63867,14.2822,1
598.745,-0.339844,0.562988,0.967285,10.9863,4.57764,15.3809,1
598.755,-0.303711,0.591309,1.00684,11.9019,4.15039,17.395,1
598.765,-0.241211,0.632812,1.02441,10.3149,3.17383,17.7612,1
598.775,-0.274902,0.597656,0.998535,9.94873,2.62451,19.6533,1
598.785,-0.375488,0.726562,1.07422,9.94873,2.2583,21.1792,1
598.795,-0.317383,0.777832,1.08594,8.17871,2.01416,21.5454,1
598.805,-0.242188,0.72998,1.07422,7.56836,1.77002,22.8271,1
598.81,-0.205078,0.749023,1.1709,7.14111,0.732422,23.9868,1
598.82,-0.287109,0.681152,1.1084,7.26318,0.12207,25.1465,1
598.83,-0.215332,0.772461,1.16992,8.11768,0.244141,25.7568,1
598.84,-0.181152,0.879883,1.09766,6.83594,1.0376,26.2451,1
598.85,-0.152832,0.770996,1.16162,6.53076,0.732422,27.2217,1
598.86,-0.192383,0.869141,1.20605,6.71387,0.0610352,27.2827,1
598.87,-0.150879,0.845703,1.19385,5.24902,0.976562,27.1606,1
598.88,-0.222656,0.806641,1.0791,5.00488,0.793457,27.4048,1
598.89,-0.241699,0.893066,1.05225,2.44141,0.610352,26.9165,1
598.9,-0.193359,0.827148,1.0708,0.549316,0.915527,27.3438,1
598.91,-0.194336,0.774414,1.09912,-0.549316,1.89209,27.5269,1
598.92,-0.151367,0.786133,1.02686,-1.95312,1.34277,27.1606,1
598.93,-0.164062,0.802246,1.01953,-3.35693,1.28174,26.4282,1
598.94,-0.11084,0.849121,0.990723,-4.57764,1.46484,26.1841,1
598.95,-0.126953,0.795898,0.94043,-6.04248,2.0752,26.2451,1
598.955,-0.112793,0.787109,0.869629,-6.65283,2.0752,26.062,1
598.965,-0.148438,0.776367,0.813477,-6.83594,2.2583,25.7568,1
598.975,-0.148926,0.728516,0.846191,-5.49316,2.19727,25.9399,1
598.985,-0.125,0.751465,0.860352,-4.02832,2.31934,26.3672,1
598.995,-0.146484,0.745605,0.869629,-3.78418,1.95312,26.1841,1
599.005,-0.10498,0.694336,0.811523,-2.80762,1.64795,26.6724,1
599.015,-0.120117,0.713379,0.776367,-1.34277,1.52588,26.6724,1
599.025,-0.120117,0.717285,0.81543,0.305176,1.40381,27.0996,1
599.035,-0.0981445,0.757324,0.825195,2.01416,1.64795,27.2217,1
599.045,-0.0673828,0.839355,0.873535,2.62451,1.52588,27.5879,1
599.055,-0.0493164,0.740723,0.85498,2.99072,1.64795,27.71,1
599.065,-0.0541992,0.796875,0.866699,4.63867,1.0376,28.3813,1
599.075,-0.0566406,0.797363,0.836426,4.45557,1.58691,28.0762,1
599.085,-0.081543,0.859375,0.885254,4.88281,1.34277,28.4424,1
599.095,-0.0576172,0.920898,0.957031,3.78418,1.58691,28.0762,1
599.1,-0.0834961,0.80127,0.976562,3.479,2.0752,28.5034,1
599.11,-0.0805664,0.910156,0.936523,4.21143,1.52588,28.8696,1
599.12,-0.0737305,0.895996,0.943359,2.86865,1.83105,28.3203,1
599.13,0.0166016,0.876465,0.964844,3.2959,1.52588,28.9307,1
599.14,0.0405273,1.06299,0.965332,1.77002,2.01416,28.8696,1
599.15,0.0615234,1.02539,1.00879,-0.0610352,1.52588,28.7476,1
599.16,0.0239258,0.88623,1.09863,-0.305176,1.89209,28.8086,1
599.17,0.0380859,0.895996,1.06787,-0.12207,1.70898,29.1748,1
599.18,0.0644531,0.92627,0.967773,-0.976562,1.34277,28.5034,1
599.19,0.0693359,0.939941,0.921387,-1.09863,0.732422,28.9307,1
599.2,0.0849609,1.0293,0.947266,-2.01416,1.0376,28.5645,1
599.21,0.0546875,0.946777,1.01367,-1.58691,0.854492,29.2358,1
599.22,0.0385742,0.954102,1.10352,-2.0752,0.427246,28.4424,1
599.23,0.0693359,0.95459,1.01562,-1.83105,-0.12207,28.9307,1
599.24,0.0766602,0.907715,0.960938,-2.31934,0.549316,28.5034,1
599.245,0.143066,0.930176,0.921387,-2.31934,-0.12207,28.4424,1
599.255,0.14209,0.894043,0.887207,-2.38037,0.183105,28.5645,1
599.265,0.117676,0.90332,0.94873,-1.95312,-0.12207,28.0762,1
599.275,0.0610352,0.897461,0.97168,-1.09863,0.0610352,28.0762,1
599.285,0.0478516,0.88916,0.95459,-0.488281,0.915527,27.771,1
599.295,0.0673828,0.961914,0.882324,-0.732422,0.305176,27.771,1
599.305,0.105469,0.942871,0.880371,-1.95312,0.183105,27.5269,1
599.315,0.142578,0.84668,0.951172,-1.46484,0,27.4658,1
599.325,0.134766,0.894531,1.01709,-0.12207,0.793457,27.0386,1
599.335,0.0776367,0.924316,0.967285,0,1.2207,26.6724,1
599.34,0.0473633,0.832031,0.90332,0.12207,0.549316,26.8555,1
599.35,0.0874023,0.904785,0.890625,0.488281,0.366211,26.8555,1
599.36,0.138184,0.953613,0.904297,-1.28174,0.793457,26.3062,1
599.37,0.145996,0.746582,0.901367,-1.40381,0.915527,26.3672,1
599.38,0.10791,0.86084,0.930664,0,0.732422,26.3062,1
599.39,0.0703125,0.996582,0.958008,-0.915527,1.0376,25.7568,1
599.4,0.0698242,0.862305,0.929688,-1.09863,0.976562,26.001,1
599.41,0.0839844,0.850586,0.949707,-0.488281,1.0376,25.9399,1
599.42,0.113281,0.922852,0.958984,-1.0376,0.915527,25.3906,1
599.43,0.115723,0.79541,0.941895,-0.488281,1.34277,25.5737,1
599.44,0.122559,0.893555,0.927734,0.244141,1.09863,25.4517,1
599.45,0.0859375,1.0708,0.945312,-1.28174,1.34277,25.0854,1
599.46,0.0986328,0.775879,0.988281,-2.50244,1.40381,25.0854,1
599.47,0.0976562,0.775391,0.983398,0.305176,1.09863,25.5127,1
599.48,0.102539,0.989258,0.939941,0.305176,1.58691,24.9023,1
599.485,0.0908203,0.814453,0.926758,0.427246,1.52588,24.7192,1
599.495,0.0576172,0.904297,0.998535,1.83105,1.2207,25.1465,1
599.505,0.0805664,0.948242,1.02832,0.12207,1.70898,24.5361,1
599.515,0.0976562,0.725586,0.997559,0.427246,1.0376,25.0244,1
599.525,0.0952148,0.909668,0.961914,1.89209,0.915527,25.1465,1
599.535,0.0756836,0.91748,0.97998,0,1.2207,24.292,1
599.545,0.0844727,0.775879,0.997559,0.610352,0.793457,25.0244,1
599.555,0.0922852,0.881836,0.967285,0.427246,0.976562,25.0244,1
599.565,0.117188,0.914062,0.963867,-0.976562,0.488281,24.4141,1
599.575,0.0957031,0.82959,0.972656,-0.610352,1.0376,24.4751,1
599.585,0.0678711,0.892578,1.00244,-0.549316,0.793457,24.7803,1
599.595,0.106934,0.828613,0.996582,-2.01416,0.488281,24.353,1
599.605,0.13623,0.783203,0.884277,-2.2583,0.183105,24.6582,1
599.615,0.123535,0.883789,0.927246,-2.74658,0.671387,24.5361,1
599.625,0.133301,0.874512,0.963867,-3.84521,-0.0610352,23.9868,1
599.63,0.120117,0.809082,0.998047,-2.99072,-0.244141,24.5972,1
599.64,0.133301,0.814941,0.975098,-2.44141,-0.610352,24.292,1
599.65,0.157227,0.783691,0.917969,-1.89209,-0.671387,24.0479,1
599.66,0.168945,0.825684,0.882812,-1.2207,-0.305176,24.1089,1
599.67,0.166016,0.823242,0.95459,-1.46484,-0.183105,23.9258,1
599.68,0.171875,0.816895,1.04883,-1.52588,-0.671387,23.4375,1
599.69,0.175781,0.799316,1.03906,-0.488281,-0.488281,23.5596,1
599.7,0.178223,0.852539,0.993652,0,-0.671387,23.4375,1
599.71,0.135742,0.788086,0.950195,-0.366211,-0.427246,22.7661,1
599.72,0.0922852,0.834961,1.00879,0.183105,-0.488281,23.0103,1
599.73,0.0874023,0.881836,1.04053,-0.854492,-0.244141,22.0947,1
599.74,0.0463867,0.754395,1.03125,-1.46484,-0.0610352,22.0337,1
599.75,0.0273438,0.788086,0.95752,-0.854492,0,21.9116,1
599.76,-0.027832,0.831543,0.945801,-1.46484,0.366211,21.3013,1
599.77,-0.0605469,0.67041,0.970215,-1.64795,0.488281,21.2402,1
599.775,0.00830078,0.788574,0.98877,-1.28174,0.854492,20.874,1
599.785,0.00537109,0.803711,1.02246,-2.92969,2.31934,20.3247,1
599.795,-0.090332,0.649414,0.995605,-2.92969,2.38037,20.2637,1
599.805,-0.144043,0.744141,0.920898,-3.60107,2.38037,19.043,1
599.815,-0.192383,0.59082,0.887207,-4.3335,2.99072,19.2261,1
599.825,-0.186035,0.616699,0.936523,-4.45557,2.80762,18.8599,1
599.835,-0.152832,0.73877,0.963379,-6.89697,2.92969,17.6392,1
599.845,-0.159668,0.549316,0.909668,-7.8125,3.35693,18.0054,1
599.855,-0.189941,0.493164,0.939453,-7.69043,2.74658,17.5171,1
599.86,-0.224121,-0.140625,1.08789,-7.56836,0.244141,-11.4136,1
599.865,-0.209961,-0.224121,1.07373,-6.28662,0.488281,-11.7188,1
599.875,-0.195801,-0.222656,1.12793,-5.61523,1.89209,-12.3901,1
599.885,-0.180664,-0.236328,1.13623,-5.37109,1.89209,-12.6343,1
599.895,-0.202637,-0.249023,1.08447,-5.61523,2.68555,-13.0005,1
599.905,-0.253418,-0.321777,1.07178,-5.7373,2.92969,-13.4277,1
599.915,-0.225586,-0.297363,1.05273,-5.37109,3.54004,-13.4277,1
599.925,-0.199219,-0.299316,1.06982,-5.92041,4.69971,-13.6108,1
599.935,-0.223145,-0.353516,1.06738,-5.7373,4.5166,-13.3057,1
599.945,-0.241211,-0.385254,1.01025,-5.49316,4.82178,-13.4888,1
599.955,-0.250977,-0.405762,0.975098,-3.90625,4.88281,-13.0615,1
599.965,-0.222656,-0.369141,1.02783,-2.68555,5.00488,-13.1836,1
599.975,-0.230957,-0.396973,0.994141,-2.19727,4.82178,-13.4277,1
599.985,-0.234375,-0.436523,0.928711,-0.854492,4.39453,-13.0615,1
599.99,-0.25293,-0.435547,0.876953,-0.0610352,3.90625,-13.1836,1
600,-0.234863,-0.398926,0.875,0.793457,2.99072,-13.1836,1
600.01,-0.222656,-0.434082,0.894043,0.488281,2.38037,-13.916,1
600.02,-0.22998,-0.475098,0.918945,1.09863,1.2207,-13.916,1
600.03,-0.23584,-0.427246,0.871094,0.915527,0.793457,-14.3433,1
600.04,-0.25,-0.509766,0.920898,0,0.183105,-15.3198,1
600.05,-0.291504,-0.486816,0.942871,-1.2207,-0.732422,-15.5029,1
600.06,-0.289551,-0.546875,0.965332,-3.66211,-1.0376,-16.6626,1
600.07,-0.302734,-0.507812,0.972168,-5.00488,-1.34277,-16.7236,1
600.08,-0.275391,-0.45166,1.04639,-7.99561,-1.0376,-17.9443,1
600.09,-0.30957,-0.651367,1.10986,-10.0098,-1.34277,-18.6768,1
600.1,-0.311035,-0.677246,1.04541,-9.27734,-0.854492,-18.3105,1
600.11,-0.337891,-0.603516,1.00781,-10.2539,-0.488281,-19.5312,1
600.12,-0.326172,-0.676758,1.02148,-10.6812,-1.0376,-20.6909,1
600.13,-0.290039,-0.685547,0.966797,-8.97217,-0.244141,-20.5078,1
600.135,-0.32959,-0.750977,1.03564,-8.48389,0.427246,-21.9116,1
600.145,-0.250977,-0.772949,1.00537,-6.71387,-0.549316,-22.4609,1
600.155,-0.262695,-0.723145,0.996094,-5.18799,0.366211,-23.1323,1
600.165,-0.323242,-0.784668,0.997559,-3.78418,-0.488281,-23.5596,1
600.175,-0.272461,-0.754395,0.977539,-2.13623,-0.366211,-23.9868,1
600.185,-0.244629,-0.764648,0.998047,-1.2207,0.183105,-24.8413,1
600.195,-0.23584,-0.76416,1.00928,-0.305176,0.12207,-25.0854,1
600.205,-0.28125,-0.758301,1.00928,-0.305176,-0.0610352,-25.8789,1
600.215,-0.324219,-0.778809,0.995605,0.732422,-0.12207,-26.062,1
600.225,-0.312988,-0.752441,0.939453,1.28174,0.671387,-26.4893,1
600.235,-0.244141,-0.741211,0.977539,-0.0610352,0.427246,-27.2217,1
600.245,-0.20752,-0.864746,1.07568,-1.40381,0.305176,-27.3438,1
600.255,-0.256348,-0.796875,1.12256,-1.0376,0.976562,-26.6724,1
600.265,-0.316406,-0.784668,1.0166,-2.13623,1.46484,-27.2217,1
600.275,-0.395996,-0.890137,0.859863,-1.09863,1.28174,-27.2217,1
600.28,-0.325684,-0.641113,0.859863,-0.12207,1.15967,-27.771,1
600.29,-0.275391,-0.706055,0.986328,-2.56348,1.89209,-29.2969,1
600.3,-0.233398,-0.943359,1.02295,-1.0376,1.70898,-28.4424,1
600.31,-0.27832,-0.791504,0.98291,0.549316,1.09863,-28.5034,1
600.32,-0.276855,-0.699219,0.858887,0.488281,1.64795,-29.2358,1
600.33,-0.313477,-0.741699,0.904297,0.915527,1.83105,-29.1138,1
600.34,-0.27832,-0.866211,1.00098,0.976562,1.15967,-29.7852,1
600.35,-0.193848,-0.858887,0.979492,2.2583,1.0376,-29.6631,1
600.36,-0.243652,-0.805664,0.957031,2.01416,1.40381,-30.1514,1
600.37,-0.250488,-0.70752,0.939941,0.854492,1.28174,-30.5786,1
600.38,-0.216797,-0.792969,0.945312,0.0610352,1.83105,-30.5786,1
600.39,-0.204102,-0.887207,0.893555,0.610352,1.52588,-30.3345,1
600.4,-0.222168,-0.817383,0.878418,0.427246,1.09863,-31.0059,1
600.41,-0.210938,-0.823242,0.9375,-0.183105,1.28174,-31.3721,1
600.42,-0.210938,-0.802246,0.950684,-0.0610352,1.40381,-31.0059,1
600.425,-0.236328,-0.819824,0.974609,-1.0376,1.89209,-32.1655,1
600.435,-0.198242,-0.92041,0.922363,0.12207,1.46484,-31.311,1
600.445,-0.21875,-0.908691,0.939941,0.12207,1.95312,-32.0435,1
600.455,-0.191406,-0.743652,0.987305,-0.732422,1.40381,-32.2266,1
600.465,-0.181641,-0.915527,1.00977,-1.15967,2.01416,-32.0435,1
600.475,-0.201172,-0.847656,0.969727,0.366211,1.09863,-31.9214,1
600.485,-0.23291,-0.716797,0.901855,-1.15967,1.28174,-32.959,1
600.495,-0.201172,-0.94043,0.922852,-1.0376,1.52588,-32.4707,1
600.505,-0.148926,-0.92041,0.970703,0.488281,1.15967,-32.2876,1
600.515,-0.131836,-0.880859,0.969238,0.549316,1.77002,-32.8369,1
600.525,-0.193848,-0.887207,0.955566,0.427246,1.09863,-32.8979,1
600.535,-0.232422,-0.950684,0.932129,0.549316,1.0376,-33.02,1
600.545,-0.19043,-0.801758,0.977539,0.366211,1.09863,-33.3252,1
600.555,-0.17334,-0.884766,1.03027,-0.549316,1.34277,-33.7524,1
600.565,-0.133301,-0.958984,0.985352,0.732422,1.40381,-32.7759,1
600.575,-0.15332,-0.809082,0.897461,1.89209,0.610352,-32.6538,1
600.585,-0.195801,-0.959473,0.88916,1.34277,1.2207,-33.5083,1
600.59,-0.208008,-0.949707,0.958496,2.99072,0.671387,-32.8979,1
600.6,-0.196777,-0.82373,1.00293,2.13623,0.305176,-34.1187,1
600.61,-0.11377,-0.995605,0.900391,2.44141,0.732422,-33.6304,1
600.62,-0.142578,-0.853027,0.92627,4.21143,0.793457,-33.3252,1
600.63,-0.166504,-0.878906,0.938965,2.56348,0.366211,-34.79,1
600.64,-0.165039,-0.918457,0.930664,4.02832,0.183105,-33.2642,1
600.65,-0.188965,-0.813965,0.971191,3.23486,0.915527,-33.6914,1
600.66,-0.145996,-0.977051,0.955566,2.13623,0.427246,-34.0576,1
600.67,-0.129883,-0.964844,0.944336,3.23486,1.0376,-33.4473,1
600.68,-0.108887,-0.813477,0.916992,2.31934,1.0376,-33.8745,1
600.69,-0.126465,-0.993164,0.888672,0.793457,0.610352,-34.2407,1
600.7,-0.147949,-0.930176,0.902344,2.0752,0.366211,-33.5693,1
600.71,-0.143066,-0.80127,0.958496,0.183105,1.40381,-34.3628,1
600.72,-0.129883,-0.946289,1.01318,-1.28174,0.610352,-34.4849,1
600.73,-0.0878906,-0.972656,0.943359,0.12207,0.793457,-32.959,1
600.74,-0.0957031,-0.875977,0.979004,-1.09863,1.52588,-33.9355,1
600.75,-0.101074,-1.04932,0.984375,-1.40381,0.610352,-33.9355,1
600.76,-0.0737305,-0.900391,0.956055,-0.305176,1.46484,-33.4473,1
600.765,-0.0981445,-0.848633,0.964844,-1.34277,1.2207,-33.4473,1
600.775,-0.115723,-1.0752,1.02148,-1.40381,0.915527,-33.8135,1
600.785,-0.0527344,-0.895508,0.935059,0.427246,0.732422,-33.6304,1
600.795,-0.121094,-1.13525,0.986328,-0.305176,1.40381,-33.4473,1
600.805,-0.14209,-0.969238,1.01416,1.58691,0.549316,-33.3252,1
600.815,-0.0576172,-0.797363,0.946289,-0.488281,1.28174,-33.9355,1
600.825,-0.0961914,-1.16797,1.07129,0.610352,0.854492,-33.2031,1
600.835,-0.0791016,-0.878418,1.00879,2.2583,-0.244141,-33.6914,1
600.845,-0.0454102,-0.871094,0.883301,0.549316,-0.0610352,-33.6304,1
600.855,-0.0678711,-1.13867,0.944336,2.56348,0.183105,-33.2031,1
600.865,-0.0322266,-0.808594,0.967773,3.35693,-0.183105,-33.9355,1
600.875,0.0185547,-0.846191,0.94043,1.64795,-0.0610352,-34.0576,1
600.885,-0.0102539,-1.09131,0.999023,2.99072,-0.976562,-33.5083,1
600.895,0.0576172,-0.768066,0.878418,3.60107,-1.46484,-33.9355,1
600.905,0.046875,-0.928223,0.904785,1.46484,-0.610352,-34.0576,1
600.915,0.0390625,-1.11719,0.96582,3.2959,-1.0376,-33.2642,1
600.925,0.043457,-0.670898,0.94043,3.479,-1.40381,-33.3862,1
600.935,0.0507812,-0.900391,0.994141,-0.12207,-1.09863,-33.3862,1
600.945,0.0820312,-1.09912,0.965332,1.77002,-1.40381,-32.8369,1
600.95,0.0415039,-0.806152,0.950195,2.01416,-0.366211,-32.4707,1
600.96,0.0541992,-0.875488,0.950684,0.0610352,-0.854492,-32.6538,1
600.97,0.0566406,-1.05957,0.932617,0.854492,-0.488281,-31.6772,1
600.98,0.074707,-0.907227,0.95752,2.19727,-0.305176,-31.3721,1
600.99,0.118164,-0.739746,0.98291,-0.0610352,-0.366211,-31.8604,1
601,0.161133,-1.13184,0.956543,-1.2207,0.0610352,-30.9448,1
601.01,0.0498047,-0.913574,0.976074,2.56348,0.305176,-29.6631,1
601.02,0.0258789,-0.644531,0.948242,-0.854492,0.854492,-30.3955,1
601.03,0.0351562,-0.966797,0.915039,-1.0376,0.671387,-29.6631,1
601.04,0.0698242,-0.883301,1.00391,2.50244,1.34277,-29.2358,1
601.05,0.156738,-0.729492,0.874023,2.01416,0.610352,-29.4189,1
601.06,0.161621,-1.05518,0.949707,2.38037,0.671387,-28.8696,1
601.07,0.0820312,-0.871582,1.021,4.3335,0.610352,-28.1982,1
601.08,0.0224609,-0.80127,0.959473,2.99072,1.0376,-28.1982,1
601.09,0.0454102,-0.971191,0.92627,3.96729,0.427246,-27.71,1
601.095,0.144531,-0.728027,0.922363,4.27246,0,-27.8931,1
601.105,0.178711,-0.79248,0.994629,3.60107,0.366211,-26.9775,1
601.115,0.166992,-0.847656,0.993164,4.3335,-0.12207,-26.4282,1
601.12,0.127441,-0.80127,0.94043,4.45557,0.488281,-25.8789,1
601.135,0.11084,-0.849609,0.900879,4.27246,0.183105,-25.3296,1
601.14,0.13623,-0.72998,0.960938,4.69971,-0.305176,-24.7192,1
601.15,0.187988,-0.691406,1.00977,3.60107,0,-24.7803,1
601.16,0.27002,-0.801758,1.02197,3.54004,0.12207,-23.6206,1
601.17,0.246094,-0.729492,0.955078,4.45557,-0.427246,-22.3999,1
601.18,0.208496,-0.671875,0.932129,3.60107,-0.732422,-22.0947,1
601.19,0.211426,-0.685059,0.923828,4.39453,-0.427246,-20.813,1
601.2,0.258301,-0.603027,0.928223,4.45557,-0.366211,-20.1416,1
601.21,0.306152,-0.658203,0.949219,3.90625,-1.0376,-19.5312,1
601.22,0.275879,-0.599609,0.939941,5.18799,-1.40381,-18.3105,1
601.23,0.266113,-0.604004,0.932129,5.49316,-1.0376,-17.7002,1
601.24,0.342285,-0.557129,0.933594,6.34766,-1.64795,-16.4185,1
601.25,0.392578,-0.541504,0.946289,5.37109,-1.64795,-15.625,1
601.26,0.364258,-0.654785,0.975098,5.37109,-2.0752,-14.2212,1
601.27,0.310059,-0.490234,0.956055,6.5918,-2.38037,-12.5732,1
601.28,0.320312,-0.434082,0.931641,5.92041,-2.2583,-12.085,1
601.29,0.379395,-0.519043,0.917969,6.83594,-2.74658,-10.6201,1
601.3,0.444824,-0.430176,0.965332,7.99561,-2.50244,-9.52148,1
601.305,0.51123,-0.322266,1.02734,7.75146,-3.11279,-8.78906,1
601.315,0.5,-0.39502,1.02051,7.08008,-3.11279,-7.44629,1
601.325,0.419922,-0.462891,1.00928,7.99561,-3.66211,-5.7373,1
601.335,0.361328,-0.367188,0.993164,8.78906,-3.41797,-4.5166,1
601.345,0.445801,-0.379883,1.00879,9.27734,-3.35693,-3.41797,1
601.355,0.513672,-0.23877,1.04004,9.76562,-3.2959,-2.50244,1
601.365,0.501465,-0.201172,1.03662,8.60596,-3.35693,-1.77002,1
601.375,0.507324,-0.248047,1.05078,9.33838,-3.35693,-0.0610352,1
601.385,0.546875,-0.12207,1.00586,9.82666,-3.17383,0.671387,1
601.395,0.589355,-0.168945,1.00586,10.0098,-2.99072,1.64795,1
601.405,0.580078,-0.107422,1.03223,11.2915,-2.99072,2.68555,1
601.415,0.589355,-0.0117188,1.02686,11.5356,-2.50244,3.54004,1
601.425,0.534668,-0.0463867,1.0127,12.085,-2.38037,4.21143,1
601.435,0.509766,0.0610352,1.03613,12.9395,-2.38037,5.00488,1
601.445,0.508789,0.150391,1.06299,12.9395,-1.83105,5.79834,1
601.455,0.501953,0.163574,1.06445,13.0005,-1.95312,6.40869,1
601.465,0.500977,0.125488,1.00684,13.7939,-1.89209,7.26318,1
601.475,0.495605,0.23584,0.961914,14.4043,-1.77002,7.99561,1
601.48,0.50293,0.29248,0.979004,13.3667,-1.34277,8.30078,1
601.49,0.483887,0.288086,1.06885,13.6108,-1.0376,9.15527,1
601.5,0.423828,0.333496,1.06494,14.0991,-0.366211,9.76562,1
601.51,0.408203,0.344238,1.01025,14.5264,0,10.376,1
601.52,0.454102,0.374512,0.939941,13.6719,0.12207,10.8643,1
601.53,0.475586,0.376953,0.992188,12.8784,0.671387,11.4746,1
601.54,0.38623,0.450195,0.946777,12.2681,0.976562,11.9629,1
601.55,0.397949,0.597168,0.969727,10.437,1.2207,12.5122,1
601.56,0.383301,0.47998,1.00586,8.42285,1.46484,13.0615,1
601.57,0.412598,0.413574,1.2041,10.0098,0.976562,13.7939,1
601.58,0.407715,0.691895,1.08447,10.6812,0.793457,14.6484,1
601.59,0.439453,0.586426,0.921875,8.36182,0.671387,15.0757,1
601.6,0.486816,0.424805,0.964355,8.97217,0.305176,15.9912,1
601.61,0.425781,0.746094,1.12891,9.21631,0,16.9067,1
601.62,0.367676,0.672363,1.14746,6.95801,-0.244141,17.1509,1
601.63,0.335938,0.371094,1.16699,8.42285,-0.671387,18.1274,1
601.64,0.385254,0.61084,1.03809,9.27734,-1.15967,18.7378,1
601.65,0.450684,0.65625,0.939941,5.37109,-1.46484,18.7988,1
601.66,0.486816,0.499023,1.13574,4.88281,-1.0376,19.2871,1
601.665,0.484375,0.787109,1.06836,5.00488,-1.0376,19.6533,1
601.675,0.387695,0.797852,1.12988,1.89209,-0.488281,19.2261,1
601.685,0.342285,0.422852,1.05664,1.58691,-1.09863,19.5312,1
601.695,0.419434,0.584961,1.02979,3.479,-0.854492,20.0806,1
601.705,0.445312,0.845215,0.963379,0,-0.427246,19.7144,1
601.715,0.522461,0.550781,0.986816,-3.11279,-0.366211,19.4092,1
601.725,0.514648,0.463867,1.03613,-1.28174,-0.183105,19.5312,1
601.735,0.422852,0.807129,1.06885,-0.915527,-0.183105,18.5547,1
601.745,0.375,0.64209,1.03125,-3.05176,-0.427246,18.3105,1
601.755,0.408203,0.419434,0.901367,-1.09863,-0.12207,18.9209,1
601.765,0.583984,0.724121,0.90625,-1.58691,-0.183105,18.7378,1
601.775,0.582031,0.672363,0.981934,-3.2959,0.12207,17.9443,1
601.785,0.498047,0.518066,1.02393,-2.62451,0.366211,17.5171,1
601.795,0.397461,0.600586,1.00879,-1.34277,0.427246,17.334,1
601.805,0.432129,0.483887,0.909668,-1.52588,-0.0610352,17.5171,1
601.815,0.583496,0.42627,0.906738,-0.732422,-0.0610352,17.4561,1
601.82,0.619141,0.630371,0.936035,-1.52588,0.671387,16.5405,1
601.83,0.523926,0.510742,0.893555,-2.44141,0.732422,16.1133,1
601.84,0.34668,0.560059,0.961914,-1.77002,0.610352,15.3809,1
601.85,0.410645,0.519531,1.00195,-2.0752,0.366211,15.3809,1
601.86,0.546387,0.366211,0.994629,-0.427246,0.488281,15.7471,1
601.87,0.633301,0.588867,0.943359,0.12207,0.610352,15.1978,1
601.88,0.565918,0.485352,0.898438,-0.976562,0.610352,14.4653,1
601.89,0.426758,0.378906,0.976074,1.46484,0.427246,14.3433,1
601.9,0.40332,0.634766,1.03418,1.2207,0.610352,13.7329,1
601.91,0.49707,0.469238,1.0625,-0.183105,0.671387,13.9771,1
601.92,0.563477,0.382812,1.04297,0.915527,0.793457,14.4043,1
601.93,0.573242,0.611816,0.986328,0.793457,0.610352,13.916,1
601.94,0.505859,0.50293,0.980469,-0.305176,0.610352,13.4277,1
601.95,0.461914,0.461914,0.98584,1.89209,0.305176,13.6108,1
601.96,0.41748,0.681152,1.02979,1.64795,0.732422,13.6719,1
601.965,0.47168,0.5,1.04883,0.854492,0.610352,14.3433,1
601.975,0.529297,0.466309,1.02637,1.77002,0.732422,14.8315,1
601.985,0.535156,0.581055,1.00732,1.95312,0.549316,14.7705,1
601.995,0.482422,0.500488,0.975098,1.83105,0.244141,14.8315,1
602.005,0.465332,0.54248,0.995605,2.38037,0,15.1367,1
602.015,0.463867,0.570801,1.05859,1.95312,0.366211,15.4419,1
602.025,0.518066,0.509766,1.01074,2.62451,0.366211,16.2354,1
602.035,0.473633,0.630859,1.00391,2.62451,0.671387,16.4795,1
602.045,0.43457,0.560059,1.00439,1.83105,0.244141,16.9067,1
602.055,0.479004,0.543457,1.05273,1.70898,0.488281,17.1509,1
602.065,0.523926,0.626953,1.04785,1.2207,0.854492,17.2729,1
602.075,0.483398,0.563965,0.974121,0,0.671387,17.5171,1
602.085,0.45459,0.552734,0.936523,-0.12207,0.305176,18.0054,1
602.095,0.432617,0.614258,0.975098,-0.732422,0.610352,18.2495,1
602.105,0.465332,0.53418,1.03662,-1.2207,0.915527,18.4937,1
602.115,0.482422,0.606445,1.00439,-1.83105,0.366211,18.4937,1
602.125,0.499512,0.517578,0.936035,-2.50244,0.366211,18.4937,1
602.135,0.445312,0.571777,0.874512,-1.77002,0.183105,18.1885,1
602.145,0.441406,0.620117,0.933105,-2.13623,0.854492,18.0664,1
602.155,0.450195,0.468262,1.00537,-2.19727,0.732422,18.0054,1
602.165,0.507812,0.508301,0.995117,-1.0376,0.244141,17.8223,1
602.175,0.513672,0.595703,0.946777,-1.0376,0.244141,17.1509,1
602.185,0.436035,0.445312,0.905273,-1.28174,0.366211,16.5405,1
602.195,0.463867,0.491211,0.878418,-0.427246,0.610352,16.1743,1
602.2,0.418457,0.606934,0.912598,-1.89209,1.58691,14.9536,1
602.21,0.312012,0.461426,0.976074,-1.89209,1.77002,14.4653,1
602.22,0.145996,0.492188,1.00586,-0.183105,1.89209,14.0381,1
602.23,-0.00488281,0.641113,1.0083,-0.549316,2.44141,12.6953,1
602.24,-0.0322266,0.478027,0.984863,-1.46484,3.35693,11.4136,1
602.25,0.0571289,0.462891,0.947266,-0.366211,4.45557,10.9253,1
602.26,0.0737305,0.577148,0.90918,-1.0376,5.49316,10.1318,1
602.27,0.0566406,0.359375,0.895996,-1.40381,5.79834,10.0098,1
602.28,0.0537109,0.433594,1.00049,0.244141,6.28662,9.0332,1
602.29,-0.0698242,0.547363,0.993652,-1.28174,7.01904,7.75146,1
602.3,-0.190918,0.274902,0.897461,-1.64795,7.69043,7.62939,1
602.31,-0.235352,0.381836,0.866211,-0.183105,7.93457,7.56836,1
602.32,-0.296387,0.543945,0.930176,-2.01416,8.48389,6.65283,1
602.33,-0.287109,0.346191,0.891602,-1.95312,8.11768,7.20215,1
602.34,-0.462891,0.437988,0.797852,-0.793457,7.44629,7.50732,1
602.35,-0.47168,0.348145,0.754883,-1.95312,6.46973,7.26318,1
602.355,-0.363281,0.356934,0.952148,-0.793457,6.71387,8.48389,1
602.365,-0.344727,0.440918,1.02686,-1.46484,7.14111,8.72803,1
602.375,-0.518066,0.330566,0.828613,-1.09863,7.08008,9.27734,1
602.385,-0.622559,0.394531,0.692383,-0.244141,6.22559,9.64355,1
602.395,-0.470215,0.384766,0.81543,-0.183105,5.12695,10.0708,1
602.405,-0.5,0.461914,0.927734,0.488281,4.69971,11.2305,1
602.415,-0.582031,0.520996,0.941406,0.488281,4.82178,11.8408,1
602.425,-0.632324,0.401855,0.922363,1.34277,5.37109,12.8174,1
602.435,-0.645508,0.443359,1.00439,3.23486,4.63867,14.0381,1
602.445,-0.505371,0.53125,0.963379,2.44141,3.35693,13.3667,1
602.455,-0.672363,0.407227,1.06689,2.80762,3.66211,14.7705,1
602.465,-0.608398,0.510742,1.1416,3.66211,3.2959,15.2588,1
602.475,-0.59668,0.549316,1.10303,3.96729,4.21143,15.564,1
602.485,-0.550781,0.537109,1.12646,3.96729,3.96729,15.7471,1
602.495,-0.447266,0.659668,1.10986,4.08936,4.08936,16.1133,1
602.5,-0.51709,0.547852,1.13965,2.74658,4.5166,15.5029,1
602.51,-0.649414,0.478516,1.10938,4.45557,4.02832,16.2354,1
602.52,-0.645996,0.678711,1.0752,4.5166,5.37109,15.8691,1
602.53,-0.539062,0.657715,1.12061,2.38037,5.43213,15.5029,1
602.54,-0.556641,0.434082,1.13281,1.28174,4.63867,15.8691,1
602.55,-0.687012,0.562012,1.05518,1.89209,3.78418,16.1743,1
602.56,-0.559082,0.699219,0.97168,-1.15967,4.21143,15.0757,1
602.57,-0.543945,0.485352,1.03516,-2.38037,4.27246,15.9912,1
602.58,-0.481445,0.455078,1.04248,-1.58691,2.74658,16.3574,1
602.59,-0.506348,0.693848,0.991699,-1.40381,2.99072,16.3574,1
602.6,-0.568359,0.527344,0.921387,-3.54004,3.23486,15.4419,1
602.61,-0.597168,0.289551,0.888184,-2.31934,2.01416,16.2354,1
602.62,-0.548828,0.638672,0.916016,-0.671387,1.83105,16.7236,1
602.63,-0.629883,0.579102,0.947754,-3.23486,1.70898,16.6626,1
602.64,-0.569824,0.34375,0.97168,-1.15967,0.366211,17.334,1
602.645,-0.563965,0.605469,0.938477,0.12207,0.732422,17.4561,1
602.655,-0.609863,0.502441,0.894043,-0.793457,0.244141,17.334,1
602.665,-0.607422,0.4375,0.90332,0.732422,-0.732422,18.2495,1
602.675,-0.563965,0.542969,0.925781,1.46484,-0.732422,18.1274,1
602.685,-0.605957,0.481934,0.995117,2.99072,-0.793457,18.7378,1
602.695,-0.589355,0.636719,1.00586,3.96729,-0.671387,18.5547,1
602.705,-0.583008,0.616211,0.952148,3.17383,0,17.9443,1
602.715,-0.586426,0.501465,0.947754,4.63867,-0.183105,18.7378,1
602.725,-0.585938,0.702148,0.946289,5.00488,-0.549316,18.9819,1
602.735,-0.573242,0.639648,0.983398,3.11279,0.183105,18.4326,1
602.745,-0.612793,0.490723,1.01807,4.15039,0,19.165,1
602.755,-0.593262,0.670898,0.967285,4.82178,0,19.3481,1
602.765,-0.572266,0.778809,0.921875,2.86865,0.610352,18.7988,1
602.775,-0.562012,0.575684,0.915527,1.40381,0.366211,18.7988,1
602.785,-0.539062,0.713867,0.977539,2.56348,0.183105,19.8364,1
602.79,-0.474609,0.750977,1.02637,0.671387,0.671387,18.9819,1
602.8,-0.53125,0.46582,1.01367,1.58691,0.0610352,19.7754,1
602.81,-0.572754,0.773926,0.905273,2.80762,-0.183105,19.7144,1
602.82,-0.596191,0.878906,0.892578,-0.671387,1.0376,19.2261,1
602.83,-0.567383,0.541504,0.978027,-0.854492,0.488281,20.0806,1
602.84,-0.52002,0.60498,1.02588,1.15967,0,20.813,1
602.85,-0.54834,0.843262,0.975098,0.366211,0.12207,20.3247,1
602.86,-0.494141,0.683105,0.896973,-0.915527,0.854492,20.2026,1
602.87,-0.549316,0.644531,0.931152,-0.427246,0.488281,20.6909,1
602.88,-0.553711,0.677734,0.950684,-0.793457,0.488281,20.4468,1
602.89,-0.574219,0.703613,0.936523,-0.549316,0.854492,21.1182,1
602.9,-0.526855,0.684082,0.97168,-0.610352,0.793457,21.2402,1
602.91,-0.552246,0.692383,0.950195,-0.183105,0.671387,21.3013,1
602.92,-0.557129,0.623047,0.888672,-0.12207,1.28174,21.3623,1
602.93,-0.537598,0.671875,0.906738,1.2207,1.09863,22.644,1
602.935,-0.521973,0.710938,0.904297,-0.244141,1.40381,21.6675,1
602.945,-0.51416,0.64209,0.904297,0.976562,1.28174,23.0713,1
602.955,-0.533691,0.758789,0.989258,1.95312,1.28174,23.4375,1
602.965,-0.467773,0.67334,1.01318,1.2207,0.732422,22.7051,1
602.975,-0.46875,0.751465,0.900879,2.92969,0.976562,24.231,1
602.985,-0.502441,0.854004,0.897949,1.52588,1.77002,23.6816,1
602.995,-0.463379,0.632324,0.960938,1.77002,1.40381,24.231,1
603.005,-0.395508,0.821289,1.00146,3.41797,0.854492,24.9634,1
603.015,-0.376465,0.87793,1.00146,1.83105,1.15967,24.6582,1
603.025,-0.388672,0.658203,0.981934,1.89209,0.732422,25.2075,1
603.035,-0.404297,0.80957,0.916016,2.56348,0.549316,25.6348,1
603.045,-0.409668,0.94873,0.88916,0.732422,0.976562,25.4517,1
603.055,-0.357422,0.722656,0.95459,0,0.366211,25.6958,1
603.065,-0.317383,0.799805,0.96582,2.13623,0.427246,27.0996,1
603.075,-0.309082,0.959473,0.965332,0.366211,0.549316,26.3062,1
603.085,-0.322754,0.696289,0.932617,-0.488281,-0.366211,26.4893,1
603.09,-0.307617,0.788086,0.91748,2.01416,-0.549316,27.832,1
603.1,-0.308594,0.893555,0.943848,0.0610352,0,26.8555,1
603.11,-0.276367,0.780762,0.932617,0.366211,-0.12207,27.4048,1
603.12,-0.280273,0.894043,0.919434,0.976562,0.0610352,28.0151,1
603.13,-0.286133,0.907227,0.956055,0,-0.854492,27.9541,1
603.14,-0.242188,0.737305,0.942383,0.244141,-0.915527,28.5034,1
603.15,-0.217773,0.822266,0.972656,1.46484,-0.732422,29.2358,1
603.16,-0.155762,0.911133,0.92627,-0.0610352,-0.671387,28.0151,1
603.17,-0.146973,0.84082,0.876953,-0.366211,-0.183105,28.4424,1
603.18,-0.190918,0.86377,0.929199,0.183105,-0.488281,29.2969,1
603.19,-0.211426,0.863281,0.91748,-0.488281,-0.427246,28.4424,1
603.2,-0.157715,0.812012,0.930176,-0.305176,0.183105,28.6255,1
603.21,-0.117188,0.887695,0.940918,-0.183105,0.244141,29.1748,1
603.22,-0.14502,0.950684,0.890137,-1.52588,0,28.6865,1
603.225,-0.164551,0.854004,0.910645,-1.46484,-0.12207,29.1138,1
603.235,-0.158203,0.845215,0.944824,-1.28174,-0.12207,28.9307,1
603.245,-0.146484,0.771484,0.948242,-1.64795,0.183105,28.4424,1
603.255,-0.115234,0.819336,0.941406,-0.854492,0.12207,29.1138,1
603.265,-0.123535,0.937012,0.879883,-2.50244,0.549316,28.0151,1
603.275,-0.145996,0.890137,0.867188,-2.68555,0.366211,28.4424,1
603.285,-0.140625,0.800293,0.95752,-2.38037,0.671387,28.3813,1
603.295,-0.124023,0.902832,0.97168,-1.15967,0.305176,28.7476,1
603.305,-0.125977,0.790527,0.925293,-2.13623,1.15967,27.8931,1
603.315,-0.140137,0.813965,0.904785,0,0.793457,28.8086,1
603.325,-0.147949,1.06104,0.928711,-1.46484,1.2207,27.832,1
603.335,-0.179688,0.73584,0.937988,-2.01416,1.70898,27.8931,1
603.345,-0.163574,0.785156,0.971191,0.976562,1.40381,28.4424,1
603.355,-0.126953,0.978027,0.912109,0.0610352,1.77002,27.771,1
603.365,-0.126465,0.760742,0.90332,0,1.28174,28.2593,1
603.37,-0.151855,0.86084,0.94043,1.77002,0.976562,28.6865,1
603.38,-0.11377,0.996094,0.952148,0.305176,1.83105,27.9541,1
603.39,-0.15625,0.72998,0.945312,0.183105,1.70898,28.5645,1
603.4,-0.135742,0.86377,0.932617,1.40381,0.793457,28.5645,1
603.41,-0.135742,0.915039,0.961426,0.610352,1.34277,28.4424,1
603.42,-0.132812,0.791504,0.942383,1.0376,1.15967,28.7476,1
603.43,-0.0986328,0.827637,0.927734,1.52588,1.46484,28.9307,1
603.44,-0.0849609,0.912109,0.959961,1.2207,1.58691,28.9917,1
603.45,-0.0546875,0.911621,0.957031,0.305176,1.77002,28.6865,1
603.46,-0.0893555,0.866211,0.942383,-0.549316,1.70898,28.5645,1
603.47,-0.0849609,0.853027,0.924805,-0.12207,1.09863,29.3579,1
603.48,-0.133789,0.876953,0.949707,-0.427246,1.34277,28.9917,1
603.49,-0.0922852,0.928223,0.993164,-0.244141,1.34277,29.3579,1
603.5,-0.0581055,0.939453,0.972656,-0.793457,2.01416,29.3579,1
603.51,-0.0732422,0.772461,0.928223,-0.610352,1.2207,29.6021,1
603.515,-0.0268555,1.02686,0.902344,0.732422,0.244141,30.0903,1
603.525,-0.0844727,0.835449,0.937012,-1.0376,1.15967,29.7852,1
603.535,-0.115234,0.77002,0.969727,1.64795,0.12207,30.8838,1
603.545,-0.0444336,1.10645,0.98877,1.0376,0.732422,30.5786,1
603.555,0.0229492,0.903809,0.972168,-0.549316,0.732422,30.4565,1
603.565,0.00488281,0.891602,0.967773,1.46484,0.488281,31.4941,1
603.575,-0.0595703,0.998535,1.02148,0.854492,0.366211,30.8228,1
603.585,-0.0541992,0.858887,1.00293,0.793457,-0.12207,31.1279,1
603.595,-0.0771484,0.883301,0.975098,2.13623,0.793457,31.8604,1
603.605,-0.0561523,1.02783,0.980957,1.77002,0.671387,31.6162,1
603.615,-0.0429688,0.956543,0.983398,0.732422,0.427246,31.311,1
603.625,-0.0634766,0.904297,1.02588,1.52588,0,32.2876,1
603.635,-0.0678711,0.953613,1.0249,1.64795,0.12207,32.5928,1
603.645,-0.0473633,0.978516,0.96875,0.305176,-0.244141,32.3486,1
603.655,-0.0644531,0.844727,0.945312,-0.0610352,-0.0610352,32.7759,1
603.66,-0.0410156,1.05078,0.941895,-0.244141,-0.427246,32.7759,1
603.67,-0.0498047,0.92041,0.993164,-2.44141,-0.244141,32.8369,1
603.68,-0.0185547,0.890625,0.969238,-0.915527,-0.854492,33.5693,1
603.69,-0.0126953,1.05176,0.954102,-3.17383,-0.305176,32.8369,1
603.7,-0.0776367,0.855469,0.911621,-3.479,-0.671387,33.5693,1
603.71,-0.0688477,1.0127,0.973633,-2.38037,-0.427246,33.6304,1
603.72,-0.0429688,1.01514,1.03174,-3.90625,-0.183105,33.2031,1
603.73,-0.0209961,0.860352,0.992188,-3.11279,-0.915527,33.8745,1
603.74,-0.0283203,0.959961,0.956543,-3.54004,-0.427246,33.8745,1
603.75,-0.0810547,0.916016,0.956543,-4.02832,-0.549316,33.3862,1
603.76,-0.0634766,0.927734,0.939453,-3.2959,0,33.5083,1
603.77,-0.0224609,1.03174,0.91748,-2.68555,0.549316,33.7524,1
603.78,-0.0366211,0.975098,0.972168,-3.479,0,33.3252,1
603.79,-0.0556641,0.905762,1.0415,-2.50244,-0.488281,33.6914,1
603.8,-0.0541992,0.944336,1.01611,-1.58691,0.793457,33.5083,1
603.805,-0.0449219,0.956543,0.900879,-1.89209,1.2207,33.1421,1
603.815,-0.0541992,0.813477,0.889648,-2.19727,1.15967,33.3252,1
603.825,-0.0317383,0.993164,0.96582,-1.34277,0.976562,33.2031,1
603.835,-0.0439453,1.09131,0.978027,-2.86865,1.77002,32.8979,1
603.845,-0.0561523,0.741699,0.991211,-2.01416,1.83105,33.6914,1
603.855,-0.0375977,1.06982,0.958984,0.12207,1.46484,33.3862,1
603.865,-0.0727539,0.944336,0.971191,-2.31934,2.44141,33.2031,1
603.875,-0.0273438,0.791504,0.933105,-0.0610352,1.95312,33.9966,1
603.885,-0.0336914,1.05029,0.921875,-0.610352,2.13623,33.8135,1
603.895,-0.097168,0.866211,0.933594,-1.2207,1.77002,33.9966,1
603.905,-0.0493164,0.943359,1.01514,0.427246,2.13623,34.1187,1
603.915,-0.0854492,0.994629,0.998047,-0.366211,2.86865,34.3628,1
603.925,-0.0395508,0.900879,0.942383,-0.183105,1.77002,34.5459,1
603.935,-0.0766602,0.969727,0.967285,0.244141,2.0752,35.0952,1
603.945,-0.0742188,0.968262,0.976562,-0.244141,2.0752,34.79,1
603.955,-0.0708008,0.961914,0.958984,0.244141,2.2583,35.7666,1
603.965,-0.117188,0.866211,0.985352,-0.793457,2.74658,34.729,1
603.975,-0.0571289,1.00439,0.948242,0,2.19727,35.5835,1
603.98,-0.0913086,0.90918,0.913574,-1.28174,3.23486,35.5835,1
603.99,-0.118652,0.932129,0.955078,-0.976562,2.2583,35.8276,1
604,-0.0712891,0.951172,0.928711,-2.01416,2.68555,35.7666,1
604.01,-0.100586,0.939453,0.943848,-1.40381,2.80762,36.499,1
604.02,-0.121094,0.984375,0.960449,-2.44141,2.56348,36.0718,1
604.03,-0.165039,0.919922,0.938477,-2.31934,2.50244,36.5601,1
604.04,-0.132324,0.905273,0.890137,-2.19727,2.50244,36.8652,1
604.05,-0.179199,0.979492,0.928711,-1.95312,2.31934,37.5366,1
604.06,-0.140625,0.922852,0.946777,-3.41797,2.01416,36.6211,1
604.07,-0.0771484,0.834473,0.910645,-1.83105,2.13623,37.9028,1
604.08,-0.0957031,0.946289,0.909668,-1.58691,2.2583,37.9639,1
604.09,-0.116211,0.935547,0.860352,-2.74658,1.58691,37.7197,1
604.1,-0.168457,0.859863,0.902832,-1.52588,1.89209,38.208,1
604.11,-0.199707,0.97168,0.916992,-0.915527,2.80762,38.6353,1
604.12,-0.186035,0.887695,0.961914,-2.31934,2.2583,37.8418,1
604.13,-0.119141,0.877441,0.969727,-1.09863,2.01416,38.8184,1
604.14,-0.158203,0.992676,0.949707,-0.915527,2.92969,38.7573,1
604.15,-0.186523,0.999512,0.922363,-2.19727,3.05176,37.7197,1
604.16,-0.162109,0.842285,0.834473,-1.58691,3.11279,38.5742,1
604.165,-0.19043,1.00732,0.962402,-0.366211,3.60107,39.3066,1
604.175,-0.197266,0.955566,0.968262,-1.95312,3.84521,38.147,1
604.185,-0.0932617,0.84375,0.956055,-0.0610352,3.479,39.6729,1
604.195,-0.126465,0.899902,0.875488,0.244141,4.02832,39.3066,1
604.205,-0.158691,1.02881,0.923828,-0.427246,3.35693,38.9404,1
604.215,-0.183594,0.922363,0.904297,-0.427246,4.15039,38.5742,1
604.225,-0.252441,1.04541,1.0127,0.915527,4.5166,39.5508,1
604.235,-0.168457,0.944336,0.993164,-0.732422,5.06592,38.5742,1
604.245,-0.15332,0.877441,0.873535,0.793457,4.63867,39.978,1
604.255,-0.182129,0.911133,0.980957,0.793457,5.61523,39.3066,1
604.265,-0.202148,1.07422,0.968262,0.183105,4.88281,38.6353,1
604.275,-0.136719,0.921387,0.911133,-0.793457,5.12695,39.4287,1
604.285,-0.1875,0.839844,0.877441,0.427246,5.12695,40.0391,1
604.295,-0.129883,1.02734,0.88623,-0.610352,4.69971,39.4287,1
604.305,-0.193359,0.972168,0.958008,-1.09863,5.61523,39.5508,1
604.315,-0.205566,1.00146,0.990234,-0.671387,5.06592,39.4897,1
604.325,-0.171387,0.988281,0.900391,-2.2583,5.24902,39.6118,1
604.33,-0.143555,0.792969,0.847656,-2.50244,4.82178,40.5273,1
604.34,-0.145508,0.899902,0.924805,-2.13623,4.21143,40.2832,1
604.35,-0.16748,1.01465,0.957031,-3.23486,4.08936,40.1001,1
604.36,-0.174316,0.888184,0.912109,-2.86865,4.08936,41.1377,1
604.37,-0.200684,1.021,0.893066,-2.50244,3.90625,41.0767,1
604.38,-0.218262,0.918457,0.938477,-3.60107,4.02832,40.8325,1
604.39,-0.159668,1.00098,0.879395,-2.44141,4.15039,41.2598,1
604.4,-0.1875,0.817871,0.868652,-3.35693,3.66211,42.2974,1
604.41,-0.147461,0.81543,0.891602,-1.28174,2.38037,42.4194,1
604.42,-0.147949,1.06494,0.904297,-2.50244,2.68555,42.3584,1
604.43,-0.219727,0.811035,0.916016,-1.89209,2.74658,43.2739,1
604.44,-0.208496,0.999023,0.955078,-0.12207,2.01416,43.0298,1
604.45,-0.233398,0.963867,0.961914,-1.64795,2.68555,42.7856,1
604.46,-0.201172,0.85498,0.890625,-0.366211,2.19727,42.9688,1
604.47,-0.272461,0.922363,0.880859,-2.13623,2.99072,42.1143,1
604.475,-0.216309,0.946289,0.894531,-2.38037,2.0752,43.2129,1
604.485,-0.272949,0.973633,0.960449,-3.05176,2.56348,44.0063,1
604.495,-0.193848,0.895996,0.948242,-3.72314,2.13623,43.335,1
604.505,-0.131836,0.837402,0.855469,-3.41797,2.38037,44.2505,1
604.515,-0.227539,0.960449,0.860352,-4.08936,2.44141,43.7622,1
604.525,-0.221191,0.842773,0.907715,-5.7373,2.44141,42.9688,1
604.535,-0.228516,0.865723,0.90625,-3.84521,3.23486,44.0674,1
604.545,-0.242188,0.90918,0.900391,-4.5166,3.11279,44.0674,1
604.555,-0.149414,0.961914,0.874512,-3.72314,2.2583,44.0674,1
604.565,-0.246094,0.802734,0.925293,-3.17383,3.17383,45.0439,1
604.575,-0.230957,1.00781,0.992188,-1.28174,2.74658,44.6777,1
604.585,-0.236328,0.885742,0.918945,-3.66211,2.86865,44.4946,1
604.595,-0.185059,0.759766,0.959473,0.488281,2.99072,45.5933,1
604.605,-0.240234,0.995117,0.98584,-0.549316,3.41797,44.0063,1
604.615,-0.199707,0.818359,0.963379,1.2207,2.99072,45.3491,1
604.62,-0.191895,1.03564,1.02051,1.83105,3.23486,44.7998,1
604.63,-0.216797,0.85498,0.929688,1.83105,3.41797,45.4712,1
604.64,-0.18457,0.978516,1.00146,2.99072,3.2959,44.2505,1
604.65,-0.143555,0.876953,1.03955,1.34277,3.2959,44.1284,1
604.66,-0.21582,0.901367,1.01562,1.77002,2.92969,43.8843,1
604.67,-0.156738,0.921875,1.021,-1.15967,3.17383,42.9688,1
604.68,-0.203125,0.908203,0.982422,-1.70898,2.62451,43.1519,1
604.69,-0.0898438,0.783203,0.987793,-5.7373,3.11279,41.8701,1
604.7,-0.174805,0.844727,0.827148,-6.10352,2.01416,42.2363,1
604.71,-0.150879,1.00635,0.991211,-9.58252,1.83105,41.4429,1
604.72,-0.164551,0.859863,0.879883,-10.2539,1.40381,42.5415,1
604.73,0.0224609,0.573242,0.891602,-11.6577,1.2207,41.8701,1
604.74,-0.115723,0.753906,0.755371,-10.1929,0.244141,42.0532,1
604.75,-0.0996094,0.791016,0.758301,-11.8408,-0.305176,41.626,1
604.76,-0.160645,0.588867,0.959961,-9.46045,-1.09863,41.9922,1
604.765,-0.0898438,1.15381,0.88623,-9.09424,-1.46484,41.3818,1
604.775,-0.0605469,0.577148,0.782715,-13.3667,-1.28174,40.6494,1
604.785,-0.173828,0.44043,0.810059,-5.24902,-2.01416,42.1753,1
604.795,-0.0947266,1.15479,0.876465,-4.57764,-1.58691,40.4053,1
604.805,-0.0332031,0.467773,0.895996,-5.98145,-1.77002,40.4053,1
604.815,0.00537109,0.966797,0.912109,0.976562,-1.89209,39.7949,1
604.825,-0.0195312,0.978516,0.891602,-4.27246,-1.70898,38.5132,1
604.835,-0.109375,0.487305,0.921387,0.488281,-0.610352,38.0859,1
604.845,-0.0385742,0.937012,1.01123,2.50244,-0.488281,35.8887,1
604.855,-0.0224609,0.816406,0.958496,0.915527,1.09863,35.0952,1
604.865,0.0209961,0.796387,0.970703,4.21143,1.40381,33.9966,1
604.875,0.0449219,1.04932,1.08643,3.17383,2.86865,32.0435,1
604.88,-0.152344,0.610352,0.998535,2.2583,2.74658,31.1279,1
604.89,-0.153809,0.732422,1.12109,5.85938,3.479,30.2124,1
604.9,-0.101074,1.21777,1.00928,1.40381,3.60107,27.5269,1
604.91,-0.0136719,0.390625,1.09912,-0.793457,4.45557,27.2217,1
604.92,-0.0634766,0.918945,1.0874,3.90625,3.90625,26.5503,1
604.93,-0.0751953,1.27295,1.09277,-1.95312,4.39453,24.231,1
604.94,-0.100586,0.533691,0.914062,-4.27246,4.88281,23.0713,1
604.95,-0.0297852,0.703613,0.979004,2.56348,4.63867,23.1934,1
604.96,-0.132812,1.44385,1.16455,-1.46484,4.39453,20.9351,1
604.97,-0.0927734,0.514648,1.15332,-5.06592,5.43213,20.1416,1
604.98,-0.167969,0.668457,1.08008,1.89209,5.12695,20.4468,1
604.99,-0.0200195,1.31787,0.982422,-4.63867,4.02832,18.0664,1
605,-0.151367,0.505371,0.880859,-5.98145,4.82178,18.7378,1
605.01,-0.161621,0.717773,1.08398,-0.305176,3.54004,18.5547,1
605.02,-0.0952148,1.29736,1.01465,-3.17383,2.80762,18.0054,1
605.03,-0.15625,0.55127,0.92041,-5.98145,2.86865,17.6392,1
605.04,-0.115723,0.631836,0.810547,-0.366211,1.46484,18.2495,1
605.05,-0.127441,1.06445,0.814453,-3.479,0.915527,17.9443,1
605.055,-0.11084,0.709961,0.947266,-3.2959,-0.244141,18.9819,1
605.065,-0.0483398,0.588379,0.967285,0.305176,-0.854492,20.2026,1
605.075,-0.0195312,0.960938,0.833496,1.40381,-1.95312,20.3247,1
605.085,-0.0102539,0.816895,0.765137,-0.854492,-3.23486,19.7144,1
605.095,-0.183594,0.613281,0.843262,1.46484,-3.96729,21.1182,1
605.105,-0.0898438,1.07422,0.892578,3.78418,-4.69971,20.9961,1
605.115,-0.0595703,0.986816,0.96875,1.52588,-4.45557,20.874,1
605.125,-0.00976562,0.76123,1.01172,4.88281,-5.06592,21.5454,1
605.135,0.0380859,1.07959,0.979004,6.16455,-4.39453,20.874,1
605.145,9.765625e-04,0.894531,0.996094,3.84521,-4.39453,19.8975,1
605.155,0.0644531,0.901367,1.02002,6.53076,-3.84521,19.9585,1
605.165,0.151855,1.12695,0.996582,5.24902,-3.17383,19.2261,1
605.175,0.140625,0.975586,1.02588,3.96729,-2.86865,19.2871,1
605.185,0.129395,0.880859,1.00439,3.479,-3.05176,18.3716,1
605.195,0.115234,0.999512,1.06299,2.80762,-2.19727,18.3105,1
605.2,0.0791016,0.869141,1.03467,0.488281,-1.58691,17.1509,1
605.21,0.0976562,0.994629,1.0293,0.305176,-1.52588,17.7612,1
605.22,0.168457,1.03271,1.05176,-2.74658,-0.976562,16.7847,1
605.23,0.185547,0.866211,1.08496,-3.72314,-1.09863,17.2729,1
605.24,0.177246,0.813477,1.07178,-4.5166,-0.915527,17.0288,1
605.25,0.197754,0.962891,1.04639,-6.04248,-0.610352,16.9067,1
605.26,0.164062,0.861328,0.958008,-8.30078,0.12207,16.7236,1
605.27,0.193359,0.825195,0.942383,-8.42285,0.427246,17.395,1
605.28,0.198242,0.799805,0.981445,-10.0098,0.366211,16.9067,1
605.29,0.160156,0.722656,1.03369,-9.0332,0.549316,17.5171,1
605.3,0.132812,0.79834,1.04443,-8.48389,1.34277,17.7002,1
605.31,0.0751953,0.8125,1,-9.15527,1.58691,17.9443,1
605.32,0.0307617,0.586426,0.943359,-8.48389,1.34277,18.9819,1
605.33,0.0834961,0.70459,0.961914,-6.46973,1.46484,19.7144,1
605.34,0.100586,0.771973,0.921875,-7.44629,1.83105,19.8975,1
605.345,0.103516,0.463379,0.899414,-6.40869,1.58691,21.3013,1
605.355,0.0683594,0.554199,0.878906,-3.90625,0.854492,22.4609,1
605.365,0.0444336,0.618652,0.79248,-4.27246,0.610352,22.583,1
605.375,0.0703125,0.521484,0.726074,-3.23486,0.976562,23.6816,1
605.385,0.0556641,0.564453,0.794922,-2.31934,0.915527,24.8413,1
605.395,0.0742188,0.524414,0.887695,-2.62451,0.610352,25.3906,1
605.405,0.0820312,0.472656,0.861328,-1.28174,0.366211,27.0386,1
605.415,0.081543,0.59082,0.856445,-0.732422,0.671387,27.2217,1
605.425,0.0766602,0.569336,0.864746,-1.46484,0.732422,27.3438,1
605.435,0.0742188,0.561523,0.953613,-0.488281,1.28174,28.5645,1
605.445,0.0693359,0.669434,1.00146,-1.34277,1.28174,28.4424,1
605.455,0.0766602,0.583984,1.03369,-1.2207,1.34277,29.3579,1
605.465,0.101562,0.604004,1.04443,-0.244141,2.01416,29.7241,1
605.475,0.0898438,0.712402,1.01855,-0.427246,2.13623,29.8462,1
605.485,0.0996094,0.629883,1.01074,-0.610352,2.92969,29.8462,1
605.49,0.109863,0.663086,0.995117,-0.366211,2.86865,30.3345,1
605.5,0.0864258,0.703613,1.02637,-0.427246,3.66211,30.6396,1
605.51,0.0751953,0.680176,1.08154,-0.549316,3.78418,30.5786,1
605.52,0.0908203,0.703613,1.05176,-0.0610352,4.08936,30.7617,1
605.53,0.0708008,0.776367,1.07422,0.366211,4.5166,31.0059,1
605.54,0.0610352,0.711426,1.11084,0,4.02832,30.7617,1
605.55,0.0546875,0.749512,1.08838,1.28174,4.3335,31.6162,1
605.56,0.0493164,0.81543,1.08691,0.610352,4.94385,31.3721,1
605.57,0.0620117,0.655273,1.00537,0,4.57764,31.6162,1
605.58,0.0424805,0.670898,0.995605,0.671387,3.72314,32.1655,1
605.59,0.0341797,0.768066,0.975586,0,3.90625,32.1655,1
605.6,0.0463867,0.708496,0.922363,-0.915527,3.479,32.0435,1
605.61,0.0405273,0.690918,0.873047,-0.732422,2.86865,33.0811,1
605.62,0.0498047,0.751953,0.92334,-1.58691,2.68555,33.2031,1
605.63,0.0385742,0.623535,0.876953,-2.56348,1.95312,33.3252,1
605.635,0.0229492,0.681641,0.806641,-1.0376,1.52588,34.1797,1
605.645,0.00244141,0.791504,0.84668,-1.83105,1.0376,33.8745,1
605.655,0.0273438,0.624023,0.882812,-2.56348,0.305176,33.9966,1
605.665,0.0498047,0.692871,0.897461,-1.34277,-0.366211,34.9731,1
605.675,0.0551758,0.748047,0.893555,-2.38037,-0.305176,34.79,1
605.685,0.0795898,0.643066,0.886719,-2.19727,-1.40381,34.9731,1
605.695,0.109863,0.744629,0.883301,-0.915527,-1.2207,35.0952,1
605.705,0.115723,0.79248,0.911133,-1.28174,-1.15967,34.79,1
605.715,0.134766,0.709473,0.953613,-0.427246,-1.83105,35.1562,1
605.725,0.138672,0.760254,0.977539,0.244141,-1.52588,34.9121,1
605.735,0.160645,0.687988,0.964355,0.854492,-1.28174,34.79,1
605.745,0.165527,0.70459,0.95752,1.58691,-1.40381,34.5459,1
605.755,0.221191,0.871582,0.98877,1.0376,-1.2207,33.8745,1
605.765,0.210449,0.831055,1.04004,-0.244141,-0.244141,33.5693,1
605.775,0.20752,0.766113,1.05176,-0.366211,-0.549316,33.3862,1
605.785,0.211426,0.798828,1.03857,0.12207,0.0610352,33.2642,1
605.795,0.22168,0.690918,0.972656,0.671387,0.915527,32.7148,1
605.805,0.184082,0.747559,0.940918,1.52588,0.854492,32.1655,1
605.815,0.191406,0.821289,1.03857,0.854492,1.64795,31.4941,1
605.825,0.230957,0.728516,1.07178,0,1.83105,31.3721,1
605.835,0.222168,0.759277,1.01807,-0.366211,2.44141,31.6162,1
605.845,0.215332,0.770508,0.981934,-1.77002,2.56348,30.5786,1
605.855,0.160156,0.749512,0.98584,-1.28174,2.74658,30.8228,1
605.865,0.152832,0.78418,1.02783,-2.31934,3.2959,29.9683,1
605.875,0.199219,0.801758,0.998535,-2.99072,2.92969,30.4565,1
605.88,0.189941,0.779297,1.0127,-3.78418,3.35693,30.1514,1
605.89,0.171387,0.774902,1.04932,-3.78418,3.05176,30.2734,1
605.9,0.15625,0.71875,1.04639,-3.2959,3.2959,30.2734,1
605.91,0.15918,0.696777,0.973145,-2.50244,3.17383,30.6396,1
605.92,0.168457,0.753906,0.976074,-2.74658,2.56348,30.2734,1
605.93,0.187988,0.689453,0.959473,-2.31934,2.80762,30.5176,1
605.94,0.217285,0.711914,0.927246,-1.09863,2.50244,31.1279,1
605.95,0.158203,0.70752,0.936523,-0.732422,1.95312,31.189,1
605.96,0.144043,0.680664,0.927246,0.305176,1.46484,31.7383,1
605.97,0.139648,0.734375,0.930176,0.610352,1.95312,31.9824,1
605.98,0.15918,0.685547,0.972168,-0.244141,2.13623,32.0435,1
605.99,0.144531,0.645508,0.918945,-0.366211,1.46484,32.7148,1
606,0.214844,0.72168,0.876953,-0.305176,1.28174,32.8979,1
606.01,0.223633,0.800781,0.952637,-0.610352,1.2207,32.5928,1
606.02,0.141602,0.641113,0.939453,-0.244141,1.28174,32.8369,1
606.03,0.135254,0.772949,0.94873,1.52588,0.732422,33.3862,1
606.04,0.130859,0.820801,0.949707,-0.183105,1.34277,33.4473,1
606.05,0.175293,0.64209,0.983887,-0.732422,0.732422,33.8745,1
606.06,0.162109,0.737305,0.987305,0.366211,1.15967,34.2407,1
606.07,0.200195,0.86084,0.987305,-0.793457,0.915527,33.6914,1
606.08,0.233887,0.752441,1.00488,-1.34277,0.793457,33.8745,1
606.09,0.182617,0.746582,0.990723,-0.549316,0.488281,34.1797,1
606.1,0.141602,0.916504,0.98877,-0.732422,0.549316,34.1797,1
606.11,0.100098,0.81543,1.0127,-1.77002,1.34277,33.9355,1
606.12,0.194824,0.925293,1.00293,0.427246,1.2207,34.4238,1
606.13,0.19043,0.700195,1.00977,0,0.732422,34.1187,1
606.14,0.145996,0.732422,1.0127,2.44141,0.549316,34.79,1
606.15,0.146484,0.909668,0.960449,1.58691,1.28174,34.3018,1
606.16,0.137207,0.714355,0.959961,1.83105,1.0376,34.79,1
606.165,0.153809,0.825684,0.99707,3.17383,0.732422,34.9121,1
606.175,0.151367,0.939453,0.98877,2.0752,0.854492,34.729,1
606.185,0.150879,0.648438,0.970703,1.64795,0.732422,35.0952,1
606.195,0.116699,0.811523,0.890137,2.62451,0.488281,35.4614,1
606.205,0.152832,0.89209,0.91748,-0.183105,1.28174,34.9121,1
606.215,0.135254,0.731445,0.935059,-0.366211,0.793457,35.5835,1
606.225,0.118652,0.916504,0.993652,0.12207,0.793457,35.6445,1
606.235,0.0942383,0.806152,1.02441,-1.58691,0.793457,35.2783,1
606.245,0.104492,0.749023,0.969727,-0.915527,0.366211,35.7666,1
606.255,0.128418,0.899902,0.885742,-2.0752,1.2207,35.4004,1
606.265,0.138184,0.865723,0.949219,-3.78418,0.793457,35.2783,1
606.275,0.130859,0.758789,0.986328,-3.11279,1.09863,35.9497,1
606.285,0.132812,0.952637,0.966797,-2.68555,0.854492,35.7056,1
606.295,0.149902,0.916992,0.961914,-4.08936,1.28174,35.2173,1
606.305,0.124512,0.69873,0.982422,-2.68555,1.40381,35.8887,1
606.31,0.105957,0.962402,0.958984,-1.89209,0.793457,35.3394,1
606.32,0.146484,0.831543,0.984375,-3.2959,1.58691,35.2783,1
606.33,0.125488,0.713867,0.955078,-1.15967,1.64795,35.6445,1
606.34,0.146973,0.993652,0.928223,-0.549316,1.2207,35.2783,1
606.35,0.120605,0.859375,0.972656,-1.46484,1.77002,34.729,1
606.36,0.0727539,0.785645,1.00146,0.671387,1.70898,35.5835,1
606.37,0.0375977,0.953613,0.969727,0.976562,2.50244,35.2783,1
606.38,-0.0273438,0.773438,0.955078,0.610352,2.74658,35.0952,1
606.39,-0.0307617,0.768066,0.945312,2.56348,2.50244,35.2783,1
606.4,-0.0327148,0.868164,0.972656,2.56348,3.23486,34.8511,1
606.41,-0.00488281,0.82373,0.965332,1.95312,3.41797,34.668,1
606.42,0.0439453,0.763184,0.950684,1.83105,3.90625,35.0952,1
606.43,0.00195312,0.875977,0.905762,0.854492,4.08936,34.8511,1
606.44,-0.0458984,0.854492,0.909668,-0.854492,4.27246,34.5459,1
606.45,-0.0839844,0.850098,0.930176,-0.183105,4.82178,35.0952,1
606.46,-0.0805664,0.888184,0.954102,-0.793457,5.37109,34.79,1
606.47,-0.0473633,0.751953,0.97168,-0.671387,5.00488,34.729,1
606.48,-0.00683594,0.813965,0.930664,-1.0376,4.82178,34.668,1
606.485,-0.00146484,0.781738,0.885254,-1.89209,4.76074,35.0342,1
606.495,-0.00537109,0.825684,0.901367,-2.19727,4.57764,35.2173,1
606.505,0.0117188,0.864258,0.911133,-3.60107,4.39453,34.79,1
606.515,0.0400391,0.856934,0.915527,-3.54004,4.27246,35.5835,1
606.525,0.0507812,0.768066,0.928711,-3.11279,3.84521,35.7666,1
606.535,0.0820312,0.827637,0.941895,-2.50244,2.62451,35.8276,1
606.545,0.0854492,0.895508,0.924316,-3.17383,2.68555,35.6445,1
606.555,0.0756836,0.733887,0.929199,-3.23486,2.31934,36.499,1
606.565,0.129883,0.857422,0.910156,-2.80762,1.09863,36.6821,1
606.575,0.133301,0.872559,0.933105,-3.479,1.0376,36.6211,1
606.585,0.104492,0.747559,0.979004,-1.77002,0.183105,37.2925,1
606.595,0.130371,0.911133,0.987305,-0.488281,-0.244141,37.1704,1
606.605,0.188477,0.819336,0.968262,-0.976562,0,36.9873,1
606.615,0.195801,0.802734,0.932129,0.0610352,-0.915527,37.5366,1
606.625,0.149902,0.939453,0.954102,-0.244141,-0.793457,37.2314,1
606.635,0.0942383,0.785645,1,-0.244141,-0.427246,37.9639,1
606.645,0.0742188,0.826172,0.959473,1.28174,-0.488281,38.269,1
606.655,0.155762,0.883301,0.951172,1.28174,-0.549316,37.4146,1
606.66,0.211426,0.818359,0.995605,2.38037,-1.15967,38.0859,1
606.67,0.183105,0.875977,1.03174,3.11279,-1.15967,37.6587,1
606.68,0.121582,1.03125,1.00391,2.92969,-1.2207,36.9873,1
606.69,0.0859375,0.918457,0.996582,1.95312,-0.305176,36.8042,1
606.7,0.00927734,0.849121,1.00098,2.80762,-0.244141,37.4146,1
606.71,0.104004,0.953613,1.00879,2.2583,-0.427246,37.1094,1
606.72,0.205566,0.854492,1.06104,2.0752,-0.244141,37.5366,1
606.73,0.207031,0.942383,1.11816,2.13623,-0.610352,36.8652,1
606.74,0.139648,0.891113,1.07568,0.915527,-0.305176,35.8276,1
606.75,0.0830078,0.977051,0.999512,1.34277,0.549316,35.7666,1
606.76,0.0268555,1.01172,0.947266,-1.15967,1.46484,35.3394,1
606.77,0.0698242,0.834961,0.962891,-2.13623,1.09863,35.5225,1
606.78,0.156738,0.916016,1.04688,-1.58691,1.40381,35.6445,1
606.79,0.152344,0.992188,1.04004,-2.50244,2.0752,35.2783,1
606.8,0.133301,0.847656,1.0127,-4.15039,1.89209,34.4849,1
606.81,0.0668945,0.879883,0.93457,-3.84521,1.77002,34.668,1
606.82,0.0112305,0.984375,0.921875,-5.31006,2.68555,34.1797,1
606.83,-0.0161133,0.855957,0.902344,-6.34766,2.50244,34.0576,1
606.835,0.0844727,0.759766,0.884766,-5.98145,2.31934,33.9966,1
606.845,0.108887,0.864746,0.824219,-3.66211,1.89209,34.729,1
606.855,0.0942383,0.914062,0.862305,-4.63867,2.2583,33.6304,1
606.865,0.0458984,0.766602,0.856934,-3.66211,2.13623,33.9355,1
606.875,-0.0219727,0.79248,0.878418,-1.15967,3.17383,34.2407,1
606.885,-0.012207,0.884766,0.865234,-0.793457,2.56348,33.8135,1
606.89,0.0131836,0.777832,0.876465,-0.12207,2.80762,33.9966,1
606.9,0.0195312,0.797363,1.00586,1.40381,2.86865,34.3628,1
606.91,0.0209961,0.937988,0.974121,1.28174,3.60107,34.1187,1
606.92,-0.00585938,0.850586,0.919922,0.854492,4.02832,34.0576,1
606.93,-0.0629883,0.859375,0.974609,2.01416,4.08936,34.4238,1
606.94,-0.0380859,0.936523,0.962402,1.83105,4.21143,33.6914,1
606.95,-0.0317383,0.910156,0.977051,1.95312,4.94385,34.5459,1
606.96,-0.0297852,0.89209,1.00732,1.52588,5.06592,34.4849,1
606.97,-0.0239258,0.910156,0.999023,0.976562,5.37109,34.6069,1
606.98,-0.0239258,0.865234,0.930664,0.610352,5.98145,34.9731,1
606.99,-0.0449219,0.914551,0.913086,0,5.49316,35.0342,1
607,-0.0703125,0.875977,1.00488,-0.549316,5.31006,35.0342,1
607.01,-0.0517578,0.983398,0.993164,-0.244141,5.92041,35.4004,1
607.02,-0.0322266,0.936035,0.989258,-1.09863,6.04248,35.9497,1
607.025,-0.0400391,0.820312,0.943848,-1.40381,5.43213,36.1938,1
607.035,-0.0424805,0.952637,0.927734,-1.83105,5.00488,36.499,1
607.045,-0.0517578,0.854004,0.914551,-2.74658,5.92041,36.8652,1
607.055,-0.0546875,0.794434,0.918457,-2.44141,5.18799,37.1704,1
607.065,-0.0146484,0.976074,0.89209,-2.92969,4.76074,37.2925,1
607.075,-0.0478516,0.819336,0.905762,-3.479,4.5166,37.9639,1
607.085,-0.0507812,0.81543,0.956543,-2.50244,3.78418,38.5132,1
607.095,-0.0444336,1.00488,0.88916,-3.2959,3.78418,38.147,1
607.105,-0.059082,0.899902,0.925781,-3.66211,4.15039,39.0625,1
607.115,-0.0810547,0.804688,0.925781,-3.11279,3.35693,39.4287,1
607.125,-0.0585938,0.939453,0.90332,-2.2583,2.92969,39.6729,1
607.135,-0.0605469,0.903809,0.95166,-2.31934,3.41797,39.4897,1
607.145,-0.0561523,0.746582,0.952637,-1.46484,2.56348,40.0391,1
607.155,-0.0356445,0.995117,0.899902,-1.15967,2.13623,40.1001,1
607.165,-0.034668,0.942871,0.918945,-3.05176,2.56348,40.0391,1
607.175,-0.0473633,0.848633,0.883789,-1.64795,2.13623,40.9546,1
607.185,-0.0366211,0.955078,0.901367,-1.83105,2.13623,40.6494,1
607.195,-0.0170898,0.853516,0.937988,-1.34277,1.28174,40.9546,1
607.2,-0.00830078,0.924805,0.982422,0,1.0376,41.3818,1
607.21,-0.0112305,0.955078,0.947754,0,1.52588,41.0156,1
607.22,-0.00634766,0.903809,0.963867,0.0610352,0.671387,41.1987,1
607.23,0.00341797,0.879883,0.967285,0.854492,0.366211,41.5649,1
607.24,0.0551758,0.972656,0.933105,0.915527,0.793457,41.1987,1
607.25,0.0556641,0.913086,0.963867,0.854492,0.793457,41.4429,1
607.26,0.0566406,0.899414,0.977051,1.64795,0.549316,41.9312,1
607.27,0.0957031,0.984863,0.943359,0.793457,0.0610352,41.5649,1
607.28,0.0996094,0.901367,0.996582,0.488281,0.12207,41.8091,1
607.29,0.0751953,1.00635,0.966797,0.854492,0,41.8701,1
607.3,0.050293,0.907715,0.958008,-0.12207,0.183105,41.2598,1
607.31,-4.882812e-04,0.816406,0.928711,0.976562,0.0610352,41.8091,1
607.32,0.0507812,0.953613,0.934082,0,0.0610352,41.1987,1
607.33,0.149414,0.958984,0.966309,-0.671387,0.244141,41.0156,1
607.34,0.131836,0.910645,0.91748,-0.732422,0.549316,41.3208,1
607.35,0.0996094,1.02588,0.946289,-1.34277,0.305176,40.9546,1
607.36,0.0678711,0.952637,0.964844,-2.68555,0.915527,40.2222,1
607.37,0.0507812,0.797852,0.963867,-1.95312,1.58691,40.6494,1
607.375,0.0742188,0.955566,0.891113,-1.95312,1.28174,40.1611,1
607.385,0.101074,0.940918,0.878418,-4.39453,1.64795,39.3677,1
607.395,0.108887,0.802246,0.95752,-3.72314,1.77002,39.978,1
607.405,0.152344,1.08691,0.990234,-3.84521,2.0752,39.1846,1
607.415,0.0825195,0.893066,0.973145,-5.5542,2.38037,38.6353,1
607.425,0.116699,0.83252,0.871094,-2.80762,2.2583,38.8794,1
607.435,0.109375,1.13672,0.89502,-2.92969,3.05176,38.5742,1
607.445,0.0961914,0.847168,0.935547,-3.78418,3.23486,37.9639,1
607.455,0.130859,0.752441,1.00244,-0.915527,2.62451,38.8184,1
607.465,0.113281,1.05811,0.977539,-0.793457,3.11279,38.7573,1
607.475,0.10498,0.901855,0.923828,-3.05176,2.92969,37.7808,1
607.485,0.0917969,0.819824,0.921387,-0.183105,2.92969,38.5742,1
607.495,0.0834961,1.06934,0.933105,0.244141,3.84521,37.9028,1
607.505,0.152344,0.988281,0.943359,-0.915527,2.92969,37.7808,1
607.515,0.150391,0.833984,1.01123,0.915527,3.35693,38.4521,1
607.525,0.090332,1.05957,0.979492,1.77002,3.23486,38.3911,1
607.535,0.0263672,0.882324,0.979492,0.915527,3.54004,38.147,1
607.545,0.0766602,0.820801,0.957031,2.68555,2.92969,38.5742,1
607.55,0.0883789,1.10547,0.981934,1.70898,2.99072,38.8184,1
607.56,0.0620117,0.877441,0.984375,-0.427246,2.86865,38.4521,1
607.57,0.120605,0.971191,0.969727,1.28174,2.38037,39.1235,1
607.58,0.0839844,0.955078,0.964355,-0.305176,3.17383,39.0015,1
607.59,0.0844727,0.945312,0.929199,-0.0610352,1.95312,39.4897,1
607.6,0.046875,0.932129,0.928223,-0.915527,2.92969,39.1846,1
607.61,0.0551758,0.986328,0.900879,-1.28174,2.62451,39.5508,1
607.62,0.0625,0.898438,0.905762,-2.80762,2.80762,39.4287,1
607.63,0.0805664,0.870605,0.896484,-2.0752,1.77002,40.0391,1
607.64,0.12207,0.97998,0.95166,-2.56348,1.58691,39.856,1
607.65,0.102539,0.896484,0.940918,-2.44141,2.2583,39.978,1
607.66,0.0917969,1.01318,0.904785,-2.62451,1.64795,39.7949,1
607.67,0.0732422,0.898926,0.901855,-3.17383,1.64795,40.2832,1
607.68,0.0722656,0.865234,0.958008,-2.62451,1.09863,39.978,1
607.69,0.130859,1.07812,0.905762,-2.80762,1.0376,40.2222,1
607.7,0.120117,0.772949,0.921875,-3.90625,1.34277,40.5884,1
607.705,0.0976562,0.90625,0.956543,-2.2583,0.305176,40.8325,1
607.715,0.106934,1.03613,0.97168,-3.479,0.366211,40.5884,1
607.725,0.129395,0.810547,0.968262,-2.2583,0.610352,41.1987,1
607.735,0.165039,0.979004,0.977539,-1.0376,0,41.0156,1
607.745,0.202148,0.912109,0.965332,-2.38037,-0.0610352,40.3442,1
607.755,0.161621,0.89209,0.939941,-1.28174,-0.427246,41.0156,1
607.765,0.143066,1.00049,0.958008,-1.83105,0.12207,40.7715,1
607.775,0.181641,0.927734,0.934082,-2.13623,-0.549316,41.3208,1
607.785,0.152832,0.899414,1.03174,-1.28174,-0.244141,41.626,1
607.795,0.175781,0.980469,1.03271,-1.15967,-0.305176,40.8936,1
607.805,0.172363,0.799316,0.985352,-1.2207,0,40.7715,1
607.815,0.196777,0.910156,0.914551,0,0,40.8936,1
607.825,0.224121,0.946289,0.918457,-1.58691,-0.549316,40.4053,1
607.835,0.23291,0.861816,0.943848,-1.09863,-0.610352,40.8936,1
607.845,0.241699,1.01221,0.96582,-0.976562,-0.12207,40.7104,1
607.85,0.224609,0.915527,0.950684,-2.13623,0.244141,39.917,1
607.86,0.227051,0.890625,1.01025,-0.976562,-0.0610352,39.7949,1
607.87,0.224609,0.955566,1.01025,-1.15967,0.732422,39.2456,1
607.88,0.23584,0.793457,0.953125,-2.31934,0.366211,38.8794,1
607.89,0.254883,0.88916,0.944824,-1.46484,0.610352,38.9404,1
607.9,0.246582,0.976074,0.994141,-2.99072,1.58691,37.4756,1
607.91,0.236328,0.869629,0.995117,-2.62451,1.52588,37.4146,1
607.92,0.273438,0.930176,0.98877,-2.01416,2.2583,36.8042,1
607.93,0.27002,0.952637,0.983398,-3.11279,1.83105,35.8276,1
607.94,0.29541,0.885254,0.987793,-2.44141,2.38037,35.6445,1
607.95,0.265137,0.913574,0.958496,-3.05176,3.41797,34.79,1
607.96,0.272461,0.870605,0.952637,-3.11279,2.99072,34.5459,1
607.97,0.245605,0.805176,0.904297,-3.72314,3.54004,34.1797,1
607.98,0.264648,0.761719,0.95459,-3.479,2.74658,34.1187,1
607.99,0.293457,0.942871,0.955078,-4.21143,2.86865,33.4473,1
607.995,0.277832,0.72998,0.961426,-4.94385,3.2959,33.02,1
608.005,0.256348,0.847168,0.939941,-2.99072,2.56348,32.6538,1
608.015,0.239746,0.995117,0.891602,-4.57764,3.23486,31.6772,1
608.025,0.211426,0.693848,0.88916,-4.82178,3.11279,31.9214,1
608.035,0.250977,0.790527,0.908203,-3.11279,2.80762,32.0435,1
608.045,0.31543,0.906738,0.933594,-4.27246,2.80762,31.3721,1
608.055,0.263672,0.682129,0.917969,-3.66211,2.62451,31.1279,1
608.065,0.240234,0.791504,0.937988,-2.01416,2.0752,30.5786,1
608.075,0.202637,0.841797,0.943848,-2.74658,2.38037,29.8462,1
608.085,0.239258,0.695312,0.874512,-2.19727,2.13623,30.0903,1
608.095,0.286133,0.852051,0.84375,-1.58691,1.46484,30.0903,1
608.105,0.286133,0.882812,0.933594,-2.86865,1.46484,29.7241,1
608.115,0.268066,0.724121,1.00244,-2.0752,1.2207,30.1514,1
608.125,0.242676,0.771484,0.898438,-1.15967,0.854492,29.7241,1
608.135,0.256348,0.840332,0.883301,-0.854492,0.976562,29.3579,1
608.14,0.317383,0.78418,0.893555,-1.34277,1.0376,28.8696,1
608.15,0.34082,0.769043,0.95459,-0.610352,0.488281,28.9307,1
608.16,0.304199,0.865234,0.962891,-0.427246,0.610352,28.6255,1
608.17,0.259277,0.811523,0.958984,-0.610352,0.854492,28.2593,1
608.18,0.277344,0.754395,0.983887,-0.0610352,0.549316,28.0762,1
608.19,0.364746,0.820801,0.974609,0.671387,0.915527,28.0762,1
608.2,0.366211,0.905762,0.999023,0.12207,0.976562,27.5269,1
608.21,0.31543,0.82959,0.993652,-0.854492,0.732422,27.0996,1
608.22,0.327148,0.830078,1.02002,-0.244141,0.976562,27.5879,1
608.23,0.357422,0.807617,1.01025,-0.793457,1.34277,27.0996,1
608.24,0.40625,0.747559,1.00781,-0.244141,0.549316,27.0996,1
608.25,0.379395,0.87793,1.03027,-0.732422,0.854492,26.4282,1
608.26,0.326172,0.797852,0.983887,-1.70898,0.976562,26.1841,1
608.27,0.29834,0.786133,0.972656,-1.52588,0.915527,26.4893,1
608.28,0.344238,0.853027,0.992188,-2.92969,1.34277,25.7568,1
608.285,0.362793,0.730957,0.97998,-3.2959,1.64795,26.001,1
608.295,0.370117,0.718262,0.971191,-3.11279,1.40381,26.062,1
608.305,0.325195,0.764648,0.95166,-4.15039,1.2207,25.3906,1
608.315,0.341309,0.77002,0.914062,-5.12695,1.2207,24.8413,1
608.325,0.334473,0.684082,0.959473,-4.82178,1.64795,24.5972,1
608.335,0.314941,0.76416,0.947266,-4.15039,1.34277,24.7192,1
608.345,0.313965,0.710938,0.918457,-5.43213,1.46484,23.9258,1
608.355,0.362793,0.541504,0.949707,-4.39453,1.09863,24.292,1
608.365,0.331543,0.743164,0.95459,-3.78418,0.793457,23.4985,1
608.375,0.316895,0.731934,0.899902,-5.92041,0.427246,22.3389,1
608.385,0.32373,0.53125,0.96582,-5.61523,0.488281,22.3999,1
608.395,0.282227,0.635742,0.963379,-5.43213,0.854492,21.8506,1
608.405,0.354492,0.538086,0.92041,-7.01904,0.244141,20.9351,1
608.415,0.378418,0.479004,0.983398,-5.61523,-0.244141,20.5688,1
608.425,0.381348,0.538086,0.959961,-5.85938,-0.12207,18.9819,1
608.435,0.348145,0.483398,0.890137,-6.46973,-0.427246,17.395,1
608.445,0.299316,0.410645,0.943359,-7.26318,-0.12207,16.1133,1
608.45,0.249023,0.390137,0.993652,-7.99561,-0.366211,14.9536,1
608.46,0.294434,0.370605,1.0127,-8.66699,-0.305176,13.4277,1
608.47,0.336914,0.32666,1.0127,-9.70459,-0.183105,11.6577,1
608.48,0.360352,0.261719,0.99707,-10.498,-0.366211,10.0708,1
608.49,0.326172,0.25293,0.935059,-11.4746,-0.427246,8.42285,1
608.5,0.276855,0.222656,0.952637,-12.8174,-1.09863,6.53076,1
608.51,0.265625,0.12793,1.01123,-13.7939,-1.0376,4.63867,1
608.52,0.270996,0.0429688,1.03857,-14.6484,-0.610352,2.68555,1
608.53,0.249512,0.0825195,1.03369,-15.5029,-0.793457,0.732422,1
608.54,0.191406,0.00634766,0.999023,-17.5781,-0.305176,-1.52588,1
608.55,0.133301,-0.137207,0.956055,-17.7002,-0.244141,-2.99072,1
608.56,0.0888672,-0.135254,0.927246,-18.1885,0,-5.06592,1
608.57,0.0332031,-0.214355,0.915039,-19.2261,0.610352,-7.32422,1
608.58,-0.0375977,-0.291992,0.938965,-18.0664,0.671387,-8.30078,1
608.59,-0.0849609,-0.241211,0.987793,-18.2495,1.2207,-10.1929,1
608.6,-0.0864258,-0.335449,0.972656,-18.9209,1.89209,-11.7188,1
608.61,-0.0366211,-0.512695,0.905273,-17.8833,2.38037,-12.7563,1
608.62,-0.0898438,-0.523438,0.900391,-16.1743,2.68555,-13.916,1
608.625,-0.169434,-0.512207,0.905762,-15.564,2.92969,-15.625,1
608.635,-0.248535,-0.556152,0.867188,-13.855,4.15039,-16.1133,1
608.645,-0.32959,-0.60791,0.995605,-12.4512,4.82178,-17.2119,1
608.655,-0.344238,-0.634277,1.02148,-11.5356,5.24902,-18.1885,1
608.665,-0.298828,-0.602051,0.975098,-10.5591,5.85938,-18.3105,1
608.675,-0.330078,-0.748535,0.992676,-9.64355,5.92041,-19.5312,1
608.685,-0.246094,-0.647949,0.913086,-8.05664,6.04248,-20.1416,1
608.695,-0.262695,-0.741211,1.00732,-8.11768,7.50732,-21.2402,1
608.705,-0.240234,-0.819824,1.10254,-6.40869,6.46973,-21.7285,1
608.715,-0.217285,-0.650391,1.07373,-6.16455,6.40869,-22.8271,1
608.72,-0.231934,-0.76709,1.04883,-6.34766,6.95801,-23.4375,1
608.73,-0.270996,-0.785156,1.08691,-4.82178,6.28662,-24.0479,1
608.74,-0.245605,-0.727051,1.06348,-5.12695,5.92041,-25.3296,1
608.75,-0.193359,-0.773926,1.05664,-4.5166,5.49316,-25.7568,1
608.76,-0.219238,-0.752441,1.04834,-3.84521,4.69971,-26.001,1
608.77,-0.214355,-0.726074,1.15088,-3.72314,4.15039,-26.8555,1
608.78,-0.153809,-0.722168,1.14453,-3.05176,3.78418,-27.2217,1
608.79,-0.146484,-0.788574,1.11523,-2.0752,3.66211,-27.1606,1
608.8,-0.180664,-0.775879,1.10352,-1.0376,2.80762,-27.6489,1
608.81,-0.146484,-0.760742,1.07178,-0.366211,2.44141,-28.0151,1
608.82,-0.1875,-0.830566,1.09521,1.64795,2.74658,-27.2217,1
608.83,-0.180664,-0.845215,1.10254,2.13623,1.52588,-27.5879,1
608.84,-0.181152,-0.75293,1.0376,3.35693,0.732422,-27.4658,1
608.85,-0.20166,-0.727051,1.06055,3.11279,1.40381,-27.6489,1
608.86,-0.178711,-0.767578,1.0752,3.35693,0.793457,-27.4048,1
608.865,-0.232422,-0.702637,1.06787,3.23486,0.488281,-27.0996,1
608.875,-0.230957,-0.769043,1.07617,3.05176,0.183105,-27.2217,1
608.885,-0.205566,-0.73291,0.964844,3.54004,0.244141,-26.4893,1
608.895,-0.20166,-0.678223,0.962891,2.13623,0.0610352,-26.8555,1
608.905,-0.186523,-0.797363,1.00732,0.976562,-0.488281,-26.5503,1
608.915,-0.163086,-0.680176,1.05957,0.671387,0.0610352,-25.9399,1
608.925,-0.195312,-0.618164,1.01953,-1.40381,0.732422,-26.2451,1
608.935,-0.180664,-0.822266,0.95459,-2.0752,0.732422,-26.1841,1
608.945,-0.145996,-0.642578,0.828613,-0.610352,0.427246,-25.1465,1
608.955,-0.163086,-0.608887,0.824707,-2.50244,1.34277,-25.9399,1
608.965,-0.162109,-0.750488,0.931641,-2.19727,0.671387,-25.5737,1
608.975,-0.132812,-0.575684,0.960938,-1.77002,1.15967,-25.5127,1
608.985,-0.137207,-0.678711,0.90625,-2.2583,1.52588,-25.2686,1
608.995,-0.113281,-0.730957,0.839355,-1.0376,0.427246,-25.1465,1
609.005,-0.109375,-0.591309,0.797852,-0.671387,0.732422,-25.2075,1
609.01,-0.127441,-0.651855,0.874023,-0.732422,0.793457,-25.3906,1
609.02,-0.100586,-0.659668,0.889648,-0.12207,0.305176,-25.4517,1
609.03,-0.0893555,-0.658691,0.885254,0.366211,0.671387,-25.3906,1
609.04,-0.117676,-0.726074,0.907715,1.0376,0,-25.0854,1
609.05,-0.09375,-0.771484,0.889648,1.77002,-0.0610352,-24.9634,1
609.06,-0.118652,-0.731934,0.924316,2.31934,0.427246,-24.7803,1
609.07,-0.13916,-0.722656,0.98584,0.732422,0.732422,-25.6958,1
609.08,-0.125977,-0.723145,0.955078,0,0.915527,-25.1465,1
609.09,-0.163086,-0.734863,1.00146,-1.46484,1.15967,-25.0854,1
609.1,-0.155762,-0.813477,1.01611,-2.19727,1.34277,-25.2075,1
609.11,-0.131348,-0.763184,0.981934,-1.89209,2.38037,-24.7192,1
609.12,-0.166504,-0.709473,1.0083,-2.86865,2.56348,-24.8413,1
609.13,-0.212891,-0.766602,1.04395,-4.45557,2.13623,-25.3296,1
609.14,-0.182129,-0.831543,1.06152,-4.27246,2.80762,-25.1465,1
609.15,-0.150879,-0.854004,1.02197,-3.2959,3.11279,-25.2686,1
609.16,-0.0839844,-0.807617,0.958496,-3.11279,2.38037,-25.7568,1
609.165,-0.0527344,-0.720215,0.952637,-3.23486,2.31934,-26.062,1
609.175,-0.145508,-0.760742,1.01709,-3.66211,2.62451,-26.9775,1
609.185,-0.153809,-0.821289,0.999512,-2.38037,1.95312,-26.6724,1
609.195,-0.111816,-0.824707,1.03955,-1.70898,1.83105,-27.4658,1
609.205,-0.097168,-0.756348,1.04053,-0.427246,1.0376,-27.3438,1
609.215,-0.10498,-0.751953,1.02539,-0.671387,0.671387,-28.5034,1
609.225,-0.120605,-0.885742,1.01172,0.732422,0.427246,-28.5034,1
609.235,-0.120117,-0.801758,0.974609,2.44141,-0.0610352,-28.5034,1
609.245,-0.10498,-0.85498,0.997559,3.11279,0.244141,-29.48,1
609.255,-0.104004,-0.79541,1.03467,4.15039,-1.09863,-29.3579,1
609.265,-0.0722656,-0.742676,1.00488,3.54004,-1.15967,-30.2124,1
609.275,-0.0800781,-0.874512,0.980957,5.18799,-1.64795,-29.541,1
609.285,-0.0644531,-0.863281,0.887695,7.08008,-1.52588,-29.3579,1
609.295,-0.0620117,-0.780273,0.822754,7.26318,-0.671387,-30.2734,1
609.305,-0.0571289,-0.786133,0.82959,6.22559,-1.34277,-30.4565,1
609.315,-0.0683594,-0.773438,0.881836,5.06592,-1.95312,-30.1514,1
609.325,-0.0795898,-0.669434,0.952148,3.78418,-1.52588,-30.0293,1
609.335,-0.0766602,-0.751953,0.943359,2.13623,-0.793457,-30.6396,1
609.34,-0.043457,-0.826172,0.868164,2.38037,-0.793457,-29.9683,1
609.35,-0.0327148,-0.717773,0.834473,1.77002,-0.427246,-29.6021,1
609.36,-0.0151367,-0.683594,0.847168,0.244141,0.12207,-29.48,1
609.37,-0.059082,-0.720703,0.897461,-1.34277,0.732422,-29.6631,1
609.38,-0.0458984,-0.777344,0.967285,-1.46484,0.976562,-29.1748,1
609.39,-0.0371094,-0.803711,0.958496,-1.52588,1.77002,-29.3579,1
609.4,-0.019043,-0.851562,0.995117,-1.28174,2.19727,-29.1138,1
609.41,-0.0307617,-0.769043,0.973145,-1.2207,3.05176,-28.5645,1
609.42,-0.0351562,-0.833496,1.01465,-2.74658,3.72314,-29.4189,1
609.43,-0.0356445,-0.858398,1.01514,-1.15967,4.3335,-28.1372,1
609.44,-0.0424805,-0.755859,1.01367,-1.52588,4.69971,-28.5034,1
609.45,-0.019043,-0.937012,1.03809,-0.854492,4.15039,-28.3813,1
609.46,0.0112305,-0.875488,1.04492,2.0752,4.39453,-27.4658,1
609.47,-0.00439453,-0.721191,1.06396,1.89209,4.76074,-28.3813,1
609.48,-0.00927734,-0.870605,0.991211,2.13623,4.08936,-28.7476,1
609.49,0.0180664,-0.801758,0.87207,5.12695,2.62451,-28.2593,1
609.5,0.0834961,-0.686035,0.837402,4.45557,1.95312,-29.8462,1
609.51,0.0581055,-0.872559,0.936035,3.60107,1.46484,-30.5176,1
609.52,0.059082,-0.835449,1.00537,5.00488,0.854492,-29.9072,1
609.53,-0.00292969,-0.725586,1.01318,4.5166,0.366211,-30.5786,1
609.54,0.0834961,-0.757324,0.938477,3.479,-0.732422,-31.25,1
609.545,0.145996,-0.854004,0.885742,3.41797,-1.15967,-30.7617,1
609.555,0.103516,-0.861816,0.922852,3.23486,-1.83105,-30.7617,1
609.565,0.0976562,-0.725586,0.980957,1.34277,-2.2583,-31.6162,1
609.575,0.0991211,-0.835449,0.982422,0.0610352,-1.70898,-31.4941,1
609.585,0.10498,-0.828613,1.04785,0.732422,-1.95312,-30.7617,1
609.595,0.201172,-0.624512,1.02783,-0.854492,-2.74658,-31.6772,1
609.605,0.196777,-0.805176,1.03223,-2.19727,-2.2583,-30.7007,1
609.615,0.15332,-0.836426,1.02246,-1.15967,-2.19727,-29.7241,1
609.625,0.148926,-0.77002,0.960938,-1.40381,-1.95312,-29.8462,1
609.635,0.125488,-0.892578,0.97998,-0.305176,-0.732422,-29.3579,1
609.645,0.172852,-0.651367,0.976562,0.366211,-0.732422,-29.2358,1
609.655,0.183594,-0.718262,0.973145,-0.976562,-0.0610352,-28.8696,1
609.665,0.206543,-0.84668,1.01611,1.15967,-0.183105,-27.2827,1
609.675,0.190918,-0.638184,0.925781,1.64795,0.427246,-27.2827,1
609.685,0.166016,-0.865234,0.902344,1.95312,1.58691,-26.6724,1
609.695,0.137695,-0.760742,0.899414,4.94385,1.64795,-25.5737,1
609.7,0.199707,-0.512207,0.958496,3.90625,1.52588,-25.7568,1
609.71,0.236816,-0.833008,0.949219,3.11279,1.89209,-25.0244,1
609.72,0.19873,-0.84668,0.957031,5.61523,2.01416,-24.4751,1
609.73,0.150879,-0.643555,0.98584,5.31006,2.56348,-24.4751,1
609.74,0.180664,-0.72168,0.952148,4.27246,2.19727,-24.292,1
609.75,0.202637,-0.696777,0.918457,4.21143,1.83105,-23.4985,1
609.76,0.202637,-0.584961,0.932129,2.92969,1.58691,-23.4375,1
609.77,0.189941,-0.702637,0.970215,2.01416,1.2207,-23.4985,1
609.78,0.21875,-0.683105,0.981934,3.05176,0.854492,-22.7051,1
609.79,0.229492,-0.619141,0.992676,2.19727,0.976562,-23.1323,1
609.8,0.17627,-0.723145,0.967773,1.89209,0.671387,-22.7661,1
609.81,0.183594,-0.617188,0.965332,2.38037,0.0610352,-22.3389,1
609.82,0.269043,-0.54541,0.95459,1.95312,0.0610352,-22.522,1
609.83,0.319824,-0.626465,0.935059,1.58691,-0.183105,-22.583,1
609.84,0.284668,-0.666016,0.89502,2.13623,-0.671387,-21.9727,1
609.85,0.190918,-0.608398,0.937988,3.66211,-0.549316,-21.3013,1
609.86,0.232422,-0.509766,1.00195,3.35693,-0.305176,-21.6064,1
609.87,0.316895,-0.52832,0.953125,3.05176,-0.244141,-21.1792,1
609.875,0.311035,-0.658203,0.955566,3.17383,-0.183105,-20.4468,1
609.885,0.263184,-0.639648,0.953125,4.63867,-0.366211,-19.5923,1
609.895,0.272949,-0.452148,0.930664,4.02832,0.244141,-19.7754,1
609.905,0.327148,-0.644531,0.947754,3.84521,0.610352,-19.104,1
609.915,0.378418,-0.547363,1.04785,5.67627,0.305176,-18.0664,1
609.925,0.352051,-0.407715,1.10645,4.63867,0.671387,-17.9443,1
609.935,0.303223,-0.693359,0.961914,5.24902,0.732422,-16.6626,1
609.945,0.29834,-0.515137,0.911621,8.05664,0.671387,-15.8081,1
609.955,0.32373,-0.314941,0.941895,6.95801,1.09863,-15.8081,1
609.965,0.371094,-0.624512,1.07275,8.17871,0.732422,-15.3198,1
609.975,0.453125,-0.458008,1.06934,11.9019,0.488281,-14.0991,1
609.985,0.432617,-0.296875,0.945312,10.8032,0.427246,-13.7329,1
609.995,0.32666,-0.626953,0.858398,10.3149,0.12207,-12.8784,1
610.005,0.339844,-0.395996,0.92627,12.7563,0.305176,-11.7798,1
610.015,0.350586,-0.111816,0.977051,10.0098,0.183105,-11.5967,1
610.025,0.428711,-0.381348,0.96875,8.17871,-0.488281,-11.0474,1
610.035,0.44873,-0.335938,0.873047,9.94873,-0.976562,-9.58252,1
610.045,0.451172,-0.0488281,0.83252,8.30078,-0.915527,-9.0332,1
610.05,0.412109,-0.227051,0.766113,6.10352,-1.34277,-8.48389,1
610.06,0.439941,-0.23584,0.813477,6.95801,-1.70898,-7.56836,1
610.07,0.426758,-0.00244141,0.887207,5.79834,-1.52588,-7.01904,1
610.08,0.469238,-0.165527,0.950684,4.02832,-2.2583,-6.53076,1
610.09,0.464355,-0.234863,1.02344,6.34766,-2.92969,-5.31006,1
610.1,0.463379,0.0136719,0.922852,7.75146,-2.56348,-4.69971,1
610.11,0.499023,-0.108887,0.853516,6.95801,-2.80762,-4.27246,1
610.12,0.530273,-0.189453,0.979492,9.21631,-2.99072,-2.74658,1
610.13,0.523438,0.0117188,1.05566,9.94873,-2.86865,-2.2583,1
610.14,0.502441,-0.12793,1.04541,10.2539,-2.56348,-1.2207,1
610.15,0.504395,-0.116211,1.05029,12.8174,-2.68555,-0.244141,1
610.16,0.578613,0.0102539,0.990234,13.1226,-2.44141,0.427246,1
610.17,0.621094,-0.0742188,0.978516,13.916,-2.19727,1.46484,1
610.18,0.592285,0.00341797,1.00781,14.5874,-2.19727,2.2583,1
610.19,0.545898,0.129395,1.07568,14.2822,-1.83105,3.23486,1
610.2,0.505859,0.129883,1.06445,13.6108,-1.52588,4.27246,1
610.21,0.514648,0.0908203,1.02246,13.1836,-1.2207,5.49316,1
610.215,0.539062,0.22168,0.978516,12.3901,-1.09863,6.28662,1
610.225,0.523438,0.274414,0.936035,10.0098,-0.671387,6.83594,1
610.235,0.467773,0.24707,0.978516,8.78906,-0.488281,7.62939,1
610.245,0.430664,0.335938,1.01172,7.87354,-0.305176,8.23975,1
610.255,0.456055,0.320801,1.13086,7.93457,0,8.97217,1
610.265,0.492676,0.354492,1.0376,8.97217,0,10.0708,1
610.275,0.434082,0.422852,0.850098,8.78906,0.0610352,10.6201,1
610.285,0.416016,0.468262,1.0166,9.09424,0.183105,10.9863,1
610.295,0.416992,0.466797,1.01318,9.46045,0.488281,12.0239,1
610.305,0.413086,0.435059,0.945801,10.3149,0.12207,12.7563,1
610.315,0.40918,0.385742,0.957031,11.2305,0.366211,13.4277,1
610.325,0.402832,0.526367,0.984863,12.085,0,14.2822,1
610.335,0.376953,0.492676,0.921387,10.5591,0,14.7095,1
610.345,0.407227,0.387695,0.931641,11.0474,0,15.7471,1
610.355,0.473633,0.585938,0.954102,10.9863,0.0610352,16.4185,1
610.36,0.416992,0.584473,0.975586,9.09424,0.183105,16.7236,1
610.37,0.354004,0.539551,1.01025,8.60596,-0.183105,17.5781,1
610.38,0.354004,0.606934,0.997559,7.50732,0.305176,18.0664,1
610.39,0.406738,0.57666,0.932617,6.16455,-0.12207,18.9819,1
610.4,0.45166,0.562012,0.987305,5.85938,-0.183105,19.5312,1
610.405,0.430664,0.587891,1.05615,5.00488,-0.488281,19.4092,1
610.415,0.394043,0.606445,1.00537,4.5166,0,19.8975,1
610.425,0.426758,0.588867,0.98877,3.96729,0.427246,20.0195,1
610.435,0.461914,0.609863,1.03516,4.15039,0.366211,19.9585,1
610.445,0.446289,0.656738,1.03418,4.21143,0.915527,20.2637,1
610.455,0.475586,0.632324,1.01953,4.02832,0.915527,20.4468,1
610.465,0.488281,0.622559,1.00049,4.39453,0.854492,20.5688,1
610.475,0.454102,0.660645,1.02441,5.5542,1.40381,20.9351,1
610.485,0.433594,0.733398,1.05908,4.88281,1.52588,20.5688,1
610.495,0.442871,0.494141,1.01416,4.63867,1.09863,20.874,1
610.505,0.487793,0.547363,0.96582,6.22559,0.854492,21.1792,1
610.515,0.472168,0.727051,0.923828,4.57764,0.976562,20.6909,1
610.525,0.416504,0.578125,0.917969,2.99072,0.976562,20.9961,1
610.535,0.416504,0.588867,0.962402,2.92969,0.732422,21.4233,1
610.545,0.463867,0.719727,0.96875,1.40381,0.732422,21.2402,1
610.555,0.505371,0.612793,0.988281,-0.244141,0.732422,21.1182,1
610.565,0.498535,0.569336,0.928223,0.671387,1.0376,20.9961,1
610.575,0.464355,0.736328,0.89209,0.244141,1.58691,20.813,1
610.585,0.484375,0.624512,0.895508,-0.305176,1.95312,20.5688,1
610.59,0.466797,0.558105,0.927246,0.244141,1.89209,20.6909,1
610.6,0.461426,0.705078,1.00195,0.915527,2.13623,20.6299,1
610.61,0.494629,0.634277,0.957031,-0.549316,2.62451,19.7754,1
610.62,0.527344,0.540527,0.853027,0.244141,2.56348,19.9585,1
610.63,0.523926,0.719238,0.916016,0.915527,3.17383,20.0195,1
610.64,0.537109,0.59668,0.98584,0.610352,3.23486,19.8975,1
610.65,0.495605,0.640137,0.980469,2.80762,3.72314,19.7754,1
610.66,0.491211,0.701172,0.905762,2.19727,3.96729,19.7144,1
610.67,0.490234,0.571777,0.915039,1.95312,3.90625,19.9585,1
610.68,0.469238,0.617676,0.941406,1.77002,4.27246,19.8364,1
610.69,0.458008,0.662109,0.912109,0.854492,4.94385,19.7754,1
610.7,0.434082,0.619629,0.899414,0.305176,5.49316,20.2026,1
610.71,0.406738,0.63916,0.891113,-0.244141,5.31006,20.2026,1
610.72,0.357422,0.682129,0.888184,-0.793457,4.76074,20.4468,1
610.73,0.299316,0.722168,0.898438,-0.305176,5.31006,20.874,1
610.74,0.321777,0.652832,0.842285,-0.854492,5.31006,21.0571,1
610.75,0.338867,0.594727,0.810059,0,4.57764,21.8506,1
610.76,0.294434,0.744629,0.857422,-0.12207,4.5166,22.0337,1
610.765,0.269043,0.652344,0.913086,-0.488281,4.5166,22.0337,1
610.775,0.249512,0.689453,0.889648,1.70898,3.90625,22.9492,1
610.785,0.311523,0.800781,0.913086,1.52588,3.17383,23.0103,1
610.795,0.443848,0.604004,0.881348,2.19727,2.50244,23.3765,1
610.805,0.381836,0.678711,0.934082,5.00488,2.50244,23.6816,1
610.815,0.370605,0.887695,0.957031,4.69971,2.01416,23.4375,1
610.825,0.399902,0.682617,0.868652,4.45557,1.64795,24.1699,1
610.835,0.473145,0.629883,0.886719,5.61523,1.15967,25.0244,1
610.845,0.515625,0.8125,1.05078,4.76074,0.915527,25.2686,1
610.855,0.428711,0.756348,1.02979,2.68555,0.305176,26.001,1
610.865,0.467285,0.598633,0.951172,2.86865,-0.366211,26.6113,1
610.875,0.396484,0.820312,0.994141,3.35693,-0.305176,26.4893,1
610.885,0.423828,0.901367,1.11035,1.64795,0.244141,26.123,1
610.895,0.383301,0.692383,1.11133,1.52588,1.09863,26.3672,1
610.905,0.391602,0.844727,0.95752,1.58691,0.915527,26.3062,1
610.915,0.431152,0.899902,1.02783,-0.244141,1.28174,26.062,1
610.925,0.446777,0.765625,1.03857,0.183105,1.40381,26.3672,1
610.935,0.485352,0.816895,1.01904,1.2207,2.19727,26.2451,1
610.94,0.419922,0.820312,0.941406,0.915527,2.56348,25.5737,1
610.95,0.390625,0.719727,0.878418,0.305176,2.74658,25.5127,1
610.96,0.422852,0.797852,0.960938,0.671387,3.05176,25.3906,1
610.97,0.444336,0.751465,0.975098,0.183105,2.86865,25.5737,1
610.98,0.417969,0.738281,0.916016,1.2207,2.44141,26.123,1
610.99,0.372559,0.819824,0.877441,-0.183105,1.89209,26.001,1
611,0.418457,0.661133,0.885742,-0.244141,1.70898,26.4893,1
611.01,0.306641,0.758789,0.911133,0.793457,1.70898,26.7334,1
611.02,0.412109,0.975586,0.916504,0,1.64795,26.2451,1
611.03,0.315918,0.687988,0.952637,-0.183105,2.2583,26.5503,1
611.04,0.311035,0.689453,0.936035,2.31934,1.83105,27.0386,1
611.05,0.34375,0.97168,0.887695,1.2207,2.01416,26.4893,1
611.06,0.418457,0.80127,0.898926,0.366211,1.77002,26.5503,1
611.07,0.449219,0.665039,0.948242,2.2583,2.01416,26.7334,1
611.08,0.353516,0.896973,0.938477,3.2959,1.70898,26.6113,1
611.085,0.320801,0.965332,0.955566,1.77002,1.83105,26.6113,1
611.095,0.289551,0.717773,0.972168,1.83105,1.83105,26.7944,1
611.105,0.38623,0.911133,0.980957,3.17383,1.0376,27.3438,1
611.115,0.336426,0.881348,1.05957,1.58691,1.34277,27.0386,1
611.125,0.404297,0.800781,0.984863,2.74658,0.488281,27.1606,1
611.135,0.259277,0.930664,0.970703,2.86865,0.732422,27.3438,1
611.145,0.291016,0.86084,1.06055,2.0752,0.549316,27.0386,1
611.155,0.372559,0.819824,1.00293,3.17383,0.183105,27.2827,1
611.165,0.446777,1,0.965332,3.54004,0.610352,27.5269,1
611.175,0.416992,0.870605,0.924805,0.793457,1.0376,26.7334,1
611.185,0.315918,0.727539,0.985352,2.92969,0.915527,27.3438,1
611.195,0.365234,1.1499,1.10498,3.11279,1.52588,26.8555,1
611.205,0.332031,0.785156,0.949707,-0.12207,1.09863,26.8555,1
611.215,0.319336,0.647949,1.00684,2.68555,1.40381,26.8555,1
611.225,0.270508,1.23145,1.03857,1.52588,1.77002,26.3062,1
611.23,0.355957,0.907227,0.917969,-2.56348,1.70898,26.6113,1
611.24,0.342773,0.623535,1.02539,0.549316,1.34277,27.1606,1
611.25,0.352051,1.13672,1.04443,0.915527,1.15967,26.3062,1
611.26,0.259277,0.96582,0.999023,-1.89209,2.38037,25.5737,1
611.27,0.337891,0.737305,0.980469,-0.12207,1.95312,25.7568,1
611.28,0.439941,1.04834,0.901367,0.549316,1.52588,26.001,1
611.29,0.404297,0.923828,0.912598,-1.83105,1.46484,25.8179,1
611.3,0.297852,0.696777,1.01611,-0.488281,2.68555,25.1465,1
611.31,0.228516,1.0415,0.944824,0.183105,2.68555,25.0244,1
611.32,0.272461,0.824707,0.936035,-1.89209,3.35693,24.9023,1
611.33,0.387695,0.725586,0.923828,0.244141,2.13623,25.1465,1
611.34,0.397461,1.01465,0.930664,0.305176,2.2583,25.0854,1
611.35,0.265625,0.900879,1.00928,-1.40381,2.86865,24.1699,1
611.36,0.268066,0.898438,0.905273,0,2.50244,24.6582,1
611.37,0.267578,0.915039,0.97168,-0.305176,2.56348,24.7192,1
611.375,0.297852,0.816406,0.959473,-0.305176,1.70898,24.8413,1
611.385,0.365234,0.888184,1.00879,-0.427246,1.77002,24.353,1
611.395,0.353516,0.880859,0.999023,-0.488281,2.56348,24.5361,1
611.405,0.370605,0.807617,0.862305,0.12207,2.19727,24.292,1
611.415,0.216309,0.914551,0.890137,0.244141,2.56348,24.1699,1
611.425,0.229492,0.794922,0.949707,-1.58691,2.80762,23.4985,1
611.435,0.247559,0.735352,0.924316,-1.34277,2.74658,23.4375,1
611.445,0.367676,0.942383,0.919922,-1.15967,3.2959,23.0103,1
611.455,0.394531,0.853516,0.818359,-2.92969,2.86865,22.4609,1
611.465,0.243652,0.726562,0.891113,-2.62451,2.68555,22.7051,1
611.475,0.219727,0.879395,0.869141,-3.23486,2.31934,22.2778,1
611.485,0.222656,0.854004,0.887207,-4.5166,2.74658,21.6675,1
611.495,0.365723,0.841309,0.942383,-4.94385,3.35693,20.874,1
611.505,0.371094,0.743652,0.94873,-5.5542,3.05176,19.9585,1
611.515,0.297852,0.762695,0.930176,-4.08936,2.2583,19.8364,1
611.52,0.266113,0.84375,0.960938,-3.78418,2.50244,18.6768,1
611.53,0.322754,0.793945,0.91748,-3.54004,2.50244,17.7002,1
611.54,0.320312,0.760742,0.945801,-2.62451,2.74658,17.8223,1
611.55,0.325684,0.75,0.959961,-2.56348,1.83105,17.4561,1
611.56,0.312012,0.79834,0.887207,-1.83105,1.34277,16.9678,1
611.57,0.230469,0.841797,0.912109,-0.427246,1.15967,16.4795,1
611.58,0.19043,0.802246,1.01514,-0.244141,1.40381,15.4419,1
611.59,0.26123,0.790039,0.962402,0.366211,0.610352,15.3198,1
611.6,0.344727,0.808594,0.847168,1.52588,-0.12207,15.9912,1
611.61,0.269043,0.887207,0.909668,1.40381,-0.366211,15.625,1
611.62,0.229492,0.833008,1.00342,1.2207,-0.305176,15.0757,1
611.63,0.304199,0.834473,1.07373,3.35693,-0.12207,14.7705,1
611.64,0.286621,0.975098,1.05713,4.5166,-0.0610352,14.5874,1
611.65,0.23877,0.856934,1.04053,4.69971,-0.427246,13.916,1
611.66,0.253906,0.901367,1.08594,6.46973,-0.244141,13.855,1
611.665,0.239746,0.892578,1.02148,5.7373,0.12207,13.9771,1
611.675,0.296387,0.76123,1.00635,5.92041,-0.488281,14.2212,1
611.685,0.335449,0.888184,1.04395,5.7373,-0.244141,13.4277,1
611.695,0.254395,0.937988,1.01025,3.78418,0.0610352,12.8784,1
611.705,0.251465,0.82373,1.04541,1.95312,0.12207,12.7563,1
611.715,0.339355,0.897949,1.03564,0.366211,0.610352,12.9395,1
611.725,0.33252,0.786133,1.05859,-2.62451,0.732422,12.6953,1
611.735,0.432129,0.647461,1.03662,-2.80762,0.305176,12.4512,1
611.745,0.412109,0.780273,0.978516,-3.60107,0.305176,11.4746,1
611.755,0.344727,0.740234,0.97998,-5.5542,0.488281,11.3525,1
611.765,0.345703,0.677246,0.969727,-7.01904,0.427246,10.8643,1
611.775,0.413086,0.727051,1.05273,-7.08008,0.12207,11.1084,1
611.785,0.46875,0.672852,1.0752,-8.36182,0.244141,10.498,1
611.795,0.382812,0.535645,1.02588,-9.21631,0.0610352,9.58252,1
611.805,0.394531,0.519043,0.909668,-8.54492,-0.12207,9.15527,1
611.815,0.34668,0.605957,0.928711,-8.23975,0.305176,8.36182,1
611.825,0.387695,0.496094,0.906738,-9.64355,0,7.75146,1
611.835,0.429199,0.312012,0.917969,-9.58252,-0.244141,7.32422,1
611.84,0.45459,0.398438,0.898438,-8.42285,-0.976562,6.95801,1
611.85,0.449707,0.520996,0.881836,-8.54492,-0.793457,5.85938,1
611.86,0.318359,0.382324,0.842773,-8.72803,-0.915527,4.76074,1
611.87,0.336426,0.35498,0.910156,-6.5918,-0.854492,4.63867,1
611.88,0.307129,0.339844,0.937012,-6.53076,-0.976562,4.21143,1
611.89,0.406738,0.268066,0.944824,-5.92041,-1.58691,3.90625,1
611.9,0.374023,0.280273,0.987305,-5.98145,-1.28174,3.05176,1
611.91,0.349609,0.285156,1.00391,-5.67627,-1.28174,2.62451,1
611.92,0.339844,0.209961,0.952148,-6.28662,-1.46484,1.70898,1
611.93,0.351074,0.145508,0.968262,-4.69971,-1.77002,1.64795,1
611.94,0.367676,0.325195,1.03467,-3.84521,-1.40381,1.40381,1
611.95,0.318359,0.425781,1.12109,-5.7373,-1.2207,0.732422,1
611.96,0.342285,0.166992,1.06885,-6.83594,-1.2207,1.15967,1
611.97,0.304199,0.160645,1.04541,-4.82178,-1.2207,1.64795,1
611.98,0.338867,0.393555,1.02295,-5.98145,-1.34277,0.976562,1
611.99,0.36084,0.133789,1.11719,-7.26318,-1.15967,0.671387,1
612,0.35791,0.137695,1.17676,-4.57764,-1.83105,1.58691,1
612.01,0.391602,0.382324,1.13818,-5.31006,-1.70898,1.40381,1
612.02,0.293457,0.235352,1.11865,-6.7749,-1.58691,1.64795,1
612.025,0.287109,0.0776367,1.12988,-5.06592,-1.0376,2.86865,1
612.035,0.312012,0.315918,1.10938,-3.54004,-0.732422,3.17383,1
612.045,0.380859,0.291016,1.14307,-3.54004,-0.305176,3.479,1
612.055,0.350586,0.121582,1.1748,-1.40381,-0.549316,4.3335,1
612.065,0.316406,0.1875,1.13184,-0.244141,-0.671387,5.12695,1
612.075,0.305176,0.179688,1.18359,0.12207,-0.183105,5.67627,1
612.085,0.308594,0.251465,1.15137,0.793457,0.244141,6.04248,1
612.095,0.362793,0.245117,1.12549,0.976562,0.854492,6.04248,1
612.105,0.341797,0.211914,1.19775,2.38037,0.549316,7.38525,1
612.115,0.402344,0.319336,1.21582,2.50244,0.549316,7.8125,1
612.125,0.329102,0.225586,1.12646,2.0752,0.915527,8.36182,1
612.135,0.292969,0.241699,1.06396,3.11279,1.46484,8.91113,1
612.145,0.254883,0.312012,1.06152,2.56348,1.52588,8.78906,1
612.155,0.344727,0.241699,1.05713,2.01416,1.34277,9.09424,1
612.165,0.416504,0.25293,0.992676,1.52588,0.854492,9.33838,1
612.175,0.368652,0.23877,0.958008,1.0376,0.427246,9.39941,1
612.185,0.256836,0.280273,0.978027,0.854492,0,9.33838,1
612.195,0.25,0.341797,0.916016,-0.488281,-0.244141,9.0332,1
612.2,0.348145,0.230469,0.915527,-1.89209,-0.488281,9.0332,1
612.21,0.412598,0.260742,0.93457,-1.09863,-1.34277,9.21631,1
612.22,0.398438,0.371582,0.931641,-0.915527,-1.70898,8.91113,1
612.23,0.291504,0.284668,0.9375,-1.2207,-1.89209,8.48389,1
612.24,0.299316,0.215332,0.968262,-0.488281,-1.77002,8.48389,1
612.245,0.322754,0.302734,0.979004,0.0610352,-1.40381,8.17871,1
612.255,0.424805,0.312012,0.974609,-0.427246,-1.64795,7.26318,1
612.265,0.425293,0.193848,0.972656,0.366211,-1.52588,7.01904,1
612.275,0.374023,0.289551,0.979004,1.34277,-1.58691,6.71387,1
612.285,0.313477,0.376465,1.02783,0,-1.28174,5.92041,1
612.295,0.30957,0.257324,1.06055,-0.366211,-1.09863,6.10352,1
612.305,0.42334,0.319336,1.06934,0.610352,-0.549316,5.92041,1
612.315,0.450684,0.333496,1.03125,0.183105,-0.12207,5.18799,1
612.325,0.388184,0.21875,1.01611,0.488281,0.12207,5.18799,1
612.335,0.31543,0.272461,0.979004,0.305176,0.488281,4.76074,1
612.345,0.354004,0.368164,1.04883,-0.610352,0.915527,4.3335,1
612.355,0.372559,0.19873,1.10645,-1.83105,1.15967,4.02832,1
612.365,0.402344,0.0961914,1.04932,0,0.854492,4.21143,1
612.375,0.322754,0.350586,0.960449,0,1.28174,3.54004,1
612.385,0.32373,0.174316,0.96875,-1.46484,1.09863,3.05176,1
612.395,0.333984,0.109863,1.02881,-0.12207,0.671387,3.35693,1
612.405,0.350098,0.358398,1.0542,-1.46484,0.793457,2.99072,1
612.415,0.337891,0.146484,1.05469,-3.35693,0.610352,2.68555,1
612.425,0.349609,0.0708008,1.02344,-1.34277,0.183105,3.05176,1
612.435,0.329102,0.311035,1.00146,-1.77002,0,2.31934,1
612.44,0.32666,0.150391,1.02539,-3.479,0,2.0752,1
612.45,0.352539,0.0839844,1.021,-2.80762,-0.610352,2.31934,1
612.46,0.381348,0.179688,1.01416,-2.68555,-0.732422,2.01416,1
612.47,0.351074,0.145996,1.05713,-2.86865,-1.28174,1.58691,1
612.48,0.320801,0.145508,1.0835,-2.92969,-1.89209,1.52588,1
612.49,0.32666,0.0991211,1.06201,-2.44141,-1.77002,1.83105,1
612.5,0.375488,0.142578,1.07275,-2.13623,-2.38037,1.58691,1
612.51,0.394531,0.166016,1.09521,-2.80762,-2.56348,1.28174,1
612.52,0.341309,0.0537109,1.09033,-2.92969,-2.74658,1.52588,1
612.53,0.387695,0.114258,1.11816,-1.64795,-3.2959,1.64795,1
612.54,0.401855,0.215332,1.06201,-2.68555,-3.23486,1.0376,1
612.55,0.393066,0.00292969,1.08838,-2.50244,-3.11279,1.2207,1
612.56,0.307617,0.0869141,1.08643,-1.0376,-3.35693,1.46484,1
612.57,0.296387,0.197266,1.06543,-1.83105,-2.86865,1.28174,1
612.58,0.242676,0.0151367,1.04297,-2.19727,-2.2583,1.15967,1
612.59,0.245117,0.0996094,1.06006,-1.09863,-1.77002,1.28174,1
612.6,0.234863,0.172363,1.09375,-2.50244,-0.610352,0.854492,1
612.61,0.229004,-0.00976562,1.0957,-2.2583,-0.305176,1.15967,1
612.62,0.117676,0.134277,1.03174,-1.28174,0.915527,1.0376,1
612.63,0.0878906,0.161133,1.03662,-2.62451,1.89209,0.488281,1
612.635,0.019043,0,1.16309,-1.95312,2.92969,0.732422,1
612.645,-0.0249023,0.10791,1.17041,-0.915527,3.72314,0.915527,1
612.655,-0.0649414,0.0844727,1.01855,-1.40381,4.5166,0.793457,1
612.665,-0.0849609,0.0703125,0.982422,-0.976562,4.82178,0.976562,1
612.675,-0.125,0.0644531,1.01465,-0.915527,5.5542,0.793457,1
612.685,-0.319824,-0.0292969,0.962402,0.183105,6.53076,1.15967,1
612.695,-0.36377,0.261719,0.807617,0.854492,7.14111,2.44141,1
612.705,-0.522949,0.390625,0.84375,-4.08936,7.56836,1.58691,1
612.715,-0.429199,-0.335449,0.870605,-3.11279,7.20215,1.52588,1
612.725,-0.516602,-0.155273,0.985352,4.15039,7.8125,2.31934,1
612.735,-0.688477,0.598145,0.877441,0.915527,8.05664,0.793457,1
612.745,-0.422363,0.177246,0.676758,-2.56348,8.36182,2.86865,1
612.755,-0.78418,-0.187988,1.02002,1.09863,6.71387,3.84521,1
612.765,-0.915039,0.319824,1.13965,1.52588,8.8501,1.28174,1
612.775,-0.391602,0.263184,0.597656,1.77002,8.17871,3.66211,1
612.78,-0.693359,-0.0170898,0.995605,1.46484,8.48389,3.11279,1
612.79,-0.915527,0.347168,1.18555,0.549316,7.87354,2.62451,1
612.8,-0.685547,0.190918,0.743164,-0.305176,8.17871,4.63867,1
612.81,-0.606445,-0.0571289,0.733887,1.83105,9.27734,4.08936,1
612.82,-0.794434,0.347656,1.22607,1.28174,6.71387,3.17383,1
612.83,-1.05127,0.338867,1.12598,-1.46484,9.15527,3.11279,1
612.84,-0.463379,0.00585938,0.325195,0.793457,9.39941,5.06592,1
612.85,-0.507812,0.0869141,0.731445,4.3335,3.05176,7.62939,1
612.86,-1.21387,0.415527,1.44922,1.15967,7.38525,2.86865,1
612.87,-1.11572,0.258789,0.991699,-1.77002,9.0332,2.92969,1
612.88,-0.477051,0.0126953,0.429688,2.68555,6.71387,7.56836,1
612.89,-0.509277,0.281738,0.756348,5.06592,0.976562,9.15527,1
612.9,-1.17139,0.339355,1.34277,-0.427246,2.2583,4.82178,1
612.91,-0.953125,0.11084,1.00537,-0.915527,4.21143,5.61523,1
612.92,-0.675293,0.262207,0.620117,1.95312,5.43213,7.26318,1
612.925,-0.660156,0.328125,0.910645,-0.244141,1.34277,7.38525,1
612.935,-1.01562,0.272949,1.27588,-3.11279,0.732422,6.40869,1
612.945,-1.21094,0.17041,1.11963,-4.63867,7.8125,4.02832,1
612.955,-0.655273,0.276855,0.869629,-1.58691,3.23486,7.99561,1
612.965,-0.616699,0.397461,1.11377,-1.70898,1.34277,6.89697,1
612.975,-0.665039,0.232422,0.959961,-3.2959,-1.09863,7.38525,1
612.985,-1.31006,0.00732422,1.23486,-2.13623,2.62451,5.12695,1
612.995,-0.771484,0.326172,0.928223,0.305176,5.67627,3.96729,1
613.005,-0.793457,0.375488,1.00928,-1.15967,1.95312,6.22559,1
613.015,-0.912109,0.178223,0.941895,-3.05176,0.732422,5.92041,1
613.025,-0.640137,0.104004,0.927734,-0.671387,1.83105,6.53076,1
613.035,-0.873535,0.109863,0.864746,-1.64795,4.94385,3.17383,1
613.045,-0.914551,0.336914,1.07617,-1.77002,1.89209,4.02832,1
613.055,-0.692871,0.17627,0.966309,-2.99072,4.08936,3.11279,1
613.065,-0.802734,-0.00683594,0.957031,-1.64795,4.27246,3.54004,1
613.075,-0.763184,0.178711,0.747559,0,2.92969,3.78418,1
613.085,-0.770996,0.47998,0.914062,-1.64795,2.74658,4.15039,1
613.09,-1.20557,0.046875,1.22705,-4.21143,4.39453,0.366211,1
613.1,-0.620117,-0.078125,0.842773,1.2207,3.23486,3.84521,1
613.11,-0.742676,0.46582,0.841309,-0.0610352,4.39453,2.74658,1
613.12,-0.905762,0.15625,0.947266,-3.54004,3.05176,1.34277,1
613.13,-0.785645,-0.185059,1.13916,1.46484,1.77002,2.74658,1
613.14,-0.542969,0.367676,0.80957,2.31934,1.64795,3.41797,1
613.15,-0.541992,0.237793,0.76416,-2.2583,2.68555,2.01416,1
613.16,-0.560059,-0.166016,0.80957,1.0376,0.671387,2.99072,1
613.17,-0.555664,0.30127,0.834961,4.08936,0.12207,3.90625,1
613.18,-0.535156,0.222168,0.870117,0.305176,0.549316,1.83105,1
613.19,-0.404785,-0.059082,0.840332,2.50244,-1.2207,2.80762,1
613.2,-0.496094,0.290039,0.848633,4.08936,-1.46484,3.60107,1
613.21,-0.444824,0.253418,0.92334,1.15967,-3.66211,2.86865,1
613.22,-0.312012,-0.0200195,0.907715,1.89209,-4.02832,3.17383,1
613.23,-0.3125,0.262207,0.902344,3.54004,-4.3335,4.27246,1
613.24,-0.353027,0.321289,0.997559,-0.549316,-5.43213,2.50244,1
613.25,-0.30127,0.0615234,0.902344,-0.549316,-5.85938,3.41797,1
613.26,-0.282715,0.16748,0.90625,1.09863,-5.18799,4.02832,1
613.265,-0.215332,0.36084,0.945312,-0.976562,-6.65283,2.80762,1
613.275,-0.11377,0.158203,0.974609,-1.64795,-6.22559,3.17383,1
613.285,-0.188477,0.0947266,0.982422,1.2207,-5.79834,4.3335,1
613.295,-0.229004,0.289062,0.925781,1.70898,-6.71387,3.54004,1
613.305,-0.214355,0.137207,0.883301,1.28174,-6.16455,3.35693,1
613.315,-0.162598,0.150879,1.021,3.66211,-6.28662,4.45557,1
613.325,-0.0678711,0.368652,1.03955,2.99072,-5.85938,3.72314,1
613.335,-0.0410156,0.0698242,1.05811,2.99072,-6.16455,4.21143,1
613.345,-0.0522461,0.124023,1.08838,7.01904,-6.65283,5.31006,1
613.355,-0.0742188,0.386719,0.992188,6.22559,-5.67627,4.45557,1
613.365,-0.100098,0.167969,0.992676,5.67627,-5.37109,5.00488,1
613.375,-0.126953,0.253906,0.984863,7.44629,-5.43213,6.16455,1
613.385,-0.154785,0.427246,1.04248,6.10352,-5.00488,5.5542,1
613.395,-0.129395,0.239258,1.06689,5.92041,-4.3335,6.04248,1
613.405,-0.112793,0.312012,1.03516,8.11768,-4.15039,7.75146,1
613.415,-0.105957,0.394043,1.04785,7.01904,-4.08936,7.44629,1
613.425,-0.10791,0.297363,1.06201,7.56836,-3.66211,8.54492,1
613.435,-0.145996,0.478516,1.04199,8.23975,-2.80762,9.70459,1
613.445,-0.164551,0.524902,1.02051,6.5918,-2.01416,9.82666,1
613.45,-0.138672,0.311523,0.943359,6.83594,-1.28174,10.8643,1
613.46,-0.132812,0.472656,0.95459,8.42285,-0.854492,12.4512,1
613.47,-0.138672,0.492188,1.07812,6.46973,0,11.9019,1
613.48,-0.144043,0.379395,1.12256,7.93457,0.549316,14.2212,1
613.49,-0.140137,0.769531,1.10498,7.38525,1.34277,14.4043,1
613.5,-0.196289,0.640625,1.07666,4.27246,2.0752,14.6484,1
613.51,-0.210938,0.419434,0.984863,6.40869,1.52588,16.8457,1
613.52,-0.20166,0.748047,0.987793,6.46973,2.01416,16.9678,1
613.53,-0.171875,0.67627,1.01904,3.60107,2.80762,16.8457,1
613.54,-0.146484,0.499023,1.0459,5.61523,2.50244,19.2261,1
613.55,-0.200684,0.811035,1.06934,6.28662,2.31934,19.5312,1
613.56,-0.21875,0.735352,1.05371,3.66211,2.68555,19.5312,1
613.57,-0.193359,0.546875,0.949707,4.3335,2.44141,21.3623,1
613.58,-0.216309,0.849609,0.955566,4.39453,2.19727,21.8506,1
613.59,-0.1875,0.797363,0.974121,1.28174,1.64795,21.9727,1
613.6,-0.185059,0.571289,0.962402,2.62451,0.732422,24.231,1
613.61,-0.149414,0.750977,0.913086,3.23486,-0.0610352,24.5972,1
613.62,-0.152832,0.887207,0.876953,0.671387,-0.488281,24.7192,1
613.625,-0.168457,0.669434,0.919434,-0.793457,-0.366211,25.3906,1
613.635,-0.232422,0.798828,0.981934,1.09863,-0.976562,26.9775,1
613.645,-0.138672,0.901367,1.04541,-0.732422,-0.976562,26.062,1
613.655,-0.0952148,0.736328,0.981445,-0.305176,-1.46484,27.1606,1
613.665,-0.0478516,0.830078,0.93457,1.15967,-2.01416,28.0151,1
613.675,-0.0317383,0.878906,0.995117,0.244141,-1.28174,26.7944,1
613.685,-0.043457,0.805664,1.02832,1.52588,-1.46484,27.8931,1
613.695,-0.0927734,0.845215,1.08984,2.19727,-1.09863,27.6489,1
613.705,-0.0566406,0.927734,1.05713,2.0752,-1.34277,26.8555,1
613.715,-0.0195312,0.852051,0.986328,1.40381,-0.183105,26.4282,1
613.725,-0.0498047,0.79834,1.02637,2.62451,-0.183105,26.9775,1
613.735,-0.0307617,0.954102,1.05127,2.44141,-0.305176,26.4893,1
613.745,-0.0131836,0.859375,1.05859,1.46484,0.427246,25.6348,1
613.755,-0.0415039,0.828613,1.01074,1.83105,0.671387,26.2451,1
613.765,-0.0234375,0.879883,0.947266,1.28174,0.183105,25.7568,1
613.775,-0.0283203,0.856445,0.958496,0.793457,0.671387,25.2075,1
613.785,-0.0458984,0.89502,1.03418,1.0376,0.427246,25.6348,1
613.795,-0.0419922,0.812012,1.00635,-0.488281,1.0376,24.7192,1
613.805,-0.0419922,0.845703,0.922852,-0.0610352,0.671387,25.6958,1
613.81,-0.0263672,0.883789,0.875977,-1.2207,0.732422,24.7803,1
613.82,-0.012207,0.84375,0.908203,-0.854492,0.488281,25.2686,1
613.83,-0.00634766,0.863281,0.931641,-1.58691,0.305176,25.0854,1
613.84,-0.0283203,0.740234,0.932617,-1.58691,0.610352,25.0854,1
613.85,-0.0629883,0.88916,0.908203,-0.976562,0.12207,25.6958,1
613.86,-0.0537109,0.872559,0.901855,-2.13623,0.732422,24.292,1
613.87,-0.0302734,0.823242,0.91748,-0.488281,0.427246,25.4517,1
613.88,-0.00341797,0.849121,0.93457,-1.09863,0.793457,24.1089,1
613.89,-0.015625,0.905762,0.931641,0.0610352,0.732422,25.2686,1
613.9,-0.0385742,0.912109,0.951172,-0.854492,1.40381,24.0479,1
613.91,-0.0688477,0.766602,0.932617,0.488281,1.40381,24.6582,1
613.92,-0.050293,0.917969,0.972168,1.70898,1.52588,24.4751,1
613.93,-0.0537109,0.801758,1.00244,0.549316,2.0752,23.3154,1
613.94,-0.0356445,0.835449,0.98877,2.0752,1.83105,24.4141,1
613.95,-0.0258789,0.987793,0.92627,0.549316,3.05176,23.2544,1
613.96,-0.0712891,0.866211,0.938965,-0.488281,2.86865,23.3154,1
613.97,-0.0581055,0.894043,0.964355,0.12207,2.62451,23.9868,1
613.98,-0.0234375,0.794922,0.938965,-1.46484,3.05176,22.8882,1
613.985,-0.0419922,0.711914,0.893555,-0.366211,2.68555,23.8647,1
613.995,-0.0297852,0.984375,0.842285,-1.89209,3.05176,22.9492,1
614.005,-0.0664062,0.977539,0.885742,-4.27246,3.60107,22.9492,1
614.015,-0.0390625,0.72998,0.941406,-4.08936,3.17383,23.3154,1
614.025,-0.0512695,0.729004,0.928711,-2.99072,2.31934,23.6206,1
614.035,-0.0639648,0.779785,0.874023,-2.92969,2.44141,23.4375,1
614.045,-0.0415039,0.867676,0.820801,-3.479,2.13623,23.6816,1
614.055,-0.0131836,1.01367,0.848145,-5.06592,1.95312,23.8037,1
614.065,-0.0595703,0.828125,0.97168,-6.10352,2.0752,23.5596,1
614.075,-0.0742188,0.727539,1.0249,-3.479,1.2207,24.4751,1
614.085,-0.0844727,0.824707,0.968262,-2.0752,1.64795,24.231,1
614.095,-0.0644531,0.80127,0.84375,-1.95312,1.64795,24.0479,1
614.105,0.0078125,0.943359,0.783203,-1.28174,0.976562,24.6582,1
614.115,-0.00195312,0.903809,0.948242,-1.64795,1.15967,23.9258,1
614.125,-0.0371094,0.753906,1.06348,0.854492,0.427246,25.0244,1
614.13,-0.0141602,0.8125,1.08643,2.2583,0.915527,24.4141,1
614.14,-0.0473633,0.981445,0.891113,2.31934,1.2207,24.7192,1
614.15,-0.0214844,0.730469,0.851562,0.366211,0.976562,24.6582,1
614.16,0.0170898,0.90332,0.907227,2.44141,-0.183105,25.2075,1
614.17,0.0195312,0.907227,0.978516,0.732422,0.732422,24.4751,1
614.175,-0.0532227,0.739746,1.06104,2.56348,0.366211,25.2686,1
614.185,-0.0351562,1.07422,1.05469,1.58691,0.366211,24.1699,1
614.195,0.00878906,0.805176,0.892578,-0.915527,0.671387,24.4141,1
614.205,0.0327148,0.824707,0.868652,0.732422,0,24.9023,1
614.215,-0.00488281,0.980957,0.938477,-1.70898,0.305176,23.3765,1
614.225,0.00195312,0.776367,1.08447,-1.15967,0,24.231,1
614.235,-0.0317383,0.894531,1.0835,0.305176,0.488281,24.292,1
614.245,0.019043,0.9375,0.945312,-1.46484,0.366211,23.4375,1
614.255,0.0239258,0.70166,0.860352,-1.58691,-0.0610352,23.6206,1
614.265,0.0366211,0.886719,0.917969,-0.671387,-0.488281,23.2544,1
614.275,0.0102539,0.846191,1.02344,-1.95312,0.366211,22.0947,1
614.285,-0.00439453,0.77002,1.0293,-0.244141,0.0610352,23.2544,1
614.295,0.0356445,0.952148,1.01221,-1.89209,0.427246,21.7896,1
614.305,0.0551758,0.71875,0.916504,-3.05176,0.366211,21.7896,1
614.315,0.0976562,0.745117,0.874023,-1.95312,-0.0610352,21.8506,1
614.325,0.0717773,0.921875,0.907227,-4.08936,-0.305176,20.3857,1
614.335,0.0371094,0.77002,0.996094,-4.69971,0.183105,20.1416,1
614.34,0.0400391,0.8125,0.998535,-4.15039,0.610352,20.2026,1
614.35,0.0473633,0.851074,0.951172,-5.5542,0.793457,18.9819,1
614.36,0.112793,0.762695,0.922852,-5.06592,0,19.2261,1
614.37,0.118652,0.744141,0.946777,-4.5166,-0.244141,18.8599,1
614.38,0.115234,0.791504,1.02734,-3.23486,-0.488281,18.1885,1
614.39,0.116699,0.716309,1.05078,-2.99072,0,16.9678,1
614.4,0.0151367,0.686523,1.01123,-1.34277,0,17.5171,1
614.41,0.00390625,0.771484,0.957031,-0.976562,0.305176,16.0522,1
614.42,0.00634766,0.672363,0.929688,-1.70898,0.976562,15.5029,1
614.43,0.0332031,0.643066,0.960449,0,0.427246,16.4185,1
614.44,-0.00146484,0.78125,0.974609,-0.854492,0.366211,14.8926,1
614.45,-0.00976562,0.609863,0.994141,-2.13623,0.366211,14.3433,1
614.46,-0.0419922,0.620117,1.05225,-0.610352,0.671387,14.7705,1
614.47,-0.0288086,0.675781,0.981445,-3.2959,1.34277,13.0615,1
614.48,-0.0668945,0.533203,0.835938,-4.02832,1.0376,13.4277,1
614.49,-0.0888672,0.535156,0.859375,-5.37109,0.854492,12.3901,1
614.5,-0.135254,0.587891,0.939453,-6.22559,0.671387,12.085,1
614.51,-0.154297,0.58252,1.09766,-8.66699,0.915527,10.5591,1
614.52,-0.225098,0.467773,0.987305,-8.48389,1.58691,11.1084,1
614.525,-0.170898,0.591797,0.923828,-8.78906,1.15967,10.376,1
614.535,-0.210449,0.323242,1.00537,-11.1694,1.64795,8.48389,1
614.545,-0.162109,0.395508,0.996582,-8.30078,0.854492,9.76562,1
614.555,-0.144043,0.400879,0.931152,-10.7422,1.40381,7.56836,1
614.565,-0.163574,0.140137,0.895996,-8.78906,0.244141,7.87354,1
614.575,-0.18457,0.390625,0.961426,-7.99561,0.366211,6.5918,1
614.585,-0.192383,0.222656,0.932129,-10.1318,0,5.5542,1
614.595,-0.205566,0.156738,0.936035,-8.48389,-1.28174,5.92041,1
614.605,-0.174805,0.234375,0.979004,-9.09424,-1.09863,4.27246,1
614.615,-0.121582,0.22168,0.996094,-9.15527,-1.15967,3.90625,1
614.625,-0.123535,0.0917969,1.00049,-8.60596,-1.09863,3.23486,1
614.635,-0.11377,0.0649414,1.06494,-6.53076,-2.01416,2.62451,1
614.645,-0.0922852,0.279785,1.08154,-6.46973,-2.31934,1.58691,1
614.655,-0.116699,0.162598,1.08545,-8.8501,-1.46484,0.305176,1
614.665,-0.134766,-0.0395508,1.14941,-8.30078,-1.70898,0,1
614.675,-0.164551,0.11084,1.06787,-7.50732,-1.15967,-0.610352,1
614.685,-0.213867,0.0878906,1.07471,-9.70459,-1.09863,-2.62451,1
614.695,-0.1875,-0.121582,1.13818,-8.54492,-1.28174,-2.68555,1
614.7,-0.150879,0.133301,1.17676,-7.8125,-1.15967,-3.96729,1
614.71,-0.148926,-0.0888672,1.13916,-9.70459,-0.244141,-5.00488,1
614.72,-0.190918,-0.169434,1.12744,-7.44629,-0.915527,-4.94385,1
614.73,-0.175781,0.113281,1.1377,-9.70459,-0.610352,-7.26318,1
614.74,-0.160645,-0.266113,1.0957,-11.3525,0.366211,-7.26318,1
614.75,-0.134277,-0.184082,1.06445,-8.8501,0.305176,-7.26318,1
614.76,-0.124512,-0.0869141,0.995605,-10.9253,0.915527,-9.58252,1
614.77,-0.112305,-0.362793,0.960938,-8.78906,0.976562,-8.54492,1
614.78,-0.17334,-0.17041,1,-7.50732,0.854492,-9.64355,1
614.79,-0.152832,-0.202148,0.925781,-8.91113,1.15967,-10.498,1
614.8,-0.144043,-0.432129,0.837402,-7.38525,1.34277,-10.1929,1
614.81,-0.125488,-0.334473,0.789062,-5.67627,0.854492,-10.5591,1
614.82,-0.107422,-0.316895,0.852051,-5.7373,1.15967,-11.9629,1
614.83,-0.105469,-0.405273,0.939941,-4.27246,2.31934,-11.4746,1
614.84,-0.111328,-0.319824,0.930176,-4.5166,1.95312,-12.207,1
614.85,-0.141602,-0.418457,0.978516,-5.06592,1.95312,-12.3291,1
614.855,-0.121582,-0.351074,0.924316,-4.08936,2.19727,-12.146,1
614.865,-0.120117,-0.373047,0.860352,-5.85938,3.05176,-13.1836,1
614.875,-0.115723,-0.478516,0.947754,-5.12695,3.60107,-12.5732,1
614.885,-0.150879,-0.364258,0.999023,-5.79834,3.96729,-13.2446,1
614.895,-0.17627,-0.430176,1.00635,-7.14111,3.60107,-13.9771,1
614.905,-0.137207,-0.474609,0.949219,-6.83594,3.72314,-13.7329,1
614.915,-0.130859,-0.428711,0.880859,-6.83594,3.96729,-14.4043,1
614.925,-0.121094,-0.467773,0.906738,-7.01904,3.90625,-15.1367,1
614.935,-0.12207,-0.506836,0.972656,-6.5918,3.479,-15.4419,1
614.945,-0.150879,-0.51123,0.92334,-5.7373,3.05176,-15.564,1
614.955,-0.109863,-0.470215,0.923828,-5.67627,2.99072,-16.4795,1
614.965,-0.191895,-0.605469,0.950195,-5.24902,2.62451,-16.7847,1
614.975,-0.143555,-0.613281,0.902344,-4.02832,1.64795,-17.1509,1
614.985,-0.129395,-0.481934,0.92041,-4.45557,1.58691,-18.3105,1
614.995,-0.127441,-0.442383,0.945312,-5.79834,1.2207,-18.9819,1
615,-0.160645,-0.731934,0.966797,-6.40869,0.671387,-19.5923,1
615.01,-0.169434,-0.558594,0.919922,-3.66211,0.366211,-18.7378,1
615.02,-0.158691,-0.429688,0.95459,-7.32422,0.732422,-20.9351,1
615.03,-0.173828,-0.834961,1.03076,-7.14111,0,-20.9351,1
615.04,-0.129883,-0.464844,0.980957,-5.00488,-0.549316,-20.5688,1
615.05,-0.161621,-0.49707,0.924805,-8.30078,0.0610352,-21.9727,1
615.06,-0.178223,-0.915527,0.901855,-6.10352,-0.305176,-21.4844,1
615.07,-0.149902,-0.694336,1.04053,-3.23486,0.366211,-21.9727,1
615.08,-0.123047,-0.547852,1.03955,-4.76074,0.488281,-22.8882,1
615.09,-0.152832,-0.782715,0.925781,-5.06592,0.427246,-22.7661,1
615.1,-0.165527,-0.702637,0.933594,-4.02832,0.427246,-22.2168,1
615.11,-0.164551,-0.589844,0.962402,-5.85938,1.28174,-23.2544,1
615.12,-0.148926,-0.752441,0.986816,-6.16455,1.34277,-23.4375,1
615.13,-0.144531,-0.687988,1.06543,-4.21143,0.976562,-22.644,1
615.14,-0.135742,-0.770508,1.03223,-3.479,1.95312,-23.0713,1
615.145,-0.114258,-0.786621,0.936523,-1.64795,1.95312,-22.8882,1
615.155,-0.119141,-0.647949,0.929688,-2.0752,2.68555,-23.4375,1
615.165,-0.212402,-0.691895,0.953613,-2.92969,2.99072,-23.5596,1
615.175,-0.19043,-0.777832,1.01074,-2.99072,2.2583,-23.9868,1
615.185,-0.127441,-0.678223,0.941406,-2.2583,3.11279,-23.5596,1
615.195,-0.114258,-0.719238,0.869629,-2.19727,3.66211,-23.3765,1
615.205,-0.148438,-0.791016,0.896973,-2.38037,3.05176,-23.9868,1
615.215,-0.198242,-0.639648,0.916992,-1.58691,3.54004,-23.7427,1
615.225,-0.197754,-0.624023,0.902344,-0.671387,4.02832,-23.6816,1
615.235,-0.226562,-0.78125,0.937012,0.12207,3.72314,-24.353,1
615.245,-0.166504,-0.729492,0.809082,1.28174,2.74658,-24.4751,1
615.255,-0.183105,-0.806152,0.826172,0.549316,4.15039,-25.3296,1
615.265,-0.223633,-0.729004,0.874512,0.427246,2.56348,-25.3296,1
615.275,-0.189941,-0.54834,0.939941,-1.15967,2.62451,-25.5127,1
615.285,-0.20166,-0.77832,1.00537,-1.83105,2.99072,-26.123,1
615.29,-0.257324,-0.722168,0.927246,2.19727,2.44141,-24.353,1
615.3,-0.313965,-0.584961,0.806152,0.12207,2.74658,-26.6113,1
615.31,-0.26709,-0.885742,0.826172,-0.366211,2.44141,-26.4893,1
615.32,-0.244629,-0.847656,0.986816,1.95312,2.50244,-26.001,1
615.33,-0.209961,-0.598633,0.942871,0.366211,2.31934,-26.6724,1
615.34,-0.26123,-0.722168,0.976562,-0.793457,2.0752,-27.4658,1
615.35,-0.301758,-0.841309,0.868164,-0.0610352,1.83105,-27.4048,1
615.36,-0.258789,-0.643066,0.785645,1.89209,1.83105,-26.123,1
615.37,-0.246094,-0.616699,0.943359,-1.2207,1.40381,-28.1982,1
615.38,-0.164062,-0.980957,0.979004,-0.305176,0.854492,-27.5879,1
615.39,-0.210449,-0.775879,0.99707,3.66211,1.2207,-26.5503,1
615.4,-0.262207,-0.689453,0.948242,0.732422,0.366211,-28.7476,1
615.41,-0.310059,-0.960449,0.944336,2.13623,0.183105,-27.4658,1
615.42,-0.243652,-0.779785,0.962891,3.05176,0.244141,-27.5879,1
615.43,-0.158203,-0.745117,0.944824,0.915527,-0.244141,-28.9307,1
615.435,-0.138672,-0.86377,1.00586,1.58691,-0.244141,-28.0762,1
615.445,-0.162109,-0.818359,1.04883,1.95312,-0.488281,-27.5269,1
615.455,-0.187012,-0.902344,1.0332,1.64795,-0.366211,-27.771,1
615.465,-0.193848,-0.85791,0.979004,2.38037,-0.976562,-26.7334,1
615.475,-0.191895,-0.813477,0.916016,1.58691,-0.549316,-27.5269,1
615.485,-0.161621,-0.772461,0.938965,0.976562,-0.244141,-27.6489,1
615.495,-0.161621,-0.878418,0.989746,-0.12207,0,-27.9541,1
615.505,-0.200195,-0.914062,1.06006,0.366211,-0.183105,-27.1606,1
615.515,-0.166016,-0.838379,1.00195,0.671387,-0.12207,-26.6724,1
615.525,-0.190918,-0.918457,1.02783,0.305176,0.366211,-27.0996,1
615.535,-0.180176,-0.79541,1.01367,1.52588,0,-26.062,1
615.545,-0.19043,-0.742188,0.975586,0.488281,0.732422,-26.8555,1
615.555,-0.169922,-0.919922,0.995117,0.793457,0.12207,-26.6724,1
615.565,-0.145996,-0.871582,0.975098,2.19727,0,-25.7568,1
615.575,-0.148926,-0.837402,1.00537,1.58691,0.671387,-25.8789,1
615.585,-0.172363,-0.927246,1.07666,1.2207,0.0610352,-26.062,1
615.59,-0.162598,-0.832031,1.04785,2.01416,0.0610352,-25.5737,1
615.6,-0.159668,-0.805664,0.992188,1.28174,0.793457,-25.7568,1
615.61,-0.163086,-0.890137,0.963867,1.89209,0.12207,-25.5127,1
615.62,-0.156738,-0.786133,0.949707,2.74658,0.549316,-25.2075,1
615.63,-0.129883,-0.775879,0.974121,2.0752,0.549316,-25.7568,1
615.64,-0.115723,-0.871582,0.976074,1.89209,0.0610352,-25.5737,1
615.65,-0.101562,-0.75293,0.937988,2.44141,-0.427246,-24.8413,1
615.66,-0.0913086,-0.783203,0.964844,0.488281,0.305176,-26.001,1
615.67,-0.050293,-0.903809,1.00293,2.01416,0.305176,-25.2686,1
615.68,-0.0273438,-0.71875,0.942383,2.74658,-0.549316,-24.9023,1
615.69,-0.0327148,-0.847168,0.879883,1.83105,-0.793457,-25.3296,1
615.7,-0.0546875,-0.872559,0.893555,3.23486,-1.09863,-24.4751,1
615.71,-0.0683594,-0.713379,0.959961,2.62451,-0.305176,-24.9634,1
615.72,-0.0581055,-0.890137,0.957031,1.77002,-0.549316,-24.9634,1
615.73,0.0380859,-0.77832,1.00537,2.68555,-1.58691,-24.292,1
615.74,0.103516,-0.709473,0.979492,0.915527,-1.0376,-24.9634,1
615.75,0.114258,-0.86377,0.936523,0.671387,-1.34277,-24.231,1
615.76,0.0917969,-0.78125,0.932617,1.09863,-1.70898,-23.5596,1
615.765,0.0917969,-0.77002,1.01904,0,-1.09863,-24.1699,1
615.775,0.059082,-0.845703,0.958984,0.854492,-0.732422,-22.8882,1
615.785,0.0800781,-0.756348,0.980957,0.671387,-0.671387,-23.3154,1
615.795,0.165039,-0.697754,1.00635,0.183105,-0.549316,-23.1934,1
615.805,0.197266,-0.791992,0.971191,-0.732422,-0.12207,-23.3154,1
615.815,0.182129,-0.836914,0.902832,-0.549316,-0.976562,-22.3999,1
615.825,0.150391,-0.731934,0.894531,-1.0376,-0.488281,-22.4609,1
615.835,0.0859375,-0.73584,0.933105,-1.83105,0,-22.583,1
615.845,0.128906,-0.680176,1.00635,-1.83105,-0.0610352,-22.7661,1
615.855,0.205078,-0.694336,1.021,-2.01416,-0.0610352,-23.2544,1
615.865,0.191406,-0.861816,0.995605,-0.488281,-0.671387,-22.4609,1
615.875,0.168945,-0.643555,0.914551,1.15967,-1.0376,-22.0947,1
615.885,0.132812,-0.737305,0.904297,-0.305176,-0.305176,-23.4375,1
615.895,0.121094,-0.973633,0.966309,3.05176,0,-21.8506,1
615.905,0.121094,-0.571777,1.0293,3.17383,-0.488281,-22.7051,1
615.915,0.146484,-0.719238,1.01611,1.0376,0.366211,-22.583,1
615.925,0.0585938,-0.971191,1.02686,3.78418,0.183105,-21.3623,1
615.935,0.106934,-0.641602,0.957031,4.27246,-0.183105,-22.2778,1
615.945,0.130859,-0.770508,0.92041,2.56348,0.671387,-22.2168,1
615.95,0.0917969,-0.872559,0.995605,3.72314,0.610352,-21.7896,1
615.96,0.0498047,-0.586426,0.936035,2.86865,0.610352,-22.0947,1
615.97,-0.0151367,-0.75,0.942383,1.40381,1.46484,-21.9116,1
615.98,-0.0219727,-0.713867,0.928711,2.0752,0.488281,-21.6675,1
615.99,0.00488281,-0.626465,0.885742,0.549316,0.915527,-22.644,1
616,-0.012207,-0.837402,0.95166,0.793457,0.549316,-21.9727,1
616.01,-0.0141602,-0.771484,1.03809,1.46484,0.610352,-22.0337,1
616.015,-0.0410156,-0.60498,0.978027,0.427246,1.46484,-22.4609,1
616.025,-0.081543,-0.82666,1,-0.366211,2.38037,-22.644,1
616.035,-0.114258,-0.722656,0.972656,1.46484,1.83105,-21.9727,1
616.045,-0.0512695,-0.644043,0.929688,0.793457,2.86865,-23.0713,1
616.055,-0.0600586,-0.842773,0.963379,2.13623,2.99072,-22.3389,1
616.065,-0.078125,-0.669434,1.03906,2.92969,2.44141,-23.0103,1
616.075,-0.0991211,-0.749023,0.942871,2.13623,3.479,-23.5596,1
616.085,-0.147949,-0.801758,0.902832,4.15039,3.41797,-22.8882,1
616.095,-0.175781,-0.680664,0.958496,4.15039,2.99072,-23.6206,1
616.105,-0.127441,-0.659668,0.956543,3.23486,2.74658,-23.9868,1
616.115,-0.0893555,-0.73584,0.955078,3.35693,3.11279,-23.9868,1
616.125,-0.0883789,-0.652344,0.985352,3.479,3.17383,-23.9258,1
616.135,-0.0908203,-0.676758,0.902832,1.58691,2.86865,-25.1465,1
616.145,-0.0927734,-0.824219,0.908691,2.13623,2.31934,-24.7192,1
616.155,-0.0786133,-0.598145,0.956543,2.74658,1.95312,-24.4751,1
616.16,-0.081543,-0.682129,0.916016,0.549316,2.19727,-25.8179,1
616.17,-0.0454102,-0.782227,0.915039,2.0752,1.52588,-24.9023,1
616.18,-0.0673828,-0.637207,0.966797,1.64795,1.52588,-25.3296,1
616.19,-0.0390625,-0.736328,0.972656,0.610352,1.64795,-25.7568,1
616.2,0.0078125,-0.788086,0.960938,1.52588,0.854492,-25.2686,1
616.21,0.0302734,-0.663574,0.970215,2.13623,0.610352,-25.0854,1
616.22,0.0874023,-0.694824,0.943359,0.793457,0.305176,-25.7568,1
616.23,0.143555,-0.77832,1.00293,1.58691,-0.244141,-25.2075,1
616.24,0.148438,-0.673828,1.00781,1.34277,-0.366211,-25.3296,1
616.25,0.145508,-0.735352,1.00342,0.793457,-0.427246,-25.3296,1
616.26,0.112305,-0.777832,1.0127,0.854492,-0.915527,-25.1465,1
616.27,0.165527,-0.781738,1.03516,1.0376,-1.2207,-24.8413,1
616.28,0.153809,-0.700684,1.03906,0.793457,-1.40381,-24.5361,1
616.29,0.17334,-0.712891,1.05566,0.0610352,-1.52588,-24.7192,1
616.3,0.168945,-0.777344,1.00684,0.793457,-1.40381,-24.0479,1
616.305,0.148438,-0.676758,0.996582,1.28174,-1.58691,-23.4985,1
616.315,0.101074,-0.769531,0.975098,0.610352,-0.854492,-23.9868,1
616.325,0.0683594,-0.757812,0.955078,2.2583,-0.610352,-22.3999,1
616.335,0.0615234,-0.642578,0.976074,1.34277,-0.610352,-22.8882,1
616.345,0.0429688,-0.80957,0.976562,0.976562,-0.0610352,-23.1934,1
616.355,0.0166016,-0.774902,0.989258,3.479,0.244141,-21.4844,1
616.365,-0.0400391,-0.581543,0.981445,2.86865,0.610352,-22.2168,1
616.375,-0.0664062,-0.833984,1.01953,1.52588,1.09863,-22.3999,1
616.385,-0.0898438,-0.760742,1.03857,4.08936,1.0376,-20.5688,1
616.395,-0.104492,-0.56543,0.980469,2.38037,1.40381,-21.7285,1
616.405,-0.0693359,-0.833984,0.991211,2.2583,2.01416,-21.5454,1
616.415,-0.0610352,-0.670898,0.986328,4.08936,1.89209,-20.9351,1
616.425,-0.059082,-0.60791,0.982422,1.46484,2.38037,-22.2168,1
616.435,-0.0981445,-0.818359,0.977539,1.77002,1.83105,-21.1792,1
616.445,-0.172363,-0.713867,0.991699,2.2583,2.19727,-21.0571,1
616.455,-0.147461,-0.650391,0.97998,0.793457,2.68555,-21.9727,1
616.465,-0.105957,-0.774414,1.00195,0.732422,3.17383,-22.2778,1
616.475,-0.074707,-0.726074,0.988281,1.83105,2.62451,-21.9116,1
616.48,-0.0600586,-0.608887,0.94873,0.732422,2.44141,-23.0103,1
616.49,-0.124023,-0.707031,0.89209,-0.0610352,2.86865,-23.6206,1
616.5,-0.169434,-0.710449,0.878418,0.183105,2.31934,-23.1323,1
616.51,-0.178223,-0.723145,0.947754,-0.610352,2.68555,-24.292,1
616.52,-0.123535,-0.739746,1.03271,-0.12207,2.13623,-24.231,1
616.53,-0.105469,-0.72998,1.0415,-0.793457,1.70898,-25.2075,1
616.54,-0.0976562,-0.750488,1.00195,-0.366211,1.70898,-25.0854,1
616.55,-0.100586,-0.699219,0.964355,-0.488281,2.13623,-25.7568,1
616.56,-0.0991211,-0.741699,0.954102,-0.488281,2.01416,-26.1841,1
616.57,-0.097168,-0.748047,0.980957,-0.366211,1.52588,-26.3062,1
616.58,-0.09375,-0.77002,0.978516,-0.671387,1.40381,-26.9165,1
616.59,-0.111328,-0.772461,1.0249,-0.854492,1.52588,-27.4048,1
616.6,-0.0913086,-0.743164,0.996094,-0.793457,1.70898,-27.4048,1
616.61,-0.0864258,-0.765137,0.94043,-1.09863,1.95312,-28.0151,1
616.62,-0.0727539,-0.787598,0.933594,-0.244141,1.34277,-27.6489,1
616.63,-0.0698242,-0.779297,0.938477,-0.305176,1.58691,-28.2593,1
616.64,-0.0634766,-0.687988,0.963867,0.12207,1.34277,-27.9541,1
616.65,-0.0864258,-0.794922,0.967285,-0.915527,1.70898,-28.7476,1
616.66,-0.0805664,-0.776367,0.958496,0.488281,0.549316,-27.8931,1
616.665,-0.0942383,-0.744141,0.929688,-0.427246,1.0376,-28.9917,1
616.675,-0.0668945,-0.828125,0.935059,0.610352,1.15967,-28.5645,1
616.685,-0.0825195,-0.739746,0.950195,0.549316,0.732422,-28.7476,1
616.695,-0.0517578,-0.862793,0.966309,0.305176,0.732422,-29.2358,1
616.705,-0.0507812,-0.826172,0.984863,1.46484,0.793457,-28.1982,1
616.715,-0.0473633,-0.73877,0.990723,0.183105,0.915527,-29.1748,1
616.725,-0.0458984,-0.860352,0.961426,-0.488281,0.854492,-29.3579,1
616.735,-0.081543,-0.80127,0.983398,0.488281,0.549316,-28.1372,1
616.745,-0.0449219,-0.769043,0.971191,-0.610352,0.549316,-29.0527,1
616.755,-0.00195312,-0.847168,0.978027,-0.488281,0.732422,-28.9917,1
616.765,-0.0136719,-0.771484,0.975586,-0.0610352,0.366211,-28.4424,1
616.775,-0.00732422,-0.803711,0.94043,-0.854492,0.549316,-28.7476,1
616.785,-0.0439453,-0.930176,0.995117,-0.610352,-0.0610352,-28.7476,1
616.795,0.0146484,-0.741699,0.959961,0.183105,-0.0610352,-28.3203,1
616.805,-0.012207,-0.753418,0.911621,-1.52588,0.366211,-29.0527,1
616.815,-0.0166016,-0.937012,0.953613,-0.671387,-0.366211,-28.3813,1
616.825,0.0214844,-0.705078,0.949707,-0.549316,-0.244141,-28.6255,1
616.83,-0.00927734,-0.901367,0.973145,-1.15967,0.732422,-28.2593,1
616.84,-0.0224609,-0.87793,0.962402,0.366211,-0.366211,-27.71,1
616.85,-0.0107422,-0.767578,0.984375,-0.854492,0.183105,-28.7476,1
616.86,0.00634766,-0.85498,0.964844,0.0610352,0.366211,-27.71,1
616.87,-0.00390625,-0.796875,0.987793,-0.12207,0.183105,-27.9541,1
616.88,-0.0146484,-0.916504,0.983887,-0.427246,-0.0610352,-27.9541,1
616.89,-0.00195312,-0.831543,0.994629,0.488281,0,-26.9775,1
616.9,-0.0263672,-0.774902,1.01562,-0.671387,0.732422,-28.0151,1
616.91,-0.00634766,-0.83252,0.969238,-0.244141,0.427246,-27.3438,1
616.92,0.00585938,-0.824219,0.931152,0.610352,1.15967,-26.9165,1
616.93,-0.0322266,-0.92334,0.945312,0.854492,0.854492,-27.1606,1
616.94,-0.00537109,-0.873047,0.976074,0.854492,0.610352,-27.4048,1
616.95,-0.0078125,-0.774902,0.967773,0.854492,1.28174,-26.9165,1
616.96,-0.0170898,-0.810547,0.988281,-0.0610352,0.915527,-27.3438,1
616.97,-0.0102539,-0.834961,0.961914,0.183105,0.366211,-27.2217,1
616.975,0.0146484,-0.771484,0.923828,0.671387,0.976562,-26.9775,1
616.985,0.0161133,-0.858398,0.91748,1.34277,0.915527,-26.9775,1
616.995,0.00537109,-0.842285,0.946777,1.83105,0.244141,-26.9165,1
617.005,0.0141602,-0.819824,0.984375,1.46484,0.610352,-27.0386,1
617.015,-0.00683594,-0.80127,0.983887,1.46484,0.610352,-26.8555,1
617.025,-0.00292969,-0.79541,0.99707,0.671387,0.549316,-27.2217,1
617.035,0.0131836,-0.814453,0.908203,1.46484,0.854492,-26.4893,1
617.045,0.0166016,-0.831543,0.92041,1.70898,0.610352,-26.6113,1
617.055,0.043457,-0.785156,0.967773,2.62451,0.488281,-26.1841,1
617.065,0.0415039,-0.663574,0.960938,2.0752,0.793457,-26.3672,1
617.075,0.0205078,-0.861328,0.92627,2.13623,0.915527,-25.9399,1
617.085,-0.0288086,-0.824219,0.959473,3.66211,0.244141,-25.3906,1
617.095,0,-0.775391,0.935547,3.2959,0.549316,-26.001,1
617.105,0.0512695,-0.822266,0.916504,4.5166,0.549316,-25.2686,1
617.115,0.0556641,-0.700684,0.933594,3.78418,0.0610352,-25.5127,1
617.12,0.0332031,-0.855957,0.935059,3.05176,0.366211,-25.2075,1
617.13,-0.0219727,-0.803223,1.00586,3.84521,0.549316,-24.353,1
617.14,9.765625e-04,-0.706543,1.02832,2.86865,0.732422,-24.5972,1
617.15,0.0126953,-0.81543,0.97168,2.38037,0.976562,-24.7192,1
617.16,0.0117188,-0.807617,0.955566,3.41797,0.366211,-23.9258,1
617.17,0.0551758,-0.680176,0.943359,1.95312,0.488281,-24.7192,1
617.18,0.0351562,-0.830566,0.97998,-0.244141,0.549316,-24.9023,1
617.19,0.0205078,-0.86084,1.01611,0.671387,0.427246,-23.1934,1
617.2,0.00732422,-0.611328,1.0293,-0.732422,0.671387,-24.353,1
617.21,0.0205078,-0.853027,0.987793,-2.31934,0.671387,-24.5361,1
617.22,0.0297852,-0.833984,0.956055,0.244141,0.183105,-23.3154,1
617.23,0.0258789,-0.626953,1.00049,-1.46484,0.488281,-24.7192,1
617.24,0.0419922,-0.819824,0.947754,-1.70898,0.671387,-24.4751,1
617.25,0.0488281,-0.775391,0.966309,-0.12207,0.915527,-23.8647,1
617.26,0.0307617,-0.680664,0.999512,-0.305176,0.183105,-24.231,1
617.27,0.0693359,-0.788086,0.953613,-0.427246,0.0610352,-24.5361,1
617.28,0.0209961,-0.856934,0.959473,1.52588,0.976562,-23.7427,1
617.29,0.0219727,-0.673828,0.978516,1.40381,0.427246,-24.4141,1
617.3,0.0595703,-0.785156,0.946777,0.305176,0.793457,-24.6582,1
617.31,0.0551758,-0.830078,0.960938,2.68555,0.366211,-23.3765,1
617.32,0.0390625,-0.666992,1.00684,1.77002,0.244141,-24.4141,1
617.33,0.0454102,-0.75,1,1.46484,0.488281,-24.353,1
617.34,0.0200195,-0.753906,1.01221,2.13623,0.671387,-23.5596,1
617.35,0.059082,-0.682617,1.00537,1.95312,0.305176,-23.7427,1
617.36,0.0629883,-0.743164,0.943359,1.15967,0.732422,-24.0479,1
617.365,0.0654297,-0.87207,0.969727,2.62451,0.671387,-23.1934,1
617.375,0.0629883,-0.66748,1.01611,3.35693,0.671387,-23.4375,1
617.385,0.09375,-0.768555,1.00537,1.58691,1.28174,-24.4141,1
617.395,0.0942383,-0.811035,0.956543,3.78418,0.854492,-22.8271,1
617.405,0.0893555,-0.594238,0.943848,2.50244,0.854492,-23.6816,1
617.415,0.104004,-0.833008,0.961426,2.01416,1.28174,-23.3765,1
617.425,0.0932617,-0.773438,0.959473,3.90625,1.09863,-22.644,1
617.435,0.0693359,-0.659668,0.979004,2.50244,1.15967,-23.3765,1
617.445,0.0517578,-0.804199,0.95459,2.50244,0.915527,-23.4375,1
617.455,0.09375,-0.729004,0.948242,3.23486,0.915527,-22.9492,1
617.465,0.0854492,-0.677246,0.958984,1.77002,1.0376,-23.8037,1
617.475,0.109375,-0.782715,0.95166,1.40381,0.732422,-23.7427,1
617.485,0.114258,-0.748047,0.910156,2.56348,0.793457,-23.0103,1
617.495,0.0761719,-0.662109,0.971191,1.64795,0.976562,-23.6206,1
617.505,0.100098,-0.79834,0.992188,0.305176,1.2207,-24.4141,1
617.515,0.0825195,-0.768066,0.96875,1.70898,1.28174,-23.1323,1
617.525,0.0541992,-0.65918,0.968262,0.732422,1.46484,-24.0479,1
617.535,0.0898438,-0.777832,0.938965,0.183105,1.34277,-24.7803,1
617.545,0.108398,-0.757812,0.929199,1.95312,1.64795,-23.9868,1
617.55,0.114746,-0.728516,0.954102,1.83105,1.09863,-24.4141,1
617.56,0.100586,-0.775391,0.982422,1.77002,0.854492,-24.6582,1
617.57,0.0566406,-0.736816,0.977051,3.05176,1.28174,-24.1699,1
617.58,0.0708008,-0.675781,0.908691,3.05176,1.40381,-24.353,1
617.59,0.065918,-0.748535,0.86084,2.92969,0.976562,-24.7192,1
617.6,0.0981445,-0.794922,0.88916,3.78418,0.915527,-24.6582,1
617.61,0.0981445,-0.643555,0.95459,3.66211,0.915527,-24.9023,1
617.62,0.10498,-0.722168,0.931641,1.70898,1.58691,-25.6958,1
617.63,0.101074,-0.773926,0.958496,2.80762,1.2207,-24.4751,1
617.64,0.0615234,-0.621094,0.910156,2.13623,1.09863,-24.7192,1
617.65,0.0717773,-0.809082,0.872559,1.40381,1.40381,-25.2686,1
617.66,0.0761719,-0.785156,0.939453,2.44141,1.0376,-24.5972,1
617.67,0.0952148,-0.692871,0.956055,0.610352,1.58691,-25.3906,1
617.68,0.107422,-0.740234,0.980469,0,1.28174,-25.2686,1
617.69,0.0961914,-0.714355,0.974609,-0.305176,1.15967,-25.3296,1
617.7,0.0893555,-0.711426,0.937012,-0.549316,1.28174,-25.1465,1
617.71,0.0751953,-0.791504,0.928711,-0.793457,1.46484,-25.2686,1
617.72,0.074707,-0.777832,1.00049,-0.0610352,1.09863,-24.9023,1
617.73,0.110352,-0.720703,1.02832,-0.854492,1.46484,-25.3906,1
617.735,0.0927734,-0.745605,1.00195,-1.46484,1.46484,-25.4517,1
617.745,0.0439453,-0.778809,0.924805,-1.64795,1.15967,-25.4517,1
617.755,0.0610352,-0.678711,0.904297,-1.64795,1.09863,-25.3906,1
617.765,0.0888672,-0.641602,0.935547,-3.23486,1.46484,-26.8555,1
617.775,0.137695,-0.828125,0.938965,-2.68555,0.915527,-25.9399,1
617.785,0.0654297,-0.690918,0.993164,-2.0752,0.488281,-25.5737,1
617.795,0.0146484,-0.766602,1.01318,-3.78418,0.793457,-26.7944,1
617.805,-0.00244141,-0.875488,0.969727,-1.77002,1.46484,-25.5737,1
617.815,-0.00195312,-0.595215,0.91748,-2.2583,0.854492,-26.1841,1
617.825,0.00683594,-0.787598,0.963867,-3.84521,0.732422,-26.7334,1
617.835,-0.0258789,-0.814453,1.01074,-1.15967,0.915527,-25.4517,1
617.845,-0.0600586,-0.648438,1.00684,-1.95312,1.64795,-26.123,1
617.855,-0.0932617,-0.900391,1.05176,-1.64795,1.89209,-26.001,1
617.865,-0.0605469,-0.769043,1.00488,1.77002,1.46484,-24.5361,1
617.875,-0.0444336,-0.640137,0.970215,0.854492,2.50244,-25.8179,1
617.885,-0.0449219,-0.918945,1.02539,1.89209,2.38037,-25.0854,1
617.895,-0.0786133,-0.792969,1.00293,3.05176,2.74658,-25.2075,1
617.9,-0.0976562,-0.588379,0.996094,2.19727,3.23486,-24.9634,1
617.905,-0.145508,-0.747559,0.98584,1.34277,3.17383,-24.9023,1
617.915,-0.12793,-0.76123,0.994141,3.72314,3.2959,-23.4985,1
617.925,-0.115234,-0.580078,1.02197,3.90625,3.11279,-23.8037,1
617.935,-0.0473633,-0.780273,0.987793,3.23486,2.92969,-23.8647,1
617.945,-0.0317383,-0.742188,0.998047,6.28662,2.56348,-22.2168,1
617.955,-0.0317383,-0.508789,0.970215,5.00488,2.74658,-23.4375,1
617.965,-0.0375977,-0.722168,0.986816,4.69971,2.56348,-22.4609,1
617.975,-0.0366211,-0.612305,0.935547,6.28662,1.40381,-21.0571,1
617.985,-0.0146484,-0.630859,0.952148,4.27246,1.15967,-21.8506,1
617.995,0.0698242,-0.826172,0.978516,6.71387,0.915527,-20.1416,1
618.005,0.10791,-0.46875,1.00879,7.75146,0.854492,-19.7754,1
618.015,0.139648,-0.42627,0.95166,4.27246,0,-20.2637,1
618.025,0.154785,-0.828125,1.03076,4.63867,-0.732422,-18.9209,1
618.035,0.0664062,-0.694824,1.06641,7.44629,-1.40381,-18.0054,1
618.045,0.153809,-0.499023,0.972656,6.5918,-2.01416,-18.1885,1
618.055,0.194824,-0.674805,1.01611,5.98145,-1.64795,-17.2729,1
618.065,0.229004,-0.484863,0.978516,5.24902,-2.62451,-16.6626,1
618.075,0.176758,-0.602539,0.993164,2.38037,-2.19727,-16.2964,1
618.085,0.144531,-0.769531,1.11084,3.41797,-3.05176,-15.1978,1
618.09,0.234375,-0.501953,1.08838,3.2959,-2.92969,-15.564,1
618.1,0.262695,-0.615723,0.934082,1.46484,-2.13623,-15.564,1
618.11,0.214844,-0.580078,0.950195,1.2207,-2.44141,-14.8315,1
618.12,0.124512,-0.514648,0.980957,-1.77002,-1.58691,-15.4419,1
618.13,0.0776367,-0.70459,1.01514,-1.70898,-1.28174,-14.0991,1
618.14,0.0693359,-0.549316,1.07959,-1.09863,-0.610352,-14.3433,1
618.15,0.0693359,-0.500488,1.05713,-2.44141,-0.183105,-15.0757,1
618.16,0.0576172,-0.623047,0.96582,-2.31934,0.183105,-14.9536,1
618.17,0.0195312,-0.500977,0.958008,-1.77002,0.610352,-14.8315,1
618.18,-0.0234375,-0.543945,0.89209,-3.2959,1.83105,-16.1133,1
618.19,-0.0625,-0.777344,0.887695,-1.28174,3.11279,-15.2588,1
618.2,-0.0341797,-0.442871,1.03809,0.244141,3.35693,-16.1743,1
618.21,-0.0493164,-0.506836,1.06982,-2.44141,3.54004,-17.8223,1
618.22,-0.0776367,-0.865723,0.953125,-0.0610352,3.66211,-16.9067,1
618.23,-0.0512695,-0.520996,0.858887,0.915527,3.2959,-18.0664,1
618.24,-0.0791016,-0.585449,0.864746,-2.01416,4.39453,-19.8975,1
618.25,-0.128418,-0.874512,0.96875,0.793457,3.78418,-19.2871,1
618.26,-0.181641,-0.425293,0.975098,2.74658,3.66211,-20.0806,1
618.265,-0.207031,-0.518555,0.997559,-1.46484,3.90625,-22.1558,1
618.275,-0.131348,-0.930664,0.930176,-0.854492,2.74658,-22.3389,1
618.285,-0.0825195,-0.617188,0.919434,1.28174,2.99072,-22.3389,1
618.295,-0.0205078,-0.555664,0.937012,-2.13623,2.2583,-24.7803,1
618.305,-0.0966797,-0.745605,0.949219,-1.09863,1.58691,-24.5361,1
618.315,-0.11377,-0.645508,0.928711,-1.0376,1.46484,-25.5737,1
618.325,-0.121582,-0.604004,0.907715,-1.58691,0.915527,-26.2451,1
618.335,-0.100098,-0.744141,0.912109,-2.68555,0.305176,-27.2827,1
618.345,-0.065918,-0.785156,0.912598,-0.732422,-0.12207,-26.7334,1
618.355,-0.0722656,-0.636719,0.956055,-0.915527,-0.427246,-27.9541,1
618.365,-0.0673828,-0.79248,0.976562,-1.52588,-0.854492,-28.5645,1
618.375,-0.0634766,-0.760254,0.99707,-0.427246,-0.976562,-27.832,1
618.385,-0.0683594,-0.605469,1.01123,-1.70898,-0.549316,-28.5645,1
618.395,-0.0317383,-0.779297,0.983887,-1.95312,-0.12207,-28.1982,1
618.405,-0.0561523,-0.845703,0.986816,-0.244141,0.12207,-27.4658,1
618.415,-0.0146484,-0.727051,0.98584,0,0.549316,-27.5269,1
618.425,-0.00537109,-0.838867,0.986816,-0.488281,1.64795,-27.5269,1
618.43,-0.0175781,-0.778809,1.04541,0.366211,1.52588,-26.6724,1
618.44,-0.0161133,-0.70752,1.00244,-0.366211,2.38037,-26.9165,1
618.45,-0.0102539,-0.87793,0.910645,0.488281,2.92969,-26.001,1
618.46,-0.0200195,-0.834473,0.903809,1.64795,3.05176,-25.6348,1
618.47,-0.0424805,-0.833984,1.02051,1.28174,3.78418,-25.8789,1
618.48,-0.0332031,-0.816406,1.11621,2.01416,4.08936,-24.8413,1
618.49,-0.0463867,-0.734863,1.0752,1.58691,4.08936,-24.9634,1
618.5,0.0209961,-0.855469,0.933594,1.52588,3.96729,-24.8413,1
618.51,-0.0166016,-0.800293,0.891602,3.05176,3.78418,-23.9258,1
618.52,-0.0615234,-0.776367,0.919922,2.50244,3.84521,-24.8413,1
618.53,-0.0390625,-0.863281,0.965332,3.23486,4.02832,-24.7192,1
618.54,-0.0654297,-0.70459,0.98291,3.23486,3.90625,-24.5972,1
618.55,-0.0864258,-0.77832,0.922852,1.89209,3.72314,-25.3906,1
618.56,-0.0522461,-0.727539,0.849121,2.31934,2.44141,-25.2075,1
618.57,-0.0717773,-0.621094,0.76416,2.01416,2.2583,-26.123,1
618.575,-0.0722656,-0.802734,0.767578,1.70898,1.77002,-26.6113,1
618.585,-0.104492,-0.71582,0.837891,3.54004,0.671387,-26.123,1
618.595,-0.0893555,-0.645996,0.881348,1.58691,1.28174,-27.8931,1
618.605,-0.097168,-0.724121,0.899902,1.95312,0.366211,-27.1606,1
618.615,-0.13623,-0.707031,0.892578,1.89209,-0.427246,-27.71,1
618.625,-0.118164,-0.854492,0.85791,1.0376,-0.976562,-28.6865,1
618.635,-0.0996094,-0.825195,0.941895,2.2583,-1.09863,-28.0762,1
618.645,-0.103027,-0.71875,0.993164,0.671387,-0.0610352,-29.1138,1
618.655,-0.0957031,-0.830078,1.02246,-0.244141,-0.366211,-28.8086,1
618.665,-0.117188,-0.813965,1.01123,-0.549316,-0.244141,-28.1982,1
618.675,-0.106445,-0.784668,1.00488,-2.0752,0.366211,-28.5034,1
618.685,-0.0996094,-0.855957,1.04443,-2.92969,1.0376,-28.3203,1
618.695,-0.0703125,-0.819824,1.02979,-3.479,0.793457,-27.6489,1
618.705,-0.0878906,-0.936523,1.05859,-5.37109,0.854492,-28.4424,1
618.715,-0.0917969,-0.772461,1.05957,-4.63867,1.15967,-27.2827,1
618.72,-0.0947266,-0.801758,1.05908,-6.53076,2.56348,-28.1372,1
618.73,-0.0600586,-0.979004,1.06348,-4.57764,2.38037,-27.0996,1
618.74,-0.0361328,-0.739258,0.985352,-2.68555,1.83105,-26.8555,1
618.75,-0.0356445,-0.866211,0.916992,-2.56348,2.38037,-27.4048,1
618.76,-0.0185547,-0.863281,0.942383,0.0610352,1.58691,-26.7944,1
618.77,-0.0180664,-0.792969,0.924316,0.244141,2.38037,-27.8931,1
618.78,-0.0288086,-0.972168,0.987305,1.52588,1.70898,-27.3438,1
618.79,-0.0200195,-0.902832,1.03662,3.41797,0.732422,-26.9775,1
618.8,0.0473633,-0.713379,0.98584,3.11279,0.183105,-27.4658,1
618.81,0.043457,-0.851562,0.963867,2.13623,0.305176,-28.0762,1
618.82,0.0361328,-0.87793,0.916504,3.72314,0,-26.9775,1
618.83,0.0380859,-0.765625,0.905273,2.86865,-0.244141,-27.6489,1
618.84,4.882812e-04,-0.860352,0.958496,1.09863,-0.976562,-28.2593,1
618.85,0.0244141,-0.808594,0.960449,1.64795,-1.09863,-26.9775,1
618.86,-0.034668,-0.819336,0.962402,-0.0610352,-0.366211,-27.8931,1
618.865,-0.0200195,-0.981934,0.981445,0.183105,-0.671387,-27.5879,1
618.875,-0.0385742,-0.779785,0.945801,0.671387,-0.0610352,-27.1606,1
618.885,-0.0922852,-0.864258,0.990723,-0.610352,0.488281,-27.1606,1
618.895,-0.0966797,-0.874023,1.00537,0.305176,0.305176,-26.6113,1
618.905,-0.0371094,-0.810547,0.95166,1.15967,1.89209,-26.6113,1
618.915,-0.0605469,-0.860352,0.930664,1.83105,2.2583,-26.123,1
618.925,-0.090332,-0.875488,0.936523,2.0752,1.95312,-26.062,1
618.935,-0.166016,-0.77002,0.925781,2.74658,2.68555,-25.6348,1
618.945,-0.196289,-0.853516,0.934082,2.38037,3.66211,-26.062,1
618.955,-0.187988,-0.864258,0.90918,4.45557,3.54004,-25.0244,1
618.965,-0.129883,-0.804688,0.983887,3.23486,3.78418,-26.062,1
618.975,-0.152344,-0.837402,0.974121,3.54004,4.45557,-25.5737,1
618.985,-0.208984,-0.757324,0.950195,2.62451,4.76074,-25.7568,1
618.995,-0.189453,-0.8125,0.954102,0.610352,4.45557,-27.0386,1
619.005,-0.171875,-0.836914,0.918945,1.40381,4.39453,-26.1841,1
619.01,-0.162109,-0.760254,0.949707,0.488281,4.3335,-27.0386,1
619.02,-0.171387,-0.822266,0.935059,0.305176,3.60107,-27.4658,1
619.03,-0.169434,-0.763672,0.895996,0.671387,3.78418,-27.6489,1
619.04,-0.187012,-0.807129,0.917969,0.183105,3.41797,-28.5034,1
619.05,-0.166992,-0.885742,0.886719,0.732422,2.80762,-28.8696,1
619.06,-0.108398,-0.810547,0.908691,2.31934,2.2583,-28.7476,1
619.07,-0.0869141,-0.777832,0.963867,1.83105,1.34277,-30.2734,1
619.08,-0.0830078,-0.8125,0.949219,2.44141,0.488281,-30.7007,1
619.09,-0.135254,-0.73584,0.890625,3.479,0.366211,-30.0293,1
619.1,-0.186035,-0.888672,0.87207,2.92969,0.0610352,-30.9448,1
619.11,-0.154297,-0.783691,0.942871,3.05176,-0.671387,-30.9448,1
619.12,-0.0864258,-0.750488,0.978516,0.671387,-0.305176,-31.7383,1
619.13,-0.0776367,-0.995117,1.04346,0.427246,-1.0376,-31.0059,1
619.14,-0.0625,-0.951172,1.02783,0.244141,-1.70898,-30.8838,1
619.15,-0.0888672,-0.836914,1.00049,-1.15967,-0.610352,-31.189,1
619.16,-0.119141,-0.791504,0.997559,-2.56348,-0.488281,-30.6396,1
619.165,-0.125977,-0.833984,1.00977,-3.60107,-0.915527,-30.4565,1
619.175,-0.0537109,-0.858398,0.99707,-3.72314,-0.732422,-30.4565,1
619.185,-0.0610352,-0.873535,0.996094,-3.05176,0.366211,-29.7852,1
619.195,-0.00732422,-0.940918,1.00391,-3.05176,0.305176,-29.7241,1
619.205,-0.0356445,-0.922852,1.06299,-2.56348,-0.427246,-29.3579,1
619.215,-9.765625e-04,-0.863281,1.04639,-2.01416,0,-28.6865,1
619.225,-0.00390625,-0.887207,0.982422,-1.09863,0.854492,-28.2593,1
619.235,-0.00537109,-0.814453,1.00439,-0.610352,0.427246,-28.1982,1
619.245,0.00292969,-0.888184,1.04395,-0.305176,0.671387,-28.6865,1
619.255,0.012207,-0.928711,0.960938,1.77002,0.366211,-27.2827,1
619.265,0.034668,-0.86377,0.905273,2.38037,0.0610352,-27.5879,1
619.275,0.0678711,-0.814453,1.0127,1.83105,-0.305176,-27.9541,1
619.285,0.0966797,-0.932129,1.05859,1.40381,0,-28.0762,1
619.295,0.0385742,-0.77832,0.961426,2.86865,-0.427246,-26.4893,1
619.305,0.00976562,-0.797363,0.968262,0.549316,-0.854492,-27.71,1
619.315,0.0795898,-1.0127,0.996094,1.46484,-0.549316,-27.0386,1
619.325,0.137695,-0.769531,0.928711,2.92969,-0.793457,-26.123,1
619.335,0.0688477,-0.950684,0.966309,1.0376,-0.427246,-27.1606,1
619.34,0.0473633,-0.95752,1.03076,3.78418,-1.09863,-26.001,1
619.35,0.0136719,-0.667969,0.934082,3.60107,0,-26.3672,1
619.36,0.0615234,-0.855957,0.838379,2.31934,-0.854492,-26.9775,1
619.37,0.11377,-0.873047,0.914062,4.63867,-1.09863,-25.6958,1
619.38,0.124512,-0.688477,0.93457,3.17383,-0.305176,-26.2451,1
619.39,0.050293,-0.817383,0.94873,1.2207,-0.488281,-26.062,1
619.4,0.0273438,-1.00732,0.938477,2.68555,-0.793457,-25.0854,1
619.41,0.0219727,-0.757812,0.924316,4.3335,-0.732422,-24.8413,1
619.42,0.0395508,-0.730957,0.940918,2.01416,0,-26.1841,1
619.43,0.0532227,-0.934082,0.893066,3.23486,0.0610352,-24.7192,1
619.44,0.0385742,-0.774902,0.890137,3.479,0.915527,-24.4141,1
619.45,0.0639648,-0.721191,0.958496,1.0376,1.09863,-24.7192,1
619.46,0.0366211,-0.908203,0.976074,0.854492,1.15967,-24.1699,1
619.47,-0.0219727,-0.875977,0.936035,2.50244,1.2207,-22.8882,1
619.48,-0.0390625,-0.788086,0.917969,0.976562,1.83105,-24.0479,1
619.49,-0.0317383,-0.898438,0.96875,-1.09863,2.99072,-25.0244,1
619.5,-0.0229492,-0.912109,1.05518,0.244141,3.11279,-23.5596,1
619.51,-0.0180664,-0.692383,1.02637,0,3.54004,-23.9868,1
619.52,-0.0146484,-0.817871,0.976562,-0.854492,3.17383,-24.7192,1
619.525,-0.0283203,-0.862793,0.953125,1.64795,3.23486,-23.4375,1
619.535,-0.0517578,-0.68457,0.939453,0.915527,3.2959,-24.4751,1
619.545,-0.034668,-0.95166,0.976562,-0.12207,2.92969,-25.1465,1
619.555,-0.00390625,-0.949707,1.0083,2.86865,3.35693,-23.8647,1
619.565,-0.0234375,-0.664551,1.01416,2.19727,4.08936,-24.8413,1
619.575,-0.0327148,-0.905273,0.974121,1.34277,3.72314,-25.7568,1
619.585,0.00146484,-0.829102,0.902832,4.45557,3.17383,-24.7803,1
619.595,-0.0239258,-0.597168,0.930664,2.74658,3.35693,-26.2451,1
619.605,0.00732422,-0.93457,0.902832,1.77002,2.80762,-26.2451,1
619.615,-0.00976562,-0.851074,0.899902,4.45557,2.68555,-25.3296,1
619.625,-0.046875,-0.607422,0.977539,2.0752,2.80762,-26.9165,1
619.635,-0.0463867,-0.904297,0.960938,1.52588,2.31934,-26.8555,1
619.645,-0.0488281,-0.813477,0.928223,3.90625,1.70898,-26.6113,1
619.655,-0.0864258,-0.618164,0.923828,2.50244,1.46484,-27.4658,1
619.665,-0.0976562,-0.95459,0.922852,1.2207,1.09863,-28.0762,1
619.675,-0.0825195,-0.857422,0.929199,3.41797,1.2207,-26.9775,1
619.685,-0.065918,-0.604004,0.961426,1.58691,1.95312,-28.1982,1
619.69,-0.0664062,-0.901855,0.98877,0.244141,1.83105,-28.1982,1
619.695,-0.0688477,-0.813477,0.978516,2.74658,1.28174,-27.4658,1
619.71,-0.142578,-0.643066,0.924805,0.244141,2.13623,-29.0527,1
619.72,-0.185547,-0.976562,0.876465,0.0610352,2.19727,-28.1372,1
619.73,-0.192383,-0.855957,0.943848,1.83105,1.83105,-28.1372,1
619.735,-0.139648,-0.59375,0.957031,0.549316,2.01416,-29.0527,1
619.745,-0.16748,-0.860352,0.926758,0.183105,2.92969,-29.0527,1
619.755,-0.170898,-0.880371,0.884277,2.50244,2.44141,-28.4424,1
619.765,-0.157227,-0.649902,0.930664,0.854492,2.13623,-29.9072,1
619.775,-0.197754,-0.92627,0.940918,0,2.50244,-29.2358,1
619.785,-0.205078,-0.759766,0.959473,1.89209,2.31934,-28.6865,1
619.795,-0.211426,-0.650391,0.994629,-1.0376,3.23486,-30.7007,1
619.805,-0.0888672,-0.970215,0.942871,0.183105,3.41797,-29.1748,1
619.815,-0.205566,-0.82959,1.04541,0.976562,2.80762,-30.3345,1
619.825,-0.195801,-0.865234,0.921875,0.366211,2.99072,-29.7241,1
619.835,-0.177246,-0.760254,0.930664,0.976562,3.84521,-30.0903,1
619.845,-0.202148,-0.797852,0.922363,-0.793457,2.92969,-31.311,1
619.855,-0.117188,-0.908203,0.974121,0.549316,2.38037,-30.1514,1
619.865,-0.154297,-0.769043,1.00586,-0.12207,2.13623,-30.9448,1
619.875,-0.154297,-0.855469,0.984863,-0.610352,2.50244,-31.311,1
619.88,-0.171387,-0.808594,0.951172,0.12207,2.74658,-30.7007,1
619.89,-0.203125,-0.832031,0.930664,-0.0610352,2.38037,-31.311,1
619.9,-0.161621,-0.931152,0.941406,-0.305176,1.46484,-31.7383,1
619.91,-0.147949,-0.855469,1.01221,0.610352,1.09863,-31.5552,1
619.92,-0.117676,-0.848633,0.96582,0.305176,1.89209,-32.2876,1
619.93,-0.130859,-0.85498,0.949219,0.793457,1.2207,-31.7993,1
619.94,-0.187012,-0.861328,0.925781,0.732422,0.854492,-32.1045,1
619.95,-0.181641,-0.842285,0.941895,0.793457,0.793457,-31.9214,1
619.96,-0.158203,-0.865723,0.986328,1.09863,1.09863,-31.7383,1
619.97,-0.138184,-0.782715,0.998047,0.793457,0.854492,-32.1655,1
619.98,-0.131836,-0.922852,0.989746,-0.244141,0.244141,-32.959,1
619.99,-0.21582,-1.06348,0.994141,2.0752,0.854492,-31.4331,1
620,-0.177734,-0.700684,0.97998,1.0376,0.549316,-32.2266,1
620.01,-0.184082,-0.977539,0.994629,-0.366211,1.0376,-32.5928,1
620.02,-0.144043,-0.969727,0.991699,2.38037,0.244141,-31.5552,1
620.03,-0.148438,-0.693359,1.00928,0.549316,0.427246,-32.6538,1
620.04,-0.137207,-0.994141,1.01123,-0.305176,0.610352,-32.4707,1
620.05,-0.148438,-0.973633,1.00977,1.83105,0.244141,-31.3721,1
620.055,-0.146973,-0.763672,0.952637,0.732422,0.915527,-32.0435,1
620.065,-0.15625,-0.92334,0.95752,0.427246,0.671387,-32.0435,1
620.075,-0.158691,-0.981934,0.974121,2.01416,0.732422,-31.4941,1
620.085,-0.132812,-0.729492,0.967285,2.13623,0.793457,-31.6162,1
620.095,-0.131348,-0.905273,0.921387,0.183105,1.64795,-32.1045,1
620.105,-0.135742,-0.972656,0.969727,2.68555,0.976562,-30.5786,1
620.115,-0.144043,-0.670898,0.944336,1.89209,1.40381,-31.3721,1
620.125,-0.134277,-0.961914,0.894043,0.976562,2.01416,-31.1279,1
620.135,-0.195312,-0.949219,0.956543,3.35693,1.46484,-30.5786,1
620.145,-0.138672,-0.733398,0.919922,1.83105,1.83105,-31.4331,1
620.155,-0.109375,-0.949219,0.931152,1.46484,1.70898,-31.0059,1
620.165,-0.135742,-0.975098,0.945312,2.50244,1.28174,-30.3955,1
620.175,-0.10791,-0.765137,0.95459,2.2583,1.58691,-30.5786,1
620.185,-0.117676,-0.904297,0.918945,1.15967,2.31934,-30.9448,1
620.195,-0.0947266,-0.902832,0.894043,2.19727,1.64795,-30.0903,1
620.205,-0.0893555,-0.814941,0.927734,1.28174,1.95312,-30.5176,1
620.215,-0.0766602,-0.943848,0.92627,1.0376,2.2583,-30.5176,1
620.225,-0.0708008,-0.972656,0.980469,1.46484,1.77002,-30.3345,1
620.235,-0.0742188,-0.766602,0.943359,1.52588,1.70898,-30.0903,1
620.24,-0.114258,-0.928223,0.887207,0.366211,2.62451,-30.0293,1
620.25,-0.112793,-0.873535,0.898926,1.83105,1.83105,-29.541,1
620.26,-0.0766602,-0.725586,0.944336,0.244141,1.46484,-30.7007,1
620.27,-0.0175781,-0.913574,0.890625,0.366211,1.58691,-30.0903,1
620.28,-0.0786133,-0.929199,0.935059,1.52588,0.549316,-29.6021,1
620.29,-0.0195312,-0.754883,0.876465,0.793457,0.488281,-30.5176,1
620.3,-0.0629883,-0.925781,0.91748,0.915527,1.46484,-30.2124,1
620.31,-0.0644531,-0.962891,0.931152,0.244141,0.0610352,-30.7617,1
620.32,-0.0517578,-0.819336,0.905762,1.40381,-0.366211,-29.2358,1
620.33,-0.109863,-0.903809,0.915527,-0.366211,0.793457,-30.2734,1
620.34,-0.0883789,-0.946777,0.916016,0.915527,0.12207,-29.9683,1
620.35,-0.0615234,-0.747559,0.919922,1.40381,1.28174,-29.541,1
620.36,-0.0854492,-0.918945,0.980469,-0.244141,0,-30.0293,1
620.37,-0.0483398,-0.983887,0.938965,1.40381,0.244141,-29.2358,1
620.38,-0.0878906,-0.730957,0.932129,0.976562,1.46484,-29.6631,1
620.39,-0.210938,-0.950684,0.908691,0.0610352,0.976562,-29.3579,1
620.4,-0.177734,-0.960449,0.931152,1.46484,0,-29.0527,1
620.405,-0.129883,-0.802246,0.962402,0.915527,0.976562,-29.1748,1
620.415,-0.114258,-0.938965,1.00439,0.610352,1.52588,-29.3579,1
620.425,-0.112793,-0.919434,0.963867,1.28174,0.610352,-28.6865,1
620.435,-0.181152,-0.852539,0.905762,1.40381,1.15967,-28.5034,1
620.445,-0.192383,-0.871094,0.990234,0.915527,1.64795,-28.9307,1
620.455,-0.160156,-0.927734,0.952148,1.77002,2.19727,-28.4424,1
620.465,-0.119629,-0.9375,0.981934,2.2583,2.01416,-28.5645,1
620.475,-0.135254,-0.888184,0.961426,2.38037,1.70898,-28.8086,1
620.485,-0.160645,-0.863281,0.942871,2.44141,2.2583,-28.7476,1
620.495,-0.206055,-0.780762,0.996094,2.2583,1.77002,-28.6255,1
620.505,-0.180176,-0.827148,0.98877,1.34277,1.64795,-29.0527,1
620.515,-0.15918,-0.92041,0.960449,1.52588,2.56348,-28.9307,1
620.525,-0.128906,-0.947266,0.977539,1.58691,2.0752,-28.8086,1
620.535,-0.149902,-0.901367,1.02002,1.52588,1.70898,-28.9307,1
620.545,-0.167969,-0.894531,0.963867,1.09863,1.83105,-29.1748,1
620.55,-0.193848,-0.935059,0.949707,0.915527,2.01416,-29.3579,1
620.56,-0.158691,-0.758301,0.973145,1.28174,1.89209,-29.0527,1
620.57,-0.123047,-0.797852,0.960449,0.183105,2.19727,-29.48,1
620.58,-0.123047,-0.937988,0.979492,1.46484,1.58691,-28.8086,1
620.59,-0.171875,-0.871094,0.975586,2.01416,1.83105,-28.8696,1
620.6,-0.169434,-0.900879,0.912598,1.2207,2.2583,-29.541,1
620.61,-0.180664,-0.91748,0.945312,2.01416,2.38037,-29.0527,1
620.62,-0.169922,-0.796875,1.00684,1.15967,1.95312,-29.4189,1
620.63,-0.144043,-0.929688,1.01025,0.549316,1.95312,-29.7852,1
620.64,-0.121582,-0.860352,0.962402,2.92969,1.89209,-28.4424,1
620.65,-0.184082,-0.791992,0.960449,2.68555,2.13623,-29.3579,1
620.66,-0.246582,-0.944336,0.931152,3.60107,2.31934,-29.4189,1
620.67,-0.180664,-0.816895,0.935059,4.02832,2.2583,-29.1748,1
620.68,-0.148438,-0.973145,1.02734,2.86865,2.0752,-30.1514,1
620.69,-0.12793,-0.935547,1.05029,3.479,1.46484,-29.2358,1
620.695,-0.153809,-0.783691,1.03271,2.38037,2.13623,-29.9683,1
620.705,-0.209961,-0.977539,0.958496,2.62451,2.38037,-29.9072,1
620.715,-0.208984,-0.875488,0.932129,4.39453,1.58691,-29.2358,1
620.725,-0.139648,-0.720703,0.913574,2.44141,1.28174,-30.9448,1
620.735,-0.0981445,-0.94873,0.95752,2.2583,1.46484,-30.2124,1
620.745,-0.12793,-0.916504,1.01855,2.80762,0.793457,-30.0903,1
620.755,-0.105469,-0.803711,1.02539,1.0376,1.34277,-31.1279,1
620.765,-0.117676,-0.910156,0.918457,0.12207,2.0752,-30.8838,1
620.775,-0.166016,-0.878906,0.900391,1.58691,0.671387,-30.0293,1
620.785,-0.191895,-0.710938,0.910156,-0.12207,-0.12207,-31.7993,1
620.795,-0.0878906,-0.854492,0.900879,-0.793457,0.427246,-31.9824,1
620.805,-0.0795898,-0.913086,0.956543,0.610352,1.0376,-31.0669,1
620.815,-0.0527344,-0.791504,0.966797,0.427246,-0.488281,-31.4941,1
620.825,-0.0888672,-0.881836,0.92041,0.12207,0.427246,-31.7383,1
620.835,-0.137207,-1.02148,0.877441,2.62451,1.34277,-30.5176,1
620.84,-0.236328,-0.810547,0.924805,1.58691,0.0610352,-32.3486,1
620.85,-0.125488,-0.875,0.883301,0.183105,0.12207,-32.5317,1
620.86,-0.0795898,-0.833496,0.961914,1.83105,1.0376,-31.4331,1
620.87,-0.0820312,-0.86084,0.990723,-0.366211,0.671387,-32.959,1
620.88,-0.0571289,-0.870117,0.937988,2.13623,0.427246,-31.0669,1
620.89,-0.157715,-0.862305,0.939453,1.52588,2.01416,-31.3721,1
620.9,-0.18457,-0.916016,0.942383,1.28174,0.793457,-31.189,1
620.91,-0.155273,-0.820801,0.951172,1.70898,1.95312,-31.0059,1
620.92,-0.144531,-0.840332,0.935059,0.488281,2.38037,-31.9824,1
620.93,-0.103516,-0.863281,0.885742,1.83105,2.0752,-31.1279,1
620.94,-0.146973,-0.765625,0.897949,0.366211,2.2583,-32.0435,1
620.95,-0.132324,-0.933594,0.931641,0.488281,2.13623,-31.8604,1
620.96,-0.123535,-0.771973,0.903809,2.56348,3.23486,-30.6396,1
620.97,-0.176758,-0.892578,0.971191,0,3.17383,-31.7993,1
620.98,-0.10791,-0.88623,0.916992,2.19727,2.50244,-30.6396,1
620.99,-0.126953,-0.729004,0.90918,1.89209,4.02832,-31.25,1
621,-0.133789,-0.95752,0.905273,2.0752,3.11279,-31.3721,1
621.01,-0.0917969,-0.769531,0.840332,2.86865,2.50244,-31.6772,1
621.02,-0.0830078,-0.771973,0.853027,2.31934,3.60107,-31.7383,1
621.03,-0.15625,-1.04346,0.944824,2.92969,2.86865,-31.7993,1
621.04,-0.0644531,-0.62207,0.89209,3.05176,2.31934,-32.1045,1
621.05,-0.097168,-0.924316,0.92627,0.732422,2.80762,-31.6772,1
621.06,-0.133301,-0.921875,0.949707,3.66211,2.13623,-31.25,1
621.07,-0.074707,-0.548828,0.907715,0.976562,2.80762,-32.5928,1
621.08,-0.0922852,-1.06934,0.928223,0,2.56348,-31.5552,1
621.085,-0.124023,-0.862793,0.943359,2.74658,1.40381,-31.4331,1
621.095,-0.0942383,-0.699219,0.904297,-0.488281,2.19727,-32.8369,1
621.105,-0.0800781,-0.981445,0.929688,0,1.70898,-31.7383,1
621.115,-0.10791,-0.862793,1.00049,0.244141,1.15967,-31.7993,1
621.125,-0.0390625,-0.713379,0.975586,-1.28174,0.366211,-31.9214,1
621.135,-0.0600586,-0.921875,0.974121,-1.09863,1.2207,-31.4331,1
621.145,-0.0463867,-0.85498,0.967285,0.610352,0.305176,-30.8838,1
621.155,0.0234375,-0.755371,0.98291,-0.488281,-0.488281,-31.9214,1
621.165,0.0146484,-0.972656,1.02539,0.488281,-0.732422,-30.9448,1
621.175,0.03125,-0.841797,1.05762,1.77002,-1.58691,-30.7617,1
621.185,0.0366211,-0.837891,1.00049,1.70898,-1.2207,-31.0669,1
621.195,0.0732422,-0.88916,0.998047,2.74658,-2.19727,-30.0293,1
621.205,0.0644531,-0.855957,1.01562,3.72314,-2.74658,-29.9072,1
621.215,0.0986328,-0.834961,1.00586,4.08936,-2.92969,-29.541,1
621.225,0.114258,-0.939941,1.09912,4.45557,-3.54004,-29.4189,1
621.23,0.0942383,-0.900879,1.09082,5.7373,-3.66211,-28.0151,1
621.24,0.107422,-0.727539,1.02979,4.3335,-3.90625,-28.2593,1
621.25,0.120605,-0.944824,1.02832,3.05176,-4.5166,-28.1982,1
621.26,0.127441,-0.864258,1.03125,4.88281,-4.3335,-26.4282,1
621.27,0.149414,-0.733398,1.021,2.2583,-4.76074,-26.7944,1
621.28,0.163086,-0.890137,1.03174,1.83105,-4.82178,-25.8179,1
621.29,0.168457,-0.748047,1.00146,1.2207,-4.02832,-25.0854,1
621.3,0.164062,-0.776367,1.02246,-0.549316,-3.78418,-25.1465,1
621.31,0.208496,-0.78125,1.01855,-0.976562,-3.90625,-23.8037,1
621.32,0.17334,-0.810547,1.00098,-2.19727,-3.23486,-23.2544,1
621.33,0.172363,-0.796875,0.976562,-1.95312,-3.2959,-21.9727,1
621.34,0.196289,-0.680664,0.959961,-2.68555,-2.01416,-21.6675,1
621.35,0.180664,-0.76416,1.00635,-2.80762,-1.40381,-21.0571,1
621.36,0.198242,-0.693359,1.0166,-0.854492,-0.793457,-19.5923,1
621.37,0.145508,-0.691406,1.00195,0.0610352,-0.12207,-19.6533,1
621.375,0.179688,-0.881836,0.961914,3.17383,0.12207,-18.3716,1
621.385,0.250488,-0.671387,1.00537,6.10352,0.366211,-18.3105,1
621.395,0.203613,-0.720215,1.02148,6.95801,1.58691,-18.0054,1
621.405,0.234375,-0.882812,0.964355,9.0332,1.28174,-17.5171,1
621.415,0.238281,-0.63916,1.00586,10.8643,2.2583,-16.4185,1
621.425,0.145508,-0.759277,1.06006,8.05664,2.86865,-17.2729,1
621.435,0.181152,-0.973145,1.02051,9.94873,2.38037,-16.2354,1
621.445,0.227539,-0.538574,0.977051,10.8032,2.86865,-15.9912,1
621.455,0.243164,-0.419922,1.00049,5.43213,2.31934,-17.5781,1
621.465,0.258301,-0.788086,0.90625,4.39453,2.0752,-17.0898,1
621.475,0.240723,-0.636719,0.862793,5.18799,2.19727,-16.9678,1
621.48,0.243164,-0.421875,0.926758,1.83105,1.46484,-18.3105,1
621.49,0.240234,-0.743652,0.994141,-0.183105,1.34277,-18.7988,1
621.5,0.21582,-0.594727,0.924316,0.671387,0.305176,-18.8599,1
621.51,0.25293,-0.310059,0.945312,-3.11279,-0.12207,-20.5688,1
621.52,0.280762,-0.666016,0.947754,-5.49316,-1.15967,-21.0571,1
621.53,0.255371,-0.567383,0.969727,-2.0752,-1.28174,-20.5688,1
621.54,0.240234,-0.360352,0.952637,-3.35693,-1.09863,-22.2168,1
621.55,0.229492,-0.793457,0.961426,-2.44141,-1.34277,-22.3389,1
621.56,0.27002,-0.726562,1.02832,2.0752,-2.38037,-22.2168,1
621.57,0.320312,-0.478516,1.15918,1.89209,-2.31934,-23.1323,1
621.58,0.331055,-0.705078,1.15186,1.52588,-2.44141,-23.1934,1
621.59,0.282227,-0.691895,0.970703,4.08936,-2.38037,-22.4609,1
621.6,0.24707,-0.553223,0.947754,3.84521,-2.2583,-23.1323,1
621.61,0.34082,-0.692383,1.02246,4.45557,-2.01416,-23.0713,1
621.62,0.412109,-0.641113,0.992676,5.37109,-1.2207,-22.644,1
621.63,0.320312,-0.695312,1.07617,4.69971,-0.915527,-22.583,1
621.64,0.275879,-0.706055,1.0415,4.39453,-1.46484,-22.0947,1
621.65,0.285645,-0.586914,0.98584,3.35693,-1.0376,-22.0337,1
621.66,0.358398,-0.541992,0.977051,1.34277,-0.549316,-22.8271,1
621.665,0.433105,-0.707031,0.987305,0.549316,-0.305176,-22.4609,1
621.675,0.405762,-0.585449,0.934082,0.793457,0,-21.8506,1
621.685,0.383789,-0.579102,0.915527,-1.77002,0.244141,-22.522,1
621.695,0.334961,-0.734375,0.995605,-2.01416,1.0376,-21.6675,1
621.705,0.299805,-0.515625,1.0625,-2.62451,1.15967,-22.0947,1
621.715,0.347168,-0.586914,0.990234,-5.00488,1.83105,-22.3999,1
621.725,0.403809,-0.61377,0.998535,-3.96729,1.40381,-22.2168,1
621.735,0.424805,-0.603516,1.05176,-4.08936,2.19727,-22.9492,1
621.745,0.416504,-0.759766,0.971191,-2.13623,1.95312,-22.583,1
621.755,0.346191,-0.621582,1.03174,-0.427246,2.0752,-22.7661,1
621.765,0.32373,-0.642578,1.04053,-0.793457,2.19727,-23.8037,1
621.775,0.322266,-0.713867,0.959961,1.40381,1.70898,-23.4375,1
621.785,0.321777,-0.65625,0.949707,3.23486,1.89209,-23.8647,1
621.795,0.357422,-0.631348,0.959473,4.27246,1.34277,-24.4751,1
621.805,0.369629,-0.685059,0.927734,4.82178,1.52588,-24.7192,1
621.81,0.402832,-0.729492,0.933594,5.79834,1.0376,-24.353,1
621.82,0.365234,-0.620117,0.930664,5.92041,0.915527,-24.231,1
621.83,0.29248,-0.757324,0.922363,4.57764,1.46484,-24.6582,1
621.84,0.293945,-0.75293,0.946777,5.31006,0.549316,-24.4751,1
621.85,0.390625,-0.583496,0.961426,3.72314,0.12207,-25.1465,1
621.86,0.476074,-0.575195,0.96582,1.52588,-0.732422,-25.5737,1
621.87,0.484375,-0.662109,0.90332,0.0610352,-1.0376,-25.6348,1
621.88,0.419922,-0.649902,0.847168,-0.610352,-1.15967,-25.2686,1
621.89,0.378418,-0.635742,0.893066,-2.31934,-1.46484,-25.7568,1
621.9,0.4375,-0.695801,0.977051,-2.62451,-1.77002,-25.6958,1
621.91,0.479004,-0.674805,1.05566,-3.41797,-1.58691,-25.9399,1
621.92,0.486328,-0.692383,1.09375,-3.479,-1.83105,-26.062,1
621.93,0.423828,-0.723633,1.00293,-3.41797,-1.40381,-25.9399,1
621.94,0.378906,-0.791016,0.975098,-2.44141,-2.01416,-25.7568,1
621.95,0.467285,-0.655273,0.998535,-1.58691,-1.52588,-26.123,1
621.955,0.476074,-0.748535,0.989258,-2.31934,0,-26.4282,1
621.965,0.377441,-0.893555,1.00244,-1.15967,-0.183105,-25.5127,1
621.975,0.285645,-0.700684,1.07812,-0.732422,0,-24.9023,1
621.985,0.270996,-0.671875,1.0293,-2.0752,-0.183105,-24.9634,1
621.995,0.299805,-0.931152,0.977051,-0.976562,0,-24.4141,1
622.005,0.394043,-0.693848,0.990234,1.15967,0.305176,-24.1699,1
622.015,0.407715,-0.676758,0.962891,-1.28174,1.46484,-24.4751,1
622.025,0.318848,-0.992676,0.989746,-0.793457,0.915527,-23.4985,1
622.035,0.229492,-0.751465,1.05225,1.2207,1.58691,-22.644,1
622.045,0.227051,-0.581055,1.02002,-0.427246,2.13623,-23.3154,1
622.055,0.305664,-0.927734,0.932617,-0.854492,2.19727,-23.0103,1
622.065,0.319336,-0.892578,0.911133,2.0752,1.52588,-22.2778,1
622.075,0.266602,-0.652832,0.992188,1.89209,2.01416,-22.3999,1
622.085,0.327148,-0.758789,0.937988,0.366211,1.89209,-23.2544,1
622.095,0.30957,-0.779297,0.966797,1.40381,2.56348,-22.3389,1
622.1,0.216309,-0.808105,1.00244,0.488281,2.62451,-22.522,1
622.11,0.195801,-0.786133,0.980957,1.0376,1.95312,-21.7896,1
622.12,0.224121,-0.753906,0.936035,0.915527,2.99072,-22.1558,1
622.13,0.305664,-0.753418,0.920898,1.15967,2.74658,-22.0947,1
622.14,0.275879,-0.667969,0.935059,0.12207,2.68555,-22.2168,1
622.15,0.203125,-0.786621,1.00537,-1.2207,2.38037,-22.3999,1
622.16,0.205566,-0.816406,0.996582,0,2.80762,-21.4233,1
622.17,0.212891,-0.629395,0.901855,-0.244141,2.50244,-21.6675,1
622.18,0.246094,-0.848633,0.907715,-1.70898,2.13623,-22.522,1
622.19,0.267578,-0.774902,0.937988,0.244141,1.77002,-21.6064,1
622.2,0.212891,-0.556152,0.913086,-1.70898,2.56348,-22.522,1
622.21,0.163574,-0.912109,0.982422,-2.01416,2.0752,-22.4609,1
622.22,0.187012,-0.740234,0.941895,1.95312,1.2207,-21.6675,1
622.23,0.25,-0.474121,0.941895,0.427246,1.58691,-22.583,1
622.24,0.299805,-0.925293,1.01709,-0.12207,1.40381,-22.7661,1
622.245,0.26709,-0.88623,0.943359,3.11279,1.2207,-21.9727,1
622.255,0.218262,-0.625977,0.908691,2.13623,1.52588,-22.8271,1
622.265,0.23291,-0.813477,0.947266,1.2207,0.915527,-22.644,1
622.275,0.272461,-0.769043,1.01562,2.38037,0.671387,-22.644,1
622.285,0.289551,-0.645508,1.01855,1.64795,1.15967,-23.0103,1
622.295,0.280762,-0.78418,0.944824,1.64795,0.305176,-22.4609,1
622.305,0.288574,-0.753418,0.900391,2.62451,-0.366211,-22.522,1
622.315,0.298828,-0.710938,0.949219,2.50244,0,-23.0103,1
622.325,0.301758,-0.731445,0.993164,3.60107,0.366211,-22.3999,1
622.335,0.3125,-0.76709,1.04199,3.05176,0.12207,-22.583,1
622.345,0.312988,-0.721191,0.980469,2.62451,-0.732422,-22.0947,1
622.355,0.291992,-0.726074,0.974609,1.46484,-0.183105,-22.2168,1
622.365,0.302734,-0.785156,1.03711,2.2583,-0.183105,-21.6064,1
622.375,0.338379,-0.682617,1.05518,2.56348,-0.12207,-21.6064,1
622.385,0.338867,-0.681641,0.985352,2.13623,0.244141,-21.5454,1
622.39,0.282227,-0.734375,0.975098,2.68555,-0.0610352,-20.4468,1
622.4,0.30127,-0.713379,1.04883,2.38037,-0.427246,-20.2637,1
622.41,0.317871,-0.625,1.00732,1.64795,0,-20.2637,1
622.42,0.297852,-0.776367,0.959473,1.64795,0.183105,-19.6533,1
622.43,0.288086,-0.672852,0.958984,2.50244,-0.427246,-19.3481,1
622.44,0.303223,-0.612793,0.97998,0.854492,0.12207,-19.6533,1
622.45,0.306641,-0.756348,1.00537,1.77002,0.671387,-18.3716,1
622.46,0.282715,-0.629883,0.996582,1.95312,0.732422,-18.3105,1
622.47,0.305664,-0.65332,0.991211,0.915527,1.0376,-18.6157,1
622.48,0.288574,-0.757324,0.962402,1.28174,0.854492,-18.2495,1
622.49,0.302246,-0.700195,0.941895,1.77002,0.610352,-17.5781,1
622.5,0.277832,-0.609863,0.962891,0.793457,0.793457,-18.0054,1
622.51,0.26709,-0.755371,0.992188,-0.12207,1.46484,-18.4326,1
622.52,0.313477,-0.638184,1.00781,0.976562,1.28174,-17.7612,1
622.53,0.33252,-0.569824,1.00146,-0.549316,1.34277,-18.6157,1
622.54,0.315918,-0.788574,1.00781,0.0610352,1.15967,-17.9443,1
622.55,0.310547,-0.668945,0.999023,1.0376,1.0376,-18.2495,1
622.555,0.342285,-0.577637,0.949707,0,1.77002,-18.9819,1
622.565,0.34082,-0.711914,0.964355,-0.488281,1.52588,-19.104,1
622.575,0.312988,-0.728516,0.984863,0.244141,0.854492,-18.8599,1
622.585,0.291016,-0.692383,0.983398,0.366211,0.976562,-19.5923,1
622.595,0.339355,-0.685059,0.986816,-0.0610352,0.854492,-20.0806,1
622.605,0.336426,-0.715332,0.999023,0,0.671387,-20.5688,1
622.615,0.371582,-0.620117,0.946289,0.854492,0.305176,-20.2637,1
622.625,0.396973,-0.665039,0.915527,-0.183105,0.427246,-21.3013,1
622.635,0.373535,-0.744141,0.964844,0.549316,0.244141,-20.813,1
622.645,0.366699,-0.617676,0.98877,-0.183105,0.366211,-21.2402,1
622.655,0.382812,-0.702637,0.986816,-1.28174,0.366211,-21.8506,1
622.665,0.386719,-0.724121,1.02881,-0.244141,0.366211,-21.5454,1
622.675,0.407715,-0.61377,0.944824,0,0.305176,-21.9116,1
622.685,0.432617,-0.664551,0.879883,0,0.305176,-22.0947,1
622.695,0.483887,-0.646484,0.966797,0.183105,-0.0610352,-21.9727,1
622.705,0.400391,-0.685547,1.01221,-0.12207,0.671387,-22.3389,1
622.715,0.32959,-0.700684,0.936035,0.427246,0.549316,-21.7896,1
622.725,0.363281,-0.679688,1.02002,0.305176,0.305176,-22.2168,1
622.735,0.462402,-0.605469,0.977051,0.366211,0.549316,-21.9727,1
622.74,0.49707,-0.695312,0.914062,0,1.0376,-21.9116,1
622.75,0.40625,-0.713867,0.966797,0.244141,0.732422,-21.3623,1
622.76,0.341309,-0.651367,1.01074,-0.671387,0.732422,-21.6675,1
622.77,0.366211,-0.732422,0.957031,-0.305176,1.09863,-20.9961,1
622.78,0.407715,-0.644531,1.02197,-0.610352,0.793457,-21.1792,1
622.79,0.452637,-0.663574,1.03906,-1.89209,0.488281,-21.8506,1
622.8,0.38623,-0.664062,0.98291,-1.09863,0.0610352,-20.752,1
622.81,0.357422,-0.634277,0.946289,-0.610352,0.549316,-20.6909,1
622.82,0.388672,-0.72998,0.922852,-0.610352,0.244141,-20.9351,1
622.83,0.435547,-0.73877,0.962891,0.488281,0,-20.2026,1
622.84,0.469727,-0.677734,1.06494,-0.244141,-0.244141,-20.6299,1
622.85,0.386719,-0.665039,1.0835,-1.2207,-0.793457,-20.813,1
622.86,0.359375,-0.719238,0.952637,-1.58691,-0.305176,-20.5688,1
622.87,0.395508,-0.666016,0.934082,-0.915527,-0.732422,-19.7754,1
622.88,0.402832,-0.665527,0.939941,-1.95312,-0.366211,-20.3247,1
622.89,0.45459,-0.770996,0.96875,-1.2207,-0.610352,-19.4702,1
622.9,0.432129,-0.669922,1.05615,-1.40381,-0.671387,-20.0806,1
622.905,0.457031,-0.668457,1.08838,-2.38037,-1.0376,-20.1416,1
622.915,0.41748,-0.811035,1.07764,-2.74658,-1.2207,-19.2871,1
622.925,0.375977,-0.739746,1.04688,-2.44141,-1.34277,-18.6768,1
622.935,0.372559,-0.667969,1.03174,-2.74658,-0.366211,-19.104,1
622.945,0.424805,-0.695312,1.02197,-2.38037,-0.793457,-18.7988,1
622.955,0.489746,-0.696777,1.03467,-1.77002,-1.0376,-18.8599,1
622.965,0.42334,-0.721191,1.05713,-0.854492,-0.366211,-18.7378,1
622.975,0.403809,-0.754883,1.00977,0.793457,-0.793457,-17.8223,1
622.985,0.389648,-0.678223,0.998535,1.09863,-0.732422,-17.9443,1
622.995,0.358398,-0.770508,1.0166,1.77002,-0.0610352,-17.4561,1
623.005,0.374023,-0.797363,0.996094,3.2959,0.427246,-16.8457,1
623.015,0.441406,-0.63623,0.94873,3.54004,0.305176,-16.9678,1
623.025,0.461914,-0.666504,0.894531,2.44141,0.305176,-17.2119,1
623.035,0.408203,-0.82373,1.00488,3.66211,0.183105,-16.2354,1
623.045,0.364746,-0.527344,0.987793,4.3335,0.305176,-16.1133,1
623.055,0.433105,-0.699707,0.98584,2.01416,1.15967,-15.8691,1
623.06,0.397949,-0.954102,1.02832,3.90625,0.976562,-14.8315,1
623.07,0.451172,-0.59668,0.975586,4.08936,1.40381,-15.0146,1
623.08,0.418945,-0.6875,0.966797,1.09863,1.95312,-15.5029,1
623.09,0.382324,-0.828125,0.942871,2.0752,1.0376,-15.1367,1
623.1,0.36377,-0.507324,0.996582,2.2583,1.70898,-15.5029,1
623.11,0.399902,-0.568848,1.00732,0.549316,2.19727,-15.7471,1
623.12,0.421875,-0.786621,0.96875,1.09863,2.01416,-15.0757,1
623.13,0.351562,-0.704102,0.905762,1.77002,1.58691,-14.8315,1
623.14,0.335449,-0.718262,0.958496,1.2207,2.2583,-15.0146,1
623.15,0.299805,-0.663086,1.01221,1.28174,2.56348,-15.1367,1
623.16,0.334961,-0.63916,0.916504,0.244141,2.38037,-15.625,1
623.17,0.344727,-0.75293,0.957031,-0.0610352,2.2583,-15.8691,1
623.18,0.291992,-0.576172,0.991211,0.488281,1.89209,-15.686,1
623.19,0.353027,-0.603027,0.918945,-0.0610352,2.13623,-15.9302,1
623.2,0.325684,-0.68457,0.936523,1.58691,1.40381,-15.3198,1
623.205,0.319336,-0.583984,0.927734,1.0376,1.2207,-15.8691,1
623.215,0.290527,-0.715332,0.962402,0.427246,1.52588,-15.7471,1
623.225,0.226562,-0.663574,1.0249,1.15967,0.915527,-15.3198,1
623.235,0.30127,-0.617188,0.966797,0.366211,1.09863,-16.4185,1
623.245,0.30127,-0.644043,0.933105,1.09863,0.671387,-15.9302,1
623.255,0.32373,-0.708496,0.968262,0.976562,0.732422,-16.3574,1
623.265,0.307129,-0.605469,0.997559,1.83105,0.0610352,-15.686,1
623.275,0.302734,-0.617188,0.987305,0.366211,0.427246,-16.4185,1
623.285,0.273926,-0.727051,0.978516,0.793457,0.366211,-15.686,1
623.295,0.264648,-0.623535,0.990234,0.366211,0.0610352,-15.8691,1
623.3,0.325684,-0.703613,0.985352,-0.915527,-0.12207,-16.4185,1
623.31,0.291992,-0.736328,1.03369,-0.610352,-0.12207,-16.1133,1
623.32,0.30127,-0.6875,1.04004,-0.244141,0.12207,-15.9912,1
623.33,0.245605,-0.603027,1.05322,-1.34277,0,-16.5405,1
623.34,0.316406,-0.703613,0.989258,-2.92969,-0.183105,-16.7847,1
623.35,0.294922,-0.672363,1.02295,-2.56348,0.183105,-16.1743,1
623.36,0.192383,-0.726074,1.06445,-3.479,0.671387,-17.1509,1
623.37,0.247559,-0.770996,1.03174,-2.62451,0.244141,-16.9067,1
623.38,0.290527,-0.724121,1.02881,-2.74658,0.854492,-17.4561,1
623.39,0.282227,-0.813965,1.12109,-2.68555,1.09863,-17.7002,1
623.4,0.197266,-0.671875,1.06006,-2.0752,1.34277,-17.395,1
623.41,0.174316,-0.700684,0.956055,-2.86865,1.77002,-18.1274,1
623.42,0.183594,-0.875977,0.964355,-1.70898,1.40381,-18.0054,1
623.43,0.198242,-0.71582,1.04199,-0.610352,1.46484,-18.4937,1
623.44,0.208984,-0.726074,1.06543,-0.854492,2.38037,-18.8599,1
623.445,0.195801,-0.836914,1.08887,0.0610352,1.95312,-18.7378,1
623.455,0.165527,-0.70166,1.00635,1.09863,2.13623,-18.4937,1
623.465,0.115234,-0.728516,0.874023,0.305176,2.74658,-18.8599,1
623.475,0.0947266,-0.776367,0.834961,0.671387,2.2583,-18.9209,1
623.485,0.0908203,-0.746094,0.925781,1.09863,3.17383,-19.3481,1
623.495,0.102539,-0.734863,0.995605,1.95312,2.92969,-19.4092,1
623.505,0.0766602,-0.669922,0.958496,1.40381,3.35693,-19.6533,1
623.515,0.046875,-0.793945,0.943848,1.09863,3.41797,-19.7144,1
623.525,0.00146484,-0.765137,0.901367,2.38037,3.2959,-18.7378,1
623.535,0.00195312,-0.599609,0.880371,1.28174,3.54004,-19.6533,1
623.545,0.00439453,-0.871582,0.891113,0.183105,3.78418,-20.2637,1
623.555,0.00244141,-0.804688,0.945312,2.92969,3.66211,-19.4092,1
623.565,-0.00976562,-0.522949,0.906738,0.549316,3.72314,-20.9961,1
623.575,-0.0415039,-0.911133,0.947266,-0.366211,4.08936,-20.5688,1
623.585,-0.0439453,-0.785156,0.952637,1.95312,3.2959,-20.2026,1
623.595,-0.0283203,-0.616699,0.896484,-0.854492,3.66211,-21.7896,1
623.605,-0.0205078,-0.977051,0.875488,-1.40381,3.35693,-21.5454,1
623.615,-0.0263672,-0.672852,0.889648,0.305176,2.38037,-21.7285,1
623.62,-0.00146484,-0.647461,0.891602,-3.05176,2.62451,-23.0103,1
623.63,-0.0131836,-0.912109,0.916016,-0.854492,1.95312,-21.9116,1
623.64,-0.0102539,-0.734375,0.911133,-0.732422,1.64795,-23.1934,1
623.65,-0.0126953,-0.789551,0.941895,-2.31934,1.77002,-23.8647,1
623.66,-0.0239258,-0.895996,0.98877,-1.83105,1.77002,-23.3765,1
623.67,-0.00878906,-0.76709,0.978516,-2.19727,1.28174,-24.0479,1
623.68,9.765625e-04,-0.820312,0.939453,-2.86865,1.64795,-24.0479,1
623.69,0.0131836,-0.933105,1.00684,-2.0752,1.58691,-23.9258,1
623.7,-0.00927734,-0.85498,1.05127,-1.34277,1.52588,-23.9868,1
623.71,-0.00732422,-0.872559,1.04102,-2.0752,2.0752,-24.353,1
623.72,-0.0253906,-0.973633,1.06592,-1.40381,2.0752,-23.4375,1
623.73,-0.0273438,-0.782715,1.00928,-1.09863,1.95312,-23.5596,1
623.74,0.0175781,-0.970703,0.980469,-1.89209,2.99072,-23.8647,1
623.75,-0.0219727,-0.962891,1.02979,0.610352,2.80762,-23.0713,1
623.76,-0.019043,-0.794434,1.04443,0.12207,2.86865,-23.5596,1
623.77,-0.0234375,-0.855957,0.958008,0.12207,2.80762,-23.3765,1
623.78,-0.0214844,-0.873535,0.92041,0.671387,3.05176,-23.3765,1
623.79,-0.0224609,-0.866699,0.909668,1.0376,3.2959,-23.2544,1
623.8,-0.0366211,-0.916016,0.980957,1.2207,2.62451,-23.4985,1
623.805,-0.0200195,-0.867676,0.927246,1.77002,2.50244,-23.3154,1
623.815,-0.0141602,-0.80957,0.962891,2.31934,3.23486,-23.3154,1
623.825,-0.0205078,-0.850586,0.875977,1.83105,2.74658,-23.8647,1
623.835,0.0317383,-0.965332,0.825684,1.70898,2.01416,-23.9258,1
623.845,0.012207,-0.833984,0.939941,2.31934,2.38037,-23.3154,1
623.855,0.00488281,-0.697266,1.00098,-0.183105,1.83105,-24.6582,1
623.865,0.0219727,-0.987793,0.908203,0,2.13623,-23.3765,1
623.875,0.00244141,-0.955566,0.9375,1.95312,1.52588,-23.4985,1
623.885,0.0512695,-0.758301,0.964844,0.488281,1.40381,-24.231,1
623.895,0.0683594,-0.944336,0.940918,0.12207,1.58691,-23.7427,1
623.905,0.0400391,-0.891602,0.953125,0.793457,1.2207,-23.6206,1
623.915,0.0693359,-0.829102,0.925293,0,1.15967,-24.1089,1
623.925,0.0805664,-1.00049,0.950684,0.183105,0.610352,-23.7427,1
623.935,0.0898438,-0.833496,0.942871,1.28174,0.183105,-23.3154,1
623.945,0.101074,-0.738281,0.958008,-0.305176,0.793457,-24.1089,1
623.955,0.0668945,-0.991211,0.92334,-0.366211,0.549316,-23.7427,1
623.965,0.11377,-0.899902,0.886719,1.52588,-0.244141,-22.7051,1
623.975,0.130371,-0.871094,0.911133,0.183105,0,-23.3765,1
623.98,0.130859,-0.965332,1.04443,0.305176,-0.732422,-23.3154,1
623.99,0.0981445,-0.84375,1.0127,0.0610352,0.12207,-23.1323,1
624,0.046875,-0.908203,0.942383,0.854492,0,-22.0337,1
624.01,0.0825195,-0.828125,0.921875,1.2207,-0.610352,-22.2168,1
624.02,0.166016,-0.936523,0.928223,1.46484,0.12207,-22.1558,1
624.03,0.118652,-0.954102,0.993164,3.41797,0.366211,-21.2402,1
624.04,0.0839844,-0.848145,1.04248,2.62451,-0.0610352,-21.7896,1
624.05,0.111816,-0.943848,0.971191,2.86865,0.244141,-20.5688,1
624.06,0.101074,-0.864746,0.944336,2.50244,0.183105,-20.5688,1
624.07,0.131836,-0.919922,0.873047,1.2207,0.427246,-20.9961,1
624.08,0.116211,-0.983398,0.93457,2.68555,0.549316,-19.5923,1
624.09,0.081543,-0.845703,1.0708,2.2583,0.488281,-20.0195,1
624.1,0.151855,-0.911621,0.989746,1.52588,0.549316,-19.9585,1
624.11,0.133301,-0.854004,0.912109,1.83105,1.0376,-19.165,1
624.12,0.105469,-0.882324,0.959473,0.549316,0.366211,-19.165,1
624.125,0.09375,-0.967285,1.01758,0.488281,0.366211,-19.104,1
624.135,0.0712891,-0.792969,0.994141,1.0376,0.793457,-18.6768,1
624.145,0.0981445,-0.92627,0.934082,0.12207,1.15967,-19.3481,1
624.155,0.165039,-0.992188,0.917969,1.95312,-0.0610352,-18.7378,1
624.165,0.144531,-0.773926,0.970215,2.31934,0.732422,-18.6768,1
624.175,0.0893555,-0.822754,1.08008,-0.244141,0.488281,-20.0195,1
624.185,0.0776367,-0.933105,0.952637,1.95312,0.305176,-18.3716,1
624.195,0.0473633,-0.827637,0.920898,3.35693,0.610352,-18.6768,1
624.205,0.10498,-0.904785,0.965332,2.56348,-0.0610352,-19.8364,1
624.215,0.174316,-0.80127,0.923828,4.21143,-0.12207,-18.8599,1
624.225,0.166992,-0.912598,1.02637,3.05176,0.732422,-19.2261,1
624.235,0.150879,-0.944824,1.03809,4.08936,-0.305176,-18.9209,1
624.245,0.149414,-0.780762,0.944824,2.74658,0,-19.6533,1
624.255,0.132812,-0.933105,0.923828,3.05176,-0.427246,-18.2495,1
624.265,0.142578,-0.821777,0.983887,2.74658,-0.976562,-19.5923,1
624.27,0.20459,-0.763184,1.00635,2.68555,-0.12207,-19.2871,1
624.28,0.198242,-0.853027,1.01514,2.01416,0.183105,-19.5312,1
624.29,0.208496,-0.829102,0.984863,1.58691,-1.0376,-19.104,1
624.3,0.11084,-0.825195,0.92041,1.0376,-0.976562,-18.9209,1
624.31,0.09375,-0.972656,1.01709,0.976562,-0.183105,-19.104,1
624.32,0.124023,-0.804199,0.982422,2.74658,0.183105,-18.4326,1
624.33,0.211914,-0.678711,0.95459,1.09863,0.366211,-19.6533,1
624.34,0.234375,-0.930176,0.931641,0.305176,-0.12207,-19.165,1
624.35,0.15918,-0.76123,0.937012,1.83105,-0.671387,-18.0664,1
624.36,0.112793,-0.816895,0.942871,0.244141,0.854492,-18.7988,1
624.37,0.111328,-0.936035,1.0166,2.56348,0.610352,-18.1885,1
624.38,0.129395,-0.674316,0.976074,1.28174,0.915527,-18.9209,1
624.39,0.123535,-0.837891,0.939941,0,0.671387,-18.3716,1
624.4,0.0742188,-0.928711,0.99707,1.15967,0.610352,-18.1274,1
624.41,0.143555,-0.714355,0.99707,1.15967,1.40381,-18.1885,1
624.415,0.121094,-0.806152,0.960938,-0.12207,2.19727,-18.3105,1
624.425,0.00878906,-0.955078,0.993164,0.244141,1.34277,-18.0054,1
624.435,0.0136719,-0.692383,0.950195,0.793457,1.89209,-17.8223,1
624.445,0.0185547,-0.581055,0.968262,-2.2583,2.38037,-19.165,1
624.455,0.0424805,-1.03906,0.928223,-2.68555,2.31934,-18.3716,1
624.465,-0.0258789,-0.771973,0.886719,0.366211,2.01416,-17.5781,1
624.475,-0.113281,-0.581543,0.939453,-2.44141,2.50244,-18.6157,1
624.485,-0.126953,-0.92627,0.964355,-1.64795,2.62451,-18.3716,1
624.495,-0.0844727,-0.743652,0.947754,0.610352,3.11279,-18.1274,1
624.505,-0.0932617,-0.654785,0.949707,-1.40381,3.66211,-19.8364,1
624.515,-0.0527344,-0.87793,0.935059,-0.976562,3.35693,-19.2261,1
624.525,-0.0371094,-0.762695,0.923828,0.915527,3.66211,-18.6768,1
624.535,-0.0356445,-0.661133,0.983887,-0.183105,3.41797,-19.9585,1
624.545,0.0195312,-0.893555,0.923828,0.366211,3.60107,-19.5312,1
624.555,-0.00244141,-0.729492,0.899902,2.44141,3.17383,-19.104,1
624.56,-0.0532227,-0.745605,0.971191,0.366211,3.35693,-20.2637,1
624.57,-0.0957031,-0.861328,1.02002,1.58691,2.80762,-19.2261,1
624.58,-0.125,-0.67041,0.942871,2.13623,3.17383,-19.165,1
624.59,-0.0673828,-0.719238,0.966797,1.15967,3.41797,-19.8975,1
624.6,0.0273438,-0.785645,0.961426,2.38037,3.17383,-19.2261,1
624.61,0.0317383,-0.661621,0.957031,3.05176,2.68555,-18.8599,1
624.62,0.0107422,-0.754395,0.961914,2.50244,2.31934,-19.3481,1
624.63,-0.0712891,-0.714355,0.918457,3.90625,2.0752,-18.3716,1
624.64,-0.120605,-0.70166,0.904785,3.479,2.99072,-19.043,1
624.65,-0.140625,-0.697266,0.894531,5.12695,2.62451,-17.5171,1
624.66,-0.150879,-0.663086,0.916016,5.7373,2.56348,-17.7612,1
624.67,-0.0932617,-0.639648,0.913574,6.89697,2.74658,-17.395,1
624.68,-0.0795898,-0.675293,0.924805,7.62939,2.86865,-17.0288,1
624.69,-0.131836,-0.614258,0.951172,8.48389,2.19727,-16.2964,1
624.695,-0.14209,-0.550781,0.977051,8.36182,1.70898,-16.1743,1
624.705,-0.139648,-0.667969,0.961426,8.78906,2.56348,-15.5029,1
624.715,-0.0932617,-0.567383,0.961914,10.376,2.13623,-13.5498,1
624.725,-0.0571289,-0.470215,0.88623,8.60596,2.38037,-13.9771,1
624.735,-0.0795898,-0.50293,0.82959,8.23975,2.38037,-12.4512,1
624.745,-0.13916,-0.478516,0.923828,7.75146,2.50244,-11.7798,1
624.755,-0.116211,-0.465332,0.960938,7.14111,2.31934,-11.5356,1
624.765,-0.117188,-0.54248,0.901855,7.8125,2.99072,-10.1929,1
624.775,-0.109375,-0.429199,0.894043,8.72803,2.38037,-8.78906,1
624.785,-0.0913086,-0.271973,0.873535,7.69043,2.0752,-8.48389,1
624.795,-0.116699,-0.394043,0.930664,7.26318,2.31934,-7.62939,1
624.805,-0.128418,-0.397949,0.958984,9.15527,1.46484,-5.7373,1
624.815,-0.125,-0.266113,0.97998,9.27734,1.58691,-5.31006,1
624.825,-0.133789,-0.4375,1.02295,9.46045,1.58691,-4.08936,1
624.835,-0.104004,-0.282715,0.94873,11.4746,1.2207,-1.83105,1
624.845,-0.122559,-0.208984,0.931152,9.39941,1.58691,-2.13623,1
624.855,-0.125977,-0.347168,0.932129,9.70459,0.549316,-0.305176,1
624.865,-0.10498,-0.128906,0.911621,9.70459,0.549316,0.549316,1
624.875,-0.129395,-0.200195,0.961426,7.93457,0.427246,0.427246,1
624.885,-0.138184,-0.194824,0.974121,9.76562,-0.0610352,2.44141,1
624.895,-0.161133,0.050293,0.975098,8.91113,-0.0610352,2.68555,1
624.905,-0.134277,-0.0942383,0.994629,6.5918,-0.610352,2.86865,1
624.915,-0.0991211,-0.215332,1.00732,8.66699,-0.549316,4.88281,1
624.925,-0.114258,0.105469,1.04443,9.0332,-0.915527,5.61523,1
624.935,-0.141602,-0.0224609,1.02686,6.83594,-1.09863,5.24902,1
624.945,-0.164551,-0.170898,1.05566,9.8877,-0.915527,7.32422,1
624.95,-0.171387,0.130859,1.10449,11.1084,-0.427246,7.38525,1
624.96,-0.134277,0.141602,1.05859,9.8877,-0.305176,7.44629,1
624.97,-0.101562,0.0522461,0.99707,11.0474,-0.427246,9.33838,1
624.98,-0.126465,0.226562,0.977539,11.1084,-0.427246,9.70459,1
624.99,-0.144043,0.242676,1.03662,10.498,0,9.76562,1
625,-0.152344,0.243164,1.06592,11.7188,0,10.9863,1
625.01,-0.15332,0.373535,1.0127,11.9019,0,11.4746,1
625.02,-0.142578,0.312988,1.04199,11.7798,0,11.7188,1
625.03,-0.143066,0.387695,1.0708,12.8784,0,13.0615,1
625.04,-0.135742,0.467773,1.04883,12.4512,0.427246,13.6719,1
625.05,-0.144043,0.40625,1.00732,12.207,0,14.1602,1
625.06,-0.14502,0.485352,0.999512,12.9395,-0.244141,15.3809,1
625.07,-0.134766,0.557129,1.01416,12.6343,0.0610352,15.8691,1
625.08,-0.165039,0.591797,1.0376,12.4512,0.0610352,16.7236,1
625.09,-0.139648,0.621094,1.00293,11.4746,0,17.2119,1
625.095,-0.148438,0.609863,1.00684,11.0474,0.305176,18.4937,1
625.105,-0.156738,0.675781,0.992676,10.0098,-0.366211,19.2871,1
625.115,-0.160645,0.676758,0.937012,8.91113,-0.244141,20.2026,1
625.125,-0.156738,0.73877,0.979004,8.36182,-0.488281,21.0571,1
625.135,-0.171387,0.755859,0.995117,6.83594,-0.732422,21.6675,1
625.145,-0.185547,0.805664,1.03125,6.04248,-0.488281,22.583,1
625.155,-0.211426,0.87207,1.08203,5.49316,0.610352,23.3154,1
625.165,-0.200195,0.742188,1.05273,4.63867,0.732422,23.9258,1
625.175,-0.175781,0.77002,1.05615,5.49316,0,25.0244,1
625.185,-0.179199,0.98584,1.03174,4.02832,0.732422,24.7192,1
625.195,-0.193359,0.824219,1.06445,3.23486,1.89209,25.3906,1
625.205,-0.208496,0.89502,1.11914,4.15039,1.46484,26.1841,1
625.215,-0.168457,0.911621,1.07031,2.38037,2.80762,25.6958,1
625.225,-0.227539,0.894043,0.984375,3.11279,2.99072,27.3438,1
625.235,-0.256348,0.992188,0.99707,2.44141,2.74658,27.0996,1
625.24,-0.213867,0.799316,1.04688,2.13623,3.17383,27.3438,1
625.25,-0.155762,0.872559,1.08008,3.479,3.11279,28.5034,1
625.26,-0.173828,0.979492,0.905762,0.610352,3.90625,27.771,1
625.27,-0.278809,0.927246,0.928223,0.0610352,3.60107,28.8696,1
625.28,-0.16748,0.839355,0.860352,-0.305176,3.66211,28.2593,1
625.29,-0.197266,0.83252,0.990234,0.366211,2.80762,29.8462,1
625.3,-0.146973,0.947754,0.855469,-0.793457,2.74658,29.7241,1
625.31,-0.254395,0.842773,0.950195,-2.44141,2.2583,29.7241,1
625.32,-0.188965,0.790039,0.75293,-1.64795,2.62451,30.5786,1
625.33,-0.268555,0.950684,0.92627,-1.77002,1.95312,31.25,1
625.34,-0.125488,0.685547,0.89209,-3.66211,1.89209,30.4565,1
625.35,-0.20459,0.803711,0.925781,-0.244141,1.2207,32.2876,1
625.36,-0.213379,0.878418,0.858887,-1.89209,1.40381,31.6162,1
625.37,-0.393066,0.902344,0.932617,0.0610352,1.2207,33.0811,1
625.38,-0.244141,0.802246,0.961426,0.488281,2.0752,32.3486,1
625.385,-0.312988,0.847656,0.958496,1.52588,1.2207,33.5693,1
625.395,-0.119141,0.779785,0.800781,3.11279,1.52588,33.6304,1
625.405,-0.306152,0.882324,0.925781,5.31006,1.28174,34.4238,1
625.415,-0.25,1.0376,0.947266,5.92041,1.52588,33.9355,1
625.425,-0.226074,0.93457,1.01025,5.67627,1.70898,34.8511,1
625.435,-0.244141,0.606445,1.06445,8.05664,1.46484,34.79,1
625.445,-0.211914,1.14551,0.907715,9.15527,0.488281,35.0342,1
625.455,-0.301758,1.14648,0.976562,5.49316,1.64795,34.729,1
625.465,-0.312012,0.692383,0.978516,7.75146,1.58691,35.0342,1
625.475,-0.217773,1.18018,1.03711,10.6812,2.2583,35.7666,1
625.485,-0.145508,1.05615,0.993164,5.98145,2.56348,34.3628,1
625.495,-0.227051,0.98584,0.983887,6.10352,0.915527,35.8276,1
625.505,-0.215332,0.920898,0.967773,3.90625,1.70898,34.729,1
625.515,-0.187012,1.05615,0.95752,3.54004,1.28174,35.4614,1
625.52,-0.0849609,0.820312,0.942383,0.671387,3.05176,34.4849,1
625.53,-0.187988,1.24121,0.946777,0.671387,1.40381,35.3394,1
625.54,-0.217285,0.983887,0.963867,-3.84521,2.50244,34.4238,1
625.55,-0.231445,0.966309,0.990723,-4.15039,1.52588,34.9731,1
625.56,-0.188477,0.909668,0.86377,-5.31006,2.56348,34.6069,1
625.57,-0.291992,1.14062,0.9375,-7.32422,2.01416,34.6069,1
625.58,-0.111816,0.796875,0.896973,-9.15527,2.92969,34.3018,1
625.59,-0.211914,1.04541,0.92041,-8.72803,1.28174,35.3394,1
625.6,-0.0957031,0.672852,0.803711,-9.21631,2.19727,35.2173,1
625.61,-0.331055,1.26709,0.966309,-9.15527,0.793457,34.79,1
625.62,-0.109375,0.394531,0.763184,-10.376,2.56348,35.0952,1
625.63,-0.293945,1.32031,0.875,-5.00488,0.793457,35.9497,1
625.64,-0.137207,0.508301,0.810059,-8.66699,2.31934,34.9121,1
625.65,-0.277344,1.11084,0.902832,-1.64795,1.52588,36.8652,1
625.66,-0.10498,0.522461,0.818848,-2.44141,2.44141,35.0342,1
625.67,-0.105957,1.21826,0.887207,2.0752,2.38037,36.1328,1
625.675,-0.065918,0.617188,0.795898,-1.70898,2.38037,34.4849,1
625.685,-0.187988,0.994629,0.847168,4.02832,3.2959,36.377,1
625.695,-0.0288086,0.885742,0.898438,2.44141,2.80762,33.8745,1
625.705,-0.164062,0.916504,0.875977,4.15039,4.76074,35.4004,1
625.715,-0.0566406,0.825195,0.911621,6.04248,3.54004,34.1797,1
625.725,-0.0629883,1.20215,0.921387,4.88281,4.76074,34.4238,1
625.735,-0.0605469,1.06104,0.891602,3.72314,5.18799,33.5083,1
625.745,-0.166504,0.830078,0.962402,2.68555,5.49316,33.6304,1
625.755,-0.0981445,1.01709,1.02295,6.22559,5.06592,34.3628,1
625.765,-0.10791,1.17822,1.01123,3.35693,5.12695,33.9966,1
625.775,-0.0917969,0.814453,0.989746,3.23486,4.21143,34.4238,1
625.785,-0.0151367,1.14014,0.898926,3.66211,3.66211,35.0342,1
625.795,-0.0791016,1.2417,0.989258,-0.183105,3.96729,34.729,1
625.805,-0.136719,0.705078,1.0127,-1.09863,3.05176,35.4004,1
625.815,-0.0615234,1.0376,0.916016,2.2583,2.38037,36.8042,1
625.82,-0.0341797,1.26318,0.962891,-3.2959,2.19727,36.2549,1
625.83,-0.0463867,0.78125,0.921875,-3.84521,1.52588,36.9873,1
625.84,-0.0126953,1.15234,0.973145,-3.41797,0.610352,38.147,1
625.85,-0.0834961,0.941406,0.97998,-6.53076,0.732422,38.147,1
625.86,-0.0561523,0.707031,0.936035,-5.67627,-0.793457,38.9404,1
625.87,-0.0483398,1.0127,0.843262,-4.94385,-1.2207,39.7339,1
625.88,-0.0356445,1.0625,0.837891,-7.75146,-2.01416,39.0625,1
625.89,-0.0200195,0.918945,0.922852,-6.10352,-2.13623,40.4663,1
625.9,-0.0639648,0.932129,1.05322,-5.5542,-1.40381,39.1846,1
625.91,-0.0263672,0.994141,0.941406,-4.45557,-2.44141,39.856,1
625.92,-0.03125,0.95752,1.00195,-4.69971,-0.976562,39.4287,1
625.93,0.0253906,0.841797,0.947754,-4.57764,-1.09863,38.5742,1
625.94,0.00195312,1.02295,0.9375,-2.92969,-0.427246,39.0015,1
625.945,-0.0527344,0.791992,0.970703,-3.23486,1.46484,38.0859,1
625.96,-0.0361328,1.07666,0.977051,-0.732422,0.976562,37.2925,1
625.965,0.00341797,0.80127,0.906738,-2.44141,1.52588,37.2925,1
625.975,-0.119141,0.855957,0.936523,0.366211,1.95312,36.5601,1
625.985,0.0175781,0.953125,0.870605,-2.01416,2.62451,35.4004,1
625.995,-0.0283203,0.875,0.878418,-0.915527,4.45557,35.1562,1
626.005,0.0146484,0.903809,0.995117,-1.52588,4.3335,34.4849,1
626.015,-0.0371094,0.876465,0.927246,-1.40381,3.41797,34.2407,1
626.025,-9.765625e-04,0.867676,0.985352,-2.62451,3.479,33.4473,1
626.035,-0.0473633,0.876465,0.850586,-1.70898,4.02832,33.02,1
626.045,0.0166016,0.831055,0.944336,-3.479,4.63867,32.0435,1
626.055,-0.0263672,0.919434,0.921387,-2.92969,3.72314,32.2876,1
626.065,0.0322266,0.829102,1.00928,-4.45557,3.66211,31.7993,1
626.075,-0.0336914,0.689453,0.938477,-2.86865,3.17383,32.1655,1
626.085,0.0322266,0.948242,0.899902,-3.2959,2.38037,31.4941,1
626.095,0.0234375,0.813965,0.828125,-4.15039,1.83105,31.3721,1
626.105,0.0888672,0.835938,0.95752,-2.19727,0.732422,31.311,1
626.115,0.0517578,0.902344,0.973633,-3.96729,0.793457,30.2734,1
626.12,0.0786133,0.631836,0.963379,-1.89209,-0.366211,30.8838,1
626.13,0.0170898,0.920898,0.995117,-1.15967,-0.244141,30.0903,1
626.14,0.11084,0.86084,0.899902,-2.68555,-0.854492,29.3579,1
626.15,0.0571289,0.933594,0.890625,-1.2207,-1.34277,29.1138,1
626.16,0.105957,0.911133,1.03223,-1.83105,-1.64795,28.1372,1
626.17,0.0561523,0.975586,1.02637,-0.305176,-2.13623,26.9775,1
626.18,0.0336914,0.82373,1.09082,-1.83105,-1.2207,26.062,1
626.19,0.0405273,0.734375,1.05713,1.28174,-2.19727,26.001,1
626.2,0.124512,1.10547,0.983398,-0.366211,-1.64795,24.1089,1
626.21,0.166504,0.736816,0.903809,-2.44141,-1.70898,23.0103,1
626.22,0.162598,0.85498,0.995605,1.28174,-1.77002,22.3389,1
626.23,0.130859,1.11914,1.05078,-1.64795,-1.2207,19.8975,1
626.24,0.137207,0.6875,0.996094,-3.66211,-1.2207,18.9209,1
626.25,0.156738,0.813965,0.975586,-0.244141,-1.0376,18.9209,1
626.26,0.117188,1.03809,0.969727,-4.15039,-0.671387,16.1133,1
626.27,0.0922852,0.684082,0.972656,-4.94385,-1.0376,15.3198,1
626.28,0.133301,0.748535,0.924805,-2.38037,-0.305176,14.9536,1
626.29,0.201172,1.11816,1.01709,-4.82178,-0.305176,12.0239,1
626.3,0.182617,0.528809,0.975586,-7.01904,-0.305176,10.6201,1
626.305,0.130371,0.699707,1.01514,-1.70898,-0.305176,10.376,1
626.315,0.219238,1.13916,0.899414,-4.5166,-0.610352,7.93457,1
626.325,0.262695,0.694336,0.830566,-7.01904,-0.366211,7.08008,1
626.335,0.279297,0.619141,0.925781,-3.479,-0.427246,6.40869,1
626.345,0.251953,0.966309,0.993652,-3.23486,0,4.27246,1
626.355,0.20752,0.657227,0.967773,-4.15039,-0.183105,3.23486,1
626.365,0.217773,0.637207,0.933105,-0.366211,-1.52588,3.17383,1
626.375,0.273438,1.01367,0.932617,-0.305176,-2.0752,1.89209,1
626.385,0.364746,0.900391,0.9375,-1.28174,-1.77002,-0.427246,1
626.395,0.306152,0.582031,0.964355,1.64795,-1.46484,-0.610352,1
626.405,0.290039,1.01025,1.02832,5.85938,-2.19727,-1.52588,1
626.415,0.281738,1.07764,1.04102,2.44141,-2.56348,-2.99072,1
626.425,0.32959,0.559082,1.06787,5.37109,-2.99072,-2.62451,1
626.435,0.373047,1.17334,1.07031,7.08008,-3.78418,-4.21143,1
626.445,0.373047,0.852539,0.997559,4.69971,-3.23486,-5.43213,1
626.455,0.283691,0.849609,1.04248,8.72803,-2.92969,-6.04248,1
626.465,0.29834,1.04639,1.02344,5.92041,-2.99072,-7.32422,1
626.475,0.336426,0.833008,0.970703,4.76074,-3.66211,-7.20215,1
626.48,0.385742,0.892578,1.10352,5.67627,-3.66211,-8.11768,1
626.49,0.353516,0.977539,1.08447,3.84521,-3.84521,-9.21631,1
626.5,0.258789,0.861328,1.01709,3.41797,-3.41797,-9.0332,1
626.51,0.296387,0.895996,0.95166,0.976562,-3.11279,-9.52148,1
626.52,0.408203,0.796875,0.963379,-1.58691,-3.23486,-10.1929,1
626.53,0.429688,0.777344,1.01123,-2.50244,-3.11279,-10.3149,1
626.54,0.360352,0.771973,1.09375,-4.94385,-2.62451,-11.5967,1
626.55,0.394043,0.649902,1.02832,-6.89697,-3.11279,-11.5356,1
626.56,0.478027,0.641113,0.914551,-8.54492,-2.38037,-11.2915,1
626.57,0.59082,0.643066,0.925293,-11.9019,-2.44141,-12.0239,1
626.58,0.576172,0.333984,1.0293,-14.5874,-1.70898,-12.6953,1
626.59,0.533691,0.325684,1.00928,-14.8315,-2.01416,-12.6343,1
626.6,0.521484,0.425293,0.879883,-17.6392,-2.01416,-13.4277,1
626.61,0.599121,0.0942383,0.815918,-20.752,-2.56348,-13.5498,1
626.62,0.62793,0.00634766,0.95752,-20.1416,-2.68555,-13.2446,1
626.63,0.583008,0.166992,0.993652,-22.3999,-3.23486,-13.4277,1
626.635,0.511719,-0.0625,0.867188,-24.7803,-4.08936,-13.7939,1
626.645,0.45752,-0.174316,0.792969,-23.4985,-4.08936,-13.5498,1
626.655,0.486816,-0.110352,0.9375,-22.583,-4.5166,-13.1836,1
626.665,0.5,-0.164062,0.937988,-21.7285,-5.24902,-12.7563,1
626.675,0.466797,-0.241211,0.894043,-20.0806,-5.79834,-12.0239,1
626.685,0.433594,-0.237305,0.848633,-18.1274,-5.61523,-11.5967,1
626.695,0.338867,-0.313965,0.871094,-15.9912,-5.18799,-10.9253,1
626.705,0.313965,-0.299805,0.953125,-13.0005,-5.43213,-9.94873,1
626.715,0.333008,-0.344727,1.00439,-10.6201,-4.76074,-9.21631,1
626.725,0.365234,-0.314453,1.05029,-6.5918,-3.84521,-7.56836,1
626.735,0.309082,-0.207031,1.04785,-4.63867,-2.80762,-6.40869,1
626.745,0.310059,-0.333008,1.09082,-2.56348,-2.68555,-4.69971,1
626.755,0.348633,-0.258789,1.18896,0.793457,-2.38037,-2.44141,1
626.765,0.388672,-0.122559,1.24219,1.58691,-0.610352,-1.15967,1
626.775,0.372559,-0.231934,1.20801,2.19727,0.12207,0.244141,1
626.78,0.34668,-0.195312,1.23389,4.82178,1.15967,2.68555,1
626.79,0.30957,-0.0307617,1.28857,6.40869,1.89209,4.57764,1
626.8,0.332031,0.0620117,1.30615,6.83594,1.89209,5.98145,1
626.81,0.364258,0.00976562,1.28955,7.50732,2.31934,7.8125,1
626.82,0.373047,0.109863,1.25195,9.21631,2.50244,9.8877,1
626.83,0.330078,0.097168,1.19678,8.97217,2.99072,10.437,1
626.84,0.226562,0.129883,1.22314,11.0474,3.05176,12.3291,1
626.85,0.17627,0.347656,1.18213,10.1929,3.2959,12.6953,1
626.86,0.168945,0.25,1.08594,8.66699,3.72314,13.3667,1
626.87,0.120605,0.274902,1.09814,9.39941,3.90625,14.9536,1
626.88,0.0229492,0.432129,1.12158,8.11768,3.78418,15.1978,1
626.89,-0.0571289,0.364258,1.05273,7.14111,4.21143,15.5029,1
626.9,-0.114258,0.453613,0.949707,6.5918,4.82178,16.1133,1
626.91,-0.198242,0.434082,0.927734,4.21143,5.31006,15.0757,1
626.92,-0.132812,0.421875,0.865234,4.45557,5.43213,16.1743,1
626.925,-0.190918,0.463379,0.952637,2.92969,5.49316,15.4419,1
626.935,-0.09375,0.376465,0.907715,0.915527,4.82178,14.7705,1
626.945,-0.302734,0.274902,0.85498,0.915527,5.85938,15.2588,1
626.955,-0.354492,0.387207,0.798828,-0.0610352,5.24902,14.3433,1
626.965,-0.355469,0.316895,0.834473,-2.31934,5.43213,13.1226,1
626.975,-0.235352,0.239258,0.890625,-2.74658,4.45557,13.7939,1
626.985,-0.19043,0.200195,0.855957,-3.54004,3.35693,13.0615,1
626.995,-0.241699,0.234863,0.763672,-3.35693,2.31934,13.1226,1
627.005,-0.250488,0.243652,0.806641,-5.12695,1.95312,11.2915,1
627.015,-0.211426,0.148438,0.855957,-5.37109,1.70898,10.9863,1
627.02,-0.15332,0.270996,0.895508,-5.67627,0.976562,10.6812,1
627.03,-0.133789,0.0869141,0.876465,-7.38525,-0.12207,9.0332,1
627.04,-0.107422,0.0380859,0.913086,-5.61523,-0.915527,8.17871,1
627.05,-0.140137,0.308105,0.973633,-5.06592,-0.671387,6.34766,1
627.06,-0.15918,0.20166,0.99707,-6.16455,-0.488281,3.90625,1
627.07,-0.17334,0.119629,1.00684,-4.69971,-0.671387,3.35693,1
627.08,-0.163086,0.15625,1.05811,-5.24902,-0.12207,1.2207,1
627.09,-0.128906,-0.0419922,1.15674,-5.85938,-0.305176,-0.732422,1
627.1,-0.116699,-0.0185547,1.1792,-5.00488,-0.488281,-2.0752,1
627.11,-0.0844727,0.102539,1.11719,-6.16455,-0.0610352,-4.63867,1
627.12,-0.126953,-0.0888672,1.10059,-6.89697,0.549316,-6.28662,1
627.13,-0.125977,-0.120117,1.09863,-6.83594,-0.183105,-7.75146,1
627.14,-0.101074,-0.0947266,1.0498,-8.48389,0.671387,-10.1929,1
627.15,-0.120605,-0.23291,1.00586,-9.70459,0.732422,-11.7798,1
627.16,-0.0947266,-0.285645,1.00098,-10.1929,0.488281,-13.3057,1
627.17,-0.0854492,-0.20752,0.992676,-10.437,0.610352,-14.4653,1
627.18,-0.0766602,-0.308594,1.00732,-11.7798,0.671387,-16.1743,1
627.19,-0.112305,-0.48584,0.989746,-12.146,0.793457,-17.4561,1
627.195,-0.156738,-0.431641,0.932617,-11.6577,0.610352,-18.1274,1
627.205,-0.132324,-0.358398,0.92041,-12.6343,0.427246,-20.0195,1
627.215,-0.142578,-0.515137,0.901367,-12.3291,0.488281,-20.2637,1
627.225,-0.119141,-0.538574,0.967773,-11.2915,0.0610352,-20.874,1
627.235,-0.120605,-0.505859,0.98584,-10.8032,0.732422,-21.6675,1
627.245,-0.144043,-0.569336,0.953613,-10.5591,0.854492,-21.9727,1
627.255,-0.13916,-0.588867,0.917969,-9.64355,0.854492,-22.1558,1
627.265,-0.132812,-0.546387,0.917969,-8.78906,1.09863,-22.3999,1
627.275,-0.119141,-0.60791,0.971191,-7.99561,1.58691,-22.8882,1
627.285,-0.145508,-0.677734,0.921875,-6.34766,1.89209,-22.7661,1
627.295,-0.145996,-0.674316,0.93457,-5.06592,1.77002,-23.0713,1
627.305,-0.134766,-0.686035,0.985352,-3.90625,2.38037,-23.0103,1
627.315,-0.144531,-0.67041,1.00146,-3.05176,1.95312,-22.8271,1
627.325,-0.147949,-0.685059,0.94873,-2.50244,2.2583,-22.7051,1
627.335,-0.177734,-0.722656,0.938477,-1.83105,2.68555,-22.522,1
627.345,-0.183594,-0.806152,0.977051,-1.77002,3.05176,-22.644,1
627.355,-0.150391,-0.708496,0.984375,-0.854492,2.99072,-22.1558,1
627.36,-0.145996,-0.751953,1.0376,-2.62451,4.15039,-23.1934,1
627.37,-0.20166,-0.89209,1.02783,-2.74658,3.84521,-22.4609,1
627.38,-0.167969,-0.813965,1.05469,-4.3335,3.54004,-22.8271,1
627.39,-0.118652,-0.688965,0.967773,-5.49316,3.35693,-22.644,1
627.4,-0.100586,-0.600586,0.993652,-8.05664,3.54004,-23.5596,1
627.41,-0.0849609,-0.874512,0.992676,-9.39941,3.479,-23.7427,1
627.42,-0.144043,-0.977539,0.997559,-6.89697,4.02832,-22.7051,1
627.43,-0.177246,-0.782227,1.02197,-6.22559,3.60107,-23.4985,1
627.44,-0.11377,-0.709961,1.08057,-7.56836,3.90625,-24.5361,1
627.45,-0.0507812,-0.879395,0.970703,-6.04248,3.66211,-23.7427,1
627.46,-0.0380859,-0.98584,0.943848,-3.84521,3.23486,-24.292,1
627.47,-0.0517578,-0.865234,0.964355,-2.19727,2.2583,-24.5972,1
627.48,-0.112793,-0.790039,1.00781,-2.13623,3.23486,-24.7192,1
627.49,-0.129395,-0.921387,1.0376,-1.40381,3.05176,-24.9634,1
627.5,-0.125,-0.700195,1.01318,0.366211,2.44141,-24.4751,1
627.505,-0.101074,-0.841309,0.937988,-1.34277,1.89209,-26.062,1
627.515,-0.111328,-1.08301,0.953613,0.732422,0.854492,-25.3906,1
627.525,-0.0942383,-0.716309,0.980957,1.2207,0.671387,-25.4517,1
627.535,-0.0742188,-0.783203,1.00342,-2.86865,0.793457,-26.7334,1
627.545,-0.019043,-0.951172,1.03418,-1.52588,0.427246,-25.1465,1
627.555,-0.0756836,-0.689941,0.977539,-1.77002,0.549316,-25.8179,1
627.565,-0.078125,-0.944824,0.865723,-2.86865,0.427246,-26.2451,1
627.575,-0.0898438,-0.970703,0.845703,1.58691,0.183105,-25.1465,1
627.585,-0.0693359,-0.654297,0.925781,1.15967,0.0610352,-26.4282,1
627.595,-0.0913086,-0.834473,0.942383,-0.427246,-0.427246,-26.7944,1
627.605,-0.0869141,-0.85498,0.914551,1.83105,-0.366211,-25.2075,1
627.615,-0.0952148,-0.753906,0.873535,0.915527,-0.732422,-26.3672,1
627.625,-0.0810547,-1.02441,0.819336,1.46484,-0.671387,-26.3062,1
627.635,-0.0942383,-0.848145,0.927734,3.2959,-1.15967,-25.8789,1
627.645,-0.138672,-0.725098,1.0376,0.549316,-0.976562,-27.1606,1
627.65,-0.111816,-0.927734,1.02051,-0.427246,-1.34277,-26.2451,1
627.66,-0.116699,-0.810059,0.95752,-0.0610352,-1.0376,-25.6958,1
627.67,-0.0766602,-0.981445,0.949707,-2.99072,-0.244141,-27.0386,1
627.68,-0.012207,-1.01416,0.958496,-1.77002,-0.793457,-26.2451,1
627.69,-0.0644531,-0.876953,1.04688,-2.68555,0.366211,-26.3062,1
627.7,-0.0839844,-0.930176,1.08447,-3.54004,-0.488281,-26.3062,1
627.71,-0.0668945,-1.05811,0.996582,-2.92969,0.0610352,-26.123,1
627.72,-0.0327148,-0.774902,0.958008,-1.0376,-0.427246,-25.8179,1
627.73,-0.00292969,-0.90918,0.943848,-4.5166,-0.305176,-27.3438,1
627.74,0.0317383,-1.15674,1.02441,-1.89209,-1.0376,-26.001,1
627.75,0.0371094,-0.858887,1.08936,-0.427246,-0.427246,-25.8789,1
627.76,-0.0126953,-0.922363,1.06787,-1.58691,-0.549316,-26.6724,1
627.77,0.0332031,-1.01221,0.973633,0.915527,-1.64795,-25.8179,1
627.78,0.0419922,-0.824707,0.980469,1.64795,-1.2207,-26.001,1
627.79,0.0683594,-0.935547,0.970215,0.488281,-1.15967,-26.001,1
627.795,0.0737305,-1.04883,1.08447,0.610352,-1.40381,-25.8789,1
627.805,0.074707,-0.998535,1.08496,1.64795,-0.732422,-24.9023,1
627.815,0.0625,-0.74707,1.00928,0.488281,-1.40381,-25.4517,1
627.825,0.0820312,-0.992676,0.91748,-0.793457,-0.915527,-25.3296,1
627.835,0.0825195,-1.03174,0.949707,2.56348,-0.671387,-23.8647,1
627.845,0.0854492,-0.699219,0.97998,0.732422,-0.610352,-24.9634,1
627.855,0.0732422,-1.02393,0.980957,-0.976562,-0.244141,-24.0479,1
627.865,0.0493164,-1.05176,0.975098,1.83105,-0.183105,-23.1323,1
627.875,0.0380859,-0.76123,0.95459,0.366211,0.244141,-24.1089,1
627.885,0.0844727,-0.934082,0.966797,-0.488281,0.244141,-23.9868,1
627.895,0.0644531,-1.00537,0.986328,1.15967,0.244141,-22.8882,1
627.905,0.0791016,-0.760742,0.946289,0.976562,0.488281,-23.0103,1
627.915,0.0727539,-0.832031,0.928711,-1.34277,1.2207,-23.6816,1
627.925,0.0288086,-0.999512,0.911621,0.671387,1.28174,-22.583,1
627.935,0.0288086,-0.725098,0.866211,1.64795,0.732422,-22.583,1
627.94,0.0405273,-0.891113,0.879883,0,0.610352,-23.4375,1
627.95,0.0703125,-1.02441,0.913086,2.0752,0.915527,-22.644,1
627.96,0.0390625,-0.720703,0.974609,1.83105,1.77002,-22.9492,1
627.97,0.0175781,-0.805664,0.913086,-0.793457,1.52588,-23.6816,1
627.98,0.0151367,-0.983398,0.888184,1.2207,1.0376,-22.583,1
627.99,0.0126953,-0.78125,0.880371,2.50244,0.976562,-23.0713,1
628,0.0766602,-0.764648,0.84375,1.40381,1.2207,-23.9258,1
628.01,0.0527344,-0.974121,1.01611,1.95312,0.732422,-23.6206,1
628.02,0.015625,-0.820312,1.03955,3.23486,0.610352,-23.0103,1
628.03,0.0107422,-0.858398,0.917969,1.15967,1.09863,-23.9868,1
628.04,9.765625e-04,-0.955078,0.901367,2.0752,0.427246,-23.1323,1
628.05,0.0361328,-0.780273,0.932617,1.09863,0.427246,-24.231,1
628.06,0.0869141,-0.984375,0.969727,0.427246,0.671387,-24.292,1
628.07,0.0795898,-0.96875,1.06104,2.19727,0.488281,-23.2544,1
628.08,0.0405273,-0.730469,1.00928,0.732422,0.793457,-23.8647,1
628.09,0.0288086,-0.975098,0.918457,-0.915527,0.732422,-24.1089,1
628.095,0.00878906,-0.927246,0.942383,1.64795,0.732422,-23.2544,1
628.105,0.0566406,-0.716309,0.952637,0.488281,0.915527,-24.292,1
628.115,0.043457,-1.02686,0.998535,0.183105,1.28174,-23.7427,1
628.125,0.0161133,-0.907227,1.07275,1.77002,0.793457,-23.7427,1
628.135,0.0390625,-0.770508,0.962402,0.427246,1.52588,-24.231,1
628.145,0.0253906,-1.03076,0.931641,0.610352,1.28174,-23.8647,1
628.155,0.0649414,-0.858887,0.96582,1.77002,0.488281,-23.7427,1
628.165,0.0717773,-0.794434,0.999512,0.0610352,1.2207,-24.292,1
628.175,0.0532227,-1.07275,0.963867,0.610352,1.34277,-23.3154,1
628.185,0.0551758,-0.875488,1.01123,2.2583,1.15967,-23.5596,1
628.195,0.065918,-0.745605,0.914062,0,1.28174,-24.9634,1
628.205,0.0957031,-1.01172,0.855957,0.915527,0.732422,-23.9258,1
628.215,0.0473633,-0.776367,0.956543,2.68555,0.305176,-23.9868,1
628.225,0.0908203,-0.70459,0.960938,-0.0610352,0.427246,-25.3906,1
628.235,0.0605469,-1.03223,0.94873,1.52588,0.976562,-24.1089,1
628.245,0.0268555,-0.839844,0.911133,2.92969,0.0610352,-24.5972,1
628.255,0.100098,-0.824219,0.872559,1.83105,-0.0610352,-25.2075,1
628.265,0.0605469,-0.994141,0.951172,3.66211,0,-24.5361,1
628.27,0.151367,-0.757812,0.96875,3.84521,-0.12207,-25.2075,1
628.28,0.116699,-0.835449,0.935059,2.13623,0.12207,-25.2686,1
628.29,0.0585938,-1.06738,0.950684,2.68555,-0.183105,-24.5972,1
628.3,0.043457,-0.742676,0.938477,3.54004,-0.488281,-24.8413,1
628.31,0.0751953,-0.856445,0.92041,1.40381,0.244141,-25.2075,1
628.32,0.12207,-1.0083,1.01611,2.62451,-0.793457,-25.0244,1
628.33,0.233398,-0.779297,0.978027,2.50244,-0.244141,-24.9023,1
628.34,0.154297,-0.814941,0.958984,1.2207,-0.183105,-24.6582,1
628.35,0.0888672,-1.01318,0.964355,0.793457,-0.732422,-24.8413,1
628.36,0.11377,-0.828613,0.952148,2.68555,-0.366211,-24.231,1
628.37,0.129883,-0.842773,0.945801,0.976562,0.12207,-24.8413,1
628.38,0.164551,-0.975586,0.996094,1.77002,-0.549316,-24.4141,1
628.39,0.22168,-0.749023,0.989746,1.64795,0.0610352,-24.5361,1
628.4,0.166992,-0.834961,0.91748,0,0.488281,-24.0479,1
628.41,0.0634766,-1.05225,0.921875,0.305176,-0.244141,-23.5596,1
628.42,0.00634766,-0.830078,0.949219,1.15967,0.12207,-23.6816,1
628.43,0.0595703,-0.821289,0.986816,-0.244141,2.13623,-24.4751,1
628.44,0.0683594,-1.01465,0.992188,-0.488281,1.15967,-23.9868,1
628.445,0.0678711,-0.845215,0.966309,0.427246,0.549316,-22.7051,1
628.455,-0.0136719,-0.710449,0.98291,-1.15967,1.58691,-23.6206,1
628.465,-0.0273438,-0.879395,0.925293,-0.488281,2.62451,-22.8882,1
628.475,-0.0107422,-0.89502,0.923828,0.671387,2.56348,-22.7661,1
628.485,-0.0581055,-0.967285,0.90625,0.793457,2.44141,-23.0103,1
628.495,-0.0678711,-0.926758,1.00195,1.09863,2.74658,-23.2544,1
628.505,-0.0629883,-0.793945,0.952637,0.488281,3.66211,-23.4985,1
628.515,-0.0322266,-0.928223,0.923828,-0.488281,3.54004,-23.8037,1
628.525,-0.0297852,-0.875977,0.962891,0.732422,2.31934,-23.3765,1
628.535,-0.0395508,-0.706055,0.833496,0.366211,2.92969,-23.6816,1
628.545,-0.074707,-0.85498,0.896973,-0.0610352,3.23486,-24.231,1
628.555,-0.0410156,-0.78125,0.893066,0.976562,2.62451,-23.9258,1
628.565,-0.00292969,-0.798828,0.87793,0,3.17383,-24.7192,1
628.575,-0.0429688,-0.997559,0.934082,0.0610352,1.70898,-24.7192,1
628.585,-0.0454102,-0.838867,0.959961,-0.366211,1.40381,-25.4517,1
628.595,-0.0258789,-0.90918,0.976562,-1.15967,2.56348,-25.4517,1
628.605,-0.0112305,-0.82373,1.00293,-1.09863,1.70898,-25.8789,1
628.615,0.0786133,-0.838867,0.929199,-1.64795,2.38037,-25.8789,1
628.62,-0.0234375,-0.83252,0.974609,-0.366211,1.52588,-25.3906,1
628.63,0.046875,-0.946289,0.950684,-1.89209,0.854492,-26.5503,1
628.64,0.0913086,-0.941406,0.933105,-0.305176,1.64795,-25.5737,1
628.65,0.0234375,-0.915039,1.04932,-1.70898,1.70898,-26.1841,1
628.66,0.0629883,-1.0083,1.01904,-2.31934,0.671387,-26.3062,1
628.67,0.0976562,-0.973145,0.985352,-0.976562,2.01416,-26.062,1
628.68,0.0766602,-0.713867,1.03223,-1.52588,1.52588,-26.5503,1
628.69,0.125977,-0.77832,0.971191,-3.2959,0.549316,-27.1606,1
628.7,0.0668945,-0.897461,1.0498,-1.46484,0.549316,-26.001,1
628.71,0.0820312,-0.82373,0.976074,-1.0376,0.854492,-25.9399,1
628.72,0.137207,-0.95752,0.907715,-1.64795,0.976562,-26.6724,1
628.73,0.15332,-1.07031,1.01123,-0.671387,0.305176,-26.3062,1
628.74,0.10498,-0.901367,1.05322,0.244141,0.549316,-25.9399,1
628.75,0.0771484,-0.897461,1.03174,-0.732422,0.854492,-26.5503,1
628.76,0.0976562,-0.884766,1.01074,-0.244141,-0.183105,-26.3062,1
628.77,0.152832,-0.825195,0.9375,0,0.244141,-26.123,1
628.78,0.124023,-0.947266,0.958496,0.976562,0.366211,-25.4517,1
628.79,0.081543,-0.866211,1.03125,1.70898,-0.305176,-25.7568,1
628.8,0.111816,-0.922363,1.01855,2.31934,0.549316,-25.2075,1
628.81,0.0825195,-0.975586,1.0542,3.35693,0,-24.9634,1
628.82,0.102051,-0.949219,1.00098,3.23486,-0.366211,-24.9634,1
628.83,0.117188,-0.852051,1.00391,4.15039,0,-24.353,1
628.84,0.0717773,-0.887207,1.01465,2.56348,-0.183105,-24.8413,1
628.85,0.0683594,-0.90332,0.992676,3.60107,-0.610352,-23.9868,1
628.86,0.0507812,-0.869141,0.998047,3.96729,0,-23.7427,1
628.865,0.129883,-0.851562,0.959961,4.3335,-0.244141,-23.5596,1
628.875,0.186035,-0.72168,0.930664,3.2959,-0.366211,-23.4985,1
628.885,0.102051,-0.955078,0.973145,2.13623,-0.366211,-22.522,1
628.895,0.065918,-0.901855,1.01807,3.54004,-0.854492,-21.1792,1
628.905,0.03125,-0.703613,1.00391,2.56348,0,-22.0947,1
628.915,0.102051,-0.913574,0.921387,2.62451,0.244141,-21.5454,1
628.925,0.138672,-0.78418,0.958496,3.90625,-0.244141,-20.9351,1
628.935,0.140137,-0.664551,1.0332,1.89209,-0.793457,-20.874,1
628.945,0.0683594,-0.87793,1.08789,1.64795,-0.366211,-20.0806,1
628.955,0.0449219,-0.811035,1.08203,3.66211,-0.0610352,-18.6157,1
628.965,0.0541992,-0.719238,0.999512,3.35693,0.427246,-18.5547,1
628.975,0.00585938,-0.897949,0.943359,3.78418,-0.305176,-17.334,1
628.98,-0.0219727,-0.723633,0.927246,5.31006,-0.366211,-16.6016,1
628.99,0.00732422,-0.685059,0.97168,3.60107,1.46484,-17.2119,1
629,0.0541992,-0.824219,0.981934,4.88281,1.89209,-15.3809,1
629.01,0.0732422,-0.624512,0.90332,4.82178,1.58691,-15.0146,1
629.02,0.0166016,-0.645996,0.955566,3.17383,1.64795,-15.0757,1
629.03,-0.012207,-0.695801,0.94043,3.84521,1.77002,-13.7329,1
629.04,-0.00927734,-0.547363,0.921387,4.3335,2.44141,-13.1226,1
629.05,-0.0200195,-0.549316,0.93457,3.35693,2.01416,-12.9395,1
629.06,-0.0380859,-0.553223,0.932617,3.41797,1.83105,-12.2681,1
629.07,-0.0576172,-0.519043,0.96582,3.90625,2.44141,-11.5967,1
629.08,-0.090332,-0.614258,0.960938,5.24902,2.31934,-10.8032,1
629.09,-0.0498047,-0.504883,0.991211,6.71387,1.58691,-9.94873,1
629.1,0.00390625,-0.479492,1.05029,6.71387,2.2583,-9.82666,1
629.11,0.015625,-0.48584,1.00244,8.97217,2.44141,-8.17871,1
629.12,-0.0302734,-0.358398,0.944824,9.46045,1.83105,-8.05664,1
629.13,-0.0288086,-0.35498,0.845703,10.2539,1.89209,-7.14111,1
629.14,-0.0625,-0.276855,0.815918,12.146,2.0752,-5.79834,1
629.15,-0.0151367,-0.195801,0.834473,11.2915,1.09863,-5.7373,1
629.155,-0.059082,-0.230957,0.937012,11.4746,0.610352,-4.27246,1
629.165,-0.0605469,-0.255371,1.00244,12.6953,0.305176,-2.99072,1
629.175,-0.0805664,-0.0375977,0.919922,13.7939,0,-1.70898,1
629.185,-0.090332,0.0234375,0.882324,12.207,0,-1.0376,1
629.195,-0.0800781,-0.158691,0.89209,12.8174,-0.549316,0.488281,1
629.205,-0.0419922,0.0751953,0.907227,14.5874,-0.732422,2.2583,1
629.215,-0.0429688,0.128906,0.925781,12.8784,-0.488281,2.50244,1
629.225,-0.0683594,-4.882812e-04,0.916016,13.7939,-0.732422,4.57764,1
629.235,-0.0942383,0.14502,0.965332,14.8926,-0.488281,6.10352,1
629.245,-0.112793,0.165527,0.991211,14.5264,-0.0610352,7.26318,1
629.255,-0.081543,0.157715,1.02686,15.0757,0.549316,8.91113,1
629.265,-0.065918,0.294434,0.975586,14.8315,1.0376,10.0098,1
629.275,-0.124023,0.265625,0.999512,14.6484,1.40381,11.2305,1
629.285,-0.173828,0.353027,0.981445,15.4419,1.40381,12.9395,1
629.295,-0.130859,0.403809,0.97998,14.7095,1.77002,13.855,1
629.3,-0.181152,0.38916,1.03955,15.2588,2.0752,15.3198,1
629.31,-0.144043,0.495605,1.04541,15.5029,2.50244,16.4795,1
629.32,-0.157227,0.574219,1.03223,14.4653,3.05176,17.4561,1
629.33,-0.166016,0.492676,1.02832,13.6719,3.2959,18.1274,1
629.34,-0.179199,0.535645,0.972168,14.6484,3.11279,20.2026,1
629.35,-0.130371,0.668457,0.990723,13.5498,2.86865,20.5688,1
629.36,-0.151367,0.580566,0.964844,12.146,2.80762,21.1182,1
629.37,-0.149902,0.667969,0.973633,12.085,2.19727,22.8882,1
629.38,-0.188965,0.772461,1.0083,10.376,2.80762,23.2544,1
629.39,-0.198242,0.716797,1.03857,8.97217,2.44141,24.1699,1
629.4,-0.147461,0.67041,0.975586,8.36182,2.0752,25.2686,1
629.41,-0.164551,0.795898,1.00146,7.8125,1.15967,25.9399,1
629.42,-0.152344,0.831543,1.04053,5.85938,0.732422,26.123,1
629.43,-0.17334,0.750488,1.14893,6.53076,1.52588,27.5269,1
629.44,-0.207031,0.890137,1.08008,6.04248,1.64795,27.832,1
629.445,-0.204102,0.771973,1.0752,4.57764,1.83105,27.4658,1
629.455,-0.205566,0.810547,1.05566,6.22559,1.52588,29.1748,1
629.465,-0.207031,0.964844,1.13477,6.28662,2.31934,28.9917,1
629.475,-0.136719,0.989258,1.17871,5.37109,1.70898,28.4424,1
629.485,-0.0854492,0.766113,1.12744,6.04248,2.74658,28.8696,1
629.495,-0.151367,0.875977,1.1167,7.38525,2.80762,28.9917,1
629.505,-0.177734,1.11963,0.993164,5.43213,3.41797,28.6255,1
629.515,-0.165039,0.875,0.95459,3.23486,4.27246,28.9307,1
629.525,-0.196289,0.882812,1.04395,3.78418,3.23486,29.6021,1
629.535,-0.161621,0.912598,1.06689,0.610352,3.90625,28.6865,1
629.545,-0.188965,0.881836,1.06201,-0.183105,3.11279,29.541,1
629.555,-0.121582,0.941406,0.862793,-2.80762,3.78418,28.8696,1
629.565,-0.112305,0.769043,0.822266,-4.82178,3.60107,29.4189,1
629.575,-0.125,0.913086,0.820312,-5.06592,2.68555,29.9683,1
629.58,-0.153809,0.941895,0.824219,-7.14111,3.17383,29.2969,1
629.59,-0.177246,0.861816,0.871094,-6.40869,3.23486,31.0059,1
629.6,-0.213379,0.724609,0.952637,-6.95801,2.44141,31.189,1
629.61,-0.174316,0.725586,0.821289,-6.53076,2.0752,31.3721,1
629.62,-0.199707,0.941406,0.757812,-6.34766,1.64795,31.8604,1
629.63,-0.257812,0.771973,0.859863,-6.34766,1.40381,32.4097,1
629.64,-0.200684,0.727539,0.933594,-3.23486,-0.183105,33.5693,1
629.65,-0.140137,0.863281,0.924805,-1.83105,0.0610352,33.6914,1
629.66,-0.211914,0.807129,0.871094,-0.183105,0,34.2407,1
629.67,-0.239746,1.06055,0.883789,0.793457,-0.732422,34.9121,1
629.68,-0.213379,0.855957,0.953125,0,-0.732422,34.3018,1
629.69,-0.144043,0.868652,1.00195,3.23486,-1.28174,35.8887,1
629.7,-0.117676,0.912598,0.967285,2.19727,-0.549316,34.9121,1
629.71,-0.17041,0.918457,0.962891,3.54004,-1.64795,35.7056,1
629.72,-0.166016,0.959961,0.980957,2.56348,-0.976562,34.9121,1
629.725,-0.173828,1.05566,0.908203,2.2583,-1.2207,35.7666,1
629.735,-0.168457,1.08203,0.92627,-0.488281,-1.70898,34.668,1
629.745,-0.163086,0.868652,1.02686,-0.366211,-1.40381,34.9731,1
629.755,-0.108887,0.969238,1.0542,0.976562,-0.0610352,35.0342,1
629.765,-0.0810547,1.17529,1.00977,-1.09863,0.793457,33.8135,1
629.775,-0.150391,0.921387,0.974609,-2.86865,0.793457,33.4473,1
629.785,-0.0981445,1.10791,1.01807,-1.34277,0.366211,33.2031,1
629.795,-0.118652,0.936523,1.05078,-3.72314,2.01416,32.2266,1
629.805,-0.0927734,0.988281,1.03906,-1.77002,1.70898,32.5928,1
629.815,-0.0629883,1.21094,1.01611,-4.15039,3.35693,31.1279,1
629.825,-0.129883,0.86377,0.976562,-4.76074,3.2959,31.6162,1
629.835,-0.12793,0.975098,1.01514,-1.64795,2.80762,32.2876,1
629.845,-0.0698242,0.999512,0.957031,-3.17383,3.41797,30.8838,1
629.855,-0.0336914,0.958496,1.00098,-1.95312,2.86865,31.4941,1
629.865,-0.0571289,1.06836,0.972168,-2.62451,3.72314,30.6396,1
629.875,-0.0698242,0.94873,0.939941,-3.66211,3.35693,31.0669,1
629.88,-0.059082,0.882812,0.867188,-3.05176,2.80762,31.4331,1
629.89,-0.081543,0.775879,0.842285,-2.68555,3.35693,31.311,1
629.9,-0.0893555,1.02246,0.932129,-0.915527,2.2583,31.7993,1
629.91,-0.0483398,0.794434,0.901367,-2.92969,2.56348,31.7993,1
629.92,-0.0166016,0.834961,0.828613,-0.183105,1.15967,32.8369,1
629.93,-0.0551758,0.975098,0.835449,-2.62451,1.40381,32.0435,1
629.94,-0.132324,0.783203,0.881836,-1.28174,0.549316,33.02,1
629.95,-0.0800781,0.948242,0.929199,-0.244141,0.854492,33.0811,1
629.96,-0.059082,0.832031,0.901367,-1.34277,0.305176,32.8979,1
629.97,-0.0102539,0.915039,0.863281,-0.732422,-0.793457,32.8369,1
629.98,0.00146484,0.992676,0.820801,-0.427246,0,32.6538,1
629.99,-0.0712891,0.916992,0.960938,1.0376,0.732422,32.6538,1
630,-0.050293,0.980957,1.07715,1.34277,0.488281,31.3721,1
630.01,-0.0380859,0.916992,1.03369,0.976562,1.34277,31.311,1
630.02,0.0219727,0.905762,0.929688,1.34277,1.28174,31.1279,1
630.03,0.0629883,0.925293,0.842285,0.915527,1.0376,29.9683,1
630.04,0.101074,0.865234,0.920898,2.2583,1.2207,30.5786,1
630.05,0.121094,1.06689,1.03223,2.38037,1.83105,29.541,1
630.055,0.158203,0.992676,1.00781,0.0610352,1.83105,28.8086,1
630.065,0.103027,0.791504,0.962891,0.854492,1.64795,28.9307,1
630.075,0.0581055,1.00146,0.902832,0.244141,1.95312,27.9541,1
630.085,0.078125,0.92627,0.893066,-0.915527,2.80762,26.9775,1
630.095,0.160645,0.849121,1.01807,-0.671387,2.62451,27.2827,1
630.105,0.214844,1.02539,0.995605,-0.732422,2.62451,26.7334,1
630.115,0.135254,0.88623,0.961426,-2.92969,2.86865,26.123,1
630.125,0.046875,0.760254,0.88623,-1.89209,2.31934,26.8555,1
630.135,0.0839844,0.942871,0.838379,-2.50244,2.44141,26.1841,1
630.145,0.116699,0.918457,0.867188,-3.54004,2.74658,25.6348,1
630.155,0.116211,0.723145,0.947266,-2.74658,2.38037,25.8789,1
630.165,0.0678711,0.961426,1.02539,-1.77002,1.52588,26.001,1
630.175,0.108398,0.986816,0.961426,-3.90625,1.34277,25.0854,1
630.185,0.112305,0.586426,0.849121,-2.38037,1.09863,26.062,1
630.195,0.161621,0.902344,0.883301,0.976562,0.305176,26.123,1
630.205,0.125488,0.968262,0.943848,-0.854492,0.793457,25.2075,1
630.215,0.123535,0.732422,0.993652,0.244141,0,25.5737,1
630.225,0.143555,0.915527,0.954102,1.52588,0,25.3296,1
630.235,0.0786133,0.958984,0.880859,-0.488281,-0.305176,24.7192,1
630.24,0.15918,0.64502,0.875,0.854492,-0.915527,25.6958,1
630.25,0.1875,0.819336,0.883301,3.11279,-1.15967,25.9399,1
630.26,0.212891,0.908691,0.98291,1.95312,-1.40381,25.0854,1
630.27,0.154785,0.820801,0.949707,1.40381,-1.46484,24.7192,1
630.28,0.118652,0.902344,0.953125,2.13623,-1.46484,24.9023,1
630.29,0.134766,1.01953,1.03076,1.40381,-1.77002,23.8037,1
630.3,0.159668,0.819824,1.0293,0.305176,-1.40381,23.7427,1
630.31,0.261719,0.852539,0.987793,1.95312,-1.46484,23.9868,1
630.32,0.286621,0.928223,1.00732,0.915527,-0.610352,22.644,1
630.33,0.316895,0.859375,1.02734,1.40381,-1.52588,22.3389,1
630.34,0.243164,0.850586,1.02588,0.549316,-1.2207,21.4233,1
630.35,0.224121,0.902832,1.03027,-0.366211,-1.77002,20.813,1
630.36,0.282227,0.838379,1.00732,-1.58691,-1.09863,19.8364,1
630.37,0.244629,0.838867,1.0083,-1.0376,-1.09863,20.0806,1
630.38,0.218262,0.927246,1.04395,-3.17383,-2.13623,18.6157,1
630.39,0.243652,0.749512,1.00146,-3.41797,-2.0752,18.3716,1
630.4,0.273438,0.858398,1.03467,-3.23486,-2.13623,17.2119,1
630.405,0.296387,0.850098,1.00537,-4.76074,-2.62451,15.5029,1
630.415,0.237305,0.735352,1.01074,-4.63867,-2.74658,15.2588,1
630.425,0.231934,0.780762,1.04199,-5.24902,-2.80762,13.5498,1
630.435,0.26709,0.64209,0.967285,-5.37109,-2.56348,12.8784,1
630.445,0.279297,0.68457,0.986328,-4.94385,-2.80762,11.9019,1
630.455,0.288086,0.737305,0.995605,-6.04248,-2.74658,9.58252,1
630.465,0.217773,0.661621,1.0083,-5.5542,-2.38037,9.0332,1
630.475,0.226074,0.744141,0.92041,-5.79834,-2.31934,7.44629,1
630.485,0.231934,0.670898,0.927734,-5.49316,-1.70898,5.92041,1
630.495,0.21582,0.499512,0.974121,-4.39453,-1.64795,5.06592,1
630.505,0.216309,0.62793,1.03174,-3.17383,-2.13623,4.5166,1
630.515,0.213867,0.55127,1.00635,-5.31006,-1.2207,3.23486,1
630.525,0.264648,0.407715,0.938477,-4.5166,-1.15967,2.68555,1
630.535,0.273438,0.641602,0.917969,-5.12695,-0.610352,1.2207,1
630.545,0.239258,0.519043,0.972168,-7.32422,-0.427246,0.183105,1
630.55,0.23584,0.373535,0.978027,-5.92041,-0.366211,0.793457,1
630.56,0.222656,0.541992,0.966309,-6.22559,0.549316,0.305176,1
630.57,0.195312,0.397461,1.03516,-7.75146,0.854492,-0.12207,1
630.58,0.175781,0.300293,1.06934,-6.65283,0.732422,0.244141,1
630.59,0.149902,0.435547,0.976562,-7.08008,1.0376,0.366211,1
630.6,0.133789,0.311035,0.980957,-8.60596,1.70898,0,1
630.61,0.138672,0.238281,0.987305,-8.17871,1.64795,0.671387,1
630.62,0.145996,0.286621,0.972168,-8.42285,2.2583,0.915527,1
630.63,0.157715,0.196777,0.963867,-8.72803,2.19727,1.28174,1
630.64,0.169922,0.162598,0.967285,-7.56836,1.64795,2.2583,1
630.65,0.147949,0.277832,0.984863,-7.56836,1.58691,2.44141,1
630.66,0.10498,0.182129,0.967285,-8.78906,2.13623,2.56348,1
630.67,0.0947266,0.0263672,0.90332,-7.75146,1.89209,3.41797,1
630.68,0.13916,0.176758,0.849609,-6.53076,1.2207,4.02832,1
630.69,0.158691,0.102539,0.916016,-7.87354,1.2207,3.54004,1
630.695,0.241211,-0.0595703,1.02734,-6.46973,0,4.02832,1
630.705,0.163574,0.0712891,1.05176,-5.12695,0.488281,4.69971,1
630.715,0.129883,0.227539,1,-6.7749,-0.0610352,4.02832,1
630.725,0.125,-0.0273438,0.921387,-8.05664,0.12207,3.78418,1
630.735,0.161133,-0.0532227,1.03125,-4.88281,0.244141,4.94385,1
630.745,0.205078,0.183594,1.03027,-5.49316,0.488281,3.78418,1
630.755,0.197266,-0.0957031,1.05225,-5.92041,0.0610352,3.54004,1
630.765,0.187012,-0.0375977,1.09473,-2.92969,-0.183105,4.5166,1
630.77,0.187012,0.181152,1.00586,-4.27246,0,3.17383,1
630.78,0.227051,-0.0800781,0.932617,-4.57764,-0.0610352,3.05176,1
630.79,0.256348,-0.0517578,1.03174,-1.77002,0,3.54004,1
630.8,0.255859,0.0947266,1.10986,-2.13623,0.366211,2.62451,1
630.81,0.22168,-0.0541992,1.1333,-2.19727,0.244141,2.56348,1
630.82,0.206543,0.0478516,1.08936,-0.915527,0.183105,3.17383,1
630.83,0.212402,0.102539,1.00488,-1.83105,0.488281,2.31934,1
630.84,0.245605,-0.0131836,1.01709,-1.09863,-0.488281,2.31934,1
630.85,0.237305,0.0078125,1.06592,0.366211,-0.0610352,2.56348,1
630.86,0.233398,0.0708008,1.07617,0.549316,0,2.44141,1
630.87,0.254883,0.00927734,1.00488,0.732422,-0.0610352,2.31934,1
630.88,0.259277,0.0263672,0.959961,1.89209,-0.854492,2.50244,1
630.89,0.272949,0.0517578,1.00195,2.86865,-1.46484,2.38037,1
630.9,0.279297,0.0429688,1.03223,3.54004,-1.2207,2.31934,1
630.91,0.25,0.0478516,1.05518,3.54004,-0.610352,2.62451,1
630.92,0.253906,0.0498047,1.04004,2.92969,-0.793457,2.80762,1
630.93,0.273438,0.0244141,0.996582,3.54004,-0.732422,3.2959,1
630.94,0.273438,0.0581055,0.997559,4.21143,-1.0376,3.41797,1
630.945,0.262695,0.16748,1.04199,3.72314,-1.2207,3.17383,1
630.955,0.237305,0.15332,1.06055,1.77002,-0.549316,3.35693,1
630.965,0.25,0.0854492,0.974609,0.793457,-0.976562,4.15039,1
630.975,0.253906,0.154297,0.963379,0.549316,-0.854492,4.15039,1
630.985,0.279297,0.201172,1.01562,-0.244141,-0.854492,3.54004,1
630.995,0.302734,0.134277,1.04346,-0.610352,-0.671387,3.72314,1
631.005,0.303711,0.0825195,1.021,-0.183105,-0.366211,4.3335,1
631.015,0.288086,0.222168,0.986816,-0.915527,-0.183105,4.3335,1
631.025,0.285156,0.118652,0.980957,-1.83105,0.0610352,3.96729,1
631.035,0.289062,0.074707,0.993164,-0.0610352,-0.244141,4.57764,1
631.045,0.300781,0.193848,0.991699,-0.0610352,0,3.84521,1
631.055,0.246094,0.081543,1.02197,-0.793457,0.427246,3.72314,1
631.065,0.227051,0.0810547,1.0127,-0.0610352,0.732422,4.21143,1
631.075,0.174316,0.202637,0.971191,-0.305176,1.2207,3.90625,1
631.085,0.161133,0.150391,0.980469,-1.15967,1.09863,3.35693,1
631.095,0.182617,0.0405273,0.964355,-0.244141,1.15967,3.96729,1
631.105,0.212891,0.160156,1.04492,0.0610352,0.915527,4.08936,1
631.115,0.243652,0.109863,1.0376,-1.34277,0.793457,3.11279,1
631.12,0.26123,0.0239258,0.987793,-0.488281,0.793457,3.66211,1
631.13,0.20166,0.157715,0.976562,-0.183105,1.0376,3.23486,1
631.14,0.160156,0.128906,0.966797,-1.34277,0.915527,2.38037,1
631.15,0.126953,0.0185547,1.02881,-1.15967,0.732422,2.62451,1
631.16,0.147949,0.0844727,1.13135,-0.671387,-0.12207,2.80762,1
631.17,0.186523,0.0610352,1.06055,-1.77002,0,2.2583,1
631.18,0.184082,0.0551758,1.01709,-1.28174,-0.610352,2.31934,1
631.19,0.147949,0.106934,1.00977,-1.95312,-0.427246,1.46484,1
631.2,0.15918,0.0703125,0.960449,-2.01416,-0.549316,1.89209,1
631.21,0.16748,0.0493164,1.01514,-2.31934,-0.549316,1.52588,1
631.22,0.178223,0.0566406,1.00439,-2.13623,-1.0376,1.64795,1
631.23,0.174805,0.0205078,1.01025,-2.13623,-0.732422,1.09863,1
631.24,0.153809,-0.0327148,0.995605,-1.46484,-1.0376,0.976562,1
631.25,0.132812,0.0664062,1.02295,-1.58691,-1.0376,0.732422,1
631.26,0.135254,0.0161133,1.02246,-2.86865,-0.12207,-0.12207,1
631.27,0.110352,-0.0444336,1.04834,-3.11279,-0.549316,0.183105,1
631.275,0.131348,-0.0336914,1.13232,-3.479,-0.366211,-0.183105,1
631.285,0.135254,-0.0244141,1.07324,-4.08936,-0.244141,-0.427246,1
631.295,0.127441,-0.0698242,1.07275,-4.88281,-0.305176,-0.915527,1
631.305,0.0786133,0.0224609,1.0625,-5.5542,-0.12207,-1.09863,1
631.315,0.0102539,-0.0546875,1.06738,-7.56836,0.610352,-2.2583,1
631.325,-0.108887,-0.135254,1.05518,-6.95801,0.732422,-1.89209,1
631.335,-0.152344,0.012207,0.954102,-7.44629,1.46484,-2.2583,1
631.345,-0.0825195,-0.0351562,0.877441,-8.78906,2.31934,-2.50244,1
631.355,-0.103027,-0.244141,0.937012,-8.17871,1.64795,-2.99072,1
631.365,-0.239258,-0.166016,0.95459,-6.04248,1.77002,-3.54004,1
631.375,-0.261719,-0.251465,0.881348,-5.00488,3.05176,-4.88281,1
631.385,-0.302246,-0.308594,0.958008,-2.31934,3.23486,-4.15039,1
631.395,-0.183594,0.0712891,0.876953,-3.60107,2.68555,-5.06592,1
631.405,-0.236816,-0.26416,0.836914,-6.22559,3.41797,-5.67627,1
631.415,-0.367676,-0.412598,0.964844,-2.19727,3.479,-4.69971,1
631.42,-0.33252,-0.123535,0.905273,-2.50244,4.08936,-6.83594,1
631.43,-0.356445,-0.296387,0.851074,-2.50244,4.76074,-6.34766,1
631.44,-0.338867,-0.222168,1.00049,-1.46484,3.66211,-6.71387,1
631.45,-0.360352,-0.248535,0.974609,-2.86865,4.15039,-7.69043,1
631.46,-0.385742,-0.313965,0.983887,-1.58691,3.78418,-7.01904,1
631.47,-0.362793,-0.185059,0.94043,-2.56348,4.21143,-8.30078,1
631.48,-0.321289,-0.239258,0.911133,-3.35693,4.15039,-8.36182,1
631.49,-0.328125,-0.233887,0.916016,-3.23486,3.90625,-8.48389,1
631.5,-0.429688,-0.266602,0.91748,-4.08936,4.02832,-9.21631,1
631.51,-0.394043,-0.319824,0.882812,-3.05176,2.92969,-8.54492,1
631.52,-0.430664,-0.324707,0.909668,-1.89209,3.2959,-9.27734,1
631.53,-0.372559,-0.166016,1.02295,-1.77002,2.31934,-9.76562,1
631.54,-0.403809,-0.30127,0.95752,-2.68555,2.86865,-10.2539,1
631.55,-0.536621,-0.345703,0.865723,-1.0376,2.38037,-9.27734,1
631.56,-0.549316,-0.0859375,0.865234,-1.77002,2.01416,-10.1929,1
631.565,-0.449707,-0.40918,0.992188,-2.62451,3.23486,-10.376,1
631.575,-0.41748,-0.422852,1.11816,1.46484,2.13623,-9.0332,1
631.585,-0.48584,-0.198242,1.00098,0.671387,2.44141,-10.8032,1
631.595,-0.469727,-0.32959,0.936035,1.0376,2.56348,-9.76562,1
631.605,-0.355469,-0.228516,1.06445,0.366211,2.74658,-10.1929,1
631.615,-0.294434,-0.282227,1.07178,-2.38037,3.479,-11.2305,1
631.625,-0.383301,-0.452148,1.01367,-1.15967,3.78418,-9.0332,1
631.635,-0.53125,-0.322266,0.970703,-0.854492,3.17383,-9.27734,1
631.645,-0.543457,-0.277832,0.956543,-1.15967,2.92969,-9.8877,1
631.655,-0.44873,-0.378906,1.06445,-0.793457,3.479,-9.8877,1
631.665,-0.369629,-0.303223,1.11621,0.0610352,3.23486,-9.27734,1
631.675,-0.326172,-0.321289,1.00635,-0.488281,2.99072,-9.58252,1
631.685,-0.375977,-0.36084,0.90918,-0.183105,2.01416,-9.09424,1
631.695,-0.382324,-0.31543,0.901367,-0.0610352,1.95312,-9.46045,1
631.705,-0.351562,-0.335449,0.968262,0.0610352,2.13623,-9.52148,1
631.71,-0.333984,-0.445312,1.04248,0.854492,1.58691,-9.58252,1
631.72,-0.307617,-0.437012,0.983398,2.74658,0.610352,-9.09424,1
631.73,-0.325684,-0.28418,0.975586,2.62451,0.976562,-9.64355,1
631.74,-0.317871,-0.420898,0.95166,1.46484,0.793457,-10.1929,1
631.75,-0.317871,-0.430176,0.957031,2.2583,0.549316,-9.15527,1
631.76,-0.294434,-0.312988,1.04883,0.976562,0.305176,-9.82666,1
631.77,-0.275879,-0.498535,1.08643,0.671387,0.488281,-9.8877,1
631.78,-0.296387,-0.331543,1.07861,1.89209,0,-9.21631,1
631.79,-0.277832,-0.313477,1.01758,-0.427246,-0.244141,-10.6812,1
631.8,-0.220215,-0.498047,0.981934,0.12207,-0.610352,-9.70459,1
631.81,-0.175293,-0.316406,0.968262,0.488281,-1.0376,-9.70459,1
631.82,-0.180176,-0.375488,0.954102,-1.34277,-0.244141,-10.9863,1
631.83,-0.221191,-0.543945,0.943359,0,-0.366211,-10.2539,1
631.84,-0.28125,-0.374512,0.944336,0.549316,-0.244141,-10.498,1
631.85,-0.240234,-0.362305,0.921875,-1.40381,-0.610352,-11.6577,1
631.855,-0.221191,-0.534668,0.977539,-0.793457,-0.854492,-11.2305,1
631.865,-0.1875,-0.354492,0.995117,0,-1.09863,-11.3525,1
631.875,-0.152832,-0.32666,0.930176,-1.34277,-0.427246,-12.4512,1
631.885,-0.194824,-0.533203,0.907715,0,-0.549316,-11.7188,1
631.895,-0.179688,-0.444336,0.932617,1.64795,-1.09863,-11.6577,1
631.905,-0.165039,-0.42627,0.952637,0.976562,-0.305176,-12.8174,1
631.915,-0.163574,-0.56543,1.00391,1.70898,-0.427246,-12.6953,1
631.925,-0.153809,-0.428711,0.989746,2.68555,-0.854492,-12.5122,1
631.935,-0.166992,-0.459961,0.934082,1.28174,0,-13.855,1
631.945,-0.174805,-0.583496,0.904785,2.19727,0.244141,-13.1836,1
631.955,-0.152832,-0.396484,0.958496,2.13623,0.305176,-13.4277,1
631.965,-0.141602,-0.463379,1.00586,0.0610352,0.854492,-14.4653,1
631.975,-0.166992,-0.568848,1.02734,0.549316,0.427246,-13.855,1
631.985,-0.196289,-0.418457,0.931641,-0.366211,0.549316,-14.4043,1
631.995,-0.185547,-0.490723,0.930176,-2.01416,0.610352,-15.3198,1
632.005,-0.193848,-0.525879,0.994629,-2.0752,0.12207,-15.1367,1
632.015,-0.160156,-0.437988,1.01221,-3.17383,0.305176,-15.8691,1
632.02,-0.150391,-0.519531,1.00586,-3.84521,0.732422,-16.2354,1
632.03,-0.209961,-0.625977,1.0293,-3.2959,0.244141,-16.3574,1
632.04,-0.145508,-0.486816,0.987793,-2.56348,-0.305176,-16.4185,1
632.05,-0.121582,-0.493652,0.960449,-3.2959,0.0610352,-17.7002,1
632.06,-0.166016,-0.57373,0.957031,-2.56348,-0.305176,-17.5171,1
632.07,-0.175293,-0.540527,0.979004,-2.44141,-0.976562,-17.8833,1
632.08,-0.165527,-0.666016,0.982422,-1.83105,-0.549316,-18.3716,1
632.09,-0.147461,-0.59668,1.01562,-0.12207,-0.915527,-18.1274,1
632.1,-0.123535,-0.52832,1.02686,-0.671387,-0.793457,-19.4702,1
632.11,-0.142578,-0.669922,0.988281,-0.12207,-1.52588,-19.3481,1
632.12,-0.143555,-0.588867,0.975098,0.549316,-2.19727,-19.043,1
632.13,-0.13623,-0.51416,0.981445,-1.0376,-1.64795,-20.2026,1
632.14,-0.13623,-0.61084,1.02832,-1.46484,-1.46484,-20.3247,1
632.15,-0.149902,-0.637207,1.04541,-1.15967,-1.70898,-19.9585,1
632.16,-0.0976562,-0.60498,1.02246,-1.28174,-1.83105,-20.0806,1
632.17,-0.0932617,-0.634277,0.944824,-1.15967,-1.09863,-20.2026,1
632.18,-0.114258,-0.698242,0.990723,-1.15967,-1.46484,-20.3857,1
632.19,-0.123535,-0.634766,1.02832,-0.854492,-1.2207,-20.2026,1
632.195,-0.135742,-0.584473,1.03271,-1.95312,-0.427246,-20.752,1
632.205,-0.129883,-0.657715,1.02881,-2.01416,-0.244141,-20.9351,1
632.215,-0.137695,-0.658203,0.979492,-1.52588,-0.183105,-20.5688,1
632.225,-0.143555,-0.666504,1.00439,-1.40381,-0.305176,-20.5688,1
632.235,-0.141113,-0.67041,1.02588,-0.976562,-0.305176,-20.5078,1
632.245,-0.15332,-0.624023,0.980469,-0.244141,0,-20.3857,1
632.255,-0.192383,-0.605957,0.955566,-0.671387,0.366211,-20.813,1
632.265,-0.23584,-0.70166,0.994629,-1.15967,0.244141,-20.9961,1
632.275,-0.22998,-0.679199,1.021,-0.427246,0.854492,-20.5078,1
632.285,-0.154785,-0.625977,1.00488,-1.40381,1.15967,-21.4233,1
632.295,-0.118652,-0.769531,0.955566,-1.40381,1.40381,-21.4844,1
632.305,-0.19873,-0.741211,0.963867,0.244141,1.09863,-20.752,1
632.315,-0.276855,-0.583984,0.975098,-1.28174,1.34277,-22.0337,1
632.325,-0.258789,-0.656738,1.0083,-3.11279,2.0752,-22.4609,1
632.335,-0.196777,-0.741699,0.984863,-2.38037,2.0752,-21.9727,1
632.345,-0.197754,-0.591309,0.930664,-2.19727,1.15967,-22.3389,1
632.355,-0.282227,-0.688965,0.953613,-2.86865,1.2207,-23.1323,1
632.365,-0.291504,-0.774902,0.893066,-1.40381,1.52588,-22.644,1
632.375,-0.277832,-0.65332,0.958008,-1.2207,2.0752,-23.3154,1
632.385,-0.256836,-0.757324,1.04346,-2.31934,2.50244,-24.4141,1
632.39,-0.255859,-0.766113,0.995117,-0.549316,2.2583,-23.6816,1
632.4,-0.286621,-0.614746,0.904785,-0.854492,2.99072,-24.231,1
632.41,-0.309082,-0.810059,0.880371,-1.46484,3.41797,-25.2075,1
632.42,-0.286133,-0.797852,0.885254,0.427246,3.35693,-24.4751,1
632.43,-0.285645,-0.572266,0.893555,-0.305176,3.54004,-25.3296,1
632.44,-0.34668,-0.789551,0.90625,-1.34277,4.27246,-26.062,1
632.45,-0.341797,-0.757812,0.899414,0.610352,3.23486,-25.4517,1
632.46,-0.346191,-0.634766,0.907227,-0.427246,3.78418,-26.9775,1
632.47,-0.292969,-0.750488,0.911133,-0.915527,3.17383,-27.2827,1
632.48,-0.275879,-0.734375,0.885254,-0.305176,3.54004,-26.9775,1
632.49,-0.304688,-0.695312,0.875977,-0.305176,3.78418,-27.2827,1
632.5,-0.311035,-0.80127,0.878906,-0.427246,3.84521,-27.771,1
632.51,-0.316406,-0.711426,0.902344,1.0376,3.78418,-27.2217,1
632.52,-0.29248,-0.621582,0.874023,-0.0610352,4.08936,-28.0151,1
632.53,-0.288086,-0.811035,0.857422,-0.12207,4.45557,-28.0762,1
632.54,-0.271973,-0.776855,0.852051,1.52588,4.02832,-27.4658,1
632.55,-0.32373,-0.725098,0.805664,1.83105,4.5166,-28.1982,1
632.555,-0.381836,-0.736328,0.83252,2.80762,4.39453,-28.1372,1
632.565,-0.374512,-0.623047,0.875,2.50244,4.27246,-28.6865,1
632.575,-0.294434,-0.758789,0.845215,2.31934,4.76074,-28.9917,1
632.585,-0.268066,-0.732422,0.858398,3.78418,4.02832,-28.1982,1
632.595,-0.325195,-0.637207,0.87207,2.92969,3.35693,-29.2358,1
632.605,-0.370605,-0.75293,0.81543,3.54004,3.78418,-28.8696,1
632.615,-0.399414,-0.673828,0.836426,3.84521,3.72314,-28.6865,1
632.625,-0.376465,-0.785156,0.879395,2.80762,4.15039,-29.8462,1
632.635,-0.320312,-0.76709,0.927734,3.05176,4.27246,-28.7476,1
632.645,-0.320801,-0.701172,0.961426,1.2207,3.90625,-29.48,1
632.655,-0.326172,-0.813477,0.896484,0.610352,4.27246,-29.541,1
632.665,-0.379395,-0.745605,0.820801,2.68555,4.69971,-27.9541,1
632.675,-0.407715,-0.563965,0.807617,0.854492,4.45557,-29.48,1
632.68,-0.34375,-0.780762,0.847168,-0.732422,4.69971,-29.6631,1
632.69,-0.345703,-0.739258,0.958496,0.488281,4.69971,-28.5645,1
632.7,-0.372559,-0.716797,0.916992,-1.2207,4.57764,-29.9683,1
632.71,-0.356445,-0.799316,0.862305,0.305176,4.3335,-29.0527,1
632.72,-0.35498,-0.621582,0.839355,0.366211,3.90625,-29.1138,1
632.73,-0.330078,-0.539551,0.835938,-1.2207,3.66211,-30.0293,1
632.74,-0.35791,-0.804199,0.849609,-2.19727,3.96729,-30.4565,1
632.75,-0.380859,-0.900391,0.886719,1.28174,3.41797,-28.7476,1
632.76,-0.315918,-0.646973,0.89502,0.854492,2.86865,-29.9683,1
632.77,-0.272461,-0.693848,0.90918,0.244141,3.11279,-30.2124,1
632.78,-0.29248,-0.755859,0.882324,1.09863,3.2959,-29.48,1
632.79,-0.32959,-0.75,0.872559,0.793457,2.31934,-29.9683,1
632.8,-0.264648,-0.794434,0.887695,0.854492,1.89209,-29.9683,1
632.81,-0.242188,-0.803223,0.941895,1.40381,2.31934,-29.6631,1
632.82,-0.225586,-0.711914,0.970215,2.38037,1.89209,-28.9917,1
632.825,-0.209961,-0.617188,0.916016,1.58691,1.83105,-29.1748,1
632.835,-0.227051,-0.808594,0.923828,1.64795,1.64795,-28.9917,1
632.845,-0.241211,-0.754883,0.932129,3.35693,1.40381,-27.71,1
632.855,-0.21875,-0.695801,0.941406,2.80762,1.0376,-28.1372,1
632.865,-0.173828,-0.797852,0.969238,3.60107,0.549316,-27.771,1
632.875,-0.158691,-0.647461,0.9375,5.00488,0.305176,-26.7944,1
632.885,-0.20166,-0.713867,0.867188,4.27246,0.793457,-27.2827,1
632.895,-0.172363,-0.731934,0.897461,5.43213,0.0610352,-25.8789,1
632.905,-0.152832,-0.629883,1.01025,5.98145,0.12207,-25.2075,1
632.915,-0.123047,-0.750977,0.996094,6.28662,0.12207,-24.9023,1
632.925,-0.149414,-0.728027,0.974121,8.72803,0.12207,-23.3765,1
632.935,-0.214355,-0.700684,0.865234,7.99561,1.0376,-23.4985,1
632.945,-0.244629,-0.695312,0.87793,7.8125,0.12207,-22.2168,1
632.955,-0.207031,-0.617188,0.960449,6.04248,0.183105,-22.2168,1
632.96,-0.140625,-0.671387,1.03076,5.43213,0.244141,-21.3013,1
632.97,-0.163086,-0.762207,1.03955,6.46973,0.976562,-20.0806,1
632.98,-0.17041,-0.639648,0.996094,7.26318,0.183105,-18.7988,1
632.99,-0.16748,-0.660156,0.908691,5.37109,0.671387,-19.104,1
633,-0.126465,-0.762695,0.969238,4.82178,-0.305176,-17.8833,1
633.01,-0.118652,-0.619141,0.991211,3.90625,-0.366211,-17.1509,1
633.02,-0.161621,-0.770508,1.03906,1.95312,0.0610352,-17.4561,1
633.03,-0.192383,-0.691406,1.03809,2.80762,-0.183105,-15.3809,1
633.04,-0.157715,-0.640137,1.01758,0.366211,0.671387,-16.2964,1
633.05,-0.168457,-0.838379,1.01855,1.15967,-0.183105,-14.2822,1
633.06,-0.150879,-0.621094,1.0332,1.70898,-0.244141,-13.916,1
633.07,-0.154297,-0.617188,1.04492,-0.427246,0,-14.7095,1
633.08,-0.182617,-0.90625,1.05566,0.915527,0.183105,-13.4888,1
633.09,-0.145996,-0.645996,1.00928,2.74658,-0.610352,-12.6953,1
633.1,-0.141113,-0.617188,0.986328,0.854492,-0.305176,-13.6108,1
633.105,-0.158691,-0.87793,0.973145,2.92969,-0.610352,-12.8784,1
633.115,-0.193359,-0.526855,0.956055,4.39453,-0.671387,-12.6953,1
633.125,-0.171387,-0.587402,0.961914,1.2207,-0.244141,-13.9771,1
633.135,-0.140137,-0.870117,0.964844,2.92969,-0.915527,-12.8174,1
633.145,-0.125977,-0.570801,0.925293,5.92041,-0.915527,-12.4512,1
633.155,-0.177734,-0.554688,0.874512,4.63867,0,-13.9771,1
633.165,-0.213867,-0.866699,0.95752,6.22559,-0.244141,-13.4277,1
633.175,-0.191406,-0.575195,0.949219,7.8125,-0.366211,-13.1836,1
633.185,-0.13916,-0.48291,0.943359,4.94385,0.671387,-14.6484,1
633.195,-0.134277,-0.754395,0.939453,5.06592,0.976562,-14.0381,1
633.205,-0.129395,-0.565918,0.855957,6.10352,0.976562,-14.0991,1
633.215,-0.155762,-0.453125,0.898438,4.08936,1.89209,-15.0757,1
633.225,-0.177246,-0.650879,1,3.54004,1.77002,-15.0757,1
633.235,-0.12793,-0.536621,1.03174,5.00488,2.0752,-14.5874,1
633.245,-0.108398,-0.510254,0.914062,4.3335,3.54004,-15.564,1
633.255,-0.10791,-0.647949,0.959473,4.76074,2.92969,-15.686,1
633.265,-0.132812,-0.52832,0.978027,5.67627,2.92969,-15.564,1
633.27,-0.138184,-0.473633,1.02588,4.76074,3.41797,-16.4185,1
633.28,-0.119629,-0.604492,1.04639,5.31006,3.479,-16.6016,1
633.29,-0.109375,-0.466309,0.967773,6.7749,3.41797,-15.9302,1
633.3,-0.0810547,-0.456543,0.882812,5.67627,3.54004,-17.2119,1
633.31,-0.112305,-0.635742,0.872559,6.89697,3.2959,-16.8457,1
633.32,-0.11377,-0.395996,0.90918,8.05664,2.99072,-16.7847,1
633.33,-0.105469,-0.388184,0.936035,5.43213,3.41797,-18.3105,1
633.34,-0.135742,-0.618652,0.929688,6.04248,2.56348,-17.5781,1
633.35,-0.119141,-0.416504,0.879395,7.32422,1.52588,-17.5781,1
633.36,-0.0898438,-0.371582,0.825684,5.18799,1.52588,-19.104,1
633.37,-0.105957,-0.530762,0.843262,4.94385,0.976562,-18.8599,1
633.38,-0.129395,-0.369141,0.873535,4.08936,0.244141,-19.2261,1
633.39,-0.164062,-0.490234,0.955566,1.28174,0.427246,-20.752,1
633.4,-0.15625,-0.530273,0.971191,1.64795,-0.610352,-19.8975,1
633.41,-0.140137,-0.370117,0.946289,-0.0610352,-0.549316,-20.874,1
633.42,-0.124512,-0.565918,0.973145,-2.31934,-0.732422,-22.2778,1
633.43,-0.129883,-0.565918,1.0083,-0.793457,-1.2207,-21.3013,1
633.44,-0.12793,-0.453125,1.021,-2.68555,-0.793457,-22.7661,1
633.445,-0.162109,-0.66748,1.03076,-3.66211,-1.09863,-23.1934,1
633.455,-0.140137,-0.632812,1.03613,-2.31934,-0.976562,-22.4609,1
633.465,-0.141113,-0.501953,1.06104,-3.2959,-0.244141,-23.4985,1
633.475,-0.135742,-0.641602,1.03711,-4.08936,-0.0610352,-24.353,1
633.485,-0.169434,-0.648438,0.986328,-2.80762,0.0610352,-23.7427,1
633.495,-0.244141,-0.606445,0.957031,-3.05176,0.305176,-24.0479,1
633.505,-0.255859,-0.641602,0.984375,-2.86865,0.610352,-24.353,1
633.515,-0.17334,-0.568848,0.999023,-2.68555,1.2207,-24.4751,1
633.525,-0.182617,-0.683594,1.02295,-2.68555,1.58691,-25.0854,1
633.535,-0.23291,-0.673828,0.972656,-1.28174,0.915527,-25.0244,1
633.545,-0.3125,-0.622559,0.952148,-0.183105,1.46484,-25.2075,1
633.555,-0.248047,-0.646484,0.958984,0.427246,2.31934,-25.6958,1
633.565,-0.178711,-0.635742,1.02246,1.15967,1.77002,-25.8789,1
633.575,-0.136719,-0.661621,0.983887,1.52588,1.70898,-26.001,1
633.585,-0.20459,-0.610352,0.893555,2.19727,1.89209,-25.5737,1
633.595,-0.254395,-0.675293,0.919434,1.40381,2.2583,-26.4282,1
633.605,-0.256348,-0.667969,1.03271,1.83105,2.44141,-25.9399,1
633.615,-0.225098,-0.638184,1.07031,0.915527,2.62451,-26.1841,1
633.62,-0.205566,-0.722656,1.05078,1.40381,2.74658,-26.001,1
633.63,-0.197266,-0.594238,0.947266,1.70898,2.44141,-25.7568,1
633.64,-0.222656,-0.648926,0.912109,0.976562,3.05176,-26.4282,1
633.65,-0.229004,-0.645508,0.938477,1.40381,2.2583,-25.6958,1
633.66,-0.220215,-0.575195,1.00439,0.366211,2.62451,-26.062,1
633.67,-0.213867,-0.61377,0.987305,0.183105,2.86865,-26.123,1
633.68,-0.237793,-0.640137,0.913574,0.488281,2.44141,-26.1841,1
633.69,-0.280273,-0.659668,0.884277,0.976562,1.70898,-26.4282,1
633.7,-0.260254,-0.609863,0.89209,1.64795,1.40381,-26.4893,1
633.71,-0.226074,-0.57666,0.936523,1.52588,1.34277,-27.0386,1
633.72,-0.202637,-0.603516,0.960449,0.732422,1.28174,-27.5269,1
633.73,-0.233398,-0.668945,0.942871,0.854492,0.671387,-27.2217,1
633.74,-0.289062,-0.62793,0.943359,1.2207,0.366211,-26.6724,1
633.75,-0.290527,-0.597656,0.989258,0.793457,0.549316,-27.0996,1
633.76,-0.268066,-0.678223,1.00879,0.915527,0.732422,-27.4658,1
633.77,-0.23584,-0.634277,0.984375,1.46484,0.427246,-27.1606,1
633.78,-0.217773,-0.632812,0.958984,0.366211,0.427246,-27.5269,1
633.785,-0.223145,-0.71875,0.949219,0.488281,0.427246,-27.0386,1
633.795,-0.229004,-0.61377,0.937988,0.976562,0.732422,-26.5503,1
633.805,-0.254883,-0.603027,0.942871,-0.244141,0.793457,-27.2827,1
633.815,-0.29248,-0.749512,0.928223,0.12207,0.549316,-26.8555,1
633.825,-0.265625,-0.599121,1.021,1.0376,0.244141,-26.123,1
633.835,-0.227051,-0.615234,1.02588,-0.793457,1.15967,-27.4658,1
633.845,-0.181152,-0.782715,0.970703,0.12207,0.915527,-26.5503,1
633.855,-0.194336,-0.621094,0.93457,0.976562,0.12207,-25.8179,1
633.865,-0.210938,-0.637695,0.944336,-0.732422,0.549316,-27.0996,1
633.875,-0.193359,-0.736816,0.962891,0.793457,0.732422,-26.001,1
633.885,-0.185547,-0.581055,1.01465,0.305176,0.854492,-26.3062,1
633.895,-0.157227,-0.730469,1.01709,-0.305176,0.549316,-26.7334,1
633.905,-0.154297,-0.772949,0.980469,1.58691,0.610352,-25.6348,1
633.915,-0.158691,-0.62207,0.964844,1.58691,0.610352,-25.6348,1
633.925,-0.166992,-0.769531,1.01904,0.915527,0.549316,-26.4893,1
633.93,-0.170898,-0.734375,1.02344,2.74658,0.0610352,-25.3296,1
633.94,-0.173828,-0.654297,1.021,2.19727,0.549316,-25.8179,1
633.95,-0.14502,-0.763672,0.986328,2.38037,0.427246,-25.8179,1
633.96,-0.147461,-0.754395,0.963379,3.78418,0.12207,-25.1465,1
633.97,-0.191406,-0.645508,0.96875,3.72314,0.305176,-25.3906,1
633.98,-0.220215,-0.698242,0.962891,2.92969,0.549316,-25.6348,1
633.99,-0.239746,-0.708496,0.950195,2.92969,0.671387,-25.3906,1
634,-0.214355,-0.627441,0.969727,1.95312,0.366211,-25.9399,1
634.01,-0.228027,-0.745117,0.948242,1.2207,1.0376,-26.5503,1
634.02,-0.241211,-0.696289,0.954102,1.95312,0.488281,-25.8179,1
634.03,-0.25,-0.625488,0.990234,0.427246,0.427246,-26.9165,1
634.04,-0.223633,-0.688477,0.97998,0.671387,1.15967,-26.6724,1
634.05,-0.219727,-0.613281,0.974609,0.183105,1.15967,-26.8555,1
634.06,-0.22998,-0.703613,0.936035,-0.732422,0.671387,-27.71,1
634.07,-0.231445,-0.708496,0.924316,0.244141,0.915527,-27.1606,1
634.075,-0.265137,-0.609375,0.952637,-0.671387,1.0376,-27.9541,1
634.085,-0.20752,-0.739258,0.966797,-0.854492,1.2207,-28.3813,1
634.095,-0.211914,-0.651855,0.995117,0,1.2207,-28.0151,1
634.105,-0.222168,-0.669922,0.962402,-0.671387,0.793457,-28.6865,1
634.115,-0.234863,-0.744629,0.920898,-0.0610352,1.0376,-28.3813,1
634.125,-0.234863,-0.646484,0.97998,0.366211,1.0376,-28.4424,1
634.135,-0.215332,-0.741211,0.978516,-0.305176,1.52588,-29.48,1
634.145,-0.211914,-0.719727,0.98877,1.40381,1.46484,-28.1982,1
634.155,-0.254395,-0.645508,0.979492,1.2207,1.34277,-28.7476,1
634.165,-0.269043,-0.77002,0.955566,1.34277,1.2207,-29.6631,1
634.175,-0.247559,-0.65625,0.934082,2.74658,1.09863,-29.0527,1
634.185,-0.241699,-0.718262,0.927246,1.46484,1.70898,-30.5176,1
634.195,-0.220215,-0.78418,0.929688,2.38037,0.488281,-29.9072,1
634.205,-0.248535,-0.637207,0.970703,2.2583,0.610352,-30.3955,1
634.215,-0.255371,-0.668945,0.942871,1.0376,0.854492,-31.0669,1
634.22,-0.240723,-0.774902,0.955566,1.2207,0.610352,-31.1279,1
634.23,-0.23877,-0.660156,0.952148,1.77002,0.488281,-30.8228,1
634.24,-0.251465,-0.770996,0.945801,0.854492,1.0376,-31.8604,1
634.25,-0.291016,-0.831543,0.961914,1.52588,0.732422,-31.4331,1
634.26,-0.28125,-0.820801,0.964355,0.976562,1.09863,-32.2876,1
634.27,-0.246582,-0.726074,0.981934,1.2207,1.09863,-31.9214,1
634.28,-0.256348,-0.708496,0.955566,0.0610352,1.58691,-32.8369,1
634.29,-0.260254,-0.753906,0.946777,0.366211,1.70898,-32.6538,1
634.3,-0.256348,-0.769043,0.973633,-0.244141,1.28174,-33.1421,1
634.31,-0.276855,-0.820312,0.933594,0.183105,1.46484,-32.8369,1
634.32,-0.273438,-0.727051,0.939941,0.427246,1.89209,-32.7148,1
634.33,-0.250977,-0.764648,0.939941,-0.976562,2.44141,-34.0576,1
634.335,-0.287109,-0.85791,0.993164,-0.671387,2.0752,-34.4238,1
634.345,-0.256836,-0.677246,0.898438,0.0610352,1.83105,-33.3252,1
634.355,-0.249512,-0.78125,0.921387,-1.95312,2.86865,-34.79,1
634.365,-0.23877,-0.874512,0.939453,0.305176,2.44141,-33.9966,1
634.375,-0.250977,-0.680176,0.911621,0.671387,3.17383,-34.8511,1
634.385,-0.27832,-0.70752,0.936035,0.244141,2.99072,-34.9121,1
634.395,-0.306152,-0.82373,0.967285,0.0610352,2.50244,-35.0342,1
634.405,-0.233887,-0.775391,0.953125,0.854492,3.35693,-34.9731,1
634.415,-0.277344,-0.773438,0.956543,-0.0610352,4.02832,-35.8276,1
634.425,-0.283203,-0.904785,0.946289,0.488281,3.05176,-35.6445,1
634.435,-0.269531,-0.679199,0.927734,1.0376,3.05176,-35.1562,1
634.445,-0.231934,-0.740723,0.937012,-0.305176,4.27246,-36.0718,1
634.455,-0.235352,-0.891113,0.956055,1.15967,3.96729,-35.7056,1
634.465,-0.178711,-0.715332,0.916504,2.19727,3.35693,-35.8276,1
634.475,-0.239746,-0.878906,0.916992,1.83105,3.78418,-36.5601,1
634.485,-0.247559,-0.770996,0.887207,4.45557,2.31934,-35.5835,1
634.495,-0.203613,-0.724609,0.907227,2.44141,2.99072,-37.6587,1
634.505,-0.149902,-0.898926,0.944824,4.15039,2.68555,-36.9263,1
634.51,-0.163574,-0.741211,0.927246,4.76074,2.44141,-36.9873,1
634.52,-0.18457,-0.83252,0.914062,4.08936,1.95312,-37.7808,1
634.53,-0.230957,-0.851562,0.916992,4.82178,1.28174,-37.1094,1
634.54,-0.220215,-0.685547,0.909668,4.39453,1.2207,-37.9028,1
634.55,-0.167969,-0.836914,0.894531,2.74658,1.09863,-39.0625,1
634.56,-0.193848,-0.833008,0.89209,4.39453,0.12207,-37.7197,1
634.57,-0.158691,-0.694336,0.960449,1.89209,-0.305176,-39.0015,1
634.58,-0.17334,-0.829102,1.00049,0.854492,-0.183105,-39.4287,1
634.59,-0.147461,-0.844727,0.969238,1.52588,0,-38.5132,1
634.6,-0.204102,-0.76416,0.93457,0.305176,-0.488281,-38.8184,1
634.61,-0.157227,-0.907715,0.966797,-1.34277,-0.793457,-39.6118,1
634.62,-0.165039,-0.895996,1.00537,-0.549316,-0.915527,-38.8794,1
634.63,-0.15625,-0.67334,0.998535,-1.28174,-0.854492,-38.8184,1
634.64,-0.145996,-0.874512,0.944336,-2.44141,-0.305176,-39.1846,1
634.65,-0.163574,-0.929688,0.97998,0,-1.09863,-37.8418,1
634.655,-0.147461,-0.719238,0.996094,-0.427246,-0.915527,-38.6963,1
634.665,-0.136719,-0.879395,0.975586,-0.793457,-0.427246,-38.3911,1
634.675,-0.17041,-0.911621,1.00732,0.732422,-1.15967,-37.2925,1
634.685,-0.118652,-0.745605,0.977539,1.0376,-0.854492,-37.5977,1
634.695,-0.161621,-0.817871,0.937012,0.671387,0.12207,-38.0249,1
634.705,-0.13623,-0.953125,0.927734,2.99072,-0.12207,-36.438,1
634.715,-0.181152,-0.765625,0.993164,2.99072,-0.610352,-36.8042,1
634.725,-0.158691,-0.908691,1.00977,2.0752,0,-36.9873,1
634.735,-0.141113,-0.787598,1.00977,3.72314,0.12207,-35.5225,1
634.745,-0.135254,-0.706543,0.961914,1.70898,0.427246,-36.5601,1
634.755,-0.122559,-0.911621,0.919434,2.31934,0.549316,-35.5225,1
634.765,-0.162598,-0.746582,0.928711,3.60107,0.549316,-34.79,1
634.775,-0.146484,-0.778809,1.00049,1.52588,1.0376,-35.9497,1
634.785,-0.105957,-0.915039,1.02783,2.80762,1.2207,-34.4849,1
634.795,-0.105957,-0.834473,1.01855,3.54004,1.2207,-33.8135,1
634.8,-0.0644531,-0.816895,0.976074,2.2583,1.15967,-34.6069,1
634.81,-0.074707,-0.82666,0.976074,2.38037,1.34277,-33.6304,1
634.82,-0.090332,-0.814941,1.02344,2.31934,1.52588,-33.4473,1
634.83,-0.0625,-0.697754,0.942383,2.56348,1.34277,-33.2031,1
634.84,-0.0170898,-0.800781,0.95166,1.64795,1.77002,-33.7524,1
634.85,0.0244141,-0.882324,1.03125,3.11279,0.976562,-32.3486,1
634.86,0.0834961,-0.720215,1.08398,2.80762,0.488281,-32.4097,1
634.87,0.120605,-0.779785,1.0376,1.58691,0.793457,-32.7759,1
634.88,0.120605,-0.772461,0.966797,3.11279,0.305176,-31.9214,1
634.89,0.151367,-0.666992,0.911133,3.2959,-0.0610352,-32.7148,1
634.9,0.203613,-0.722168,0.94873,3.23486,-0.488281,-32.959,1
634.91,0.197754,-0.77002,1.02539,4.02832,-0.793457,-32.5928,1
634.92,0.15918,-0.722656,1.01172,4.45557,-0.793457,-32.3486,1
634.93,0.143555,-0.724121,0.937988,4.08936,-1.15967,-32.6538,1
634.94,0.134766,-0.750488,0.856445,4.39453,-1.46484,-32.8369,1
634.945,0.200195,-0.657715,0.898926,5.00488,-1.58691,-32.7759,1
634.955,0.342285,-0.638184,0.984375,3.17383,-1.2207,-33.2031,1
634.965,0.271973,-0.751465,0.937012,1.40381,-0.793457,-32.5928,1
634.975,0.118164,-0.835938,0.875,1.2207,-1.34277,-31.7993,1
634.985,0.0800781,-0.687012,0.835938,1.09863,-1.40381,-31.4331,1
634.995,0.209473,-0.595703,0.928223,-0.488281,-0.915527,-32.6538,1
635.005,0.274902,-0.77832,1.0415,-1.28174,-0.671387,-33.3252,1
635.015,0.215332,-0.671875,1.01611,0.427246,-0.488281,-31.4331,1
635.025,0.209473,-0.557617,0.91748,-1.64795,-0.244141,-32.6538,1
635.035,0.214844,-0.866211,0.885742,-1.34277,-0.12207,-32.1045,1
635.045,0.215332,-0.741699,1.06934,0.549316,-0.244141,-31.6162,1
635.055,0.20752,-0.634277,1.13232,-1.58691,0.305176,-32.6538,1
635.065,0.120117,-0.983887,0.952148,-1.28174,0.976562,-31.4331,1
635.075,0.11084,-0.769043,0.910645,0.732422,0.549316,-31.4941,1
635.085,0.191895,-0.540039,1.03125,-1.77002,1.34277,-32.8369,1
635.09,0.279785,-0.891113,1.09961,-1.70898,1.40381,-31.9214,1
635.1,0.17041,-0.900879,1.06494,0.976562,1.0376,-30.8838,1
635.11,0.0756836,-0.649414,0.993652,0.183105,1.28174,-31.9824,1
635.12,0.0214844,-0.816406,0.998535,-1.70898,2.13623,-32.7759,1
635.13,0.0703125,-0.875977,1.07422,-0.12207,1.83105,-31.9214,1
635.14,0.123535,-0.689453,1.104,-0.0610352,1.83105,-32.3486,1
635.15,0.0698242,-0.87207,1.01904,-1.0376,2.13623,-33.0811,1
635.16,0.0585938,-0.870117,0.992676,0.366211,1.83105,-32.4097,1
635.17,-0.0615234,-0.910156,0.980469,-0.610352,2.56348,-33.5083,1
635.18,-0.0561523,-0.866699,0.960449,0.732422,1.70898,-32.5928,1
635.19,-0.0200195,-0.612793,1.04688,-1.52588,2.19727,-34.4238,1
635.2,0.00537109,-0.787598,1.0498,-2.19727,2.0752,-34.1187,1
635.21,-0.0317383,-1.02295,0.894043,0,2.0752,-33.9966,1
635.22,-0.0634766,-0.691406,0.902344,1.64795,1.15967,-34.9121,1
635.23,-0.0136719,-0.713867,0.84082,0.305176,2.44141,-35.5225,1
635.235,-0.0786133,-0.978027,0.956543,2.19727,1.89209,-35.3394,1
635.245,-0.0678711,-0.750488,0.925293,3.2959,0.854492,-36.0718,1
635.255,-0.0463867,-0.73584,0.915039,2.0752,1.95312,-36.7432,1
635.265,-0.0488281,-0.885254,0.866699,2.44141,1.58691,-36.6821,1
635.275,-0.00439453,-0.755859,0.872559,2.92969,0.793457,-36.9873,1
635.285,-0.0224609,-0.884766,0.885742,3.05176,1.58691,-37.3535,1
635.295,-0.0874023,-0.845703,0.995605,3.66211,1.34277,-37.2925,1
635.305,0.00146484,-0.757812,0.919922,2.01416,1.83105,-37.9639,1
635.315,-0.0209961,-0.882812,0.950195,1.09863,1.28174,-38.0249,1
635.325,-0.0317383,-0.914551,0.980957,0.793457,0.854492,-38.3301,1
635.335,-0.0205078,-0.798828,0.939941,1.34277,1.83105,-37.7197,1
635.345,-0.0439453,-0.850098,1.01025,-0.793457,2.01416,-38.9404,1
635.355,-0.00537109,-0.90332,1.03613,-1.09863,1.34277,-38.8794,1
635.365,0.0117188,-0.817383,0.999023,-0.854492,2.44141,-38.147,1
635.375,-0.03125,-0.899902,1.03223,-1.83105,1.89209,-39.0625,1
635.385,-0.0283203,-0.842285,0.980469,-1.28174,1.09863,-39.1846,1
635.395,0.0380859,-0.824219,0.888672,-1.09863,2.38037,-38.8184,1
635.405,0.0126953,-0.902344,0.989746,-1.40381,2.38037,-39.4287,1
635.41,-0.0078125,-0.938965,0.986328,-1.15967,1.95312,-39.4897,1
635.42,-0.0546875,-0.963379,1.05859,-0.12207,3.479,-38.8794,1
635.43,-0.0834961,-0.807617,1.04688,0.488281,2.0752,-38.8184,1
635.44,0.0107422,-0.888672,1.0083,-1.0376,2.80762,-40.4663,1
635.45,0.0195312,-0.904297,0.90625,2.44141,2.31934,-38.5742,1
635.46,-0.0703125,-0.822754,0.921387,1.34277,2.0752,-40.2222,1
635.47,0.00634766,-0.946289,0.947754,1.77002,1.28174,-39.7949,1
635.48,-0.0307617,-0.819336,1.00537,2.99072,2.31934,-39.3677,1
635.49,-0.0527344,-0.884277,0.979492,1.95312,1.70898,-40.5884,1
635.5,-0.0517578,-0.862793,0.905762,2.68555,0.915527,-39.856,1
635.51,-0.0224609,-0.883789,0.931641,1.89209,1.70898,-40.4663,1
635.52,9.765625e-04,-0.946289,0.927734,2.80762,1.0376,-40.1001,1
635.53,0.0620117,-0.850098,0.925293,2.56348,0.915527,-40.7715,1
635.54,0.0424805,-0.826172,0.929688,2.01416,1.2207,-40.5884,1
635.55,-0.019043,-0.930664,0.930664,2.19727,1.28174,-40.1001,1
635.56,-0.0200195,-0.812988,0.933594,1.89209,0.305176,-40.1611,1
635.57,-0.0146484,-0.913086,0.93457,0.732422,1.34277,-40.7104,1
635.58,-0.0288086,-0.888184,0.935547,2.31934,0.976562,-39.3066,1
635.59,0.019043,-0.855957,0.994629,0.488281,0.732422,-40.8325,1
635.595,0.0351562,-0.95459,1.01025,0.976562,0.976562,-39.978,1
635.605,0.0161133,-0.959473,0.961426,0.793457,1.77002,-40.2222,1
635.615,-0.00585938,-0.81543,0.95166,0.671387,0.671387,-39.856,1
635.625,0.00488281,-0.845215,0.953125,-1.2207,1.28174,-40.4053,1
635.635,0.0253906,-0.95166,0.931152,0.0610352,1.83105,-39.4287,1
635.645,0.00878906,-0.867188,0.917969,1.46484,1.70898,-39.0625,1
635.655,0.0444336,-0.782715,0.952148,0.427246,1.28174,-39.917,1
635.665,0.0585938,-0.945801,0.939941,0.366211,1.95312,-39.1235,1
635.675,-0.0170898,-0.9375,1.0166,1.34277,2.31934,-38.6353,1
635.685,-0.0307617,-0.916016,0.94043,1.0376,2.56348,-38.5742,1
635.695,0.0307617,-0.873047,0.930176,1.89209,3.2959,-38.0249,1
635.705,-0.00585938,-0.92041,0.960938,1.0376,3.2959,-38.6963,1
635.715,0.0610352,-0.793945,0.914062,1.46484,3.11279,-37.5366,1
635.725,-0.00488281,-0.853027,0.958496,0.427246,3.96729,-37.9028,1
635.735,-0.0405273,-0.936035,1.00293,1.95312,3.17383,-37.2925,1
635.745,0.0722656,-0.700195,0.861816,2.01416,4.08936,-37.4756,1
635.755,0.0302734,-0.910645,0.850586,1.0376,4.57764,-37.2925,1
635.765,-0.0244141,-0.960938,0.90332,2.50244,3.41797,-36.9263,1
635.77,0.015625,-0.679688,0.916504,2.44141,4.45557,-36.9263,1
635.78,0.00830078,-0.817383,0.930176,0.854492,5.06592,-37.2314,1
635.79,0.0292969,-1.0708,0.866699,3.05176,3.78418,-36.5601,1
635.8,0.0395508,-0.655273,0.860352,4.76074,3.84521,-36.6821,1
635.81,-0.0683594,-0.874023,0.920898,2.56348,5.24902,-37.2314,1
635.82,-0.0161133,-1.04883,0.959473,6.40869,4.02832,-35.8887,1
635.83,-0.0292969,-0.57666,0.95459,5.85938,4.5166,-36.1328,1
635.84,-0.0263672,-0.858398,0.928711,3.05176,4.45557,-36.1328,1
635.85,-0.0478516,-1.09619,0.898438,6.10352,4.02832,-34.6069,1
635.86,-0.0888672,-0.570801,0.938477,6.10352,4.08936,-34.9731,1
635.87,-0.116211,-0.731934,0.930664,2.31934,4.57764,-35.8276,1
635.88,-0.0874023,-1.00488,0.92041,4.5166,3.96729,-34.5459,1
635.89,-0.0654297,-0.495117,0.841309,5.24902,3.41797,-34.5459,1
635.9,-0.0947266,-0.621094,0.884766,0.732422,3.90625,-35.4004,1
635.91,-0.0703125,-0.814941,0.834961,3.54004,2.92969,-33.5693,1
635.915,-0.103516,-0.5,0.813965,3.90625,3.11279,-33.4473,1
635.925,-0.119141,-0.661621,0.931641,2.80762,1.58691,-33.5693,1
635.935,-0.130371,-0.739258,0.895996,5.79834,1.28174,-32.1655,1
635.945,-0.109863,-0.537109,0.893066,6.28662,1.52588,-32.5317,1
635.955,-0.111328,-0.61377,0.864258,6.28662,1.46484,-31.9214,1
635.965,-0.12207,-0.555664,0.841797,7.87354,1.09863,-30.2734,1
635.975,-0.118652,-0.471191,0.904297,6.71387,0.366211,-30.0903,1
635.985,-0.0932617,-0.543945,0.937012,7.62939,0.12207,-28.4424,1
635.995,-0.0698242,-0.475098,1.01709,8.72803,0.305176,-26.6724,1
636.005,-0.0546875,-0.487305,1.00146,9.21631,0,-25.6958,1
636.015,-0.0561523,-0.450684,0.982422,11.2915,-0.12207,-23.2544,1
636.025,-0.0625,-0.534668,0.951172,11.8408,-0.610352,-22.0947,1
636.035,-0.0888672,-0.464355,0.946777,14.5874,-1.2207,-19.3481,1
636.045,-0.0317383,-0.28418,1.02539,14.0381,-0.549316,-18.2495,1
636.055,-0.0112305,-0.480469,1.10254,14.2822,-0.549316,-15.8691,1
636.06,-0.00927734,-0.327637,1.07373,16.7847,-1.40381,-12.5122,1
636.07,-0.0405273,-0.147949,1.01611,15.5029,-0.915527,-10.7422,1
636.08,-0.0776367,-0.334961,0.964355,15.686,-0.854492,-8.11768,1
636.09,-0.00537109,-0.11377,0.992676,17.0898,-1.0376,-5.24902,1
636.1,0.109375,0.0229492,1.01953,15.1978,-0.854492,-3.96729,1
636.11,0.161133,-0.177246,1.06738,15.7471,-1.15967,-0.671387,1
636.12,0.161621,0.106445,1.01318,16.8457,-1.95312,1.95312,1
636.125,0.0854492,0.196777,0.973145,14.3433,-1.40381,3.54004,1
636.135,0.00146484,0.00830078,1.00684,14.9536,-1.64795,6.65283,1
636.145,-0.0107422,0.256836,1.02637,16.0522,-1.70898,8.72803,1
636.155,0.00390625,0.395508,1.04785,14.5874,-1.46484,10.1929,1
636.165,0.0273438,0.255371,1.04443,14.4653,-1.77002,12.146,1
636.175,0.0625,0.429199,1.00586,15.5029,-1.89209,14.5264,1
636.185,0.0693359,0.50293,1.00928,13.7329,-1.46484,15.3198,1
636.195,0.0493164,0.380371,0.943848,13.916,-1.15967,16.9678,1
636.205,0.0571289,0.510254,1.0083,14.4043,-1.0376,18.3716,1
636.215,-0.0126953,0.658691,1.03613,13.3667,-0.244141,19.2871,1
636.225,-0.0229492,0.548828,1.06787,13.4277,0.671387,20.0806,1
636.235,-0.0166016,0.661621,1.04004,14.7095,1.0376,21.8506,1
636.245,0,0.705566,1.02344,13.0615,2.01416,21.7896,1
636.255,-0.027832,0.592285,1.02539,13.1226,2.13623,23.4375,1
636.265,-0.00732422,0.777832,1.03906,13.3057,2.01416,24.353,1
636.275,-0.0439453,0.768066,1.10938,10.8032,2.80762,24.231,1
636.285,-0.0336914,0.684082,1.03906,10.498,2.99072,25.8179,1
636.295,-0.0366211,0.852051,1.01904,8.91113,3.41797,26.4282,1
636.305,-0.0400391,0.774414,0.995117,6.46973,3.35693,26.7334,1
636.315,-0.00732422,0.732422,1.01318,6.34766,2.44141,28.3813,1
636.325,0.0244141,0.91748,1.0376,5.00488,2.74658,28.7476,1
636.335,0,0.79541,1.08398,2.31934,2.99072,28.9307,1
636.34,-0.00878906,0.856445,1.07227,2.50244,2.44141,30.6396,1
636.35,-0.0400391,1.00488,1.07031,-0.183105,2.74658,30.8838,1
636.36,-0.0410156,0.860352,1.021,-0.976562,2.0752,31.7383,1
636.37,-0.0541992,0.84668,1.10742,0,1.0376,32.8369,1
636.38,-0.027832,0.983887,1.13721,-0.183105,1.0376,33.1421,1
636.39,-0.0141602,0.872559,1.09863,-1.15967,0.793457,33.6914,1
636.4,-0.0146484,0.847656,1.0415,-0.244141,0.0610352,35.2783,1
636.41,-0.0634766,1.04004,1.03027,-0.671387,-0.427246,35.4614,1
636.42,-0.0151367,0.887207,1.04248,-1.28174,0,35.8887,1
636.43,-0.13916,0.77002,1.12451,1.28174,-0.732422,37.5366,1
636.44,-0.0371094,0.944336,1.03223,1.58691,-1.46484,36.8652,1
636.45,-0.120117,0.887207,0.96875,1.64795,-0.488281,37.7808,1
636.46,-0.0454102,0.958984,0.978516,1.89209,-0.366211,38.3911,1
636.47,-0.102539,0.812012,0.965332,0.610352,-0.183105,37.7808,1
636.48,-0.146484,0.819336,1.05078,2.2583,-0.854492,39.1846,1
636.485,-0.12793,0.871582,0.959961,0.366211,0.183105,37.9028,1
636.495,-0.172363,0.722656,0.866699,0.12207,0.854492,38.9404,1
636.505,-0.120605,0.893555,0.925293,0,0.915527,39.0625,1
636.515,-0.043457,0.871094,0.854004,-3.66211,1.83105,38.0859,1
636.525,-0.141113,0.733398,0.929199,-3.66211,2.19727,39.3677,1
636.535,-0.141113,0.875,0.82959,-5.06592,2.92969,37.9639,1
636.545,-0.166016,0.652832,0.845703,-6.22559,4.02832,37.4756,1
636.555,-0.168945,0.790527,0.900879,-4.02832,3.84521,38.5742,1
636.565,-0.108398,0.914062,0.802246,-6.71387,4.02832,37.1704,1
636.575,-0.144043,0.763672,0.77832,-4.94385,4.57764,38.6353,1
636.585,-0.166992,0.745605,0.78418,-3.35693,5.5542,38.4521,1
636.595,-0.133789,0.790039,0.801758,-2.0752,5.43213,38.5132,1
636.605,-0.161133,0.597168,0.927734,-0.854492,5.67627,38.147,1
636.615,-0.114258,0.812012,0.999023,2.68555,5.43213,39.1846,1
636.625,-0.0644531,0.830566,0.858398,1.77002,6.22559,38.269,1
636.635,-0.130371,0.741699,0.76123,4.69971,5.61523,39.5508,1
636.645,-0.046875,0.955078,0.874512,5.12695,5.67627,39.3677,1
636.655,-0.0888672,0.865723,0.937988,5.49316,5.98145,40.1001,1
636.66,-0.106445,0.872559,1.00732,7.32422,5.12695,40.8936,1
636.67,-0.112305,0.837891,0.973145,6.83594,5.7373,40.7715,1
636.68,-0.0874023,0.937988,0.955078,6.95801,5.12695,41.8701,1
636.69,-0.0649414,0.933105,1.04004,4.3335,5.12695,40.9546,1
636.7,-0.0131836,0.955566,1.01221,4.69971,4.02832,42.8467,1
636.71,-0.0561523,0.96875,1.05859,3.35693,3.90625,42.6025,1
636.72,-0.0454102,1.05078,1.03369,2.62451,3.23486,43.0908,1
636.73,-0.0854492,1.1416,1.04443,-0.0610352,3.66211,43.335,1
636.74,-0.141602,0.85498,1.04785,-1.58691,3.05176,44.0063,1
636.75,-0.074707,0.973145,0.98291,-1.15967,2.19727,44.9829,1
636.76,-0.0424805,0.959473,0.959961,-4.15039,1.83105,43.9453,1
636.77,-0.0400391,0.896973,1.02393,-3.84521,1.2207,44.9829,1
636.78,-0.0224609,1.00537,0.949219,-5.18799,1.89209,44.5557,1
636.79,-0.065918,0.9375,0.891113,-6.10352,1.15967,45.3491,1
636.8,-0.0571289,0.790527,0.865723,-6.46973,0.427246,45.3491,1
636.81,0.00488281,0.869629,0.807617,-5.06592,-0.183105,46.5088,1
636.82,-0.0410156,1.01758,0.907227,-6.10352,-0.427246,45.8984,1
636.83,0.0200195,0.619141,0.887695,-6.83594,-1.0376,45.8984,1
636.835,0.145508,0.823242,0.799316,-3.23486,-2.19727,46.5088,1
636.845,0.134766,0.866211,0.782715,-6.22559,-1.64795,45.105,1
636.855,0.150879,0.729492,0.791504,-3.78418,-2.01416,45.7764,1
636.865,0.0771484,1.05713,0.967773,-1.95312,-1.09863,45.4712,1
636.875,0.106934,0.787598,1.06934,-4.02832,-1.58691,44.7998,1
636.885,0.223145,0.612305,0.958008,-0.366211,-2.56348,45.8374,1
636.895,0.298828,1.03027,0.925781,0,-2.01416,44.7388,1
636.905,0.304688,0.858398,0.899902,-1.34277,-1.89209,43.396,1
636.915,0.227539,0.812988,0.996094,1.2207,-1.34277,43.5181,1
636.925,0.170898,1.02051,1.1001,0.732422,-0.793457,42.1753,1
636.935,0.20752,0.762207,1.07422,0,-0.488281,41.4429,1
636.945,0.245605,0.813477,1.05078,1.83105,0,41.1987,1
636.955,0.289062,0.990723,0.981934,-0.244141,0.366211,39.917,1
636.965,0.325195,0.805176,1.01318,-1.70898,0.183105,39.0015,1
636.975,0.317383,0.80127,1.03174,-0.793457,0.915527,38.0249,1
636.985,0.239746,0.949707,1.04932,-1.52588,1.70898,36.438,1
636.995,0.17627,0.849609,1.02734,-3.2959,1.77002,35.3394,1
637.005,0.206543,0.725098,1.00049,-3.72314,1.89209,34.79,1
637.015,0.259766,0.720215,0.980469,-4.63867,2.13623,33.8745,1
637.02,0.320312,0.750488,0.964355,-4.76074,1.95312,33.1421,1
637.03,0.29541,0.788086,0.972656,-6.40869,1.70898,31.4331,1
637.04,0.25,0.612793,0.993652,-7.14111,1.2207,30.2734,1
637.05,0.274414,0.635742,0.956543,-6.28662,1.28174,29.541,1
637.06,0.266602,0.64502,0.884277,-7.08008,1.0376,27.71,1
637.07,0.305664,0.633301,0.868652,-6.46973,0.610352,26.9775,1
637.08,0.21582,0.648926,0.897461,-6.89697,0.671387,26.3672,1
637.09,0.305176,0.51709,0.95459,-8.05664,-0.549316,25.7568,1
637.1,0.42627,0.452637,0.921875,-7.38525,-0.854492,24.8413,1
637.11,0.391113,0.612305,0.961426,-6.40869,-0.671387,22.7051,1
637.12,0.255859,0.703125,0.964844,-6.95801,-1.52588,20.3857,1
637.13,0.230957,0.615723,1.04492,-6.65283,-1.52588,19.6533,1
637.14,0.32959,0.529297,1.021,-5.5542,-2.19727,19.2261,1
637.15,0.404297,0.570801,1.05127,-4.76074,-2.19727,18.2495,1
637.16,0.359375,0.611328,1.08838,-4.94385,-2.19727,16.6016,1
637.165,0.36377,0.419922,1.05762,-4.5166,-2.38037,15.686,1
637.175,0.407227,0.566895,1.01025,-2.38037,-3.23486,15.0146,1
637.185,0.412598,0.721191,1.07959,-3.60107,-3.23486,13.2446,1
637.195,0.362305,0.495117,1.07715,-3.17383,-3.35693,13.1226,1
637.205,0.32959,0.547363,1.0835,-1.2207,-2.92969,13.0005,1
637.215,0.36084,0.497559,1.05371,-0.976562,-2.62451,12.4512,1
637.225,0.401855,0.449707,1.01904,0.549316,-2.92969,12.6343,1
637.235,0.425781,0.635254,1.02979,-0.12207,-2.68555,11.9629,1
637.245,0.460449,0.413086,1.06104,-0.915527,-2.19727,12.146,1
637.255,0.38916,0.349121,1.04297,1.15967,-2.19727,12.8784,1
637.265,0.35791,0.563477,0.978027,1.0376,-1.46484,12.8784,1
637.275,0.338867,0.405273,0.962891,-0.488281,-0.610352,13.3057,1
637.285,0.411621,0.373047,0.996582,-0.244141,-0.732422,14.1602,1
637.295,0.421875,0.626465,0.979004,-1.64795,-0.366211,14.3433,1
637.305,0.430664,0.328125,0.951172,-3.60107,0.427246,14.5874,1
637.31,0.375977,0.328125,0.894531,-1.2207,0.427246,15.7471,1
637.32,0.396484,0.59375,0.921875,-2.13623,1.34277,16.1133,1
637.33,0.436523,0.416504,0.958008,-4.02832,1.52588,16.1743,1
637.34,0.423828,0.328125,0.968262,-3.05176,1.95312,17.2119,1
637.35,0.401855,0.607422,0.979004,-2.56348,3.17383,17.5171,1
637.36,0.411133,0.459473,0.96582,-4.45557,3.66211,16.8457,1
637.37,0.452148,0.235352,0.974609,-1.40381,3.2959,18.3105,1
637.38,0.444336,0.556641,1.02148,0.244141,3.96729,18.7378,1
637.39,0.442871,0.526855,0.935547,-2.92969,4.08936,18.0664,1
637.4,0.433105,0.253418,0.965332,-0.732422,4.21143,19.3481,1
637.41,0.408203,0.538574,1.01221,1.2207,4.5166,19.5923,1
637.42,0.440918,0.535156,1.03076,-1.15967,4.45557,19.043,1
637.43,0.423828,0.308594,1.08594,-0.427246,4.27246,20.2026,1
637.44,0.415527,0.52002,1.05518,-0.488281,3.479,20.2026,1
637.45,0.416992,0.515625,1.02393,-2.50244,2.74658,19.9585,1
637.455,0.375977,0.357422,1.04932,-1.77002,2.38037,20.2637,1
637.465,0.351074,0.516113,1.05127,-1.28174,1.52588,20.4468,1
637.475,0.332031,0.487305,1.02783,-3.35693,0.976562,19.8975,1
637.485,0.463867,0.263672,1.01904,-3.2959,0,20.3247,1
637.495,0.505859,0.435059,0.97168,-1.58691,-0.854492,20.5078,1
637.505,0.397461,0.48291,0.918945,-2.92969,-1.64795,19.3481,1
637.515,0.38623,0.284668,0.864258,-2.13623,-2.2583,19.2261,1
637.525,0.417969,0.299805,0.89209,-0.366211,-1.95312,19.2871,1
637.535,0.456543,0.414062,0.916504,-0.854492,-2.68555,18.4326,1
637.545,0.481445,0.342773,0.913574,-2.01416,-2.86865,17.395,1
637.555,0.464844,0.27832,0.899902,-0.671387,-3.2959,17.4561,1
637.565,0.4375,0.399902,0.864258,-0.793457,-3.41797,15.9912,1
637.575,0.436035,0.30127,0.839355,-1.2207,-3.11279,15.4419,1
637.585,0.439941,0.318848,0.884766,-0.12207,-2.86865,15.0757,1
637.595,0.506836,0.379395,0.938477,-1.34277,-2.62451,13.6108,1
637.6,0.487305,0.272949,0.91748,-1.2207,-2.01416,13.3057,1
637.61,0.496094,0.320312,0.873535,-2.13623,-2.01416,12.0239,1
637.62,0.533203,0.321289,0.943848,-3.17383,-1.15967,11.1084,1
637.63,0.503906,0.30957,1.07715,-4.02832,-0.0610352,10.1318,1
637.64,0.532227,0.393555,1.04053,-5.5542,0.488281,9.0332,1
637.65,0.454102,0.360352,1.04004,-7.75146,1.70898,7.93457,1
637.66,0.479004,0.216309,1.13721,-8.30078,1.95312,7.44629,1
637.67,0.523438,0.382812,1.13184,-7.75146,1.89209,7.01904,1
637.68,0.469727,0.337402,1.13525,-10.6812,2.19727,5.61523,1
637.69,0.444824,0.0717773,1.11719,-9.58252,1.52588,5.5542,1
637.7,0.445312,0.230469,1.0625,-8.23975,1.89209,4.82178,1
637.71,0.41748,0.211426,1.05762,-9.58252,1.34277,3.54004,1
637.72,0.409668,-0.00341797,1.06934,-8.8501,0.366211,3.479,1
637.73,0.422363,0.145508,1.04541,-7.20215,-0.488281,3.2959,1
637.735,0.397461,0.111328,0.993652,-8.23975,-0.793457,2.2583,1
637.745,0.387207,-0.0834961,0.936035,-6.5918,-1.09863,2.2583,1
637.755,0.37793,0.0205078,0.90332,-5.24902,-1.83105,2.01416,1
637.765,0.362305,-0.0107422,0.980957,-5.12695,-2.0752,1.28174,1
637.775,0.350586,-0.0942383,0.98291,-4.21143,-2.62451,1.15967,1
637.785,0.35791,-0.0913086,0.974121,-3.05176,-3.11279,1.0376,1
637.795,0.327148,-0.0644531,0.858398,-2.31934,-2.99072,0.488281,1
637.805,0.360352,-0.155273,0.916504,-2.19727,-3.23486,-0.0610352,1
637.815,0.365234,-0.131348,1.03174,-1.58691,-3.2959,-0.0610352,1
637.825,0.416992,-0.0698242,1.01514,-2.2583,-2.80762,-0.427246,1
637.835,0.36084,-0.0385742,0.97168,-3.54004,-2.2583,-0.793457,1
637.845,0.419922,-0.0395508,1.08545,-5.5542,-2.01416,-1.70898,1
637.855,0.365723,-0.215332,1.12549,-5.61523,-0.793457,-1.77002,1
637.865,0.381836,-0.162598,1.07422,-4.15039,-0.183105,-1.83105,1
637.875,0.414062,-0.00585938,1.02686,-5.18799,0.671387,-2.68555,1
637.885,0.410156,-0.131348,1.06836,-7.38525,1.28174,-3.60107,1
637.895,0.393555,-0.229004,1.10693,-7.01904,2.2583,-3.60107,1
637.905,0.343262,-0.0786133,1.15527,-7.26318,3.479,-4.57764,1
637.91,0.354492,-0.228516,1.13574,-8.36182,3.66211,-5.12695,1
637.92,0.357422,-0.245117,1.07471,-6.71387,3.66211,-4.88281,1
637.93,0.37793,-0.100586,1.00635,-7.56836,3.90625,-6.28662,1
637.94,0.359375,-0.312988,0.996094,-7.44629,4.08936,-6.7749,1
637.95,0.321289,-0.330078,1.05176,-5.12695,3.84521,-6.71387,1
637.96,0.271973,-0.192871,1.03857,-5.37109,3.60107,-7.69043,1
637.97,0.246582,-0.384277,0.905273,-4.82178,2.86865,-8.05664,1
637.98,0.333496,-0.323242,0.893066,-2.99072,2.2583,-8.60596,1
637.99,0.34668,-0.258301,0.901367,-3.23486,1.77002,-9.58252,1
638,0.231934,-0.435059,0.856445,-2.68555,1.15967,-9.64355,1
638.01,0.206055,-0.428711,0.837891,-0.488281,0.183105,-9.8877,1
638.02,0.279785,-0.235352,0.824707,-0.976562,0.732422,-10.7422,1
638.03,0.283691,-0.413086,0.913086,-1.70898,0,-11.5967,1
638.04,0.281738,-0.434082,1.00244,-0.793457,-0.366211,-11.6577,1
638.05,0.17627,-0.263184,0.991699,-2.74658,-0.12207,-11.9629,1
638.06,0.204102,-0.533203,0.978027,-5.49316,0.244141,-13.0005,1
638.07,0.194336,-0.436035,0.96582,-4.63867,-0.0610352,-12.6343,1
638.08,0.133789,-0.192871,1.15332,-7.75146,0.671387,-13.916,1
638.09,0.0483398,-0.492676,1.13916,-10.3149,0.793457,-14.5874,1
638.095,-0.0415039,-0.466797,1.10889,-7.56836,2.38037,-13.6719,1
638.105,-0.122559,-0.27832,1.03711,-9.39941,2.92969,-15.3198,1
638.115,-0.0415039,-0.538574,0.999023,-9.46045,3.05176,-15.3809,1
638.125,-0.012207,-0.478027,1.0918,-7.38525,4.08936,-15.3809,1
638.135,-0.0136719,-0.374512,1.16309,-8.54492,5.18799,-16.7847,1
638.145,-9.765625e-04,-0.55957,0.934082,-7.87354,5.92041,-16.3574,1
638.155,-0.164551,-0.649902,0.830078,-5.06592,7.08008,-16.2354,1
638.165,-0.157715,-0.524414,0.864746,-4.02832,6.7749,-17.7002,1
638.175,-0.171387,-0.590332,0.955078,-3.54004,7.87354,-18.3105,1
638.18,-0.217285,-0.632324,0.964355,-1.09863,7.01904,-17.7612,1
638.19,-0.162109,-0.439453,0.842285,-2.31934,6.04248,-19.5312,1
638.2,-0.240234,-0.586914,0.871582,-2.74658,6.5918,-19.6533,1
638.21,-0.223633,-0.530762,0.859863,-1.77002,5.06592,-19.7144,1
638.22,-0.206543,-0.462891,0.870117,-2.86865,4.5166,-21.1792,1
638.23,-0.191895,-0.547852,0.908203,-3.41797,2.86865,-21.7285,1
638.24,-0.209473,-0.5625,0.96582,-3.35693,1.95312,-22.522,1
638.25,-0.211914,-0.52002,0.993652,-3.41797,1.58691,-22.522,1
638.26,-0.202637,-0.567871,1.10449,-4.88281,1.64795,-23.5596,1
638.27,-0.133789,-0.700195,0.998535,-4.3335,1.70898,-23.4985,1
638.28,-0.196777,-0.696777,0.949219,-2.68555,1.70898,-22.9492,1
638.29,-0.204102,-0.674805,0.995605,-2.86865,0.976562,-24.1699,1
638.3,-0.198242,-0.65332,1.01904,-3.05176,1.40381,-23.9868,1
638.31,-0.177734,-0.665527,1.11328,-3.479,2.44141,-23.8647,1
638.32,-0.15332,-0.624512,1.16992,-3.23486,2.74658,-23.4375,1
638.325,-0.17627,-0.730957,1.09814,-3.17383,2.68555,-23.2544,1
638.335,-0.189453,-0.733398,0.95752,-0.610352,1.58691,-21.9727,1
638.345,-0.16748,-0.602539,0.936523,-0.793457,1.89209,-22.9492,1
638.355,-0.166504,-0.723633,1.06982,-1.64795,2.74658,-23.4985,1
638.365,-0.132324,-0.621582,1.13623,-1.0376,1.89209,-22.2168,1
638.375,-0.129395,-0.673828,1.14844,-2.99072,2.38037,-23.0713,1
638.385,-0.121094,-0.804199,1.07617,-1.28174,2.13623,-21.7896,1
638.395,-0.0917969,-0.702148,0.938965,-0.610352,2.74658,-21.8506,1
638.405,-0.097168,-0.797363,1.03076,-0.854492,2.56348,-22.2778,1
638.415,-0.106934,-0.77832,1.12646,0.0610352,2.74658,-21.3623,1
638.425,-0.116699,-0.615234,1.12158,-0.305176,3.84521,-21.6064,1
638.435,-0.122559,-0.732422,1.04102,-0.549316,4.3335,-21.8506,1
638.445,-0.120117,-0.725098,0.976074,1.64795,3.23486,-20.752,1
638.455,-0.103027,-0.689941,0.887207,2.99072,2.92969,-21.1792,1
638.465,-0.10791,-0.605469,0.885742,4.21143,3.05176,-21.3013,1
638.47,-0.0742188,-0.576172,0.891602,3.78418,2.92969,-22.0337,1
638.48,-0.114258,-0.70459,0.806152,4.15039,2.86865,-21.4844,1
638.49,-0.120117,-0.583008,0.812988,5.18799,1.15967,-21.2402,1
638.5,-0.124512,-0.538574,0.775391,3.66211,1.28174,-22.522,1
638.51,-0.101074,-0.610352,0.717285,3.72314,0.976562,-22.0337,1
638.52,-0.134766,-0.543945,0.695312,3.2959,0.610352,-22.583,1
638.53,-0.0698242,-0.520996,0.755371,0.427246,-0.366211,-23.8037,1
638.54,-0.116699,-0.591797,0.820312,-0.244141,0,-22.9492,1
638.55,-0.135254,-0.559082,0.949707,-1.46484,0.244141,-23.3154,1
638.56,-0.138184,-0.564453,0.896484,-2.2583,0.12207,-23.1934,1
638.57,-0.112793,-0.681152,0.841797,-1.70898,0.610352,-22.7661,1
638.58,-0.0908203,-0.609375,0.836914,-1.0376,0.12207,-22.8271,1
638.59,-0.0449219,-0.570801,0.949707,-2.99072,0.976562,-24.0479,1
638.6,-0.0458984,-0.779785,1.08936,-3.05176,0.549316,-23.3154,1
638.61,-0.0639648,-0.777832,1.04053,-1.0376,0.610352,-22.0947,1
638.62,-0.0703125,-0.600586,1.03125,-1.15967,0.732422,-22.2168,1
638.625,-0.0976562,-0.774902,1.05957,-1.58691,1.83105,-22.3999,1
638.635,-0.0522461,-0.717285,1.06494,0.793457,0.549316,-20.9351,1
638.645,-0.0571289,-0.617676,0.995117,-0.12207,0.610352,-21.7896,1
638.655,-0.0341797,-0.797852,1.06982,0.183105,0.305176,-21.4233,1
638.665,-0.0444336,-0.710938,1.05762,1.77002,0.488281,-20.4468,1
638.675,-0.0688477,-0.647949,1.0376,1.34277,0.488281,-20.813,1
638.685,-0.0410156,-0.764648,1.03906,0.793457,-0.549316,-21.4233,1
638.695,-0.0332031,-0.668945,0.981445,2.62451,-0.549316,-20.2637,1
638.705,-0.0610352,-0.62207,0.92627,1.52588,0.0610352,-20.6909,1
638.715,-0.0620117,-0.78418,0.950684,1.28174,-0.793457,-20.9351,1
638.725,-0.0380859,-0.710938,1.00635,1.64795,-0.976562,-20.3857,1
638.735,-0.0107422,-0.688477,0.996094,0.610352,-0.244141,-20.813,1
638.745,-0.0449219,-0.742188,0.998047,-0.12207,-1.52588,-21.2402,1
638.755,-0.00488281,-0.705078,0.946777,-0.854492,-1.89209,-21.4233,1
638.765,0.00488281,-0.694824,0.990234,-1.2207,-0.671387,-21.5454,1
638.775,-0.0219727,-0.683594,0.931152,-1.28174,-1.09863,-21.4233,1
638.785,0.00927734,-0.720215,0.942383,-1.52588,-1.15967,-21.9116,1
638.795,-0.0078125,-0.628906,1.02441,-1.09863,-1.0376,-21.6064,1
638.805,0.043457,-0.726074,0.97998,-1.70898,-0.12207,-22.2168,1
638.81,0.0307617,-0.668945,0.921387,0.976562,0.244141,-20.9961,1
638.82,0.0141602,-0.744629,0.907227,0,0.671387,-22.4609,1
638.83,0.0727539,-0.82959,1.04053,1.28174,0.305176,-22.1558,1
638.84,0.0551758,-0.674316,0.974121,1.89209,1.64795,-21.5454,1
638.85,0.0283203,-0.816406,1.00879,-0.610352,1.77002,-22.7051,1
638.86,0.0595703,-0.794434,1.0498,-0.244141,1.2207,-22.7051,1
638.87,0.0419922,-0.685059,1.04834,-0.0610352,2.74658,-22.583,1
638.88,0.0170898,-0.670898,0.963379,-0.854492,1.58691,-23.0103,1
638.89,0.0522461,-0.65918,0.909668,-0.976562,0.854492,-23.2544,1
638.9,0.0703125,-0.745117,1.04541,-0.549316,0.793457,-23.8037,1
638.91,0.0390625,-0.676758,1.03516,0.0610352,0.12207,-23.8647,1
638.92,0.0410156,-0.765137,0.991699,-1.83105,0.244141,-24.9634,1
638.93,0.0395508,-0.88916,1.03809,-0.183105,-0.183105,-24.1699,1
638.94,0.0205078,-0.615723,0.994141,0.183105,0.183105,-25.0854,1
638.95,0.0620117,-0.736816,0.953125,-1.40381,-0.427246,-26.4282,1
638.96,0.00976562,-0.831055,0.977539,0,-1.52588,-25.6958,1
638.97,-0.0126953,-0.681152,1.01025,-0.0610352,-1.58691,-26.3672,1
638.98,-0.103516,-0.745605,0.952148,0.183105,-1.28174,-26.7334,1
638.985,-0.0927734,-0.780273,0.910645,1.0376,-1.28174,-26.7944,1
638.995,-0.128906,-0.724121,0.897949,1.64795,-1.83105,-26.9165,1
639.005,-0.112305,-0.789062,0.928711,2.01416,-2.80762,-27.4658,1
639.015,-0.0341797,-0.684082,0.945801,2.13623,-2.50244,-27.5879,1
639.025,-0.0673828,-0.723633,0.960449,1.0376,-0.793457,-28.3813,1
639.035,-0.129395,-0.816895,0.899902,1.77002,-0.488281,-27.5269,1
639.045,-0.207031,-0.876953,0.964844,1.58691,-0.183105,-27.771,1
639.055,-0.167969,-0.757812,1.06006,2.56348,0.305176,-26.9775,1
639.065,-0.142578,-0.785156,0.98877,0.915527,2.13623,-27.8931,1
639.075,-0.163574,-0.932617,1.00391,1.40381,1.83105,-27.1606,1
639.085,-0.205566,-0.818848,0.970703,0.427246,2.19727,-27.9541,1
639.095,-0.17041,-0.814453,0.999512,0.183105,4.21143,-27.832,1
639.105,-0.151855,-0.758301,1.06738,0,4.21143,-27.71,1
639.115,-0.0883789,-0.834961,1.03613,-1.40381,4.08936,-28.6865,1
639.125,-0.126465,-0.867676,0.990723,0.549316,4.57764,-27.4658,1
639.135,-0.229492,-0.822754,0.976562,-0.610352,4.39453,-29.2969,1
639.145,-0.217773,-0.834961,0.932129,-0.305176,4.57764,-28.9307,1
639.15,-0.211426,-0.901367,1.07178,-0.488281,5.49316,-29.7852,1
639.16,-0.149902,-0.864258,1.05273,0.976562,4.3335,-29.4189,1
639.17,-0.155273,-0.719727,0.97168,0.671387,4.45557,-30.6396,1
639.18,-0.15332,-0.85498,0.879395,0.976562,4.3335,-30.8228,1
639.19,-0.15918,-0.794922,0.846191,3.23486,3.479,-30.2734,1
639.2,-0.141113,-0.703125,0.79541,2.2583,2.86865,-31.7383,1
639.21,-0.0908203,-0.777832,0.849121,2.68555,2.2583,-31.9214,1
639.22,-0.157715,-0.791992,0.904785,3.11279,1.52588,-32.7148,1
639.23,-0.172852,-0.846191,0.945312,3.17383,0.732422,-33.5693,1
639.24,-0.142578,-0.736816,0.905762,3.23486,0.488281,-33.8135,1
639.25,-0.181641,-0.881836,0.90332,3.05176,0.549316,-34.4849,1
639.26,-0.195801,-0.845215,0.913574,4.45557,-0.793457,-34.2407,1
639.27,-0.148926,-0.65918,0.91748,2.50244,-0.732422,-35.4614,1
639.28,-0.137207,-0.99707,1.03809,1.89209,-0.366211,-34.729,1
639.29,-0.125977,-0.865723,1.07324,2.68555,-1.2207,-34.3628,1
639.295,-0.143555,-0.798828,0.942871,0,-0.427246,-35.0342,1
639.305,-0.244629,-1.0791,0.990723,0.305176,0.12207,-34.0576,1
639.315,-0.197754,-0.862793,1.04492,0.976562,-0.488281,-34.0576,1
639.325,-0.131836,-0.819336,1.00098,-1.2207,0.244141,-34.79,1
639.335,-0.074707,-0.971191,0.98291,-0.976562,0.12207,-33.6914,1
639.345,-0.105957,-1.03711,1.04297,-0.488281,0.549316,-33.8135,1
639.355,-0.150391,-0.752441,1.10254,0,0.671387,-33.4473,1
639.365,-0.157715,-0.960449,1.0249,-2.13623,1.77002,-33.6304,1
639.375,-0.174316,-1.0752,1.02002,0.12207,0.488281,-32.5928,1
639.385,-0.117188,-0.734375,1.00977,-0.854492,0.244141,-33.5693,1
639.395,-0.0791016,-1.05225,1.00879,-1.64795,1.09863,-33.5083,1
639.405,-0.100586,-1.00244,1.06396,0.671387,0.0610352,-32.7759,1
639.415,-0.0888672,-0.709473,1.06152,-0.610352,0.366211,-33.8745,1
639.425,-0.0493164,-1.01953,0.964844,-1.28174,0.610352,-33.02,1
639.435,-0.100586,-0.981445,0.983887,1.83105,0.12207,-32.4707,1
639.44,-0.097168,-0.782227,0.994141,0.305176,0,-33.5693,1
639.45,-0.0268555,-1.04199,0.927246,0.610352,0.244141,-32.8979,1
639.46,-0.0541992,-0.900391,0.918945,3.11279,-0.12207,-32.2266,1
639.47,-0.0527344,-0.728027,0.95166,0.854492,0.183105,-33.5693,1
639.48,-0.0541992,-1.02148,0.914551,1.34277,0.610352,-32.4097,1
639.49,-0.110352,-0.828613,0.901367,4.21143,0.732422,-31.8604,1
639.5,-0.0688477,-0.762207,0.906738,1.89209,1.0376,-32.7148,1
639.51,-0.115234,-1.01318,0.898438,3.17383,0.732422,-31.6162,1
639.52,-0.150391,-0.850586,0.918457,3.90625,0.671387,-31.4331,1
639.53,-0.175293,-0.866699,0.944336,2.44141,1.58691,-32.0435,1
639.54,-0.133301,-0.881348,0.906738,3.35693,2.13623,-30.8228,1
639.55,-0.146973,-0.895508,0.963867,3.35693,2.31934,-31.1279,1
639.56,-0.131348,-0.830078,0.980469,3.05176,1.95312,-31.0059,1
639.57,-0.10498,-0.870605,0.869141,2.99072,2.92969,-30.4565,1
639.575,-0.169922,-0.94873,0.967285,3.35693,3.54004,-30.2734,1
639.585,-0.139648,-0.788574,0.901367,3.479,3.54004,-30.3345,1
639.595,-0.10791,-0.932617,0.873535,2.01416,5.00488,-30.5176,1
639.605,-0.131348,-0.939941,0.945801,2.68555,4.08936,-30.2734,1
639.615,-0.139648,-0.819824,0.936523,1.77002,4.5166,-30.4565,1
639.625,-0.14209,-0.754883,0.921875,0.915527,4.39453,-31.189,1
639.635,-0.134766,-0.789062,0.883789,0.12207,4.02832,-31.189,1
639.645,-0.0820312,-0.771484,0.813477,0.244141,3.78418,-30.8838,1
639.655,-0.131348,-0.793945,0.91748,-0.610352,2.80762,-31.311,1
639.665,-0.0976562,-0.940918,0.953613,-0.610352,3.35693,-32.4707,1
639.675,-0.0571289,-0.693359,0.887207,0.671387,2.74658,-31.4941,1
639.685,-0.103516,-0.929688,0.899902,-2.56348,2.44141,-33.3252,1
639.695,-0.116211,-1.15039,0.90332,-0.0610352,1.28174,-32.2266,1
639.705,-0.0693359,-0.61377,0.88623,0.549316,1.70898,-32.3486,1
639.715,-0.10791,-0.85498,0.972168,-3.96729,2.01416,-33.8745,1
639.72,-0.0771484,-1.05078,0.962402,0.183105,0.671387,-32.1655,1
639.73,-0.0859375,-0.663086,0.905762,0.0610352,1.28174,-33.02,1
639.74,-0.129883,-1.02832,0.946777,-1.46484,1.2207,-33.0811,1
639.75,-0.111816,-0.925781,0.96875,2.0752,0.549316,-32.4707,1
639.76,-0.103027,-0.780273,0.947266,0.732422,1.09863,-33.5083,1
639.77,-0.0961914,-0.984863,0.956055,1.83105,0,-32.7148,1
639.78,-0.138672,-0.952148,0.933594,3.11279,0.183105,-32.7148,1
639.79,-0.113281,-0.794922,0.965332,2.38037,-0.366211,-33.4473,1
639.8,-0.118652,-0.888672,0.956543,1.70898,0.12207,-33.2031,1
639.81,-0.11377,-0.987793,0.983887,2.68555,-0.12207,-32.1655,1
639.82,-0.0693359,-0.749512,0.979004,2.0752,-0.854492,-32.4707,1
639.83,-0.102051,-0.898438,0.991211,0.793457,0.244141,-32.5317,1
639.84,-0.117188,-0.981445,0.986328,1.95312,-0.244141,-31.5552,1
639.85,-0.134277,-0.853516,0.973145,1.2207,-0.427246,-32.2266,1
639.86,-0.11084,-0.934082,0.978516,0.488281,0,-32.4097,1
639.87,-0.124023,-0.883301,1.021,1.09863,-0.0610352,-31.5552,1
639.875,-0.132812,-0.895996,1.00928,-0.183105,0.244141,-31.9824,1
639.885,-0.0795898,-0.897461,1.02197,1.09863,-0.12207,-30.1514,1
639.895,-0.172363,-0.969727,1.01318,0.732422,0.549316,-30.6396,1
639.905,-0.141113,-0.907227,0.986816,1.64795,-0.183105,-30.0903,1
639.915,-0.169922,-0.975586,0.990723,2.31934,1.34277,-29.541,1
639.925,-0.165527,-0.855957,1.04199,2.2583,1.15967,-30.3345,1
639.935,-0.11084,-0.907715,0.972656,0.915527,1.0376,-30.4565,1
639.945,-0.12207,-0.887207,0.958008,2.99072,1.34277,-28.6255,1
639.955,-0.204102,-0.929688,1.00049,0.793457,1.28174,-30.0293,1
639.965,-0.152344,-0.943359,0.995117,2.68555,1.46484,-28.7476,1
639.975,-0.157227,-0.77832,1.02539,2.2583,2.13623,-28.8696,1
639.985,-0.187988,-0.894531,1.03662,1.58691,1.15967,-29.0527,1
639.995,-0.162109,-0.817383,0.99707,2.2583,0.915527,-28.3813,1
640.005,-0.140625,-0.947266,0.991211,1.64795,2.2583,-28.8696,1
640.01,-0.118652,-0.855957,0.928711,2.50244,1.09863,-28.1372,1
640.02,-0.138672,-0.905762,0.982422,0.854492,1.95312,-28.7476,1
640.03,-0.108887,-0.913574,1.00635,1.83105,1.0376,-27.771,1
640.04,-0.117188,-0.80957,1.01562,1.40381,2.0752,-28.3813,1
640.05,-0.0976562,-0.902832,0.975586,1.15967,1.34277,-28.0762,1
640.06,-0.0664062,-0.866211,0.998047,2.44141,0.732422,-27.4658,1
640.07,-0.0585938,-0.786621,0.975586,2.50244,1.0376,-27.771,1
640.08,-0.0952148,-0.827148,0.989258,3.84521,0.793457,-27.2217,1
640.09,-0.107422,-0.876465,0.963379,3.84521,0.854492,-28.0151,1
640.1,-0.0712891,-0.802246,0.925781,5.18799,-0.183105,-26.9775,1
640.11,-0.114258,-0.91748,0.941406,4.76074,0.305176,-27.2827,1
640.12,-0.078125,-0.902344,0.953613,5.85938,-0.915527,-26.9165,1
640.13,-0.0175781,-0.753418,0.959961,4.39453,-0.12207,-27.5879,1
640.14,-0.0527344,-0.838379,0.967773,3.78418,0,-27.2217,1
640.15,-0.0625,-0.76416,0.962891,4.15039,-0.854492,-26.123,1
640.16,-0.0751953,-0.743164,0.900391,2.74658,0,-26.9165,1
640.17,-0.0791016,-0.946777,0.905762,2.44141,-0.0610352,-26.1841,1
640.18,-0.0561523,-0.849121,0.932129,3.05176,-0.305176,-25.5737,1
640.19,-0.0893555,-0.777344,0.970215,1.0376,0,-26.4282,1
640.2,-0.0712891,-0.875,1.02686,0.671387,0.549316,-26.4893,1
640.21,-0.0371094,-0.71582,0.916992,0.12207,0.732422,-26.3062,1
640.22,-0.0263672,-0.822754,0.88916,-1.46484,0.244141,-26.5503,1
640.23,-0.0444336,-0.861328,0.945312,-0.793457,-0.427246,-25.5737,1
640.24,-0.0429688,-0.764648,1.03174,-1.58691,0.488281,-26.2451,1
640.25,-0.0263672,-0.867676,0.984863,-1.70898,1.09863,-25.9399,1
640.255,-0.0424805,-0.926758,0.942871,-1.2207,0.610352,-25.8179,1
640.265,-0.0493164,-0.880371,1.00488,-0.732422,0.305176,-26.001,1
640.275,-0.0410156,-0.815918,1.00781,-0.12207,0.915527,-26.001,1
640.285,-0.0610352,-0.85498,1.00342,-0.244141,1.0376,-26.3062,1
640.295,-0.0595703,-0.882324,0.943848,0.305176,0.671387,-26.3062,1
640.305,-0.0810547,-0.723633,0.904785,1.28174,1.28174,-26.1841,1
640.315,-0.132812,-0.821289,0.943359,0,1.52588,-27.4048,1
640.325,-0.0888672,-0.855469,0.96875,2.2583,0.915527,-25.8179,1
640.335,-0.0683594,-0.808105,0.981445,1.58691,1.34277,-26.8555,1
640.345,-0.0625,-0.92627,0.980957,2.44141,1.0376,-26.9775,1
640.355,-0.103516,-0.708496,0.831543,3.35693,1.77002,-27.1606,1
640.365,-0.149414,-0.759766,0.817383,2.01416,2.31934,-28.1372,1
640.375,-0.166016,-0.847168,0.840332,3.66211,1.28174,-27.2217,1
640.385,-0.169922,-0.789551,0.962402,3.54004,1.83105,-28.1982,1
640.395,-0.149414,-0.843262,1.00049,3.78418,1.52588,-28.1372,1
640.405,-0.164062,-0.81543,1.0166,3.90625,1.95312,-28.3203,1
640.41,-0.166992,-0.835449,0.946289,4.27246,1.70898,-28.5034,1
640.42,-0.162109,-0.816406,0.915527,5.00488,2.01416,-28.5034,1
640.43,-0.126465,-0.790527,0.95752,5.18799,2.01416,-28.8086,1
640.44,-0.078125,-0.752441,0.931152,5.12695,1.95312,-28.8086,1
640.45,-0.103027,-0.767578,0.950684,4.45557,2.13623,-29.1138,1
640.46,-0.140137,-0.766113,0.981445,5.18799,2.01416,-28.9307,1
640.47,-0.135254,-0.727051,0.916016,4.88281,2.13623,-29.1748,1
640.48,-0.0864258,-0.789062,0.913574,4.63867,1.64795,-29.3579,1
640.49,-0.059082,-0.709473,0.947754,5.00488,1.34277,-28.5645,1
640.5,-0.0268555,-0.677734,0.991211,3.84521,1.77002,-28.7476,1
640.51,-0.00488281,-0.731934,1.02051,4.5166,1.64795,-27.832,1
640.52,-0.0473633,-0.624512,1.00732,4.76074,1.58691,-27.2827,1
640.53,-0.0551758,-0.607422,0.946777,4.63867,0.915527,-26.7334,1
640.54,-0.0224609,-0.625,0.874023,5.06592,0.793457,-26.1841,1
640.55,0.034668,-0.61377,0.879883,5.79834,0.488281,-25.4517,1
640.56,0.0810547,-0.667969,0.958984,5.85938,0.0610352,-24.9634,1
640.57,0.152344,-0.63916,0.977051,6.40869,-0.671387,-23.9868,1
640.58,0.138672,-0.555664,0.921875,5.12695,-0.915527,-23.6206,1
640.59,0.133789,-0.525879,0.970703,5.24902,-1.2207,-22.1558,1
640.595,0.121582,-0.597656,1.03564,4.45557,-1.34277,-21.9727,1
640.605,0.164062,-0.634766,0.992188,5.61523,-1.15967,-20.2637,1
640.615,0.195801,-0.485352,0.932617,5.24902,-1.46484,-19.104,1
640.625,0.165527,-0.632812,1.0459,4.5166,-1.89209,-18.3105,1
640.635,0.222168,-0.449707,1.04443,5.37109,-2.62451,-16.8457,1
640.645,0.231445,-0.397949,0.988281,3.96729,-1.46484,-16.3574,1
640.655,0.230957,-0.556152,1.01025,5.06592,-2.01416,-14.6484,1
640.665,0.259766,-0.315918,0.977051,6.04248,-2.19727,-13.3667,1
640.675,0.239258,-0.391113,0.981934,4.94385,-1.46484,-12.3901,1
640.685,0.244629,-0.464355,1.03369,6.89697,-2.13623,-10.0708,1
640.695,0.243164,-0.171875,1.00537,7.08008,-1.77002,-9.27734,1
640.705,0.260742,-0.345215,0.972656,6.28662,-1.58691,-8.48389,1
640.715,0.257324,-0.417969,0.941406,9.82666,-1.58691,-6.28662,1
640.725,0.251953,-0.142578,0.945801,10.0098,-1.34277,-5.61523,1
640.735,0.228027,-0.241211,0.998047,9.52148,-1.34277,-4.88281,1
640.745,0.227539,-0.248535,1.03564,11.5967,-1.52588,-2.80762,1
640.755,0.253418,-0.0356445,0.996582,11.4746,-1.2207,-2.19727,1
640.765,0.268066,-0.124023,0.944824,10.3149,-1.46484,-1.52588,1
640.77,0.271973,-0.158691,0.967285,10.9863,-1.58691,-0.0610352,1
640.78,0.270508,0,1.00488,10.0708,-1.58691,0.305176,1
640.79,0.239258,-0.0693359,1.01416,8.54492,-1.40381,0.305176,1
640.8,0.254395,-0.117676,1.00977,9.0332,-1.52588,1.2207,1
640.81,0.25293,0.0527344,0.986328,8.05664,-1.2207,1.09863,1
640.82,0.293457,-0.0610352,1,6.04248,-0.976562,0.671387,1
640.83,0.303711,-0.0883789,1.04883,6.46973,-1.46484,1.46484,1
640.84,0.290039,0.0742188,1.03271,5.18799,-1.09863,0.854492,1
640.85,0.288086,-0.0302734,0.975098,3.84521,-1.15967,0.244141,1
640.86,0.26416,0.0419922,1.00391,3.96729,-1.09863,0.671387,1
640.87,0.289062,0.116211,1.0459,1.70898,-1.28174,-0.366211,1
640.88,0.293457,-0.034668,1.08252,1.0376,-0.915527,-0.488281,1
640.89,0.286621,-0.00927734,1.09961,2.38037,-1.09863,-0.366211,1
640.9,0.26709,-0.0146484,1.06592,2.50244,-1.40381,-1.46484,1
640.91,0.29248,-0.0664062,1.05029,3.60107,-2.01416,-1.28174,1
640.92,0.320801,0.00976562,1.10205,3.84521,-1.89209,-1.64795,1
640.93,0.337402,-0.00732422,1.14941,2.56348,-1.70898,-2.68555,1
640.935,0.294434,-0.127441,1.1958,3.05176,-1.58691,-2.13623,1
640.945,0.309082,-0.0302734,1.12988,3.60107,-2.31934,-2.2583,1
640.955,0.317383,-0.0078125,1.10205,2.31934,-1.77002,-2.92969,1
640.965,0.336914,-0.0786133,1.13574,1.77002,-2.13623,-2.68555,1
640.975,0.343262,-0.125488,1.13281,1.15967,-1.70898,-2.92969,1
640.985,0.317383,-0.0131836,1.08545,0.610352,-1.83105,-2.74658,1
640.995,0.327148,-0.0976562,1.06006,-1.95312,-1.40381,-3.90625,1
641.005,0.346191,-0.204102,1.05615,-1.46484,-1.70898,-3.35693,1
641.015,0.342773,-0.0205078,1.12305,-2.56348,-1.89209,-4.21143,1
641.025,0.324219,-0.165527,1.11572,-4.82178,-1.83105,-4.94385,1
641.035,0.30957,-0.208008,1.05713,-4.3335,-1.70898,-4.63867,1
641.045,0.305664,-0.14209,0.960938,-5.92041,-1.15967,-5.98145,1
641.055,0.36084,-0.272949,0.92334,-6.34766,-1.58691,-6.7749,1
641.065,0.342773,-0.294922,0.978516,-5.85938,-1.40381,-7.32422,1
641.075,0.33252,-0.23584,1.03857,-5.92041,-1.34277,-8.42285,1
641.08,0.280273,-0.337402,1.01855,-6.5918,-0.732422,-9.52148,1
641.09,0.291016,-0.44873,0.95166,-5.7373,-0.732422,-9.8877,1
641.1,0.294922,-0.308594,0.915039,-5.00488,-0.671387,-10.5591,1
641.11,0.342285,-0.351074,0.919434,-6.46973,-0.427246,-12.207,1
641.12,0.341309,-0.496094,0.981934,-5.61523,-0.427246,-12.5122,1
641.13,0.273438,-0.375488,1.01367,-5.00488,0,-13.2446,1
641.14,0.271973,-0.441895,0.969727,-5.79834,0.183105,-14.4043,1
641.15,0.276855,-0.537598,0.963867,-4.63867,0,-14.7095,1
641.16,0.321289,-0.424805,0.95459,-3.84521,-0.0610352,-15.4419,1
641.17,0.338379,-0.538086,0.990723,-4.27246,0.244141,-16.8457,1
641.18,0.279297,-0.611328,1.02783,-2.99072,0.0610352,-16.7236,1
641.19,0.249023,-0.478027,1.03174,-3.23486,0.183105,-17.395,1
641.2,0.231934,-0.506836,1.02734,-4.27246,0.549316,-18.3105,1
641.21,0.238281,-0.631836,0.993652,-3.72314,0.427246,-18.3716,1
641.22,0.21582,-0.549805,0.990723,-2.68555,0.366211,-18.4937,1
641.225,0.168457,-0.544922,1.01514,-3.41797,0.671387,-19.7754,1
641.235,0.123535,-0.643066,0.982422,-2.38037,0.793457,-19.4702,1
641.245,0.0620117,-0.522461,1.00439,-1.40381,0.732422,-19.5312,1
641.255,0.0136719,-0.632324,0.999023,-1.83105,1.52588,-20.6909,1
641.265,-0.0561523,-0.703613,1.02246,0.305176,1.70898,-19.8975,1
641.275,-0.102539,-0.540039,1.01416,0.366211,1.89209,-20.5078,1
641.285,-0.0615234,-0.65332,0.99707,-0.854492,2.50244,-21.3013,1
641.295,-0.0170898,-0.636719,1.00244,0,2.68555,-20.6299,1
641.305,-0.0380859,-0.523438,1.01221,-1.09863,3.41797,-21.6675,1
641.315,-0.159668,-0.646973,0.909668,-1.89209,4.08936,-21.9116,1
641.325,-0.236816,-0.6875,0.964844,-1.0376,3.90625,-21.5454,1
641.335,-0.232422,-0.643066,1.03613,-1.09863,4.3335,-21.9727,1
641.345,-0.167969,-0.603516,1.05176,-1.0376,4.21143,-22.2168,1
641.355,-0.102539,-0.640137,1.06641,-2.44141,3.90625,-23.6206,1
641.365,-0.136719,-0.685547,0.993652,-2.19727,3.72314,-23.4375,1
641.37,-0.196289,-0.592285,0.946289,-2.68555,3.2959,-23.7427,1
641.38,-0.211426,-0.727539,1.00635,-3.41797,2.92969,-24.7192,1
641.39,-0.180664,-0.632812,1.03711,-1.2207,2.68555,-23.6816,1
641.4,-0.166016,-0.551758,1.01611,-2.50244,2.44141,-25.2686,1
641.41,-0.17334,-0.712891,1.01514,-2.0752,1.58691,-25.0244,1
641.42,-0.186035,-0.694336,1.00537,-0.610352,1.09863,-24.8413,1
641.43,-0.181641,-0.738281,0.954102,-0.183105,1.15967,-25.8179,1
641.44,-0.177734,-0.734375,1.00977,1.15967,0.915527,-25.8179,1
641.45,-0.209961,-0.71582,1.11084,1.95312,0.854492,-26.1841,1
641.46,-0.244141,-0.606934,1.03906,2.62451,0.244141,-26.2451,1
641.47,-0.228516,-0.732422,0.967773,1.95312,0.366211,-26.9165,1
641.48,-0.200684,-0.783691,0.98877,4.3335,0.0610352,-25.5737,1
641.49,-0.165527,-0.645508,0.97998,3.96729,-0.488281,-26.3062,1
641.5,-0.208008,-0.785645,1.00049,3.66211,-0.305176,-26.4893,1
641.51,-0.226074,-0.729492,1.05176,4.15039,-0.915527,-26.062,1
641.515,-0.211426,-0.628418,1.02344,2.01416,-0.305176,-26.7944,1
641.525,-0.177734,-0.814941,1.00732,0.854492,0.0610352,-26.5503,1
641.535,-0.166992,-0.748047,1.04834,1.64795,0.0610352,-25.5737,1
641.545,-0.143066,-0.688965,1.05957,-0.305176,0.549316,-26.4893,1
641.555,-0.14502,-0.769043,1.02197,-0.610352,1.0376,-25.3906,1
641.565,-0.158691,-0.664062,0.973145,-1.64795,1.40381,-25.1465,1
641.575,-0.175781,-0.714355,0.9375,-2.74658,1.83105,-25.5127,1
641.585,-0.15332,-0.79248,0.993652,-2.13623,2.38037,-25.1465,1
641.595,-0.128906,-0.757324,1.01953,-1.52588,2.19727,-24.9634,1
641.605,-0.127441,-0.697754,0.972168,-1.34277,2.2583,-24.7803,1
641.615,-0.137695,-0.682129,0.954102,-1.52588,2.44141,-24.9634,1
641.625,-0.15332,-0.689941,0.953613,-1.34277,2.92969,-25.0244,1
641.635,-0.133789,-0.70166,0.960938,-0.488281,2.99072,-24.9023,1
641.645,-0.116211,-0.805176,0.949219,0.366211,2.74658,-25.0854,1
641.655,-0.111328,-0.722656,0.93457,3.11279,2.13623,-24.1699,1
641.66,-0.115234,-0.626465,0.901855,2.50244,2.80762,-25.0854,1
641.67,-0.146484,-0.763672,0.877441,3.41797,2.74658,-25.0244,1
641.68,-0.163574,-0.64502,0.812988,4.5166,2.38037,-24.7192,1
641.69,-0.12793,-0.719727,0.844238,3.35693,2.68555,-25.7568,1
641.7,-0.129883,-0.762207,0.890625,4.45557,1.83105,-24.9023,1
641.71,-0.119141,-0.624023,0.859863,4.02832,1.89209,-25.5737,1
641.72,-0.157227,-0.616699,0.813965,2.80762,2.13623,-25.8789,1
641.73,-0.21582,-0.645508,0.838379,2.01416,2.0752,-25.6958,1
641.74,-0.211426,-0.608398,0.909668,-0.305176,1.89209,-26.4282,1
641.75,-0.166992,-0.741211,0.955078,-1.09863,1.52588,-26.3672,1
641.76,-0.148438,-0.730469,0.885254,-0.12207,1.52588,-25.5737,1
641.77,-0.179199,-0.619629,0.858887,-0.976562,1.52588,-26.4893,1
641.78,-0.200195,-0.647949,0.864746,-2.62451,2.2583,-27.1606,1
641.79,-0.223633,-0.725098,0.939453,-3.23486,2.74658,-26.4893,1
641.8,-0.184082,-0.749023,1.07275,-4.27246,2.31934,-26.6724,1
641.81,-0.136719,-0.789062,1.17773,-4.5166,2.31934,-26.7944,1
641.82,-0.149902,-0.805176,1.04297,-3.72314,3.05176,-26.123,1
641.83,-0.196289,-0.719238,0.958984,-3.72314,2.92969,-26.1841,1
641.835,-0.197266,-0.736816,0.970703,-4.27246,3.72314,-26.7944,1
641.845,-0.152344,-0.762695,1.01562,-2.86865,4.39453,-25.8789,1
641.855,-0.142578,-0.700684,1.00781,-2.50244,3.23486,-26.062,1
641.865,-0.131836,-0.881836,1.00537,-1.64795,2.74658,-26.3672,1
641.875,-0.159668,-0.808105,0.972168,1.46484,2.56348,-25.3906,1
641.885,-0.162598,-0.632324,0.967285,1.09863,2.68555,-26.8555,1
641.895,-0.144043,-0.794922,0.958984,1.0376,2.31934,-26.9775,1
641.905,-0.0917969,-0.76416,0.925293,2.38037,1.46484,-26.062,1
641.915,-0.102051,-0.757324,0.935059,1.70898,1.28174,-26.9775,1
641.925,-0.135254,-0.812012,0.949707,2.50244,1.2207,-26.5503,1
641.935,-0.185059,-0.662598,0.980469,2.01416,1.34277,-26.9165,1
641.945,-0.171875,-0.717285,0.973145,0.244141,1.09863,-27.71,1
641.95,-0.142578,-0.795898,0.938965,0.915527,0.793457,-26.6113,1
641.96,-0.108398,-0.742676,0.891602,0,0.183105,-27.2827,1
641.97,-0.119141,-0.824707,0.911133,-0.305176,0.12207,-27.5879,1
641.98,-0.15332,-0.70752,0.934082,0.366211,0.12207,-27.0996,1
641.99,-0.19873,-0.665527,0.959961,-0.854492,0.549316,-27.771,1
642,-0.189941,-0.783691,0.990234,-1.58691,0.549316,-28.1372,1
642.01,-0.146484,-0.846191,1.00586,-0.976562,0.793457,-27.5269,1
642.02,-0.116699,-0.77002,0.98877,-0.610352,0.793457,-27.2217,1
642.03,-0.138184,-0.835938,0.96582,-1.52588,0.671387,-28.2593,1
642.04,-0.17041,-0.776855,0.916016,-0.244141,0.793457,-27.6489,1
642.05,-0.160156,-0.70166,0.904785,-0.488281,1.2207,-28.1982,1
642.06,-0.173828,-0.860352,0.965332,-0.488281,0.854492,-28.3813,1
642.07,-0.153809,-0.913086,1.04248,1.0376,0.915527,-27.9541,1
642.08,-0.129395,-0.73584,1.07227,1.46484,1.40381,-27.832,1
642.09,-0.125977,-0.731445,0.965332,0.244141,1.89209,-28.6255,1
642.095,-0.154785,-0.822266,0.86377,1.40381,1.40381,-27.9541,1
642.105,-0.15332,-0.780762,0.899902,1.0376,0.793457,-28.6865,1
642.115,-0.134277,-0.853027,0.969238,0.976562,0.671387,-28.9917,1
642.125,-0.123535,-0.733887,1.02295,1.2207,0.732422,-28.6865,1
642.135,-0.168945,-0.833008,1.01953,0,1.15967,-29.6631,1
642.145,-0.162598,-0.842285,0.948242,1.77002,0.793457,-28.5034,1
642.155,-0.160645,-0.709961,0.906738,1.0376,0.915527,-29.6021,1
642.165,-0.125488,-0.838379,0.945312,0.488281,0.305176,-29.9683,1
642.175,-0.105469,-0.774902,0.95459,1.34277,-0.0610352,-29.1138,1
642.185,-0.142578,-0.831055,0.987793,0.12207,0.488281,-30.4565,1
642.195,-0.164551,-0.850098,1.01318,1.52588,0.12207,-29.541,1
642.205,-0.157715,-0.635742,0.958496,0.671387,0.244141,-30.0903,1
642.215,-0.135742,-0.895508,0.981445,0,0.0610352,-30.0903,1
642.225,-0.144043,-0.896484,1.01855,2.38037,-0.366211,-29.0527,1
642.235,-0.0581055,-0.689453,1.04932,0.854492,0,-30.7617,1
642.24,-0.0546875,-0.918945,0.985352,0.12207,0.671387,-30.7617,1
642.25,-0.0908203,-0.788086,0.918945,2.68555,0.12207,-29.2969,1
642.26,-0.109863,-0.709961,0.945312,0.671387,0,-31.0669,1
642.27,-0.0820312,-0.979492,1.00977,1.83105,0,-30.2734,1
642.28,-0.0732422,-0.771973,1.01611,3.23486,-0.183105,-29.7241,1
642.29,-0.0722656,-0.76709,0.972656,0.732422,-0.366211,-30.8228,1
642.3,0.00634766,-0.925293,0.981445,1.70898,-0.732422,-29.7241,1
642.31,0.0996094,-0.708496,0.947754,1.58691,-0.671387,-30.2124,1
642.32,0.11084,-0.846191,0.956055,0.305176,-0.793457,-30.5176,1
642.33,0.122559,-0.800293,0.94873,1.77002,-1.89209,-29.8462,1
642.34,0.0722656,-0.711914,0.98291,0.610352,-1.40381,-30.5786,1
642.35,0.0400391,-0.900879,0.987305,0.671387,-1.58691,-30.0903,1
642.36,0.0698242,-0.794434,0.955078,2.01416,-2.13623,-29.0527,1
642.37,0.0805664,-0.803223,0.97168,0.854492,-1.58691,-30.3345,1
642.375,0.138672,-0.906738,1.01807,2.01416,-1.83105,-29.6021,1
642.385,0.155273,-0.713867,1.0542,2.0752,-1.70898,-29.2969,1
642.395,0.149902,-0.775879,1.0166,0.244141,-2.50244,-29.6631,1
642.405,0.110352,-0.915527,0.967773,2.13623,-2.19727,-28.2593,1
642.415,0.117676,-0.72998,0.955566,2.74658,-1.2207,-28.4424,1
642.425,0.13916,-0.786621,0.859863,1.09863,-0.854492,-29.1748,1
642.435,0.111816,-0.967773,0.9375,1.95312,-0.610352,-27.9541,1
642.445,0.102051,-0.722168,1.06934,2.50244,-0.671387,-27.5879,1
642.455,0.108887,-0.740723,1.02246,0.0610352,0.183105,-28.5034,1
642.465,0.125977,-0.867676,0.993652,1.40381,-0.183105,-27.0996,1
642.475,0.157227,-0.732422,0.985352,1.46484,-0.305176,-27.5269,1
642.485,0.15332,-0.793945,0.938965,0.915527,-0.0610352,-27.6489,1
642.495,0.133301,-0.821289,1.01367,1.64795,0,-26.8555,1
642.505,0.140137,-0.734863,1.07422,0.854492,0.183105,-27.0386,1
642.515,0.147949,-0.814453,1,-0.0610352,-0.305176,-27.4658,1
642.525,0.125977,-0.920898,0.994629,1.2207,-0.12207,-26.8555,1
642.535,0.123535,-0.725098,1.00732,2.19727,0,-26.7944,1
642.545,0.148438,-0.669922,0.965332,0.976562,0.366211,-27.71,1
642.55,0.182617,-0.855469,0.947266,1.40381,0,-27.4658,1
642.56,0.144043,-0.778809,0.971191,2.68555,-0.366211,-26.8555,1
642.57,0.0878906,-0.712402,0.999512,1.58691,0.0610352,-27.6489,1
642.58,0.122559,-0.837402,1.06396,1.34277,0.183105,-27.71,1
642.59,0.130371,-0.760742,1.00244,2.2583,0.0610352,-26.9775,1
642.6,0.114746,-0.768066,0.94873,1.15967,0.244141,-27.832,1
642.61,0.138184,-0.798828,0.933105,2.0752,-0.610352,-27.3438,1
642.62,0.140137,-0.685547,0.974609,1.70898,-0.183105,-27.832,1
642.63,0.162109,-0.769043,0.980957,1.2207,0,-28.1372,1
642.64,0.103027,-0.787109,0.983887,2.19727,-0.366211,-27.5269,1
642.65,0.0952148,-0.729004,0.976562,1.89209,-0.244141,-27.6489,1
642.66,0.120117,-0.788086,1.00488,1.28174,-0.183105,-28.0762,1
642.67,0.145508,-0.783691,1.01123,1.0376,-0.427246,-27.9541,1
642.68,0.128418,-0.692383,0.994629,0.183105,-0.427246,-28.0151,1
642.69,0.104492,-0.791992,0.973633,-0.12207,0.366211,-28.1372,1
642.7,0.102539,-0.746582,0.986328,0.549316,0,-27.8931,1
642.71,0.145996,-0.671387,0.979004,-0.0610352,0.183105,-28.5645,1
642.72,0.137695,-0.751465,0.975098,-0.305176,0,-28.2593,1
642.73,0.118652,-0.72998,1.00732,-0.549316,-0.488281,-28.1982,1
642.735,0.0986328,-0.776367,0.957031,-0.427246,0.305176,-28.3813,1
642.745,0.11377,-0.73877,0.917969,0.854492,0.793457,-27.5269,1
642.755,0.135742,-0.730957,0.92041,0.183105,0.244141,-28.4424,1
642.765,0.181152,-0.817871,0.961426,0.183105,0,-28.3813,1
642.775,0.154297,-0.780762,0.981445,0.915527,0.427246,-27.6489,1
642.785,0.0898438,-0.697754,0.986328,0.305176,0.915527,-27.832,1
642.795,0.0913086,-0.744629,0.931152,-0.305176,1.15967,-27.9541,1
642.805,0.116699,-0.799316,0.938477,0.244141,0.976562,-27.5879,1
642.815,0.148926,-0.69043,0.964355,0.610352,0.549316,-27.2217,1
642.825,0.140625,-0.773926,0.990234,-0.244141,1.52588,-28.0151,1
642.835,0.131348,-0.770508,0.985352,1.15967,1.64795,-26.9165,1
642.845,0.151855,-0.681152,0.943848,-0.12207,1.89209,-27.5879,1
642.855,0.145508,-0.83252,0.958984,-0.549316,1.52588,-27.4658,1
642.865,0.122559,-0.720703,0.97998,0.244141,1.28174,-26.3672,1
642.875,0.115234,-0.696777,0.979492,-0.610352,2.44141,-27.2217,1
642.885,0.128906,-0.815918,0.96875,-0.427246,2.56348,-27.0386,1
642.895,0.162109,-0.769043,0.944336,0.549316,2.56348,-26.3672,1
642.905,0.146484,-0.703125,0.956055,-0.244141,2.50244,-26.9165,1
642.91,0.129883,-0.768555,0.970215,0.0610352,2.38037,-26.6724,1
642.92,0.111816,-0.658203,0.92041,1.0376,2.80762,-26.2451,1
642.93,0.081543,-0.724121,0.889648,0.793457,2.62451,-26.7944,1
642.94,0.119141,-0.795898,0.905273,2.01416,2.0752,-26.5503,1
642.95,0.140137,-0.664551,0.918457,2.50244,2.2583,-26.6113,1
642.96,0.154785,-0.789062,0.944336,2.62451,2.50244,-26.6113,1
642.97,0.142578,-0.753418,0.94873,3.78418,1.70898,-26.123,1
642.98,0.114258,-0.703613,0.860352,3.23486,1.70898,-26.5503,1
642.99,0.0966797,-0.791016,0.890625,3.60107,1.95312,-26.3062,1
643,0.120605,-0.67334,0.954102,3.66211,1.58691,-26.123,1
643.01,0.166504,-0.715332,0.931152,2.50244,2.31934,-26.6724,1
643.02,0.140137,-0.830078,0.942871,3.05176,1.89209,-25.8789,1
643.03,0.137695,-0.700684,0.957031,2.68555,1.52588,-25.8179,1
643.04,0.132324,-0.720703,0.942871,0.854492,1.89209,-26.5503,1
643.05,0.112793,-0.70459,0.97998,0.793457,1.83105,-25.6958,1
643.055,0.145508,-0.612793,0.976074,-0.0610352,1.58691,-26.123,1
643.065,0.13623,-0.693848,0.939941,0.12207,1.64795,-25.6958,1
643.075,0.168945,-0.684082,0.924805,0.549316,1.09863,-25.5127,1
643.085,0.180176,-0.749512,0.95752,0.305176,1.46484,-25.8179,1
643.095,0.134766,-0.765625,0.960938,0.854492,1.40381,-24.8413,1
643.105,0.100098,-0.726074,0.998047,0.244141,1.09863,-25.2075,1
643.115,0.124512,-0.647949,0.984863,-0.183105,0.854492,-25.2075,1
643.125,0.172363,-0.700195,0.973633,-0.427246,1.15967,-25.3296,1
643.135,0.165039,-0.632812,0.995605,1.0376,0.854492,-24.231,1
643.145,0.154297,-0.612793,0.993164,1.15967,1.2207,-24.353,1
643.155,0.12793,-0.68457,0.958984,2.44141,1.2207,-23.8647,1
643.165,0.131836,-0.661621,0.943848,3.35693,0.671387,-23.3154,1
643.175,0.166016,-0.696289,0.971191,3.78418,0.305176,-23.1323,1
643.185,0.158203,-0.638672,1.00488,4.39453,0,-22.3389,1
643.195,0.146973,-0.605469,1.05859,4.27246,0,-22.2168,1
643.2,0.172363,-0.575195,1.01904,5.37109,-0.12207,-21.2402,1
643.21,0.216797,-0.516602,0.960449,5.31006,-0.305176,-20.9351,1
643.22,0.187012,-0.567871,0.918457,5.98145,-0.12207,-19.6533,1
643.23,0.174805,-0.61377,0.991699,6.71387,-0.610352,-18.6768,1
643.24,0.17627,-0.568848,1.04688,8.30078,-1.15967,-17.4561,1
643.25,0.172363,-0.398438,1.07178,8.72803,-0.854492,-16.9678,1
643.26,0.213867,-0.455078,1.03662,7.75146,-1.40381,-16.9678,1
643.27,0.250977,-0.445312,0.980957,9.39941,-1.46484,-14.7705,1
643.28,0.219727,-0.32373,1.00342,8.78906,-1.77002,-13.9771,1
643.29,0.20459,-0.433105,0.98584,9.09424,-2.31934,-12.6343,1
643.3,0.16748,-0.308105,1.00586,11.1694,-2.01416,-10.498,1
643.31,0.137695,-0.176758,1.07715,10.3149,-2.2583,-9.8877,1
643.32,0.171875,-0.297363,1.0835,10.2539,-2.31934,-8.78906,1
643.33,0.151367,-0.210938,1.09668,12.7563,-2.0752,-5.98145,1
643.34,0.129883,-0.0141602,1.05029,12.8174,-2.01416,-5.00488,1
643.345,0.0727539,-0.17334,0.964355,12.6343,-1.77002,-3.72314,1
643.355,-0.012207,-0.117676,0.965332,15.625,-1.64795,-0.793457,1
643.365,-0.0239258,0.141113,1.00049,15.3809,-0.732422,0.183105,1
643.375,-0.0395508,0.074707,1.0249,14.4653,-0.244141,1.28174,1
643.385,-0.0483398,0.078125,1.02539,16.2964,0.12207,4.02832,1
643.395,-0.027832,0.211914,0.958984,16.4795,0.610352,5.06592,1
643.405,-0.0395508,0.219238,0.885742,16.5405,1.15967,6.65283,1
643.415,-0.0668945,0.210938,0.879395,16.4795,1.58691,7.8125,1
643.425,-0.119629,0.375,0.850586,16.0522,2.31934,9.27734,1
643.435,-0.146484,0.440918,0.923828,14.2212,3.2959,10.376,1
643.445,-0.192383,0.359375,0.971191,13.5498,3.41797,11.5356,1
643.455,-0.19043,0.514648,0.963867,13.2446,3.60107,13.1226,1
643.465,-0.160156,0.446777,0.885254,11.5967,3.96729,13.3667,1
643.475,-0.0693359,0.484375,0.82666,12.3901,3.96729,14.9536,1
643.485,-0.0664062,0.700684,0.845703,10.5591,4.76074,15.4419,1
643.49,-0.0668945,0.620605,0.98291,8.54492,4.5166,16.1743,1
643.5,-0.151855,0.560059,1.00635,9.33838,4.94385,18.1885,1
643.51,-0.205566,0.60498,1.00098,9.21631,5.00488,18.8599,1
643.52,-0.222656,0.604492,0.953613,9.70459,4.94385,19.7144,1
643.53,-0.176758,0.737793,0.962891,10.1929,5.12695,20.6299,1
643.54,-0.135742,0.822266,1.00439,9.39941,4.76074,21.4844,1
643.55,-0.137695,0.817383,1.1167,8.78906,4.76074,22.522,1
643.56,-0.168457,0.674316,1.12109,9.21631,4.27246,23.9868,1
643.57,-0.186523,0.685059,1.08447,11.0474,4.15039,25.8179,1
643.58,-0.186035,0.825195,1.02637,11.0474,4.02832,26.4282,1
643.59,-0.129395,0.918457,1.01318,10.0098,3.84521,27.5269,1
643.6,-0.124512,0.834961,1.02734,7.8125,3.17383,28.0151,1
643.61,-0.113281,0.811523,1.05469,7.50732,2.44141,29.9072,1
643.62,-0.0703125,0.824219,0.993652,5.92041,3.2959,30.0293,1
643.625,-0.105957,0.876465,1.00293,5.31006,2.62451,31.4941,1
643.635,-0.155762,1.0625,1.03955,3.05176,2.2583,31.9214,1
643.645,-0.126953,0.955566,1.07666,0.915527,2.0752,32.5928,1
643.655,-0.0839844,0.791504,1.08789,0.244141,1.77002,33.6914,1
643.665,-0.145508,1.01709,1.07959,0,1.64795,33.9355,1
643.675,-0.110352,1.02686,1.03467,-2.44141,1.89209,33.2031,1
643.685,-0.0678711,0.936523,1.01221,-1.52588,2.50244,34.6069,1
643.695,-0.0825195,1.03125,1.00879,-1.28174,1.83105,35.2173,1
643.705,-0.0654297,0.925781,1.08105,-1.70898,1.09863,34.668,1
643.715,-0.0585938,0.90918,1.10742,0,1.64795,35.2173,1
643.725,-0.148926,0.954102,1.08691,1.77002,2.86865,35.5835,1
643.735,-0.147949,1.01416,1.01123,1.58691,2.0752,35.4614,1
643.745,-0.0678711,0.956543,0.977051,1.34277,2.01416,35.7666,1
643.755,-0.0219727,0.861328,0.984863,1.28174,2.19727,36.1328,1
643.765,-0.0258789,0.926758,0.98291,1.77002,1.89209,36.499,1
643.775,0.0419922,0.912109,0.962402,0,1.83105,36.1938,1
643.78,0.0288086,0.834961,0.925293,-0.183105,1.34277,37.1094,1
643.79,0.0664062,0.975098,0.838867,-1.40381,0.793457,37.2925,1
643.8,0.0507812,0.805176,0.803711,-3.90625,0.366211,37.4146,1
643.81,0.0146484,0.790527,0.835449,-4.15039,-1.0376,38.3301,1
643.82,0.019043,0.919434,0.891113,-6.34766,-1.09863,37.7808,1
643.83,0.0424805,0.811035,0.870605,-7.14111,-0.915527,38.6963,1
643.84,0.078125,0.89502,0.836426,-7.44629,-1.40381,38.7573,1
643.85,0.0712891,0.81543,0.834961,-9.27734,-1.77002,37.5977,1
643.86,0.119141,0.821777,0.844238,-7.38525,-2.13623,38.3911,1
643.87,0.168945,1.03662,0.901367,-7.75146,-1.34277,37.2314,1
643.88,0.178711,0.818359,0.873047,-6.95801,-1.52588,36.8652,1
643.89,0.146484,0.869141,0.862793,-2.80762,-1.58691,36.7432,1
643.9,0.123535,0.900391,0.936035,-1.58691,-0.549316,35.8276,1
643.91,0.155762,0.759766,0.969238,0.976562,-0.183105,36.0107,1
643.92,0.322266,0.893066,0.994141,2.62451,-0.0610352,35.2173,1
643.93,0.291504,0.87207,1.00098,3.78418,0.488281,34.4849,1
643.94,0.278809,0.927734,1.00732,4.5166,0.671387,33.0811,1
643.95,0.194824,0.906738,0.981934,4.82178,2.01416,32.5928,1
643.96,0.17334,0.848145,1.04053,5.67627,2.19727,32.4707,1
643.97,0.321777,0.866211,1.08936,5.92041,2.2583,32.0435,1
643.98,0.309082,0.937988,1.0459,6.40869,2.80762,31.7993,1
643.985,0.181152,0.907715,1.0498,3.84521,3.17383,30.2124,1
643.995,0.141602,0.953613,0.984863,2.68555,3.17383,30.1514,1
644.005,0.164062,0.911133,1.01904,-0.610352,4.27246,29.0527,1
644.015,0.185547,0.65332,1,-1.34277,3.72314,29.541,1
644.025,0.245605,0.839844,1.03467,-2.19727,2.92969,28.9307,1
644.035,0.209961,0.95752,0.996094,-5.92041,3.05176,27.5269,1
644.045,0.158203,0.785156,0.964355,-7.93457,2.99072,27.4048,1
644.055,0.129395,0.863281,0.962402,-8.42285,2.44141,27.5269,1
644.065,0.11084,0.928711,0.992676,-10.376,1.70898,26.7334,1
644.075,0.163086,0.74707,1.00879,-9.94873,0.305176,26.8555,1
644.085,0.223145,0.717773,0.984375,-7.8125,0.0610352,27.2827,1
644.095,0.204102,0.807617,0.90625,-7.62939,-0.793457,26.1841,1
644.105,0.20752,0.649902,0.886719,-6.95801,-1.58691,26.2451,1
644.115,0.189453,0.698242,0.890625,-4.3335,-2.19727,26.4893,1
644.125,0.219727,0.759277,0.895508,-3.35693,-2.74658,25.8789,1
644.135,0.296387,0.563965,0.908203,-0.549316,-3.78418,26.4282,1
644.145,0.370117,0.730469,0.960938,3.17383,-4.39453,26.1841,1
644.155,0.308105,0.85791,0.932617,3.2959,-3.96729,25.4517,1
644.16,0.220703,0.715332,0.942871,4.02832,-4.15039,25.5737,1
644.17,0.251953,0.816406,1,4.57764,-3.66211,25.3906,0
644.18,0.375488,0.833496,1.09326,4.08936,-3.17383,24.9634,0
644.19,0.39209,0.763184,1.12402,4.45557,-3.17383,24.7192,0
644.2,0.32373,0.803711,1.07031,5.00488,-2.99072,24.231,0
644.21,0.224121,0.862793,0.978516,3.90625,-1.83105,23.4375,0
644.22,0.301758,0.853516,0.976074,1.77002,-1.15967,23.1323,0
644.23,0.40332,0.72998,1.021,-0.183105,-0.427246,22.8271,0
644.24,0.416016,0.805176,1.07373,-0.0610352,0.0610352,23.0713,0
644.25,0.385742,0.835449,1.09473,-2.01416,1.0376,21.6675,0
644.26,0.338867,0.658203,1.01904,-1.95312,1.52588,21.8506,0
644.27,0.356445,0.82373,0.971191,-1.89209,1.70898,21.8506,0
644.28,0.365723,0.835938,0.969727,-4.82178,2.56348,21.1182,0
644.29,0.407715,0.667969,0.962402,-5.18799,2.92969,21.4233,0
644.3,0.399902,0.727051,0.930176,-4.3335,3.66211,21.6675,0
644.31,0.331055,0.686035,0.932617,-4.94385,3.35693,21.2402,0
644.315,0.32959,0.721191,0.910645,-4.27246,2.50244,21.8506,0
644.325,0.347656,0.745117,0.922852,-4.76074,2.74658,21.7285,0
644.335,0.356445,0.57666,0.905762,-4.15039,2.56348,22.3389,0
644.345,0.382812,0.630371,0.864746,-2.99072,2.13623,22.644,0
644.355,0.399902,0.609863,0.86084,-3.479,1.70898,22.1558,0
644.365,0.380371,0.614746,0.902344,-1.95312,1.28174,23.0713,0
644.375,0.363281,0.715332,0.950195,-1.64795,1.64795,22.522,0
644.385,0.314453,0.670898,0.933594,-1.70898,1.64795,22.4609,0
644.395,0.328125,0.530762,0.929688,-0.427246,0.915527,23.8647,0
644.405,0.436523,0.568848,0.931641,0.610352,0.12207,23.9868,0
644.415,0.506348,0.650391,0.936523,0.732422,-0.0610352,23.7427,0
644.425,0.451172,0.685059,0.989746,0.244141,0.12207,23.3765,0
644.435,0.390625,0.691895,1.03955,-0.671387,-0.610352,23.3765,0
644.445,0.399414,0.660645,1.0708,-0.793457,-0.610352,23.8647,0
644.455,0.487793,0.555176,1.03906,-0.366211,-0.427246,24.292,0
644.46,0.509277,0.70459,0.985352,0.244141,-1.15967,24.4751,0
644.47,0.416992,0.649902,0.946289,-1.64795,-1.15967,24.4141,0
644.48,0.459961,0.5625,1.02197,-1.2207,-1.77002,25.0244,0
644.49,0.508789,0.774902,1.13867,-1.70898,-1.0376,24.231,0
644.5,0.530273,0.67041,1.12305,-2.80762,-0.976562,23.9258,0
644.51,0.425781,0.695801,1.00244,-1.58691,-1.40381,24.1089,0
644.52,0.387207,0.805176,0.941406,-2.80762,-0.793457,23.4985,0
644.53,0.473145,0.62207,0.970215,-3.17383,-0.366211,23.8037,0
644.54,0.553223,0.667969,1.08838,-1.28174,0,24.292,0
644.55,0.52832,0.65625,1.0708,-2.62451,-0.854492,23.2544,0
644.56,0.516602,0.562012,0.892578,-1.34277,-0.732422,23.4375,0
644.57,0.447266,0.643555,0.892578,-1.34277,0.183105,22.644,0
644.58,0.480957,0.796387,0.921875,-2.31934,0,22.1558,0
644.59,0.543945,0.60498,1.03418,-2.99072,0.549316,22.3389,0
644.6,0.513184,0.520996,1.0918,-0.549316,-0.183105,22.7661,0
644.605,0.499512,0.65332,0.943848,-0.671387,-0.0610352,21.9727,0
644.615,0.508301,0.590332,0.858398,-1.2207,0.244141,21.1792,0
644.625,0.520508,0.614746,0.84082,-1.70898,0.549316,20.6909,0
644.635,0.513672,0.583008,0.841797,-2.80762,1.15967,20.3857,0
644.645,0.533691,0.490723,0.922363,-3.84521,0.976562,19.7754,0
644.655,0.518555,0.442383,1.11963,-3.05176,0.671387,19.5923,0
644.665,0.469238,0.604492,1.06836,-3.96729,1.0376,18.4937,0
644.675,0.498047,0.509277,0.873535,-5.79834,0.976562,17.0288,0
644.685,0.552734,0.465332,0.85498,-5.98145,0.976562,16.2354,0
644.695,0.609863,0.513184,1.0332,-6.28662,1.34277,15.3809,0
644.705,0.563965,0.545898,1.09473,-7.20215,1.46484,14.0381,0
644.715,0.438477,0.397949,1.06592,-7.50732,1.15967,13.3667,0
644.725,0.455566,0.433594,0.932617,-7.56836,0.366211,12.207,0
644.735,0.616699,0.248535,0.89502,-9.15527,0.183105,10.498,0
644.745,0.736816,0.210938,0.969727,-6.83594,-0.12207,9.33838,0
644.75,0.618164,0.376953,0.987305,-7.32422,-0.488281,7.20215,0
644.76,0.428711,0.268555,0.942871,-8.23975,-0.671387,5.79834,0
644.77,0.458008,0.109863,0.935547,-7.50732,-0.732422,4.69971,0
644.78,0.59375,0.254395,0.938477,-6.83594,-1.40381,4.02832,0
644.79,0.655762,0.100098,0.863281,-8.42285,-2.01416,2.86865,0
644.8,0.753418,-0.0336914,0.86084,-6.40869,-2.80762,1.52588,0
644.81,0.687012,0.0463867,0.875,-5.61523,-2.68555,-0.0610352,0
644.82,0.557129,0.130371,0.894043,-5.49316,-3.35693,-1.28174,0
644.83,0.496094,0.0454102,0.871582,-6.46973,-3.41797,-2.50244,0
644.84,0.578613,-0.0458984,0.895996,-5.43213,-3.72314,-3.17383,0
644.85,0.615234,0.0458984,0.924805,-4.88281,-3.05176,-3.90625,0
644.86,0.561523,-0.00976562,1.04639,-6.10352,-3.41797,-5.31006,0
644.87,0.520996,-0.177246,1.11084,-5.31006,-3.66211,-5.5542,0
644.88,0.510254,0.0273438,0.941895,-4.21143,-3.2959,-6.34766,0
644.89,0.542969,0.0454102,0.919922,-6.89697,-2.74658,-7.75146,0
644.895,0.546387,-0.224609,1.0415,-6.89697,-2.44141,-7.32422,0
644.905,0.486328,-0.0512695,1.11084,-6.71387,-1.28174,-7.38525,0
644.915,0.43457,-0.0742188,1.13037,-8.78906,-0.305176,-7.87354,0
644.925,0.453125,-0.205566,1.07715,-8.48389,0.0610352,-7.62939,0
644.935,0.530273,-0.105469,1.03418,-7.99561,0.183105,-7.93457,0
644.945,0.569824,-0.173828,1.00781,-7.99561,0.915527,-8.05664,0
644.955,0.524414,-0.193848,1.08057,-6.71387,1.09863,-7.50732,0
644.965,0.467285,-0.164551,1.08447,-6.34766,2.01416,-7.44629,0
644.975,0.462891,-0.225098,1.06299,-5.67627,2.44141,-7.01904,0
644.985,0.506348,-0.251953,1.05615,-4.27246,2.01416,-6.28662,0
644.995,0.557617,-0.151855,1.0293,-3.72314,1.2207,-6.10352,0
645.005,0.569824,-0.285645,1.00391,-3.66211,1.0376,-5.79834,0
645.015,0.52002,-0.29541,1.01855,-1.46484,1.09863,-5.00488,0
645.025,0.487793,-0.174316,1.02051,-0.732422,1.09863,-5.06592,0
645.035,0.533691,-0.22998,1.00391,-0.366211,0.0610352,-4.69971,0
645.045,0.554199,-0.234863,1.04199,-0.0610352,-0.854492,-4.08936,0
645.05,0.555664,-0.260254,1.0459,-0.183105,-0.915527,-4.02832,0
645.06,0.540039,-0.230469,1.02002,0.488281,-1.0376,-3.479,0
645.07,0.549805,-0.185059,1.04004,0.183105,-1.09863,-3.84521,0
645.08,0.583496,-0.195312,1.01904,0.549316,-1.77002,-3.23486,0
645.09,0.575195,-0.16748,1.02539,0,-1.64795,-3.60107,0
645.1,0.557129,-0.23584,1.07861,-0.366211,-1.77002,-3.2959,0
645.11,0.531738,-0.242188,1.12695,0,-1.58691,-3.17383,0
645.12,0.529297,-0.175781,1.08301,0.183105,-1.70898,-3.54004,0
645.13,0.538086,-0.135742,1.06445,-0.366211,-1.40381,-3.78418,0
645.14,0.510254,-0.197754,1.07178,-1.46484,-0.976562,-3.90625,0
645.15,0.524902,-0.271484,1.1416,-1.40381,-0.854492,-3.66211,0
645.16,0.485352,-0.151855,1.17676,-0.854492,-0.488281,-3.78418,0
645.17,0.435547,-0.124512,1.0918,-1.77002,-0.305176,-4.5166,0
645.18,0.42334,-0.280762,1.0542,-1.09863,-0.0610352,-4.45557,0
645.19,0.396973,-0.148438,1.04736,-0.183105,0.488281,-4.39453,0
645.2,0.324219,-0.144043,1.08545,-1.46484,1.52588,-5.12695,0
645.21,0.275391,-0.229004,1.08496,-1.2207,1.2207,-5.18799,0
645.22,0.192383,-0.168945,1.04785,-0.305176,2.0752,-5.00488,0
645.23,0.0947266,-0.175781,1.02197,-0.488281,2.19727,-5.61523,0
645.235,0.0405273,-0.208496,0.972656,-0.366211,2.2583,-5.85938,0
645.245,0.00634766,-0.20459,0.916016,0.183105,3.35693,-5.7373,0
645.255,-0.0639648,-0.16748,0.948242,0.915527,3.35693,-5.18799,0
645.265,-0.0883789,-0.19043,0.955078,0.488281,3.479,-6.10352,0
645.275,-0.0327148,-0.196777,0.885254,1.09863,4.69971,-5.98145,0
645.285,-0.167969,-0.194824,0.778809,1.52588,5.43213,-5.5542,0
645.295,-0.337402,-0.180664,0.875977,1.46484,4.63867,-5.98145,0
645.305,-0.383301,-0.191406,0.915039,1.95312,5.67627,-6.28662,0
645.315,-0.651855,-0.205566,0.888672,2.99072,6.65283,-5.7373,0
645.325,-0.597168,0.0268555,0.779785,2.13623,6.46973,-5.79834,0
645.335,-0.598145,-0.0908203,0.901855,-0.183105,7.99561,-5.92041,0
645.345,-0.51123,-0.432129,0.88916,1.34277,7.56836,-6.22559,0
645.355,-0.448242,-0.157715,0.893066,4.5166,6.34766,-5.12695,0
645.365,-0.718262,0.155273,1.04639,0.12207,6.28662,-7.38525,0
645.375,-0.619141,-0.168457,0.844238,-2.31934,7.8125,-6.40869,0
645.385,-0.543457,-0.32666,0.849609,0.671387,8.72803,-5.37109,0
645.395,-0.605469,-0.0761719,1.00586,-0.976562,6.10352,-7.99561,0
645.405,-0.644043,-0.0722656,0.82959,-1.0376,6.65283,-6.83594,0
645.41,-0.513672,-0.17041,0.73877,-0.915527,7.93457,-6.10352,0
645.42,-0.708008,-0.164551,1.09619,-3.17383,5.06592,-7.50732,0
645.43,-1.14746,-0.188477,1.42578,-4.15039,8.36182,-9.76562,0
645.44,-0.470703,-0.21582,0.676758,-1.09863,9.0332,-7.56836,0
645.45,-0.450195,-0.0629883,0.498047,0.0610352,3.35693,-4.5166,0
645.46,-0.643555,-0.14209,1.15869,-1.95312,0.671387,-5.92041,0
645.47,-1.15283,-0.31543,1.63818,-4.15039,7.26318,-10.7422,0
645.475,-0.727051,-0.241211,1.03809,-2.01416,9.0332,-9.94873,0
645.485,-0.490234,-0.1875,0.444824,2.01416,5.5542,-5.61523,0
645.495,-0.61084,-0.13916,0.812012,2.74658,0.549316,-4.3335,0
645.505,-1.01465,-0.141602,1.49121,-1.0376,1.64795,-7.32422,0
645.515,-1.2085,-0.281738,1.54004,-3.54004,8.78906,-10.9253,0
645.525,-0.698242,-0.30127,0.77832,0.610352,8.36182,-7.75146,0
645.535,-0.463379,-0.160156,0.585449,4.27246,2.50244,-2.80762,0
645.545,-0.794922,-0.0576172,1.15137,1.95312,1.34277,-4.57764,0
645.555,-1.19434,-0.238281,1.57861,-1.64795,4.3335,-8.48389,0
645.565,-1.02246,-0.245605,1.21094,0.183105,6.83594,-8.11768,0
645.575,-0.735352,-0.132812,0.62793,3.17383,6.22559,-4.57764,0
645.585,-0.673828,-0.140625,0.8125,4.27246,1.34277,-2.74658,0
645.595,-1.01123,-0.143555,1.30225,2.74658,1.28174,-5.92041,0
645.605,-1.17383,-0.242676,1.229,1.28174,4.76074,-8.17871,0
645.615,-0.87207,-0.132812,0.648926,4.76074,4.3335,-4.88281,0
645.62,-0.800293,-0.0966797,0.753418,5.98145,0.610352,-2.44141,0
645.63,-0.92334,-0.200684,1.28857,4.15039,-0.427246,-5.06592,0
645.64,-0.994629,-0.188965,1.18945,3.23486,1.83105,-7.50732,0
645.65,-1.06641,0.0385742,0.688965,4.5166,3.11279,-5.5542,0
645.66,-0.889648,-0.10498,0.632812,2.2583,0.366211,-4.02832,0
645.67,-0.724609,-0.334473,0.980469,2.44141,-2.2583,-3.78418,0
645.68,-0.854492,0.300781,1.09814,3.05176,0.305176,-3.54004,0
645.69,-0.92627,0.266113,1.12744,-3.84521,-0.244141,-5.61523,0
645.7,-0.845215,-0.640137,0.914062,-3.72314,-0.793457,-4.08936,0
645.71,-0.90918,-0.279297,1.11426,2.01416,2.68555,-4.27246,0
645.72,-0.599609,0.0932617,0.624512,-0.305176,1.34277,-2.68555,0
645.73,-0.831055,-0.303223,1.125,-0.671387,1.58691,-2.01416,0
645.74,-0.963867,-0.223145,1.30908,-0.0610352,1.77002,-3.96729,0
645.75,-0.930664,0.0551758,0.978027,1.09863,4.82178,-2.74658,0
645.76,-1.10498,-0.210449,0.797852,-0.610352,5.67627,-2.68555,0
645.765,-0.530762,-0.155273,0.789551,1.89209,1.58691,-0.0610352,0
645.775,-0.644531,-0.00488281,0.989258,2.0752,5.49316,-1.70898,0
645.785,-0.800781,-0.351074,0.663574,2.38037,3.35693,-1.70898,0
645.795,-0.885742,-0.23584,1.0332,7.44629,2.99072,-1.0376,0
645.805,-0.627441,0.417969,1.09326,3.17383,2.68555,-3.2959,0
645.815,-0.547852,-0.138184,0.631836,-1.46484,3.96729,-1.64795,0
645.825,-0.738281,-0.680664,0.617676,3.54004,2.80762,-0.366211,0
645.835,-0.63623,0.205566,0.811035,5.31006,1.64795,-1.52588,0
645.845,-0.871582,0.143555,1.07178,-0.854492,2.56348,-3.41797,0
645.855,-0.69043,-0.276367,0.864258,-0.671387,2.68555,-3.60107,0
645.865,-0.541992,-0.11084,0.822754,1.83105,3.17383,-1.40381,0
645.875,-0.921387,-0.00439453,1.18066,-0.366211,2.31934,-3.11279,0
645.885,-0.655762,0.0664062,0.727051,0,0.854492,-1.09863,0
645.895,-0.908203,-0.327637,0.92041,0.305176,2.86865,-1.2207,0
645.905,-1.02002,-0.00683594,1.16406,0.305176,2.56348,-3.54004,0
645.915,-0.560547,0.236816,0.839844,0.549316,0.915527,0.244141,0
645.925,-0.910645,-0.290039,1.0708,-1.70898,2.01416,-1.83105,0
645.935,-0.822266,0.00732422,0.941895,0,1.89209,-2.01416,0
645.945,-0.786133,-0.0439453,0.858398,1.83105,2.01416,0.488281,0
645.95,-1.05762,-0.0668945,0.980957,0.305176,1.77002,-1.89209,0
645.96,-0.711426,0.116211,0.794922,-0.427246,1.34277,-1.0376,0
645.97,-0.688965,-0.570312,0.683105,2.99072,-0.976562,1.83105,0
645.98,-1.09668,0.313965,1.18555,3.78418,0.488281,-1.95312,0
645.99,-0.53418,0.29541,1.19971,-3.05176,-1.77002,-1.46484,0
646,-0.814941,-0.835449,0.96875,1.40381,1.15967,-1.40381,0
646.01,-0.521973,-0.0302734,0.541992,6.04248,-2.13623,-0.976562,0
646.02,-0.591797,0.64209,0.757812,-0.732422,-2.01416,0,0
646.03,-0.859863,-0.422852,0.952637,-3.84521,-1.52588,-1.64795,0
646.04,-0.767578,-0.4375,1.03174,4.02832,-3.05176,-0.488281,0
646.05,-0.595703,0.372559,0.915527,1.95312,-2.74658,-1.83105,0
646.06,-0.996094,-0.166504,1.07275,-3.2959,-2.80762,-3.11279,0
646.07,-0.588379,-0.290039,0.730957,2.44141,-2.86865,-0.488281,0
646.08,-0.665527,0.26123,0.812012,3.17383,-2.99072,-0.244141,0
646.09,-0.531738,0.0668945,1.04346,-3.17383,-4.45557,-3.479,0
646.1,-0.775879,-0.31543,1.11523,-0.244141,-5.12695,-1.77002,0
646.11,-0.498047,0.019043,0.866699,2.56348,-2.0752,-1.52588,0
646.12,-0.431152,0.122559,0.741699,-1.15967,-4.02832,-2.56348,0
646.125,-0.444336,-0.27002,0.876465,0.488281,-5.79834,-1.0376,0
646.135,-0.541504,0.0297852,0.909668,2.44141,-4.57764,-1.52588,0
646.145,-0.618164,0.135742,0.847168,-0.976562,-3.11279,-3.2959,0
646.155,-0.463379,-0.259766,0.943359,0.183105,-2.68555,-1.83105,0
646.165,-0.465332,-0.0634766,0.986328,2.56348,-3.78418,-1.52588,0
646.175,-0.421387,0.15625,0.977539,0,-4.45557,-2.2583,0
646.185,-0.494141,-0.169434,0.905273,-0.244141,-3.35693,-1.83105,0
646.195,-0.496094,-0.130371,0.959961,2.38037,-2.99072,-0.854492,0
646.205,-0.469727,0.12207,0.848145,0.976562,-2.86865,-2.01416,0
646.215,-0.426758,-0.105469,0.906738,0.0610352,-2.38037,-1.77002,0
646.225,-0.446289,-0.0952148,1.03027,1.46484,-3.17383,-1.15967,0
646.235,-0.437012,0.0268555,0.979004,0.0610352,-2.86865,-2.0752,0
646.245,-0.40332,-0.108887,0.942871,0.305176,-2.0752,-1.09863,0
646.255,-0.414062,-0.0146484,0.963379,0.305176,-2.2583,-1.52588,0
646.265,-0.407715,-0.0166016,0.994629,-0.366211,-2.13623,-1.58691,0
646.275,-0.42334,-0.00830078,1.02393,-0.0610352,-1.58691,-1.28174,0
646.285,-0.444336,0.0317383,1.03125,-1.28174,-1.52588,-1.64795,0
646.29,-0.437988,-0.119141,1.04102,-1.28174,-1.52588,-1.64795,0
646.3,-0.420898,0.00537109,1.08203,-0.549316,-1.70898,-0.976562,0
646.31,-0.419922,0.0151367,1.05908,-2.0752,-0.915527,-2.31934,0
646.32,-0.418945,-0.0874023,1.021,-1.0376,-0.427246,-1.40381,0
646.33,-0.414062,0.0200195,1.00195,-0.732422,-0.549316,-1.28174,0
646.34,-0.422852,-0.0493164,0.973145,-1.46484,-0.427246,-2.0752,0
646.35,-0.417969,-0.0644531,0.96582,-0.366211,-0.183105,-1.28174,0
646.36,-0.422852,0.015625,1.02344,-0.488281,-0.12207,-1.40381,0
646.37,-0.41748,0.0136719,1.08008,-1.40381,0.12207,-2.0752,0
646.38,-0.369629,-0.11084,1.02588,-1.2207,0.366211,-1.95312,0
646.39,-0.389648,-0.0556641,1.00684,-0.12207,0.12207,-1.2207,0
646.4,-0.392578,0.0136719,1.02246,-0.732422,0.12207,-1.70898,0
646.41,-0.361328,-0.0991211,1.01758,-0.427246,0.610352,-1.58691,0
646.42,-0.334473,0.0102539,1.00684,0.976562,0.671387,-0.793457,0
646.43,-0.330078,0.0263672,0.984863,-0.610352,0.610352,-1.95312,0
646.435,-0.341309,-0.117676,0.99707,-0.366211,0.244141,-1.40381,0
646.445,-0.328613,-0.0351562,1.01807,0.488281,0.549316,-0.976562,0
646.455,-0.320312,-0.0131836,1.00928,0,0.854492,-1.64795,0
646.465,-0.3125,-0.0795898,0.991211,0.427246,0.732422,-1.46484,0
646.475,-0.317871,-0.0385742,0.974121,1.09863,0.12207,-1.09863,0
646.485,-0.334961,0.0200195,0.984375,0.732422,0,-1.46484,0
646.495,-0.352539,-0.0229492,0.968262,0.366211,0.671387,-1.83105,0
646.505,-0.34375,-0.0537109,0.969727,0.671387,0.427246,-1.34277,0
646.515,-0.347168,-0.0253906,0.981445,0.610352,0,-1.52588,0
646.525,-0.351562,-0.0976562,1.00977,0.610352,-0.0610352,-1.83105,0
646.535,-0.379395,-0.0361328,1.0415,1.64795,-0.183105,-1.28174,0
646.545,-0.353027,-0.00585938,0.981934,1.28174,0.305176,-1.64795,0
646.555,-0.362793,-0.0419922,0.920898,1.52588,0.12207,-1.34277,0
646.565,-0.350098,-0.0209961,0.933105,1.15967,-0.244141,-1.64795,0
646.575,-0.362305,-0.00976562,0.94873,0.976562,-0.244141,-1.64795,0
646.58,-0.366211,-0.00927734,0.961914,0.793457,0.12207,-1.58691,0
646.59,-0.379883,-0.0742188,0.970703,0.671387,-0.12207,-1.64795,0
646.6,-0.368652,0.00634766,0.993652,0.610352,-0.488281,-1.40381,0
646.61,-0.351562,-0.0302734,0.991699,-0.305176,-0.183105,-2.19727,0
646.62,-0.362793,-0.0610352,0.96875,0.854492,-0.427246,-1.15967,0
646.63,-0.36377,0.0644531,0.92041,0.488281,-0.366211,-1.34277,0
646.64,-0.369629,-0.0185547,0.94043,-0.854492,-0.671387,-2.31934,0
646.65,-0.34668,-0.043457,0.966797,-0.0610352,-0.427246,-1.15967,0
646.66,-0.36084,0.0527344,0.956543,-0.183105,-0.427246,-1.2207,0
646.67,-0.361816,-0.0849609,0.994141,-1.09863,-0.854492,-2.0752,0
646.68,-0.333984,-0.0078125,0.989258,0.183105,-1.2207,-0.976562,0
646.69,-0.317871,0.0375977,0.994629,-0.976562,-0.610352,-2.0752,0
646.7,-0.328613,-0.0908203,0.967773,-0.305176,-1.0376,-1.46484,0
646.71,-0.309082,0.0512695,0.947266,0.183105,-1.2207,-1.0376,0
646.72,-0.311035,-0.00244141,0.971191,-1.28174,-0.976562,-2.19727,0
646.725,-0.317871,-0.065918,0.969727,0,-1.09863,-0.915527,0
646.735,-0.316406,0.0283203,0.990723,-0.305176,-1.0376,-1.09863,0
646.745,-0.286621,-0.0678711,1.01172,-0.793457,-1.40381,-1.70898,0
646.755,-0.259277,-0.0493164,1.00635,0.305176,-1.40381,-0.915527,0
646.765,-0.251953,-0.015625,1.00439,0.0610352,-1.34277,-1.09863,0
646.775,-0.244629,-0.09375,1.02588,0.488281,-1.52588,-1.28174,0
646.785,-0.214355,0.0146484,1.01562,1.28174,-1.28174,-0.671387,0
646.795,-0.232422,-0.0419922,0.980957,0.366211,-0.976562,-1.2207,0
646.805,-0.246094,-0.0688477,0.980957,1.40381,-1.52588,-0.488281,0
646.815,-0.246582,0.03125,0.965332,0.732422,-1.40381,-0.915527,0
646.825,-0.230957,-0.0795898,0.972656,0.671387,-1.0376,-1.0376,0
646.835,-0.226562,0.00927734,0.994141,1.15967,-1.40381,-0.427246,0
646.845,-0.224609,-0.0488281,1.02148,0,-1.15967,-1.40381,0
646.855,-0.228027,-0.0566406,1.01709,1.28174,-1.0376,-0.488281,0
646.865,-0.253906,0.0419922,1.01318,1.15967,-0.854492,-0.793457,0
646.87,-0.233887,-0.0537109,1.01123,0.610352,-0.732422,-1.40381,0
646.88,-0.214355,-0.00830078,1,1.46484,-0.671387,-0.488281,0
646.89,-0.19043,0.0395508,0.972656,0.671387,-0.305176,-0.976562,0
646.9,-0.224121,-0.0664062,0.981445,0.549316,-0.610352,-1.15967,0
646.91,-0.230469,0.00585938,0.993652,1.15967,-0.671387,-0.671387,0
646.92,-0.225586,0.00488281,1.01221,0.549316,0,-1.2207,0
646.93,-0.210938,-0.027832,1.0332,0.976562,-0.0610352,-0.854492,0
646.94,-0.207031,0.0419922,1.00586,0.732422,-0.183105,-1.0376,0
646.95,-0.206055,0.0180664,0.965332,0.0610352,0.183105,-1.15967,0
646.96,-0.229004,-0.0175781,0.967773,0.244141,0.183105,-0.793457,0
646.97,-0.229492,0.0185547,0.978027,0.305176,0.12207,-0.793457,0
646.98,-0.225586,0.0415039,0.992188,-0.0610352,0.366211,-0.976562,0
646.99,-0.236816,-0.0375977,1.01221,-0.0610352,0.366211,-0.915527,0
647,-0.230469,0.00976562,1.01514,0.488281,0.183105,-0.488281,0
647.01,-0.232422,0.00488281,0.997559,0,0.427246,-0.854492,0
647.02,-0.233887,-0.0429688,0.998535,0.549316,0.305176,-0.366211,0
647.025,-0.244141,0.0498047,0.978516,0.488281,0.427246,-0.244141,0
647.035,-0.242676,0.00195312,0.980469,-0.183105,0.793457,-0.610352,0
647.045,-0.225098,-9.765625e-04,1.00586,0.427246,0.488281,0.0610352,0
647.055,-0.198242,0.0200195,0.999512,0,0.366211,-0.366211,0
647.065,-0.181152,-0.0375977,0.983887,0.427246,0.244141,-0.0610352,0
647.075,-0.189453,0.0527344,0.97998,0.671387,0.183105,0.305176,0
647.085,-0.186035,0.0200195,0.981445,-0.244141,0.183105,-0.488281,0
647.095,-0.169434,-0.00976562,0.965332,0.610352,0.183105,0.244141,0
647.105,-0.166016,0.0629883,0.973633,0.549316,-0.0610352,0.305176,0
647.115,-0.172852,-0.0341797,0.977051,0.244141,-0.183105,-0.244141,0
647.125,-0.171387,-0.0234375,0.945801,1.70898,-0.305176,0.671387,0
647.135,-0.176758,0.0644531,0.963867,1.28174,-0.244141,0.183105,0
647.145,-0.144531,-0.0302734,0.989258,0.854492,-0.244141,-0.0610352,0
647.155,-0.12793,0.00927734,1.00244,2.13623,-0.549316,0.915527,0
647.165,-0.123047,0.0585938,0.993164,1.46484,-0.793457,0.366211,0
647.175,-0.124023,-0.0146484,0.958008,1.89209,-0.915527,0.488281,0
647.185,-0.119141,0.0507812,0.957031,2.50244,-0.976562,1.0376,0
647.195,-0.130371,0.0327148,0.987305,1.95312,-1.15967,0.671387,0
647.2,-0.121582,0.0322266,0.996094,2.19727,-1.0376,1.0376,0
647.21,-0.120117,0.0566406,0.976562,1.95312,-1.0376,1.28174,0
647.22,-0.123535,0.046875,0.972656,1.58691,-1.28174,1.2207,0
647.23,-0.113281,0.0625,0.973145,1.64795,-1.40381,1.46484,0
647.24,-0.097168,0.0654297,0.994629,1.52588,-1.58691,1.52588,0
647.25,-0.0913086,0.0605469,1.02539,1.46484,-1.58691,1.64795,0
647.26,-0.0791016,0.0512695,1.04004,1.58691,-1.52588,2.01416,0
647.27,-0.0810547,0.090332,1.0293,1.83105,-1.34277,2.2583,0
647.28,-0.0957031,0.0654297,1.02637,1.58691,-1.40381,2.01416,0
647.29,-0.100098,0.0644531,0.995605,2.19727,-1.34277,2.62451,0
647.3,-0.0932617,0.11377,1.01318,1.70898,-1.28174,2.56348,0
647.305,-0.0854492,0.0683594,1.00635,1.40381,-1.15967,2.44141,0
647.315,-0.0825195,0.0957031,1.02881,1.95312,-0.976562,3.17383,0
647.325,-0.0874023,0.124023,1.04199,1.40381,-0.976562,2.92969,0
647.335,-0.0913086,0.101074,1.01758,1.58691,-0.732422,3.11279,0
647.345,-0.0942383,0.121582,1.00488,1.58691,-0.610352,3.35693,0
647.355,-0.0844727,0.0864258,1.01709,1.2207,-0.793457,3.35693,0
647.365,-0.0825195,0.120117,1.00586,1.34277,-0.915527,3.90625,0
647.375,-0.0800781,0.112305,1.02686,0.732422,-0.610352,3.60107,0
647.385,-0.100586,0.0927734,1.01465,1.15967,-0.549316,4.15039,0
647.395,-0.102051,0.150879,0.977051,1.40381,-0.183105,4.21143,0
647.405,-0.0795898,0.104492,0.966309,1.09863,-0.244141,4.08936,0
647.415,-0.0776367,0.0864258,0.97168,1.52588,-0.549316,4.63867,0
647.425,-0.0664062,0.0981445,1.00537,1.64795,-0.427246,4.76074,0
647.435,-0.0878906,0.148926,1.03369,1.83105,-0.610352,5.18799,0
647.445,-0.112793,0.125977,1.03271,1.15967,-0.183105,4.82178,0
647.45,-0.116699,0.118652,1.03223,1.64795,-0.183105,5.43213,0
647.46,-0.102051,0.210938,1.00977,0.793457,-0.305176,5.24902,0
647.47,-0.0947266,0.0986328,0.998047,0.0610352,-0.244141,5.24902,0
647.48,-0.090332,0.160645,1.00146,1.0376,-0.732422,6.46973,0
647.49,-0.097168,0.189453,0.989746,-0.244141,-0.366211,5.49316,0
647.5,-0.104004,0.101562,0.973633,0.12207,-0.305176,6.10352,0
647.51,-0.111816,0.188477,1.00195,0.244141,-0.488281,6.40869,0
647.52,-0.0869141,0.161621,0.991211,-0.488281,-0.366211,6.04248,0
647.53,-0.0849609,0.171875,1.02002,-0.366211,-0.610352,6.65283,0
647.54,-0.0849609,0.171875,1.01367,-0.854492,-0.549316,6.46973,0
647.55,-0.0961914,0.166504,1.00439,-0.610352,-0.488281,6.95801,0
647.56,-0.108398,0.163086,1.01514,-0.671387,-0.488281,6.7749,0
647.57,-0.114746,0.137695,0.994141,-0.12207,-0.549316,7.14111,0
647.58,-0.109375,0.228516,0.989746,-0.12207,-0.427246,7.26318,0
647.59,-0.0986328,0.152344,0.994141,-0.976562,-0.488281,6.71387,0
647.595,-0.102539,0.154785,0.994141,-0.12207,-0.671387,7.8125,0
647.605,-0.0952148,0.22998,0.98877,-0.976562,-0.671387,7.32422,0
647.615,-0.0908203,0.114258,1.00293,-1.2207,-0.549316,7.26318,0
647.625,-0.0976562,0.20752,1.00098,-0.244141,-0.793457,8.23975,0
647.635,-0.0917969,0.202148,1.00049,-1.40381,-0.549316,7.32422,0
647.645,-0.0874023,0.138184,0.987305,-0.854492,-0.732422,8.11768,0
647.655,-0.0830078,0.224609,0.979004,-0.976562,-0.549316,8.30078,0
647.665,-0.105957,0.118164,0.993652,-1.64795,-0.488281,7.8125,0
647.675,-0.103027,0.143066,0.991211,-0.12207,-0.610352,8.8501,0
647.685,-0.101074,0.206055,0.993652,-0.427246,-0.305176,8.30078,0
647.695,-0.103516,0.10791,0.994629,-0.0610352,-0.366211,8.30078,0
647.705,-0.0898438,0.1875,0.989258,0.793457,-0.549316,9.0332,0
647.715,-0.0844727,0.165527,0.985352,0.305176,-0.427246,8.36182,0
647.725,-0.0791016,0.138672,0.963867,0.976562,-0.488281,9.0332,0
647.735,-0.090332,0.190918,0.987305,0.976562,-0.305176,8.97217,0
647.745,-0.0874023,0.137207,1.01025,0.793457,-0.305176,8.8501,0
647.755,-0.0874023,0.174805,1.01807,1.52588,-0.0610352,9.33838,0
647.765,-0.0986328,0.205078,1.01562,0.976562,0.305176,8.8501,0
647.775,-0.0996094,0.120117,0.994629,1.2207,0.427246,8.97217,0
647.785,-0.081543,0.180176,0.971191,1.83105,0.366211,9.58252,0
647.795,-0.0717773,0.204102,0.970215,1.0376,0.427246,9.21631,0
647.805,-0.0839844,0.13916,0.993164,1.2207,0.488281,9.39941,0
647.815,-0.0927734,0.248535,1.00537,1.34277,0.488281,9.82666,0
647.825,-0.104492,0.187012,0.992676,0,0.976562,8.97217,0
647.835,-0.102539,0.136719,1.00635,0.915527,0.732422,9.82666,0
647.84,-0.0927734,0.242188,0.991211,0.732422,0.549316,9.8877,0
647.85,-0.0708008,0.199707,0.991211,0.12207,0.732422,9.39941,0
647.86,-0.078125,0.168457,0.99707,0.610352,0.793457,9.76562,0
647.87,-0.0805664,0.276367,0.983887,0.488281,1.0376,10.0708,0
647.88,-0.0957031,0.202637,0.984863,-0.610352,1.2207,9.39941,0
647.89,-0.111816,0.149414,1.00195,0.244141,0.732422,10.1318,0
647.9,-0.0996094,0.287109,0.999512,0.244141,0.915527,10.2539,0
647.91,-0.0839844,0.196289,1.02148,-0.854492,1.2207,9.46045,0
647.92,-0.0698242,0.179199,0.968262,-0.0610352,1.0376,10.3149,0
647.93,-0.0825195,0.282715,0.959473,-0.671387,1.15967,10.1929,0
647.94,-0.0986328,0.157715,0.996582,-1.58691,1.15967,9.64355,0
647.95,-0.101074,0.189941,0.996094,-0.305176,0.854492,10.8643,0
647.96,-0.104492,0.236328,0.98291,-1.09863,1.09863,10.3149,0
647.97,-0.0839844,0.171387,0.976074,-1.0376,0.854492,10.376,0
647.98,-0.0708008,0.18457,0.972168,-0.854492,0.610352,10.5591,0
647.985,-0.0678711,0.193848,0.960449,-0.915527,0.793457,10.5591,0
647.995,-0.0737305,0.195312,0.974121,-1.0376,0.854492,10.6201,0
648.005,-0.0820312,0.161133,0.987305,-0.915527,0.915527,10.7422,0
648.015,-0.0893555,0.181641,0.980469,-0.427246,0.732422,11.0474,0
648.025,-0.0996094,0.178223,0.992188,-0.427246,0.549316,10.8643,0
648.035,-0.0839844,0.17041,0.983887,0.12207,0.488281,11.1084,0
648.045,-0.0737305,0.191406,0.970215,-0.0610352,0.427246,10.9253,0
648.055,-0.0717773,0.137695,0.965332,-0.183105,0.305176,10.8643,0
648.065,-0.0800781,0.202148,0.981445,0.427246,0.12207,11.4136,0
648.075,-0.0922852,0.167969,0.97998,0,0.305176,10.8643,0
648.085,-0.0761719,0.177734,1.00098,0.854492,0,11.4746,0
648.095,-0.078125,0.210938,0.978027,0.305176,0,10.8643,0
648.105,-0.0795898,0.134277,0.980469,0.305176,-0.244141,10.9253,0
648.115,-0.0673828,0.206543,0.969727,0.793457,-0.366211,11.3525,0
648.125,-0.0722656,0.169434,0.978027,0.183105,-0.183105,10.5591,0
648.13,-0.0825195,0.129883,1.0127,1.2207,-0.427246,11.1084,0
648.14,-0.0795898,0.239746,1.02832,1.15967,-0.366211,11.0474,0
648.15,-0.0898438,0.166504,1.00391,0.549316,-0.244141,10.498,0
648.16,-0.0791016,0.184082,0.992676,1.09863,-0.488281,11.0474,0
648.17,-0.0805664,0.20166,0.990234,0.549316,-0.366211,10.5591,0
648.18,-0.0712891,0.125488,0.999023,0.732422,-0.366211,10.498,0
648.19,-0.0727539,0.199219,1.01855,1.64795,-0.427246,11.1694,0
648.2,-0.0771484,0.231934,1.01709,0.488281,-0.244141,10.3149,0
648.21,-0.090332,0.143066,1.01416,0.305176,-0.183105,10.376,0
648.22,-0.0888672,0.215332,1.02051,0.610352,-0.366211,10.9863,0
648.23,-0.0678711,0.205078,0.986328,-0.488281,-0.183105,10.2539,0
648.24,-0.0581055,0.161133,0.995117,-0.183105,-0.610352,10.8032,0
648.25,-0.0566406,0.231445,0.988281,-0.610352,-0.305176,10.5591,0
648.26,-0.0776367,0.178711,0.980957,-0.854492,-0.0610352,10.376,0
648.265,-0.0942383,0.217285,1.02344,-0.549316,-0.0610352,10.7422,0
648.275,-0.0839844,0.185059,0.998535,-1.0376,0.244141,10.1929,0
648.285,-0.0737305,0.183105,1.00195,-0.366211,0,10.8643,0
648.295,-0.0576172,0.212402,0.990234,-0.915527,0,10.376,0
648.305,-0.0649414,0.155762,0.984375,-0.732422,-0.244141,10.498,0
648.315,-0.0668945,0.209961,0.98291,-0.366211,-0.305176,10.6812,0
648.325,-0.0664062,0.171875,0.983887,-0.610352,0,10.1318,0
648.335,-0.0825195,0.179688,0.990234,0.0610352,-0.183105,10.6201,0
648.345,-0.0874023,0.19043,0.98877,-0.0610352,0.0610352,10.3149,0
648.355,-0.0737305,0.162598,1.00146,0.183105,0,10.498,0
648.365,-0.0693359,0.18457,0.99707,0.183105,0,10.437,0
648.375,-0.0615234,0.146484,0.992676,0.12207,-0.0610352,10.376,0
648.385,-0.0703125,0.20752,0.997559,0.244141,-0.244141,10.5591,0
648.395,-0.0688477,0.163086,1.00488,-0.610352,0,10.0708,0
648.405,-0.0698242,0.166992,1.00781,0,-0.244141,10.7422,0
648.415,-0.0742188,0.208496,0.990723,-0.732422,0,10.1929,0
648.425,-0.0834961,0.137207,0.98291,-0.549316,0,10.437,0
648.435,-0.0761719,0.187988,0.989258,-0.12207,0,10.6201,0
648.445,-0.0649414,0.17334,0.996582,-0.488281,0.12207,10.3149,0
648.45,-0.0649414,0.137695,0.999512,-0.244141,0.183105,10.498,0
648.46,-0.0722656,0.17334,1.00342,-0.12207,0.305176,10.5591,0
648.47,-0.0654297,0.195312,0.989258,-0.427246,0.244141,10.376,0
648.48,-0.0805664,0.120605,0.992676,-0.244141,0.366211,10.3149,0
648.49,-0.0859375,0.220215,1.00732,0.427246,0.12207,10.9863,0
648.5,-0.074707,0.197266,1.01807,-0.427246,0.610352,9.94873,0
648.51,-0.0742188,0.0898438,0.996582,0.244141,0.610352,10.5591,0
648.52,-0.0756836,0.275391,0.974609,0.366211,0.366211,10.8643,0
648.53,-0.0820312,0.160645,0.991211,-1.46484,0.671387,9.64355,0
648.54,-0.0761719,0.13916,1.00928,-0.0610352,0.12207,10.9863,0
648.55,-0.0668945,0.302246,1.02197,-1.2207,0.366211,10.1318,0
648.56,-0.0708008,0.129395,0.994629,-2.01416,0.732422,9.70459,0
648.57,-0.0668945,0.161621,0.992676,-0.549316,0.244141,10.9253,0
648.58,-0.0615234,0.256348,0.947754,-1.52588,0.366211,10.0098,0
648.59,-0.0673828,0.126465,0.958984,-1.83105,0.305176,9.76562,0
648.6,-0.0708008,0.157227,0.979492,-0.915527,0,10.498,0
648.61,-0.0698242,0.250488,1.00244,-1.64795,0.183105,10.0708,0
648.62,-0.0751953,0.12207,0.998047,-2.44141,0.183105,9.46045,0
648.625,-0.078125,0.165527,0.990234,-1.0376,0,10.6201,0
648.635,-0.0712891,0.258301,0.992676,-2.0752,0.244141,9.76562,0
648.645,-0.0742188,0.0849609,0.972168,-2.01416,0.305176,9.82666,0
648.655,-0.0703125,0.181152,1.00049,-0.549316,0,10.7422,0
648.665,-0.0629883,0.200684,0.975586,-1.64795,0.427246,9.58252,0
648.675,-0.0664062,0.0742188,0.975098,-1.0376,0.183105,10.1318,0
648.685,-0.0708008,0.182129,0.995117,-0.427246,-0.0610352,10.498,0
648.695,-0.0668945,0.203125,1.00391,-1.46484,0.0610352,9.70459,0
648.705,-0.0649414,0.10791,0.984863,-1.34277,0.305176,9.8877,0
648.715,-0.0649414,0.177246,0.966797,-0.793457,0.366211,10.376,0
648.725,-0.0649414,0.171875,0.987305,-1.46484,0.488281,9.76562,0
648.735,-0.0644531,0.102051,1.00732,-0.976562,0.549316,10.0708,0
648.745,-0.0693359,0.164062,1.021,-0.427246,0.427246,10.376,0
648.755,-0.0737305,0.171875,1.00244,-1.09863,0.671387,9.70459,0
648.765,-0.0771484,0.112793,0.999512,-0.976562,0.549316,9.70459,0
648.775,-0.0717773,0.151367,0.981445,-0.366211,0.488281,10.1929,0
648.785,-0.0629883,0.181641,0.983398,-0.732422,0.244141,9.8877,0
648.795,-0.0756836,0.114746,0.989746,-0.793457,0.183105,9.64355,0
648.805,-0.065918,0.182617,0.983887,-0.12207,0.0610352,10.1929,0
648.81,-0.0683594,0.152832,0.963379,-0.854492,0.427246,9.52148,0
648.82,-0.0703125,0.121582,0.995117,-0.305176,0,10.0098,0
648.83,-0.0708008,0.177734,1.00293,-0.610352,0,9.70459,0
648.84,-0.0683594,0.14209,1.01367,-0.793457,0.183105,9.64355,0
648.85,-0.0742188,0.186523,1.00439,-0.732422,0.244141,9.70459,0
648.86,-0.0742188,0.153809,1.00146,-1.40381,0.366211,9.21631,0
648.87,-0.0737305,0.145508,1.00098,-1.0376,0.183105,9.70459,0
648.88,-0.0576172,0.166992,1.00879,-1.2207,0.244141,9.46045,0
648.89,-0.0693359,0.143555,0.98877,-1.2207,0.244141,9.46045,0
648.9,-0.0585938,0.160645,0.98877,-1.40381,0.305176,9.33838,0
648.91,-0.0742188,0.114746,0.986816,-1.34277,0.366211,9.21631,0
648.92,-0.0722656,0.150879,0.975098,-1.09863,0.183105,9.46045,0
648.93,-0.0683594,0.137207,0.98877,-1.52588,0.244141,8.97217,0
648.94,-0.0512695,0.150879,0.987305,-1.15967,0.366211,9.21631,0
648.95,-0.0610352,0.164062,0.999512,-1.52588,0.427246,8.91113,0
648.955,-0.0717773,0.135742,0.97998,-1.52588,0.305176,8.8501,0
648.965,-0.0795898,0.13623,0.984375,-1.46484,0.12207,8.97217,0
648.975,-0.0864258,0.134277,0.984375,-1.40381,0.244141,8.97217,0
648.985,-0.0839844,0.141602,1.0083,-1.58691,0.0610352,8.8501,0
648.995,-0.0717773,0.0917969,1.00244,-1.46484,0.12207,8.72803,0
649.005,-0.0717773,0.141602,1.00244,-1.2207,-0.0610352,9.09424,0
649.015,-0.0810547,0.105469,0.999512,-1.58691,0,8.48389,0
649.025,-0.0698242,0.117676,0.999023,-0.915527,0,9.0332,0
649.035,-0.0649414,0.127441,0.99707,-1.0376,0.305176,8.66699,0
649.045,-0.0571289,0.0864258,0.978027,-0.732422,0.183105,8.8501,0
649.055,-0.0522461,0.152344,0.977539,-0.549316,0,8.91113,0
649.065,-0.0693359,0.10791,0.97998,-1.09863,0,8.42285,0
649.075,-0.0820312,0.0986328,0.987793,-0.610352,-0.0610352,8.8501,0
649.085,-0.0678711,0.155273,1.00049,-1.0376,0.12207,8.48389,0
649.095,-0.0668945,0.0922852,0.987793,-1.15967,0.366211,8.36182,0
649.1,-0.0556641,0.112793,0.988281,-0.488281,0.305176,8.72803,0
649.11,-0.0561523,0.143555,0.989258,-0.549316,0.244141,8.36182,0
649.12,-0.0517578,0.104004,0.994629,-0.671387,0.488281,8.17871,0
649.13,-0.0644531,0.111328,0.991699,-0.427246,0.549316,8.36182,0
649.14,-0.0556641,0.132324,0.98877,-0.976562,0.732422,8.05664,0
649.15,-0.0639648,0.0673828,0.979492,-1.0376,0.854492,7.93457,0
649.16,-0.0537109,0.140625,0.967773,-0.793457,0.671387,8.23975,0
649.165,-0.0605469,0.12793,0.965332,-1.70898,0.793457,7.44629,0
649.175,-0.0512695,0.0683594,0.973145,-1.34277,0.610352,7.75146,0
649.185,-0.0693359,0.141113,0.973633,-0.976562,0.610352,7.99561,0
649.195,-0.0678711,0.114258,0.96875,-1.64795,0.793457,7.26318,0
649.205,-0.0639648,0.0834961,0.981445,-1.09863,0.793457,7.56836,0
649.215,-0.0595703,0.117188,0.985352,-1.09863,0.854492,7.38525,0
649.225,-0.0537109,0.0932617,0.992188,-1.28174,0.671387,7.20215,0
649.235,-0.0537109,0.081543,0.983887,-1.15967,0.854492,7.14111,0
649.245,-0.0625,0.105957,0.984863,-0.854492,0.854492,7.26318,0
649.255,-0.0703125,0.0844727,0.976074,-1.2207,0.976562,6.7749,0
649.265,-0.0751953,0.0673828,0.991699,-0.854492,0.793457,6.95801,0
649.275,-0.0878906,0.0932617,0.988281,-0.915527,0.976562,6.95801,0
649.285,-0.111816,0.0595703,0.98291,-1.15967,0.793457,6.83594,0
649.295,-0.123535,0.0810547,0.979004,-1.09863,0.732422,6.7749,0
649.305,-0.160156,0.0708008,0.980469,-1.28174,0.976562,6.5918,0
649.315,-0.180664,0.0610352,0.993652,-0.976562,1.0376,6.5918,0
649.325,-0.161621,0.0722656,1.00635,-1.0376,0.976562,6.34766,0
649.335,-0.134766,0.0405273,1.01514,-0.793457,1.28174,6.46973,0
649.34,-0.142578,0.121094,1.02734,-0.732422,0.976562,6.65283,0
649.35,-0.143066,0.074707,1.00146,-1.70898,1.2207,5.85938,0
649.36,-0.16748,0.0458984,1.00146,-0.976562,1.09863,6.5918,0
649.37,-0.158691,0.109375,0.994629,-1.34277,1.09863,6.34766,0
649.38,-0.150391,0.0400391,0.994141,-1.58691,1.34277,5.79834,0
649.39,-0.149414,0.0498047,0.990234,-0.793457,1.28174,6.28662,0
649.4,-0.162598,0.0942383,0.973633,-0.976562,1.0376,5.98145,0
649.41,-0.15625,0.050293,0.976562,-1.15967,0.915527,5.61523,0
649.42,-0.153809,0.0844727,0.984863,-0.671387,0.671387,6.10352,0
649.43,-0.158203,0.119629,0.992188,-1.28174,0.793457,5.49316,0
649.44,-0.159668,0.0351562,0.98291,-1.46484,0.610352,5.37109,0
649.45,-0.15918,0.078125,0.987305,-0.732422,0.427246,5.92041,0
649.46,-0.169434,0.078125,0.975098,-1.0376,0.305176,5.18799,0
649.47,-0.167969,0.00195312,0.96875,-0.549316,0.0610352,5.18799,0
649.48,-0.177734,0.0683594,0.967285,0.12207,-0.0610352,5.49316,0
649.49,-0.177734,0.0512695,0.956055,-0.549316,0,4.82178,0
649.5,-0.170898,0.0253906,0.970703,-0.12207,-0.244141,5.12695,0
649.51,-0.158203,0.111328,0.980469,-0.427246,-0.0610352,4.88281,0
649.52,-0.160156,0.0151367,0.98877,-1.2207,-0.0610352,4.27246,0
649.525,-0.146973,0.0229492,0.989746,-0.244141,-0.427246,5.06592,0
649.535,-0.123047,0.119629,1.00488,-1.0376,-0.671387,4.5166,0
649.545,-0.110352,-0.0151367,1.00098,-1.64795,-0.427246,4.02832,0
649.555,-0.109863,0.0366211,0.986328,-0.488281,-0.793457,4.76074,0
649.565,-0.102051,0.078125,0.987793,-1.46484,-0.610352,3.84521,0
649.575,-0.0947266,-0.0268555,0.984375,-1.0376,-0.671387,3.96729,0
649.585,-0.0810547,0.0463867,0.993652,-0.366211,-1.15967,4.3335,0
649.595,-0.0693359,0.0371094,1.00879,-1.0376,-1.15967,3.60107,0
649.605,-0.0576172,-0.019043,1.00732,-0.610352,-1.28174,3.84521,0
649.615,-0.0805664,0.0253906,0.986816,-0.305176,-1.40381,4.02832,0
649.625,-0.0649414,0.0405273,1.00146,-0.732422,-1.2207,3.60107,0
649.635,-0.0756836,-0.00927734,1.021,-0.732422,-1.15967,3.41797,0
649.645,-0.0722656,0.0649414,1.01758,-0.427246,-1.2207,3.66211,0
649.655,-0.0888672,0.0229492,1.01514,-1.2207,-1.0376,3.05176,0
649.665,-0.0957031,0,1.01514,-0.610352,-1.34277,3.479,0
649.67,-0.0834961,0.0424805,1.00928,-0.854492,-0.915527,3.11279,0
649.68,-0.0766602,-0.0141602,1.01172,-0.610352,-0.793457,2.92969,0
649.69,-0.0693359,0.0625,1.03125,-0.183105,-0.732422,3.11279,0
649.7,-0.0708008,0,1.01562,-0.976562,-0.488281,2.2583,0
649.71,-0.0634766,-0.00195312,1.02686,-0.12207,-0.732422,2.92969,0
649.72,-0.0541992,0.0541992,1.01123,-0.671387,-0.366211,2.38037,0
649.73,-0.0444336,-0.0175781,1.01514,-0.793457,-0.427246,2.13623,0
649.74,-0.0527344,0.0224609,1.00732,-0.244141,-0.427246,2.50244,0
649.75,-0.0581055,0.0341797,0.99707,-0.793457,-0.244141,2.0752,0
649.76,-0.078125,-0.0126953,1.0166,-0.732422,-0.12207,1.83105,0
649.77,-0.0737305,0.0249023,1.00684,-0.427246,0.0610352,2.01416,0
649.78,-0.0722656,0.0385742,0.991211,-0.915527,0.305176,1.58691,0
649.79,-0.0830078,-0.027832,0.987305,-0.854492,0.305176,1.46484,0
649.8,-0.0717773,0.0292969,0.986328,-0.488281,0.305176,1.70898,0
649.81,-0.059082,4.882812e-04,1.00195,-1.2207,0.610352,0.976562,0
649.815,-0.0498047,-0.0351562,0.997559,-0.610352,0.488281,1.34277,0
649.825,-0.0400391,0.00927734,1.00049,-0.610352,0.549316,1.28174,0
649.835,-0.0615234,-0.0380859,0.982422,-0.671387,0.671387,1.0376,0
649.845,-0.0556641,-0.0341797,0.973145,-0.183105,0.610352,1.34277,0
649.855,-0.0678711,-0.0141602,0.978027,-0.0610352,0.732422,1.15967,0
649.865,-0.0683594,-0.0219727,0.975586,0,0.732422,1.09863,0
649.875,-0.0732422,-0.0341797,0.979492,0.244141,0.671387,1.15967,0
649.885,-0.0839844,-0.00732422,0.992188,0.366211,0.549316,1.0376,0
649.895,-0.0766602,-0.00439453,0.982422,0.305176,0.732422,0.671387,0
649.905,-0.0834961,-0.0273438,0.980957,0.366211,0.671387,0.671387,0
649.915,-0.0664062,-0.00146484,0.994141,0.488281,0.549316,0.854492,0
649.925,-0.046875,-0.0205078,0.989746,0.305176,0.488281,0.610352,0
649.935,-0.0488281,-0.0205078,0.981445,0.427246,0.244141,0.732422,0
649.945,-0.0566406,-0.027832,0.949219,0.549316,0.366211,0.610352,0
649.955,-0.0805664,-0.00341797,0.974121,0.671387,0,0.671387,0
649.96,-0.0839844,-0.0161133,1.00488,0.488281,0.183105,0.366211,0
649.97,-0.0786133,0.00195312,1.00879,0.732422,0.305176,0.549316,0
649.98,-0.0776367,0.0263672,1.01367,0.427246,0.244141,0.366211,0
649.99,-0.0737305,-0.0380859,0.993652,0.366211,0.305176,0.12207,0
650,-0.0625,0.00976562,0.972168,1.09863,0,0.793457,0
650.01,-0.0522461,0.0380859,0.978516,0.488281,0.12207,0.244141,0
650.02,-0.0444336,-0.0517578,0.986328,0.549316,-0.12207,0.305176,0
650.03,-0.0532227,0.0444336,0.973145,1.09863,-0.427246,0.915527,0
650.04,-0.0703125,0.0166016,0.990723,-0.0610352,0,-0.0610352,0
650.05,-0.0874023,-0.019043,1,0.732422,-0.244141,0.610352,0
650.06,-0.0834961,0.0708008,1.01367,0.427246,0,0.305176,0
650.07,-0.078125,-0.00976562,1.021,-0.12207,0.12207,-0.0610352,0
650.08,-0.0576172,0.0117188,0.998047,0.549316,0,0.610352,0
650.09,-0.0532227,0.0288086,0.984375,-0.0610352,0,0.12207,0
650.1,-0.0458984,-0.019043,0.975098,0,-0.305176,0.366211,0
650.105,-0.0581055,0.0195312,0.980469,0.0610352,-0.244141,0.549316,0
650.115,-0.0751953,0.0112305,0.991699,-0.12207,-0.183105,0.427246,0
650.125,-0.0844727,0.00341797,0.98877,0.183105,-0.0610352,0.427246,0
650.135,-0.0795898,0.0336914,0.991699,0.0610352,0,0.183105,0
650.145,-0.0634766,0.00830078,0.995605,0,0,0.12207,0
650.155,-0.0576172,0,1.00098,0,0,0.305176,0
