t_s,ax_g,ay_g,az_g,roll_rate_dps,pitch_rate_dps,yaw_rate_dps,in_gates
1002.45,0.00927734,-0.0117188,0.99707,0,0,0,0
1002.46,0.0112305,0.00585938,0.991699,0,0,0,0
1002.47,0.00292969,-0.00683594,1.00049,0,0,0,0
1002.48,0.00195312,0.00634766,1.00195,0,0,0,0
1002.49,0,0.00683594,1.00781,0,0,0,0
1002.5,0.00585938,-0.00439453,0.997559,0,0,0,0
1002.51,0.0117188,0.0107422,0.993652,0,0,0,0
1002.52,0.0102539,-0.0195312,0.996094,0,0,0,0
1002.53,0.00585938,0.00976562,0.99707,0,0,0,0
1002.54,0,0.00732422,1.00293,0,0,0,0
1002.55,0.00341797,-0.00585938,1.00195,0,0,0,0
1002.56,0.00439453,0.0141602,0.999512,0,0,0,0
1002.57,0.00585938,-0.0151367,0.996094,0,0,0,0
1002.57,0.00976562,0.00732422,0.995605,0,0,0,0
1002.58,4.882812e-04,0,1.00146,0,0,0,0
1002.59,0,-0.00146484,1.00195,0,0,0,0
1002.6,-0.00341797,0.0102539,1.00146,0,0,0,0
1002.61,0.00488281,-0.0102539,1.00049,0,0,0,0
1002.62,0.0112305,0.00732422,0.995605,0,0,0,0
1002.63,0.00537109,-0.00927734,0.996582,0,0,0,0
1002.64,0.00439453,0.00341797,0.999023,0,0,0,0
1002.65,0,0.00439453,1.00488,0,0,0,0
1002.66,0.00195312,-0.00488281,1.00049,0,0,0,0
1002.67,0.00537109,0.0131836,1.00049,0,0,0,0
1002.68,0.0078125,-0.0117188,0.994141,0,0,0,0
1002.69,0.00878906,0.00195312,0.994141,0,0,0,0
1002.7,4.882812e-04,-0.00244141,1.00293,0,0,0,0
1002.71,4.882812e-04,0.00244141,1,0,0,0,0
1002.72,0,0.0126953,1.00439,0,0,0,0
1002.73,0.00537109,-0.0078125,1.00244,0,0,0,0
1002.74,0.00830078,0.00439453,0.993652,0,0,0,0
1002.75,0.00927734,-0.0102539,0.993652,0,0,0,0
1002.76,0.00585938,0.00488281,1,0,0,0,0
1002.77,0,0.00439453,1.00537,0,0,0,0
1002.78,0.00146484,0.00341797,1,0,0,0,0
1002.79,0.00585938,0.00732422,1.00244,0,0,0,0
1002.8,0.012207,-0.0170898,0.997559,0,0,0,0
1002.81,0.00976562,0.0102539,0.993652,0,0,0,0
1002.82,0.00195312,-0.00585938,0.996582,0,0,0,0
1002.83,0.00195312,0.00292969,1.00098,0,0,0,0
1002.84,0,0.0112305,1.00342,0,0,0,0
1002.85,0.00439453,-0.00878906,0.998535,0,0,0,0
1002.86,0.00732422,0.012207,1.00146,0,0,0,0
1002.87,0.00488281,-0.0126953,0.997559,0,0,0,0
1002.88,0.00439453,0.00585938,0.992676,0,0,0,0
1002.89,-0.00195312,0,1.00488,0,0,0,0
1002.9,0.00439453,-0.00146484,1.00049,0,0,0,0
1002.91,0.00732422,0.015625,1.00146,0,0,0,0
1002.92,0.00927734,-0.0141602,0.99707,0,0,0,0
1002.93,0.0112305,0.00878906,0.991211,0,0,0,0
1002.94,0.00488281,-0.0102539,0.999023,0,0,0,0
1002.95,0.00292969,0,0.998047,0,0,0,0
1002.96,-9.765625e-04,0.0146484,1.00439,0,0,0,0
1002.96,0.00292969,-0.00830078,1.00195,0,0,0,0
1002.97,0.00585938,0.00927734,0.994141,0,0,0,0
1002.98,0.00195312,-0.012207,0.999512,0,0,0,0
1002.99,0.0078125,0.00488281,0.995605,0,0,0,0
1003,0,0.00292969,1.00391,0,0,0,0
1003.01,-4.882812e-04,-0.00390625,1.00439,0,0,0,0
1003.02,0.00244141,0.00976562,1.00049,0,0,0,0
1003.03,0.00830078,-0.0102539,0.996094,0,0,0,0
1003.04,0.012207,0.00683594,0.995117,0,0,0,0
1003.05,0.00878906,-0.00732422,0.995605,0,0,0,0
1003.06,0.00634766,0.00292969,0.995605,0,0,0,0
1003.07,0.00195312,0.00195312,1.00635,0,0,0,0
1003.08,0.00341797,-0.00195312,1.00195,0,0,0,0
1003.09,0.00488281,0.0141602,0.995605,0,0,0,0
1003.1,0.0078125,-0.00976562,0.993164,0,0,0,0
1003.11,0.0112305,0.00585938,0.990723,0,0,0,0
1003.12,0.00195312,-0.0078125,1.00293,0,0,0,0
1003.13,0,0.0078125,1.00244,0,0,0,0
1003.14,4.882812e-04,0.0112305,1.00781,0,0,0,0
1003.15,0.0078125,-0.0107422,0.99707,0,0,0,0
1003.16,0.0126953,0.0102539,0.989258,0,0,0,0
1003.17,0.00830078,-0.0180664,0.997559,0,0,0,0
1003.18,0.00830078,0.00830078,0.996582,0,0,0,0
1003.19,0,0.00878906,1.00781,0,0,0,0
1003.2,9.765625e-04,-0.00585938,1.00488,0,0,0,0
1003.21,0.00683594,0.015625,0.996582,0,0,0,0
1003.22,0.00878906,-0.0200195,0.999023,0,0,0,0
1003.23,0.00976562,0.00488281,0.99707,0,0,0,0
1003.24,0.00195312,9.765625e-04,0.998535,0,0,0,0
1003.25,-4.882812e-04,-4.882812e-04,1.00049,0,0,0,0
1003.26,-0.00244141,0.00927734,1.00732,0,0,0,0
1003.26,0.00537109,-0.00683594,0.998047,0,0,0,0
1003.27,0.0107422,0.00976562,0.99707,0,0,0,0
1003.28,0.00732422,-0.012207,0.999023,0,0,0,0
1003.29,0.00683594,0.00390625,0.994629,0,0,0,0
1003.3,0,0.00146484,0.999023,0,0,0,0
1003.31,0.00195312,-0.00292969,1.00146,0,0,0,0
1003.32,0.00634766,0.0107422,1.00391,0,0,0,0
1003.33,0.0102539,-0.00830078,0.994629,0,0,0,0
1003.34,0.00878906,0.00292969,0.996094,0,0,0,0
1003.35,0.00244141,-0.0141602,0.999512,0,0,0,0
1003.36,0.00244141,0.00976562,0.99707,0,0,0,0
1003.37,-0.00292969,0.00292969,1.00244,0,0,0,0
1003.38,-0.00195312,-0.00146484,1.00195,0,0,0,0
1003.39,0.00292969,0.00976562,0.998535,0,0,0,0
1003.4,0.00732422,-0.0146484,0.993164,0,0,0,0
1003.41,0.00878906,0.0117188,0.991699,0,0,0,0
1003.42,0.00292969,-0.00634766,0.992676,0,0,0,0
1003.43,0.0102539,0.00390625,0.997559,0,0,0,0
1003.44,0.00732422,0.00585938,0.999512,0,0,0,0
1003.45,0.00830078,0,0.99707,0,0,0,0
1003.46,0.00488281,0,1.01074,0,0,0,0
1003.47,0.00927734,0.00488281,0.997559,0,0,0,0
1003.48,0.0107422,4.882812e-04,0.999023,0,0,0,0
1003.49,0.0107422,-0.00195312,1.00195,0,0,0,0
1003.5,0.0107422,0.00830078,1.00928,0,0,0,0
1003.51,0.00683594,-0.00292969,0.996582,0,0,0,0
1003.52,0.00732422,-0.00537109,1.00928,0,0,0,0
1003.53,9.765625e-04,0.00878906,0.99707,0,0,0,0
1003.54,0.00439453,-0.0126953,1.0083,0,0,0,0
1003.55,9.765625e-04,0,0.986816,0,0,0,0
1003.56,4.882812e-04,0.00146484,1.00586,0,0,0,0
1003.57,-0.00146484,0.00146484,0.994141,0,0,0,0
1003.58,0.00683594,0.00732422,0.990723,0,0,0,0
1003.59,0.0078125,0,1.00488,0,0,0,0
1003.6,0.00585938,0,0.98584,0,0,0,0
1003.61,0.00634766,0.00488281,1.00879,0,0,0,0
1003.62,0.00439453,9.765625e-04,0.995117,0,0,0,0
1003.62,-0.00585938,0.00634766,0.996094,0,0,0,0
1003.63,0.00732422,0.00195312,1.00781,0,0,0,0
1003.64,0.0126953,-0.00927734,0.987793,0,0,0,0
1003.65,4.882812e-04,-9.765625e-04,0.986816,0,0,0,0
1003.66,4.882812e-04,-0.00439453,1.01074,0,0,0,0
1003.67,0.0102539,0.00927734,1.00342,0,0,0,0
1003.68,0.0117188,0.00634766,0.995605,0,0,0,0
1003.69,0.00390625,-0.00878906,0.98584,0,0,0,0
1003.7,-4.882812e-04,-0.00195312,1.00098,0,0,0,0
1003.71,-0.00292969,0.00683594,1.00928,0,0,0,0
1003.72,4.882812e-04,0.012207,1.01611,0,0,0,0
1003.73,0.0131836,-0.0146484,1.00098,0,0,0,0
1003.74,0.0258789,-0.0151367,0.983398,0,0,0,0
1003.75,0.0234375,-0.00488281,0.987793,0,0,0,0
1003.76,0.0117188,-4.882812e-04,0.99707,0,0,0,0
1003.77,0.0117188,0.0131836,1.00293,0,0,0,0
1003.78,0.0126953,-0.00146484,1,0,0,0,0
1003.79,0.012207,0.00537109,1.00195,0,0,0,0
1003.8,0.0112305,-0.00585938,0.996582,0,0,0,0
1003.81,0.00927734,-0.00195312,1.00098,0,0,0,0
1003.82,4.882812e-04,0.00878906,0.998047,0,0,0,0
1003.83,0.00439453,-0.00439453,0.993164,0,0,0,0
1003.84,0.00488281,0.00830078,1.00146,0,0,0,0
1003.85,0.0112305,0.00244141,1.00586,0,0,0,0
1003.86,0.0102539,-0.00585938,0.997559,0,0,0,0
1003.87,0.0078125,0.00488281,1.00635,0,0,0,0
1003.88,0.0131836,-0.00537109,0.990723,0,0,0,0
1003.89,0.0126953,-0.00537109,0.99707,0,0,0,0
1003.9,0.00634766,0.00830078,0.98584,0,0,0,0
1003.91,0.0102539,0.00195312,0.996094,0,0,0,0
1003.92,0.00390625,0.00634766,1.01025,0,0,0,0
1003.92,0,0.00732422,0.992676,0,0,0,0
1003.93,4.882812e-04,0.00244141,0.987793,0,0,0,0
1003.94,-0.00292969,-0.00195312,1.00049,0,0,0,0
1003.95,4.882812e-04,0,1.00537,0,0,0,0
1003.96,-0.00244141,0.0136719,0.991211,0,0,0,0
1003.97,-0.0078125,-0.00537109,0.990234,0,0,0,0
1003.98,-0.00439453,-0.00146484,1.00342,0,0,0,0
1003.99,4.882812e-04,0.0141602,1.00537,0,0,0,0
1004,-0.00341797,0.00927734,0.99707,0,0,0,0
1004.01,-0.00732422,-0.0078125,0.999023,0,0,0,0
1004.02,0.00244141,-0.00683594,0.984863,0,0,0,0
1004.03,0.00292969,0.00878906,0.993164,0,0,0,0
1004.04,-0.00292969,0.00146484,1.01367,0,0,0,0
1004.05,-0.00292969,0.00830078,1.00879,0,0,0,0
1004.06,4.882812e-04,-0.00195312,1.00293,0,0,0,0
1004.07,0.00146484,-0.00585938,1.00293,0,0,0,0
1004.08,0.00634766,0.00537109,1.00049,0,0,0,0
1004.09,0.00830078,-0.00390625,0.996582,0,0,0,0
1004.1,0.0078125,-0.00585938,0.998535,0,0,0,0
1004.11,0.0102539,0.00585938,1.00293,0,0,0,0
1004.12,0.00976562,0.00488281,1.00439,0,0,0,0
1004.13,0.0141602,-0.00439453,0.998047,0,0,0,0
1004.14,0.0151367,-0.00390625,0.995117,0,0,0,0
1004.15,0.0102539,0.00195312,0.995605,0,0,0,0
1004.16,0.0136719,0.00146484,0.995605,0,0,0,0
1004.17,0.0170898,4.882812e-04,0.996582,0,0,0,0
1004.18,0.0126953,0.00146484,0.999023,0,0,0,0
1004.19,0.0117188,-4.882812e-04,0.998535,0,0,0,0
1004.2,0.0078125,0,1.00098,0,0,0,0
1004.21,0.0141602,4.882812e-04,0.996582,0,0,0,0
1004.21,0.00683594,-0.00878906,0.998047,0,0,0,0
1004.22,0.00878906,0.00732422,0.997559,0,0,0,0
1004.23,0.00732422,0.00439453,0.994141,0,0,0,0
1004.24,0.00390625,4.882812e-04,1.00635,0,0,0,0
1004.25,0.00195312,0.0136719,1.00293,0,0,0,0
1004.26,0.00146484,0,1.00146,0,0,0,0
1004.27,0.00537109,-0.00390625,1.00098,0,0,0,0
1004.28,0.00927734,0.00488281,0.999512,0,0,0,0
1004.29,0.00830078,-0.00537109,0.992676,0,0,0,0
1004.3,4.882812e-04,0.00292969,1.00146,0,0,0,0
1004.31,-0.00292969,0.00292969,0.995117,0,0,0,0
1004.32,-0.00244141,0.00585938,1,0,0,0,0
1004.33,-0.00146484,0.00390625,1,0,0,0,0
1004.34,0.00634766,-9.765625e-04,0.996582,0,0,0,0
1004.35,0.00292969,-0.00439453,0.99707,0,0,0,0
1004.36,0.00390625,-9.765625e-04,0.993164,0,0,0,0
1004.37,-9.765625e-04,0.00390625,1.00537,0,0,0,0
1004.38,0.00146484,-0.00195312,1.00195,0,0,0,0
1004.39,0.00195312,0.0078125,1.00342,0,0,0,0
1004.4,-9.765625e-04,-0.00585938,1,0,0,0,0
1004.41,0.00341797,-0.00146484,1.00049,0,0,0,0
1004.42,-0.00244141,0.00585938,1.00293,0,0,0,0
1004.43,0.00146484,-0.00439453,1.00049,0,0,0,0
1004.44,0.00390625,0.00341797,1.00488,0,0,0,0
1004.45,0.00390625,-0.00732422,0.997559,0,0,0,0
1004.46,0.00585938,-9.765625e-04,1.00195,0,0,0,0
1004.47,0.00683594,0.00146484,0.992188,0,0,0,0
1004.48,0.00634766,-9.765625e-04,0.999512,0,0,0,0
1004.49,0.00488281,0.00292969,1.00391,0,0,0,0
1004.5,0.00976562,0,0.994629,0,0,0,0
1004.5,0.00878906,0.00195312,1.00537,0,0,0,0
1004.51,0.00732422,-0.00878906,0.995605,0,0,0,0
1004.52,0.0078125,0.00146484,0.996094,0,0,0,0
1004.53,0.00390625,0.00585938,1.00146,0,0,0,0
1004.54,0.00830078,-0.00537109,0.997559,0,0,0,0
1004.55,0.0136719,0.00927734,1.00293,0,0,0,0
1004.56,0.0126953,-0.00439453,0.994629,0,0,0,0
1004.57,0.012207,-0.00488281,1.00049,0,0,0,0
1004.58,0.00634766,0.0117188,1.00098,0,0,0,0
1004.59,0.00634766,-0.00634766,0.994629,0,0,0,0
1004.6,0.00927734,0.00341797,1.00342,0,0,0,0
1004.61,0.012207,0.00537109,0.994629,0,0,0,0
1004.62,0.0136719,-0.00439453,0.996094,0,0,0,0
1004.63,0.00439453,0.0117188,1.00879,0,0,0,0
1004.64,0.00292969,9.765625e-04,0.998047,0,0,0,0
1004.65,0.00585938,-0.00244141,0.999512,0,0,0,0
1004.66,0.00341797,0.00537109,0.998535,0,0,0,0
1004.67,0.00732422,-0.00390625,0.994141,0,0,0,0
1004.68,0.00390625,0.00390625,1.00391,0,0,0,0
1004.69,-0.00244141,0.00683594,1.00195,0,0,0,0
1004.7,9.765625e-04,-0.00146484,1,0,0,0,0
1004.71,0.00390625,0.00585938,1.00244,0,0,0,0
1004.72,0.00292969,0,0.990723,0,0,0,0
1004.73,0.00683594,-0.00927734,0.999512,0,0,0,0
1004.74,-4.882812e-04,0.0102539,1.00195,0,0,0,0
1004.75,0.00146484,-0.00195312,0.996094,0,0,0,0
1004.76,0.00439453,-0.00537109,1.00293,0,0,0,0
1004.77,0.00292969,0.00634766,0.997559,0,0,0,0
1004.78,0.00976562,-0.00830078,0.993652,0,0,0,0
1004.79,0.00439453,0.00195312,1.00439,0,0,0,0
1004.79,9.765625e-04,0.00341797,0.999023,0,0,0,0
1004.8,0.00244141,-0.00976562,0.998535,0,0,0,0
1004.81,0.00732422,0,1.00342,0,0,0,0
1004.82,0.00732422,-0.00292969,0.987793,0,0,0,0
1004.83,0.00488281,-0.00732422,1.00537,0,0,0,0
1004.84,0.00585938,0.0107422,1.00684,0,0,0,0
1004.85,0.00488281,0.00439453,0.995117,0,0,0,0
1004.86,0.00683594,-0.00634766,1.00098,0,0,0,0
1004.87,0.00537109,0.00390625,0.998535,0,0,0,0
1004.88,0.0102539,-0.00146484,0.993652,0,0,0,0
1004.89,0.00830078,0.00683594,1.00146,0,0,0,0
1004.9,9.765625e-04,0.0117188,1.00342,0,0,0,0
1004.91,0.00390625,-0.00537109,1.00244,0,0,0,0
1004.92,0.0102539,0.0166016,1.00293,0,0,0,0
1004.93,0.012207,-0.00195312,0.98877,0,0,0,0
1004.94,0.0136719,-0.0078125,0.991211,0,0,0,0
1004.95,0.00830078,0.0180664,1.00537,0,0,0,0
1004.96,0.00146484,-0.00146484,1.00098,0,0,0,0
1004.97,0.00537109,0.00830078,0.997559,0,0,0,0
1004.98,0.00732422,0.00292969,1.00293,0,0,0,0
1004.99,0.0117188,-0.00585938,0.991211,0,0,0,0
1005,0.0107422,0.00830078,1,0,0,0,0
1005.01,0.00537109,0.00195312,1.00391,0,0,0,0
1005.02,0.00585938,-0.00146484,0.996582,0,0,0,0
1005.03,0.0126953,0.00390625,1.00586,0,0,0,0
1005.04,0.0195312,-0.00683594,0.998535,0,0,0,0
1005.05,0.0292969,-0.00195312,0.997559,0,0,0,0
1005.06,0.03125,0.00390625,1.01611,0,0,0,0
1005.07,0.0258789,-0.00292969,1.00342,0,0,0,0
1005.08,0.0258789,4.882812e-04,1.00293,0,0,0,0
1005.08,0.0263672,-0.00244141,1.00732,0,0,0,0
1005.09,0.0361328,-0.0175781,0.996582,0,0,0,0
1005.1,0.059082,-0.00292969,0.995117,0,0,0,0
1005.11,0.114746,-0.0141602,0.991699,0,0,0,0
1005.12,0.200195,-0.0180664,1.00732,0.244141,-0.427246,0,0
1005.13,0.318359,-0.00585938,1.00049,0,-0.793457,0,0
1005.14,0.38916,-0.0249023,0.984375,0.0610352,-1.2207,0.305176,0
1005.15,0.446777,-0.0258789,0.977539,0,-1.70898,0.244141,0
1005.16,0.432617,0.00976562,0.980469,0,-2.13623,0.366211,0
1005.17,0.40625,0.0146484,1.01465,-0.366211,-2.50244,0.427246,0
1005.18,0.457031,-0.0307617,1.05908,-0.488281,-3.2959,0.305176,0
1005.19,0.624023,0,1.06299,0,-3.96729,0.610352,0
1005.2,0.789551,-0.00488281,1.06885,-0.305176,-4.76074,0.305176,0
1005.21,0.907227,-0.0234375,1.02344,-0.12207,-5.49316,0.305176,0
1005.22,0.967285,0.0107422,0.986816,-0.12207,-6.04248,0.366211,0
1005.23,0.908203,0.0551758,0.990234,-0.671387,-6.16455,0.366211,0
1005.24,0.881836,-0.0136719,1.1499,-1.46484,-7.08008,0,0
1005.25,0.911621,0.00341797,1.12207,-0.671387,-7.56836,0.427246,0
1005.26,0.953613,0.0405273,0.992188,-1.2207,-7.75146,-0.12207,0
1005.27,0.94043,-0.120605,1.00293,-0.610352,-7.75146,-0.12207,0
1005.28,0.900391,-0.0107422,1.0542,0.305176,-7.44629,-0.305176,0
1005.29,0.943359,0.0571289,0.980957,-1.15967,-7.26318,-0.610352,0
1005.3,0.98291,-0.0537109,0.907715,-1.2207,-6.40869,-0.854492,0
1005.31,0.977051,-0.00439453,0.959961,-0.427246,-5.43213,-1.0376,0
1005.32,0.934082,0.0263672,1.02441,-0.12207,-4.39453,-1.15967,0
1005.33,0.950684,0.0249023,1.04834,-0.12207,-4.3335,-0.915527,0
1005.34,1.0083,-0.0551758,1.02148,-0.305176,-3.66211,-0.915527,0
1005.35,1.06104,-0.0581055,0.999512,-0.183105,-3.05176,-1.09863,0
1005.36,1.04297,-0.0634766,1.00928,-0.305176,-2.0752,-1.09863,0
1005.37,1.00049,-0.0556641,0.940918,-0.366211,-1.40381,-1.15967,0
1005.38,0.98291,-0.034668,0.927734,-0.793457,-0.793457,-1.15967,0
1005.39,0.998535,-0.0947266,0.980469,-0.549316,0,-1.15967,0
1005.4,0.988281,-0.0332031,0.953125,0.0610352,0.671387,-1.28174,0
1005.41,0.979004,0.0175781,0.991211,-0.305176,0.976562,-1.46484,0
1005.41,0.957031,-0.0820312,0.991211,-0.488281,1.0376,-1.46484,0
1005.42,0.963379,-0.0444336,0.982422,0.183105,1.0376,-1.46484,0
1005.43,0.928223,-0.0131836,1.01318,-0.183105,0.976562,-1.52588,0
1005.44,0.977539,-0.122559,1.11865,0.0610352,0.732422,-1.64795,1
1005.45,1.03418,-0.0654297,1.13574,0.610352,0.366211,-1.95312,1
1005.46,1.06055,-0.046875,1.01318,0.0610352,-0.305176,-1.95312,1
1005.47,1.07275,-0.129883,1.00684,0.12207,-0.488281,-2.2583,1
1005.48,1.14014,-0.0332031,1.07422,0.610352,-0.854492,-2.74658,1
1005.49,1.10889,-0.0151367,1.04541,-0.244141,-0.915527,-3.17383,1
1005.5,1.06445,-0.10791,1.03809,-0.610352,-1.0376,-3.35693,1
1005.51,1.07324,-0.0888672,1.12354,-0.549316,-1.2207,-3.54004,1
1005.52,1.06104,-0.0800781,1.18506,-1.40381,-1.70898,-4.15039,1
1005.53,1.03418,-0.160156,1.15576,-1.89209,-2.19727,-4.5166,1
1005.54,1.01855,-0.126953,1.1084,-2.19727,-2.68555,-4.94385,1
1005.55,1.02686,-0.13916,1.08252,-3.05176,-2.86865,-5.49316,1
1005.56,1.02734,-0.144531,1.07764,-3.05176,-2.62451,-5.79834,1
1005.57,1.02344,-0.065918,1.07764,-3.78418,-2.31934,-6.10352,1
1005.58,0.986816,-0.141113,1.06396,-4.69971,-2.13623,-6.46973,1
1005.59,0.919922,-0.209961,1.04199,-3.96729,-1.89209,-6.71387,1
1005.6,0.907715,-0.126465,1.08936,-3.23486,-1.40381,-7.26318,1
1005.61,0.902344,-0.119141,1.08398,-3.35693,-1.2207,-7.62939,1
1005.62,0.900879,-0.199219,1.01709,-2.80762,-1.09863,-7.69043,1
1005.63,0.879395,-0.180664,1.00635,-1.64795,-0.549316,-7.93457,1
1005.64,0.903809,-0.138672,0.968262,-1.0376,-0.0610352,-8.48389,1
1005.65,0.875977,-0.159668,0.942871,-0.305176,0.305176,-8.91113,1
1005.66,0.873535,-0.131348,0.961914,0,0.732422,-9.33838,1
1005.67,0.888672,-0.184082,0.900391,0.244141,0.671387,-9.52148,1
1005.68,0.828125,-0.166016,0.90918,1.46484,0.976562,-9.94873,1
1005.69,0.828125,-0.0976562,0.921387,1.40381,0.793457,-10.376,1
1005.7,0.844238,-0.168457,0.907227,1.09863,0.610352,-10.498,1
1005.71,0.83252,-0.173828,0.875488,1.28174,0.671387,-10.6201,1
1005.72,0.828125,-0.114258,0.850586,0.793457,0.671387,-11.0474,1
1005.73,0.869629,-0.150879,0.865723,0.366211,0.488281,-11.4136,1
1005.74,0.934082,-0.15918,0.891113,0.732422,0.305176,-11.7798,1
1005.75,0.931152,-0.117676,0.941406,0.244141,0.183105,-12.207,1
1005.75,0.908203,-0.185547,0.965332,0,-0.244141,-12.3291,1
1005.76,0.954102,-0.118652,0.970215,-0.183105,-0.854492,-12.6953,1
1005.77,0.98877,-0.145508,0.984863,-1.15967,-1.46484,-13.1836,1
1005.78,1.04834,-0.230957,1.03906,-1.0376,-2.0752,-13.4888,1
1005.79,0.983887,-0.150879,1.0415,-1.15967,-2.38037,-13.7329,1
1005.8,0.949219,-0.226074,1.02637,-2.19727,-2.74658,-13.916,1
1005.81,0.938477,-0.27832,1.06787,-2.2583,-2.92969,-14.0381,1
1005.82,0.950195,-0.262695,1.09863,-2.62451,-2.74658,-14.1602,1
1005.83,0.904785,-0.353516,1.06201,-2.92969,-2.44141,-14.2212,1
1005.84,0.870605,-0.283203,1.11182,-2.38037,-2.31934,-14.1602,1
1005.85,0.887207,-0.276855,1.14453,-3.72314,-2.2583,-14.2212,1
1005.86,0.942383,-0.381348,1.12646,-3.78418,-2.2583,-14.0381,1
1005.87,0.874023,-0.276367,1.08008,-3.35693,-1.77002,-14.0991,1
1005.88,0.936523,-0.283691,1.03809,-3.78418,-1.70898,-14.5264,1
1005.89,0.942383,-0.314941,1.09375,-2.92969,-1.58691,-14.8315,1
1005.9,0.929688,-0.227539,1.12549,-2.80762,-1.46484,-15.0146,1
1005.91,0.89209,-0.3125,1.09814,-2.74658,-1.40381,-15.5029,1
1005.92,0.933105,-0.365234,1.07666,-1.2207,-1.58691,-16.1743,1
1005.93,0.956055,-0.25,1.05713,-0.244141,-1.2207,-16.9678,1
1005.94,0.901855,-0.349121,1.0498,-0.427246,-1.15967,-17.6392,1
1005.95,0.856934,-0.319336,0.998047,0.488281,-0.854492,-18.3105,1
1005.96,0.827637,-0.262695,1.02295,0.305176,-0.488281,-18.7988,1
1005.97,0.863281,-0.373535,1.06885,0.488281,-0.305176,-19.2871,1
1005.98,0.792969,-0.299805,1.04346,1.2207,-0.0610352,-19.4702,1
1005.99,0.774902,-0.280273,0.954102,0.610352,0.305176,-19.9585,1
1006,0.712891,-0.382812,0.900391,1.2207,0.915527,-20.0806,1
1006.01,0.753906,-0.305664,0.917969,2.31934,1.64795,-20.3857,1
1006.02,0.696777,-0.391113,0.937988,1.77002,2.38037,-20.6909,1
1006.03,0.719238,-0.435059,0.911621,2.38037,2.62451,-20.5688,1
1006.04,0.717285,-0.225098,0.904297,1.2207,2.92969,-20.9351,1
1006.04,0.694336,-0.306152,0.891602,-1.28174,3.35693,-21.0571,1
1006.05,0.630859,-0.454102,0.785645,-0.854492,3.84521,-21.1792,1
1006.06,0.60791,-0.243164,0.799316,-0.610352,4.5166,-21.7285,1
1006.07,0.617676,-0.344238,0.799805,-2.19727,4.69971,-22.2168,1
1006.08,0.609375,-0.428711,0.928223,-1.28174,4.3335,-22.2168,1
1006.09,0.64209,-0.200684,0.975098,-2.2583,3.72314,-22.7051,1
1006.1,0.637207,-0.364258,0.969238,-4.02832,3.35693,-22.8271,1
1006.11,0.614746,-0.39502,0.936035,-2.92969,2.80762,-22.583,1
1006.12,0.633789,-0.286621,0.936035,-3.54004,2.38037,-23.0713,1
1006.13,0.696289,-0.48584,0.956055,-3.41797,1.77002,-22.9492,1
1006.14,0.736816,-0.42334,0.984375,-1.89209,1.77002,-22.8882,1
1006.15,0.736816,-0.348633,1.03369,-3.05176,1.09863,-23.3154,1
1006.16,0.744629,-0.508301,1.04688,-2.92969,0.488281,-23.2544,1
1006.17,0.774902,-0.392578,1.07031,-1.77002,0.366211,-23.0103,1
1006.18,0.767578,-0.365723,1.09375,-2.74658,0.0610352,-23.1934,1
1006.19,0.761719,-0.513184,1.09131,-2.19727,-0.366211,-22.9492,1
1006.2,0.812988,-0.412598,1.13428,-0.976562,-0.793457,-22.8271,1
1006.21,0.825684,-0.42041,1.1543,-1.2207,-0.854492,-22.8882,1
1006.22,0.86084,-0.499512,1.1377,-1.09863,-1.28174,-22.8271,1
1006.23,0.794922,-0.425781,1.06494,-1.09863,-1.46484,-22.8882,1
1006.24,0.746094,-0.449707,1.10889,-1.77002,-1.15967,-23.0713,1
1006.25,0.78125,-0.487793,1.09668,-1.34277,-1.15967,-23.1323,1
1006.26,0.755371,-0.406738,1.125,-0.854492,-0.427246,-23.0713,1
1006.27,0.773926,-0.450195,1.07764,-1.52588,-0.244141,-23.1934,1
1006.28,0.72998,-0.455566,1.01416,-0.793457,0.0610352,-22.7661,1
1006.29,0.722168,-0.367188,1.03076,-1.58691,0.488281,-23.0103,1
1006.3,0.724121,-0.476074,1.01416,-2.01416,0.793457,-23.1323,1
1006.31,0.655273,-0.421875,0.985352,-1.15967,1.58691,-23.1323,1
1006.32,0.584473,-0.40332,0.925293,-1.52588,2.44141,-23.4375,1
1006.33,0.515625,-0.505859,0.892578,-0.793457,2.62451,-23.4375,1
1006.33,0.602051,-0.395508,0.900879,0.305176,2.74658,-23.4985,1
1006.34,0.658203,-0.334961,0.931152,-0.854492,2.92969,-24.1089,1
1006.35,0.530273,-0.55127,0.876953,-1.52588,3.2959,-23.9868,1
1006.36,0.404785,-0.548828,0.854004,-0.366211,3.72314,-23.8037,1
1006.37,0.44873,-0.376953,0.843262,-0.488281,3.78418,-24.4751,1
1006.38,0.625488,-0.455078,0.847656,-1.28174,3.66211,-24.9634,1
1006.39,0.625977,-0.56543,0.897461,-0.610352,3.23486,-25.2075,1
1006.4,0.515625,-0.4375,0.841797,-0.854492,3.05176,-25.6958,1
1006.41,0.379395,-0.482422,0.820312,-1.83105,2.86865,-26.5503,1
1006.42,0.416016,-0.658203,0.865234,-0.732422,2.19727,-27.0386,1
1006.43,0.589844,-0.405762,0.938477,0.0610352,1.28174,-27.832,1
1006.44,0.617188,-0.447754,0.994141,-2.2583,0.793457,-28.3813,1
1006.45,0.536133,-0.674316,0.962891,-2.01416,-0.183105,-28.4424,1
1006.46,0.449707,-0.461426,0.949219,-1.28174,-0.305176,-28.4424,1
1006.47,0.541504,-0.556641,1.02588,-2.80762,-0.366211,-29.1138,1
1006.48,0.674805,-0.775391,1.09424,-1.46484,-1.0376,-29.1138,1
1006.49,0.781738,-0.569336,1.14307,-0.854492,-1.40381,-29.2358,1
1006.5,0.658203,-0.50293,1.13135,-3.96729,-1.64795,-29.48,1
1006.51,0.563965,-0.755371,1.07568,-5.49316,-2.19727,-29.1138,1
1006.52,0.621094,-0.605469,1.13037,-4.57764,-2.2583,-29.2358,1
1006.53,0.728027,-0.460449,1.12939,-6.40869,-2.0752,-29.6631,1
1006.54,0.739746,-0.749512,1.1167,-6.22559,-2.38037,-29.2358,1
1006.55,0.666992,-0.584473,1.11377,-4.15039,-2.56348,-29.1748,1
1006.56,0.666504,-0.452148,1.1499,-5.24902,-2.13623,-29.7852,1
1006.57,0.706055,-0.721191,1.13818,-4.88281,-2.0752,-29.9683,1
1006.58,0.614258,-0.715332,1.08154,-2.13623,-2.13623,-29.7241,1
1006.59,0.529297,-0.538086,1.00537,-0.671387,-1.64795,-29.9072,1
1006.6,0.518066,-0.651855,1.0376,-0.12207,-0.915527,-30.2124,1
1006.61,0.520508,-0.754883,1.05566,2.19727,-0.427246,-29.2358,1
1006.62,0.458496,-0.573242,1.08252,3.41797,0,-29.0527,1
1006.63,0.452148,-0.536621,1,2.62451,0.610352,-28.9307,1
1006.64,0.492676,-0.703125,0.936523,2.86865,1.70898,-28.5034,1
1006.65,0.51709,-0.667969,0.90332,4.45557,1.77002,-27.771,1
1006.66,0.438477,-0.544434,0.960449,4.21143,2.50244,-27.9541,1
1006.66,0.42334,-0.651367,0.927246,4.63867,3.05176,-27.6489,1
1006.67,0.490723,-0.524414,0.878906,5.85938,4.08936,-27.4658,1
1006.68,0.52832,-0.451172,0.807129,3.72314,4.21143,-27.6489,1
1006.69,0.546387,-0.720215,0.828613,2.0752,3.60107,-27.5269,1
1006.7,0.434082,-0.594727,0.850586,2.31934,3.41797,-27.771,1
1006.71,0.353027,-0.432617,0.821777,-0.854492,3.78418,-28.8086,1
1006.72,0.429688,-0.589844,0.816406,-3.17383,3.05176,-29.4189,1
1006.73,0.529297,-0.57959,0.881836,-4.15039,2.01416,-29.6021,1
1006.74,0.521484,-0.497559,0.989746,-6.10352,1.40381,-29.9683,1
1006.75,0.425781,-0.59668,1.07861,-8.42285,0.793457,-30.5176,1
1006.76,0.385742,-0.712891,1.06006,-8.54492,0.183105,-30.2124,1
1006.77,0.4375,-0.587402,1.01709,-8.54492,-0.12207,-30.0903,1
1006.78,0.498047,-0.652832,1.0415,-10.1318,-0.610352,-30.5786,1
1006.79,0.46875,-0.851562,1.05859,-9.09424,-0.976562,-30.1514,1
1006.8,0.405273,-0.72168,1.0752,-6.53076,-0.305176,-29.9072,1
1006.81,0.40625,-0.646484,1.05957,-6.83594,0.0610352,-30.7007,1
1006.82,0.398926,-0.894043,1.01758,-5.06592,0.488281,-30.0903,1
1006.83,0.431641,-0.780762,1.09131,-1.70898,0.549316,-29.8462,1
1006.84,0.412109,-0.549316,1.01855,-1.52588,0.915527,-29.7241,1
1006.85,0.383301,-0.831543,0.991699,-1.15967,1.46484,-29.2969,1
1006.86,0.338867,-0.794922,1.02686,2.0752,2.2583,-28.6865,1
1006.87,0.32666,-0.580078,1.01611,2.13623,3.17383,-28.7476,1
1006.88,0.321777,-0.854492,0.997559,2.31934,3.35693,-27.9541,1
1006.89,0.312012,-0.810547,0.986328,4.88281,3.2959,-27.2827,1
1006.9,0.320801,-0.593262,0.916992,4.76074,4.21143,-27.4048,1
1006.91,0.345703,-0.848145,0.951172,4.02832,4.69971,-27.2217,1
1006.92,0.382812,-0.771973,0.983398,5.79834,4.57764,-26.7334,1
1006.93,0.359375,-0.583496,0.967773,2.86865,5.18799,-26.9775,1
1006.94,0.290039,-0.865723,0.95752,1.09863,4.82178,-26.5503,1
1006.95,0.232422,-0.745605,0.943359,1.40381,4.88281,-26.3672,1
1006.96,0.219727,-0.5625,0.92041,-1.09863,5.43213,-27.1606,1
1006.97,0.262695,-0.751465,0.958008,-2.2583,5.12695,-27.1606,1
1006.98,0.267578,-0.664551,0.936523,-1.46484,4.5166,-27.0386,1
1006.99,0.237793,-0.638184,0.914551,-2.74658,4.3335,-27.5269,1
1007,0.200684,-0.748535,0.936035,-2.62451,3.60107,-27.5879,1
1007.01,0.18457,-0.666016,0.908691,-2.31934,3.72314,-27.6489,1
1007.01,0.180176,-0.679688,0.922363,-2.80762,3.479,-28.3813,1
1007.02,0.174316,-0.720703,0.905273,-2.31934,2.74658,-28.6865,1
1007.03,0.171875,-0.713867,0.893555,-1.64795,2.74658,-28.8696,1
1007.04,0.136719,-0.674316,0.912598,-1.2207,2.2583,-28.9917,1
1007.05,0.090332,-0.764648,0.918945,-1.15967,2.44141,-29.0527,1
1007.06,0.0693359,-0.716797,0.898926,-0.244141,2.44141,-28.9307,1
1007.07,0.0629883,-0.699707,0.950195,-1.52588,2.80762,-29.8462,1
1007.08,0.0561523,-0.782227,0.978516,-1.46484,2.68555,-29.6021,1
1007.09,0.0722656,-0.706055,0.961426,-1.70898,2.62451,-29.3579,1
1007.1,0.0791016,-0.709961,0.985352,-2.44141,2.86865,-30.0903,1
1007.11,0.100098,-0.780762,0.942383,-1.77002,3.2959,-29.4189,1
1007.12,0.0668945,-0.710938,0.908203,-1.28174,3.17383,-29.1748,1
1007.13,0.0556641,-0.824219,1.02051,-2.38037,3.23486,-29.9072,1
1007.14,0.0620117,-0.760742,1.07812,-1.40381,3.78418,-29.2969,1
1007.15,0.0385742,-0.722656,1.01904,-3.11279,4.76074,-29.9683,1
1007.16,0.0693359,-0.890625,1.00342,-2.56348,4.08936,-29.2969,1
1007.17,0.0654297,-0.768555,1.0625,-1.2207,4.69971,-29.1138,1
1007.18,0.0849609,-0.726074,0.999023,-2.13623,4.57764,-30.0903,1
1007.19,0.124023,-0.839355,0.995605,-0.854492,4.76074,-29.541,1
1007.2,0.118164,-0.707031,0.968262,-0.183105,4.57764,-29.6631,1
1007.21,0.147461,-0.768555,0.978516,-0.793457,4.15039,-30.2734,1
1007.22,0.185059,-0.802734,0.978516,0.183105,4.02832,-29.7852,1
1007.23,0.169434,-0.737305,0.995117,0.305176,3.84521,-29.9072,1
1007.24,0.155762,-0.823242,0.975586,0.12207,3.54004,-30.1514,1
1007.25,0.144043,-0.760254,0.966309,1.09863,3.23486,-29.8462,1
1007.26,0.124512,-0.70752,0.967773,0,3.23486,-30.5786,1
1007.27,0.125488,-0.84375,0.950684,0.183105,2.50244,-30.3345,1
1007.28,0.133301,-0.706543,0.970703,0.793457,1.70898,-30.2124,1
1007.29,0.158691,-0.69043,1.02246,0.305176,2.38037,-30.6396,1
1007.3,0.177246,-0.847656,1.01367,1.15967,2.44141,-30.2124,1
1007.3,0.192871,-0.744141,0.933594,2.13623,1.95312,-29.7852,1
1007.31,0.226074,-0.747559,0.870605,1.0376,2.01416,-29.9683,1
1007.32,0.211914,-0.806641,0.933105,1.2207,1.52588,-29.7852,1
1007.33,0.256348,-0.719238,0.956055,1.58691,1.64795,-29.7241,1
1007.34,0.270508,-0.695312,0.969727,1.2207,1.70898,-29.541,1
1007.35,0.212891,-0.804199,0.930176,1.0376,1.0376,-29.0527,1
1007.36,0.180176,-0.773438,0.916016,1.46484,0.976562,-28.8086,1
1007.37,0.13916,-0.680664,0.955078,1.28174,2.19727,-28.9307,1
1007.38,0.20459,-0.722168,0.978027,0.183105,2.62451,-29.6631,1
1007.39,0.253906,-0.780762,0.977051,0.671387,2.50244,-28.9917,1
1007.4,0.284668,-0.737793,0.931641,0.854492,2.01416,-28.1372,1
1007.41,0.226074,-0.765625,0.937012,0.183105,1.34277,-28.0762,1
1007.42,0.193359,-0.812012,0.946777,0.12207,1.70898,-28.3813,1
1007.43,0.195801,-0.710938,0.952637,0.488281,2.38037,-28.3203,1
1007.44,0.194336,-0.702148,0.970215,-0.244141,2.74658,-28.6255,1
1007.45,0.244629,-0.772949,0.982422,-0.0610352,1.95312,-28.3813,1
1007.46,0.219727,-0.766602,0.97168,0.793457,1.83105,-27.6489,1
1007.47,0.212891,-0.73291,0.996094,0.732422,1.40381,-27.832,1
1007.48,0.213379,-0.822754,0.973633,0.976562,1.77002,-28.3203,1
1007.49,0.24707,-0.800293,0.945801,2.80762,1.95312,-27.5269,1
1007.5,0.241699,-0.693359,0.983398,2.62451,1.58691,-28.1982,1
1007.51,0.30957,-0.817383,0.997559,1.70898,0.915527,-28.4424,1
1007.52,0.286621,-0.804199,0.974609,3.05176,1.09863,-27.4048,1
1007.53,0.182129,-0.719238,0.983398,2.13623,1.28174,-27.771,1
1007.54,0.178223,-0.79541,0.973633,1.40381,0.976562,-28.2593,1
1007.55,0.163086,-0.737793,0.90625,2.62451,1.70898,-27.5269,1
1007.56,0.169434,-0.733887,0.958008,1.89209,1.28174,-27.8931,1
1007.57,0.166504,-0.818848,0.991699,1.34277,0.610352,-28.2593,1
1007.58,0.175781,-0.720703,0.98291,1.83105,1.28174,-27.8931,1
1007.58,0.135254,-0.787109,0.953125,0.915527,1.40381,-28.1982,1
1007.59,0.148926,-0.82666,0.975098,1.77002,0.488281,-27.832,1
1007.6,0.157715,-0.69873,0.954102,1.89209,0.793457,-27.8931,1
1007.61,0.134766,-0.84375,0.925781,1.70898,1.34277,-27.832,1
1007.62,0.124512,-0.765137,0.968262,2.2583,0.793457,-27.8931,1
1007.63,0.161621,-0.743652,0.94043,1.34277,1.40381,-28.1982,1
1007.64,0.150391,-0.838867,0.986816,1.58691,1.15967,-27.771,1
1007.65,0.150391,-0.685547,0.972656,1.77002,1.28174,-27.8931,1
1007.66,0.152832,-0.75,0.914062,1.0376,2.01416,-28.1982,1
1007.67,0.148926,-0.84375,0.942383,2.19727,1.52588,-27.6489,1
1007.68,0.181152,-0.692383,0.960938,1.70898,1.15967,-28.5645,1
1007.69,0.186035,-0.787109,0.987793,1.95312,1.52588,-27.832,1
1007.7,0.166992,-0.786133,0.980469,2.2583,1.15967,-28.0151,1
1007.71,0.185059,-0.737305,0.987305,1.28174,0.732422,-28.7476,1
1007.72,0.204102,-0.819824,0.943359,1.15967,1.09863,-28.4424,1
1007.73,0.194824,-0.766602,0.976074,1.70898,0.793457,-28.0151,1
1007.74,0.174805,-0.669922,1.00635,0.549316,0.0610352,-28.7476,1
1007.75,0.230469,-0.799316,1.01807,0.732422,0.610352,-28.6255,1
1007.76,0.226562,-0.796875,0.950684,2.68555,0.12207,-27.832,1
1007.77,0.234375,-0.770508,1.00732,1.95312,-0.366211,-28.8086,1
1007.78,0.251953,-0.876465,1.01367,2.50244,0,-28.2593,1
1007.79,0.206055,-0.792969,1.02979,2.68555,0.305176,-28.0762,1
1007.8,0.206055,-0.811035,1.0249,1.34277,0.244141,-28.6865,1
1007.81,0.199707,-0.795898,1.01465,2.01416,-0.244141,-28.0151,1
1007.82,0.231445,-0.671387,0.988281,1.95312,0.0610352,-27.9541,1
1007.83,0.258789,-0.813965,0.992676,1.34277,0.244141,-28.5645,1
1007.84,0.266602,-0.799316,0.989746,2.50244,-0.12207,-27.771,1
1007.85,0.213379,-0.70166,0.98877,1.40381,-0.305176,-28.2593,1
1007.86,0.175781,-0.875488,1.00098,0.976562,-0.549316,-28.1372,1
1007.87,0.195312,-0.796875,1.01123,2.50244,-0.549316,-27.5879,1
1007.88,0.217285,-0.703125,1.03613,1.34277,-0.183105,-28.4424,1
1007.89,0.27002,-0.883301,0.999023,1.52588,-0.549316,-27.71,1
1007.9,0.236328,-0.67334,0.989746,2.19727,-0.793457,-27.71,1
1007.91,0.239258,-0.755859,0.961426,1.46484,-0.305176,-27.6489,1
1007.91,0.234863,-0.870117,0.97168,3.66211,-0.0610352,-26.6724,1
1007.92,0.234375,-0.710938,0.967285,3.479,0,-27.2217,1
1007.93,0.228027,-0.872559,1.01709,2.99072,0.549316,-27.0386,1
1007.94,0.184082,-0.809082,1.06543,4.02832,0.305176,-26.5503,1
1007.95,0.220215,-0.626465,0.997559,3.11279,0.549316,-27.0996,1
1007.96,0.286133,-0.831055,0.896484,3.41797,0.427246,-26.6724,1
1007.97,0.30127,-0.797363,0.960449,4.69971,0.366211,-26.4893,1
1007.98,0.273438,-0.70752,1.00635,3.54004,0.244141,-26.9165,1
1007.99,0.230469,-0.825684,1.03076,3.60107,0.915527,-26.2451,1
1008,0.19043,-0.695801,1.02148,3.60107,0.305176,-26.001,1
1008.01,0.241211,-0.727051,0.963867,1.95312,0.732422,-26.6113,1
1008.02,0.272949,-0.788086,0.989746,2.44141,0.854492,-26.001,1
1008.03,0.274902,-0.677246,1.02832,2.13623,0.427246,-26.001,1
1008.04,0.287598,-0.804688,0.99707,1.89209,0.610352,-26.062,1
1008.05,0.273926,-0.791992,0.981934,4.15039,0.549316,-25.0854,1
1008.06,0.259277,-0.704102,1.02344,3.2959,0.671387,-25.9399,1
1008.07,0.284668,-0.706055,0.980957,2.86865,0.366211,-25.3906,1
1008.08,0.244629,-0.794434,0.983887,2.80762,1.15967,-25.1465,1
1008.09,0.227051,-0.762207,0.976562,3.84521,0.671387,-24.8413,1
1008.1,0.299316,-0.587891,0.928223,2.99072,0.427246,-25.7568,1
1008.11,0.3125,-0.778809,0.92627,3.2959,0.732422,-24.7803,1
1008.12,0.290039,-0.702148,0.995605,4.15039,0.305176,-24.7192,1
1008.13,0.260742,-0.67041,0.990234,2.80762,0.610352,-24.9634,1
1008.14,0.244629,-0.791504,0.970215,3.54004,1.09863,-23.9868,1
1008.15,0.26709,-0.663574,0.962402,3.35693,0.610352,-24.1699,1
1008.16,0.269531,-0.660645,0.953125,2.56348,0.610352,-24.5361,1
1008.16,0.312012,-0.699219,0.983398,2.99072,0.976562,-23.9868,1
1008.17,0.320801,-0.620605,0.944336,3.72314,1.15967,-23.3765,1
1008.18,0.304688,-0.709473,0.936523,2.68555,1.0376,-23.4985,1
1008.19,0.292969,-0.742188,0.969238,3.479,0.671387,-22.522,1
1008.2,0.241699,-0.634766,1.0166,2.99072,1.34277,-22.7051,1
1008.21,0.233887,-0.672852,0.994629,2.99072,1.09863,-22.4609,1
1008.22,0.286133,-0.634277,0.960938,3.78418,0.976562,-22.0337,1
1008.23,0.337402,-0.65625,0.968262,4.15039,1.15967,-21.9116,1
1008.24,0.317871,-0.604492,1,4.88281,0.976562,-21.3623,1
1008.25,0.285156,-0.605469,0.955566,3.90625,1.28174,-21.6064,1
1008.26,0.261719,-0.674316,0.969727,4.45557,0.976562,-20.4468,1
1008.27,0.245605,-0.580566,0.987793,4.5166,0.854492,-20.1416,1
1008.28,0.291992,-0.566895,0.985352,3.60107,1.09863,-20.5078,1
1008.29,0.297363,-0.605469,0.977539,3.96729,1.46484,-19.7754,1
1008.3,0.286133,-0.554688,0.979492,4.39453,0.793457,-19.165,1
1008.31,0.313477,-0.57666,0.960938,4.15039,0.488281,-19.165,1
1008.32,0.325195,-0.596191,0.960938,5.24902,0.915527,-18.0054,1
1008.33,0.278809,-0.476562,0.987305,4.88281,1.0376,-17.7002,1
1008.34,0.269531,-0.518066,0.970703,3.479,0.610352,-17.9443,1
1008.35,0.299805,-0.506836,0.937988,4.82178,0.610352,-16.6016,1
1008.36,0.325684,-0.399902,0.933594,4.69971,0.549316,-16.6626,1
1008.37,0.344238,-0.567871,0.928223,5.24902,0.244141,-16.1133,1
1008.38,0.334473,-0.470703,1.01074,7.50732,0.488281,-14.9536,1
1008.39,0.306641,-0.345215,1.00928,6.46973,0.976562,-14.6484,1
1008.4,0.29248,-0.456055,0.967773,6.34766,0.793457,-13.9771,1
1008.41,0.312988,-0.392578,1.02002,7.08008,0.366211,-13.1226,1
1008.42,0.374512,-0.351074,1.01318,6.89697,0.854492,-12.8174,1
1008.43,0.343262,-0.385254,0.942383,7.44629,0.854492,-11.5967,1
1008.44,0.284668,-0.334961,0.976562,7.75146,0.488281,-10.7422,1
1008.45,0.291016,-0.258301,0.992676,7.38525,0.305176,-10.1929,1
1008.45,0.313477,-0.310059,1.01514,7.01904,0.671387,-9.58252,1
1008.46,0.317383,-0.226074,1.03418,8.42285,0.12207,-8.05664,1
1008.47,0.330078,-0.152344,0.974609,7.62939,0.366211,-7.8125,1
1008.48,0.370605,-0.284668,0.92334,8.54492,0.366211,-6.40869,1
1008.49,0.355957,-0.0952148,0.91748,9.21631,0.183105,-5.67627,1
1008.5,0.365723,-0.0947266,0.929199,7.20215,0.488281,-5.24902,1
1008.51,0.333984,-0.237793,0.98291,8.23975,0.610352,-3.78418,1
1008.52,0.302734,-0.0371094,1.00391,9.15527,0.549316,-2.99072,1
1008.53,0.322266,0.0869141,0.931641,8.30078,0.671387,-2.31934,1
1008.54,0.387695,-0.0175781,0.869629,7.69043,0.671387,-1.58691,1
1008.55,0.424805,0.00878906,0.888184,8.48389,0.854492,-0.12207,1
1008.56,0.390625,0.117188,0.974609,8.11768,0.915527,0.488281,1
1008.57,0.338867,0.0288086,0.969727,7.99561,0.976562,1.52588,1
1008.58,0.331055,0.116211,0.936035,9.46045,0.671387,2.74658,1
1008.59,0.34082,0.274414,0.982422,8.42285,1.0376,3.17383,1
1008.6,0.393066,0.0839844,1.07129,8.36182,0.854492,4.08936,1
1008.61,0.366211,0.221191,0.953613,10.6812,0.427246,5.67627,1
1008.62,0.330078,0.321777,0.967285,9.82666,1.34277,5.85938,1
1008.63,0.245605,0.213379,1.03711,10.9253,1.2207,7.32422,1
1008.64,0.216309,0.325684,1.0874,11.5967,1.40381,8.30078,1
1008.65,0.1875,0.299805,1.00195,11.5356,1.64795,8.97217,1
1008.66,0.20459,0.350586,0.963867,12.085,1.64795,9.94873,1
1008.67,0.158691,0.407227,0.938477,11.4136,2.01416,10.6812,1
1008.68,0.134766,0.405762,0.972656,10.5591,1.95312,11.1694,1
1008.69,0.100586,0.411133,0.949219,10.2539,2.13623,12.3291,1
1008.7,0.0615234,0.459961,0.952637,9.15527,2.86865,12.7563,1
1008.71,0.0732422,0.51416,0.92041,7.93457,3.2959,13.5498,1
1008.72,0.0561523,0.544922,0.945312,6.65283,3.54004,14.0381,1
1008.73,0.0478516,0.504395,0.923828,5.67627,3.60107,14.8315,1
1008.74,0.0253906,0.52832,0.861816,5.67627,3.17383,15.8691,1
1008.75,0.0424805,0.628906,0.897461,4.21143,3.66211,15.8081,1
1008.76,0.0205078,0.556641,0.94873,2.68555,3.90625,16.1743,1
1008.77,0.0102539,0.465332,0.984863,2.86865,3.84521,17.5781,1
1008.78,0.0507812,0.650391,0.937012,2.99072,3.2959,17.7612,1
1008.79,0.0512695,0.638184,0.933594,1.70898,3.35693,17.7612,1
1008.8,0.0913086,0.581543,1.02979,3.11279,2.99072,18.8599,1
1008.8,0.103027,0.636719,1,3.2959,3.60107,18.7988,1
1008.81,0.11084,0.633789,1.05225,3.96729,3.2959,19.7754,1
1008.82,0.115234,0.577637,1.02344,4.08936,3.66211,19.3481,1
1008.83,0.133789,0.624512,1.00977,5.79834,3.54004,19.9585,1
1008.84,0.119629,0.739258,1.08545,5.24902,4.21143,19.3481,1
1008.85,0.0976562,0.555176,1.04102,5.31006,4.5166,19.7754,1
1008.86,0.0605469,0.657227,1.08057,7.50732,4.57764,20.752,1
1008.87,0.0966797,0.818359,1.07422,5.67627,4.94385,19.9585,1
1008.88,0.0722656,0.507324,0.97168,4.45557,5.00488,20.9961,1
1008.89,0.0219727,0.585449,0.967285,5.61523,4.5166,21.3013,1
1008.9,0.015625,0.876953,0.998047,3.60107,5.06592,20.874,1
1008.91,0.00146484,0.641602,0.98291,1.40381,5.24902,21.1182,1
1008.92,0.0214844,0.584473,0.958984,2.80762,4.27246,22.2168,1
1008.93,0.0444336,0.836426,0.891113,1.52588,4.15039,21.9116,1
1008.94,0.0610352,0.696777,0.881836,-0.671387,4.45557,22.2778,1
1008.95,0.0273438,0.598633,0.905273,0.183105,4.02832,23.3154,1
1008.96,-0.00244141,0.878906,0.899902,0.305176,3.23486,23.3765,1
1008.97,-0.0322266,0.654785,0.943359,-0.976562,2.92969,23.7427,1
1008.98,-0.0439453,0.60791,0.945312,2.44141,2.13623,25.1465,1
1008.99,0.00585938,0.90332,0.890625,2.68555,2.19727,25.1465,1
1009,0.00878906,0.664062,0.855957,2.31934,1.77002,25.7568,1
1009.01,0.0146484,0.58252,0.851562,5.49316,0.854492,27.0996,1
1009.02,-0.0341797,0.921875,0.895996,7.01904,0.610352,26.9775,1
1009.03,-0.0161133,0.821289,0.978027,5.85938,0.732422,26.7944,1
1009.04,-0.0444336,0.753906,0.98584,7.75146,0.793457,28.5034,1
1009.05,-0.00537109,0.949707,0.990234,7.20215,0.671387,28.0762,1
1009.06,-0.0170898,0.793945,1.01465,6.34766,0.793457,28.8696,1
1009.07,-0.0424805,0.813965,0.978516,6.95801,1.0376,29.8462,1
1009.08,-0.0361328,0.977539,0.960449,4.69971,1.15967,29.0527,1
1009.09,0.0151367,0.850586,1.04541,2.92969,1.15967,29.2358,1
1009.1,0.00927734,0.904297,1.05469,4.08936,1.83105,30.5786,1
1009.11,-0.0869141,0.986816,0.976562,2.13623,2.68555,29.8462,1
1009.12,-0.101074,0.875488,0.952148,1.15967,2.38037,29.8462,1
1009.13,-0.0185547,0.954102,0.94043,1.40381,2.80762,30.6396,1
1009.13,-0.0117188,1.04492,1.021,-0.488281,3.2959,30.5786,1
1009.14,-0.0595703,0.858398,1.0835,-1.95312,2.86865,30.3955,1
1009.15,-0.0600586,0.824707,1.00635,-0.915527,2.99072,30.9448,1
1009.16,-0.0864258,0.942383,0.820312,-1.40381,3.78418,30.9448,1
1009.17,-0.0795898,0.953125,0.792969,-3.17383,3.2959,31.0669,1
1009.18,-0.0952148,1.04443,0.94873,-4.3335,2.80762,30.8838,1
1009.19,-0.155762,0.89209,1.08301,-4.08936,4.08936,31.8604,1
1009.2,-0.143066,0.952637,1.06885,-2.44141,2.99072,32.3486,1
1009.21,-0.116699,0.896973,0.879883,-2.80762,2.56348,32.2266,1
1009.22,-0.0854492,0.85791,0.880859,-1.58691,2.31934,33.02,1
1009.23,-0.0693359,0.999512,0.972656,-1.64795,2.38037,32.7148,1
1009.24,-0.168457,0.831055,1.00586,-1.40381,2.62451,33.5083,1
1009.25,-0.133789,0.86084,0.924805,1.40381,1.64795,34.4849,1
1009.26,-0.127441,0.936523,0.914551,2.2583,2.01416,34.0576,1
1009.27,-0.101562,1.00342,0.974121,3.479,1.34277,35.0342,1
1009.28,-0.0698242,0.928711,0.966309,2.38037,1.58691,34.79,1
1009.29,-0.141113,0.854004,0.958496,3.17383,1.28174,35.7666,1
1009.3,-0.114258,0.991699,0.953125,3.41797,1.40381,35.3394,1
1009.31,-0.0717773,0.902344,0.952148,2.56348,2.01416,34.9121,1
1009.32,-0.00585938,1.06396,0.976074,4.21143,1.2207,36.3159,1
1009.33,-0.0288086,1.03223,0.968262,1.64795,1.83105,35.5835,1
1009.34,-0.101074,0.87207,1.01709,2.31934,1.15967,36.3159,1
1009.35,-0.0991211,1.00293,0.949219,1.58691,1.83105,35.2173,1
1009.36,-0.0615234,1.14014,0.90918,1.46484,2.2583,36.0107,1
1009.37,0.0249023,0.916992,0.986328,-0.488281,2.01416,35.0342,1
1009.38,0.111328,1.03418,0.984863,0.854492,1.58691,35.8276,1
1009.39,0.0927734,1.00781,0.962402,-0.671387,2.50244,35.2783,1
1009.4,0.00976562,0.887695,0.977539,1.2207,1.89209,35.8887,1
1009.41,-0.0136719,1.09277,0.980469,0.732422,2.19727,34.729,1
1009.42,-0.0131836,0.968262,0.950684,-0.12207,2.68555,35.0952,1
1009.42,0.00244141,0.871582,0.970703,-0.915527,2.13623,34.9121,1
1009.43,0.0639648,1.07471,0.979492,0.12207,1.89209,35.2783,1
1009.44,0.0629883,1.0459,0.900879,-1.95312,2.19727,34.3018,1
1009.45,0.015625,0.906738,0.882324,-0.183105,1.58691,35.5835,1
1009.46,-0.015625,0.967285,0.928223,-0.915527,1.58691,34.4849,1
1009.47,0.00390625,0.879395,0.925293,-1.95312,1.64795,35.1562,1
1009.48,0.12207,0.78125,0.810059,-0.671387,0.915527,35.9497,1
1009.49,0.0986328,1.07373,0.910156,-0.488281,1.0376,35.4004,1
1009.5,0.0136719,1.17236,0.979492,-2.2583,0.366211,34.3628,1
1009.51,-0.0166016,0.925293,1.05078,-2.31934,1.2207,34.79,1
1009.52,0.0253906,0.951172,0.88623,-1.70898,0.427246,35.6445,1
1009.53,0.0830078,1.06299,0.846191,-3.23486,0,35.7056,1
1009.54,0.126953,0.773926,0.837891,-4.57764,0,34.9121,1
1009.55,0.172363,0.882812,0.914062,-0.793457,-0.976562,36.1328,1
1009.56,0.112793,1.06543,0.96582,-1.46484,-0.244141,34.4238,1
1009.57,0.106934,0.803223,0.908203,-0.671387,-0.183105,34.4238,1
1009.58,0.0493164,1.05518,0.869629,2.56348,0.610352,34.4238,1
1009.59,0.00195312,1.11279,0.984375,-0.0610352,1.0376,32.8979,1
1009.6,0.0976562,0.780273,0.969238,0.12207,0.549316,33.8745,1
1009.61,0.16748,1.021,1.02637,0.305176,0.915527,33.3862,1
1009.62,0.20752,1.02539,0.940918,-2.2583,0.549316,32.2876,1
1009.63,0.189941,0.910645,0.850586,-1.34277,1.09863,31.7383,1
1009.64,0.0600586,1.13818,0.885254,-0.244141,2.62451,31.5552,1
1009.65,-0.0234375,1.05127,0.991699,-0.976562,3.05176,30.7617,1
1009.66,0.0771484,0.966309,0.970215,0.854492,2.2583,31.311,1
1009.67,0.0908203,0.983398,1.03857,0.793457,3.23486,30.7007,1
1009.68,0.182617,0.983887,0.983398,0.183105,2.99072,29.9072,1
1009.69,0.20752,0.812988,0.861816,-0.610352,3.23486,29.7852,1
1009.69,0.0717773,0.970703,0.976074,0.854492,3.11279,30.3955,1
1009.7,0.0107422,1.20215,0.902832,-2.50244,2.0752,29.8462,1
1009.71,0.0756836,0.742188,0.820801,-3.72314,3.23486,30.5786,1
1009.72,0.137207,0.976562,0.862793,0.366211,2.62451,30.7007,1
1009.73,0.148926,1.1626,0.984375,-0.915527,2.50244,29.9072,1
1009.74,0.0424805,0.796875,0.95752,-0.793457,1.64795,29.7241,1
1009.75,0.0332031,0.900879,0.998535,1.34277,2.56348,30.0903,1
1009.76,0.0751953,1.13867,0.848633,-1.77002,2.62451,28.8086,1
1009.77,0.101074,0.885742,0.886719,-3.96729,2.50244,29.8462,1
1009.78,0.0952148,0.975586,0.98291,-4.15039,1.70898,29.9683,1
1009.79,0.116211,1.00879,1.02295,-4.94385,1.15967,30.2734,1
1009.8,0.128906,0.945312,0.938965,-4.82178,1.28174,29.7241,1
1009.81,0.0541992,0.83252,0.922363,-4.27246,0.854492,29.6631,1
1009.82,0.0693359,1.12012,0.908691,-3.11279,0.854492,29.541,1
1009.83,0.135742,0.929199,0.966309,-6.22559,1.34277,28.7476,1
1009.84,0.162598,0.76709,1.00146,-1.95312,0.427246,29.6631,1
1009.85,0.181641,1.2417,1.05713,-2.19727,0.366211,28.1982,1
1009.86,0.119629,0.833008,0.937012,-3.78418,0.427246,27.771,1
1009.87,0.0522461,0.733398,0.98584,1.09863,0.427246,28.6865,1
1009.88,0.0898438,1.22705,0.910645,0.610352,0.427246,27.832,1
1009.89,0.0859375,0.867188,0.932617,-1.40381,0.793457,27.0996,1
1009.9,0.0576172,0.76709,0.991211,2.19727,0.915527,27.4048,1
1009.91,0.0561523,1.03418,0.983398,1.34277,0.854492,25.8179,1
1009.92,0.00146484,0.76123,0.941895,1.0376,0.976562,25.4517,1
1009.93,-0.0200195,0.897949,0.914062,2.50244,1.34277,24.9634,1
1009.94,0.0224609,1.06348,0.836914,-0.671387,2.13623,23.6206,1
1009.94,0.00292969,0.844238,0.911621,-1.89209,2.2583,23.8037,1
1009.95,-0.0219727,0.915039,1.06689,-1.70898,2.38037,23.3154,1
1009.96,-0.0170898,0.946289,1.00342,-2.74658,2.68555,22.1558,1
1009.97,-0.0444336,0.816895,0.96582,-3.35693,3.66211,21.7896,1
1009.98,-0.0869141,0.88623,0.936523,-4.15039,3.479,20.813,1
1009.99,-0.0371094,0.891113,0.914062,-6.7749,3.60107,19.6533,1
1010,-0.0517578,0.769531,0.974121,-6.95801,4.27246,20.1416,1
1010.01,-0.0390625,0.890137,0.983887,-8.11768,4.02832,18.9819,1
1010.02,-0.180664,0.816895,0.966797,-9.15527,4.69971,18.4937,1
1010.03,-0.18457,0.762207,0.939453,-9.39941,3.90625,17.8833,1
1010.04,-0.142578,0.636719,0.891113,-10.498,4.39453,17.395,1
1010.05,-0.106445,0.700684,0.835938,-9.70459,3.66211,17.6392,1
1010.06,-0.0727539,0.616699,0.807617,-11.6577,3.90625,16.0522,1
1010.07,-0.154785,0.483887,0.832031,-9.8877,3.23486,16.6016,1
1010.08,-0.0908203,0.672363,0.842773,-9.82666,2.44141,15.686,1
1010.09,-0.178711,0.353516,0.917969,-10.1318,2.2583,15.564,1
1010.1,-0.100586,0.54248,0.891113,-8.48389,0.976562,15.0146,1
1010.11,-0.090332,0.60498,0.712891,-10.8643,1.2207,13.855,1
1010.12,-0.157715,0.317383,0.783691,-10.1929,0.12207,13.5498,1
1010.13,-0.107422,0.484863,0.845215,-8.05664,-0.12207,12.8784,1
1010.14,-0.120605,0.529785,0.927246,-8.78906,0.244141,11.5967,1
1010.15,-0.118652,0.427246,0.991211,-8.66699,-0.366211,10.376,1
1010.16,-0.0810547,0.288086,0.946289,-7.56836,-0.488281,9.33838,1
1010.17,-0.102051,0.495605,0.972168,-5.49316,-0.976562,8.17871,1
1010.18,-0.0683594,0.533203,1.00391,-7.8125,-0.305176,5.5542,1
1010.19,-0.10791,0.208008,1.02686,-6.95801,0.0610352,4.76074,1
1010.2,-0.113281,0.422363,1.11377,-4.76074,0.305176,3.479,1
1010.21,-0.0708008,0.479492,1.14795,-7.50732,1.0376,0.671387,1
1010.22,-0.074707,0.196777,1.07129,-7.75146,0.549316,-0.305176,1
1010.23,-0.103516,0.283691,1.02051,-7.14111,1.09863,-1.40381,1
1010.24,-0.117676,0.348633,1.02051,-9.64355,1.28174,-3.96729,1
1010.25,-0.11377,0.0957031,1.11621,-10.9253,2.13623,-5.18799,1
1010.26,-0.103516,0.144531,1.146,-10.8032,2.0752,-5.79834,1
1010.27,-0.0600586,0.217285,1.11328,-13.3667,2.50244,-7.87354,1
1010.28,-0.0688477,0.0102539,1.02246,-14.3433,2.31934,-8.36182,1
1010.29,-0.0522461,0.0400391,0.967285,-14.0991,1.46484,-9.21631,1
1010.3,-0.0654297,0.0830078,0.969727,-15.2588,1.89209,-10.3149,1
1010.31,-0.046875,-0.101562,0.961914,-15.2588,1.46484,-9.94873,1
1010.32,-0.078125,-0.103516,0.945312,-13.5498,1.0376,-9.70459,1
1010.33,-0.122559,-0.122559,0.927246,-12.8784,0.732422,-10.498,1
1010.33,-0.106934,-0.169434,0.933594,-10.2539,0.12207,-9.8877,1
1010.34,-0.0859375,-0.151367,0.921875,-8.48389,0.0610352,-10.0098,1
1010.35,-0.0732422,-0.251953,0.928223,-5.67627,-0.732422,-9.21631,1
1010.36,-0.0742188,-0.158203,0.95166,-2.68555,-1.0376,-8.30078,1
1010.37,-0.0957031,-0.147949,1.00879,-1.2207,-1.2207,-8.11768,1
1010.38,-0.129883,-0.242188,1.08887,0.732422,-0.976562,-7.08008,1
1010.39,-0.100098,-0.174805,1.06055,2.44141,-1.0376,-5.92041,1
1010.4,-0.0913086,-0.174316,1.00439,3.66211,-1.15967,-5.06592,1
1010.41,-0.109375,-0.161133,1.03809,4.27246,-1.09863,-4.3335,1
1010.42,-0.0996094,-0.11377,1.08594,3.66211,-1.28174,-3.2959,1
1010.43,-0.11084,-0.319336,1.13184,3.05176,0,-2.44141,1
1010.44,-0.132812,-0.152344,1.16016,3.90625,-0.12207,-1.28174,1
1010.45,-0.125,-0.0439453,1.08643,0.305176,0.366211,-2.19727,1
1010.46,-0.0942383,-0.348633,1.08105,-1.09863,0.12207,-1.46484,1
1010.47,-0.0644531,-0.13623,1.09131,-0.793457,0.305176,-0.976562,1
1010.48,-0.0419922,0.00585938,1.08008,-4.82178,0.915527,-2.13623,1
1010.49,-0.0556641,-0.348145,1.06885,-6.53076,1.09863,-2.13623,1
1010.5,-0.0673828,-0.193848,1.04688,-5.37109,0.915527,-2.19727,1
1010.51,-0.114258,-0.194336,1.07617,-8.05664,1.46484,-4.21143,1
1010.52,-0.112793,-0.418945,1.09717,-6.95801,1.09863,-4.45557,1
1010.53,-0.0600586,-0.0942383,1.01953,-6.71387,1.09863,-5.61523,1
1010.54,-0.0688477,-0.299316,0.931152,-8.91113,1.58691,-7.26318,1
1010.55,-0.0761719,-0.594727,0.95459,-5.67627,0.732422,-7.56836,1
1010.56,-0.0917969,-0.290039,0.944824,-3.41797,1.34277,-8.78906,1
1010.57,-0.09375,-0.312988,0.972656,-4.94385,1.2207,-10.8643,1
1010.58,-0.0966797,-0.594727,0.984863,-2.56348,1.09863,-10.9863,1
1010.59,-0.0722656,-0.32959,0.941895,-0.427246,0,-11.8408,1
1010.6,-0.0605469,-0.411621,0.794434,-2.19727,-0.0610352,-13.5498,1
1010.61,-0.106445,-0.629883,0.816406,0.793457,-0.366211,-13.4888,1
1010.62,-0.116211,-0.374023,0.875977,2.62451,-0.183105,-14.7095,1
1010.62,-0.110352,-0.47168,0.921387,2.74658,0.305176,-15.5029,1
1010.63,-0.142578,-0.556152,0.999023,4.63867,-0.549316,-15.3809,1
1010.64,-0.109863,-0.342773,0.961914,4.27246,-0.854492,-16.2964,1
1010.65,-0.129395,-0.41748,0.910645,2.56348,-0.0610352,-17.0288,1
1010.66,-0.111816,-0.558105,0.913574,3.41797,0,-16.7847,1
1010.67,-0.113281,-0.375,0.935059,3.54004,-0.244141,-17.0898,1
1010.68,-0.130859,-0.470215,1.00342,1.77002,-0.0610352,-17.7612,1
1010.69,-0.165527,-0.518066,1.09131,2.31934,-0.488281,-16.9067,1
1010.7,-0.182617,-0.374023,1.10889,1.0376,0.366211,-17.5781,1
1010.71,-0.168945,-0.430664,1.00342,0.12207,1.28174,-17.5171,1
1010.72,-0.168457,-0.510254,0.942383,0,1.15967,-17.4561,1
1010.73,-0.133301,-0.423828,1.021,0.244141,0.671387,-17.0898,1
1010.74,-0.141602,-0.403809,1.12744,-1.40381,1.46484,-17.7612,1
1010.75,-0.13916,-0.441406,1.10156,-1.83105,1.58691,-16.9678,1
1010.76,-0.14502,-0.399902,0.975586,-3.23486,2.01416,-17.1509,1
1010.77,-0.149414,-0.550293,0.927246,-3.54004,2.2583,-17.0898,1
1010.78,-0.130371,-0.443359,0.941895,-2.2583,2.13623,-16.6016,1
1010.79,-0.129883,-0.44873,0.98877,-3.60107,2.31934,-18.0054,1
1010.8,-0.165039,-0.520996,0.978516,-2.44141,1.77002,-17.2119,1
1010.81,-0.181152,-0.440918,0.967285,-2.99072,2.2583,-18.0664,1
1010.82,-0.186035,-0.595215,0.941406,-3.11279,2.01416,-18.3716,1
1010.83,-0.139648,-0.535645,0.91748,-1.52588,1.83105,-18.3105,1
1010.84,-0.126465,-0.60791,0.942383,-2.13623,1.28174,-19.3481,1
1010.85,-0.133789,-0.613281,0.963379,-0.976562,0.427246,-19.165,1
1010.86,-0.169434,-0.455566,0.941895,-2.56348,0.793457,-20.2026,1
1010.87,-0.17627,-0.632324,0.902832,-3.72314,1.34277,-20.6909,1
1010.88,-0.178711,-0.618652,0.915527,-3.05176,0.854492,-20.813,1
1010.89,-0.125488,-0.62207,0.916504,-3.84521,0.854492,-22.1558,1
1010.9,-0.12793,-0.655762,0.934082,-2.74658,0.915527,-21.8506,1
1010.91,-0.15332,-0.555176,0.990234,-3.35693,0.793457,-22.522,1
1010.92,-0.172363,-0.560547,0.931152,-3.60107,0.915527,-23.0103,1
1010.93,-0.137207,-0.678223,0.853027,-2.92969,1.46484,-23.0103,1
1010.94,-0.17041,-0.731445,0.827148,-1.95312,1.46484,-23.7427,1
1010.95,-0.180176,-0.746094,0.918457,-1.40381,1.28174,-23.9868,1
1010.95,-0.157715,-0.560059,1.01709,-2.31934,0.976562,-24.4751,1
1010.96,-0.197754,-0.617676,1.07471,-5.00488,1.15967,-25.4517,1
1010.97,-0.195312,-0.695312,0.956055,-3.90625,1.09863,-24.6582,1
1010.98,-0.160645,-0.727051,0.893066,-4.45557,2.01416,-25.9399,1
1010.99,-0.190918,-0.829102,0.989258,-2.99072,1.70898,-25.5737,1
1011,-0.189941,-0.661621,1.06689,-2.50244,1.64795,-25.5737,1
1011.01,-0.196777,-0.625488,1.07471,-4.39453,2.0752,-26.4893,1
1011.02,-0.210449,-0.786621,1.01074,-4.63867,2.80762,-26.4893,1
1011.03,-0.178223,-0.781738,0.92334,-3.96729,2.19727,-26.2451,1
1011.04,-0.172363,-0.764648,0.947266,-4.82178,1.70898,-27.3438,1
1011.05,-0.157227,-0.767578,0.998535,-3.90625,1.95312,-27.0386,1
1011.06,-0.219727,-0.757812,1.03271,-4.39453,2.56348,-27.5879,1
1011.07,-0.237305,-0.688965,1.05225,-4.82178,1.64795,-27.8931,1
1011.08,-0.205566,-0.705078,0.998047,-5.43213,1.58691,-28.5034,1
1011.09,-0.168945,-0.859375,0.886719,-4.15039,1.28174,-28.2593,1
1011.1,-0.132324,-0.789062,0.882812,-2.44141,0.183105,-28.8696,1
1011.11,-0.166016,-0.869629,0.963867,-1.52588,0.488281,-29.7852,1
1011.12,-0.246582,-0.670898,1.04736,-0.793457,-0.366211,-29.9683,1
1011.13,-0.245605,-0.770996,1.01221,-2.62451,-0.305176,-30.7007,1
1011.14,-0.175781,-0.941895,0.993652,-0.915527,-0.244141,-30.2124,1
1011.15,-0.194824,-0.827637,0.975586,0.183105,-0.610352,-30.7007,1
1011.16,-0.17627,-0.766602,0.980469,-0.793457,-0.976562,-31.9214,1
1011.17,-0.197266,-0.897949,1.11572,-0.549316,-0.671387,-31.189,1
1011.18,-0.193359,-0.783203,1.10791,-0.427246,-0.793457,-30.5176,1
1011.19,-0.223145,-0.901367,0.991699,-1.95312,-0.610352,-31.7383,1
1011.2,-0.237305,-0.979492,0.936035,1.09863,0.0610352,-30.7617,1
1011.21,-0.249023,-0.722656,0.992188,1.40381,0.0610352,-31.3721,1
1011.22,-0.195801,-0.821289,1.03809,0.0610352,-0.671387,-31.9824,1
1011.23,-0.14502,-0.854004,0.980469,1.95312,-0.488281,-30.8228,1
1011.24,-0.172852,-0.806152,0.950195,1.64795,0.12207,-31.4331,1
1011.25,-0.244141,-0.889648,0.912109,1.64795,-0.183105,-31.3721,1
1011.26,-0.217285,-0.796875,0.966309,1.52588,0.183105,-31.0669,1
1011.27,-0.205078,-0.813477,1.03857,0.732422,0.732422,-31.0669,1
1011.28,-0.191406,-0.856934,1.05469,0.610352,0.366211,-30.9448,1
1011.29,-0.17334,-0.780762,0.927734,0.671387,0.427246,-31.0059,1
1011.3,-0.191895,-0.845215,0.871582,0.427246,1.34277,-30.9448,1
1011.3,-0.206543,-0.934082,0.918457,0.976562,1.34277,-30.7007,1
1011.31,-0.184082,-0.764648,0.994141,0.854492,1.28174,-30.8838,1
1011.32,-0.171387,-0.823242,0.996582,0,2.01416,-31.0059,1
1011.33,-0.193848,-0.816406,0.97998,0.671387,1.40381,-30.0903,1
1011.34,-0.189453,-0.827637,0.935059,-0.610352,1.52588,-31.189,1
1011.35,-0.141113,-0.921387,0.911133,0.488281,2.01416,-30.3955,1
1011.36,-0.165527,-0.801758,0.958008,1.09863,2.44141,-30.2124,1
1011.37,-0.172852,-0.845215,0.980469,0,2.38037,-31.311,1
1011.38,-0.188965,-0.873047,0.98584,1.2207,2.0752,-30.0903,1
1011.39,-0.172363,-0.811035,0.978027,0.488281,2.13623,-30.7617,1
1011.4,-0.168945,-0.844238,0.985352,0.793457,1.58691,-30.6396,1
1011.41,-0.167969,-0.855957,0.922363,1.0376,2.38037,-30.8228,1
1011.42,-0.166016,-0.820312,0.942871,1.64795,1.95312,-30.6396,1
1011.43,-0.162109,-0.830566,0.960938,0.915527,1.64795,-31.4941,1
1011.44,-0.152344,-0.852539,0.945801,1.89209,0.610352,-30.7617,1
1011.45,-0.196777,-0.86084,1.00928,1.52588,0.793457,-31.5552,1
1011.46,-0.187988,-0.835938,0.990723,1.77002,0.915527,-31.4331,1
1011.47,-0.166504,-0.900879,0.936523,1.46484,1.2207,-31.7383,1
1011.48,-0.150391,-0.820801,0.950195,2.19727,0.305176,-31.0669,1
1011.49,-0.152832,-0.784668,0.945312,0.793457,0,-32.1655,1
1011.5,-0.17041,-0.933594,0.951172,1.0376,0.12207,-31.7383,1
1011.51,-0.182617,-0.78125,0.971191,1.34277,-0.183105,-31.3721,1
1011.52,-0.159668,-0.873535,1.00635,-0.793457,0.366211,-32.8369,1
1011.53,-0.0996094,-0.912109,0.968262,1.77002,-0.244141,-31.0059,1
1011.54,-0.107422,-0.717773,0.947266,0.976562,-0.183105,-31.9214,1
1011.55,-0.0722656,-0.926758,0.922363,0.366211,-0.976562,-31.9214,1
1011.56,-0.0947266,-0.871094,0.937988,2.68555,-0.366211,-31.0059,1
1011.57,-0.102539,-0.812012,0.994141,1.46484,0,-32.2266,1
1011.58,-0.0981445,-0.940918,1.00879,2.2583,-0.610352,-31.3721,1
1011.59,-0.0922852,-0.85498,0.989258,3.17383,-0.427246,-30.5786,1
1011.59,-0.107422,-0.797852,0.977051,2.68555,-0.488281,-30.7007,1
1011.6,-0.0922852,-0.919434,0.953613,1.89209,-0.244141,-30.9448,1
1011.61,-0.0429688,-0.821777,0.905273,3.2959,0,-29.4189,1
1011.62,-0.0229492,-0.812012,0.949219,0.671387,0.549316,-30.5786,1
1011.63,0.0463867,-0.976562,0.989746,0.915527,0,-29.48,1
1011.64,0.0356445,-0.721191,0.999512,1.40381,0.549316,-29.2969,1
1011.65,0.00488281,-0.824707,0.95459,-0.793457,0.915527,-29.7852,1
1011.66,-0.00537109,-0.914551,0.899414,0.610352,0.427246,-28.6255,1
1011.67,-0.0078125,-0.786621,0.925293,0.0610352,1.15967,-28.9307,1
1011.68,-0.00537109,-0.862793,0.983887,-0.427246,0.976562,-28.8696,1
1011.69,0.0102539,-0.83252,1.01758,0.305176,0.854492,-28.2593,1
1011.7,0.0512695,-0.827148,1.00098,0.183105,1.09863,-28.3813,1
1011.71,0.0522461,-0.824707,0.968262,0.915527,0.610352,-27.71,1
1011.72,0.0385742,-0.859375,0.955078,0.366211,1.0376,-28.0762,1
1011.73,0.0292969,-0.861816,0.969238,1.77002,0.915527,-27.1606,1
1011.74,0.0444336,-0.751465,0.928223,1.77002,1.46484,-27.5269,1
1011.75,0.0595703,-0.831543,0.931641,1.70898,1.34277,-27.71,1
1011.76,0.0722656,-0.839355,0.911621,2.86865,0.732422,-26.9775,1
1011.77,0.09375,-0.779785,0.942871,2.50244,0.671387,-27.4658,1
1011.78,0.0771484,-0.84375,0.963867,2.86865,1.09863,-27.2217,1
1011.79,0.0683594,-0.737305,0.896484,3.60107,1.28174,-26.8555,1
1011.8,0.0761719,-0.758301,0.856934,2.31934,1.0376,-27.6489,1
1011.81,0.135254,-0.785645,0.879395,2.92969,0.488281,-26.9775,1
1011.82,0.149902,-0.674316,0.933105,2.13623,0.244141,-27.1606,1
1011.83,0.133789,-0.780273,0.957031,1.34277,0,-27.0996,1
1011.83,0.0981445,-0.762695,0.906738,2.0752,0.305176,-26.5503,1
1011.84,0.0571289,-0.754883,0.96582,1.40381,0.488281,-27.4048,1
1011.85,0.0883789,-0.805176,0.979492,2.2583,0,-27.0386,1
1011.86,0.154297,-0.742188,0.947266,2.62451,-0.427246,-26.9775,1
1011.87,0.171875,-0.831543,1.02441,1.89209,-0.12207,-27.4658,1
1011.88,0.142578,-0.764648,1.03271,2.74658,-0.12207,-26.6113,1
1011.89,0.108887,-0.844238,0.999023,1.95312,0.183105,-27.2217,1
1011.9,0.0849609,-0.824707,1.021,3.35693,-0.427246,-26.2451,1
1011.91,0.135742,-0.641602,0.956543,2.31934,-0.305176,-26.8555,1
1011.92,0.13916,-0.891602,0.976074,1.52588,0.244141,-26.7944,1
1011.93,0.157715,-0.79248,1.0166,3.35693,-0.549316,-26.123,1
1011.94,0.160645,-0.65332,0.967773,1.2207,-0.0610352,-27.0386,1
1011.95,0.137207,-0.865723,0.976074,1.52588,-0.732422,-26.001,1
1011.96,0.0932617,-0.695801,0.994141,2.38037,-0.915527,-25.9399,1
1011.97,0.127441,-0.743164,0.972656,0.671387,-0.549316,-26.7334,1
1011.98,0.165039,-0.833984,0.989746,2.31934,-0.12207,-25.8179,1
1011.99,0.143066,-0.601074,0.958008,2.01416,-0.244141,-26.1841,1
1012,0.148438,-0.753906,0.938965,0.244141,-0.671387,-26.5503,1
1012.01,0.163086,-0.789551,0.927246,2.2583,-0.671387,-25.5737,1
1012.02,0.15625,-0.661621,0.953125,1.77002,0,-26.062,1
1012.03,0.192383,-0.762695,0.94873,0.610352,-0.671387,-26.3672,1
1012.04,0.202148,-0.777344,0.972168,0.915527,-0.488281,-25.7568,1
1012.05,0.151855,-0.749512,1.02686,0.610352,-0.0610352,-25.5737,1
1012.06,0.126953,-0.733887,1.03467,0.549316,-0.305176,-25.6958,1
1012.07,0.180176,-0.692871,0.971191,0.732422,0.12207,-25.6958,1
1012.08,0.261719,-0.762207,0.949219,1.0376,0.183105,-25.6348,1
1012.09,0.236816,-0.736328,1.00537,0.793457,-0.488281,-25.5737,1
1012.1,0.1875,-0.813477,1.04932,0.732422,-0.244141,-25.5127,1
1012.11,0.163086,-0.729004,1.00342,1.77002,-0.0610352,-25.0244,1
1012.12,0.217773,-0.751953,1.01318,0.854492,-0.0610352,-25.8789,1
1012.13,0.239746,-0.79541,1.04639,1.34277,-0.305176,-25.3906,1
1012.14,0.222168,-0.667969,1.05273,0.915527,-0.610352,-25.5737,1
1012.15,0.206543,-0.71582,0.975098,0.488281,-0.244141,-25.5127,1
1012.16,0.241211,-0.717285,0.930176,1.09863,-0.305176,-25.3906,1
1012.16,0.260254,-0.730957,0.974121,1.09863,-0.549316,-25.6958,1
1012.17,0.255371,-0.756836,1.0415,1.15967,-0.793457,-25.5127,1
1012.18,0.244141,-0.702637,1.04541,1.2207,-0.976562,-25.5127,1
1012.19,0.266602,-0.719238,0.950684,0.366211,-0.549316,-26.001,1
1012.2,0.268066,-0.765137,0.935059,0.549316,-0.793457,-25.6348,1
1012.21,0.273926,-0.733887,1.04199,0.244141,-1.2207,-25.9399,1
1012.22,0.295898,-0.68457,1.05762,0.488281,-1.0376,-25.8179,1
1012.23,0.301758,-0.685059,1.0083,0.12207,-0.793457,-26.062,1
1012.24,0.314941,-0.716309,0.966309,0.305176,-1.2207,-25.9399,1
1012.25,0.314453,-0.706543,0.95459,0.793457,-1.34277,-25.7568,1
1012.26,0.325684,-0.743164,0.990234,0.976562,-1.28174,-25.8789,1
1012.27,0.362793,-0.73291,0.989258,1.70898,-1.09863,-25.7568,1
1012.28,0.361328,-0.702148,1,1.40381,-0.793457,-26.2451,1
1012.29,0.327148,-0.730469,0.999512,1.70898,-1.09863,-25.5737,1
1012.3,0.388672,-0.640625,0.980469,1.52588,-1.2207,-25.3296,1
1012.31,0.408203,-0.674316,0.956543,1.2207,-0.610352,-25.5127,1
1012.32,0.346191,-0.728027,0.971191,1.70898,-0.549316,-24.9634,1
1012.33,0.312012,-0.701172,0.983398,1.28174,-0.549316,-25.0244,1
1012.34,0.332031,-0.671875,0.986328,1.28174,-0.793457,-24.6582,1
1012.35,0.405762,-0.641113,1.02344,0.366211,-0.671387,-25.0244,1
1012.36,0.39502,-0.585938,1.0293,0.305176,-0.671387,-24.7803,1
1012.37,0.378418,-0.69873,0.972656,-0.549316,-0.12207,-24.7192,1
1012.38,0.393066,-0.734863,0.979492,0.732422,-0.610352,-23.6816,1
1012.39,0.437012,-0.604004,1.02832,-0.12207,-0.549316,-24.231,1
1012.4,0.432617,-0.770508,1.09717,0.12207,0.12207,-23.4985,1
1012.41,0.35498,-0.677246,1.0332,1.28174,0.0610352,-22.7051,1
1012.42,0.351562,-0.556152,0.96582,0,0.244141,-23.1323,1
1012.43,0.351074,-0.70166,0.95166,0.732422,0.305176,-22.4609,1
1012.44,0.426758,-0.601074,1.01172,2.99072,0.0610352,-21.7896,1
1012.45,0.46875,-0.560059,1.01758,3.23486,0.366211,-21.9727,1
1012.45,0.436035,-0.70166,1.00684,4.15039,0.183105,-20.9351,1
1012.46,0.355957,-0.628418,0.961914,4.94385,0.244141,-19.6533,1
1012.47,0.321777,-0.559082,0.960938,3.60107,0.366211,-19.9585,1
1012.48,0.382324,-0.67627,0.965332,4.08936,0.488281,-18.9819,1
1012.49,0.500977,-0.484863,0.946777,5.31006,0.183105,-18.0664,1
1012.5,0.503418,-0.418945,0.950195,3.23486,-0.183105,-18.1274,1
1012.51,0.433105,-0.557617,0.988281,3.78418,0,-16.7236,1
1012.52,0.380859,-0.458984,0.947754,4.88281,0.12207,-15.5029,1
1012.53,0.436035,-0.445312,0.930176,5.00488,-0.427246,-14.8315,1
1012.54,0.556641,-0.4375,0.974121,5.37109,-1.09863,-14.0381,1
1012.55,0.527344,-0.401855,0.999023,5.98145,-0.183105,-13.0615,1
1012.56,0.456543,-0.320312,1.01221,5.37109,-0.183105,-12.3901,1
1012.57,0.413574,-0.374512,0.959473,5.31006,-0.183105,-10.9253,1
1012.58,0.418457,-0.355957,0.935547,6.5918,0.244141,-9.15527,1
1012.59,0.380371,-0.291504,0.976562,6.89697,0.183105,-7.93457,1
1012.6,0.32373,-0.335449,0.963379,7.93457,0.732422,-6.28662,1
1012.61,0.268066,-0.181641,0.975098,8.23975,0.793457,-5.06592,1
1012.62,0.204102,-0.0966797,0.953613,7.38525,1.70898,-3.78418,1
1012.63,0.104492,-0.198242,1.01562,7.75146,2.2583,-2.19727,1
1012.64,0.0395508,-0.0947266,0.994141,10.0098,2.62451,0.0610352,1
1012.65,-0.027832,-0.0209961,0.914551,10.376,3.60107,0.854492,1
1012.66,-0.0830078,-0.0336914,0.893555,11.6577,4.02832,2.68555,1
1012.67,-0.119141,0.0532227,0.868164,12.3901,4.94385,3.78418,1
1012.68,-0.132812,0.157227,0.962891,13.3667,5.37109,4.63867,1
1012.69,-0.142578,0.130371,0.937988,14.4043,6.40869,5.7373,1
1012.7,-0.193848,0.132324,0.812988,17.1509,5.92041,8.05664,1
1012.71,-0.260742,0.278809,0.833984,17.5781,5.98145,8.48389,1
1012.72,-0.341309,0.264648,0.869629,18.2495,6.53076,9.8877,1
1012.73,-0.33252,0.391602,0.983398,19.2871,6.71387,11.1694,1
1012.74,-0.207031,0.444336,0.949707,18.3716,6.46973,11.5356,1
1012.74,-0.164551,0.323242,0.835938,19.8975,6.53076,13.4277,1
1012.75,-0.181152,0.489746,0.848633,20.6909,5.49316,14.4043,1
1012.76,-0.161133,0.584961,0.916504,18.9209,4.82178,15.2588,1
1012.77,-0.112305,0.458984,1.00781,17.7612,4.94385,16.5405,1
1012.78,-0.078125,0.538086,1.02344,17.4561,4.3335,18.3716,1
1012.79,-0.0571289,0.59668,1.01172,14.8926,3.72314,19.043,1
1012.8,-0.0834961,0.561035,1.05518,13.4277,2.68555,19.9585,1
1012.81,-0.0620117,0.665527,1.06592,12.5732,2.13623,20.9961,1
1012.82,-0.0527344,0.695801,1.05566,10.0708,1.77002,21.5454,1
1012.83,-0.0307617,0.711426,1.0752,8.36182,0.549316,22.9492,1
1012.84,-0.0107422,0.730957,1.09766,6.40869,0.0610352,23.7427,1
1012.85,-0.0268555,0.751465,1.16943,6.34766,-0.0610352,24.7803,1
1012.86,-0.0742188,0.861816,1.19824,5.7373,-0.427246,24.9023,1
1012.87,-0.0693359,0.667969,1.20752,4.88281,-0.549316,25.0854,1
1012.88,-0.0385742,0.88916,1.17822,6.22559,-0.854492,26.062,1
1012.89,-0.0756836,0.941406,1.13379,4.02832,-0.0610352,25.6958,1
1012.9,-0.103027,0.743652,1.13037,5.12695,-0.305176,26.6724,1
1012.91,-0.0810547,0.967773,1.13232,5.61523,0,26.5503,1
1012.92,-0.0605469,0.926758,1.19775,4.15039,0.793457,26.7334,1
1012.93,-0.0854492,0.822754,1.19629,4.08936,0.671387,27.71,1
1012.94,-0.0795898,0.908203,1.0835,2.19727,0.793457,27.2217,1
1012.95,-0.185547,0.858398,0.986816,0.427246,1.34277,27.2217,1
1012.96,-0.197266,0.866699,1.0376,-0.427246,1.28174,27.2827,1
1012.97,-0.0942383,0.869629,1.0542,-1.40381,1.77002,27.0386,1
1012.98,0.00146484,0.903809,1.0249,-2.44141,2.80762,26.9775,1
1012.99,-0.0410156,0.817383,0.917969,-4.82178,2.74658,27.0386,1
1013,-0.160645,0.770508,0.82959,-6.10352,2.2583,27.0386,1
1013.01,-0.150879,0.763184,0.814453,-6.40869,2.86865,27.0996,1
1013.02,-0.101562,0.775879,0.853516,-6.53076,3.35693,26.8555,1
1013.03,-0.0307617,0.771973,0.873047,-6.89697,2.80762,27.0386,1
1013.04,0.00830078,0.700195,0.788086,-7.08008,2.50244,27.0996,1
1013.05,-0.0385742,0.69873,0.73291,-6.28662,2.31934,27.9541,1
1013.06,-0.0493164,0.714355,0.761719,-5.85938,2.2583,27.5879,1
1013.07,-0.0615234,0.644043,0.799805,-4.57764,2.13623,27.832,1
1013.08,-0.0327148,0.731934,0.823242,-2.44141,1.70898,28.6255,1
1013.09,-0.0131836,0.689453,0.810547,-1.89209,1.46484,28.0762,1
1013.09,0.0810547,0.728027,0.839844,0.488281,0.854492,28.9917,1
1013.1,0.182617,0.792969,0.834473,1.09863,0.976562,28.8696,1
1013.11,0.212402,0.705566,0.861816,2.13623,0.488281,29.2969,1
1013.12,0.229492,0.85498,0.91748,3.35693,-0.244141,29.1748,1
1013.13,0.15918,0.846191,0.936523,3.05176,0.488281,28.9917,1
1013.14,0.0551758,0.737305,1.01221,4.27246,0,29.2358,1
1013.15,0.0522461,0.9375,1.0127,5.12695,-0.610352,28.8696,1
1013.16,0.0981445,0.933594,1.03125,4.21143,-0.183105,28.5034,1
1013.17,0.168945,0.777832,1.03857,4.57764,-0.305176,28.8086,1
1013.18,0.250488,1.03516,1.021,4.76074,-0.305176,28.6255,1
1013.19,0.250488,0.939453,1.09863,1.77002,0.244141,27.3438,1
1013.2,0.175293,0.885742,1.12354,3.11279,0.0610352,28.3203,1
1013.21,0.135742,0.978027,1.13965,1.34277,0.793457,26.9775,1
1013.22,0.147461,0.796875,0.997559,0.183105,0.915527,26.9165,1
1013.23,0.196777,0.868652,0.934082,0.427246,1.52588,26.6113,1
1013.24,0.208984,1.00146,0.920898,-1.2207,1.70898,26.123,1
1013.25,0.146973,0.884277,1.01074,-1.95312,1.34277,26.001,1
1013.26,0.120117,0.970703,1.08838,-2.0752,1.64795,25.8179,1
1013.27,0.112305,0.913086,1.02832,-3.17383,2.56348,25.5127,1
1013.28,0.121094,0.830566,0.973633,-3.66211,2.2583,25.6958,1
1013.29,0.163086,0.948242,0.977051,-3.84521,1.46484,25.6348,1
1013.3,0.193848,0.774902,0.944824,-5.12695,1.89209,25.1465,1
1013.31,0.16748,0.814941,0.918457,-3.2959,1.46484,25.6348,1
1013.32,0.137695,0.921875,0.904785,-4.21143,1.89209,24.7803,1
1013.33,0.121094,0.682129,0.85791,-3.35693,1.83105,25.5127,1
1013.34,0.101074,0.865234,0.875977,-1.77002,1.46484,25.8179,1
1013.35,0.0961914,0.777832,0.868652,-3.05176,1.2207,25.5127,1
1013.36,0.141113,0.776367,0.882812,-1.52588,0.0610352,26.3062,1
1013.37,0.188965,0.888672,0.922852,-1.58691,1.0376,25.9399,1
1013.38,0.177246,0.757812,0.922852,-1.15967,0.488281,25.8179,1
1013.39,0.141602,0.79541,0.940918,0.305176,0.732422,26.4282,1
1013.4,0.0981445,0.854004,0.886719,0.366211,0.732422,26.3062,1
1013.41,0.133301,0.779785,0.945801,0.549316,0.0610352,26.9165,1
1013.42,0.183594,0.865234,0.978027,0.549316,-0.12207,26.6724,1
1013.42,0.231934,0.809082,0.953613,0.305176,0.366211,26.6113,1
1013.43,0.163086,0.730957,0.914062,1.28174,0.244141,26.9775,1
1013.44,0.137695,0.990234,0.991699,1.09863,0,26.3062,1
1013.45,0.15332,0.858887,1.03369,-0.305176,0.549316,26.6113,1
1013.46,0.193359,0.794922,1.04053,1.09863,0.549316,27.2827,1
1013.47,0.202637,0.880371,1.00439,0.244141,0.427246,26.7944,1
1013.48,0.203125,0.795898,0.990723,0.427246,0,26.9775,1
1013.49,0.192871,0.89209,0.961426,0.610352,0.732422,26.4282,1
1013.5,0.142578,0.93457,1.0083,0.244141,1.2207,26.7944,1
1013.51,0.169434,0.894043,1.08301,-1.58691,0.976562,26.1841,1
1013.52,0.193848,0.783203,1.03125,-0.732422,1.09863,27.1606,1
1013.53,0.199219,0.873047,0.980469,0,1.70898,26.6113,1
1013.54,0.161621,0.874512,0.932129,0,1.70898,26.123,1
1013.55,0.158691,0.861816,0.967285,0.488281,1.40381,26.4893,1
1013.56,0.171875,0.861328,1.02246,0.0610352,1.89209,26.5503,1
1013.57,0.162109,0.778809,1.03809,-0.244141,1.77002,26.8555,1
1013.58,0.160645,0.790039,0.991211,0.183105,1.70898,26.9165,1
1013.59,0.111328,0.930664,0.912109,0.549316,1.40381,27.0386,1
1013.6,0.0961914,0.852051,0.954102,-0.366211,1.95312,26.6724,1
1013.61,0.14502,0.80957,0.95459,0.183105,1.64795,27.2827,1
1013.62,0.174316,0.820312,0.946289,-0.427246,2.13623,27.2217,1
1013.62,0.136719,0.817871,0.923828,0.183105,1.70898,27.771,1
1013.63,0.107422,0.880859,0.922363,0,1.64795,27.1606,1
1013.64,0.0786133,0.859375,0.953613,0.427246,1.52588,27.832,1
1013.65,0.146973,0.856934,0.952148,-0.244141,1.58691,27.5269,1
1013.66,0.160156,0.750488,0.90332,-0.549316,1.58691,28.1982,1
1013.67,0.133789,0.866699,0.918457,-0.0610352,0.854492,28.5645,1
1013.68,0.130371,0.936035,0.949707,-0.305176,1.0376,28.2593,1
1013.69,0.10498,0.814453,0.988281,0,0.976562,28.4424,1
1013.7,0.15918,0.862793,0.964355,0.427246,0.671387,28.5034,1
1013.71,0.175293,0.845215,0.89502,0.12207,0.732422,28.4424,1
1013.72,0.144043,0.822754,0.955078,1.09863,0.305176,29.0527,1
1013.73,0.138672,0.935059,0.964355,1.28174,0.427246,28.4424,1
1013.74,0.134766,0.814941,1.0376,1.40381,1.34277,28.7476,1
1013.75,0.1875,0.876465,1.0083,1.83105,0.549316,28.8086,1
1013.76,0.18457,0.94043,0.972656,1.0376,0.732422,28.4424,1
1013.77,0.128906,0.922363,1.00879,0.976562,0.549316,28.5645,1
1013.78,0.0991211,0.93457,1.02539,0.793457,0.854492,28.5034,1
1013.79,0.0922852,0.887695,0.991699,0.610352,1.15967,28.4424,1
1013.8,0.108398,0.887695,1.01904,0.12207,0.549316,28.5034,1
1013.81,0.134766,0.947266,0.96875,0.244141,0.793457,28.5645,1
1013.82,0.0698242,0.951172,1.01904,0,1.2207,28.1982,1
1013.83,0.0385742,0.836426,1.02148,-0.0610352,1.09863,27.71,1
1013.84,0.0283203,0.990723,0.967285,0.488281,1.46484,28.0151,1
1013.85,-0.0288086,0.91748,0.990723,-1.15967,2.19727,27.1606,1
1013.86,-0.00927734,0.843262,0.978516,-0.244141,1.95312,27.9541,1
1013.87,-0.0478516,0.972168,0.98584,-0.732422,2.38037,27.6489,1
1013.88,-0.0605469,0.81543,0.939941,-1.40381,2.2583,27.4658,1
1013.89,-0.0341797,0.826172,0.922852,0.488281,1.70898,28.0762,1
1013.9,-0.0380859,0.974121,0.924316,-0.732422,2.50244,27.3438,1
1013.91,-0.0600586,0.795898,0.92627,-2.0752,2.01416,27.2217,1
1013.92,-0.0844727,0.830566,0.928223,-0.793457,2.56348,27.9541,1
1013.93,-0.141113,0.997559,0.918457,-1.52588,2.80762,27.4048,1
1013.94,-0.157715,0.699707,0.897949,-2.68555,2.56348,27.71,1
1013.95,-0.114258,0.862793,0.960938,-1.0376,2.2583,27.832,1
1013.96,-0.133789,0.989258,0.980469,-3.479,3.66211,26.7334,1
1013.97,-0.166016,0.809082,0.944336,-2.92969,3.84521,27.9541,1
1013.98,-0.20166,0.794434,0.901855,-3.23486,3.17383,27.832,1
1013.99,-0.183594,0.764648,0.934082,-3.23486,3.17383,27.4048,1
1013.99,-0.116699,0.824219,0.931641,-3.35693,3.23486,27.3438,1
1014,-0.0898438,0.689453,0.874023,-3.72314,3.60107,27.1606,1
1014.01,-0.102539,0.699219,0.885254,-3.90625,3.05176,27.0996,1
1014.02,-0.188477,0.801758,0.852539,-5.67627,2.74658,26.2451,1
1014.03,-0.170898,0.644531,0.878418,-6.65283,3.35693,25.6348,1
1014.04,-0.15918,0.664062,0.985352,-6.28662,2.50244,25.7568,1
1014.05,-0.116699,0.72998,1.02197,-8.54492,2.31934,24.231,1
1014.06,-0.078125,0.47998,1.00586,-9.8877,1.77002,23.5596,1
1014.07,-0.114746,0.648438,0.900879,-9.8877,1.89209,22.4609,1
1014.08,-0.111816,0.574707,0.873535,-13.4277,1.70898,20.2026,1
1014.09,-0.122559,0.40332,0.885254,-13.2446,0.305176,20.0195,1
1014.1,-0.0854492,0.394043,0.958496,-14.1602,0.366211,17.7612,1
1014.11,-0.127441,0.510742,0.937988,-14.4653,0.12207,16.7236,1
1014.12,-0.166992,0.329102,0.879395,-17.334,0.610352,13.916,1
1014.13,-0.135254,0.188477,0.806641,-14.8926,-0.366211,13.6719,1
1014.14,-0.114258,0.451172,0.86377,-15.686,-0.427246,10.6812,1
1014.15,-0.125977,0.177246,0.924316,-17.2729,-0.366211,8.42285,1
1014.16,-0.138672,0.0644531,0.935547,-14.9536,-0.671387,6.7749,1
1014.17,-0.12793,0.232422,0.893555,-15.686,-0.427246,3.84521,1
1014.18,-0.134277,0.0795898,0.839844,-16.2964,-1.09863,1.40381,1
1014.19,-0.112305,0.0253906,0.909668,-15.686,-1.15967,-0.549316,1
1014.2,-0.134766,0.141602,0.960449,-15.625,-0.671387,-2.38037,1
1014.21,-0.109375,0.0078125,0.987793,-16.9067,-0.427246,-5.92041,1
1014.22,-0.0859375,-0.126953,0.970215,-14.0381,-0.12207,-7.99561,1
1014.23,-0.0795898,0.206543,1.03955,-13.1226,0.793457,-11.2305,1
1014.24,-0.121582,-0.0668945,1.07861,-15.5029,1.89209,-14.2212,1
1014.25,-0.146973,-0.370605,1.05518,-12.7563,2.13623,-15.564,1
1014.26,-0.158691,-0.0664062,1.0249,-11.8408,2.80762,-18.1274,1
1014.27,-0.129395,-0.206543,1.03223,-14.8315,3.60107,-21.1792,1
1014.28,-0.106934,-0.537109,1.06396,-13.1226,3.479,-22.1558,1
1014.29,-0.138672,-0.349121,1.05029,-11.8408,4.02832,-23.4375,1
1014.3,-0.159668,-0.446289,1.01221,-14.5264,4.39453,-26.3062,1
1014.31,-0.191895,-0.726562,1.02393,-13.6719,4.45557,-26.9165,1
1014.32,-0.198242,-0.515137,1.00342,-12.146,3.96729,-27.0386,1
1014.33,-0.130859,-0.419434,0.978027,-14.2212,4.08936,-29.0527,1
1014.34,-0.149414,-0.786621,0.996094,-13.916,3.78418,-29.3579,1
1014.35,-0.15918,-0.763184,1.02734,-11.2305,3.23486,-29.3579,1
1014.36,-0.17627,-0.581055,0.987793,-11.8408,3.23486,-30.8228,1
1014.37,-0.204102,-0.875977,1.01758,-11.5967,2.99072,-31.4331,1
1014.38,-0.162109,-0.769043,1.0459,-8.72803,2.19727,-31.25,1
1014.38,-0.161133,-0.619141,1.02148,-9.94873,2.19727,-32.4707,1
1014.39,-0.157715,-0.955566,1.00146,-8.97217,1.34277,-32.4097,1
1014.4,-0.200195,-0.950195,0.956055,-5.49316,0.793457,-31.9214,1
1014.41,-0.15918,-0.665039,1.09961,-6.10352,1.09863,-33.5083,1
1014.42,-0.181641,-0.955078,1.16211,-7.20215,1.0376,-33.4473,1
1014.43,-0.176758,-1.13916,1.11133,-4.39453,0.732422,-32.4097,1
1014.44,-0.198242,-0.850098,1.05176,-4.15039,0.671387,-33.3862,1
1014.45,-0.179199,-0.924316,1.02295,-6.10352,1.15967,-33.8135,1
1014.46,-0.203125,-1.13379,1.14697,-5.98145,0.549316,-33.8135,1
1014.47,-0.116699,-0.967773,1.20312,-5.12695,0.915527,-33.2031,1
1014.48,-0.139648,-0.847656,1.15527,-6.83594,1.70898,-33.3252,1
1014.49,-0.26709,-1.27979,1.19238,-7.32422,1.64795,-33.7524,1
1014.5,-0.197754,-0.940918,0.99707,-2.2583,1.2207,-32.959,1
1014.51,-0.208008,-0.842773,0.925293,-3.96729,1.83105,-34.1187,1
1014.52,-0.155762,-1.07422,0.943848,-2.0752,0.793457,-33.4473,1
1014.53,-0.164551,-0.888672,1.02295,-0.427246,1.77002,-33.6304,1
1014.54,-0.125977,-0.932617,1.0127,0.12207,2.01416,-33.3862,1
1014.55,-0.154785,-1.01562,0.946777,1.52588,0.915527,-33.9355,1
1014.56,-0.155762,-0.92627,0.97998,3.2959,0.488281,-34.0576,1
1014.57,-0.138184,-0.841309,0.856934,4.27246,1.0376,-34.0576,1
1014.58,-0.161133,-0.90332,0.887207,3.90625,0.183105,-35.0952,1
1014.59,-0.101562,-0.910156,0.768066,5.37109,0.183105,-34.5459,1
1014.6,-0.0600586,-0.855469,0.751953,5.98145,0.610352,-34.3018,1
1014.61,-0.155762,-0.872559,0.898438,4.94385,-0.488281,-35.4614,1
1014.62,-0.0966797,-0.945801,0.919922,6.10352,-0.305176,-34.8511,1
1014.63,-0.133789,-0.649414,0.879395,6.34766,0.427246,-34.4849,1
1014.64,-0.105957,-0.881348,0.776367,2.62451,-0.0610352,-34.79,1
1014.65,-0.102539,-0.986328,0.849121,3.41797,-0.183105,-34.4849,1
1014.66,-0.0566406,-0.887207,0.943848,2.56348,0.915527,-34.4238,1
1014.67,-0.0766602,-0.865234,0.973145,1.64795,0.366211,-33.8745,1
1014.68,-0.121582,-0.863281,0.916504,-1.52588,0.610352,-34.729,1
1014.69,-0.113281,-0.917969,0.922363,-1.34277,1.64795,-33.0811,1
1014.69,-0.143555,-0.937988,0.868164,-3.41797,2.0752,-33.8135,1
1014.7,-0.11084,-0.950684,0.925293,-2.92969,1.95312,-33.2031,1
1014.71,-0.0571289,-0.900879,0.958984,-3.66211,3.17383,-33.2642,1
1014.72,-0.141113,-0.986816,1.0415,-3.66211,2.50244,-32.7148,1
1014.73,-0.116211,-0.981934,1.02979,-3.54004,3.479,-32.4097,1
1014.74,-0.0834961,-1.02979,0.964844,-2.38037,3.84521,-31.6162,1
1014.75,-0.146973,-1.02783,1.02539,-2.50244,3.96729,-32.3486,1
1014.76,-0.0981445,-0.930664,1.03662,-2.19727,3.23486,-31.9214,1
1014.77,-0.130859,-1.03076,0.975098,-1.28174,3.84521,-31.5552,1
1014.78,-0.134766,-0.990723,0.964844,0.366211,3.05176,-31.4331,1
1014.79,-0.145508,-0.881836,0.957031,0.183105,3.41797,-32.1045,1
1014.8,-0.139648,-0.961426,0.935059,0.793457,3.60107,-32.1655,1
1014.81,-0.109375,-1.20215,0.912109,3.72314,2.92969,-31.3721,1
1014.82,-0.151367,-0.759277,0.94873,6.5918,1.64795,-32.2266,1
1014.83,-0.147461,-0.980469,0.977051,2.80762,2.19727,-33.3252,1
1014.84,-0.0888672,-1.08398,0.932617,7.44629,1.09863,-32.0435,1
1014.85,-0.225586,-0.758789,0.926758,5.85938,1.64795,-33.4473,1
1014.86,-0.147461,-0.952148,0.926758,4.76074,0.915527,-33.6304,1
1014.87,-0.165039,-0.973145,0.866699,7.38525,1.15967,-32.8979,1
1014.88,-0.201172,-0.890625,0.910645,7.26318,0.549316,-33.6304,1
1014.89,-0.244141,-0.881348,0.964355,7.14111,-0.549316,-34.1797,1
1014.9,-0.246094,-0.875,0.879395,6.28662,0.549316,-34.668,1
1014.91,-0.272461,-0.981445,0.914062,6.16455,0.0610352,-34.1797,1
1014.92,-0.236816,-0.831055,0.955078,4.39453,-0.244141,-35.7056,1
1014.93,-0.164551,-0.996094,0.846191,4.57764,0,-34.5459,1
1014.94,-0.25,-0.863281,1.00879,5.24902,0.427246,-34.79,1
1014.95,-0.294922,-0.765137,0.958984,1.64795,-0.549316,-35.5835,1
1014.96,-0.216309,-0.936035,0.950195,1.64795,1.2207,-34.5459,1
1014.97,-0.303711,-0.990234,0.970703,0.305176,1.40381,-35.0342,1
1014.98,-0.249512,-0.829102,0.876465,0.671387,1.2207,-34.1797,1
1014.99,-0.303223,-0.859375,0.939941,-0.915527,2.62451,-34.5459,1
1015,-0.337402,-0.959473,0.984863,0.0610352,2.19727,-34.1187,1
1015.01,-0.308105,-0.845215,0.977051,-0.610352,2.56348,-34.3018,1
1015.02,-0.298828,-0.914062,1.07959,-2.44141,2.38037,-35.0342,1
1015.03,-0.191895,-1.00488,0.940918,-1.46484,2.92969,-33.4473,1
1015.04,-0.289062,-0.97168,0.978027,-1.15967,3.78418,-33.6304,1
1015.05,-0.290039,-0.930176,1.02295,-1.89209,2.68555,-34.4238,1
1015.05,-0.243164,-0.973633,0.950684,0.671387,3.60107,-33.1421,1
1015.06,-0.304199,-0.819336,1.00195,0.549316,3.35693,-33.7524,1
1015.07,-0.280273,-0.898926,0.993652,-1.28174,2.31934,-35.0342,1
1015.08,-0.236816,-1.14893,0.944824,1.52588,2.80762,-33.8135,1
1015.09,-0.288086,-0.95752,0.943359,3.2959,2.68555,-34.0576,1
1015.1,-0.283203,-0.893066,0.939941,2.31934,2.31934,-35.5225,1
1015.11,-0.228516,-1.00879,0.973633,4.15039,2.13623,-34.3018,1
1015.12,-0.262695,-0.864258,1.05127,4.02832,1.09863,-35.2783,1
1015.13,-0.20459,-0.794434,0.958496,2.68555,0.488281,-35.9497,1
1015.14,-0.249023,-1.09717,0.91748,3.78418,1.15967,-35.2783,1
1015.15,-0.341797,-0.846191,0.880859,5.67627,0.244141,-36.0718,1
1015.16,-0.288574,-0.751465,0.892578,3.84521,0.854492,-36.6211,1
1015.17,-0.277344,-1.01123,0.95166,3.78418,0.12207,-36.6211,1
1015.18,-0.242188,-0.84082,0.924805,4.5166,-0.549316,-36.3159,1
1015.19,-0.247559,-0.776855,0.898926,3.11279,-0.0610352,-37.1704,1
1015.2,-0.261719,-1.02197,0.90625,3.66211,-0.183105,-36.9873,1
1015.21,-0.196289,-0.844238,0.868652,4.88281,0.12207,-37.1094,1
1015.22,-0.196289,-0.737793,0.946777,3.41797,0,-37.2925,1
1015.23,-0.20166,-0.899902,0.933105,2.2583,0.12207,-37.3535,1
1015.24,-0.201172,-0.990234,0.898438,2.56348,0.12207,-36.8652,1
1015.25,-0.223145,-0.854492,0.961914,2.80762,0.305176,-36.9873,1
1015.26,-0.19043,-0.888184,0.948242,0.305176,0.549316,-38.147,1
1015.27,-0.173828,-1.07178,0.947266,2.0752,1.09863,-36.0718,1
1015.28,-0.174316,-0.774902,0.94873,0.915527,1.2207,-37.0483,1
1015.29,-0.179688,-1.07812,0.992676,-1.28174,1.58691,-36.499,1
1015.3,-0.205078,-0.980957,1.04883,1.09863,1.64795,-35.8887,1
1015.31,-0.192383,-0.741699,1.0127,-1.34277,2.13623,-36.7432,1
1015.32,-0.158203,-1.08203,1.00635,-2.01416,2.50244,-36.377,1
1015.33,-0.160645,-0.862793,0.92041,-0.0610352,2.19727,-35.6445,1
1015.34,-0.185547,-0.855957,0.899414,-2.01416,3.11279,-36.3159,1
1015.35,-0.17041,-1.03467,0.912109,-1.0376,2.0752,-36.0718,1
1015.35,-0.171387,-0.928711,0.938477,-0.366211,2.92969,-36.438,1
1015.36,-0.183105,-0.961914,0.979492,-0.0610352,2.44141,-35.9497,1
1015.37,-0.217285,-0.946289,0.998047,0,2.01416,-36.377,1
1015.38,-0.148926,-0.93457,0.912598,0.488281,2.74658,-36.499,1
1015.39,-0.127441,-0.861816,0.911621,1.15967,2.50244,-36.1328,1
1015.4,-0.144531,-0.989258,0.962402,0.183105,1.70898,-37.0483,1
1015.41,-0.123535,-0.892578,0.949707,2.19727,0.854492,-36.0107,1
1015.42,-0.163574,-0.973633,0.942383,1.40381,2.31934,-36.377,1
1015.43,-0.141113,-0.962891,0.949219,2.99072,1.28174,-36.2549,1
1015.44,-0.100098,-0.888184,0.95752,2.38037,2.0752,-36.7432,1
1015.45,-0.0239258,-0.870117,0.916992,3.78418,0.854492,-35.8887,1
1015.46,-0.147461,-0.990723,0.953613,2.13623,1.34277,-36.6821,1
1015.47,-0.0693359,-0.936035,0.939941,3.96729,0.488281,-35.9497,1
1015.48,-0.0834961,-0.829102,0.995117,2.68555,1.46484,-36.2549,1
1015.49,0.00146484,-1.00732,1.00635,4.45557,0.488281,-34.8511,1
1015.5,-0.00927734,-0.681152,0.913086,3.479,-0.183105,-35.5835,1
1015.51,-0.00927734,-0.99707,0.841797,2.19727,-0.12207,-34.9121,1
1015.52,-0.0219727,-0.842285,0.883301,4.02832,-0.488281,-34.2407,1
1015.53,0.132812,-0.72168,0.972168,1.34277,-0.305176,-35.0342,1
1015.54,0.239746,-1.04883,0.939453,3.05176,-1.15967,-33.3252,1
1015.55,0.279297,-0.800293,0.876465,4.57764,-1.34277,-33.5083,1
1015.56,0.236816,-0.929688,0.892578,3.11279,-2.0752,-33.02,1
1015.57,0.183105,-0.871094,0.97998,4.02832,-1.58691,-32.1655,1
1015.58,0.0957031,-0.752441,1.01074,2.31934,-1.64795,-32.0435,1
1015.59,0.129883,-0.960938,0.955566,2.44141,-2.01416,-30.5176,1
1015.59,0.199219,-0.77002,0.954102,3.23486,-2.86865,-29.3579,1
1015.6,0.206055,-0.77832,0.939941,1.0376,-2.2583,-29.0527,1
1015.61,0.241211,-0.95752,0.971191,0.854492,-2.80762,-27.1606,1
1015.62,0.188965,-0.735352,0.988281,2.38037,-2.50244,-25.3906,1
1015.63,0.229492,-0.707031,0.958984,-0.793457,-2.62451,-25.1465,1
1015.64,0.189941,-0.92041,0.920898,2.13623,-2.99072,-22.2778,1
1015.65,0.179688,-0.637207,0.928223,3.479,-2.31934,-21.4233,1
1015.66,0.236328,-0.662598,0.911133,4.39453,-1.89209,-19.5312,1
1015.67,0.261719,-0.762695,0.913574,6.40869,-1.28174,-17.5781,1
1015.68,0.281738,-0.608398,0.902832,8.66699,-2.19727,-14.7705,1
1015.69,0.169434,-0.540527,0.96582,8.66699,-1.70898,-13.0005,1
1015.7,0.137207,-0.607422,0.989258,10.2539,-2.01416,-9.70459,1
1015.71,0.142578,-0.455566,0.984863,12.5732,-1.64795,-6.7749,1
1015.72,0.208008,-0.334473,0.984375,13.4888,-1.46484,-4.63867,1
1015.73,0.185059,-0.394043,1.01562,16.7236,-1.09863,-0.732422,1
1015.74,0.242188,-0.19873,0.967773,18.5547,-1.89209,2.2583,1
1015.75,0.243164,-0.270508,0.941406,19.104,-1.70898,5.7373,1
1015.76,0.205566,-0.263184,0.887695,21.3623,-1.58691,9.76562,1
1015.77,0.196289,-0.128906,0.921875,21.1182,-0.976562,12.6953,1
1015.78,0.177246,-0.0625,0.943848,21.4233,-0.915527,15.9302,1
1015.79,0.185059,-0.0317383,0.928223,21.1792,-0.915527,18.8599,1
1015.8,0.201172,0.0170898,0.866699,21.2402,-1.40381,21.9116,1
1015.81,0.212402,0.240723,0.871094,20.0806,-1.40381,24.4141,1
1015.82,0.189453,0.245605,0.942383,18.5547,-0.915527,26.4282,1
1015.83,0.166992,0.327637,1.00928,19.104,-1.2207,29.4189,1
1015.84,0.195801,0.429199,0.976074,18.9819,-0.976562,31.0059,1
1015.85,0.200684,0.355469,0.943359,19.3481,-0.854492,32.5317,1
1015.86,0.228516,0.468262,0.942871,20.0195,-1.2207,33.6304,1
1015.87,0.23584,0.661621,0.913086,18.9209,-0.915527,34.3018,1
1015.88,0.202148,0.59668,1.03613,17.7612,-0.366211,34.6069,1
1015.89,0.199219,0.71582,1.02539,18.3105,-0.183105,36.0718,1
1015.9,0.192383,0.792969,0.981445,16.1743,0.305176,35.8276,1
1015.91,0.192383,0.734375,1.0459,16.2354,0.305176,36.499,1
1015.92,0.248047,0.873535,1.09277,16.1743,0.793457,36.0718,1
1015.93,0.222168,0.881348,1.09277,15.3198,1.58691,35.9497,1
1015.93,0.200195,0.837891,1.06787,14.2822,1.46484,35.9497,1
1015.94,0.204102,0.858887,1.01465,12.085,1.46484,35.7056,1
1015.95,0.210449,0.964355,1.09619,10.0708,1.89209,35.6445,1
1015.96,0.178223,0.881348,1.20264,8.05664,1.89209,34.79,1
1015.97,0.183105,0.918945,1.2002,8.42285,1.2207,34.668,1
1015.98,0.215332,1.01709,1.08203,7.26318,2.01416,34.3628,1
1015.99,0.23877,0.958496,1.02539,5.61523,2.50244,33.8745,1
1016,0.27002,1.00732,1.12061,4.57764,1.70898,33.8745,1
1016.01,0.309082,1.04346,1.14404,3.41797,1.89209,33.6304,1
1016.02,0.272949,0.903809,1.20117,2.80762,1.83105,32.959,1
1016.03,0.252441,0.90625,1.20605,3.54004,1.34277,32.8979,1
1016.04,0.253906,1.04834,1.11523,1.95312,1.70898,32.0435,1
1016.05,0.25,0.948242,1.03857,-0.427246,1.2207,31.9824,1
1016.06,0.327148,0.886719,1.06787,-1.70898,0.854492,31.7993,1
1016.07,0.337402,0.939453,1.07178,-3.35693,0.427246,31.4331,1
1016.08,0.333008,0.898438,1.08545,-4.76074,0.427246,31.0059,1
1016.09,0.318848,0.828125,1.04004,-5.7373,0.0610352,30.4565,1
1016.1,0.331543,0.868652,1.00049,-5.92041,-0.793457,30.5176,1
1016.11,0.39209,0.821289,0.925781,-6.95801,-0.915527,29.3579,1
1016.12,0.396484,0.712402,0.867188,-6.22559,-1.0376,29.1748,1
1016.13,0.398926,0.819824,0.912109,-5.5542,-1.0376,28.8086,1
1016.14,0.415527,0.732422,0.907715,-6.83594,-1.34277,27.771,1
1016.15,0.449219,0.645996,0.918457,-4.63867,-1.58691,28.1372,1
1016.16,0.39209,0.750977,0.900391,-4.45557,-1.34277,26.9775,1
1016.17,0.397949,0.662109,0.883301,-4.21143,-1.58691,25.8789,1
1016.18,0.418945,0.615723,0.803711,-2.2583,-1.15967,25.6958,1
1016.19,0.458496,0.671875,0.85498,-1.46484,-0.976562,24.8413,1
1016.2,0.484375,0.704102,0.925781,-1.40381,-1.40381,23.7427,1
1016.21,0.464355,0.59668,0.956055,-1.09863,-0.488281,22.7051,1
1016.21,0.39209,0.753418,0.924805,0.305176,-0.305176,22.2778,1
1016.22,0.37793,0.709961,0.912109,-1.09863,0.305176,20.6299,1
1016.23,0.46875,0.479492,0.907227,0.549316,0.183105,20.2637,1
1016.24,0.487793,0.708496,0.9375,2.44141,1.0376,19.7144,1
1016.25,0.474121,0.706543,0.950684,0.12207,1.52588,17.8223,1
1016.26,0.457031,0.535156,0.969238,1.28174,1.70898,17.334,1
1016.27,0.400879,0.650879,1.04736,2.68555,2.74658,16.6626,1
1016.28,0.364746,0.663086,1.05273,2.01416,2.68555,15.564,1
1016.29,0.396484,0.548828,1.01758,1.28174,2.99072,15.3198,1
1016.3,0.412109,0.679199,1.01074,0.366211,2.86865,14.9536,1
1016.31,0.424316,0.694336,1.02197,-2.31934,3.2959,14.0991,1
1016.32,0.404297,0.517578,1.05469,-3.05176,3.23486,13.916,1
1016.33,0.362305,0.619629,1.08057,-2.99072,2.62451,13.6108,1
1016.34,0.357422,0.553223,1.05029,-4.39453,2.44141,13.1226,1
1016.35,0.382812,0.56543,1.00049,-4.02832,1.64795,13.3057,1
1016.36,0.388672,0.558594,0.980469,-5.5542,2.01416,12.4512,1
1016.37,0.386719,0.457031,0.995605,-6.04248,1.2207,12.3291,1
1016.38,0.391113,0.439453,0.998535,-6.46973,0.793457,11.8408,1
1016.39,0.365723,0.338867,0.986328,-5.79834,0.0610352,11.4136,1
1016.4,0.375977,0.47998,0.96582,-5.12695,-0.305176,11.2305,1
1016.41,0.383301,0.422363,0.963379,-6.28662,-0.183105,10.5591,1
1016.42,0.391113,0.279297,1.01221,-5.31006,-1.15967,10.8643,1
1016.43,0.422363,0.334961,1.00342,-4.27246,-1.52588,10.437,1
1016.44,0.397949,0.378418,0.986328,-4.27246,-2.01416,9.70459,1
1016.45,0.394531,0.193848,0.989258,-3.78418,-1.89209,9.27734,1
1016.46,0.393066,0.25293,1.02686,-2.80762,-2.13623,9.21631,1
1016.47,0.445312,0.325195,1.06445,-4.39453,-2.0752,8.36182,1
1016.48,0.494629,0.17627,1.02832,-5.12695,-2.19727,7.87354,1
1016.49,0.469238,0.233398,0.98877,-4.57764,-2.31934,7.32422,1
1016.5,0.451172,0.268066,0.984375,-5.31006,-1.77002,6.46973,1
1016.5,0.439941,0.175293,1.00098,-5.00488,-1.77002,6.34766,1
1016.51,0.469727,0.237305,1.03076,-4.39453,-1.95312,6.10352,1
1016.52,0.495605,0.169434,1.03711,-5.12695,-1.40381,5.31006,1
1016.53,0.53125,0.0854492,0.98584,-4.27246,-1.40381,5.18799,1
1016.54,0.51416,0.201172,0.911133,-3.78418,-0.793457,4.57764,1
1016.55,0.466309,0.124512,0.905762,-4.94385,-0.793457,3.78418,1
1016.56,0.48877,0.0356445,0.993652,-3.11279,-0.488281,3.96729,1
1016.57,0.496094,0.189453,1.05225,-2.62451,-0.244141,3.66211,1
1016.58,0.517578,0.0874023,0.998047,-3.11279,-0.305176,3.41797,1
1016.59,0.495117,0.0410156,0.95752,-1.89209,-0.305176,3.54004,1
1016.6,0.504883,0.193848,0.959961,-1.40381,0.244141,3.05176,1
1016.61,0.505371,0.115234,0.952637,-2.0752,0.671387,2.92969,1
1016.62,0.526367,0.0297852,0.964355,-1.28174,0.671387,3.35693,1
1016.63,0.499512,0.133301,0.96582,-0.732422,0.732422,3.23486,1
1016.64,0.481934,0.124512,1.03711,-0.793457,1.09863,3.05176,1
1016.65,0.48584,0.0512695,1.01416,-0.0610352,1.34277,3.2959,1
1016.66,0.513672,0.154785,0.976074,-0.12207,1.52588,3.60107,1
1016.66,0.480957,0.0605469,1.00537,0.0610352,2.01416,3.84521,1
1016.67,0.45459,0.165527,1.06396,1.0376,2.01416,4.08936,1
1016.68,0.476562,0.155273,1.08594,-0.12207,2.19727,4.21143,1
1016.69,0.507812,0.153809,1.03662,0.0610352,1.46484,4.82178,1
1016.7,0.497559,0.19873,1.0293,-0.366211,1.52588,4.69971,1
1016.71,0.458984,0.181641,1.06396,0,1.34277,5.24902,1
1016.72,0.428711,0.191895,1.07178,0.183105,1.46484,5.49316,1
1016.73,0.466797,0.27832,1.07031,0,0.976562,5.92041,1
1016.74,0.466309,0.248535,1.08154,-0.732422,0.427246,6.04248,1
1016.75,0.459473,0.252441,1.01367,0.305176,-0.244141,6.71387,1
1016.76,0.464355,0.27832,0.98584,0.305176,-0.610352,7.01904,1
1016.77,0.466797,0.205078,0.98584,1.28174,-1.2207,7.38525,1
1016.78,0.464844,0.34375,1.01025,1.70898,-1.52588,7.93457,1
1016.79,0.414551,0.348633,1.06787,0.671387,-1.58691,8.30078,1
1016.8,0.372559,0.209961,1.0249,1.2207,-2.0752,9.09424,1
1016.81,0.414551,0.336426,0.967773,2.74658,-2.19727,9.82666,1
1016.82,0.355469,0.393066,0.957031,1.40381,-1.70898,9.39941,1
1016.83,0.289062,0.28418,0.976562,1.58691,-1.95312,10.5591,1
1016.84,0.132324,0.460938,1.01855,1.77002,-0.915527,11.0474,1
1016.85,-0.0507812,0.456055,1.08252,0.305176,-0.0610352,10.5591,1
1016.86,-0.0986328,0.335938,1.02441,2.19727,1.09863,11.9019,1
1016.87,-0.0625,0.481934,1.02881,3.23486,1.89209,12.146,1
1016.88,-0.0102539,0.414062,0.915527,2.31934,2.56348,12.146,1
1016.89,-0.00439453,0.366699,0.992676,3.84521,2.92969,13.3057,1
1016.9,-0.0634766,0.536621,1.05078,2.74658,4.88281,12.3291,1
1016.91,-0.458984,0.397949,0.975586,2.0752,7.20215,12.5122,1
1016.92,-0.51123,0.275879,0.92627,3.84521,7.20215,12.8174,1
1016.93,-0.560059,0.401855,0.989746,4.88281,8.60596,12.9395,1
1016.94,-0.389648,0.703125,0.81543,3.05176,10.0098,13.6719,1
1016.95,-0.518555,0.509766,0.864746,-1.2207,10.6201,13.1836,1
1016.96,-0.594727,0.219238,0.89209,0.0610352,9.09424,14.4043,1
1016.97,-0.615234,0.569336,0.945801,2.0752,10.1318,14.6484,1
1016.98,-0.416504,0.594727,0.803711,-1.52588,10.0098,13.5498,1
1016.99,-0.527832,0.20459,0.847168,-0.732422,9.82666,15.1978,1
1017,-0.644043,0.407715,0.677246,0.366211,7.32422,15.686,1
1017.01,-0.592285,0.631836,0.745117,-1.34277,6.83594,15.686,1
1017.02,-0.525879,0.244629,0.826172,-2.50244,6.22559,16.7847,1
1017.02,-0.467285,0.325195,0.879395,0.183105,4.82178,18.5547,1
1017.03,-0.411621,0.521484,0.818848,-1.52588,4.02832,18.0054,1
1017.04,-0.467285,0.294434,0.905273,-0.610352,2.99072,19.3481,1
1017.05,-0.641602,0.564941,0.936523,1.2207,2.19727,20.2637,1
1017.06,-0.789062,0.537109,0.917969,0,2.80762,20.0195,1
1017.07,-0.658203,0.378906,1.06885,3.17383,1.89209,21.4233,1
1017.08,-0.535645,0.567383,1.15674,5.06592,1.64795,20.5688,1
1017.09,-0.541504,0.733887,1.08496,5.31006,1.09863,20.5078,1
1017.1,-0.644043,0.553711,1.08008,5.37109,1.95312,20.3857,1
1017.11,-0.796387,0.505371,1.12109,8.05664,1.83105,21.1792,1
1017.12,-0.673828,0.740234,1.10791,8.30078,2.62451,20.2026,1
1017.13,-0.739746,0.546875,1.20752,7.62939,3.90625,19.9585,1
1017.14,-0.601562,0.560547,1.22168,8.91113,2.19727,20.3247,1
1017.15,-0.675781,0.633301,1.15576,7.26318,3.60107,18.4326,1
1017.16,-0.634766,0.600586,1.01758,7.38525,4.3335,19.104,1
1017.17,-0.776367,0.710449,1.07812,4.63867,4.82178,18.1885,1
1017.18,-0.646484,0.621094,1.04688,2.50244,4.69971,17.9443,1
1017.19,-0.618652,0.526367,0.959473,2.2583,4.69971,18.1885,1
1017.2,-0.605469,0.613281,0.980469,1.77002,3.41797,18.0664,1
1017.21,-0.559082,0.721191,0.949707,-0.610352,2.99072,17.0288,1
1017.21,-0.659668,0.48584,0.907227,-2.56348,3.35693,17.334,1
1017.22,-0.676758,0.653809,0.913086,-2.44141,1.83105,17.8223,1
1017.23,-0.534668,0.59375,0.912598,-5.24902,1.70898,16.7847,1
1017.24,-0.549316,0.314453,0.979004,-3.479,-0.0610352,18.2495,1
1017.25,-0.533203,0.692871,0.757812,-3.35693,-1.15967,18.3105,1
1017.26,-0.789062,0.47168,1.13916,-7.32422,-1.70898,16.7847,1
1017.27,-0.684082,0.445801,0.962402,-3.41797,-1.0376,17.8833,1
1017.28,-0.499023,0.620117,0.779297,-0.549316,-0.183105,19.2261,1
1017.29,-0.495605,0.597168,0.813477,-2.50244,-2.86865,17.334,1
1017.3,-0.600098,0.347168,0.981445,0.244141,-4.94385,19.3481,1
1017.31,-0.744629,0.739258,1.12012,3.60107,-2.13623,18.0664,1
1017.32,-0.533691,0.637695,1,0.0610352,0.488281,15.3198,1
1017.33,-0.593262,0.349121,0.864258,4.27246,0.244141,17.0898,1
1017.34,-0.60791,0.667969,0.990723,4.45557,-1.70898,16.3574,1
1017.35,-0.646484,0.65918,0.971191,1.64795,-1.34277,15.5029,1
1017.36,-0.645508,0.364258,0.985352,2.13623,1.77002,15.2588,1
1017.37,-0.607422,0.522461,0.987793,2.74658,1.40381,14.7095,1
1017.38,-0.560547,0.696289,0.851562,0,1.83105,13.2446,1
1017.39,-0.875,0.39209,1.14746,-2.68555,1.77002,11.9629,1
1017.4,-0.64502,0.628906,0.875488,0,3.60107,13.6719,1
1017.41,-0.456543,0.65625,0.86377,-2.92969,3.96729,12.7563,1
1017.42,-0.618652,0.288574,0.9375,-4.08936,1.34277,11.6577,1
1017.43,-0.789551,0.621582,0.967285,-0.976562,2.01416,13.3057,1
1017.44,-0.729004,0.818359,0.974609,-4.39453,5.37109,11.4136,1
1017.45,-0.435547,0.330078,0.888184,-4.08936,4.63867,11.8408,1
1017.46,-0.51416,0.502441,0.879883,0.976562,2.44141,13.7939,1
1017.47,-0.621582,0.83252,0.977051,-1.58691,0.732422,12.6953,1
1017.48,-0.6875,0.334473,0.928711,-1.64795,2.74658,13.1836,1
1017.49,-0.669434,0.519531,0.90918,2.80762,3.479,14.4653,1
1017.5,-0.568359,0.92627,0.886719,0.427246,1.70898,13.855,1
1017.51,-0.634277,0.42627,1.05566,0,0.915527,15.1367,1
1017.52,-0.601074,0.448242,1.00098,5.00488,0.854492,16.4185,1
1017.53,-0.550293,0.8125,0.88916,4.63867,2.0752,16.2964,1
1017.54,-0.564453,0.569336,0.871094,2.01416,0.671387,16.6016,1
1017.55,-0.597656,0.493652,0.921387,4.02832,-0.732422,18.3105,1
1017.55,-0.644531,0.795898,1.01416,3.41797,0,18.4937,1
1017.56,-0.526855,0.730957,0.927734,1.46484,1.2207,18.1274,1
1017.57,-0.319824,0.53125,0.858887,3.41797,0.244141,20.6299,1
1017.58,-0.39502,0.742188,1.01514,2.2583,-1.77002,20.0195,1
1017.59,-0.518066,0.749512,0.973633,1.52588,-2.0752,21.5454,1
1017.6,-0.473633,0.523926,0.974609,2.38037,1.2207,21.8506,1
1017.61,-0.314453,0.785156,0.858887,1.77002,0.183105,21.6675,1
1017.62,-0.277344,0.818848,0.891602,-0.915527,-0.366211,22.522,1
1017.63,-0.373535,0.559082,1.0249,-0.915527,-1.77002,23.9868,1
1017.64,-0.402344,0.775391,1.00195,0.305176,-0.732422,24.1699,1
1017.65,-0.288086,0.736816,0.945801,-1.52588,1.09863,23.5596,1
1017.66,-0.282715,0.665527,0.981445,-0.976562,-0.244141,24.7192,1
1017.67,-0.335938,0.922363,0.962402,-1.58691,-0.366211,25.1465,1
1017.68,-0.39502,0.840332,0.92334,-3.60107,0.244141,24.7803,1
1017.69,-0.349121,0.576172,0.94873,-1.95312,0.488281,26.062,1
1017.7,-0.259766,0.700195,0.997559,0.0610352,-0.0610352,26.5503,1
1017.71,-0.22168,0.806641,1.00488,-0.427246,0.244141,26.5503,1
1017.72,-0.255371,0.678223,0.922363,-0.671387,0.854492,26.6113,1
1017.73,-0.297852,0.812012,0.876465,-0.0610352,0.488281,27.5879,1
1017.74,-0.273926,0.780762,0.927246,-1.34277,0.427246,27.2217,1
1017.75,-0.179688,0.702148,0.9375,0.12207,-0.183105,29.1138,1
1017.76,-0.175293,0.780273,0.965332,0.244141,0.488281,28.8696,1
1017.77,-0.175293,0.742676,0.972656,0.0610352,0,29.2969,1
1017.78,-0.194336,0.783203,0.913086,0.732422,0.305176,29.8462,1
1017.79,-0.211914,0.783691,0.891602,0.549316,0.244141,29.7852,1
1017.8,-0.169434,0.739258,0.928711,1.2207,-0.0610352,30.2734,1
1017.81,-0.163574,0.849609,0.953125,1.40381,0.427246,30.3955,1
1017.82,-0.172852,0.809082,0.959961,1.09863,0.183105,30.5786,1
1017.83,-0.174316,0.672363,0.899902,2.62451,0.12207,31.7383,1
1017.84,-0.1875,0.882812,0.928223,3.54004,0,31.9824,1
1017.85,-0.189941,0.822754,0.987793,2.19727,0.671387,31.25,1
1017.86,-0.158203,0.777344,0.966797,3.90625,0.488281,32.5317,1
1017.87,-0.182617,0.862305,0.954102,3.2959,0.610352,31.9824,1
1017.88,-0.177246,0.782715,0.928223,2.62451,0.427246,32.1655,1
1017.89,-0.175293,0.891602,0.972168,3.11279,0.610352,33.0811,1
1017.9,-0.162598,0.904785,1.00244,2.13623,1.2207,32.4707,1
1017.91,-0.141602,0.806152,0.997559,2.62451,1.46484,32.959,1
1017.91,-0.160645,0.887695,0.974121,2.80762,1.70898,33.2031,1
1017.92,-0.172363,0.895996,0.958496,1.34277,1.77002,32.4097,1
1017.93,-0.151855,0.822754,0.936035,0.488281,1.89209,32.959,1
1017.94,-0.17041,0.900879,0.942383,0,1.83105,33.5693,1
1017.95,-0.149902,0.833008,0.969238,-1.34277,1.95312,32.8369,1
1017.96,-0.161133,0.922852,0.999023,-0.305176,2.0752,33.9355,1
1017.97,-0.151855,1.01318,0.975586,-1.89209,2.74658,33.1421,1
1017.98,-0.150879,0.760254,0.912598,-2.99072,2.19727,33.0811,1
1017.99,-0.146973,0.785156,0.915039,-1.52588,1.40381,34.4849,1
1018,-0.133301,0.932129,0.886719,-2.62451,1.70898,33.6304,1
1018.01,-0.118652,0.785645,0.886719,-2.92969,1.70898,33.9355,1
1018.02,-0.106934,0.898438,0.912598,-1.89209,1.34277,34.4238,1
1018.03,-0.0942383,0.968262,0.932129,-3.11279,1.58691,33.8745,1
1018.04,-0.107422,0.690918,0.922363,-2.0752,1.09863,34.79,1
1018.05,-0.0766602,0.908691,0.887207,0,0.610352,34.8511,1
1018.06,-0.0571289,0.974121,0.890137,-1.40381,1.28174,34.3628,1
1018.07,-0.0673828,0.75,0.983887,-0.305176,0.610352,34.9731,1
1018.08,-0.105957,0.944336,1.02344,1.2207,0.488281,35.2783,1
1018.09,-0.144043,0.904785,1.04248,0.488281,0.732422,34.79,1
1018.1,-0.0917969,0.790039,0.972656,2.0752,0.244141,35.4614,1
1018.11,-0.0732422,0.958984,0.912598,2.56348,0,35.4004,1
1018.12,-0.0107422,0.930176,0.984375,1.58691,-0.244141,35.0952,1
1018.13,0.0292969,0.908203,1.06934,1.77002,-0.549316,35.7056,1
1018.14,0.115234,0.94873,1.06592,1.28174,-0.854492,35.7666,1
1018.15,0.097168,0.830078,0.97168,0.427246,-0.854492,35.8276,1
1018.16,0.0581055,0.859863,0.968262,0.0610352,-2.01416,35.8276,1
1018.17,0.0522461,1.03076,0.942871,-0.732422,-2.01416,35.7056,1
1018.18,0.0541992,0.862793,1.04102,-2.2583,-1.77002,35.5225,1
1018.19,0.0981445,0.967285,1.04248,-1.34277,-3.11279,35.8887,1
1018.2,0.163574,0.997559,1.00342,-3.23486,-2.62451,34.668,1
1018.21,0.0908203,0.836426,1.02197,-2.80762,-2.74658,35.4614,1
1018.22,0.0605469,0.955566,0.951172,-2.74658,-2.80762,35.4614,1
1018.23,0.129883,0.890625,0.921875,-4.57764,-2.80762,34.668,1
1018.24,0.203125,0.748047,0.979004,-3.35693,-3.35693,35.2173,1
1018.25,0.240723,0.981934,1,-2.74658,-2.92969,34.5459,1
1018.26,0.17627,0.850098,0.932129,-4.08936,-2.38037,33.5693,1
1018.26,0.130859,0.836426,0.89209,-2.19727,-2.38037,34.1797,1
1018.27,0.0844727,0.994629,0.883789,-2.86865,-1.70898,32.8369,1
1018.28,0.104492,0.855469,1.0332,-2.80762,-1.64795,32.7759,1
1018.29,0.166992,0.917969,0.994629,-0.915527,-1.58691,33.3862,1
1018.3,0.232422,0.970215,1.01807,-1.40381,-0.915527,32.6538,1
1018.31,0.179199,0.825195,0.978027,-1.15967,-0.732422,32.4097,1
1018.32,0.146484,0.902832,0.958496,0.12207,-0.854492,32.5317,1
1018.33,0.124512,0.898438,0.992676,-0.549316,-0.305176,31.4941,1
1018.34,0.175293,0.755859,1.13135,0.488281,-0.793457,32.4097,1
1018.35,0.200684,1.0127,1.03076,0.732422,-0.366211,31.9214,1
1018.36,0.195801,0.951172,0.944824,-1.34277,0.183105,31.189,1
1018.37,0.140137,0.803711,0.991211,-0.183105,0.854492,31.6162,1
1018.38,0.112793,0.935059,1.03613,0.244141,1.40381,31.8604,1
1018.39,0.134766,0.924316,1.01904,-1.34277,1.15967,30.9448,1
1018.4,0.107422,0.835938,1.00195,-1.15967,1.46484,31.4331,1
1018.41,0.0805664,0.98584,0.948242,-1.58691,1.58691,31.311,1
1018.42,0.0356445,0.847656,0.969727,-3.2959,2.0752,30.7007,1
1018.43,0.0205078,0.907715,0.943359,-1.64795,1.89209,31.9214,1
1018.44,0.0253906,0.914062,0.964355,-3.11279,2.50244,31.0669,1
1018.45,0.0356445,0.762695,0.98291,-2.13623,1.70898,31.7993,1
1018.46,0.0458984,0.852539,0.983398,-1.70898,2.13623,31.4331,1
1018.47,-0.00634766,0.859375,0.891602,-1.89209,2.2583,31.5552,1
1018.48,-0.0288086,0.833008,0.870117,-1.83105,2.31934,31.5552,1
1018.49,-0.0180664,0.884766,0.858887,-2.01416,2.86865,31.7993,1
1018.5,-0.0166016,0.840332,0.924316,-2.62451,2.74658,32.0435,1
1018.51,-0.00390625,0.820801,0.913086,-2.31934,2.31934,32.4707,1
1018.52,-0.0131836,0.830566,0.922363,-2.01416,2.2583,32.5928,1
1018.53,-0.0512695,0.865723,0.939453,-1.64795,2.38037,32.7759,1
1018.54,-0.0249023,0.869629,0.894531,-2.31934,2.80762,32.5928,1
1018.55,-0.0488281,0.773926,0.910156,-2.01416,2.31934,33.3252,1
1018.56,-0.0581055,0.957031,0.925781,-1.64795,2.0752,33.6304,1
1018.56,-0.0302734,0.730957,0.885254,-2.0752,2.44141,33.6914,1
1018.57,-0.00732422,0.847656,0.895508,0.610352,1.70898,34.6069,1
1018.58,-0.0551758,0.976074,0.964355,-1.0376,1.83105,33.8745,1
1018.59,-0.0512695,0.83252,0.980957,0,1.46484,35.0952,1
1018.6,-0.0371094,0.862305,0.912598,-0.0610352,1.89209,35.0952,1
1018.61,-0.0454102,0.860352,0.908203,0.183105,1.40381,35.7056,1
1018.62,0.00292969,0.831055,0.931152,-0.549316,0.671387,34.9731,1
1018.63,-0.0375977,0.935059,0.916504,0.610352,1.09863,36.5601,1
1018.64,-0.0761719,0.935059,1.03174,-0.366211,1.28174,35.7666,1
1018.65,-0.0546875,0.813965,0.993164,-0.244141,1.15967,35.7666,1
1018.66,-0.0581055,0.97998,0.962402,1.34277,2.13623,36.7432,1
1018.67,-0.0976562,0.974609,0.979492,-0.549316,2.31934,35.6445,1
1018.68,-0.0712891,0.732422,1.02344,-0.12207,1.52588,35.9497,1
1018.69,-0.0385742,0.996094,0.986816,1.28174,2.56348,36.499,1
1018.7,-0.0507812,0.951172,0.960938,-1.95312,3.23486,35.3394,1
1018.71,-0.081543,0.783203,0.912109,-0.732422,2.50244,36.3159,1
1018.72,-0.105469,1.03711,0.929199,-0.244141,3.41797,35.9497,1
1018.73,-0.0874023,0.932617,1,-1.89209,3.72314,35.8887,1
1018.74,-0.0966797,0.722656,0.988281,-0.610352,3.54004,36.499,1
1018.75,-0.0463867,1.09521,0.935547,-0.366211,3.72314,36.1938,1
1018.76,-0.0751953,0.816406,0.944336,-3.05176,4.57764,35.5835,1
1018.77,-0.0214844,0.796387,0.931152,0.427246,3.54004,36.8652,1
1018.78,-0.0185547,1.09229,0.920898,-1.40381,4.5166,35.7666,1
1018.79,-0.0283203,0.859863,0.936035,-2.80762,4.39453,35.9497,1
1018.8,-0.0336914,0.798828,0.947754,-0.854492,4.63867,36.9263,1
1018.8,-0.0415039,0.956543,0.927734,-1.52588,4.21143,36.3159,1
1018.81,0.00146484,0.915527,0.958008,-1.83105,4.39453,36.2549,1
1018.82,0.00537109,0.86084,0.896973,-1.46484,5.00488,36.8652,1
1018.83,0.0249023,0.936523,0.953613,-1.77002,4.3335,36.8042,1
1018.84,-0.0112305,0.904785,0.908691,-2.44141,4.57764,36.7432,1
1018.85,-0.012207,0.835938,0.893066,-1.70898,3.90625,37.5366,1
1018.86,-0.0366211,0.983887,0.919434,-1.28174,3.72314,37.1704,1
1018.87,0.00244141,0.918945,0.944824,-2.56348,4.39453,36.6821,1
1018.88,-0.00830078,0.810547,0.945312,-1.28174,4.02832,38.0249,1
1018.89,-0.0449219,0.943848,0.902832,-1.95312,3.479,37.2925,1
1018.9,-0.0200195,0.883301,0.856934,-2.56348,3.60107,37.9028,1
1018.91,-0.0874023,0.87207,0.914551,-0.915527,3.72314,38.5742,1
1018.92,-0.0722656,0.915039,0.940918,-1.58691,3.41797,37.7808,1
1018.93,-0.0576172,0.92041,0.922852,-0.671387,3.23486,38.6963,1
1018.94,-0.0576172,0.92334,0.92627,-0.732422,3.54004,38.3911,1
1018.95,-0.0742188,0.921387,0.899902,0,2.56348,38.7573,1
1018.96,-0.0761719,0.909668,0.963379,0.366211,2.99072,38.5742,1
1018.97,-0.0961914,0.91748,0.974609,0.915527,2.99072,39.0625,1
1018.98,-0.0576172,0.821777,0.945312,1.0376,2.86865,38.9404,1
1018.99,-0.0449219,0.932129,0.890137,2.0752,2.86865,39.978,1
1019,-0.0532227,0.96875,0.894043,0.366211,2.31934,38.8184,1
1019.01,-0.0761719,0.856445,0.911621,1.40381,2.2583,40.0391,1
1019.02,-0.0771484,0.939453,1.00977,2.19727,1.77002,40.4053,1
1019.03,-0.0483398,0.904297,0.952148,0.427246,1.83105,39.4287,1
1019.04,-0.0170898,0.91748,0.917969,0.915527,1.70898,40.5273,1
1019.05,-0.0302734,1.00635,0.931641,-1.09863,1.95312,39.6729,1
1019.06,0.00878906,0.905273,0.924316,-2.13623,1.34277,39.5508,1
1019.07,-0.0366211,1.0625,0.930664,-1.46484,1.40381,40.8325,1
1019.08,0.00195312,0.940918,0.967773,-3.60107,1.40381,39.856,1
1019.09,0.0332031,0.852539,0.952637,-2.50244,0.732422,40.7104,1
1019.1,0.0541992,0.998535,0.897461,-3.35693,1.34277,39.6118,1
1019.11,0,0.867188,0.921387,-4.3335,1.09863,39.4287,1
1019.12,0.0297852,0.9375,0.914062,-3.11279,1.09863,39.7339,1
1019.13,0.0717773,1.0127,0.894043,-3.54004,1.77002,39.3677,1
1019.14,0.0546875,0.898926,0.916504,-2.80762,1.09863,39.4897,1
1019.14,0.0639648,0.9375,0.956543,-1.15967,0.793457,39.3677,1
1019.15,0.0224609,1.04102,0.937012,-1.09863,1.70898,39.0015,1
1019.16,-0.0229492,0.856445,0.978516,-0.427246,1.28174,38.8794,1
1019.17,-0.00878906,0.997559,0.958496,1.58691,1.15967,38.8184,1
1019.18,-0.0283203,1.02539,0.961426,0.671387,2.31934,38.147,1
1019.19,-9.765625e-04,0.784668,0.977051,1.64795,2.01416,38.3301,1
1019.2,-9.765625e-04,0.987793,1.0376,3.66211,1.83105,38.6353,1
1019.21,-4.882812e-04,1.13672,0.911133,1.89209,2.68555,38.147,1
1019.22,-0.03125,0.818848,1.04785,2.68555,2.62451,38.208,1
1019.23,-0.0175781,1.1333,1.05762,4.02832,2.31934,37.9028,1
1019.24,-0.00683594,1.0918,0.963379,1.46484,3.2959,38.0249,1
1019.25,-0.0649414,0.92627,0.981934,1.46484,2.74658,38.147,1
1019.26,-0.0859375,0.880859,1.07275,-0.305176,3.54004,37.0483,1
1019.27,0.0292969,1.21777,0.850586,-0.854492,2.99072,38.3301,1
1019.28,-0.0141602,0.665527,0.916504,-4.82178,3.54004,38.208,1
1019.29,-0.0126953,1.15723,0.905762,-1.09863,1.64795,39.1846,1
1019.3,0.0400391,0.918457,0.881836,-7.08008,2.62451,37.2314,1
1019.31,-0.0908203,0.811523,0.852051,-4.45557,2.74658,39.3066,1
1019.32,0.00146484,1.02783,0.851562,-5.37109,2.0752,38.6963,1
1019.33,-0.00878906,0.791992,0.94043,-6.22559,1.46484,38.9404,1
1019.34,0.0390625,0.958984,0.869141,-5.67627,0.732422,39.5508,1
1019.35,0.0488281,0.973145,0.901367,-8.66699,1.28174,38.9404,1
1019.36,0.019043,0.785156,0.851562,-8.30078,0.976562,38.6963,1
1019.37,-0.0415039,0.820312,0.922852,-5.5542,1.15967,39.7949,1
1019.38,0.135742,1.09473,0.856934,-6.65283,0.0610352,38.4521,1
1019.39,0.0371094,0.794922,0.890625,-6.95801,1.2207,38.6963,1
1019.4,0.104004,0.952637,0.956543,-3.96729,1.46484,38.7573,1
1019.41,0.0888672,0.876465,0.878418,-5.61523,1.64795,37.4756,1
1019.42,0.118652,0.888184,0.969727,-2.38037,1.28174,38.0249,1
1019.43,0.133789,0.99707,0.861816,-2.50244,1.46484,36.9263,1
1019.43,0.0986328,0.96875,0.959961,-1.28174,1.52588,36.9873,1
1019.44,0.0405273,0.996094,0.988281,-0.793457,1.83105,36.2549,1
1019.45,0.0410156,0.710938,1.03369,1.46484,2.80762,36.9263,1
1019.46,0.0908203,1.03223,0.956543,4.15039,1.77002,37.1704,1
1019.47,0.0805664,0.995117,0.960938,1.64795,1.95312,36.0107,1
1019.48,0.131348,0.687988,1.01758,2.99072,1.95312,36.0107,1
1019.49,0.120117,1.20215,0.997559,4.39453,2.50244,36.1938,1
1019.5,0.0708008,0.891602,0.999023,-0.183105,3.05176,35.2173,1
1019.51,0.158203,0.773438,0.874512,5.18799,2.2583,35.8887,1
1019.52,0.00830078,1.32617,1.03711,3.66211,3.11279,34.8511,1
1019.53,0.0249023,0.822266,1.09619,-0.12207,4.08936,34.4849,1
1019.54,-0.00634766,0.662109,1.00928,4.27246,3.2959,36.2549,1
1019.55,0.0283203,1.30615,1.07422,1.70898,4.08936,34.4849,1
1019.56,0.0356445,0.898438,0.812988,-2.92969,3.90625,33.6304,1
1019.57,-0.0561523,0.675781,0.995605,1.40381,4.3335,34.8511,1
1019.58,-0.0385742,1.25293,1.0293,-0.12207,3.60107,33.9355,1
1019.59,0.0131836,0.97168,0.953125,-4.02832,4.02832,34.4238,1
1019.6,-0.034668,0.649902,0.921875,-2.19727,3.78418,35.4004,1
1019.61,-0.0102539,1.13721,0.833496,-1.09863,2.86865,35.7056,1
1019.62,-0.0981445,0.897949,0.975586,-5.43213,3.17383,34.729,1
1019.63,-0.0078125,0.654785,0.961914,-2.74658,2.13623,35.7056,1
1019.64,0.0273438,1.11865,0.900391,-2.80762,2.01416,35.8276,1
1019.65,-0.0527344,0.959473,0.89502,-6.34766,2.2583,35.5225,1
1019.66,-0.0400391,0.824219,0.827148,-5.06592,0.732422,36.1328,1
1019.67,-0.0473633,0.965332,0.96875,-4.3335,1.83105,36.0718,1
1019.68,0.027832,0.938477,0.970703,-4.45557,1.15967,36.0107,1
1019.69,0.0400391,0.87207,0.925293,-3.35693,1.34277,36.7432,1
1019.7,-0.012207,0.949707,0.945312,-2.86865,0.915527,36.0718,1
1019.71,0.0322266,0.960938,0.957031,-2.2583,0.732422,36.8652,1
1019.72,0.0341797,0.845703,1.00928,-2.13623,1.09863,36.6821,1
1019.72,0.0341797,0.955078,0.954102,-1.70898,-0.183105,36.8042,1
1019.73,0.0947266,0.916016,0.917969,-1.58691,0.12207,37.1094,1
1019.74,0.0390625,0.808105,0.966797,-0.305176,0.244141,37.2314,1
1019.75,0.0302734,1.14746,1.04541,1.09863,-0.732422,37.2314,1
1019.76,0.137695,0.968262,0.993652,-1.28174,-0.366211,36.8042,1
1019.77,0.0742188,0.819336,1.03076,1.46484,-0.244141,38.3911,1
1019.78,0.110352,1.09424,0.992188,0.427246,-0.610352,37.1704,1
1019.79,0.0844727,0.874023,0.999512,-0.793457,-0.488281,37.6587,1
1019.8,0.0830078,0.793457,1.03369,0.854492,-0.915527,37.9639,1
1019.81,0.175293,1.20264,1.01123,-0.427246,-0.671387,37.5977,1
1019.82,0.183105,0.867188,1.00146,-2.86865,-0.488281,37.4756,1
1019.83,0.184082,0.853027,1.04541,0.305176,-0.610352,37.4146,1
1019.84,0.140625,1.23584,1.04004,-1.2207,-0.0610352,36.6211,1
1019.85,0.0424805,0.872559,1.03711,-3.66211,0.12207,36.7432,1
1019.86,0.0883789,0.677246,0.986328,-2.56348,-0.366211,36.8652,1
1019.87,0.152344,1.01514,0.927734,-2.56348,0.488281,37.1704,1
1019.88,0.182617,0.872559,0.945801,-5.98145,0.671387,36.0107,1
1019.89,0.208008,0.656738,0.910645,-4.27246,0.488281,36.8042,1
1019.9,0.218262,1.00049,0.865234,-3.41797,0.488281,35.8887,1
1019.91,0.150391,0.899902,0.88623,-5.92041,1.09863,35.0342,1
1019.92,0.15918,0.711914,0.877441,-4.88281,0.915527,35.0342,1
1019.93,0.190918,0.95459,0.861816,-4.69971,2.13623,34.668,1
1019.94,0.232422,0.82666,0.869629,-6.34766,2.62451,33.9355,1
1019.95,0.246582,0.674316,0.873047,-4.63867,2.38037,33.9966,1
1019.96,0.157227,0.95752,0.943359,-3.60107,2.31934,33.5693,1
1019.97,0.121582,0.814941,1.09814,-5.24902,3.23486,32.7759,1
1019.98,0.213867,0.913086,0.91748,-4.02832,2.74658,32.5317,1
1019.99,0.197754,0.90332,0.970703,-4.3335,3.90625,32.1655,1
1020,0.222656,0.769531,0.98584,-1.95312,3.17383,32.0435,1
1020.01,0.164551,0.926758,0.943848,-0.671387,3.84521,31.9214,1
1020.02,0.123535,0.883789,0.989258,-1.40381,3.72314,31.4331,1
1020.03,0.218262,0.710938,0.970215,0.12207,3.479,31.8604,1
1020.04,0.182129,0.932617,0.947754,1.0376,4.3335,32.1045,1
1020.05,0.153809,0.945312,1.02979,-1.70898,4.21143,30.8838,1
1020.05,0.167969,0.704102,1.00537,-0.427246,4.21143,31.4331,1
1020.06,0.165527,0.937988,0.929199,1.0376,4.76074,31.6162,1
1020.07,0.127441,0.924805,0.958984,-1.34277,4.27246,31.0669,1
1020.08,0.105469,0.638672,0.989258,-0.671387,3.66211,31.7383,1
1020.09,0.162109,0.897949,0.919922,0.244141,3.60107,32.1045,1
1020.1,0.133301,0.875977,0.925781,-1.58691,3.90625,31.9824,1
1020.11,0.122559,0.67334,0.889648,-0.915527,2.74658,32.2876,1
1020.12,0.113281,0.911133,0.912109,-1.09863,2.86865,32.2876,1
1020.13,0.124512,0.789551,0.945801,-2.62451,2.74658,32.6538,1
1020.14,0.17627,0.680664,0.906738,-1.58691,1.58691,32.8979,1
1020.15,0.129883,0.946777,0.865234,-1.70898,1.46484,33.2031,1
1020.16,0.0991211,0.816406,0.928711,-3.2959,1.89209,33.1421,1
1020.17,0.137207,0.692383,0.898926,-2.31934,1.46484,33.9966,1
1020.18,0.15918,0.966797,0.897949,-2.56348,1.28174,34.1797,1
1020.19,0.15625,0.764648,0.947266,-4.39453,0.671387,33.8745,1
1020.2,0.155273,0.658203,0.910156,-1.46484,-0.244141,34.79,1
1020.21,0.169434,0.987793,0.878418,-1.34277,0.366211,34.0576,1
1020.22,0.174805,0.807129,0.844238,-2.92969,0.793457,34.0576,1
1020.23,0.108887,0.649414,0.923828,-0.915527,0.12207,34.9731,1
1020.24,0.157227,0.961914,0.965332,-0.549316,-0.183105,34.79,1
1020.25,0.216309,0.799805,0.941406,-1.83105,-0.12207,34.4849,1
1020.26,0.242676,0.766113,0.948242,0.366211,0,34.8511,1
1020.27,0.181152,1.03027,0.934082,-0.732422,0.671387,33.6914,1
1020.28,0.160645,0.850098,0.971191,-1.2207,0.793457,33.7524,1
1020.29,0.0854492,0.754883,1.00977,1.58691,0.854492,34.5459,1
1020.3,0.150391,0.964355,0.980469,2.31934,0.793457,33.8745,1
1020.31,0.193359,0.820801,1.00732,1.89209,1.15967,33.5693,1
1020.32,0.205078,0.745117,1.00635,3.54004,1.09863,33.9966,1
1020.33,0.165527,1.03125,0.998047,2.86865,1.46484,33.5083,1
1020.34,0.133301,0.925293,0.966797,0,1.70898,32.7148,1
1020.35,0.115723,0.806152,1.05469,1.34277,1.77002,33.4473,1
1020.36,0.148438,1.06152,1.06641,1.34277,2.38037,32.8979,1
1020.37,0.112793,0.804199,1.00391,-0.610352,2.44141,32.7148,1
1020.38,0.149902,0.801758,0.991699,0.854492,1.83105,33.3862,1
1020.39,0.168457,1.03516,0.969238,-1.34277,2.44141,32.4707,1
1020.39,0.129883,0.73291,0.990723,-2.56348,2.68555,32.8369,1
1020.4,0.134277,0.816895,1.00537,-0.793457,2.50244,32.8979,1
1020.41,0.128906,0.938965,0.945312,-2.99072,2.56348,31.8604,1
1020.42,0.108398,0.748535,0.896973,-2.99072,2.31934,32.6538,1
1020.43,0.15625,0.884277,0.887695,-2.31934,2.13623,32.7759,1
1020.44,0.124512,0.866699,0.955078,-3.479,2.80762,32.0435,1
1020.45,0.100098,0.768555,0.965332,-2.80762,2.50244,32.6538,1
1020.46,0.0864258,0.806641,0.929688,-3.23486,2.44141,32.2266,1
1020.47,0.101562,0.782715,0.831055,-3.96729,2.31934,31.9824,1
1020.48,0.136719,0.796387,0.865234,-3.90625,2.38037,32.1655,1
1020.49,0.140625,0.833984,0.929199,-3.05176,2.19727,32.1045,1
1020.5,0.135742,0.874512,0.987305,-2.31934,2.38037,31.8604,1
1020.51,0.106934,0.836426,1.00391,-2.13623,2.38037,31.5552,1
1020.52,0.0874023,0.800293,0.966309,-1.09863,2.19727,32.2266,1
1020.53,0.0800781,0.813965,0.950195,-1.34277,2.38037,31.5552,1
1020.54,0.118652,0.883789,0.975586,-1.28174,2.01416,32.0435,1
1020.55,0.157715,0.790527,0.980957,-2.0752,2.62451,31.6772,1
1020.56,0.155762,0.801758,0.997559,-0.732422,1.46484,31.9214,1
1020.57,0.104004,1.02002,1.00732,-0.915527,2.2583,31.4941,1
1020.58,0.0615234,0.798828,1.00098,-2.0752,2.50244,30.7617,1
1020.59,0.0947266,0.808105,0.976074,0.549316,2.31934,32.1045,1
1020.59,0.145508,0.949707,1.00684,-0.549316,2.19727,31.25,1
1020.6,0.135742,0.728516,1.00244,-0.915527,1.64795,31.4941,1
1020.61,0.13916,0.781738,0.983887,0.915527,2.19727,31.4331,1
1020.62,0.11377,0.855957,0.977051,0,2.50244,31.189,1
1020.63,0.106445,0.691895,0.950195,0.305176,1.70898,31.6162,1
1020.64,0.121582,0.904785,0.930664,0.915527,0.671387,31.6772,1
1020.65,0.103027,0.881836,1.00879,-0.549316,1.77002,31.189,1
1020.66,0.097168,0.722656,1.01465,-0.12207,1.52588,31.4941,1
1020.67,0.145508,0.779297,0.918457,-0.854492,1.77002,31.1279,1
1020.68,0.128418,0.770996,0.853027,-2.2583,0.976562,31.4941,1
1020.69,0.106445,0.762207,0.972656,-2.92969,0.976562,31.3721,1
1020.7,0.140625,0.872559,0.973633,-3.23486,1.28174,31.0669,1
1020.71,0.177246,0.815918,1.00879,-4.3335,1.34277,30.3345,1
1020.72,0.132812,0.733398,0.976562,-3.35693,0.610352,30.8838,1
1020.73,0.136719,0.904297,0.955566,-3.60107,0.244141,30.3345,1
1020.74,0.148926,0.733887,0.982422,-4.5166,1.40381,30.0903,1
1020.75,0.179688,0.721191,0.988281,-3.11279,1.15967,30.6396,1
1020.76,0.177734,0.866699,0.977051,-4.21143,0.610352,29.8462,1
1020.77,0.16748,0.797852,0.999512,-4.57764,0.12207,29.48,1
1020.78,0.154297,0.821777,1.00537,-3.2959,0.915527,29.9072,1
1020.79,0.141113,0.800293,0.971191,-3.90625,1.2207,29.0527,1
1020.8,0.203613,0.734863,0.970703,-2.74658,0.610352,29.541,1
1020.81,0.231445,0.783691,0.951172,-1.0376,0.732422,29.541,1
1020.82,0.211914,0.880371,0.987793,-0.732422,0.549316,28.8696,1
1020.83,0.154785,0.760742,1.04639,-0.366211,0.793457,29.0527,1
1020.84,0.119629,0.69043,1.06738,1.28174,0.915527,29.6631,1
1020.85,0.14209,0.83252,0.97998,1.83105,0.732422,29.9683,1
1020.86,0.1875,0.769531,0.976074,1.0376,1.0376,29.2358,1
1020.87,0.187988,0.705078,0.999023,2.74658,0.488281,29.9683,1
1020.88,0.138184,0.847168,0.994629,3.05176,0.732422,30.2124,1
1020.89,0.133301,0.852051,0.969238,1.15967,0.305176,29.7852,1
1020.9,0.169434,0.654297,0.916504,0.976562,0.671387,30.7007,1
1020.91,0.179199,0.865234,0.920898,1.52588,0.549316,31.0669,1
1020.92,0.163086,0.936523,0.998047,-0.854492,0.976562,30.3345,1
1020.92,0.0888672,0.654785,1.03906,0,0.610352,31.189,1
1020.93,0.0952148,0.850586,0.988281,0.976562,0.610352,31.0059,1
1020.94,0.124023,0.930176,0.896484,-0.976562,1.46484,30.7617,1
1020.95,0.117188,0.706543,0.960449,-1.52588,1.34277,31.311,1
1020.96,0.111816,0.822266,1.02002,-0.854492,0.854492,31.6772,1
1020.97,0.123047,0.921875,1.01172,-1.77002,1.0376,31.6162,1
1020.98,0.111816,0.688965,0.973145,-1.58691,1.58691,31.6772,1
1020.99,0.0976562,0.899414,0.90625,-0.732422,1.28174,31.189,1
1021,0.110352,0.911133,0.890137,-2.80762,1.95312,31.1279,1
1021.01,0.110352,0.674805,0.974121,-1.95312,1.34277,32.2266,1
1021.02,0.151855,0.872559,0.973633,-1.0376,0.976562,31.9214,1
1021.03,0.114746,0.833984,0.943359,-1.64795,1.89209,31.311,1
1021.04,0.059082,0.725586,0.975586,0.549316,1.89209,31.9214,1
1021.05,0.074707,0.914062,0.930664,0.976562,2.31934,31.0669,1
1021.06,0.0888672,0.856934,0.9375,0.732422,2.68555,31.4941,1
1021.07,0.0634766,0.750488,0.997559,1.83105,2.74658,31.7383,1
1021.08,0.0668945,0.894043,0.989746,2.38037,2.68555,31.7993,1
1021.09,0.0107422,0.805176,0.984375,1.40381,3.54004,31.9214,1
1021.1,0.034668,0.737305,0.956055,1.70898,3.11279,32.1655,1
1021.11,0.050293,0.907227,0.904297,1.70898,3.11279,32.2266,1
1021.12,0.0493164,0.899902,0.945312,0.244141,3.17383,31.8604,1
1021.13,0.0454102,0.833984,0.998535,0.427246,2.50244,32.4707,1
1021.14,0.0273438,0.804688,1.02246,0.244141,3.35693,32.3486,1
1021.15,0.0249023,0.908691,0.993164,0,3.17383,32.7759,1
1021.16,0.00634766,0.831543,0.941895,-1.58691,3.35693,32.3486,1
1021.17,0.0351562,0.837891,0.921387,-1.0376,2.62451,33.2642,1
1021.18,0.0634766,0.926758,0.963867,-2.19727,3.11279,32.8369,1
1021.19,0.0615234,0.740723,0.95752,-3.35693,3.23486,32.7759,1
1021.2,0.0683594,0.817383,0.921387,-2.2583,2.38037,33.3862,1
1021.21,4.882812e-04,0.938965,0.879883,-2.74658,2.99072,33.1421,1
1021.21,0.00341797,0.741699,0.900879,-2.56348,2.19727,33.0811,1
1021.22,0.0341797,0.879395,0.921387,-0.244141,1.83105,33.8745,1
1021.23,0.0683594,0.891113,0.963867,-1.2207,2.56348,33.3252,1
1021.24,0.050293,0.698242,0.941406,0.12207,1.52588,34.3018,1
1021.25,0.0395508,0.844238,0.908691,0.915527,1.2207,33.8745,1
1021.26,0.0400391,0.866699,0.890625,0.549316,1.40381,33.8745,1
1021.27,0.0253906,0.828125,0.958496,0.671387,1.40381,34.1187,1
1021.28,0.0859375,0.900391,0.987305,1.15967,1.09863,34.4238,1
1021.29,0.132812,0.995117,0.966797,0.732422,1.83105,33.7524,1
1021.3,0.0541992,0.887695,0.988281,0.427246,1.89209,33.9966,1
1021.31,0.0512695,0.812012,1.00342,1.2207,1.46484,34.3018,1
1021.32,0.0561523,0.971191,0.990234,1.34277,1.46484,34.1797,1
1021.33,0.0478516,0.876953,1.0127,0.0610352,2.38037,33.8135,1
1021.34,0.0522461,0.86084,1.00684,0.305176,2.44141,33.8135,1
1021.35,0.0639648,0.971191,0.989746,-0.366211,2.68555,33.7524,1
1021.36,0.0522461,0.88916,0.993652,-0.915527,3.05176,33.8745,1
1021.37,0.046875,0.952148,0.945312,-0.732422,2.31934,33.8745,1
1021.38,0.00976562,0.896484,0.949707,-1.2207,3.2959,33.6304,1
1021.39,-0.0288086,0.88916,0.961426,-0.366211,3.23486,34.2407,1
1021.4,-0.0356445,0.904785,0.958496,-1.15967,3.2959,33.4473,1
1021.41,-0.0424805,0.845215,0.929688,-0.854492,3.54004,33.8135,1
1021.42,-0.0483398,0.928711,0.954102,-0.732422,3.54004,34.4849,1
1021.43,-0.0498047,0.879883,0.944824,-1.89209,3.96729,33.6914,1
1021.44,-0.0913086,0.851562,0.918945,-1.09863,3.96729,34.3628,1
1021.45,-0.0791016,0.877441,0.901367,-0.610352,4.3335,34.4238,1
1021.46,-0.0869141,0.936523,0.95459,-0.610352,4.21143,34.8511,1
1021.47,-0.0634766,0.837402,0.915039,-2.13623,4.45557,34.3018,1
1021.48,-0.0605469,0.846191,0.851074,-1.34277,4.63867,35.6445,1
1021.49,-0.12793,0.913574,0.883789,-2.50244,4.76074,35.1562,1
1021.5,-0.115723,0.785156,0.890137,-2.92969,4.21143,35.1562,1
1021.5,-0.10498,0.984863,0.881348,-1.70898,4.3335,36.438,1
1021.51,-0.143555,0.854004,0.925781,-3.479,4.63867,36.0107,1
1021.52,-0.137695,0.841309,0.958496,-1.70898,3.35693,36.9873,1
1021.53,-0.10791,0.958496,0.931641,-2.31934,4.3335,36.6211,1
1021.54,-0.0908203,0.828613,0.910645,-2.19727,3.90625,37.4146,1
1021.55,-0.113281,0.893066,0.911133,-2.0752,3.2959,37.7808,1
1021.56,-0.112793,0.952637,0.854004,-2.56348,3.78418,37.7197,1
1021.57,-0.145508,0.867676,0.903809,-1.64795,3.66211,38.5742,1
1021.58,-0.119141,0.90332,0.958496,-0.976562,3.11279,38.5742,1
1021.59,-0.078125,0.942871,0.911621,-0.610352,3.23486,39.3066,1
1021.6,-0.133301,0.870605,0.923828,-0.366211,3.84521,39.3677,1
1021.61,-0.144531,0.90918,0.967285,0.12207,3.11279,39.6729,1
1021.62,-0.121582,0.900391,0.910645,-0.0610352,3.60107,39.6729,1
1021.63,-0.129883,0.875977,0.911621,0.854492,2.92969,40.4663,1
1021.64,-0.125488,0.95459,0.984375,0.793457,2.62451,40.1611,1
1021.65,-0.122559,1.03076,0.927734,0.549316,3.2959,40.4053,1
1021.66,-0.140137,0.927734,1.00732,0.0610352,3.41797,40.4663,1
1021.67,-0.12207,0.893066,0.938477,0.671387,2.99072,40.8936,1
1021.68,-0.0986328,0.923828,0.853516,-0.12207,2.99072,41.0767,1
1021.69,-0.115234,0.872559,0.899414,-0.12207,3.2959,41.0156,1
1021.7,-0.0786133,1.01709,0.936523,-0.305176,2.80762,41.3208,1
1021.71,-0.0854492,0.947754,0.939453,-0.854492,3.35693,41.3818,1
1021.72,-0.124023,0.897461,0.924316,-0.732422,2.31934,41.687,1
1021.73,-0.17041,0.94873,1.04297,-0.549316,2.2583,41.8701,1
1021.74,-0.100586,1.06934,0.921387,-1.58691,3.35693,41.0156,1
1021.75,-0.158691,0.905273,0.973145,-2.62451,4.08936,41.9312,1
1021.76,-0.0888672,0.826172,0.894043,-1.2207,2.62451,41.9922,1
1021.77,-0.0756836,1.1377,0.988281,-1.0376,2.92969,41.9922,1
1021.78,-0.0957031,0.909668,0.92041,-3.05176,3.84521,41.5039,1
1021.79,-0.103027,0.803223,0.90625,-1.34277,2.86865,42.7246,1
1021.8,-0.0795898,1.1626,0.916992,-2.19727,2.99072,41.626,1
1021.81,-0.15625,0.895996,1.01709,-2.74658,3.11279,42.1143,1
1021.82,-0.00585938,0.918457,0.914062,-0.305176,2.62451,42.1143,1
1021.83,-0.0395508,0.988281,0.907715,-0.427246,3.2959,42.8467,1
1021.84,-0.0727539,0.951172,0.984375,-0.305176,2.80762,41.9312,1
1021.85,-0.109375,0.875977,0.95459,-0.12207,3.11279,41.9312,1
1021.86,-0.0703125,1.0708,0.865723,0.610352,2.92969,42.7856,1
1021.87,-0.0615234,0.850098,0.9375,-2.44141,2.74658,42.1143,1
1021.88,-0.0205078,0.94873,0.902832,0.0610352,1.46484,42.7856,1
1021.89,-0.074707,0.97168,0.994629,-1.58691,2.80762,42.5415,1
1021.89,0.00585938,0.996094,0.887695,-0.671387,1.52588,42.7246,1
1021.9,-0.0283203,0.856934,0.963867,-1.83105,2.74658,42.6636,1
1021.91,-0.0751953,1.00098,0.916504,-0.488281,1.83105,42.3584,1
1021.92,-0.0205078,1.08984,0.922852,-2.86865,2.38037,41.9922,1
1021.93,-0.0551758,0.849121,0.90625,-1.70898,2.2583,42.7856,1
1021.94,0.0292969,0.998047,0.907227,-1.2207,1.34277,42.6636,1
1021.95,9.765625e-04,1.04395,0.916016,-1.34277,1.89209,42.5415,1
1021.96,0.0458984,0.86377,0.941895,-1.89209,0.854492,42.8467,1
1021.97,-0.0131836,1.05566,0.9375,0.427246,0.976562,43.5181,1
1021.98,0.0214844,0.95459,0.943359,-2.56348,1.15967,41.9922,1
1021.99,0.0214844,0.896484,0.926758,-0.183105,0.305176,43.5181,1
1022,0.00732422,1.0127,0.936035,-2.01416,0.488281,42.6025,1
1022.01,-0.0170898,1.06934,1.02148,-1.52588,-0.0610352,43.2129,1
1022.02,0.0444336,0.962891,0.999512,-1.89209,0.793457,42.2974,1
1022.03,-0.00390625,0.963867,0.915039,0.427246,0.488281,43.457,1
1022.04,-0.0195312,1.04199,0.995117,-1.15967,0.244141,41.9922,1
1022.05,-0.0898438,0.894043,0.984863,-0.915527,0.183105,41.8701,1
1022.06,0.0385742,1.12695,0.95166,-0.305176,0.915527,41.9312,1
1022.07,0.0166016,0.861328,0.90918,-1.77002,1.28174,42.1143,1
1022.08,0.102539,1.03613,0.938965,-0.305176,-0.305176,41.748,1
1022.09,0.0146484,0.956543,1.01904,-1.77002,0.488281,41.626,1
1022.1,-0.00830078,0.923828,1.04492,0.12207,0.244141,41.5649,1
1022.11,-0.00292969,1.17334,0.943848,-1.58691,1.28174,40.4663,1
1022.12,0.0522461,0.781738,0.833496,-3.479,0.671387,40.8936,1
1022.13,-0.0161133,0.982422,0.887207,-0.671387,0.305176,41.1987,1
1022.14,0.0561523,1.08691,0.928711,-3.78418,0.793457,39.917,1
1022.15,0.11084,0.768555,0.927734,-1.64795,0.793457,40.9546,1
1022.16,0.0507812,1.10449,1.02637,-0.427246,1.2207,39.978,1
1022.17,0.0537109,1.12939,0.964355,-3.84521,0.915527,38.8184,1
1022.18,0.03125,0.735352,0.865723,-2.56348,1.34277,39.7339,1
1022.19,0.0600586,1.02246,0.916504,-1.40381,1.77002,39.0015,1
1022.19,0.123047,1.04443,0.921387,-4.88281,1.95312,37.9639,1
1022.2,0.149414,0.821777,1.00781,-3.11279,2.31934,38.7573,1
1022.21,0.118164,0.980469,0.958984,-3.17383,2.0752,37.9639,1
1022.22,0.106445,1.01318,0.931152,-3.17383,1.58691,37.6587,1
1022.23,0.0522461,0.980469,0.964844,-2.74658,2.44141,37.0483,1
1022.24,0.11377,1.03906,0.962891,-1.70898,2.86865,36.499,1
1022.25,0.0795898,0.956055,0.982422,-2.0752,3.72314,35.8276,1
1022.26,0.105957,0.904785,0.999023,-1.2207,3.05176,36.0718,1
1022.27,0.158203,0.91748,0.956543,-1.46484,3.54004,35.5225,1
1022.28,0.14209,0.930664,0.907227,-0.549316,3.78418,35.9497,1
1022.29,0.160156,1.06689,0.933594,-1.58691,3.23486,34.729,1
1022.3,0.104004,0.844727,0.977051,-1.2207,3.479,35.1562,1
1022.31,0.0947266,1.05273,1.02783,0.244141,3.23486,34.8511,1
1022.32,0.124023,1.021,0.92334,-2.38037,3.66211,34.0576,1
1022.33,0.0859375,0.810547,0.895508,-0.488281,3.479,35.4614,1
1022.34,0.0961914,1.02832,0.961914,-1.0376,3.35693,34.3628,1
1022.35,0.154297,0.909668,0.902344,-1.70898,2.86865,34.5459,1
1022.36,0.110352,0.865234,0.953125,-0.549316,3.2959,34.9121,1
1022.37,0.09375,1.08398,0.950684,-1.46484,2.62451,33.9966,1
1022.38,0.0478516,0.90332,0.957031,-2.13623,3.11279,33.8745,1
1022.39,0.0766602,0.901367,0.915527,-0.793457,3.2959,34.1797,1
1022.4,0.0825195,0.933594,0.90918,-2.44141,3.11279,34.3018,1
1022.41,0.133789,0.827637,0.895508,-3.17383,2.2583,34.1797,1
1022.42,0.113281,0.956055,0.930664,-2.50244,2.31934,34.8511,1
1022.43,0.0986328,1.00391,0.94043,-3.479,2.68555,33.8745,1
1022.44,0.114258,0.822266,0.923828,-3.23486,1.89209,34.2407,1
1022.45,0.113281,0.938965,0.888184,-2.62451,2.31934,34.2407,1
1022.46,0.115234,0.917969,0.910156,-4.76074,1.58691,33.7524,1
1022.47,0.156738,0.84375,0.852539,-4.15039,1.34277,34.3018,1
1022.48,0.166504,0.900879,0.90625,-3.66211,1.77002,34.668,1
1022.49,0.152832,0.891602,0.951172,-4.21143,1.70898,33.6304,1
1022.5,0.191406,0.89209,0.892578,-3.60107,1.46484,34.2407,1
1022.51,0.161621,0.888184,0.890625,-3.17383,1.95312,34.3628,1
1022.52,0.16748,0.844727,0.844727,-3.84521,1.2207,33.6304,1
1022.53,0.181641,0.78125,0.879883,-2.50244,0.854492,34.5459,1
1022.54,0.231934,0.97998,1.03223,-1.77002,1.46484,33.8135,1
1022.55,0.205078,0.892578,0.933594,-2.80762,1.15967,33.6304,1
1022.55,0.203125,0.76709,0.922363,-1.0376,0.793457,33.9355,1
1022.56,0.164062,1.10059,0.92041,-1.0376,0.671387,33.5693,1
1022.57,0.18457,0.804688,0.938965,-2.56348,1.2207,33.5693,1
1022.58,0.174805,0.909668,1.04785,0.183105,0.854492,34.3628,1
1022.59,0.231445,0.98584,0.97998,-2.31934,1.09863,33.6304,1
1022.6,0.200684,0.725586,0.96875,-1.2207,0.244141,34.4238,1
1022.61,0.182617,1.02051,0.963867,-0.610352,0.244141,33.9355,1
1022.62,0.17041,1.02344,0.968262,-2.56348,0.915527,33.2642,1
1022.63,0.195801,0.731934,1.00098,-1.52588,1.40381,33.5083,1
1022.64,0.225098,0.950684,0.927246,0.0610352,1.0376,33.5693,1
1022.65,0.201172,1.04443,0.960938,-1.77002,0.976562,32.8369,1
1022.66,0.154785,0.891602,0.970703,-1.58691,0.671387,33.1421,1
1022.67,0.177734,0.916992,0.97998,-0.854492,0.976562,33.5083,1
1022.68,0.166992,0.898438,0.981934,-0.793457,1.28174,33.1421,1
1022.69,0.16748,0.919434,0.989746,-1.09863,0.671387,32.7759,1
1022.7,0.189941,0.859375,0.978516,-1.15967,1.15967,32.5317,1
1022.71,0.19873,0.959961,0.945801,-1.0376,1.0376,32.4097,1
1022.72,0.221191,0.929688,0.950195,-1.58691,0.610352,32.2876,1
1022.73,0.173828,0.879883,0.94873,-0.793457,0.671387,32.4707,1
1022.74,0.167969,0.968262,0.96875,-0.732422,0.915527,32.4097,1
1022.75,0.162109,0.875488,0.953125,-1.28174,1.52588,31.9824,1
1022.75,0.189941,0.892578,0.945312,-0.671387,0.732422,32.2266,1
1022.76,0.181641,0.916992,0.9375,-0.854492,1.28174,31.7383,1
1022.77,0.196289,0.867676,0.983398,-1.09863,1.09863,31.25,1
1022.78,0.183105,0.870605,0.962891,-0.488281,1.40381,31.3721,1
1022.79,0.123535,0.915039,0.970215,-1.2207,1.46484,30.6396,1
1022.8,0.14209,0.992676,0.952148,-1.70898,1.0376,30.5176,1
1022.81,0.14209,0.854492,0.946289,-2.44141,1.83105,30.2124,1
1022.82,0.148438,0.924805,1.021,-1.58691,1.34277,30.4565,1
1022.83,0.17041,0.937988,1.00977,-3.66211,2.01416,29.2358,1
1022.84,0.158203,0.765625,0.941406,-3.17383,1.95312,29.7852,1
1022.85,0.128418,0.946777,0.977051,-3.23486,2.0752,28.9307,1
1022.86,0.097168,0.893066,0.970703,-5.43213,1.89209,27.6489,1
1022.87,0.0942383,0.706055,0.986328,-4.39453,2.13623,28.0151,1
1022.88,0.0756836,0.913086,0.977539,-3.84521,2.68555,27.0996,1
1022.89,0.03125,0.884277,0.963867,-6.22559,3.2959,25.5127,1
1022.9,-0.0234375,0.629395,0.945312,-5.43213,3.35693,25.6348,1
1022.91,-0.0166016,0.76123,0.924316,-5.5542,3.2959,24.7192,1
1022.92,0.00878906,0.613281,0.896484,-7.56836,3.72314,23.6206,1
1022.93,0.0117188,0.547852,0.902344,-7.14111,3.05176,23.1934,1
1022.94,0.00195312,0.61084,0.946777,-9.46045,3.17383,21.0571,1
1022.95,-0.0800781,0.45166,0.881836,-10.7422,3.17383,20.3857,1
1022.96,-0.171387,0.435547,0.837891,-11.5967,2.56348,19.043,1
1022.97,-0.233887,0.420898,0.807129,-13.4277,2.92969,17.2119,1
1022.98,-0.251953,0.325195,0.854492,-14.6484,3.05176,16.1743,1
1022.99,-0.311523,0.262207,0.894043,-15.1367,3.11279,15.3809,1
1023,-0.298828,0.34375,0.813965,-16.7236,3.41797,13.6719,1
1023.01,-0.32373,0.127441,0.88623,-19.2871,3.60107,11.5356,1
1023.02,-0.304199,0.0366211,0.87207,-18.8599,2.86865,10.3149,1
1023.03,-0.250977,0.10498,0.877441,-19.2261,2.86865,8.66699,1
1023.04,-0.305176,-0.034668,0.848633,-20.4468,3.05176,6.04248,1
1023.05,-0.337891,-0.0551758,0.82373,-19.7754,2.99072,4.63867,1
1023.06,-0.388672,-0.00292969,0.839844,-20.5688,3.05176,2.2583,1
1023.07,-0.316406,-0.125977,0.865234,-21.1182,2.74658,0.366211,1
1023.08,-0.272949,-0.275879,0.84082,-19.9585,2.50244,-1.2207,1
1023.09,-0.299805,-0.245605,0.897949,-19.3481,1.77002,-3.11279,1
1023.09,-0.313965,-0.209473,0.9375,-20.0806,1.15967,-5.67627,1
1023.1,-0.304199,-0.290527,0.970215,-20.2026,0.671387,-7.87354,1
1023.11,-0.265137,-0.387695,0.991211,-18.8599,0.488281,-10.2539,1
1023.12,-0.256836,-0.263672,1.01172,-17.9443,0.366211,-12.6343,1
1023.13,-0.259277,-0.313477,1.08545,-18.5547,0.427246,-15.3809,1
1023.14,-0.333008,-0.540039,1.14893,-17.2119,0.610352,-16.7847,1
1023.15,-0.297363,-0.472656,1.1377,-15.1367,0.488281,-18.3105,1
1023.16,-0.292969,-0.546875,1.12549,-15.1978,1.77002,-21.7896,1
1023.17,-0.312988,-0.620117,1.18457,-13.1836,1.58691,-22.644,1
1023.18,-0.319336,-0.549316,1.21045,-13.0615,1.52588,-24.5361,1
1023.19,-0.342773,-0.694824,1.22607,-12.2681,2.31934,-26.123,1
1023.2,-0.371094,-0.710938,1.15527,-10.5591,3.54004,-26.9775,1
1023.21,-0.373047,-0.773438,1.17236,-9.8877,3.72314,-28.6255,1
1023.22,-0.34082,-0.770996,1.15332,-7.8125,3.54004,-28.8696,1
1023.23,-0.313965,-0.729004,1.15527,-6.95801,3.84521,-30.0903,1
1023.24,-0.333008,-0.747559,1.14453,-5.61523,4.08936,-30.6396,1
1023.25,-0.353516,-0.828125,1.10059,-4.39453,4.3335,-31.189,1
1023.26,-0.358887,-0.826172,1.06152,-2.31934,4.08936,-31.5552,1
1023.27,-0.317383,-0.813477,1.00977,-1.46484,3.66211,-32.2876,1
1023.28,-0.29541,-0.873047,1.05029,0,3.17383,-32.6538,1
1023.29,-0.325684,-0.844727,1.06348,1.2207,2.80762,-33.1421,1
1023.3,-0.353027,-0.793457,1.021,1.70898,2.80762,-33.5693,1
1023.31,-0.314453,-0.835938,1.00195,1.28174,2.13623,-34.0576,1
1023.32,-0.240723,-0.856934,1.00439,2.01416,1.40381,-33.8135,1
1023.33,-0.22998,-0.727539,0.985352,2.31934,0.610352,-33.8745,1
1023.34,-0.239746,-0.789062,0.967773,1.83105,0.793457,-34.6069,1
1023.35,-0.283691,-0.818359,0.941895,2.74658,-0.244141,-34.1187,1
1023.36,-0.259277,-0.781738,0.881348,1.95312,-0.488281,-34.9731,1
1023.37,-0.245605,-0.78418,0.967773,1.34277,0,-34.9121,1
1023.38,-0.188477,-0.828613,0.964355,0.976562,-0.12207,-34.9731,1
1023.39,-0.200684,-0.85791,0.931641,1.15967,-0.427246,-34.8511,1
1023.4,-0.20752,-0.703613,0.912598,0.793457,-1.0376,-34.729,1
1023.41,-0.185059,-0.73291,0.873535,-0.793457,-0.244141,-34.9121,1
1023.42,-0.183594,-0.837402,0.951172,-1.09863,-0.366211,-34.2407,1
1023.43,-0.171387,-0.755371,0.987305,-1.09863,-0.427246,-33.7524,1
1023.43,-0.177734,-0.873047,0.96582,-1.77002,0.427246,-34.0576,1
1023.44,-0.197754,-0.863281,0.882324,0.244141,0.0610352,-32.7759,1
1023.45,-0.18457,-0.70166,0.876465,-0.549316,0.671387,-33.7524,1
1023.46,-0.142578,-0.785645,0.913086,-1.40381,0.854492,-33.6304,1
1023.47,-0.097168,-0.8125,0.939453,0.0610352,1.64795,-32.4707,1
1023.48,-0.114746,-0.743164,0.909668,0.305176,1.40381,-32.5928,1
1023.49,-0.129883,-0.845703,0.871094,0.793457,1.34277,-32.7148,1
1023.5,-0.140137,-0.802246,0.862793,2.0752,1.70898,-31.8604,1
1023.51,-0.127441,-0.696289,0.95459,1.34277,1.77002,-32.1655,1
1023.52,-0.0834961,-0.827148,0.95459,0.610352,2.13623,-32.4097,1
1023.53,-0.0805664,-0.851074,0.94043,2.01416,2.01416,-31.311,1
1023.54,-0.0864258,-0.758789,0.894531,1.52588,2.19727,-31.5552,1
1023.55,-0.10791,-0.842285,0.922363,0.732422,2.31934,-31.6772,1
1023.56,-0.125,-0.787109,0.978027,1.28174,1.89209,-30.8228,1
1023.57,-0.11084,-0.726562,0.989746,-0.183105,2.0752,-31.4331,1
1023.58,-0.0644531,-0.804199,0.94873,0,2.13623,-30.9448,1
1023.59,-0.0869141,-0.782227,0.937988,0.244141,1.58691,-30.8838,1
1023.6,-0.0737305,-0.814941,0.958496,-0.427246,1.34277,-31.4941,1
1023.61,-0.0976562,-0.807129,1.00244,-0.0610352,1.58691,-30.7617,1
1023.62,-0.102539,-0.750977,1.07324,-0.549316,1.2207,-30.7007,1
1023.63,-0.0654297,-0.789551,1.0625,-1.15967,0.854492,-31.3721,1
1023.64,-0.0175781,-0.870605,1.0127,0.854492,0.732422,-30.4565,1
1023.65,-4.882812e-04,-0.791016,0.983887,2.19727,0.427246,-30.3345,1
1023.66,0.0410156,-0.791504,1.03223,2.01416,-0.305176,-30.8228,1
1023.67,0.0522461,-0.810547,1.06055,2.92969,-0.12207,-30.3955,1
1023.68,0.0649414,-0.758789,1.04883,3.23486,-0.549316,-30.1514,1
1023.69,0.0932617,-0.768555,1.03809,3.23486,-0.732422,-30.2124,1
1023.7,0.0888672,-0.772949,1.00049,4.02832,-1.0376,-29.6631,1
1023.71,0.0991211,-0.82373,0.964355,4.76074,-1.15967,-29.2358,1
1023.72,0.163086,-0.737793,0.95459,5.92041,-1.40381,-28.8086,1
1023.72,0.194824,-0.786133,0.983887,5.18799,-1.28174,-29.2358,1
1023.73,0.190918,-0.708008,0.933594,6.40869,-1.52588,-27.8931,1
1023.74,0.134277,-0.621094,0.902344,4.5166,-0.793457,-28.2593,1
1023.75,0.149902,-0.718262,0.894531,3.90625,-0.976562,-27.5269,1
1023.76,0.188477,-0.695312,0.923828,3.479,-0.854492,-27.4048,1
1023.77,0.199707,-0.722168,0.94043,3.54004,-0.488281,-27.2217,1
1023.78,0.20752,-0.687988,0.921387,3.84521,-0.305176,-26.5503,1
1023.79,0.194824,-0.679688,0.905273,3.05176,0.12207,-26.6113,1
1023.8,0.205566,-0.626465,0.860352,2.19727,0.305176,-26.001,1
1023.81,0.222656,-0.658691,0.887695,0.488281,1.15967,-26.3672,1
1023.82,0.197266,-0.674805,0.980469,0.0610352,0.976562,-25.7568,1
1023.83,0.183594,-0.663574,0.993164,-0.732422,1.0376,-25.7568,1
1023.84,0.182129,-0.688477,1.00537,-0.854492,1.52588,-25.4517,1
1023.85,0.155273,-0.668457,0.993164,-0.610352,1.89209,-25.2075,1
1023.86,0.203613,-0.617188,0.969727,-1.15967,2.19727,-25.8789,1
1023.87,0.240723,-0.679199,0.990723,-1.40381,2.62451,-25.9399,1
1023.88,0.174805,-0.727539,1.03174,-0.427246,2.56348,-25.3906,1
1023.89,0.133789,-0.646484,1.05322,0,2.0752,-25.2686,1
1023.9,0.112305,-0.695312,1.02783,0,2.80762,-26.123,1
1023.91,0.129395,-0.729004,0.992188,1.58691,3.05176,-25.6958,1
1023.92,0.152344,-0.621582,0.964844,2.0752,2.86865,-26.062,1
1023.93,0.182617,-0.681152,0.98584,2.68555,2.38037,-26.7944,1
1023.94,0.142578,-0.679199,0.961914,4.63867,1.64795,-26.3672,1
1023.95,0.164551,-0.635742,0.92334,4.3335,1.15967,-27.2827,1
1023.96,0.124023,-0.702637,0.907715,3.96729,0.915527,-27.5879,1
1023.97,0.105469,-0.715332,0.955566,4.5166,0.671387,-27.2217,1
1023.98,0.101562,-0.620117,0.986328,4.02832,0,-27.771,1
1023.99,0.177734,-0.679199,1.01025,3.2959,-0.366211,-28.5645,1
1024,0.224609,-0.705566,0.948242,3.66211,-0.610352,-28.0151,1
1024.01,0.196777,-0.658203,0.937988,2.62451,-1.40381,-28.3813,1
1024.01,0.163574,-0.725586,0.931641,1.46484,-1.46484,-28.7476,1
1024.02,0.175781,-0.691406,0.995605,1.40381,-1.34277,-28.3813,1
1024.03,0.220703,-0.644531,1.06299,-0.305176,-1.58691,-29.1138,1
1024.04,0.243652,-0.729004,1.05762,-1.34277,-1.70898,-28.8696,1
1024.05,0.228516,-0.655762,1.0293,-1.34277,-1.40381,-28.1372,1
1024.06,0.227539,-0.664551,1.00195,-2.92969,-0.610352,-28.9307,1
1024.07,0.249023,-0.776367,0.991699,-2.62451,-0.366211,-28.2593,1
1024.08,0.267578,-0.711426,1.04639,-1.70898,-0.488281,-27.771,1
1024.09,0.243164,-0.605957,1.02393,-2.13623,-0.488281,-28.1372,1
1024.1,0.265625,-0.707031,0.962402,-2.44141,0.305176,-28.3203,1
1024.11,0.233887,-0.638184,0.935059,-0.549316,0.671387,-27.3438,1
1024.12,0.251465,-0.658203,0.976074,-0.915527,1.0376,-28.0762,1
1024.13,0.250488,-0.769531,0.98291,0.915527,1.0376,-27.1606,1
1024.14,0.261719,-0.668945,0.996582,1.89209,1.2207,-27.4048,1
1024.15,0.255859,-0.641602,0.915039,2.56348,1.58691,-27.1606,1
1024.16,0.263184,-0.637207,0.88623,2.56348,1.52588,-27.2827,1
1024.17,0.258789,-0.746094,0.913086,3.05176,1.83105,-27.1606,1
1024.18,0.240723,-0.766113,1.05762,4.02832,1.70898,-26.8555,1
1024.19,0.23877,-0.682129,1.02637,4.08936,1.77002,-26.9165,1
1024.2,0.28125,-0.63623,0.923828,3.23486,1.40381,-27.2217,1
1024.21,0.299316,-0.696289,0.931641,2.80762,0.976562,-27.0996,1
1024.22,0.289551,-0.646484,0.948242,2.56348,0.793457,-27.0996,1
1024.23,0.279297,-0.688477,1.00049,1.95312,0.976562,-27.5879,1
1024.24,0.288086,-0.67627,1.00586,2.50244,0.305176,-26.8555,1
1024.25,0.295898,-0.62793,1.0083,1.58691,-0.305176,-27.3438,1
1024.26,0.32373,-0.675293,0.973145,1.09863,-0.488281,-27.3438,1
1024.27,0.284668,-0.671875,0.991699,0.793457,0,-27.2827,1
1024.28,0.318848,-0.636719,0.953613,1.58691,-0.732422,-26.8555,1
1024.29,0.400391,-0.637207,1.01416,1.34277,-0.854492,-27.4658,1
1024.3,0.384766,-0.651855,0.98877,2.38037,-1.09863,-26.6724,1
1024.31,0.33252,-0.656738,0.931152,2.38037,-0.793457,-26.5503,1
1024.32,0.301758,-0.665527,0.921387,3.17383,-0.915527,-25.8789,1
1024.33,0.393066,-0.509277,0.921387,2.92969,-0.976562,-25.8789,1
1024.33,0.447754,-0.635254,0.970703,1.83105,-0.244141,-25.8789,1
1024.34,0.42041,-0.687988,0.949219,3.60107,-0.366211,-24.292,1
1024.35,0.333984,-0.570801,0.899902,3.05176,0.305176,-24.4751,1
1024.36,0.363281,-0.657227,0.945801,3.17383,0.183105,-23.8037,1
1024.37,0.417969,-0.571777,0.981445,3.72314,0.915527,-23.2544,1
1024.38,0.480957,-0.507812,0.986328,2.62451,0.793457,-23.1934,1
1024.39,0.485352,-0.678223,0.928711,1.58691,1.58691,-22.3999,1
1024.4,0.373535,-0.681641,0.914551,2.19727,2.13623,-21.1182,1
1024.41,0.34082,-0.526855,1.0791,1.70898,1.64795,-21.3013,1
1024.42,0.38916,-0.607422,1.07959,2.2583,2.13623,-20.9351,1
1024.43,0.40332,-0.505371,0.958008,4.27246,1.64795,-20.3857,1
1024.44,0.452148,-0.553223,0.949219,4.76074,2.13623,-20.4468,1
1024.45,0.453613,-0.518066,0.970215,6.28662,1.58691,-19.4702,1
1024.46,0.425293,-0.582031,1.04492,6.40869,1.70898,-19.4092,1
1024.47,0.384766,-0.672363,1.05811,8.66699,1.2207,-18.0664,1
1024.48,0.384766,-0.430664,1.02393,9.58252,0.793457,-17.8223,1
1024.49,0.425781,-0.510742,0.932129,8.11768,1.0376,-17.8223,1
1024.5,0.496094,-0.493164,0.869141,9.0332,0.366211,-16.7847,1
1024.51,0.497559,-0.387695,0.866699,7.38525,0.305176,-16.7236,1
1024.52,0.486328,-0.389648,0.875488,7.08008,-0.610352,-15.564,1
1024.53,0.430664,-0.330566,0.875488,6.40869,-0.671387,-15.1978,1
1024.54,0.469727,-0.349609,0.882324,5.85938,-1.09863,-14.5264,1
1024.55,0.526367,-0.237305,0.859863,5.49316,-1.64795,-13.6108,1
1024.56,0.516602,-0.258301,0.868164,3.41797,-1.77002,-13.4277,1
1024.57,0.455078,-0.336914,0.883789,4.08936,-2.13623,-12.207,1
1024.58,0.459961,-0.21875,0.876465,4.82178,-1.83105,-11.4746,1
1024.59,0.538086,-0.271973,0.865723,4.63867,-2.13623,-10.7422,1
1024.59,0.575684,-0.295898,0.856934,5.18799,-1.95312,-9.52148,1
1024.6,0.513672,-0.250977,0.992188,5.49316,-1.89209,-8.66699,1
1024.61,0.459961,-0.272461,1.04004,6.5918,-1.15967,-7.87354,1
1024.62,0.510742,-0.248535,0.898926,8.23975,-1.28174,-6.5918,1
1024.63,0.5625,-0.315918,0.962402,9.64355,-0.671387,-5.37109,1
1024.64,0.591797,-0.167969,1.08447,11.0474,-0.610352,-4.3335,1
1024.65,0.532715,-0.189941,1.11279,11.1084,-0.305176,-3.66211,1
1024.66,0.472168,-0.252441,1.13916,13.4277,-0.854492,-1.64795,1
1024.67,0.48291,-9.765625e-04,1.07275,14.5874,-0.671387,-0.732422,1
1024.68,0.545898,-0.0566406,0.975586,13.0615,-0.366211,0.0610352,1
1024.69,0.581543,-0.0600586,0.978516,14.4043,-0.12207,1.95312,1
1024.7,0.549805,0.178223,0.964355,13.1226,0.183105,2.68555,1
1024.71,0.489746,0.112305,0.98584,11.9019,-0.12207,3.90625,1
1024.72,0.464355,0.15918,1.00977,12.5122,-0.610352,5.43213,1
1024.73,0.5,0.227051,0.993652,12.7563,-0.366211,6.53076,1
1024.74,0.496094,0.181152,0.978027,13.6108,-0.549316,7.87354,1
1024.75,0.449219,0.282227,0.910156,14.0381,-0.549316,8.72803,1
1024.76,0.427734,0.370605,0.870605,13.2446,-0.0610352,9.58252,1
1024.77,0.450684,0.362793,0.923828,12.2681,-0.244141,10.6201,1
1024.78,0.465332,0.418945,0.975586,11.8408,-0.427246,11.7798,1
1024.79,0.445312,0.429199,0.998047,11.5356,-0.671387,12.7563,1
1024.8,0.430664,0.385254,0.964355,11.7798,-0.549316,13.7939,1
1024.81,0.453613,0.506348,0.842285,11.6577,-0.549316,14.7705,1
1024.82,0.514648,0.492676,0.901855,9.82666,-0.427246,15.1367,1
1024.83,0.503418,0.44043,1.12451,10.498,-0.549316,16.1743,1
1024.84,0.497559,0.589844,1.05322,10.9863,-0.244141,16.7847,1
1024.85,0.464355,0.592773,0.964355,10.3149,0.366211,17.334,1
1024.86,0.462402,0.532715,1.01807,9.76562,0,18.1274,1
1024.87,0.50293,0.627441,1.02295,9.27734,-0.12207,19.043,1
1024.87,0.472168,0.581055,1.06836,8.42285,-0.0610352,19.104,1
1024.88,0.431152,0.483398,1.10303,8.91113,-0.0610352,20.0806,1
1024.89,0.436523,0.589844,1.01318,8.72803,0.12207,20.2637,1
1024.9,0.511719,0.717285,1.03174,6.83594,0.427246,20.2637,1
1024.91,0.460449,0.597656,1.10791,5.85938,0.671387,20.4468,1
1024.92,0.461426,0.697754,1.0957,6.5918,0.549316,21.0571,1
1024.93,0.459473,0.594238,0.985352,4.88281,1.0376,20.813,1
1024.94,0.514648,0.46875,0.980957,5.18799,0.549316,21.2402,1
1024.95,0.529297,0.69873,1.02246,4.69971,1.2207,21.1792,1
1024.96,0.459473,0.6875,1.06055,2.44141,1.70898,20.4468,1
1024.97,0.444336,0.605469,1.05713,2.80762,1.70898,20.9961,1
1024.98,0.423828,0.617676,1.03516,2.92969,1.70898,20.752,1
1024.99,0.474121,0.635254,0.991699,3.17383,1.09863,20.6299,1
1025,0.471191,0.647461,0.908203,2.86865,1.34277,20.6909,1
1025.01,0.439453,0.643066,0.902832,2.13623,1.28174,20.813,1
1025.02,0.463379,0.614258,0.931152,0.793457,1.40381,20.1416,1
1025.03,0.497559,0.589355,1.00684,1.2207,1.64795,20.3857,1
1025.04,0.445312,0.668945,1.06006,1.0376,1.77002,19.7754,1
1025.05,0.422363,0.599121,0.925293,0.366211,1.15967,19.6533,1
1025.06,0.459473,0.57959,0.828125,0.915527,1.40381,19.9585,1
1025.07,0.532715,0.628418,0.852539,0,1.83105,19.5312,1
1025.08,0.508301,0.618164,0.919434,-0.427246,1.89209,19.2261,1
1025.09,0.475586,0.589844,1.01855,-0.244141,2.19727,18.9819,1
1025.1,0.432617,0.674805,0.965332,-0.244141,2.44141,19.165,1
1025.11,0.492676,0.566895,0.858398,-1.46484,2.80762,18.9819,1
1025.12,0.615723,0.592773,0.961426,-0.549316,2.74658,19.165,1
1025.13,0.600098,0.674805,0.979492,-0.793457,3.35693,18.7378,1
1025.14,0.493652,0.560547,0.935059,-0.183105,3.23486,18.6157,1
1025.15,0.455078,0.52832,0.908691,1.09863,3.66211,18.3105,1
1025.16,0.546387,0.605469,0.938477,2.38037,4.15039,18.7378,1
1025.17,0.577637,0.639648,0.974609,0.976562,4.39453,18.2495,1
1025.18,0.503418,0.524414,0.929688,1.2207,4.15039,18.9209,1
1025.19,0.448242,0.699707,0.881836,0.671387,4.15039,18.7988,1
1025.2,0.447266,0.535156,0.918945,-0.732422,4.82178,18.9209,1
1025.21,0.452148,0.540527,0.932617,0.610352,4.39453,19.4702,1
1025.22,0.438965,0.713867,0.915039,0.0610352,4.3335,19.5312,1
1025.23,0.384766,0.585938,0.820801,-1.0376,3.72314,19.8975,1
1025.23,0.382812,0.555176,0.839844,-0.183105,3.2959,20.752,1
1025.24,0.34082,0.720215,0.941895,-0.488281,3.479,20.3857,1
1025.25,0.314453,0.593262,0.94043,-0.976562,3.66211,20.6299,1
1025.26,0.316895,0.596191,0.87207,0.976562,2.74658,21.4844,1
1025.27,0.381836,0.700684,0.873047,1.58691,2.31934,21.3623,1
1025.28,0.418457,0.644043,0.910156,1.95312,1.83105,21.4233,1
1025.29,0.39502,0.677246,0.935547,3.78418,1.95312,21.7285,1
1025.3,0.358398,0.715332,0.943359,4.57764,1.89209,21.6675,1
1025.31,0.376953,0.666016,0.896973,5.06592,1.2207,22.2778,1
1025.32,0.485352,0.632812,0.912109,5.31006,0.366211,22.9492,1
1025.33,0.502441,0.695312,1.03076,5.12695,0,23.2544,1
1025.34,0.446777,0.745117,1.00781,3.96729,0.244141,23.3765,1
1025.35,0.377441,0.650879,0.952637,3.23486,0.366211,23.7427,1
1025.36,0.437988,0.720215,0.984375,3.23486,0,23.9868,1
1025.37,0.494141,0.802246,1.10498,2.2583,0.244141,24.1089,1
1025.38,0.471191,0.737305,1.1001,1.46484,0.610352,24.231,1
1025.39,0.450684,0.694336,0.979004,0.976562,0.854492,24.292,1
1025.4,0.441895,0.825195,0.967285,0.732422,1.09863,23.9258,1
1025.41,0.456055,0.779297,0.972168,-0.793457,2.01416,23.6816,1
1025.42,0.475098,0.669922,1.06885,0.366211,1.77002,24.1089,1
1025.43,0.457031,0.849609,1.06592,0.0610352,2.19727,23.1934,1
1025.44,0.443359,0.664551,0.928711,-0.488281,2.80762,23.3154,1
1025.45,0.413086,0.684082,0.897461,0.915527,3.05176,23.5596,1
1025.46,0.441406,0.796387,0.921875,-0.12207,2.31934,23.0713,1
1025.47,0.455078,0.706055,0.943848,-0.366211,2.2583,23.8647,1
1025.48,0.462891,0.675781,0.9375,-0.12207,2.19727,23.9258,1
1025.49,0.402344,0.729492,0.935059,0,1.77002,24.0479,1
1025.5,0.404297,0.736328,0.902832,0.244141,1.83105,24.1699,1
1025.51,0.427734,0.708496,0.850098,0.549316,1.70898,24.4141,1
1025.52,0.418945,0.68457,0.931152,1.70898,0.976562,24.5972,1
1025.53,0.415527,0.794434,0.947266,1.83105,1.2207,24.7803,1
1025.54,0.38916,0.697754,0.910645,1.28174,1.34277,24.5361,1
1025.55,0.428223,0.741699,0.937012,2.0752,0.610352,24.9634,1
1025.56,0.45752,0.801758,0.98877,2.0752,0.549316,24.9634,1
1025.57,0.43457,0.648926,1.02246,1.58691,0.610352,24.6582,1
1025.58,0.42334,0.780273,0.959473,3.2959,0.549316,25.1465,1
1025.59,0.382324,0.875,0.959961,1.64795,0.915527,24.4751,1
1025.6,0.447266,0.742676,1.0293,1.34277,0.12207,24.8413,1
1025.61,0.513184,0.75293,1.06299,1.77002,0,24.8413,1
1025.62,0.510254,0.799805,1.02148,2.01416,-0.0610352,25.0244,1
1025.63,0.463867,0.790527,1.00732,1.58691,-0.854492,24.8413,1
1025.64,0.450195,0.707031,0.984863,1.64795,-0.549316,24.7192,1
1025.65,0.46875,0.776855,1.00293,2.19727,-0.366211,24.7803,1
1025.65,0.511719,0.869141,1.05029,1.09863,-0.427246,24.1699,1
1025.66,0.544434,0.777832,1.05469,0,-0.427246,24.0479,1
1025.67,0.438965,0.696289,1.04004,0.488281,-0.244141,24.353,1
1025.68,0.508301,0.88916,1.01025,0.488281,-0.0610352,23.8037,1
1025.69,0.461426,0.800781,1.06348,-0.427246,0.610352,23.0713,1
1025.7,0.530762,0.627441,1.01074,1.46484,0.366211,23.3765,1
1025.71,0.45166,0.932129,0.966797,1.0376,0.732422,22.7661,1
1025.72,0.48877,0.848145,0.966797,-2.13623,0.488281,22.0947,1
1025.73,0.527832,0.606445,1.03418,-0.793457,0.244141,23.0713,1
1025.74,0.472656,0.828125,1.09961,1.09863,0.12207,22.8271,1
1025.75,0.437012,0.893555,0.998535,-1.2207,0.12207,21.4844,1
1025.76,0.445312,0.589844,0.937012,-0.244141,0.671387,21.9727,1
1025.77,0.499512,0.86377,0.970703,1.2207,0.671387,21.9116,1
1025.78,0.49707,0.882324,0.98291,-1.09863,0.427246,21.6064,1
1025.79,0.495117,0.608887,0.975098,-0.732422,0.549316,21.5454,1
1025.8,0.387695,0.860352,0.967285,0.671387,1.28174,21.6675,1
1025.81,0.412598,0.726562,0.942871,-1.28174,1.46484,21.0571,1
1025.82,0.520508,0.635742,0.895996,0.732422,0.976562,21.2402,1
1025.83,0.54248,0.922363,0.931641,1.0376,1.58691,20.6909,1
1025.84,0.404297,0.762207,0.925293,-0.976562,2.01416,20.3247,1
1025.85,0.385254,0.666992,0.908203,0.183105,1.40381,20.874,1
1025.86,0.429199,0.84375,1.01465,0.488281,1.77002,20.752,1
1025.87,0.505859,0.758789,1.04785,-0.305176,1.34277,20.1416,1
1025.88,0.477051,0.731934,0.980957,0.366211,1.58691,20.1416,1
1025.89,0.432129,0.843262,0.858887,0.305176,1.64795,20.0806,1
1025.9,0.449219,0.754395,0.939453,-0.488281,1.95312,19.8975,1
1025.91,0.45166,0.685059,0.956543,-0.305176,1.77002,20.3857,1
1025.92,0.418457,0.773438,0.979004,-0.549316,1.89209,20.5078,1
1025.93,0.449219,0.724121,0.909668,-2.31934,1.77002,19.6533,1
1025.94,0.505371,0.710449,0.853027,-1.2207,1.64795,19.9585,1
1025.95,0.45752,0.775391,0.852539,-1.70898,2.2583,19.6533,1
1025.95,0.417969,0.696289,0.899414,-2.50244,2.01416,19.4702,1
1025.96,0.366699,0.744629,0.941406,-2.44141,2.13623,19.4702,1
1025.97,0.427246,0.776855,0.883789,-2.38037,2.0752,19.6533,1
1025.98,0.582031,0.823242,0.969238,-2.92969,2.19727,18.6157,1
1025.99,0.590332,0.713379,1.05371,-2.2583,2.31934,18.8599,1
1026,0.443848,0.615234,0.984375,-0.671387,1.95312,18.9209,1
1026.01,0.428711,0.852051,0.972168,0.305176,1.46484,18.3105,1
1026.02,0.433105,0.709961,0.966309,-0.305176,1.70898,18.1885,1
1026.03,0.476562,0.635742,0.991211,1.34277,1.52588,18.8599,1
1026.04,0.529785,0.906738,0.981934,0.610352,1.2207,18.6768,1
1026.05,0.513672,0.719238,0.952148,-0.366211,1.15967,18.7378,1
1026.06,0.42627,0.626465,0.971191,1.46484,0.183105,19.3481,1
1026.07,0.428711,0.824219,0.97998,0.976562,0.12207,19.043,1
1026.08,0.412598,0.661621,0.928223,0.488281,0.427246,19.4092,1
1026.09,0.421875,0.807617,0.849121,1.34277,-0.183105,19.4702,1
1026.1,0.40625,0.858887,0.951172,-1.0376,-0.244141,18.8599,1
1026.11,0.441895,0.718262,1.02637,0.183105,-0.183105,19.5312,1
1026.12,0.475586,0.836426,1.08057,1.52588,0.305176,18.6768,1
1026.13,0.441895,0.871094,1.03125,1.28174,0.183105,17.6392,1
1026.14,0.423828,0.742188,0.976562,2.99072,-0.12207,18.0664,1
1026.15,0.369629,0.814453,1.06836,3.84521,0.244141,18.6157,1
1026.16,0.492676,0.812988,1.02344,2.50244,-0.244141,18.3716,1
1026.17,0.527832,0.708496,0.995117,2.13623,0,18.1274,1
1026.18,0.446289,0.775391,1.05176,3.11279,-0.305176,18.3716,1
1026.19,0.459473,0.9375,0.984863,1.28174,-0.183105,17.8223,1
1026.2,0.441895,0.835938,1.04297,-0.854492,0.12207,17.7002,1
1026.21,0.458008,0.664551,1.13721,-0.366211,0.12207,18.2495,1
1026.22,0.527344,0.877441,1.03271,0.610352,0.183105,18.0664,1
1026.23,0.484863,0.884277,0.9375,-1.0376,0.732422,17.5171,1
1026.24,0.450684,0.597656,0.932617,-0.854492,0.915527,17.7002,1
1026.25,0.47998,0.822266,1.00781,0.610352,0.671387,17.5171,1
1026.26,0.455078,0.841797,1.05908,-0.366211,1.15967,16.8457,1
1026.27,0.399902,0.650391,1.03467,0.610352,1.28174,16.7847,1
1026.28,0.443848,0.823242,0.969238,1.0376,1.70898,16.5405,1
1026.29,0.421875,0.752441,0.974121,-0.183105,2.01416,16.1133,1
1026.3,0.431152,0.625977,0.967285,1.15967,1.15967,16.6016,1
1026.3,0.400879,0.875488,0.947266,0.366211,1.34277,16.4795,1
1026.31,0.391602,0.712402,0.928711,-2.38037,1.89209,16.6016,1
1026.32,0.44873,0.606445,0.919922,-1.58691,0.915527,16.7236,1
1026.33,0.513184,0.86377,0.931152,-1.83105,1.0376,16.4795,1
1026.34,0.410156,0.790039,0.925293,-2.99072,1.2207,15.4419,1
1026.35,0.352051,0.644531,0.93457,-1.15967,1.15967,16.3574,1
1026.36,0.442383,0.802246,0.949219,-0.488281,0.976562,16.2354,1
1026.37,0.516113,0.689453,0.973633,-1.58691,0.854492,15.9912,1
1026.38,0.470215,0.601562,0.983398,0.488281,0.244141,16.2964,1
1026.39,0.42041,0.8125,0.993164,1.09863,0.12207,15.9302,1
1026.4,0.401367,0.69043,0.981445,-0.244141,0.427246,15.5029,1
1026.41,0.446777,0.470703,1.01514,1.15967,-0.671387,15.8081,1
1026.42,0.442383,0.95459,0.960449,1.52588,-0.732422,16.0522,1
1026.43,0.418457,0.842773,1.00537,-4.39453,-0.305176,14.7095,1
1026.44,0.45752,0.225586,1.01123,-3.17383,-1.46484,15.686,1
1026.45,0.453125,0.827637,1.02295,0.183105,-1.46484,15.4419,1
1026.46,0.424316,0.995117,0.984375,-6.22559,-2.01416,13.4888,1
1026.47,0.452637,0.373047,1.04395,-5.37109,-2.2583,13.7329,1
1026.48,0.509277,0.706055,1.05273,-2.19727,-2.50244,13.3667,1
1026.49,0.495605,0.844238,1.04443,-5.7373,-1.89209,11.7798,1
1026.5,0.480469,0.42041,1.05029,-5.79834,-1.64795,10.9253,1
1026.51,0.51416,0.671875,1.01221,-2.99072,-1.0376,10.1318,1
1026.52,0.51123,0.813965,1.04541,-5.43213,-1.09863,8.66699,1
1026.52,0.433594,0.417969,1.12207,-5.79834,-1.09863,8.54492,1
1026.53,0.529785,0.406738,1.07617,-4.27246,-1.2207,8.8501,1
1026.54,0.621582,0.625488,1.07422,-4.76074,-1.28174,7.56836,1
1026.55,0.57666,0.603027,1.07471,-5.37109,-1.09863,5.98145,1
1026.56,0.429688,0.578613,1.1001,-4.21143,-0.427246,4.63867,1
1026.57,0.452637,0.57666,1.14014,-3.35693,-0.732422,3.90625,1
1026.58,0.541504,0.541504,1.13574,-2.86865,-0.244141,3.78418,1
1026.59,0.525391,0.485352,1.10693,-3.17383,-0.0610352,3.23486,1
1026.6,0.458496,0.475098,1.0542,-3.2959,0.671387,2.62451,1
1026.61,0.449219,0.334961,0.998535,-4.15039,0.549316,2.01416,1
1026.62,0.539551,0.367676,0.95459,-4.3335,0.0610352,2.01416,1
1026.63,0.604004,0.322266,1.01953,-5.92041,0.0610352,0.915527,1
1026.64,0.426758,0.354492,1.06055,-5.12695,-0.244141,0.610352,1
1026.65,0.309082,0.479492,0.989746,-5.7373,0.244141,0.305176,1
1026.66,0.334473,0.26123,0.949219,-6.89697,0,0.366211,1
1026.67,0.533203,0.173828,0.975098,-5.12695,-0.488281,1.09863,1
1026.68,0.546387,0.296387,1.04248,-4.76074,-0.183105,0.854492,1
1026.69,0.490234,0.256836,1.05078,-6.22559,-0.854492,0.0610352,1
1026.7,0.38916,0.0854492,0.967285,-5.85938,-0.610352,0.12207,1
1026.71,0.379883,0.167969,0.915527,-5.06592,-0.549316,0.366211,1
1026.72,0.478027,0.23877,1.01416,-6.89697,-0.610352,-0.244141,1
1026.73,0.533203,-0.00732422,1.02881,-7.08008,-0.976562,0.0610352,1
1026.74,0.5,0.0336914,1.00195,-5.37109,-0.549316,0.183105,1
1026.75,0.420898,0.269531,0.986328,-6.7749,-0.610352,-0.610352,1
1026.76,0.437012,0.0385742,0.981445,-8.97217,-0.366211,-0.793457,1
1026.77,0.47168,-0.0766602,1.01074,-7.08008,-0.305176,-0.183105,1
1026.78,0.489746,0.160156,1.06982,-7.26318,0.0610352,-0.793457,1
1026.79,0.483887,0.00634766,0.959961,-8.54492,0.305176,-0.854492,1
1026.8,0.484863,-0.0708008,0.955078,-6.83594,0.0610352,-0.732422,1
1026.81,0.494629,0.129883,1.01025,-7.26318,0.183105,-1.52588,1
1026.82,0.507812,-0.0756836,1.04297,-7.50732,0.488281,-1.46484,1
1026.83,0.486816,-0.133301,0.908691,-4.5166,0.0610352,-1.09863,1
1026.83,0.48291,0.135254,0.932129,-2.86865,-0.183105,-1.46484,1
1026.84,0.470703,-0.0732422,1.05029,-3.2959,-0.183105,-1.64795,1
1026.85,0.391113,-0.148926,1.06152,-0.732422,-0.488281,-0.793457,1
1026.86,0.394043,0.0117188,1.04395,-0.427246,0.12207,-0.854492,1
1026.87,0.448242,-0.0869141,0.997559,-0.915527,-0.0610352,-0.976562,1
1026.88,0.494629,-0.00244141,1.07129,-0.305176,-0.488281,-0.793457,1
1026.89,0.453613,0.0449219,1.1543,-1.64795,-0.549316,-1.0376,1
1026.9,0.463379,-0.189453,1.10498,-0.732422,-0.854492,-0.244141,1
1026.91,0.431152,0.015625,1.05957,1.15967,-0.671387,-0.0610352,1
1026.92,0.412109,0.140625,1.2085,-1.34277,-0.427246,-0.854492,1
1026.93,0.397461,-0.217773,1.18799,-0.671387,-0.549316,0.0610352,1
1026.94,0.447754,0.0595703,1.11182,1.70898,-0.793457,0.305176,1
1026.95,0.426758,0.179688,1.15869,-0.854492,-0.0610352,0,1
1026.96,0.399414,-0.225098,1.18164,-1.2207,-0.793457,0.427246,1
1026.97,0.40625,-0.00439453,1.14453,1.52588,-0.976562,1.28174,1
1026.98,0.407715,0.279785,1.13525,-1.28174,-0.671387,0.12207,1
1026.99,0.464844,-0.165039,1.06836,-1.95312,-0.976562,0.366211,1
1027,0.435547,-0.0576172,1.11328,1.77002,-1.0376,1.28174,1
1027.01,0.422852,0.289551,1.14355,0.793457,-0.915527,1.0376,1
1027.02,0.402344,-0.09375,1.06494,-0.183105,-1.15967,1.15967,1
1027.03,0.462402,-0.0239258,1.0376,3.05176,-1.0376,1.83105,1
1027.04,0.459961,0.236816,1.08105,1.2207,0,1.2207,1
1027.05,0.390137,-0.0493164,1.14258,0.488281,-0.12207,1.52588,1
1027.06,0.381348,-0.00732422,1.11914,3.41797,0.0610352,2.31934,1
1027.07,0.378418,0.303223,1.1333,2.50244,0.610352,1.83105,1
1027.08,0.34082,0.0263672,1.11279,0.915527,0.854492,2.19727,1
1027.09,0.314453,0.0292969,1.07715,3.05176,0.671387,2.74658,1
1027.1,0.291016,0.37207,1.05029,2.01416,1.34277,2.74658,1
1027.11,0.178711,0.103027,1.03223,0.0610352,1.64795,2.99072,1
1027.12,0.090332,0.0581055,1.03857,2.74658,1.40381,3.84521,1
1027.13,-0.00927734,0.384277,0.989746,1.77002,2.38037,3.41797,1
1027.14,-0.074707,0.170898,0.927734,-0.549316,2.86865,3.17383,1
1027.15,-0.0214844,0.0253906,0.797363,1.46484,2.86865,4.69971,1
1027.16,-0.00439453,0.328125,0.814941,2.19727,2.74658,4.82178,1
1027.17,-0.0332031,0.23291,0.808594,0.610352,3.11279,4.69971,1
1027.18,-0.15332,0.166504,0.839355,2.56348,2.68555,5.7373,1
1027.19,-0.326172,0.315918,0.867188,2.31934,3.66211,5.06592,1
1027.19,-0.289062,0.199707,0.923828,2.62451,4.69971,5.67627,1
1027.2,-0.354004,0.275391,0.916504,3.11279,5.67627,6.22559,1
1027.21,-0.313477,0.368164,0.842773,2.31934,5.43213,6.16455,1
1027.22,-0.280273,0.300293,0.974121,0.976562,5.31006,6.10352,1
1027.23,-0.14502,0.381348,0.944824,1.28174,5.79834,7.32422,1
1027.24,-0.22168,0.361328,0.970215,-0.244141,6.34766,7.08008,1
1027.25,-0.445312,0.325684,0.879395,-0.549316,5.67627,7.87354,1
1027.26,-0.529297,0.414062,0.841797,-0.0610352,6.46973,8.42285,1
1027.27,-0.514648,0.251465,0.919922,0.976562,7.14111,8.48389,1
1027.28,-0.477539,0.454102,0.993164,2.0752,6.04248,8.97217,1
1027.29,-0.424805,0.467773,0.899902,0.671387,6.65283,9.27734,1
1027.3,-0.419922,0.211426,0.858398,2.56348,6.46973,11.0474,1
1027.31,-0.439453,0.377441,0.901367,4.3335,6.10352,11.3525,1
1027.32,-0.313965,0.478516,0.99707,2.92969,5.67627,10.5591,1
1027.33,-0.333008,0.328125,0.980469,2.92969,6.16455,11.1694,1
1027.34,-0.222656,0.436035,0.899414,2.74658,5.85938,11.9019,1
1027.35,-0.194824,0.462891,0.87793,0.366211,5.67627,12.0239,1
1027.36,-0.281738,0.353516,0.910156,-0.244141,5.06592,12.6953,1
1027.37,-0.402344,0.424805,0.910645,0.0610352,4.76074,12.3291,1
1027.38,-0.414551,0.466797,0.955078,-0.610352,4.88281,11.7798,1
1027.39,-0.450684,0.387695,1.11475,-1.46484,5.06592,11.5967,1
1027.4,-0.401855,0.449219,1.06348,-1.70898,3.23486,11.6577,1
1027.41,-0.378906,0.404297,1.04346,-2.31934,4.02832,11.6577,1
1027.42,-0.384277,0.416992,1.00928,-1.09863,2.80762,12.207,1
1027.43,-0.261719,0.466797,0.998047,-1.2207,2.68555,10.5591,1
1027.44,-0.259277,0.288574,0.992676,0.305176,3.479,10.9863,1
1027.45,-0.29541,0.297852,1.01221,3.479,3.2959,11.1694,1
1027.46,-0.305664,0.490234,0.931152,4.15039,3.05176,10.5591,1
1027.47,-0.402344,0.473145,0.900879,4.5166,3.17383,10.498,1
1027.48,-0.434082,0.505371,0.969727,6.40869,3.72314,10.9863,1
1027.48,-0.399414,0.562012,1.02734,7.32422,4.15039,11.0474,1
1027.49,-0.40332,0.530762,0.998535,7.50732,4.3335,11.2305,1
1027.5,-0.38916,0.577637,0.984375,8.36182,3.84521,12.0239,1
1027.51,-0.317383,0.634766,1.01709,7.8125,3.35693,12.207,1
1027.52,-0.302246,0.46582,0.995117,7.32422,2.62451,12.5122,1
1027.53,-0.270996,0.568848,0.875488,8.54492,2.01416,14.0991,1
1027.54,-0.258301,0.738281,0.810059,7.08008,2.19727,13.916,1
1027.55,-0.233398,0.525879,0.893555,6.40869,1.46484,14.6484,1
1027.56,-0.209473,0.639648,0.884277,7.50732,0.244141,15.9302,1
1027.57,-0.242188,0.750488,0.881348,5.61523,0.549316,15.9302,1
1027.58,-0.238281,0.615723,0.966309,5.49316,0,17.0898,1
1027.59,-0.272461,0.714844,0.981934,5.18799,-0.305176,17.7002,1
1027.6,-0.275879,0.755859,0.964355,3.23486,-0.549316,17.9443,1
1027.61,-0.271484,0.705566,0.904785,2.38037,-0.488281,18.6157,1
1027.62,-0.306641,0.641113,0.966797,2.01416,-0.183105,18.6157,1
1027.63,-0.332031,0.810547,0.978027,1.15967,-1.0376,18.9819,1
1027.64,-0.310547,0.729004,0.995117,-0.671387,-0.488281,18.4937,1
1027.65,-0.315918,0.629883,1.00146,1.70898,-0.183105,19.6533,1
1027.66,-0.339844,0.65332,0.959961,2.13623,0.244141,18.6768,1
1027.67,-0.325195,0.644531,0.933105,2.56348,-0.12207,19.043,1
1027.68,-0.323242,0.861816,0.964355,2.38037,-0.12207,19.3481,1
1027.69,-0.420898,0.702637,1.02979,0.976562,0.427246,18.7378,1
1027.7,-0.358887,0.629883,1.09424,3.84521,0.12207,20.0806,1
1027.71,-0.294922,0.672363,1.05469,4.02832,1.15967,18.9209,1
1027.72,-0.25,0.67041,0.976074,4.39453,0.427246,19.104,1
1027.73,-0.241211,0.860352,0.912109,3.78418,0.549316,18.8599,1
1027.74,-0.234375,0.765137,1.03613,1.58691,0.854492,18.3105,1
1027.75,-0.254883,0.652832,1.06006,2.56348,0,18.7378,1
1027.76,-0.241699,0.770996,0.959961,2.68555,0.305176,18.3716,1
1027.77,-0.250977,0.762695,0.893555,2.56348,-0.0610352,19.2871,1
1027.77,-0.221191,0.80957,0.869629,1.64795,-0.183105,19.104,1
1027.78,-0.223145,0.727539,0.89502,0.549316,0.183105,18.3716,1
1027.79,-0.222168,0.668945,1.01172,1.77002,0.12207,18.4326,1
1027.8,-0.226562,0.75293,1.08496,2.19727,0,18.1274,1
1027.81,-0.208008,0.821777,1.03369,1.70898,0,18.2495,1
1027.82,-0.206543,0.830566,0.949707,0.793457,0.0610352,17.1509,1
1027.83,-0.233398,0.75,0.970215,0.793457,0.366211,17.0288,1
1027.84,-0.259277,0.83252,1.01367,0.732422,0.305176,17.2119,1
1027.85,-0.308594,0.797363,0.969238,-0.732422,0.427246,16.1133,1
1027.86,-0.297852,0.766113,1.0083,-0.366211,-0.244141,16.9067,1
1027.87,-0.275391,0.793457,1.06494,-1.09863,0.0610352,16.1133,1
1027.88,-0.258301,0.734863,1.03271,-2.0752,0.488281,15.564,1
1027.89,-0.230957,0.717285,0.92041,-2.38037,0.549316,16.1133,1
1027.9,-0.231445,0.838379,0.842773,-2.01416,-0.793457,16.6016,1
1027.91,-0.249512,0.728516,0.885742,-3.54004,-0.732422,15.5029,1
1027.92,-0.236816,0.608398,0.938477,-1.52588,-1.34277,16.9067,1
1027.93,-0.23291,0.877441,0.963379,-1.09863,-0.732422,16.7847,1
1027.94,-0.29834,0.900391,0.907227,-2.92969,-0.976562,15.8691,1
1027.95,-0.299316,0.668945,0.931641,-1.83105,-0.976562,16.9067,1
1027.96,-0.278809,0.824219,0.976074,0.305176,-0.549316,17.395,1
1027.97,-0.228516,0.842285,0.973145,-0.12207,-0.549316,16.4795,1
1027.98,-0.270508,0.614258,0.979004,2.56348,-0.427246,17.7002,1
1027.99,-0.281738,1.03516,1.05762,4.3335,-0.549316,17.2729,1
1028,-0.277344,0.907227,1.03174,1.34277,0.305176,16.6626,1
1028.01,-0.276855,0.650879,1.04004,3.60107,-0.366211,18.0664,1
1028.02,-0.277344,0.915527,1.03857,3.78418,0.183105,17.2119,1
1028.03,-0.269531,0.836914,1.05762,2.31934,0.732422,17.2729,1
1028.04,-0.215332,0.726074,1.00293,2.0752,0.305176,17.9443,1
1028.05,-0.251465,0.921387,0.947266,1.0376,0,17.395,1
1028.06,-0.264648,0.894043,0.94043,-1.89209,0.610352,16.7236,1
1028.07,-0.23877,0.671875,0.966309,-1.89209,0.549316,17.7612,1
1028.08,-0.26709,0.808105,0.995117,-1.52588,0,18.0664,1
1028.09,-0.265137,0.840332,0.972656,-3.17383,-0.244141,17.2729,1
1028.09,-0.227051,0.773438,0.999023,-2.99072,-0.610352,18.0664,1
1028.1,-0.211426,0.818848,0.98291,-3.23486,-0.427246,17.8833,1
1028.11,-0.268066,0.755859,0.886719,-4.08936,0,17.4561,1
1028.12,-0.275879,0.699707,0.917969,-2.99072,-0.305176,17.7002,1
1028.13,-0.292969,0.849609,0.975586,-2.0752,0.0610352,17.7002,1
1028.14,-0.29541,0.847656,0.990723,-2.19727,0.610352,17.334,1
1028.15,-0.280762,0.718262,0.977539,-0.854492,1.0376,18.0054,1
1028.16,-0.306152,0.946777,0.967285,-0.12207,0.854492,17.5171,1
1028.17,-0.292969,0.780762,0.950684,-1.0376,1.58691,17.334,1
1028.18,-0.295898,0.624512,0.957031,2.0752,1.2207,18.3716,1
1028.19,-0.222168,0.703125,0.995605,2.19727,1.52588,17.7002,1
1028.2,-0.202637,0.838379,0.87207,1.2207,2.2583,17.1509,1
1028.21,-0.297852,0.914062,0.783691,-1.52588,3.54004,16.1743,1
1028.22,-0.370117,0.903809,0.945312,-1.58691,2.86865,17.5171,1
1028.23,-0.307129,0.730469,0.975586,-2.68555,3.479,17.334,1
1028.24,-0.25293,0.510254,0.910156,-1.2207,3.05176,18.1274,1
1028.25,-0.19043,0.799316,0.855469,-0.366211,2.92969,17.7002,1
1028.26,-0.269043,0.943848,0.797363,-3.84521,3.78418,17.2119,1
1028.27,-0.32959,0.727539,0.839355,-6.16455,2.2583,17.334,1
1028.28,-0.363281,0.641113,0.972656,-4.5166,2.68555,18.6768,1
1028.29,-0.303223,0.873535,0.995605,-4.15039,2.80762,18.3716,1
1028.3,-0.246582,0.750977,0.914062,-5.00488,3.05176,18.4326,1
1028.31,-0.273926,0.758301,0.84082,-2.56348,2.31934,19.3481,1
1028.32,-0.317871,0.831543,0.892578,-2.86865,2.56348,18.6768,1
1028.33,-0.312988,0.636719,0.931641,-2.62451,2.86865,18.6157,1
1028.34,-0.312988,0.808105,0.89502,-1.09863,2.01416,20.1416,1
1028.35,-0.31543,0.775391,0.946289,-3.05176,1.77002,19.4702,1
1028.35,-0.407715,0.623535,0.890137,-1.40381,0.732422,20.874,1
1028.36,-0.301758,0.806641,0.925781,0.671387,1.34277,20.9351,1
1028.37,-0.311523,0.847168,0.976074,-0.0610352,2.19727,19.7754,1
1028.38,-0.296387,0.787109,0.872559,0.427246,1.83105,20.6909,1
1028.39,-0.306641,0.839844,0.901855,0,1.15967,21.0571,1
1028.4,-0.365234,0.803223,0.981934,-0.12207,0.549316,21.4233,1
1028.41,-0.284668,0.618652,0.987305,0.488281,1.0376,21.4233,1
1028.42,-0.257812,0.883789,0.934082,2.56348,0.915527,22.2168,1
1028.43,-0.311035,0.876465,0.942383,0,0.854492,21.0571,1
1028.44,-0.344727,0.580566,0.913086,1.95312,-0.305176,22.583,1
1028.45,-0.299805,0.938965,0.969238,3.96729,0.0610352,22.522,1
1028.46,-0.279785,0.84082,0.978516,1.09863,1.34277,21.2402,1
1028.47,-0.290527,0.646973,0.960938,2.38037,0,22.4609,1
1028.48,-0.336426,0.983398,0.923828,2.13623,0.305176,22.3999,1
1028.49,-0.328613,0.758789,0.958984,-0.610352,0.976562,21.4233,1
1028.5,-0.25,0.572266,1.00049,1.58691,0.427246,22.1558,1
1028.51,-0.263672,0.964844,0.945312,0.732422,1.15967,21.4844,1
1028.52,-0.379395,0.970215,0.935547,-3.78418,0.366211,20.5078,1
1028.53,-0.359863,0.651367,0.916016,-3.17383,0.732422,22.0947,1
1028.54,-0.343262,0.889648,0.942383,-2.74658,0.915527,21.4844,1
1028.55,-0.296875,0.752441,0.933594,-5.31006,1.40381,20.3857,1
1028.56,-0.364746,0.678711,0.918945,-2.74658,0.305176,21.5454,1
1028.57,-0.270508,0.931641,0.978027,-2.86865,0.915527,21.3013,1
1028.58,-0.267578,0.664062,1.05908,-4.02832,0.183105,19.8975,1
1028.59,-0.17334,0.652344,0.939941,-1.46484,-0.12207,20.2637,1
1028.6,-0.247559,0.812012,0.883789,-0.671387,1.64795,19.7754,1
1028.61,-0.280762,0.6875,0.873047,-3.78418,0.427246,18.0664,1
1028.62,-0.241699,0.556152,0.898926,-1.15967,0.427246,19.165,1
1028.63,-0.280273,0.94043,0.973145,-1.2207,0.427246,18.2495,1
1028.64,-0.300781,0.685059,1.03174,-4.94385,0,16.6626,1
1028.64,-0.217773,0.46582,0.967773,-2.50244,-0.305176,17.0898,1
1028.65,-0.217773,0.759766,0.9375,-4.27246,0.244141,14.9536,1
1028.66,-0.219238,0.572266,0.837402,-6.7749,-1.15967,14.3433,1
1028.67,-0.219727,0.534668,0.981934,-5.79834,-1.40381,13.6719,1
1028.68,-0.228027,0.74707,1.00342,-7.69043,-1.89209,11.6577,1
1028.69,-0.274414,0.616699,1.00781,-7.87354,-0.976562,11.1694,1
1028.7,-0.26416,0.658203,1.00146,-7.38525,-1.40381,10.498,1
1028.71,-0.249512,0.480469,0.905273,-8.97217,-1.2207,7.93457,1
1028.72,-0.253418,0.42334,0.992188,-5.61523,-0.915527,8.66699,1
1028.73,-0.194824,0.635254,1.05908,-6.28662,-2.01416,5.98145,1
1028.74,-0.26709,0.40918,1.04492,-6.95801,-2.56348,5.00488,1
1028.75,-0.267578,0.427246,1.02295,-3.72314,-2.86865,5.24902,1
1028.76,-0.303711,0.601562,1.00635,-4.88281,-2.80762,2.74658,1
1028.77,-0.30127,0.463867,0.939941,-4.45557,-3.11279,2.50244,1
1028.78,-0.314453,0.38623,0.951172,-1.95312,-2.38037,2.31934,1
1028.79,-0.249512,0.479492,1.08984,-1.0376,-3.05176,0.976562,1
1028.8,-0.223145,0.312988,1.11279,-0.976562,-2.56348,-0.366211,1
1028.81,-0.253418,0.398438,1.10254,0.244141,-2.74658,-0.305176,1
1028.82,-0.300781,0.387695,1.04297,-2.0752,-2.62451,-2.19727,1
1028.83,-0.261719,0.281738,0.947754,-2.31934,-2.19727,-2.19727,1
1028.84,-0.318848,0.423828,1.03857,-2.62451,-1.34277,-2.92969,1
1028.85,-0.293945,0.238281,1.12891,-4.76074,-1.58691,-4.27246,1
1028.86,-0.287109,0.253906,1.1665,-4.45557,-2.2583,-3.90625,1
1028.87,-0.31543,0.420898,1.08203,-6.16455,-0.427246,-5.18799,1
1028.88,-0.32959,0.139648,1.06055,-9.15527,-0.244141,-6.22559,1
1028.89,-0.335449,-0.0185547,1.11719,-8.42285,-0.183105,-6.04248,1
1028.9,-0.247559,0.192871,1.125,-9.52148,0.366211,-6.65283,1
1028.91,-0.291504,0.0385742,0.987305,-13.3057,0.732422,-7.62939,1
1028.92,-0.262695,-0.0649414,0.839844,-13.3667,-0.0610352,-7.50732,1
1028.93,-0.291504,-0.00976562,0.875,-15.3198,0.854492,-9.33838,1
1028.94,-0.292969,-0.130371,0.950195,-15.8691,1.0376,-9.70459,1
1028.95,-0.288086,-0.273926,0.974121,-15.5029,1.52588,-10.1318,1
1028.96,-0.301758,-0.15625,0.858887,-15.1978,1.40381,-10.1318,1
1028.97,-0.274902,-0.13623,0.688965,-16.7847,1.40381,-11.3525,1
1028.98,-0.227539,-0.330078,0.756348,-15.8691,1.70898,-12.207,1
1028.98,-0.313477,-0.455566,0.834473,-13.3667,1.40381,-12.6343,1
1028.99,-0.353027,-0.506348,0.961914,-11.1694,2.01416,-12.8174,1
1029,-0.255371,-0.377441,0.814453,-9.58252,1.77002,-13.4277,1
1029.01,-0.23877,-0.286621,0.828125,-10.1318,2.86865,-14.6484,1
1029.02,-0.33252,-0.607422,0.976074,-10.0098,2.44141,-15.1978,1
1029.03,-0.399414,-0.417969,0.935059,-7.08008,2.74658,-14.8315,1
1029.04,-0.376953,-0.33252,0.852539,-10.0708,3.23486,-16.9067,1
1029.05,-0.282715,-0.684082,1.00049,-10.3149,2.92969,-17.8223,1
1029.06,-0.253906,-0.478516,1.01514,-9.33838,3.66211,-17.334,1
1029.07,-0.318359,-0.447754,0.991699,-11.4746,3.90625,-18.3716,1
1029.08,-0.345703,-0.553711,0.984863,-10.6201,2.74658,-18.3105,1
1029.09,-0.270508,-0.298828,0.911133,-10.0708,3.96729,-18.4326,1
1029.1,-0.267578,-0.513672,0.972168,-12.7563,4.39453,-20.2026,1
1029.11,-0.271484,-0.857422,0.996094,-8.72803,3.54004,-19.043,1
1029.12,-0.199219,-0.482422,1.03027,-4.63867,4.15039,-18.6768,1
1029.13,-0.279785,-0.387695,0.951172,-6.89697,3.72314,-20.1416,1
1029.14,-0.346191,-0.837402,0.896973,-4.45557,2.86865,-19.7144,1
1029.15,-0.318848,-0.471191,0.936035,0.305176,2.62451,-18.9209,1
1029.16,-0.290039,-0.239258,0.928711,-2.74658,2.80762,-20.6299,1
1029.17,-0.237793,-0.922363,0.938965,-2.2583,1.95312,-20.1416,1
1029.18,-0.234375,-0.745117,0.939453,3.66211,1.28174,-18.3716,1
1029.19,-0.28125,-0.191895,0.919922,1.28174,1.40381,-19.165,1
1029.2,-0.310547,-0.655762,0.897461,-2.62451,1.2207,-19.8364,1
1029.21,-0.210449,-0.526367,0.92334,0.183105,0.366211,-18.4937,1
1029.22,-0.224121,-0.285645,0.963867,-3.60107,0.915527,-20.2026,1
1029.23,-0.24707,-0.831055,0.967285,-3.35693,0.305176,-19.3481,1
1029.24,-0.277344,-0.731934,0.968262,1.40381,0.0610352,-18.2495,1
1029.25,-0.306152,-0.408203,0.984863,-0.305176,0.488281,-19.165,1
1029.26,-0.270508,-0.760254,1.00146,-2.50244,-0.610352,-18.9209,1
1029.27,-0.244141,-0.669434,0.971191,-1.09863,-0.671387,-18.1885,1
1029.28,-0.28418,-0.535156,0.947754,-4.57764,0.793457,-19.4092,1
1029.29,-0.302246,-0.788574,0.916504,-5.92041,0.915527,-18.6157,1
1029.3,-0.264648,-0.695312,1.05225,-6.16455,0.793457,-18.5547,1
1029.31,-0.263672,-0.748535,1.05518,-6.22559,1.64795,-18.5547,1
1029.32,-0.260742,-0.703125,0.981445,-4.21143,1.58691,-18.1274,1
1029.33,-0.317383,-0.553711,0.888672,-5.24902,1.83105,-19.104,1
1029.33,-0.24707,-0.546875,0.854492,-7.14111,2.13623,-19.7144,1
1029.34,-0.29541,-0.756836,0.956543,-7.99561,2.13623,-20.0195,1
1029.35,-0.289551,-0.85791,0.989258,-6.10352,1.77002,-19.7144,1
1029.36,-0.291504,-0.715332,0.97168,-5.43213,2.50244,-20.5078,1
1029.37,-0.279297,-0.740234,0.941895,-6.22559,2.56348,-21.3013,1
1029.38,-0.300781,-0.744141,0.949707,-5.67627,2.38037,-20.9351,1
1029.39,-0.319336,-0.703125,1.00684,-5.79834,3.05176,-21.6675,1
1029.4,-0.258789,-0.736328,0.956543,-4.5166,3.54004,-21.7896,1
1029.41,-0.260254,-0.736328,0.880371,-3.84521,3.479,-22.583,1
1029.42,-0.34668,-0.833984,0.887695,-4.3335,2.44141,-23.6206,1
1029.43,-0.272949,-1.01025,0.85791,-3.17383,1.64795,-23.4985,1
1029.44,-0.29541,-0.591309,0.966797,-1.70898,2.31934,-23.6206,1
1029.45,-0.253418,-0.509277,0.989258,-5.06592,2.38037,-25.5737,1
1029.46,-0.287598,-0.860352,0.852539,-3.479,2.13623,-24.9634,1
1029.47,-0.306641,-0.750977,0.865234,-0.976562,0.366211,-25.0244,1
1029.48,-0.31543,-0.790039,0.896973,-1.52588,0.854492,-26.6724,1
1029.49,-0.227051,-0.896973,0.902832,0.793457,0.732422,-25.5737,1
1029.5,-0.197266,-0.749023,0.976074,1.15967,0.976562,-27.1606,1
1029.51,-0.19873,-0.73291,0.938965,0.549316,-0.366211,-27.6489,1
1029.52,-0.278809,-0.868164,0.876953,1.40381,-0.671387,-27.2217,1
1029.53,-0.258789,-0.797852,0.909668,2.56348,-1.52588,-27.3438,1
1029.54,-0.214355,-0.824707,0.950684,2.0752,-0.12207,-28.1372,1
1029.55,-0.125,-0.901855,0.979492,3.54004,-0.671387,-27.6489,1
1029.56,-0.137207,-0.781738,0.969238,3.66211,-1.2207,-27.71,1
1029.57,-0.157715,-0.796875,0.887695,2.99072,-1.58691,-27.832,1
1029.58,-0.199707,-0.777832,0.895996,1.70898,-1.28174,-28.3203,1
1029.59,-0.163086,-0.835449,0.95752,-0.183105,-1.09863,-28.7476,1
1029.6,-0.171387,-0.98291,1.0542,-0.0610352,-0.915527,-27.771,1
1029.61,-0.146973,-0.818359,1.06006,1.09863,-1.09863,-27.4658,1
1029.62,-0.104492,-0.775391,0.930664,0.12207,-0.427246,-27.832,1
1029.63,-0.147461,-0.986328,0.947266,0.976562,-0.610352,-27.2827,1
1029.64,-0.182617,-0.841797,0.932129,1.64795,-1.52588,-27.1606,1
1029.65,-0.204102,-0.780762,0.991211,0.305176,-0.12207,-27.71,1
1029.66,-0.189941,-0.987793,1.11279,0,0,-27.4048,1
1029.67,-0.161133,-0.987305,1.03467,1.40381,-0.366211,-26.6724,1
1029.68,-0.140137,-0.785156,0.963867,1.52588,-0.244141,-26.6724,1
1029.69,-0.150391,-1.01318,0.983398,1.15967,0.305176,-27.2217,1
1029.69,-0.189941,-0.888184,1.00342,4.27246,-0.12207,-26.2451,1
1029.7,-0.141602,-0.666016,0.964844,2.44141,0.488281,-27.2217,1
1029.71,-0.140625,-0.955566,0.986816,1.09863,-0.0610352,-27.3438,1
1029.72,-0.115234,-1.00684,0.950195,2.80762,0,-26.3672,1
1029.73,-0.12207,-0.789062,0.971191,2.2583,0.427246,-26.7944,1
1029.74,-0.159668,-0.930176,1.0459,0.305176,0.0610352,-27.5269,1
1029.75,-0.116211,-0.817383,0.966797,2.56348,-0.183105,-26.062,1
1029.76,-0.0947266,-0.782227,0.890625,0.366211,0.732422,-27.0996,1
1029.77,-0.121094,-1.01465,0.933594,0.244141,0.244141,-26.7334,1
1029.78,-0.0800781,-0.912598,1.02686,1.09863,0.732422,-26.4282,1
1029.79,-0.0927734,-0.81543,1.0376,0.732422,0.915527,-26.4282,1
1029.8,-0.0673828,-0.898438,0.914062,0.732422,0.671387,-26.4893,1
1029.81,-0.0458984,-0.865723,0.871582,1.0376,0.976562,-26.1841,1
1029.82,-0.0693359,-0.922363,0.963867,0,0.732422,-26.6113,1
1029.83,-0.0639648,-0.890625,1.00635,0.488281,1.34277,-25.6958,1
1029.84,-0.0317383,-0.786621,1.01758,-0.915527,1.52588,-26.2451,1
1029.85,-0.00244141,-1.03271,0.955566,-0.12207,1.58691,-25.5127,1
1029.86,0.00195312,-0.810059,0.942871,1.52588,1.0376,-25.3906,1
1029.87,-0.0224609,-0.85791,0.9375,-0.671387,1.28174,-26.2451,1
1029.87,-0.00488281,-0.884766,0.943359,0.427246,0.793457,-25.0854,1
1029.89,-0.00195312,-0.774902,0.995605,-0.732422,0.976562,-26.123,1
1029.89,0.0410156,-0.912598,1.00195,-0.488281,0.915527,-26.001,1
1029.9,0.043457,-0.842773,0.992188,1.09863,0.183105,-25.5127,1
1029.91,0.019043,-0.812012,0.899414,1.09863,-0.244141,-25.8179,1
1029.92,0.00488281,-0.914062,0.918945,2.31934,-0.793457,-25.3906,1
1029.93,0.0717773,-0.685059,0.906738,2.86865,-1.0376,-25.6348,1
1029.94,0.0830078,-0.825195,0.973145,1.58691,-0.976562,-25.9399,1
1029.95,0.0400391,-0.995605,1.01123,3.78418,-2.01416,-24.8413,1
1029.96,0.0571289,-0.75,0.935059,4.3335,-1.40381,-24.9023,1
1029.97,0.03125,-0.799316,0.918945,3.72314,-0.793457,-24.9023,1
1029.98,0.0820312,-0.926758,0.88623,3.23486,-1.40381,-24.292,1
1029.99,0.0830078,-0.72998,0.907715,2.74658,-1.52588,-23.8037,1
1030,0.0786133,-0.852051,0.973145,0.244141,-0.732422,-24.353,1
1030.01,0.0458984,-0.90625,1.00049,1.40381,-0.732422,-22.7051,1
1030.02,0.0698242,-0.65625,0.95459,0,-0.244141,-23.0713,1
1030.03,0.0771484,-0.849609,0.969238,-2.2583,0.12207,-22.9492,1
1030.04,0.0766602,-0.964355,0.992676,-1.28174,0,-21.8506,1
1030.05,0.0698242,-0.645508,0.986816,-1.70898,0.427246,-21.8506,1
1030.06,0.0795898,-0.839844,1.01367,-3.96729,1.52588,-21.9727,1
1030.07,0.0517578,-0.914062,0.989258,-1.58691,0.915527,-20.6299,1
1030.08,0.059082,-0.669922,1.02295,-1.15967,1.52588,-21.1182,1
1030.09,0.0791016,-0.82373,0.922852,-0.854492,1.64795,-21.1182,1
1030.1,0.0888672,-0.901367,0.948242,1.64795,1.77002,-20.5078,1
1030.11,0.0258789,-0.785645,1.00195,2.62451,1.83105,-20.5688,1
1030.12,0.0410156,-0.920898,1.01758,2.2583,2.01416,-21.2402,1
1030.13,0.00585938,-0.807129,0.986328,5.00488,2.31934,-20.2637,1
1030.14,0.0327148,-0.633789,0.972168,4.15039,2.01416,-20.9961,1
1030.15,0.00830078,-0.788086,0.872559,4.63867,1.2207,-20.2637,1
1030.16,0.0639648,-0.654785,0.832031,5.31006,0.427246,-20.3247,1
1030.17,0.0634766,-0.714355,0.889648,3.72314,1.15967,-21.5454,1
1030.18,0.0229492,-0.849609,0.930176,5.12695,0.610352,-20.3857,1
1030.19,0.00439453,-0.635742,0.979004,5.31006,0.0610352,-20.6299,1
1030.2,0.0493164,-0.62793,0.891602,3.479,-0.12207,-21.4844,1
1030.21,0.0727539,-0.731445,0.843262,4.15039,0.0610352,-20.4468,1
1030.22,0.0888672,-0.625977,0.880371,3.35693,-0.183105,-20.9961,1
1030.23,0.0756836,-0.733398,0.962891,2.44141,-0.549316,-21.0571,1
1030.23,0.0595703,-0.764648,0.982422,3.72314,-0.366211,-20.0806,1
1030.24,0.0527344,-0.631836,0.958496,2.86865,-0.305176,-20.3857,1
1030.25,0.0644531,-0.759766,0.949219,1.77002,0,-20.6909,1
1030.26,0.0922852,-0.730957,1.00879,2.31934,-0.610352,-19.8975,1
1030.27,0.0957031,-0.675781,1.06738,1.15967,-0.244141,-20.3857,1
1030.28,0.131836,-0.746582,1.02295,0.732422,0.12207,-20.4468,1
1030.29,0.0825195,-0.780762,0.96582,1.40381,0.549316,-19.7754,1
1030.3,0.0546875,-0.755371,0.987305,0.732422,0.244141,-19.9585,1
1030.31,0.0454102,-0.727051,1.09033,-0.0610352,0.366211,-20.3247,1
1030.32,0.0766602,-0.703125,1.06104,-0.12207,1.09863,-20.5688,1
1030.33,0.0517578,-0.723145,1.00879,-0.488281,1.09863,-20.813,1
1030.34,0.0527344,-0.79248,0.971191,-0.854492,1.15967,-21.3013,1
1030.35,-0.00585938,-0.837891,1.00195,-0.305176,1.77002,-20.9961,1
1030.36,-0.0766602,-0.728027,1.00195,-0.549316,1.70898,-21.1792,1
1030.37,-0.0610352,-0.774902,0.980469,-1.95312,2.38037,-22.1558,1
1030.38,-0.0859375,-0.797363,1.01318,-0.976562,2.0752,-21.9727,1
1030.39,-0.0566406,-0.756836,0.983398,-1.15967,2.50244,-23.0103,1
1030.4,-0.034668,-0.685059,0.956543,-0.854492,2.38037,-23.0103,1
1030.41,-0.105957,-0.855469,1.04443,-1.52588,2.68555,-23.9258,1
1030.42,-0.196777,-0.739258,0.985352,0.305176,2.01416,-23.3765,1
1030.43,-0.222656,-0.753906,0.935059,-0.732422,3.17383,-24.9023,1
1030.44,-0.216309,-0.832031,0.958008,1.70898,3.35693,-24.231,1
1030.45,-0.180176,-0.599609,0.994629,1.09863,2.86865,-25.7568,1
1030.46,-0.168945,-0.820312,0.922363,0.305176,2.92969,-26.3062,1
1030.47,-0.166992,-0.819336,0.894043,2.80762,2.50244,-25.5127,1
1030.48,-0.192383,-0.70459,1.00391,2.68555,2.44141,-27.0996,1
1030.49,-0.137695,-0.839355,0.941895,3.41797,2.80762,-27.2217,1
1030.5,-0.162598,-0.778809,0.873535,4.94385,2.74658,-26.8555,1
1030.51,-0.195312,-0.734375,0.834961,3.78418,1.89209,-28.1982,1
1030.52,-0.212891,-0.742676,0.90625,3.479,1.28174,-28.1372,1
1030.53,-0.233398,-0.751953,0.903809,2.38037,1.70898,-29.2969,1
1030.54,-0.205078,-0.816406,0.935059,2.74658,1.70898,-29.1748,1
1030.55,-0.214355,-0.731445,0.987793,1.83105,0.976562,-29.6021,1
1030.56,-0.171875,-0.772461,0.947266,0.671387,1.2207,-29.7852,1
1030.57,-0.203613,-0.781738,1.00928,-0.12207,0.854492,-29.8462,1
1030.57,-0.224121,-0.833496,1.02881,-1.28174,0.854492,-30.5786,1
1030.58,-0.307617,-0.836914,1.00879,-2.01416,1.52588,-30.2124,1
1030.59,-0.270508,-0.921875,1.01562,-2.74658,1.95312,-30.4565,1
1030.6,-0.206543,-0.870117,0.995117,-2.80762,1.89209,-30.5176,1
1030.61,-0.220703,-0.824219,1.05078,-3.05176,1.89209,-30.7617,1
1030.62,-0.220703,-0.875488,1.01123,-2.38037,2.31934,-30.2734,1
1030.63,-0.278809,-0.809082,0.956055,-1.52588,2.50244,-30.0293,1
1030.64,-0.253418,-0.885254,0.964844,-2.0752,2.80762,-30.8228,1
1030.65,-0.211914,-0.874512,1.02832,-1.09863,2.56348,-30.4565,1
1030.66,-0.214844,-0.82666,0.987793,-1.15967,2.74658,-30.5176,1
1030.67,-0.174805,-0.848633,0.952148,-0.427246,2.13623,-30.3955,1
1030.68,-0.200684,-0.87793,0.891602,0.244141,2.74658,-30.5786,1
1030.69,-0.23584,-0.822754,0.859863,1.46484,2.0752,-30.0903,1
1030.7,-0.22168,-0.833496,0.958008,0.610352,2.01416,-31.1279,1
1030.71,-0.206055,-0.910645,1.02686,1.34277,1.83105,-30.8838,1
1030.72,-0.212891,-0.827148,0.954102,2.62451,1.83105,-30.3955,1
1030.73,-0.236816,-0.834961,0.914062,1.58691,1.83105,-31.6162,1
1030.74,-0.213379,-0.889648,0.944336,1.83105,1.2207,-31.4941,1
1030.75,-0.186035,-0.82373,0.946777,2.19727,1.52588,-31.0669,1
1030.76,-0.198242,-0.842773,0.993652,1.64795,1.2207,-31.4331,1
1030.77,-0.206543,-0.88916,0.976074,2.01416,1.2207,-31.7993,1
1030.78,-0.233398,-0.845215,0.878906,2.99072,1.58691,-31.1279,1
1030.79,-0.245117,-0.856934,0.921387,1.34277,1.40381,-31.9824,1
1030.8,-0.171387,-0.931641,0.973633,1.2207,0.732422,-31.8604,1
1030.81,-0.131836,-0.843262,0.943359,1.34277,1.34277,-31.9214,1
1030.82,-0.169434,-0.79834,0.85791,0.610352,1.15967,-31.8604,1
1030.83,-0.20166,-0.839355,0.905273,0.0610352,1.2207,-32.2266,1
1030.84,-0.180176,-0.841797,0.935059,0.0610352,1.28174,-32.1045,1
1030.85,-0.148438,-0.842773,0.973633,-0.366211,0.915527,-32.2266,1
1030.86,-0.117676,-0.916016,0.968262,-0.671387,1.34277,-32.2266,1
1030.86,-0.148926,-0.845703,0.928711,0,0.854492,-31.25,1
1030.87,-0.174805,-0.853516,0.883301,-1.0376,1.15967,-32.5317,1
1030.88,-0.192383,-0.966309,0.956543,-0.488281,1.52588,-31.7383,1
1030.89,-0.154785,-0.875488,1.05273,0.0610352,1.46484,-31.3721,1
1030.9,-0.118164,-0.885742,1.05371,-0.732422,1.95312,-31.8604,1
1030.91,-0.114746,-0.858887,0.963379,0.305176,1.77002,-30.6396,1
1030.92,-0.156738,-0.903809,0.855957,0.427246,2.68555,-31.0059,1
1030.93,-0.15918,-0.950684,0.908691,1.40381,2.56348,-30.7617,1
1030.94,-0.137695,-0.891113,1.03223,1.70898,2.19727,-30.5786,1
1030.95,-0.0966797,-0.820801,1.0083,0.366211,2.38037,-30.9448,1
1030.96,-0.147949,-0.901855,0.955566,0.976562,2.01416,-30.0903,1
1030.97,-0.166504,-0.841309,0.903809,0.488281,2.01416,-30.7007,1
1030.98,-0.135742,-0.90332,0.875488,0.976562,2.0752,-30.6396,1
1030.99,-0.151855,-0.88623,0.950684,1.46484,2.13623,-30.5786,1
1031,-0.10498,-0.936035,1.021,0.915527,0.976562,-30.8228,1
1031.01,-0.0854492,-0.833496,0.935547,1.64795,0.854492,-30.2124,1
1031.02,-0.111328,-0.848145,0.92334,-0.732422,1.46484,-31.3721,1
1031.03,-0.119141,-1.0415,0.94873,0.244141,0.427246,-30.2124,1
1031.04,-0.0756836,-0.78125,0.930664,0.305176,0.427246,-30.6396,1
1031.05,-0.0429688,-1.04639,0.976074,-1.0376,0.854492,-30.8838,1
1031.06,-0.0600586,-0.97168,0.971191,2.38037,0.549316,-29.6631,1
1031.07,-0.0883789,-0.69873,0.96875,-0.0610352,0.732422,-30.7007,1
1031.08,-0.120117,-1.08398,0.95459,0,0.610352,-29.7852,1
1031.09,-0.0839844,-0.9375,0.919434,2.01416,0.305176,-29.4189,1
1031.1,-0.0166016,-0.838379,0.901367,1.46484,0.915527,-29.48,1
1031.11,0.0322266,-0.979492,0.998047,1.77002,-0.183105,-29.3579,1
1031.12,0.123535,-0.90918,0.923828,1.58691,-0.305176,-29.3579,1
1031.13,0.0625,-0.962891,0.904785,2.0752,0.0610352,-28.0762,1
1031.14,-0.0908203,-0.959961,1.02246,1.34277,-0.12207,-28.6255,1
1031.15,-0.0166016,-0.950195,1.05127,1.77002,0,-28.2593,1
1031.15,0.0737305,-0.898438,0.993164,2.62451,0.671387,-27.5269,1
1031.16,0.125977,-0.880859,0.919434,1.77002,-0.366211,-27.5269,1
1031.17,0.116211,-0.95752,0.974609,0.854492,-0.732422,-27.3438,1
1031.18,0.0380859,-0.901855,1.03027,-0.0610352,-0.244141,-26.6113,1
1031.19,-0.00976562,-0.949707,1.03955,-0.488281,0,-26.3672,1
1031.2,-0.0205078,-0.915527,1.01855,0.549316,0,-25.6348,1
1031.21,0.0688477,-0.817383,0.952148,0.244141,0,-25.3296,1
1031.22,0.111816,-0.823242,0.966309,-0.976562,0,-25.7568,1
1031.23,0.0585938,-0.907715,0.98291,-0.12207,-0.183105,-24.6582,1
1031.24,-0.00537109,-0.873535,0.980957,0.610352,-0.12207,-24.292,1
1031.25,0.0161133,-0.907227,0.930664,1.89209,0.0610352,-24.0479,1
1031.26,0.0180664,-0.894043,0.906738,3.78418,0.732422,-23.1323,1
1031.27,0.0478516,-0.772461,0.926758,3.35693,0.0610352,-23.6816,1
1031.28,0.00732422,-0.872559,0.90918,3.90625,0.244141,-22.644,1
1031.29,0.0356445,-0.854004,0.917969,4.94385,0.549316,-22.0337,1
1031.3,0.027832,-0.8125,0.885742,4.63867,0.183105,-22.2168,1
1031.31,0.0625,-0.907227,0.89502,5.00488,0.671387,-21.9116,1
1031.32,0.0444336,-0.772461,0.979004,5.5542,0.854492,-21.1792,1
1031.33,0.0527344,-0.73291,0.943359,2.62451,0.915527,-21.8506,1
1031.34,0.117676,-0.89209,0.966797,1.77002,0.305176,-20.874,1
1031.35,0.0566406,-0.751465,0.937988,2.38037,0.610352,-19.8975,1
1031.36,0.0922852,-0.765625,0.902344,0.488281,1.28174,-21.1182,1
1031.37,0.081543,-0.905762,0.932617,1.40381,1.34277,-20.3247,1
1031.38,0.119629,-0.702637,1.09277,0.915527,1.2207,-20.752,1
1031.39,0.18457,-0.808105,1.01611,-0.12207,1.0376,-20.6299,1
1031.4,0.15332,-0.816895,0.922852,1.0376,0.793457,-19.8364,1
1031.41,0.0883789,-0.758789,0.921875,0.671387,0.854492,-20.4468,1
1031.42,0.0751953,-0.817871,0.972656,1.46484,0.732422,-20.3857,1
1031.43,0.136719,-0.821289,1.00439,2.38037,1.40381,-20.3857,1
1031.44,0.139648,-0.731445,0.999512,3.60107,0.793457,-19.9585,1
1031.45,0.148438,-0.779785,0.964844,2.38037,0.366211,-20.9961,1
1031.46,0.142578,-0.842773,0.95459,4.02832,0,-20.1416,1
1031.47,0.125,-0.72168,0.96582,3.96729,0.549316,-20.9351,1
1031.48,0.170898,-0.810547,0.9375,4.08936,0.488281,-20.9351,1
1031.48,0.181641,-0.79834,0.932617,4.63867,0.12207,-20.752,1
1031.49,0.165039,-0.674805,0.959473,3.84521,0,-20.6909,1
1031.5,0.13623,-0.786621,1.02344,2.74658,0.671387,-21.1792,1
1031.51,0.0976562,-0.697754,1.01465,3.41797,0.305176,-20.9961,1
1031.52,0.137695,-0.66748,0.90332,2.92969,0.610352,-21.4844,1
1031.53,0.164551,-0.793945,0.92041,3.60107,0.12207,-21.5454,1
1031.54,0.23877,-0.744141,0.992188,4.82178,-0.305176,-21.6064,1
1031.55,0.191406,-0.657227,1.04102,4.82178,0.549316,-21.9116,1
1031.56,0.0991211,-0.79248,1.00635,4.69971,0.183105,-22.0947,1
1031.57,0.137207,-0.714355,0.896484,6.40869,-0.488281,-21.1792,1
1031.58,0.154785,-0.651367,0.893066,5.67627,0.305176,-22.0337,1
1031.59,0.199707,-0.791992,0.88916,5.18799,-0.12207,-22.644,1
1031.6,0.215332,-0.729492,0.897949,5.5542,0.183105,-21.9116,1
1031.61,0.158203,-0.554199,0.98291,3.60107,0.732422,-22.1558,1
1031.62,0.152832,-0.694336,0.991211,1.58691,0.488281,-22.7051,1
1031.63,0.154297,-0.699707,0.891113,3.11279,0.610352,-21.3013,1
1031.64,0.162598,-0.606934,0.834473,2.01416,1.0376,-22.0947,1
1031.65,0.15918,-0.746582,0.901367,0.427246,0.976562,-22.644,1
1031.66,0.165527,-0.720703,1.06543,0,0.915527,-22.583,1
1031.67,0.128906,-0.634766,1.02637,-0.915527,1.70898,-22.9492,1
1031.68,0.0947266,-0.706055,0.902832,-1.83105,1.15967,-23.3154,1
1031.69,0.102051,-0.740723,0.973633,-1.34277,1.09863,-23.1934,1
1031.7,0.121582,-0.713867,1.00781,-1.95312,1.95312,-23.6816,1
1031.71,0.105957,-0.815918,1.04297,-1.89209,1.83105,-23.9868,1
1031.72,0.14209,-0.771973,1.04443,-1.40381,1.58691,-24.1089,1
1031.72,0.0986328,-0.644531,1.01367,-2.31934,1.64795,-24.4751,1
1031.73,0.0634766,-0.83252,0.969727,-3.11279,1.77002,-25.0244,1
1031.74,0.078125,-0.730469,0.914551,-1.52588,1.52588,-24.7803,1
1031.75,0.132324,-0.574707,0.905762,-3.66211,1.83105,-26.5503,1
1031.76,0.134277,-0.844238,0.938477,-3.96729,1.46484,-26.3062,1
1031.77,0.0800781,-0.731445,0.972168,-2.44141,0.976562,-25.7568,1
1031.78,-0.015625,-0.694336,0.996582,-4.57764,1.2207,-27.4658,1
1031.79,-0.0253906,-0.902832,1.00537,-3.479,1.58691,-26.7334,1
1031.8,-0.00244141,-0.607422,0.93457,-2.38037,1.09863,-27.0996,1
1031.81,-0.0209961,-0.724609,0.88916,-4.5166,1.0376,-28.1982,1
1031.82,-0.0463867,-0.916016,1.03857,-2.38037,0.366211,-27.6489,1
1031.83,-0.0424805,-0.739746,1.03174,-1.64795,1.52588,-27.71,1
1031.84,-0.0732422,-0.850098,1.06006,-2.99072,1.89209,-28.7476,1
1031.85,-0.0717773,-0.858398,1.0166,-0.488281,1.77002,-27.3438,1
1031.86,-0.0678711,-0.725586,0.944824,-0.244141,2.74658,-28.1982,1
1031.87,-0.0805664,-0.876465,0.98584,0.183105,2.38037,-28.0762,1
1031.88,-0.0966797,-0.896973,1.02441,0,2.56348,-28.7476,1
1031.89,-0.050293,-0.76416,1.00732,0,3.05176,-28.1372,1
1031.9,-0.0791016,-0.728027,1.02441,-1.34277,3.11279,-28.3813,1
1031.91,-0.0708008,-0.879883,1.00488,-2.01416,2.92969,-28.8086,1
1031.92,-0.097168,-0.829102,0.984375,-0.610352,3.05176,-28.0762,1
1031.93,-0.105469,-0.84375,0.975098,-1.52588,2.99072,-28.9307,1
1031.94,-0.0898438,-0.905273,1.02295,-0.0610352,2.86865,-28.4424,1
1031.95,-0.103027,-0.719727,1.00977,-0.12207,2.92969,-28.9917,1
1031.96,-0.0957031,-0.830566,0.96875,-0.793457,3.17383,-29.4189,1
1031.97,-0.0595703,-0.876465,0.956055,0.549316,2.44141,-28.7476,1
1031.98,-0.0644531,-0.834961,0.947266,1.15967,2.13623,-29.0527,1
1031.99,-0.050293,-0.891602,0.991699,2.50244,2.31934,-29.1748,1
1032,-0.0712891,-0.708008,0.963379,4.08936,2.31934,-28.8696,1
1032.01,-0.131348,-0.868652,0.959961,3.23486,2.13623,-29.7241,1
1032.02,-0.0932617,-0.935547,0.966797,5.85938,1.83105,-28.5645,1
1032.02,-0.0805664,-0.708008,0.964844,5.7373,1.83105,-29.1138,1
1032.03,-4.882812e-04,-1.00391,0.963867,5.00488,1.40381,-29.541,1
1032.04,-0.019043,-0.788574,0.920898,8.78906,0.610352,-28.0151,1
1032.05,-0.0493164,-0.614746,0.932617,4.45557,1.09863,-29.9072,1
1032.06,-0.0517578,-1.09082,0.946289,4.69971,0.671387,-28.5645,1
1032.07,-0.0878906,-0.76123,1.00488,6.95801,0.671387,-27.9541,1
1032.08,-0.0317383,-0.649414,1.0376,2.2583,0.366211,-29.48,1
1032.09,0.00390625,-1,0.947266,3.17383,0.427246,-27.8931,1
1032.1,0.0195312,-0.713379,0.888672,2.74658,0.305176,-28.6865,1
1032.11,0.0107422,-0.785156,0.896484,-0.488281,0.183105,-28.9917,1
1032.12,-0.0263672,-0.989746,0.976074,-0.183105,-0.244141,-27.8931,1
1032.13,-9.765625e-04,-0.769043,1.07275,-0.854492,0.244141,-27.832,1
1032.14,0.00146484,-0.766113,1.01025,-2.80762,1.28174,-28.1982,1
1032.15,0.0478516,-0.841309,0.858398,-2.80762,1.09863,-27.2827,1
1032.16,0.0375977,-0.84082,0.871094,-2.92969,0.610352,-27.4048,1
1032.17,0.0327148,-0.752441,0.914551,-3.60107,0.183105,-27.4658,1
1032.18,0.012207,-0.97168,0.972656,-4.08936,1.46484,-27.1606,1
1032.19,-0.0332031,-0.815918,1.07373,-1.70898,1.34277,-26.5503,1
1032.2,-0.019043,-0.729004,0.980469,-3.54004,1.64795,-27.71,1
1032.21,-0.0209961,-0.999512,0.858887,-2.38037,1.28174,-27.0386,1
1032.22,0.0258789,-0.788086,0.87793,-1.2207,0.427246,-27.0996,1
1032.23,0.00537109,-0.900879,0.96582,-1.46484,1.28174,-27.4048,1
1032.24,-0.00390625,-0.938965,1.04541,1.2207,0.976562,-26.8555,1
1032.25,0.00976562,-0.645996,0.955078,1.64795,1.58691,-27.5879,1
1032.26,-0.0205078,-0.944824,0.836914,0,1.46484,-27.4658,1
1032.27,-0.0756836,-1.04834,0.95459,2.68555,0.610352,-26.6113,1
1032.28,-0.0385742,-0.70166,0.977539,1.52588,0.671387,-27.771,1
1032.29,-0.00585938,-1.01025,1.02979,0.183105,1.77002,-27.832,1
1032.3,-0.0102539,-0.926758,0.987305,2.38037,0.976562,-27.0386,1
1032.31,-0.0478516,-0.672363,0.938477,0.671387,1.28174,-27.832,1
1032.32,-0.0839844,-0.973633,0.922363,-0.183105,0.976562,-27.5879,1
1032.33,-0.0742188,-0.89502,0.998535,1.52588,0.976562,-27.1606,1
1032.34,-0.0668945,-0.737793,0.959961,0.0610352,0.854492,-28.0151,1
1032.35,-0.0371094,-0.989258,0.90625,0.12207,1.28174,-27.4048,1
1032.36,-0.0410156,-0.918457,0.944824,1.34277,0.915527,-27.5269,1
1032.37,-0.043457,-0.838867,0.993164,-0.305176,1.46484,-28.5034,1
1032.37,-0.0541992,-0.884766,0.998047,0.305176,1.77002,-27.0996,1
1032.38,-0.0761719,-0.741699,0.957031,0.549316,1.89209,-26.9775,1
1032.39,-0.0620117,-0.865234,0.92041,0,2.80762,-27.5879,1
1032.4,-0.0639648,-0.884766,0.918457,2.31934,2.68555,-26.5503,1
1032.41,-0.0693359,-0.775879,0.890137,2.0752,2.68555,-27.1606,1
1032.42,-0.0415039,-0.875,0.960938,2.13623,2.92969,-27.0386,1
1032.43,-0.0756836,-0.864258,0.969238,3.11279,3.2959,-26.8555,1
1032.44,-0.0551758,-0.922852,0.895996,2.80762,3.72314,-27.0386,1
1032.45,-0.0644531,-0.868652,0.921387,4.08936,3.479,-26.1841,1
1032.46,-0.0615234,-0.81543,0.959473,3.479,3.90625,-26.7944,1
1032.47,-0.0405273,-0.879883,0.95752,3.60107,3.84521,-26.9165,1
1032.48,-0.0517578,-0.883301,0.984863,3.90625,3.84521,-26.3672,1
1032.49,-0.0629883,-0.828613,0.967773,4.21143,3.479,-26.1841,1
1032.5,-0.0410156,-0.779785,0.920898,3.84521,4.02832,-26.7944,1
1032.51,-0.0849609,-0.872559,0.818848,4.5166,4.39453,-26.2451,1
1032.52,-0.0522461,-0.85498,0.862793,4.5166,3.479,-26.7944,1
1032.53,-0.00830078,-0.800293,0.876953,4.08936,2.86865,-27.1606,1
1032.54,0.0546875,-0.782715,0.917969,3.23486,3.11279,-27.5879,1
1032.55,0.0410156,-0.803223,0.897461,2.99072,2.38037,-27.5879,1
1032.56,0.0102539,-0.80127,0.879395,2.80762,2.19727,-27.8931,1
1032.57,0.0258789,-0.750488,0.851074,2.19727,1.64795,-28.3203,1
1032.58,0.0341797,-0.759277,0.859863,1.52588,0.549316,-28.8086,1
1032.59,0.03125,-0.804199,0.909668,0.183105,0,-29.4189,1
1032.6,0.046875,-0.883301,0.902344,0.305176,0,-28.8696,1
1032.61,0.0283203,-0.872559,0.926758,0.427246,-0.427246,-29.3579,1
1032.62,0.112793,-0.897949,0.928711,0.0610352,-0.610352,-29.6021,1
1032.63,0.111328,-0.735352,0.929688,-0.427246,-1.09863,-29.2969,1
1032.64,0.114746,-0.830566,0.95752,-2.86865,-0.915527,-30.0293,1
1032.65,0.144531,-0.943848,1.00586,-3.2959,-1.28174,-29.48,1
1032.66,0.0581055,-0.844727,1.04492,-2.19727,-0.976562,-28.5645,1
1032.67,0.0454102,-0.980957,0.983398,-3.90625,-1.0376,-29.6021,1
1032.68,0.0751953,-0.930664,0.984375,-1.83105,-0.793457,-28.7476,1
1032.69,0.0932617,-0.67627,1.00244,-2.62451,-0.915527,-29.4189,1
1032.69,0.151367,-0.992676,1.05078,-4.82178,-1.0376,-29.7241,1
1032.7,0.115234,-0.884277,1.04297,-2.2583,-1.58691,-28.4424,1
1032.71,0.0239258,-0.940918,0.977051,-3.479,-0.0610352,-28.5645,1
1032.72,-0.00146484,-0.999512,0.989258,-0.549316,-0.610352,-27.6489,1
1032.73,0.019043,-0.750488,1.00391,-0.488281,0.12207,-28.4424,1
1032.74,0.0571289,-0.921387,0.974121,-0.976562,-0.12207,-28.0151,1
1032.75,0.0078125,-1.03662,1.04297,0.915527,0.0610352,-27.2827,1
1032.76,-0.0214844,-0.919434,1.04248,1.83105,1.09863,-27.0996,1
1032.77,-0.0507812,-0.872559,0.958008,2.01416,1.77002,-27.2217,1
1032.78,-0.0571289,-0.986816,0.90918,3.17383,2.19727,-26.7334,1
1032.79,-0.097168,-0.801758,0.885254,4.02832,2.2583,-26.062,1
1032.8,-0.12207,-0.875488,0.970215,2.19727,2.31934,-26.6724,1
1032.81,-0.0698242,-0.952637,1.00732,3.479,1.89209,-26.1841,1
1032.82,-0.0429688,-0.804688,0.991699,4.39453,2.99072,-25.8179,1
1032.83,-0.078125,-0.974609,0.919922,4.02832,3.54004,-26.3672,1
1032.84,-0.119141,-0.880371,0.899414,5.24902,2.74658,-26.3062,1
1032.85,-0.16748,-0.754883,0.915527,3.84521,3.78418,-26.7334,1
1032.86,-0.193359,-0.831055,0.958984,3.23486,2.68555,-26.4893,1
1032.87,-0.130371,-0.894531,0.926758,3.78418,3.54004,-26.3062,1
1032.88,-0.101562,-0.826172,0.885742,3.90625,4.15039,-26.7334,1
1032.89,-0.0791016,-0.81543,0.862793,2.62451,3.72314,-27.71,1
1032.9,-0.172363,-0.870605,0.881348,2.99072,4.08936,-27.4048,1
1032.91,-0.180664,-0.695312,0.899902,2.38037,3.2959,-27.5269,1
1032.92,-0.174316,-0.778809,0.923828,0.183105,3.96729,-28.8086,1
1032.93,-0.140137,-0.872559,0.92041,1.2207,3.54004,-27.832,1
1032.94,-0.120605,-0.748535,0.931152,0.488281,2.99072,-28.8696,1
1032.95,-0.147461,-0.864258,0.921875,-0.854492,3.11279,-29.7852,1
1032.96,-0.138184,-0.899902,0.949707,-0.549316,2.68555,-29.4189,1
1032.97,-0.141113,-0.86084,0.962402,-1.70898,2.38037,-30.7007,1
1032.98,-0.0927734,-0.94043,1.03369,-1.15967,2.92969,-30.0903,1
1032.98,-0.0942383,-0.84668,1.06445,-1.64795,2.50244,-31.0669,1
1032.99,-0.0957031,-0.896973,0.990234,-1.64795,1.95312,-30.9448,1
1033,-0.120605,-0.90918,0.993164,-0.183105,2.01416,-30.3345,1
1033.01,-0.0380859,-1.00586,0.949219,0.12207,2.01416,-31.1279,1
1033.02,0.0668945,-0.912598,0.973145,1.77002,1.70898,-30.8228,1
1033.03,0.0629883,-0.928223,1.04883,1.0376,0.671387,-32.1655,1
1033.04,0.065918,-0.94043,0.967773,2.92969,0,-31.311,1
1033.05,-4.882812e-04,-0.771484,0.87793,3.17383,0.305176,-31.9824,1
1033.06,-0.0131836,-0.856445,0.933105,1.95312,0.0610352,-32.5317,1
1033.07,0.0546875,-0.862305,0.97168,2.01416,-0.793457,-31.9824,1
1033.08,0.0488281,-0.983887,0.991211,1.89209,-1.09863,-31.9214,1
1033.09,0.0527344,-1.07373,0.985352,3.2959,-1.15967,-31.311,1
1033.1,0.0527344,-0.776367,1.05127,2.13623,-1.34277,-32.2876,1
1033.11,0.130859,-0.95166,1.01123,-0.854492,-0.976562,-32.2266,1
1033.12,0.143555,-1.02539,0.98291,0.12207,-2.13623,-31.0059,1
1033.13,0.123047,-0.812012,1.02637,-1.0376,-2.19727,-31.311,1
1033.14,0.137695,-1.11279,1.06982,-2.2583,-0.915527,-31.0669,1
1033.15,0.141602,-0.970703,1.07324,-0.244141,-1.46484,-30.5786,1
1033.16,0.118652,-0.732422,0.991699,-1.52588,-0.732422,-30.7617,1
1033.17,0.131836,-0.992188,1.03906,-1.83105,-0.793457,-30.3345,1
1033.18,0.158691,-0.87793,0.94873,0.183105,-1.09863,-29.7852,1
1033.19,0.1875,-0.884766,0.965332,-0.549316,-0.12207,-29.9683,1
1033.2,0.164551,-1.05078,0.973145,1.34277,-0.793457,-28.8696,1
1033.21,0.138184,-0.856934,0.994629,2.13623,-0.12207,-29.1138,1
1033.22,0.141113,-0.828613,0.935547,2.01416,0.488281,-28.1982,1
1033.23,0.0722656,-0.89209,0.897949,1.83105,0,-28.5645,1
1033.24,0.114258,-0.967773,0.887695,2.13623,0,-28.2593,1
1033.25,0.141602,-0.881348,0.948242,3.11279,0.671387,-27.5879,1
1033.26,0.0297852,-0.880859,0.969727,2.0752,0.671387,-27.5879,1
1033.27,0.034668,-0.954102,0.963379,2.92969,0.915527,-26.3062,1
1033.28,-0.0688477,-0.774902,0.967773,2.68555,1.58691,-25.8789,1
1033.29,-0.105469,-1.02979,0.979492,0.183105,2.13623,-26.5503,1
1033.3,-0.12793,-0.993652,0.992676,3.17383,2.31934,-24.8413,1
1033.31,-0.0761719,-0.744141,0.9375,1.52588,4.15039,-25.8179,1
1033.32,-0.0307617,-0.961426,0.960938,0,3.90625,-26.1841,1
1033.33,-0.0444336,-0.884766,0.915527,1.15967,4.27246,-25.2075,1
1033.34,-0.09375,-0.76123,1.00537,-0.427246,4.02832,-25.7568,1
1033.35,-0.151855,-0.868652,0.891602,-0.427246,3.84521,-25.5127,1
1033.36,-0.160645,-0.880371,0.803223,0.793457,4.63867,-25.7568,1
1033.37,-0.169434,-0.88916,0.865723,1.09863,4.08936,-26.6113,1
1033.37,-0.157715,-0.807617,0.917969,1.70898,2.74658,-26.7944,1
1033.38,-0.101074,-0.883789,0.881348,1.89209,3.54004,-26.7944,1
1033.39,-0.102539,-0.755859,0.924805,2.56348,3.11279,-27.1606,1
1033.4,-0.0634766,-0.820801,0.869141,0.671387,3.23486,-28.9307,1
1033.41,-0.106445,-0.981934,0.865234,2.68555,2.44141,-27.71,1
1033.42,-0.195801,-0.724121,0.98877,2.2583,1.83105,-28.8696,1
1033.43,-0.117188,-0.90625,0.991211,-0.610352,2.74658,-29.541,1
1033.44,-0.105469,-1.09668,1.01758,2.0752,2.68555,-28.1982,1
1033.45,-0.0908203,-0.735352,1.05078,0.732422,1.77002,-30.0293,1
1033.46,0.0546875,-0.842773,0.947754,-0.671387,1.46484,-29.6021,1
1033.47,0.0864258,-1.08789,0.892578,0.0610352,1.40381,-29.8462,1
1033.48,0.152832,-0.808594,0.955566,-0.915527,0.183105,-30.9448,1
1033.49,0.0849609,-0.919434,1.03955,-2.31934,0.549316,-30.8228,1
1033.5,0.0317383,-0.992188,1.06543,-0.305176,0.12207,-29.6021,1
1033.51,0.0581055,-0.703125,1.01221,-1.40381,-0.244141,-30.8838,1
1033.52,0.0991211,-1.04736,0.969727,-1.2207,-0.0610352,-30.2124,1
1033.53,0.0825195,-0.898438,1.03369,1.70898,-0.427246,-30.2734,1
1033.54,0.148438,-0.699707,0.98291,-0.671387,-0.671387,-31.3721,1
1033.55,0.139648,-1.16553,0.984863,0.305176,-0.366211,-30.0903,1
1033.56,0.0693359,-1.01709,1.01562,3.05176,-0.976562,-30.2124,1
1033.57,0.13623,-0.601074,0.914551,2.01416,-0.854492,-30.2734,1
1033.58,0.0908203,-1.05957,0.935059,0.915527,-0.12207,-29.7852,1
1033.59,0.128906,-0.977539,0.907715,4.82178,-0.793457,-29.2358,1
1033.6,0.197266,-0.640625,0.913086,2.99072,0,-29.6631,1
1033.61,0.163574,-1.09326,0.972656,1.40381,-0.244141,-28.8086,1
1033.62,0.109863,-0.937988,0.989746,4.02832,-0.366211,-28.6865,1
1033.62,0.105469,-0.637695,0.938477,1.95312,0.488281,-28.8086,1
1033.63,0.129395,-1.00635,0.933105,1.89209,0.549316,-27.832,1
1033.64,0.196289,-0.883301,0.900879,3.84521,0.0610352,-27.832,1
1033.65,0.243164,-0.711426,0.945801,2.86865,0.854492,-27.6489,1
1033.66,0.154785,-0.900391,0.999023,2.01416,1.09863,-27.6489,1
1033.67,0.163574,-0.812988,0.901855,2.68555,0.305176,-26.9775,1
1033.68,0.185547,-0.8125,0.830078,1.89209,1.15967,-26.6724,1
1033.69,0.168457,-0.936523,0.904297,1.34277,0.915527,-26.8555,1
1033.7,0.139648,-0.904785,0.950195,1.40381,1.2207,-26.5503,1
1033.71,0.134277,-0.828613,1.00049,0.427246,1.77002,-26.062,1
1033.72,0.10498,-0.689941,1,-0.976562,1.15967,-26.3672,1
1033.73,0.158203,-0.978027,0.884277,-1.89209,2.19727,-25.7568,1
1033.74,0.0200195,-1.05273,0.950684,0.488281,2.86865,-24.7803,1
1033.75,-0.0581055,-0.809082,1.01221,-2.0752,2.62451,-26.123,1
1033.76,-0.0537109,-0.84375,0.990234,-1.95312,3.60107,-24.4141,1
1033.77,-0.121582,-0.789551,1.02783,-2.31934,3.479,-24.7192,1
1033.78,-0.0566406,-1.02832,0.986328,-2.80762,3.41797,-25.0244,1
1033.79,-0.0727539,-0.919434,1.04688,-0.488281,3.72314,-24.5972,1
1033.8,-0.124512,-0.807129,1.02441,-2.62451,4.27246,-26.001,1
1033.81,-0.0830078,-0.988281,0.909668,-1.15967,4.3335,-25.0244,1
1033.82,-0.118652,-0.869629,0.945801,0.183105,4.27246,-25.3296,1
1033.83,-0.090332,-0.883301,0.97168,-0.793457,3.479,-26.5503,1
1033.84,-0.0800781,-0.827637,0.976562,1.95312,3.60107,-25.2075,1
1033.85,-0.135742,-0.862305,0.942871,1.70898,3.96729,-26.6724,1
1033.86,-0.0737305,-0.884766,0.851074,3.35693,2.99072,-26.4282,1
1033.87,-0.0664062,-0.818359,0.789551,4.27246,3.35693,-26.6724,1
1033.88,-0.0947266,-0.888184,0.956055,4.15039,2.31934,-27.4658,1
1033.89,-0.0229492,-0.79834,0.977539,5.18799,1.64795,-27.832,1
1033.9,0.00976562,-0.73291,0.874512,5.24902,1.64795,-28.3203,1
1033.91,0.00488281,-1.09863,0.896484,4.02832,0.305176,-29.541,1
1033.92,0.0986328,-0.729492,0.847656,6.34766,-0.976562,-29.1138,1
1033.93,0.00390625,-0.841309,1.02197,2.62451,-0.244141,-29.6631,1
1033.94,-0.0288086,-1.11133,1.08105,2.86865,-1.52588,-30.0903,1
1033.94,0.0366211,-0.776855,1.00244,3.05176,-0.915527,-29.9072,1
1033.95,0.0405273,-0.853516,1.03809,-0.12207,-0.976562,-30.1514,1
1033.96,0.0737305,-0.99707,1.03418,-0.549316,-2.31934,-29.7852,1
1033.97,0.101562,-0.82666,0.98584,0.244141,-1.15967,-29.1138,1
1033.98,0.0239258,-0.786133,1.02588,-1.40381,-1.15967,-29.3579,1
1033.99,-0.0107422,-0.976074,1.00293,-1.64795,-0.976562,-29.1138,1
1034,0.012207,-0.894043,0.916992,-0.244141,-0.12207,-28.4424,1
1034.01,-0.0458984,-0.791016,0.889648,-1.34277,0.488281,-29.1748,1
1034.02,-0.00732422,-0.9375,0.923828,-1.28174,0.549316,-28.6255,1
1034.03,-0.0263672,-0.916016,0.983398,0.915527,1.64795,-27.2827,1
1034.04,-0.0698242,-0.760254,0.957031,0,1.64795,-27.4658,1
1034.05,-0.046875,-0.861816,0.88623,-0.549316,2.62451,-27.3438,1
1034.06,-0.108887,-0.960938,0.946777,0.976562,2.62451,-26.4282,1
1034.07,-0.0864258,-0.86377,0.965332,0.976562,3.17383,-26.6724,1
1034.08,-0.0654297,-0.880371,0.979492,1.2207,4.15039,-26.8555,1
1034.09,-0.0844727,-0.959473,0.959961,1.89209,4.69971,-26.123,1
1034.1,-0.0712891,-0.810059,0.958496,1.77002,4.5166,-26.4282,1
1034.11,-0.0908203,-0.896484,0.955566,1.2207,5.49316,-26.3062,1
1034.12,-0.0966797,-0.939941,0.958984,3.35693,5.67627,-25.1465,1
1034.13,-0.0966797,-0.774414,0.918945,2.50244,5.79834,-26.4282,1
1034.14,-0.0727539,-0.887207,0.893066,2.38037,6.16455,-26.2451,1
1034.15,-0.0703125,-0.925293,0.925781,2.74658,5.5542,-26.6113,1
1034.16,-0.0678711,-0.808594,0.887695,2.62451,4.39453,-27.2217,1
1034.17,-0.0131836,-0.806152,0.859863,1.34277,4.27246,-27.9541,1
1034.18,-0.0532227,-0.919434,0.879883,2.19727,3.60107,-28.1372,1
1034.19,-0.00341797,-0.671387,0.852051,2.44141,2.13623,-28.7476,1
1034.2,0,-0.867676,0.904785,0.610352,2.13623,-29.541,1
1034.21,0.00244141,-0.938477,0.920898,2.31934,0.793457,-29.2969,1
1034.22,-0.046875,-0.779785,0.974121,0.610352,0.366211,-30.7007,1
1034.23,-0.0634766,-1.02197,0.983398,-0.12207,0.244141,-30.7007,1
1034.23,-0.0620117,-0.869141,0.940918,0.549316,0,-30.3955,1
1034.24,-0.0722656,-0.804688,0.962402,-1.0376,0,-31.0059,1
1034.25,-0.0458984,-0.955078,0.994141,-1.70898,-0.854492,-30.8838,1
1034.26,-0.0170898,-0.914551,0.991699,-0.976562,-0.244141,-30.5786,1
1034.27,-0.0791016,-0.869141,0.973633,-1.15967,0.12207,-30.5786,1
1034.28,-0.100098,-0.989746,1.01318,-2.19727,-0.244141,-31.4331,1
1034.29,-0.0952148,-0.933105,0.96875,-0.671387,-0.244141,-30.7007,1
1034.3,-0.114746,-0.97168,0.964844,-1.52588,0.427246,-31.25,1
1034.31,-0.130859,-0.92334,0.995605,0.183105,-0.183105,-30.3345,1
1034.32,-0.163086,-0.80127,1.04297,-0.671387,0.549316,-31.6772,1
1034.33,-0.0864258,-0.963379,1.021,-0.671387,1.0376,-31.0669,1
1034.34,-0.078125,-0.973145,1.00391,-0.305176,0.244141,-31.0669,1
1034.35,-0.119141,-1.11182,1.0415,0.183105,0.671387,-30.3345,1
1034.36,-0.118164,-1.06006,1.13721,0.427246,0.793457,-31.189,1
1034.37,-0.0678711,-0.827148,0.992676,0.549316,1.70898,-30.9448,1
1034.38,-0.0986328,-0.846191,0.931152,-0.854492,1.0376,-30.9448,1
1034.39,-0.0849609,-1.12061,1.01025,-0.366211,0.610352,-30.8228,1
1034.4,0.00830078,-0.876953,0.979492,1.77002,1.0376,-30.5786,1
1034.41,-0.0327148,-0.962891,0.987305,0,1.83105,-31.5552,1
1034.42,-0.121094,-0.989746,0.971191,1.52588,0.488281,-30.6396,1
1034.43,-0.123535,-0.808105,0.967285,1.15967,1.83105,-31.25,1
1034.44,-0.144043,-1.02246,0.916016,1.34277,2.0752,-30.4565,1
1034.45,-0.0791016,-0.901367,0.923828,2.31934,1.40381,-30.6396,1
1034.46,-0.0483398,-0.799316,0.952148,2.13623,2.13623,-30.8228,1
1034.47,-0.0405273,-0.942871,0.890137,3.23486,2.74658,-30.3345,1
1034.48,-0.0839844,-0.912598,0.808105,4.21143,2.68555,-30.3955,1
1034.49,-0.0849609,-0.853516,0.825195,3.479,2.80762,-30.5786,1
1034.5,-0.108887,-0.94873,0.958984,3.54004,2.80762,-30.1514,1
1034.51,-0.114258,-0.838379,0.955566,4.5166,3.05176,-30.1514,1
1034.52,-0.102051,-0.932617,0.860352,3.96729,3.60107,-30.3955,1
1034.52,-0.138672,-0.956055,0.847656,5.24902,3.54004,-30.0293,1
1034.53,-0.115723,-0.874512,0.925293,3.05176,3.23486,-31.311,1
1034.54,-0.0869141,-1.00391,0.962891,4.15039,3.90625,-30.0293,1
1034.55,-0.120605,-0.705566,1.04443,2.92969,3.90625,-30.7007,1
1034.56,-0.127441,-0.986328,1.00098,0.427246,3.72314,-31.189,1
1034.57,-0.123535,-1.08398,0.901855,3.05176,3.17383,-30.2734,1
1034.58,-0.0942383,-0.744629,0.829102,1.0376,3.17383,-32.0435,1
1034.59,-0.00537109,-0.898926,0.928223,-0.854492,2.86865,-32.4097,1
1034.6,0.034668,-1.06299,0.967773,0.488281,2.62451,-32.0435,1
1034.61,-0.0161133,-0.762207,1.01123,0,1.58691,-32.8369,1
1034.62,-0.0131836,-0.753418,0.874023,-3.05176,1.58691,-33.5693,1
1034.63,-0.0737305,-1.04443,0.83252,-1.89209,1.2207,-32.5317,1
1034.64,-0.0639648,-0.90625,0.810547,-0.366211,0.244141,-32.5317,1
1034.65,-0.0244141,-0.720215,0.9375,-1.95312,0.488281,-34.1797,1
1034.66,-0.0302734,-1.15088,1.03271,-0.549316,0.244141,-33.3862,1
1034.67,-0.0986328,-0.908691,0.975586,3.2959,-0.549316,-33.02,1
1034.68,-0.00878906,-0.750977,0.768555,0.915527,0.732422,-33.1421,1
1034.69,-0.0981445,-1.10205,0.967285,0.244141,0.305176,-34.1187,1
1034.7,-0.0444336,-1.04248,0.911133,3.78418,0.0610352,-31.7383,1
1034.71,-0.0415039,-0.62793,0.95166,3.11279,0.12207,-31.9214,1
1034.72,-0.110352,-1.19189,1.02051,0,0.610352,-32.7148,1
1034.73,-0.034668,-0.974609,0.957031,4.94385,1.28174,-31.7383,1
1034.74,-0.0410156,-0.73584,0.909668,0.915527,2.01416,-32.5317,1
1034.75,-0.0605469,-1.05078,0.933105,-0.488281,0.549316,-31.7383,1
1034.76,-0.00976562,-0.966309,0.978027,0.0610352,1.83105,-31.189,1
1034.77,-0.0332031,-0.803711,1.00537,-2.31934,1.70898,-32.0435,1
1034.78,0.0727539,-0.978027,0.995605,-3.17383,1.77002,-31.0059,1
1034.79,-0.0131836,-1.11475,0.886719,-2.38037,1.83105,-30.5786,1
1034.8,0.0307617,-0.960449,0.912109,-2.80762,2.74658,-30.5176,1
1034.81,-0.0771484,-0.806641,1.01611,-2.2583,3.60107,-29.9683,1
1034.82,-0.0595703,-0.902344,1.06055,-3.479,3.2959,-31.0059,1
1034.83,-0.027832,-1.07422,0.886719,-1.0376,2.74658,-29.8462,1
1034.84,-0.0483398,-0.878418,0.860352,0.305176,2.80762,-29.48,1
1034.85,-0.116699,-0.969238,0.935059,-3.05176,3.23486,-31.1279,1
1034.86,-0.0795898,-1.09766,0.969727,2.2583,3.84521,-28.4424,1
1034.87,-0.179688,-0.668945,1.07764,-0.793457,3.23486,-30.3345,1
1034.87,-0.0463867,-1.14795,0.997559,-1.83105,3.479,-30.0293,1
1034.88,-0.199219,-1.04883,0.958008,3.11279,4.3335,-29.48,1
1034.89,-0.0839844,-0.54834,0.880859,0.488281,3.17383,-31.0059,1
1034.9,-0.154785,-1.12695,0.957031,-1.64795,3.41797,-30.8838,1
1034.91,-0.145996,-1.07568,0.94043,2.74658,3.41797,-30.0903,1
1034.92,-0.175781,-0.751953,0.876465,0,3.60107,-31.0669,1
1034.93,-0.170898,-0.977539,1.03906,-0.549316,2.50244,-30.7617,1
1034.94,-0.212891,-1.09619,1.09277,0.305176,2.62451,-31.1279,1
1034.95,-0.104004,-0.877441,0.925293,1.46484,2.13623,-30.8838,1
1034.96,-0.112305,-0.885254,0.835449,-0.0610352,2.0752,-31.4941,1
1034.97,-0.165527,-1.06055,0.944336,2.13623,1.09863,-32.1045,1
1034.98,-0.180176,-0.906738,1.01172,3.78418,1.34277,-32.7759,1
1034.99,-0.0898438,-0.893066,0.986816,3.60107,0.427246,-33.0811,1
1035,-0.128418,-1.17432,0.941406,3.17383,-0.305176,-33.1421,1
1035.01,-0.130371,-0.968262,0.947266,6.22559,-0.12207,-32.5928,1
1035.02,-0.181641,-0.885742,0.97168,2.50244,0.0610352,-34.729,1
1035.03,-0.112793,-1.03223,1.02441,4.57764,-1.52588,-33.0811,1
1035.04,-0.154297,-0.869629,1.06543,4.76074,-1.15967,-33.8135,1
1035.05,-0.046875,-0.924805,0.907715,4.08936,-1.58691,-34.0576,1
1035.06,-0.0888672,-1.0791,0.898438,4.15039,-1.2207,-34.3018,1
1035.07,-0.0610352,-1.02197,1.00977,4.57764,-2.01416,-33.8135,1
1035.08,-0.0151367,-0.862793,0.968262,1.34277,-1.40381,-34.3628,1
1035.09,-0.0249023,-1.03711,0.965332,0.0610352,-1.77002,-33.5693,1
1035.1,0.0351562,-0.775391,0.992676,-0.915527,-2.0752,-33.9966,1
1035.11,0.0478516,-0.867188,0.988281,-2.86865,-1.40381,-33.5693,1
1035.12,0.015625,-1.00586,0.944336,-2.31934,-1.52588,-32.7148,1
1035.13,0.0625,-0.979004,1.04541,-2.68555,-1.83105,-32.8369,1
1035.14,-0.019043,-1.0166,0.869629,-0.732422,-1.09863,-31.1279,1
1035.15,-0.0131836,-0.969727,0.957031,-0.244141,-0.549316,-31.7993,1
1035.16,0.0581055,-0.981445,1.03809,1.58691,-0.305176,-31.189,1
1035.17,0.0854492,-0.940918,1.0166,4.21143,0.305176,-30.0293,1
1035.18,0.0307617,-0.977539,0.973145,3.60107,-0.305176,-30.3345,1
1035.19,0.165527,-1.02344,0.904297,5.85938,-0.549316,-28.9307,1
1035.2,0.111816,-1.07422,1.01416,5.92041,0.976562,-28.1372,1
1035.2,0.115723,-0.990234,0.879395,6.46973,0.793457,-28.0151,1
1035.21,0.0439453,-0.884277,0.902832,7.08008,1.83105,-27.4658,1
1035.22,0.0214844,-0.884277,1.10156,7.56836,1.52588,-27.5879,1
1035.23,0.13623,-0.808594,0.933594,6.40869,0.610352,-27.8931,1
1035.24,0.298828,-0.761719,0.737305,5.12695,0.427246,-27.3438,1
1035.25,0.133789,-0.958008,0.925781,1.40381,0.976562,-27.4048,1
1035.26,0.0932617,-1.03613,0.958496,1.52588,0.305176,-26.4282,1
1035.27,0.0703125,-0.816406,0.981934,0.671387,1.09863,-26.001,1
1035.28,0.0664062,-0.888184,0.947266,-1.89209,0,-26.4282,1
1035.29,0.168945,-0.79541,0.931641,-1.83105,-0.305176,-26.3062,1
1035.3,0.148926,-0.931152,1.01611,-2.44141,0.610352,-26.9165,1
1035.31,0.214844,-0.900879,1.00977,-0.549316,0.244141,-26.062,1
1035.32,0.168945,-0.907227,0.890625,-1.34277,0.671387,-26.4893,1
1035.33,0.0986328,-1.15283,0.904297,0.0610352,-0.0610352,-25.8179,1
1035.34,0.0532227,-0.866699,0.97998,1.83105,0.305176,-25.2686,1
1035.35,0.0234375,-0.820801,1.06592,0.244141,0.427246,-25.2075,1
1035.36,0.102051,-1.05225,1.04004,1.77002,-0.12207,-25.0244,1
1035.37,0.230957,-0.981934,0.888184,4.94385,0.366211,-24.5361,1
1035.38,0.19043,-0.717285,0.853516,5.06592,0.305176,-24.8413,1
1035.39,0.143555,-1.07227,0.985352,3.41797,0.244141,-25.0854,1
1035.4,0.171387,-0.924316,1.08643,6.46973,0.305176,-23.6816,1
1035.41,0.196289,-0.662598,0.955566,4.3335,0.976562,-23.8037,1
1035.41,0.194824,-1.0708,0.872559,2.68555,0.244141,-23.2544,1
1035.42,0.226562,-1.05273,0.875,5.31006,0.12207,-22.644,1
1035.43,0.188477,-0.652832,0.991699,3.17383,1.0376,-23.3154,1
1035.44,0.143066,-0.899414,0.964355,0.366211,0.976562,-23.2544,1
1035.45,0.109863,-0.869629,0.976562,2.01416,0.671387,-22.4609,1
1035.46,0.174316,-0.628418,0.913574,1.40381,1.28174,-22.7661,1
1035.47,0.251953,-0.873047,0.97998,-0.183105,1.0376,-23.0103,1
1035.48,0.296387,-0.966797,0.984863,1.2207,1.0376,-22.0947,1
1035.49,0.21582,-0.783691,1.01416,0.732422,1.0376,-21.9116,1
1035.5,0.15625,-1.01074,0.957031,0.244141,1.28174,-21.7285,1
1035.51,0.132324,-0.909668,0.919434,2.92969,1.40381,-21.5454,1
1035.52,0.180664,-0.728027,1.02002,1.95312,2.31934,-22.7661,1
1035.53,0.189453,-0.859863,1.01709,2.19727,1.46484,-22.1558,1
1035.54,0.244141,-0.815918,0.98291,3.35693,0.793457,-22.0947,1
1035.55,0.249512,-0.737305,0.904785,2.99072,0.671387,-22.3999,1
1035.56,0.216797,-0.863281,0.912598,3.84521,0.976562,-21.9727,1
1035.57,0.182129,-0.898926,1,4.88281,0.549316,-21.9116,1
1035.58,0.178223,-0.757812,0.966309,4.76074,0.427246,-22.0947,1
1035.59,0.210449,-0.825195,0.885254,3.60107,0.0610352,-22.522,1
1035.6,0.254395,-0.846191,0.895996,3.84521,-0.732422,-22.644,1
1035.61,0.27832,-0.698242,0.92334,2.80762,-0.671387,-23.1323,1
1035.62,0.271484,-0.804199,0.987305,1.58691,-0.244141,-23.1323,1
1035.63,0.247559,-0.796387,0.964844,2.38037,-1.34277,-22.644,1
1035.64,0.282715,-0.702637,0.922363,1.89209,-1.2207,-22.8271,1
1035.65,0.33252,-0.833984,0.995605,0.976562,-1.52588,-23.1934,1
1035.66,0.302246,-0.833496,1.08838,1.0376,-1.09863,-23.5596,1
1035.67,0.255371,-0.773926,0.959961,0.427246,-0.793457,-23.9258,1
1035.68,0.227539,-0.807617,0.875977,0.183105,-1.34277,-23.7427,1
1035.69,0.303711,-0.791992,0.966309,0.793457,-1.64795,-23.8037,1
1035.7,0.349609,-0.781738,1.05664,0.549316,-0.732422,-24.1699,1
1035.71,0.33252,-0.773926,1.03613,1.28174,-0.793457,-23.4375,1
1035.72,0.289062,-0.787598,0.975098,0.12207,-1.28174,-23.9258,1
1035.73,0.293457,-0.817383,0.958984,0.732422,-1.28174,-23.6206,1
1035.74,0.349609,-0.771973,0.971191,0.976562,-0.244141,-24.1089,1
1035.75,0.399414,-0.712891,1.01416,1.34277,-0.0610352,-23.9258,1
1035.76,0.337402,-0.859863,0.929199,1.2207,0.244141,-24.1089,1
1035.76,0.284668,-0.77002,0.96582,3.11279,-0.366211,-23.8647,1
1035.77,0.335449,-0.674316,0.986816,1.77002,0.366211,-24.4141,1
1035.78,0.367188,-0.773926,0.999512,2.19727,0.0610352,-24.1699,1
1035.79,0.366211,-0.741211,0.959473,2.86865,0.854492,-23.8037,1
1035.8,0.359863,-0.680664,0.949219,2.01416,0.671387,-24.353,1
1035.81,0.390625,-0.803711,0.944336,1.64795,0.610352,-24.1699,1
1035.82,0.404785,-0.829102,0.998535,3.23486,1.28174,-23.4375,1
1035.83,0.358398,-0.668945,0.966309,2.74658,0.854492,-24.0479,1
1035.84,0.339844,-0.800293,0.927734,2.01416,1.28174,-24.1089,1
1035.85,0.40332,-0.694824,0.903809,2.68555,1.15967,-24.1699,1
1035.86,0.470215,-0.625,1.03027,0.976562,1.64795,-25.3296,1
1035.87,0.417969,-0.834961,1.00391,0.915527,1.0376,-24.231,1
1035.88,0.375977,-0.760742,1.00488,0.976562,0.427246,-24.4751,1
1035.89,0.306152,-0.687988,0.997559,-0.732422,0.854492,-25.3296,1
1035.9,0.365234,-0.817871,0.979004,-0.610352,1.2207,-24.6582,1
1035.91,0.378418,-0.708496,1.03223,-1.15967,0.610352,-25.6958,1
1035.92,0.428223,-0.79834,1.00732,-1.77002,0.305176,-25.5127,1
1035.93,0.391602,-0.816406,1.02393,-0.427246,0.549316,-25.5737,1
1035.94,0.355957,-0.759277,1.03662,-0.12207,0.305176,-25.7568,1
1035.95,0.368164,-0.825195,0.982422,-0.305176,0.427246,-25.9399,1
1035.96,0.355957,-0.826172,0.983887,0.549316,-0.0610352,-25.5127,1
1035.97,0.334961,-0.746094,0.976074,0.12207,0.488281,-26.2451,1
1035.98,0.328125,-0.73291,0.974121,0.183105,0.305176,-26.062,1
1035.99,0.343262,-0.84668,0.962891,0.488281,0.183105,-26.001,1
1036,0.327637,-0.734375,0.974121,1.52588,-0.488281,-25.6348,1
1036.01,0.317383,-0.720215,0.944336,0.488281,0,-26.3062,1
1036.02,0.303223,-0.878418,0.922363,2.13623,0.0610352,-25.5127,1
1036.03,0.354492,-0.678223,0.912109,2.56348,0,-25.7568,1
1036.04,0.393066,-0.817871,0.95459,1.0376,0.244141,-25.5737,1
1036.05,0.37793,-0.891602,0.983887,1.77002,-0.244141,-24.9023,1
1036.06,0.359863,-0.708496,0.996094,0.976562,0,-25.2075,1
1036.06,0.352051,-0.806641,0.939453,-0.0610352,0.244141,-25.2075,1
1036.07,0.367676,-0.834961,0.980957,0.366211,0.0610352,-25.2075,1
1036.08,0.385254,-0.789551,1.01953,0.427246,0.610352,-25.1465,1
1036.09,0.412598,-0.800781,1.01318,0.12207,0,-24.8413,1
1036.1,0.414062,-0.886719,0.98877,-0.305176,0.0610352,-24.7192,1
1036.11,0.354492,-0.771973,0.999512,-0.183105,0.12207,-24.8413,1
1036.12,0.381836,-0.772461,1,-0.915527,0.671387,-24.5361,1
1036.13,0.42627,-0.796875,0.967285,-0.915527,0.854492,-24.5361,1
1036.14,0.374512,-0.83252,0.928223,-1.2207,0.854492,-24.4141,1
1036.15,0.319336,-0.854492,0.988281,-0.305176,1.28174,-24.1699,1
1036.16,0.290527,-0.797852,1.05322,-0.488281,1.46484,-24.5972,1
1036.17,0.348145,-0.804688,0.976074,-0.305176,1.64795,-24.4141,1
1036.18,0.32959,-0.89502,0.936523,-0.0610352,1.70898,-24.1699,1
1036.19,0.307617,-0.783203,0.959473,0.366211,1.40381,-24.0479,1
1036.2,0.317871,-0.812012,0.96582,-0.793457,2.38037,-24.292,1
1036.21,0.26123,-0.983887,0.958984,0.0610352,2.19727,-23.1934,1
1036.22,0.239258,-0.827148,0.977539,0.366211,1.70898,-23.0103,1
1036.23,0.246094,-0.840332,1.00391,-0.671387,2.44141,-23.3765,1
1036.24,0.248535,-0.901855,1.01855,0.305176,2.62451,-22.644,1
1036.25,0.29541,-0.708984,0.923828,0.671387,2.44141,-22.7051,1
1036.26,0.303223,-0.791016,0.894043,-1.0376,2.56348,-23.0713,1
1036.27,0.267578,-0.921387,0.925781,0.305176,2.68555,-22.2778,1
1036.28,0.250488,-0.810547,0.931152,0.549316,2.80762,-22.4609,1
1036.29,0.212891,-0.822266,0.935547,0,2.01416,-22.4609,1
1036.3,0.23877,-0.854004,0.932617,0,1.95312,-22.644,1
1036.31,0.239746,-0.704102,0.910156,0.732422,2.31934,-22.0337,1
1036.32,0.226562,-0.815918,0.919434,-0.183105,2.44141,-22.8271,1
1036.33,0.305664,-0.873047,0.914062,1.0376,1.89209,-21.8506,1
1036.34,0.287109,-0.689453,0.880371,0.793457,2.19727,-21.9116,1
1036.35,0.283691,-0.835449,0.954102,-0.0610352,1.89209,-21.6675,1
1036.35,0.242188,-0.893066,1.00293,1.0376,1.64795,-20.6909,1
1036.36,0.248535,-0.682617,0.960938,1.40381,2.13623,-20.6299,1
1036.37,0.266602,-0.75,0.883301,0.671387,2.62451,-20.813,1
1036.38,0.306641,-0.795898,0.916504,1.83105,2.13623,-20.2026,1
1036.39,0.353516,-0.663086,0.92334,1.70898,1.77002,-19.8364,1
1036.4,0.263672,-0.809082,0.955566,1.40381,1.46484,-19.2261,1
1036.41,0.237305,-0.802734,0.988281,1.89209,1.09863,-18.8599,1
1036.42,0.269531,-0.665039,0.964844,1.89209,1.70898,-18.6768,1
1036.43,0.320312,-0.741211,0.938477,2.2583,2.01416,-17.7002,1
1036.44,0.349609,-0.717773,0.97998,2.0752,1.34277,-17.5171,1
1036.45,0.339844,-0.686523,0.982422,1.28174,1.52588,-17.0898,1
1036.46,0.291016,-0.683105,0.953613,1.28174,1.46484,-16.3574,1
1036.47,0.274414,-0.713867,0.949219,1.09863,0.610352,-16.0522,1
1036.48,0.30957,-0.633789,1.02148,1.40381,0,-15.7471,1
1036.49,0.331543,-0.633789,1.01025,1.70898,0.305176,-15.4419,1
1036.5,0.359863,-0.669434,0.959961,2.31934,0.305176,-14.8315,1
1036.51,0.34668,-0.632324,0.916016,1.34277,-0.12207,-14.6484,1
1036.52,0.330078,-0.72168,0.958008,1.2207,-0.427246,-13.9771,1
1036.53,0.307617,-0.662109,1.08594,1.28174,-1.15967,-13.916,1
1036.54,0.365723,-0.586426,1.01367,1.34277,-1.09863,-13.5498,1
1036.55,0.347656,-0.682129,0.975586,0.732422,-1.09863,-13.5498,1
1036.56,0.353027,-0.612793,1.0127,1.95312,-1.70898,-12.3901,1
1036.57,0.377441,-0.510742,0.953125,0.549316,-1.52588,-12.5122,1
1036.58,0.394531,-0.702148,0.983398,0,-1.46484,-12.146,1
1036.59,0.447754,-0.649414,1.06006,1.40381,-1.52588,-11.7798,1
1036.6,0.358398,-0.588379,1.11865,0.671387,-1.09863,-12.0239,1
1036.61,0.339355,-0.731934,1.07031,0.976562,-2.0752,-11.2915,1
1036.62,0.373047,-0.611816,1.06006,1.89209,-1.58691,-11.1694,1
1036.63,0.446777,-0.534668,1.09521,1.15967,-1.0376,-11.7188,1
1036.64,0.460449,-0.637695,1.10596,1.46484,-0.915527,-11.4746,1
1036.65,0.388672,-0.664062,1.07129,1.83105,-1.46484,-11.1694,1
1036.66,0.362793,-0.640137,1.00098,2.80762,-1.40381,-10.8643,1
1036.66,0.430664,-0.612305,1.06494,2.74658,-0.915527,-11.4136,1
1036.67,0.436523,-0.640625,1.06299,2.2583,-0.305176,-11.9629,1
1036.68,0.385742,-0.645996,1.03271,2.2583,-0.183105,-11.6577,1
1036.69,0.337402,-0.567383,1.04834,1.70898,-0.244141,-12.5122,1
1036.7,0.395508,-0.597656,0.947754,1.28174,-0.12207,-12.8174,1
1036.71,0.419434,-0.576172,0.935059,1.70898,0,-13.1836,1
1036.72,0.404297,-0.643066,0.966309,1.09863,-0.12207,-14.0991,1
1036.73,0.375,-0.557129,0.994141,1.70898,0.427246,-13.9771,1
1036.74,0.275391,-0.525391,1.01611,0.0610352,1.28174,-14.5264,1
1036.75,0.249023,-0.724121,0.973633,-0.488281,1.2207,-14.8926,1
1036.76,0.257324,-0.661133,0.977539,1.09863,1.89209,-14.8926,1
1036.77,0.349121,-0.600098,0.992188,-0.366211,2.50244,-16.3574,1
1036.78,0.318848,-0.617188,1.01855,-0.244141,2.31934,-16.5405,1
1036.79,0.22998,-0.585449,0.960449,-0.976562,3.11279,-17.334,1
1036.8,0.203613,-0.621582,0.864258,-0.305176,2.92969,-16.9067,1
1036.81,0.207031,-0.708008,0.918457,-0.488281,3.60107,-17.7002,1
1036.82,0.208984,-0.672363,0.943359,-0.305176,3.05176,-18.3105,1
1036.83,0.165039,-0.685059,0.945312,-0.305176,3.96729,-18.9209,1
1036.84,0.132812,-0.596191,0.948242,-0.244141,3.54004,-19.6533,1
1036.85,0.192383,-0.69873,0.821289,-0.793457,3.479,-20.0195,1
1036.86,0.149414,-0.723145,0.843262,-0.793457,3.41797,-20.752,1
1036.87,0.0708008,-0.696777,0.941895,-2.2583,3.11279,-21.5454,1
1036.88,0.0332031,-0.79541,0.996582,-1.70898,3.84521,-21.4233,1
1036.89,-0.0537109,-0.595215,0.931641,-0.976562,2.86865,-21.9727,1
1036.9,0.00390625,-0.669434,0.933594,-2.92969,2.99072,-23.3765,1
1036.91,-0.0327148,-0.828125,0.901855,-2.44141,2.86865,-22.7661,1
1036.92,-0.050293,-0.80127,0.980469,-2.68555,2.50244,-23.4985,1
1036.93,-0.0683594,-0.785645,1.0459,-2.31934,3.2959,-23.5596,1
1036.94,-0.100586,-0.655273,0.985352,-2.56348,3.60107,-23.9258,1
1036.95,-0.043457,-0.894531,0.932129,-4.45557,2.86865,-25.0854,1
1036.96,-0.0112305,-0.887695,0.984863,-1.70898,2.80762,-24.292,1
1036.97,-0.0507812,-0.624023,0.98877,-3.72314,3.11279,-25.6348,1
1036.98,-0.0839844,-0.89209,0.963379,-4.5166,3.35693,-25.4517,1
1036.99,-0.132812,-0.875488,0.978027,-2.0752,3.41797,-24.7192,1
1037,-0.150391,-0.695312,0.971191,-3.66211,3.35693,-26.3062,1
1037.01,-0.126465,-0.867676,1.00781,-3.96729,3.05176,-25.8789,1
1037.02,-0.0888672,-0.970215,1.06006,-2.68555,3.05176,-25.5127,1
1037.03,-0.0800781,-0.741699,1.05908,-1.64795,2.86865,-25.8789,1
1037.04,-0.0761719,-0.897949,1.03223,-3.11279,3.54004,-26.7334,1
1037.05,-0.074707,-0.925293,0.964844,-0.854492,3.17383,-25.6348,1
1037.06,-0.0649414,-0.70459,1.01074,-1.89209,2.80762,-26.5503,1
1037.07,-0.0478516,-1.01221,1.07031,-2.2583,3.23486,-26.3672,1
1037.08,-0.0239258,-1.00977,1.03076,0.305176,3.17383,-25.4517,1
1037.09,-0.00195312,-0.709961,1.03418,-0.793457,3.11279,-26.4893,1
1037.1,0.0297852,-0.99707,0.977539,-2.62451,2.38037,-26.6113,1
1037.11,0.0263672,-0.952637,1.00342,0.732422,2.13623,-25.5127,1
1037.12,0.0180664,-0.691895,1.06396,-0.549316,2.2583,-26.4893,1
1037.13,0.0668945,-0.976562,1.02246,-0.793457,2.13623,-26.123,1
1037.13,0.0908203,-0.90332,0.998535,1.40381,1.34277,-25.6348,1
1037.14,0.0932617,-0.814941,1.03809,1.15967,0.976562,-26.001,1
1037.15,0.0717773,-0.964355,1.05225,1.64795,0,-25.7568,1
1037.16,0.136719,-0.885254,1.01318,2.62451,-0.12207,-25.1465,1
1037.17,0.188477,-0.770996,0.936035,1.77002,0,-25.2686,1
1037.18,0.173828,-0.927734,0.92334,1.46484,-0.305176,-25.2686,1
1037.19,0.155762,-0.905273,0.907227,2.80762,-0.793457,-24.8413,1
1037.2,0.145508,-0.727051,0.930664,2.80762,-0.366211,-24.8413,1
1037.21,0.188477,-0.85498,0.970703,1.28174,-0.671387,-24.9023,1
1037.22,0.209473,-0.900879,0.966797,1.52588,-1.15967,-23.6206,1
1037.23,0.161133,-0.887207,0.92334,0.793457,0.183105,-23.3154,1
1037.24,0.159668,-0.879883,0.942383,0.976562,0.305176,-22.8271,1
1037.25,0.164551,-0.880371,0.953125,1.28174,0.427246,-22.644,1
1037.26,0.252441,-0.808105,0.96875,1.2207,0,-22.3389,1
1037.27,0.243652,-0.785156,0.992676,0.366211,0.305176,-21.7896,1
1037.28,0.164551,-0.895508,0.998047,0.183105,1.40381,-21.0571,1
1037.29,0.136719,-0.88916,0.921875,0.671387,1.46484,-20.0806,1
1037.3,0.162598,-0.858398,0.875,0.854492,1.95312,-19.8364,1
1037.31,0.163574,-0.87793,0.960938,0.488281,1.46484,-19.9585,1
1037.32,0.181641,-0.82666,0.986328,0.854492,1.28174,-19.6533,1
1037.33,0.183105,-0.702637,0.958984,0.183105,1.15967,-19.7754,1
1037.34,0.210449,-0.946289,0.894043,-0.12207,1.70898,-19.2871,1
1037.35,0.15332,-0.781738,0.810547,3.11279,1.64795,-18.1274,1
1037.36,0.0932617,-0.800781,0.824219,1.0376,2.0752,-19.3481,1
1037.37,0.140625,-0.942871,0.943848,2.2583,0.976562,-18.5547,1
1037.37,0.165527,-0.746094,0.99707,2.80762,1.58691,-18.4326,1
1037.38,0.192383,-0.801758,1.02295,1.15967,1.09863,-18.9209,1
1037.39,0.223633,-0.87793,0.813965,1.52588,1.09863,-18.0664,1
1037.4,0.129883,-0.865723,0.840332,1.64795,1.83105,-18.1274,1
1037.41,0.0771484,-0.833496,0.949707,1.34277,1.0376,-18.3716,1
1037.42,0.150391,-0.862793,1.01465,1.15967,1.83105,-18.1274,1
1037.43,0.190918,-0.765137,1.08057,0,1.34277,-18.4937,1
1037.44,0.203125,-0.799805,1.03906,-0.793457,1.15967,-18.0664,1
1037.45,0.171875,-0.947266,0.942871,-0.488281,1.2207,-17.8833,1
1037.46,0.129395,-0.905273,0.994629,0.671387,1.28174,-17.8833,1
1037.47,0.178223,-0.784668,1.00391,0.610352,2.01416,-18.2495,1
1037.48,0.185547,-0.886719,1.00537,0.366211,1.89209,-18.4326,1
1037.49,0.208008,-0.797852,0.966797,0.915527,0.915527,-18.3105,1
1037.5,0.230957,-0.748535,0.962891,-0.12207,1.0376,-19.4092,1
1037.51,0.220215,-0.979004,0.927246,0.732422,0.732422,-18.9209,1
1037.52,0.146484,-0.905762,0.918945,2.50244,0.488281,-18.7988,1
1037.53,0.160645,-0.787598,0.989746,2.92969,1.0376,-19.043,1
1037.54,0.239746,-0.714355,0.931641,3.41797,0.976562,-19.2871,1
1037.55,0.280273,-0.730957,0.870605,2.80762,0.610352,-19.7754,1
1037.56,0.254395,-0.900391,0.943359,2.99072,0,-19.8975,1
1037.57,0.184082,-0.751953,0.994629,3.60107,-0.244141,-20.1416,1
1037.58,0.165039,-0.83252,0.937988,2.68555,0.0610352,-19.8364,1
1037.59,0.23584,-0.802734,0.950684,3.78418,-0.366211,-19.9585,1
1037.6,0.376465,-0.67334,0.932129,2.74658,0,-20.9351,1
1037.61,0.31543,-0.826172,1.01758,2.56348,-0.244141,-20.0806,1
1037.62,0.254395,-0.797852,0.942871,1.70898,-1.15967,-20.752,1
1037.63,0.219238,-0.770996,0.843262,1.89209,-0.671387,-20.0195,1
1037.64,0.227539,-0.91748,0.967285,1.46484,0.244141,-20.5078,1
1037.65,0.331055,-0.681641,1.04785,0.549316,-0.488281,-21.1182,1
1037.66,0.390137,-0.733887,0.964844,-1.58691,-0.427246,-20.9961,1
1037.67,0.277344,-0.876465,0.98291,-0.12207,-0.549316,-19.6533,1
1037.68,0.230469,-0.664062,0.959473,-0.183105,-0.610352,-20.5688,1
1037.69,0.292969,-0.913086,0.904297,-0.549316,0.183105,-20.752,1
1037.7,0.320312,-0.887695,1.0083,1.77002,0.0610352,-20.3857,1
1037.71,0.300293,-0.713379,1.05811,0.0610352,0,-20.9351,1
1037.71,0.159668,-0.878906,1.08154,-0.793457,-0.244141,-21.0571,1
1037.72,0.22168,-0.796387,0.972656,1.2207,-0.12207,-20.0195,1
1037.73,0.328613,-0.762207,0.940918,0.854492,0.0610352,-20.6909,1
1037.74,0.352051,-1.02979,0.996094,2.19727,0,-20.2637,1
1037.75,0.243164,-0.816406,0.99707,3.96729,0.671387,-20.3857,1
1037.76,0.208008,-0.730469,1.01172,2.44141,0.610352,-20.1416,1
1037.77,0.274902,-0.832031,0.957031,1.58691,-0.244141,-20.3247,1
1037.78,0.306641,-0.762207,0.957031,1.95312,0,-20.2026,1
1037.79,0.286133,-0.931152,1.00684,1.77002,0.976562,-20.0195,1
1037.8,0.21582,-0.914062,0.933594,2.86865,-0.0610352,-20.3857,1
1037.81,0.269043,-0.766602,0.908203,2.99072,0.12207,-20.4468,1
1037.82,0.299805,-0.631348,0.95459,2.13623,0.12207,-20.6299,1
1037.83,0.313477,-0.76416,1.01562,0.244141,0.244141,-20.752,1
1037.84,0.224121,-0.87793,1.08398,0.427246,-0.427246,-20.5078,1
1037.85,0.192383,-0.817871,0.922363,0.915527,0,-20.2026,1
1037.86,0.167969,-0.808594,0.862793,0.915527,-0.305176,-20.813,1
1037.87,0.347168,-0.814941,0.939453,1.64795,-0.305176,-20.9351,1
1037.88,0.358398,-0.768066,1.06006,2.31934,0.366211,-20.9961,1
1037.89,0.270508,-0.732422,1.07275,0.12207,-0.549316,-21.7896,1
1037.9,0.23291,-0.950195,0.931641,0.854492,-0.366211,-20.2637,1
1037.91,0.163574,-0.812988,0.901367,2.2583,-0.427246,-20.6299,1
1037.92,0.303711,-0.788574,0.961426,2.01416,0.183105,-21.1182,1
1037.93,0.354004,-0.845703,0.996582,3.60107,0.366211,-20.5688,1
1037.94,0.332031,-0.738281,1.02295,2.0752,-0.183105,-20.9961,1
1037.95,0.259277,-0.958008,1.01709,0.793457,-0.183105,-20.874,1
1037.96,0.184082,-0.822754,1.00684,1.89209,-0.183105,-19.8975,1
1037.97,0.294922,-0.800293,0.959961,0.305176,0.244141,-20.4468,1
1037.98,0.368652,-0.870117,0.992188,1.34277,-0.183105,-20.2026,1
1037.99,0.321777,-0.770508,1.02441,1.28174,0.305176,-20.5688,1
1038,0.28125,-0.822266,0.980469,0.305176,-0.183105,-20.752,1
1038,0.327637,-0.788574,1,0.976562,-0.610352,-19.7754,1
1038.01,0.280762,-0.81543,1.01172,0.244141,0.244141,-20.2637,1
1038.02,0.291504,-0.904297,0.947754,0.793457,0,-19.9585,1
1038.03,0.25293,-0.864258,0.965332,1.64795,0.671387,-19.8975,1
1038.04,0.282715,-0.761719,0.893066,1.46484,0.305176,-20.1416,1
1038.05,0.314453,-0.816895,0.988281,-0.366211,0.732422,-20.752,1
1038.06,0.325195,-0.823242,1.0127,1.09863,0.488281,-18.9819,1
1038.07,0.257812,-0.747559,0.996582,1.0376,1.09863,-19.8364,1
1038.08,0.245605,-0.811035,0.897461,1.52588,0.610352,-19.2871,1
1038.09,0.239258,-0.87207,0.924316,1.77002,1.64795,-18.7988,1
1038.1,0.262207,-0.702148,0.951172,1.15967,0.488281,-18.9819,1
1038.11,0.350098,-0.862305,1.01807,0.305176,1.2207,-19.2261,1
1038.12,0.296875,-0.833984,0.991211,2.13623,1.52588,-18.1885,1
1038.13,0.20459,-0.730469,0.96875,-0.366211,1.77002,-19.104,1
1038.14,0.125488,-1.04004,0.928223,-1.28174,1.77002,-18.6157,1
1038.15,0.232422,-0.728027,0.988281,1.09863,1.83105,-17.7612,1
1038.16,0.321289,-0.483887,0.922363,-2.38037,1.77002,-19.043,1
1038.17,0.313477,-1.01221,0.969727,-3.66211,1.40381,-18.7988,1
1038.18,0.166504,-0.939941,1.02783,-0.12207,2.38037,-18.3105,1
1038.19,0.108398,-0.618652,0.952148,-1.0376,2.38037,-18.5547,1
1038.2,0.187988,-0.93457,0.950684,-1.89209,1.58691,-18.2495,1
1038.21,0.307617,-0.826172,0.897949,-0.732422,0.793457,-18.4326,1
1038.22,0.239258,-0.72998,0.95459,-1.95312,2.19727,-18.5547,1
1038.23,0.114258,-0.862793,1.0376,-1.64795,1.77002,-18.6157,1
1038.24,0.154297,-0.775391,0.91748,-0.854492,1.77002,-18.4326,1
1038.25,0.160645,-0.747559,0.826172,-1.83105,1.58691,-19.165,1
1038.26,0.226074,-0.87793,0.990723,-0.671387,1.64795,-18.1885,1
1038.27,0.228516,-0.691406,1.02881,-0.915527,0.976562,-18.7378,1
1038.28,0.179199,-0.797852,0.943848,-1.64795,1.34277,-18.6157,1
1038.28,0.102539,-0.921387,0.934082,0.366211,1.64795,-17.8833,1
1038.29,0.171875,-0.801758,0.954102,0,0.915527,-18.9209,1
1038.3,0.273438,-0.782227,1.01074,-0.366211,0.732422,-18.7378,1
1038.31,0.243164,-0.884277,1.05762,-0.427246,1.46484,-18.1885,1
1038.32,0.194824,-0.762207,0.973633,0.183105,0.793457,-17.8833,1
1038.33,0.178711,-0.761719,0.915527,-0.671387,1.28174,-17.9443,1
1038.34,0.210938,-0.900391,0.915039,0,0.671387,-17.4561,1
1038.35,0.225098,-0.778809,0.934082,0.854492,0.732422,-17.5171,1
1038.36,0.226074,-0.712402,0.997559,1.89209,1.46484,-17.0898,1
1038.37,0.174805,-0.740723,0.959961,2.01416,1.77002,-16.9067,1
1038.38,0.145508,-0.831543,0.912598,2.13623,1.64795,-17.2119,1
1038.39,0.090332,-0.810547,0.924316,4.27246,1.77002,-16.0522,1
1038.4,0.161133,-0.736816,0.908691,4.63867,1.70898,-15.9912,1
1038.41,0.196777,-0.793945,0.986816,4.88281,1.70898,-15.8081,1
1038.42,0.125488,-0.807617,0.939453,5.43213,2.68555,-14.8315,1
1038.43,0.0224609,-0.676758,0.935547,4.94385,2.68555,-14.7705,1
1038.44,-0.0917969,-0.65918,0.993652,4.21143,2.92969,-14.4043,1
1038.45,-0.0351562,-0.731445,0.900879,4.57764,3.72314,-13.855,1
1038.46,0.00292969,-0.712891,0.824707,6.22559,4.3335,-13.0615,1
1038.47,0.00146484,-0.707031,0.905273,6.46973,4.3335,-13.0005,1
1038.48,0.0405273,-0.567871,0.908691,6.65283,3.96729,-12.8784,1
1038.49,-0.0195312,-0.552734,0.866211,6.04248,4.69971,-12.9395,1
1038.5,-0.0854492,-0.669434,0.804199,7.50732,4.57764,-11.9629,1
1038.51,-0.123047,-0.537109,0.831543,9.09424,4.57764,-11.4136,1
1038.52,-0.153809,-0.456055,0.876465,9.39941,4.5166,-11.3525,1
1038.53,-0.131836,-0.436523,0.866699,10.8032,4.21143,-10.1929,1
1038.54,-0.128906,-0.356934,0.845703,10.8032,3.90625,-10.0708,1
1038.55,-0.139648,-0.39502,0.794434,10.376,3.72314,-10.0708,1
1038.56,-0.233887,-0.374512,0.849609,12.8784,3.66211,-7.69043,1
1038.57,-0.356445,-0.178223,0.929688,13.4277,3.17383,-7.50732,1
1038.58,-0.412109,-0.15918,0.902344,13.6719,3.2959,-7.01904,1
1038.59,-0.411133,-0.200684,0.824707,15.0146,3.35693,-5.5542,1
1038.6,-0.243164,-0.201172,0.887207,16.5405,2.80762,-4.5166,1
1038.61,-0.263184,0.00439453,0.983887,17.9443,2.99072,-2.68555,1
1038.62,-0.348145,-0.0249023,1.01416,17.0288,2.80762,-1.64795,1
1038.62,-0.50293,-0.14209,0.984375,18.1274,3.2959,0.488281,1
1038.63,-0.484375,-0.081543,0.999512,19.5312,3.54004,2.2583,1
1038.64,-0.330566,0.0166016,1.06396,19.8975,3.78418,4.15039,1
1038.65,-0.293457,0.167969,0.991699,18.9819,3.41797,5.98145,1
1038.66,-0.398438,0.146484,1.03027,17.395,3.90625,7.56836,1
1038.67,-0.474121,0.112793,0.985352,17.5781,4.02832,9.94873,1
1038.68,-0.399902,0.310547,1.03662,17.6392,3.2959,11.7798,1
1038.69,-0.313965,0.318848,1.04785,15.7471,2.56348,12.2681,1
1038.7,-0.302734,0.327637,1.05957,16.0522,2.38037,14.5874,1
1038.71,-0.386719,0.428711,1.02686,13.9771,2.80762,15.7471,1
1038.72,-0.330078,0.272949,1.07764,11.2915,1.58691,16.3574,1
1038.73,-0.36084,0.349609,1.1001,12.6953,1.46484,18.9209,1
1038.74,-0.370117,0.602539,1.11475,10.437,1.52588,18.8599,1
1038.75,-0.440918,0.539551,1.08154,7.08008,1.89209,19.4092,1
1038.76,-0.387207,0.308594,1.09863,6.89697,1.52588,21.3623,1
1038.77,-0.293457,0.556641,1.21533,7.87354,0.915527,22.583,1
1038.78,-0.271973,0.631348,1.23291,5.43213,1.77002,22.583,1
1038.79,-0.379883,0.550781,1.20117,5.12695,1.40381,22.9492,1
1038.8,-0.492676,0.644531,1.10352,5.06592,1.58691,23.3154,1
1038.81,-0.393555,0.608398,1.11523,4.82178,1.95312,23.4375,1
1038.82,-0.316406,0.804688,1.12598,4.3335,1.70898,23.8647,1
1038.83,-0.494629,0.636719,1.25098,2.80762,1.34277,22.8882,1
1038.84,-0.302734,0.651855,1.01514,5.12695,1.95312,24.231,1
1038.85,-0.376465,0.699219,1.05127,5.18799,2.86865,24.1699,1
1038.86,-0.46875,0.82666,1.05811,3.35693,2.2583,22.7051,1
1038.87,-0.450195,0.847656,1.04248,2.92969,2.0752,24.4141,1
1038.88,-0.390625,0.699707,1.09717,2.80762,2.80762,25.0244,1
1038.89,-0.201172,0.786621,0.956055,2.2583,1.34277,24.4141,1
1038.9,-0.242188,0.788574,0.86084,1.58691,1.58691,24.8413,1
1038.91,-0.416016,0.761719,0.947266,1.83105,0.793457,25.8179,1
1038.92,-0.328613,0.785156,1.01953,1.95312,0.366211,25.8179,1
1038.93,-0.193848,0.715332,0.955566,1.52588,2.01416,25.5737,1
1038.94,-0.266113,0.871582,0.844238,1.46484,1.28174,26.5503,1
1038.95,-0.34668,0.878906,0.753418,-1.09863,0.183105,26.4282,1
1038.96,-0.356934,0.631836,0.932129,1.15967,0.549316,27.4048,1
1038.96,-0.226562,0.764648,0.992188,3.11279,1.46484,27.4658,1
1038.97,-0.241699,0.974609,0.916504,1.34277,1.95312,27.0996,1
1038.98,-0.312988,0.78418,0.81543,-0.427246,1.0376,27.9541,1
1038.99,-0.23584,0.693848,0.789062,1.09863,0.488281,28.2593,1
1039,-0.202148,0.859863,0.893555,1.64795,0.793457,27.5269,1
1039.01,-0.179688,0.685547,0.913574,1.70898,2.0752,26.9775,1
1039.02,-0.260742,0.851562,0.867676,3.41797,1.34277,27.771,1
1039.03,-0.283691,1.06592,0.89209,2.0752,1.95312,27.71,1
1039.04,-0.162598,0.814941,0.927734,0.488281,1.70898,27.2827,1
1039.05,-0.140137,0.715332,0.896973,3.05176,2.38037,28.4424,1
1039.06,-0.182617,0.83252,0.856445,2.99072,2.01416,27.771,1
1039.07,-0.173828,0.880371,0.86377,3.17383,1.09863,27.832,1
1039.08,-0.13916,0.908203,0.872559,3.35693,2.0752,28.3813,1
1039.09,-0.180664,0.965332,0.939453,3.96729,1.70898,28.8696,1
1039.1,-0.120605,0.904297,0.967773,2.62451,1.64795,28.1372,1
1039.11,-0.126953,0.783203,0.945801,4.63867,0.915527,30.0903,1
1039.12,-0.0849609,1.12451,0.930176,4.45557,0.12207,29.6021,1
1039.13,-0.107422,0.82666,0.941406,2.50244,0.366211,29.1748,1
1039.14,-0.0561523,0.927734,1.0376,7.01904,-0.366211,30.7007,1
1039.15,-0.0454102,1.06152,1.01123,4.94385,0.793457,29.8462,1
1039.16,-0.148438,1.04736,1.02783,4.3335,-0.549316,30.6396,1
1039.16,-0.148438,0.941895,1.00635,4.02832,-0.366211,30.3345,1
1039.17,-0.159668,1.01074,1.01025,4.69971,-0.305176,30.7007,1
1039.18,-0.0600586,1.07178,0.971191,3.66211,0.12207,30.0903,1
1039.19,-0.0834961,1.00342,1.03662,2.99072,0.244141,30.8838,1
1039.2,-0.0493164,1.10596,1.06885,1.0376,-0.427246,30.3345,1
1039.21,0.00439453,0.956543,0.902344,-1.15967,0.183105,30.2124,1
1039.22,-0.154297,0.927734,0.979004,-0.305176,0.183105,30.6396,1
1039.23,-0.150879,1.07031,0.964844,-1.70898,0.244141,29.6021,1
1039.24,-0.169922,0.96875,0.97168,-2.99072,1.2207,29.6021,1
1039.25,-0.0942383,1.02051,0.990723,-3.17383,0.732422,29.7852,1
1039.26,-0.0483398,1.13184,0.964355,-4.45557,1.46484,29.1748,1
1039.27,-0.140625,0.865723,0.997559,-5.92041,1.46484,29.1748,1
1039.28,-0.117188,0.787109,0.831543,-3.66211,1.2207,29.48,1
1039.29,-0.0673828,1.09375,0.870117,-3.96729,2.0752,28.9307,1
1039.3,-0.108887,0.773438,0.937988,-5.18799,2.68555,28.6865,1
1039.31,-0.0678711,0.835938,0.890137,-1.70898,2.19727,29.0527,1
1039.32,-0.0117188,1.09863,0.887207,-3.23486,3.35693,28.1982,1
1039.33,-0.0541992,0.699707,0.830078,-3.66211,3.17383,27.9541,1
1039.34,-0.100098,0.869141,0.804199,-1.0376,2.68555,28.9307,1
1039.35,-0.0268555,1.04883,0.800293,-2.92969,4.02832,27.6489,1
1039.36,-0.0419922,0.751953,0.814941,-3.41797,4.15039,27.8931,1
1039.37,-0.0336914,0.804688,0.885254,-0.610352,4.3335,28.6255,1
1039.38,-0.0620117,1.15088,0.890625,-2.86865,3.60107,27.0386,1
1039.39,-0.03125,0.751953,0.833008,-4.21143,4.3335,27.5269,1
1039.4,-0.0454102,0.694336,0.789062,-0.549316,4.15039,27.9541,1
1039.41,-0.0751953,1.11621,0.947266,-0.12207,3.60107,27.5879,1
1039.42,-0.11084,0.755859,1.00977,-1.40381,3.72314,27.71,1
1039.43,-0.0463867,0.84375,0.919922,2.50244,2.56348,28.9917,1
1039.44,-0.0678711,1.19043,0.874512,0.610352,2.74658,28.1982,1
1039.45,-0.0605469,0.85791,0.904785,-0.12207,1.52588,28.2593,1
1039.46,-0.100586,0.664551,0.935547,2.92969,1.28174,29.7241,1
1039.47,-0.0927734,1.104,0.98291,3.60107,0.549316,29.6631,1
1039.48,-0.0385742,1.08203,0.94873,-0.488281,0.0610352,28.6865,1
1039.49,-0.0283203,0.658203,0.937012,0.915527,-0.183105,30.5786,1
1039.5,-0.0283203,1.32617,1,2.99072,-0.976562,30.1514,1
1039.51,-0.0654297,0.90332,0.938477,-2.62451,-1.0376,29.6631,1
1039.52,-0.135742,0.803223,1,2.0752,-1.28174,30.9448,1
1039.52,-0.0800781,1.13477,0.967773,-0.12207,-1.64795,29.9072,1
1039.53,-0.0419922,1.09961,0.941406,-1.28174,-1.58691,30.1514,1
1039.54,-0.0078125,0.936523,1.06348,-0.427246,-1.52588,30.2124,1
1039.55,-0.0805664,1.11523,1.04443,2.19727,-1.40381,30.2124,1
1039.56,-0.0371094,1.104,1.08887,-0.549316,-1.0376,28.4424,1
1039.57,-0.00732422,0.908691,0.947754,1.40381,-0.976562,29.2969,1
1039.58,-0.0292969,1.04883,1.0249,0.244141,0.183105,28.2593,1
1039.59,-0.00146484,0.935547,0.940918,0,-0.366211,28.9307,1
1039.6,-0.0361328,1.07764,1.03076,0.915527,0.427246,28.4424,1
1039.61,0.0307617,0.963867,0.929199,-0.549316,0.976562,27.6489,1
1039.62,0.0380859,0.933105,0.916016,0.915527,0.915527,27.4658,1
1039.63,0.0126953,1.18457,0.977539,-0.549316,1.58691,26.3062,1
1039.64,0.0390625,0.993652,0.932129,-1.70898,1.83105,26.5503,1
1039.65,0.00390625,0.949219,0.99707,-1.52588,2.19727,26.6724,1
1039.66,0.0625,0.915039,0.944336,-1.77002,1.0376,26.8555,1
1039.67,0.151855,1.06006,0.955566,-1.28174,1.64795,26.4893,1
1039.68,0.137207,0.845215,0.849121,-2.99072,1.89209,26.001,1
1039.69,0.0854492,0.999512,0.905273,-0.732422,0.854492,26.4282,1
1039.7,0.0644531,1.05469,0.972168,-3.54004,1.40381,25.2075,1
1039.71,0.0332031,0.775879,0.893066,-2.2583,1.0376,26.4282,1
1039.72,0.0698242,1.03613,0.905273,-2.01416,1.0376,26.1841,1
1039.73,0.194824,0.98291,0.835938,-4.45557,0.183105,25.6958,1
1039.74,0.239746,0.773438,0.858887,-1.70898,0.183105,26.4282,1
1039.75,0.124023,0.935059,0.86084,-1.95312,-0.305176,26.001,1
1039.76,0.0737305,0.953125,0.88916,-2.86865,-1.0376,25.6348,1
1039.77,0.0805664,0.891113,0.911133,-3.60107,0,25.3906,1
1039.78,0.160156,0.907227,0.905762,-2.0752,-0.732422,26.4893,1
1039.79,0.227051,1.00098,0.918457,-2.31934,-1.46484,25.5737,1
1039.8,0.217285,0.958984,0.964355,-1.89209,-1.70898,25.2686,1
1039.81,0.135742,0.893066,1.00977,-0.305176,-0.12207,24.5972,1
1039.82,0.114258,1.08105,0.989746,1.2207,-0.12207,24.4751,1
1039.83,0.116211,0.967285,0.991211,0.732422,0.244141,24.1089,1
1039.83,0.222168,0.916992,0.98584,1.95312,-1.09863,24.4751,1
1039.84,0.250488,1.13086,0.992188,2.01416,-0.854492,23.9258,1
1039.85,0.224609,0.963379,0.992676,1.0376,-0.12207,22.8271,1
1039.86,0.159668,0.933594,1.06689,3.72314,0.12207,23.4375,1
1039.87,0.151367,1.0415,1.00244,2.50244,0.244141,22.0947,1
1039.88,0.177734,1.0874,0.962891,1.95312,-0.793457,22.7661,1
1039.89,0.172363,0.966797,0.986816,0.915527,0.366211,22.0337,1
1039.9,0.203613,1.04688,0.991211,1.58691,0.183105,21.9116,1
1039.91,0.17041,0.991699,1.07715,0.732422,1.46484,21.6675,1
1039.92,0.135742,0.907227,0.95459,-0.12207,0.244141,21.5454,1
1039.93,0.164062,1.03418,0.948242,-1.0376,0.183105,21.3013,1
1039.94,0.258301,1.10547,0.868164,-2.92969,0.854492,20.5688,1
1039.95,0.219238,0.912598,0.946777,-2.80762,0.854492,21.5454,1
1039.96,0.162598,0.806152,0.997559,-2.62451,0.305176,20.874,1
1039.97,0.197266,1.05322,0.933105,-2.38037,-0.183105,21.1182,1
1039.98,0.13623,0.841797,0.919434,-4.3335,0.793457,20.3857,1
1039.99,0.195801,0.894531,0.952148,-2.74658,-0.12207,20.6909,1
1040,0.260254,1.01416,0.957031,-4.15039,0.366211,20.3247,1
1040.01,0.245117,0.885742,0.93457,-4.5166,-0.12207,20.6909,1
1040.02,0.217773,0.79834,0.916992,-3.90625,-0.12207,20.813,1
1040.03,0.235352,0.907715,0.905273,-3.60107,-0.427246,20.5078,1
1040.04,0.264648,0.869141,0.901367,-3.78418,0.0610352,20.752,1
1040.05,0.307617,0.851074,0.903809,-3.41797,0,20.3857,1
1040.06,0.304199,0.935547,0.909668,-3.60107,-0.976562,20.752,1
1040.07,0.254395,0.750977,0.947266,-3.479,-0.610352,21.0571,1
1040.08,0.303223,0.771973,0.942383,-2.62451,-1.46484,20.9961,1
1040.09,0.369141,0.903809,0.89209,-1.83105,-0.976562,20.874,1
1040.1,0.362305,0.97168,0.958496,-2.68555,-1.15967,20.752,1
1040.11,0.366699,0.873047,1.00098,-1.64795,-1.52588,21.1792,1
1040.12,0.396484,0.87793,1.01416,-0.610352,-1.34277,20.9351,1
1040.12,0.404785,0.795898,1.04541,0,-1.77002,21.6064,1
1040.13,0.419922,0.909668,1.02441,1.09863,-2.38037,20.9351,1
1040.14,0.366699,0.919434,0.951172,0.183105,-1.95312,20.5688,1
1040.15,0.319824,0.851074,1.04395,0.610352,-0.976562,20.6909,1
1040.16,0.35498,0.90625,1.10645,-0.0610352,-1.46484,21.1792,1
1040.17,0.348633,0.787598,1.04639,-0.488281,-2.44141,21.7896,1
1040.18,0.469727,1.00537,1.01025,0,-2.31934,21.3623,1
1040.19,0.381836,1.03223,1.00293,-1.70898,-0.915527,20.3247,1
1040.2,0.317383,0.728027,1.04248,-0.671387,-0.915527,20.5078,1
1040.21,0.278809,1.00781,1.01074,0.671387,-1.89209,20.813,1
1040.22,0.348633,0.97998,0.984375,-3.72314,-1.52588,19.7754,1
1040.23,0.476074,0.756836,0.976562,-2.01416,-1.15967,20.813,1
1040.24,0.464355,1.02441,1.04492,-2.19727,-0.549316,20.2026,1
1040.25,0.381836,0.856934,1.06348,-4.02832,-0.976562,19.7754,1
1040.26,0.291992,0.756836,0.983887,-1.77002,-1.28174,20.3247,1
1040.27,0.300293,1.03564,1.00146,-2.92969,-1.15967,19.7754,1
1040.28,0.45459,0.973145,0.998535,-4.45557,-1.28174,19.3481,1
1040.29,0.478516,0.782227,1.08008,-4.21143,-1.15967,19.7754,1
1040.3,0.328125,0.891113,1.05029,-2.31934,-1.09863,20.3857,1
1040.31,0.342285,1.0293,0.978027,-3.96729,-1.46484,19.5312,1
1040.32,0.381836,0.667969,0.995117,-3.41797,-1.64795,20.3857,1
1040.33,0.466797,0.808594,1.00684,0.610352,-1.70898,20.5688,1
1040.34,0.398926,1.11035,1.03955,-1.64795,-1.28174,19.165,1
1040.35,0.27832,0.692871,0.987305,-1.64795,-0.549316,19.4702,1
1040.36,0.265137,0.90625,0.983398,1.64795,-0.671387,19.8364,1
1040.37,0.298828,0.939453,0.981934,0,-0.610352,19.043,1
1040.38,0.357422,0.844238,1.02197,1.58691,-0.549316,18.3716,1
1040.39,0.263184,1.03711,1.05615,1.70898,0.854492,17.5781,1
1040.4,0.156738,1.0293,1.00879,0.427246,0.366211,16.8457,1
1040.41,-0.0136719,0.860352,1.03271,1.15967,1.77002,16.7236,1
1040.41,-0.00341797,0.935059,1.0166,1.70898,1.70898,16.1133,1
1040.42,-0.0180664,0.909668,0.934082,0.976562,3.11279,15.2588,1
1040.43,0.0405273,0.808105,0.987793,0.671387,3.60107,14.7705,1
1040.44,0.0380859,0.811523,1.01514,0.671387,3.78418,14.5264,1
1040.45,0.00390625,0.989258,0.977051,-0.12207,4.76074,13.7939,1
1040.46,-0.0512695,0.928223,0.916504,-2.31934,5.43213,12.5732,1
1040.47,-0.21582,0.69043,0.880859,-1.46484,6.28662,13.0005,1
1040.48,-0.176758,0.863281,0.857422,-1.0376,6.22559,12.6343,1
1040.49,-0.208008,0.713379,0.948242,-4.15039,7.44629,11.9019,1
1040.5,-0.177246,0.549316,0.904297,-4.02832,6.53076,13.0005,1
1040.51,-0.168457,0.778809,0.749023,-5.5542,6.28662,12.0239,1
1040.52,-0.20459,0.541992,0.689941,-9.0332,6.22559,11.1084,1
1040.53,-0.186035,0.478027,0.814941,-7.99561,5.98145,12.5732,1
1040.54,-0.177734,0.655273,0.799805,-10.6812,5.43213,11.4746,1
1040.55,-0.152832,0.441406,0.808594,-12.3901,4.45557,11.4746,1
1040.56,-0.127441,0.365723,0.837891,-12.0239,4.27246,12.0239,1
1040.57,-0.164551,0.467773,0.854004,-13.855,3.35693,10.9863,1
1040.58,-0.0893555,0.342773,0.801758,-15.4419,2.0752,10.0708,1
1040.59,-0.012207,0.318848,0.802734,-14.9536,1.83105,9.82666,1
1040.6,-0.0385742,0.400391,0.862305,-15.7471,1.46484,7.99561,1
1040.61,-0.0756836,0.296875,0.925781,-16.7847,0.671387,6.22559,1
1040.62,-0.188477,0.201172,0.996582,-15.8691,0.12207,5.43213,1
1040.63,-0.179199,0.335938,1.00684,-15.7471,0,3.90625,1
1040.64,-0.259766,0.227051,0.956543,-18.0054,0.305176,1.34277,1
1040.65,-0.19873,-0.0224609,0.970703,-16.9067,-0.732422,-0.0610352,1
1040.66,-0.236328,0.0771484,1.02734,-16.1133,-0.488281,-1.95312,1
1040.67,-0.148438,0.140625,1.07715,-18.5547,-0.427246,-5.24902,1
1040.68,-0.157227,-0.188477,1.01855,-18.7988,-0.244141,-7.01904,1
1040.69,-0.163574,-0.0893555,0.975098,-16.3574,-0.854492,-8.36182,1
1040.7,-0.210449,0.0209961,0.986328,-17.9443,-0.305176,-12.0239,1
1040.71,-0.258301,-0.345703,1.05176,-18.1885,0.12207,-13.916,1
1040.72,-0.249512,-0.290527,1.0415,-15.564,0.427246,-14.8926,1
1040.73,-0.255859,-0.160156,0.972168,-17.2729,1.0376,-17.9443,1
1040.74,-0.230957,-0.45459,0.980469,-17.5171,0.915527,-19.2261,1
1040.75,-0.200684,-0.49707,1.06299,-15.686,0.488281,-20.5688,1
1040.76,-0.193359,-0.39502,1.12451,-15.7471,0.976562,-22.7661,1
1040.77,-0.192871,-0.54834,1.0625,-15.4419,1.28174,-24.1089,1
1040.78,-0.23584,-0.588867,1.06445,-13.855,1.34277,-24.6582,1
1040.79,-0.227051,-0.509766,1.11719,-14.0381,1.15967,-26.062,1
1040.79,-0.176758,-0.675781,1.09766,-13.855,1.83105,-27.0996,1
1040.8,-0.141113,-0.729492,1.06055,-11.6577,2.01416,-27.2217,1
1040.81,-0.159668,-0.704102,1.02441,-11.1694,1.83105,-28.3203,1
1040.82,-0.178711,-0.81543,1.05273,-10.1929,2.2583,-28.9917,1
1040.83,-0.172363,-0.682129,1.06006,-8.54492,2.13623,-28.8086,1
1040.84,-0.17334,-0.78418,1.05518,-9.64355,2.50244,-30.2124,1
1040.85,-0.199219,-0.915039,1.10889,-7.99561,1.83105,-29.8462,1
1040.86,-0.187988,-0.746094,1.06348,-7.26318,2.2583,-29.7241,1
1040.87,-0.162598,-0.856445,1.07568,-8.05664,2.38037,-30.6396,1
1040.88,-0.13623,-0.945801,1.09131,-5.98145,1.58691,-30.0903,1
1040.89,-0.15625,-0.735352,1.03906,-4.63867,1.70898,-30.1514,1
1040.9,-0.178711,-0.867676,0.911621,-4.5166,1.83105,-29.9683,1
1040.91,-0.185547,-0.908203,0.939453,-1.77002,2.0752,-29.2358,1
1040.92,-0.161621,-0.813965,1.00488,-1.58691,2.68555,-30.3345,1
1040.93,-0.155762,-0.99707,0.964844,-0.12207,2.80762,-30.3955,1
1040.94,-0.188965,-1.00928,0.920898,2.68555,2.74658,-29.1748,1
1040.95,-0.206055,-0.749023,1.05322,1.89209,2.31934,-29.7852,1
1040.96,-0.15625,-0.697266,1.05957,-1.40381,2.56348,-30.2734,1
1040.97,-0.09375,-0.920898,0.882812,0.305176,2.92969,-28.3203,1
1040.98,-0.267578,-1.05078,0.871094,-0.427246,2.92969,-29.6631,1
1040.99,-0.14502,-0.772461,0.939453,0.0610352,3.11279,-28.5034,1
1041,-0.149414,-0.936523,1.09912,-3.2959,4.02832,-28.1372,1
1041.01,-0.101562,-1.02148,1.04346,-2.86865,3.35693,-27.771,1
1041.02,-0.156738,-0.770508,0.936523,-3.66211,4.76074,-28.0762,1
1041.03,-0.252441,-1.03369,0.850586,-4.76074,4.94385,-28.6865,1
1041.04,-0.228516,-1.01611,0.797852,-1.15967,3.60107,-28.0762,1
1041.05,-0.109863,-0.461426,0.908203,-1.0376,3.60107,-29.0527,1
1041.06,-0.0961914,-0.884766,0.946777,-3.96729,3.66211,-30.0903,1
1041.07,-0.116211,-1.13232,0.876465,1.77002,2.44141,-28.4424,1
1041.08,-0.184082,-0.615234,0.85791,0.915527,2.13623,-29.9072,1
1041.08,-0.210938,-0.986816,0.918457,-2.56348,2.19727,-31.1279,1
1041.09,-0.209473,-0.977051,0.872559,1.15967,1.46484,-30.3345,1
1041.1,-0.162598,-0.664062,0.898926,0.183105,1.34277,-31.4331,1
1041.11,-0.129883,-0.825195,0.890137,-1.2207,-0.0610352,-32.0435,1
1041.12,-0.10791,-1.08496,0.777344,0.12207,0.854492,-31.3721,1
1041.13,-0.15918,-0.853027,0.887207,2.0752,0.12207,-31.189,1
1041.14,-0.164551,-0.862305,1.0166,-1.83105,-0.366211,-32.8369,1
1041.15,-0.140137,-1.00439,0.98291,-0.0610352,-0.305176,-31.189,1
1041.16,-0.189941,-0.853516,1.01953,0.244141,0.0610352,-31.189,1
1041.17,-0.102051,-0.95459,0.895996,-2.62451,-0.793457,-32.8369,1
1041.18,-0.0419922,-1.24072,0.892578,-0.671387,-0.793457,-31.5552,1
1041.19,-0.140625,-0.791992,1.04688,-0.671387,-0.488281,-31.9214,1
1041.2,-0.157715,-1.04053,1.12549,-4.76074,-0.793457,-31.7993,1
1041.21,-0.132812,-1.09521,1.13281,-1.77002,-0.427246,-30.4565,1
1041.22,-0.12207,-0.798828,0.983398,-4.21143,0,-31.7383,1
1041.23,-0.0947266,-1.2207,0.936035,-5.31006,0.183105,-30.4565,1
1041.24,-0.102539,-0.983887,1.07031,-2.62451,0.488281,-29.9072,1
1041.25,-0.177246,-0.958984,1.15527,-4.27246,1.70898,-30.3955,1
1041.26,-0.0703125,-1.14697,1.08545,-2.44141,0.549316,-29.7852,1
1041.27,-0.081543,-1.00049,0.900391,0,1.2207,-29.8462,1
1041.28,-0.127441,-0.850098,0.907715,0.549316,1.0376,-29.6021,1
1041.29,-0.246094,-1.0708,0.960449,-0.549316,1.15967,-30.1514,1
1041.3,-0.161133,-1.06885,1.09229,2.99072,1.09863,-29.1138,1
1041.31,-0.111816,-0.945312,1.02002,4.02832,2.31934,-29.2358,1
1041.32,-0.106934,-1.02832,0.880371,5.7373,0.976562,-28.9917,1
1041.33,-0.169434,-0.944824,0.918457,6.40869,0.671387,-29.6631,1
1041.34,-0.107422,-0.8125,0.90625,7.01904,1.34277,-29.1138,1
1041.35,-0.192383,-0.862305,0.908203,5.37109,1.52588,-29.7852,1
1041.36,-0.140137,-1.16016,0.969238,5.79834,0.671387,-29.6631,1
1041.37,-0.103027,-0.780762,0.919434,7.08008,1.0376,-29.3579,1
1041.37,-0.166504,-0.786621,0.943359,4.21143,1.52588,-30.3345,1
1041.38,-0.137207,-1.06689,0.933105,4.27246,0.183105,-29.6021,1
1041.39,-0.118652,-0.787109,0.798828,4.5166,0.732422,-29.8462,1
1041.4,-0.193848,-0.873047,0.864746,1.64795,1.83105,-30.3345,1
1041.41,-0.179199,-1.09717,0.957031,1.0376,0.793457,-30.5176,1
1041.42,-0.174316,-0.787598,1.0415,1.58691,1.34277,-29.8462,1
1041.43,-0.123047,-0.810547,0.999512,-2.44141,2.01416,-30.8838,1
1041.44,-0.208984,-1.19775,0.945312,-2.38037,0.671387,-30.1514,1
1041.45,-0.150879,-0.858398,0.885742,-0.183105,1.64795,-29.6631,1
1041.46,-0.167969,-0.713867,0.964355,-4.21143,2.31934,-31.4331,1
1041.47,-0.179199,-1.16846,1.04932,-3.17383,2.38037,-30.0903,1
1041.48,-0.134766,-0.952637,1.03369,-2.0752,1.15967,-30.4565,1
1041.49,-0.112793,-0.99707,0.923828,-2.86865,2.0752,-30.2124,1
1041.5,-0.17334,-1.04736,0.958008,-1.46484,2.38037,-30.0903,1
1041.51,-0.177734,-0.875,1.04346,-0.793457,2.19727,-30.3955,1
1041.52,-0.15625,-0.824219,0.969238,-1.2207,2.86865,-30.5176,1
1041.53,-0.123047,-1.15723,0.969238,0,2.56348,-30.1514,1
1041.54,-0.137207,-0.987793,0.945312,3.66211,1.95312,-29.9683,1
1041.55,-0.0668945,-0.806152,0.947266,1.2207,2.86865,-31.6162,1
1041.56,-0.167969,-1.06006,0.987305,3.11279,2.2583,-29.8462,1
1041.57,-0.155762,-0.887207,0.971191,3.60107,1.64795,-30.7007,1
1041.58,-0.182129,-0.843262,0.916992,3.2959,1.52588,-31.1279,1
1041.59,-0.0634766,-0.922363,0.80957,4.27246,2.56348,-31.0669,1
1041.6,-0.163086,-0.858398,0.91748,4.82178,0.732422,-31.4941,1
1041.61,-0.0952148,-1.02051,0.878906,5.24902,1.58691,-30.8838,1
1041.62,-0.154785,-0.595703,0.936523,5.37109,1.09863,-31.4941,1
1041.63,-0.174316,-1.01221,0.947754,3.11279,2.01416,-31.9824,1
1041.64,-0.0922852,-0.704102,0.808105,5.24902,0.732422,-31.7993,1
1041.65,-0.090332,-0.971191,0.838379,2.31934,1.95312,-32.0435,1
1041.66,-0.0981445,-0.694336,0.888184,3.96729,0.671387,-32.1045,1
1041.66,-0.0751953,-1.15967,0.853516,0.488281,1.77002,-32.0435,1
1041.67,-0.179688,-0.614258,0.927734,5.7373,1.77002,-31.3721,1
1041.68,-0.0961914,-0.874512,0.942871,-2.38037,1.64795,-33.5083,1
1041.69,-0.120117,-0.976074,0.870605,1.95312,1.40381,-31.1279,1
1041.7,-0.115723,-0.784668,0.921875,-1.34277,1.52588,-33.0811,1
1041.71,-0.0893555,-0.882324,0.92334,-3.23486,2.0752,-32.5928,1
1041.72,-0.0668945,-1.12744,0.962402,-1.58691,3.05176,-32.2266,1
1041.73,-0.106934,-0.854492,1.02979,-1.58691,1.64795,-31.8604,1
1041.74,-0.0712891,-0.922363,0.995605,-3.60107,1.95312,-32.959,1
1041.75,-0.141602,-1.08838,0.981934,-2.50244,2.68555,-31.7993,1
1041.76,-0.0517578,-0.857422,0.950195,-2.80762,2.0752,-33.0811,1
1041.77,-0.124023,-0.986328,0.97998,-2.68555,2.38037,-32.1655,1
1041.78,-0.0410156,-0.875,0.96582,-1.70898,2.19727,-33.1421,1
1041.79,-0.144531,-1.09424,0.998047,-2.2583,1.83105,-33.02,1
1041.8,-0.100098,-0.897949,0.989746,1.09863,1.89209,-33.02,1
1041.81,-0.130859,-1.03174,1.01465,-2.19727,2.01416,-33.9966,1
1041.82,-0.0957031,-0.845703,0.92041,2.86865,0.854492,-32.8979,1
1041.83,-0.0561523,-0.969727,0.96875,-1.15967,1.52588,-34.5459,1
1041.84,-0.0356445,-0.991211,0.921875,3.35693,0.854492,-33.3252,1
1041.85,-0.0751953,-0.902344,1.01318,1.95312,1.70898,-34.729,1
1041.86,-0.0927734,-1.01709,0.991699,2.92969,0.793457,-33.7524,1
1041.87,-0.0869141,-0.900391,0.956543,3.23486,0.976562,-34.668,1
1041.88,-0.0561523,-0.865723,0.9375,2.68555,0.976562,-34.3628,1
1041.89,-0.0673828,-1.05762,0.939941,3.90625,1.52588,-34.668,1
1041.9,-0.0654297,-0.80957,0.931641,4.02832,0.915527,-34.729,1
1041.91,-0.104004,-0.98877,0.958984,3.17383,1.70898,-34.4849,1
1041.92,-0.133301,-0.913574,0.970703,2.68555,1.09863,-35.0952,1
1041.93,-0.0585938,-0.964355,0.939941,2.86865,1.83105,-34.4849,1
1041.94,-0.0522461,-0.814941,0.950195,4.02832,1.46484,-34.5459,1
1041.95,-0.0639648,-0.876953,0.84668,2.99072,0.976562,-34.3628,1
1041.96,-0.0717773,-0.96875,0.885742,4.88281,1.89209,-34.1187,1
1041.97,-0.0615234,-0.571289,0.805176,3.72314,2.38037,-34.6069,1
1041.98,-0.0791016,-1.06396,0.859863,1.70898,2.74658,-34.4238,1
1041.99,-0.119629,-0.841797,0.918457,6.46973,1.58691,-33.5083,1
1042,-0.0751953,-0.67627,0.911621,3.11279,2.86865,-34.8511,1
1042.01,-0.0546875,-0.94043,0.839355,4.27246,2.68555,-33.8135,1
1042.02,-0.112305,-0.72168,0.897461,4.39453,2.68555,-33.9355,1
1042.02,-0.0405273,-0.700195,0.934082,1.52588,2.19727,-34.79,1
1042.03,-0.0678711,-0.968262,0.929688,3.41797,2.56348,-33.1421,1
1042.04,-0.0405273,-0.726074,0.934082,3.96729,1.95312,-33.8135,1
1042.05,-0.0869141,-0.891602,0.942383,2.56348,1.89209,-33.3252,1
1042.06,-0.0170898,-0.843262,0.947266,2.74658,1.77002,-33.4473,1
1042.07,-0.0864258,-0.929688,1.06152,2.19727,1.77002,-32.5317,1
1042.08,-0.0942383,-0.673828,1.07422,3.90625,1.34277,-32.4707,1
1042.09,-0.0136719,-0.86377,0.967285,0.610352,1.09863,-33.3252,1
1042.1,0.0576172,-0.991699,0.897461,5.61523,0.12207,-31.7383,1
1042.11,-0.00927734,-0.744629,0.973145,2.19727,-0.183105,-32.7759,1
1042.12,0.0161133,-0.86084,1.01758,2.38037,-1.0376,-32.1045,1
1042.13,-0.0556641,-1.02783,0.994629,0.244141,-0.244141,-31.8604,1
1042.14,0.0185547,-0.871094,0.948242,3.66211,-1.58691,-31.1279,1
1042.15,0.0258789,-0.737793,0.990234,-2.01416,-1.15967,-32.8979,1
1042.16,0.194824,-1.16602,0.996094,-1.09863,-1.64795,-31.5552,1
1042.17,0.168945,-0.679199,1.00684,-0.732422,-1.95312,-31.5552,1
1042.18,0.136719,-1.08936,1.03369,-6.53076,-1.95312,-31.9824,1
1042.19,0.132812,-0.996582,0.967773,-0.854492,-2.19727,-30.1514,1
1042.2,0.0629883,-0.968262,1.01318,-6.71387,-1.09863,-31.6772,1
1042.21,0.081543,-0.962891,0.996582,-3.05176,-2.50244,-29.541,1
1042.22,-0.034668,-0.927246,1.10547,-5.12695,-1.46484,-31.1279,1
1042.23,0.120605,-1.03076,1.02295,-2.74658,-2.62451,-29.541,1
1042.24,0.111328,-0.803711,1.00342,-1.58691,-1.95312,-29.1748,1
1042.25,0.0952148,-1.26855,0.96875,-2.56348,-1.46484,-28.5645,1
1042.26,0.145996,-0.867188,0.989746,2.99072,-1.0376,-27.4048,1
1042.27,0.102539,-0.797852,0.938965,-1.77002,-0.549316,-28.0762,1
1042.28,0.132324,-1.23047,1.01172,2.31934,-0.366211,-25.9399,1
1042.29,0.078125,-0.726562,0.947754,3.41797,-0.183105,-26.3062,1
1042.3,0.13916,-0.827637,0.90625,3.23486,1.34277,-25.5737,1
1042.31,0.0708008,-0.994629,0.841309,4.02832,1.64795,-24.9634,1
1042.32,0.109375,-0.910645,0.831055,6.04248,1.58691,-24.231,1
1042.33,0.128906,-0.748535,0.876953,5.98145,1.77002,-23.5596,1
1042.34,0.185547,-0.854004,1.05762,6.04248,1.64795,-23.1323,1
1042.34,0.238281,-0.80127,0.95752,6.95801,1.95312,-21.9727,1
1042.35,0.219727,-0.90625,0.936035,7.20215,2.2583,-21.3013,1
1042.36,0.275391,-0.780762,0.875488,7.44629,1.28174,-20.9351,1
1042.37,0.375488,-0.719727,0.875488,5.85938,1.28174,-20.3247,1
1042.38,0.282715,-0.934082,1.02734,5.92041,1.46484,-19.104,1
1042.39,0.31543,-0.706543,0.987305,5.18799,0.488281,-19.3481,1
1042.4,0.333008,-0.957031,0.973145,2.62451,0.793457,-18.4326,1
1042.41,0.33252,-0.888672,0.978516,4.27246,-0.244141,-17.5781,1
1042.42,0.300293,-0.508301,0.998535,-0.183105,-0.793457,-17.7002,1
1042.43,0.275391,-0.885742,0.981445,-3.66211,-0.976562,-16.6626,1
1042.44,0.300781,-0.968262,1.05615,-2.74658,-1.52588,-15.564,1
1042.45,0.31543,-0.665039,1.05078,-3.41797,-2.01416,-15.4419,1
1042.46,0.348633,-0.952637,1.00488,-7.50732,-2.38037,-15.1978,1
1042.47,0.291016,-0.925293,0.980469,-5.12695,-3.35693,-13.6108,1
1042.48,0.133301,-0.906738,1.08789,-7.50732,-2.38037,-13.3667,1
1042.49,0.166992,-1.00928,1.09961,-5.79834,-2.50244,-12.207,1
1042.5,0.132324,-0.884766,0.996094,-5.98145,-2.01416,-11.7798,1
1042.51,0.247559,-1.06348,1.00439,-3.72314,-2.74658,-10.2539,1
1042.52,0.134277,-0.814941,1.05127,-2.31934,-2.13623,-10.2539,1
1042.53,0.155762,-1.0083,1.06738,-3.35693,-1.40381,-9.64355,1
1042.54,0.0170898,-1.09033,1.10596,1.46484,-1.52588,-7.32422,1
1042.55,0.102539,-0.751465,0.991699,0.671387,-1.0376,-7.8125,1
1042.56,0.23291,-1.05176,0.993164,0.732422,-1.28174,-5.7373,1
1042.57,0.259766,-0.887695,0.979004,4.27246,-1.09863,-4.39453,1
1042.58,0.238281,-0.854004,1.06641,1.40381,-0.793457,-4.39453,1
1042.59,0.26416,-0.93457,0.992676,4.82178,-0.549316,-2.62451,1
1042.6,0.295898,-0.745605,0.966309,3.479,-0.488281,-2.44141,1
1042.61,0.459473,-0.941895,0.90918,4.45557,-1.77002,-1.09863,1
1042.62,0.458984,-0.678711,0.979492,4.94385,-2.0752,-0.854492,1
1042.63,0.436523,-0.810059,0.995605,3.23486,-1.70898,0,1
1042.63,0.372559,-0.63916,0.894531,4.82178,-2.0752,0.793457,1
1042.64,0.364258,-0.714844,0.894043,3.17383,-1.64795,1.09863,1
1042.65,0.476074,-0.896973,0.873047,5.43213,-3.17383,2.44141,1
1042.66,0.559082,-0.528809,1.04248,5.18799,-3.23486,3.17383,1
1042.67,0.462402,-0.852051,1.08301,2.19727,-3.479,4.39453,1
1042.68,0.375488,-0.879883,0.977051,3.84521,-3.60107,5.61523,1
1042.69,0.34668,-0.621582,0.871582,2.86865,-3.05176,6.7749,1
1042.7,0.432617,-0.756348,0.9375,0.915527,-3.2959,7.20215,1
1042.71,0.524414,-0.807617,1.021,1.70898,-2.99072,8.42285,1
1042.72,0.47168,-0.658691,1.03613,2.2583,-1.58691,9.64355,1
1042.73,0.415039,-0.640625,1.01611,0.549316,-1.40381,10.1318,1
1042.74,0.370605,-0.712891,0.989746,0.854492,-0.610352,11.4746,1
1042.75,0.397949,-0.650391,0.983398,1.70898,0,12.2681,1
1042.76,0.469238,-0.562988,1.00781,1.77002,0.427246,12.207,1
1042.77,0.453613,-0.604492,1.00684,3.41797,1.28174,12.6343,1
1042.78,0.404785,-0.498047,0.933105,5.85938,1.77002,13.0005,1
1042.79,0.385254,-0.285645,0.871582,6.40869,1.40381,12.4512,1
1042.8,0.40625,-0.333008,0.915527,6.53076,1.40381,11.5967,1
1042.81,0.433594,-0.313965,0.984375,9.82666,1.2207,12.085,1
1042.82,0.391602,-0.158203,0.928711,11.4136,1.2207,11.5356,1
1042.83,0.379395,-0.182129,0.86084,12.5122,0.610352,10.9863,1
1042.84,0.353027,-0.145508,0.865234,14.7095,0.488281,10.3149,1
1042.85,0.27832,0.0766602,0.955078,15.686,0.305176,9.52148,1
1042.86,0.248047,0.0888672,0.998047,15.686,0,8.66699,1
1042.87,0.231445,0.0141602,0.931152,17.5171,0,8.91113,1
1042.88,0.21582,0.185059,0.825684,19.3481,0.0610352,8.8501,1
1042.89,0.152832,0.256836,0.806152,18.3716,-0.305176,8.54492,1
1042.9,0.0405273,0.103027,0.871582,18.9209,-0.0610352,8.60596,1
1042.91,-0.0488281,0.281738,0.937012,20.3247,0.793457,8.66699,1
1042.91,-0.0830078,0.371094,0.944824,18.7378,2.13623,7.99561,1
1042.92,-0.081543,0.208496,0.933105,17.7612,2.01416,7.93457,1
1042.93,-0.0512695,0.282715,0.940918,18.3105,3.35693,8.42285,1
1042.94,-0.0913086,0.350098,0.821289,16.1743,3.84521,8.36182,1
1042.95,-0.213867,0.313477,0.964844,14.2822,4.15039,8.17871,1
1042.96,-0.225098,0.311523,0.937012,12.6953,4.5166,8.11768,1
1042.97,-0.304199,0.319336,1.09863,12.5732,6.5918,8.42285,1
1042.98,-0.322266,0.543945,1.02197,10.6201,6.16455,7.93457,1
1042.99,-0.410645,0.393066,1.05225,6.5918,7.32422,6.95801,1
1043,-0.339844,0.205078,1.13525,6.71387,7.32422,7.50732,1
1043.01,-0.317383,0.418457,1.04248,5.24902,8.05664,7.14111,1
1043.02,-0.185059,0.410645,1.04736,0.915527,6.89697,6.46973,1
1043.03,-0.149902,0.1875,1.02881,-1.52588,6.5918,6.10352,1
1043.04,-0.103516,0.202148,1.07227,-0.915527,6.65283,6.5918,1
1043.05,-0.131836,0.474609,1.12158,-3.84521,6.10352,4.94385,1
1043.06,-0.0961914,0.189941,0.992188,-7.44629,5.5542,3.84521,1
1043.07,-0.143555,0.150879,0.970215,-5.5542,4.63867,4.5166,1
1043.08,-0.0820312,0.445312,1.11426,-7.14111,4.15039,3.35693,1
1043.09,-0.0219727,0.226562,1.17285,-9.21631,2.68555,2.44141,1
1043.1,-0.0249023,0.0800781,1.11816,-6.04248,2.31934,3.2959,1
1043.11,-0.0336914,0.361328,1.17383,-4.39453,1.34277,2.50244,1
1043.12,-0.0234375,0.238281,1.15186,-5.31006,0.976562,1.15967,1
1043.13,-0.0410156,0.0507812,1.146,-1.70898,0.427246,2.68555,1
1043.14,-0.0571289,0.425293,1.1709,0,-0.427246,2.50244,1
1043.15,-0.0292969,0.351562,1.20215,-0.671387,-0.549316,2.19727,1
1043.16,-0.0371094,0.0800781,1.14697,4.27246,-0.610352,3.96729,1
1043.17,-0.0263672,0.349121,0.99707,7.8125,-1.28174,4.57764,1
1043.18,-0.115723,0.317871,0.991699,8.30078,-0.915527,5.31006,1
1043.19,-0.13916,0.290039,0.990723,11.1694,-0.915527,7.14111,1
1043.2,-0.132324,0.547363,0.961914,11.4746,0.0610352,7.99561,1
1043.2,-0.145508,0.498535,1.00586,10.6201,0,9.70459,1
1043.21,-0.15918,0.34668,0.987793,10.437,-0.488281,11.4136,1
1043.22,-0.192383,0.441406,0.982422,10.5591,-0.183105,13.3057,1
1043.23,-0.225586,0.55957,0.954102,9.39941,0.366211,14.5264,1
1043.24,-0.131836,0.603027,0.896484,7.38525,0.427246,15.3809,1
1043.25,-0.0888672,0.671875,0.825195,6.04248,0.183105,17.2119,1
1043.26,-0.149902,0.608887,0.924316,3.60107,0,18.0054,1
1043.27,-0.152344,0.523926,0.915527,2.13623,-0.12207,19.3481,1
1043.28,-0.139648,0.66748,0.845215,0.671387,0.732422,20.4468,1
1043.29,-0.135742,0.669922,0.86084,-2.19727,0.671387,20.813,1
1043.3,-0.0893555,0.688477,0.861816,-3.05176,0.183105,22.1558,1
1043.31,-0.102539,0.682129,0.879883,-4.02832,1.0376,22.8271,1
1043.32,-0.113281,0.654297,0.92334,-3.84521,0.549316,23.6206,1
1043.33,-0.123047,0.716309,1.02539,-3.90625,0.427246,24.1699,1
1043.34,-0.16748,0.643066,1.02783,-3.17383,0.12207,24.9023,1
1043.35,-0.150879,0.78418,0.891602,-0.915527,-0.0610352,25.8179,1
1043.36,-0.101562,0.880371,0.928711,-0.183105,0.549316,26.2451,1
1043.37,-0.132812,0.794434,1.07324,1.28174,0.610352,26.8555,1
1043.38,-0.128906,0.789062,1.0918,3.17383,0,27.6489,1
1043.39,-0.125977,0.753906,1.08203,4.63867,0.671387,27.9541,1
1043.4,-0.131348,0.768555,1.04102,6.83594,0.427246,29.1748,1
1043.41,-0.0771484,1.00586,0.97998,6.5918,0.671387,28.9307,1
1043.42,-0.104492,0.884766,1.02637,5.61523,1.2207,29.2969,1
1043.43,-0.117188,0.829102,1.11865,7.01904,0.976562,30.7007,1
1043.44,-0.133789,0.970215,1.04004,6.34766,1.2207,30.5176,1
1043.45,-0.130371,0.774414,0.993652,4.63867,1.2207,30.5786,1
1043.46,-0.100586,0.765137,0.952148,5.24902,0.976562,31.7383,1
1043.47,-0.105469,1.01855,0.944336,3.23486,0.610352,31.3721,1
1043.48,-0.0654297,0.974121,0.990234,-0.0610352,0.854492,31.4331,1
1043.49,-0.0717773,0.900391,1.01611,-0.671387,0.549316,32.5928,1
1043.49,-0.0942383,0.914062,1.05908,-2.68555,0.427246,32.1045,1
1043.5,-0.0683594,0.869141,0.967285,-3.54004,0,32.4707,1
1043.51,-0.119141,0.910645,0.936523,-4.21143,0.305176,33.02,1
1043.52,-0.105469,0.918945,0.97168,-4.82178,0.488281,32.7759,1
1043.53,-0.123535,0.888672,0.95166,-4.88281,0.793457,33.02,1
1043.54,-0.106445,0.925781,0.99707,-4.45557,0.244141,33.0811,1
1043.55,-0.0961914,0.851074,0.966309,-4.21143,0.305176,32.959,1
1043.56,-0.131836,0.763184,0.905273,-2.31934,0.671387,33.4473,1
1043.57,-0.152832,1.03809,0.943848,-0.732422,0.549316,33.3252,1
1043.58,-0.0966797,0.865723,0.991699,-2.01416,1.70898,32.2266,1
1043.59,-0.107422,0.802734,0.949707,1.34277,1.70898,33.5083,1
1043.6,-0.107422,1.01855,0.906738,1.89209,2.38037,32.3486,1
1043.61,-0.0805664,0.890137,0.965332,2.0752,2.50244,31.9214,1
1043.62,-0.101074,0.699219,0.939941,5.24902,3.17383,32.8979,1
1043.63,-0.116699,1.06738,0.967773,5.24902,3.41797,32.2266,1
1043.64,-0.0571289,0.893066,0.961426,1.77002,3.54004,31.5552,1
1043.65,-0.0224609,0.802246,0.888672,3.41797,3.78418,32.2876,1
1043.66,-0.0429688,1.01562,0.90332,3.2959,4.02832,31.7993,1
1043.67,-0.0805664,0.848633,0.878418,2.2583,3.60107,31.4941,1
1043.68,-0.0366211,0.798828,0.923828,3.41797,3.05176,32.3486,1
1043.69,-0.0332031,0.979492,0.854492,2.19727,3.479,31.9824,1
1043.7,0.0634766,0.916992,0.865234,-0.732422,2.92969,31.4941,1
1043.71,0.0751953,0.824707,0.858887,-0.732422,3.05176,32.5317,1
1043.72,0.137695,0.973633,0.895508,-1.89209,2.80762,32.1045,1
1043.73,0.129395,0.907227,0.869141,-3.66211,2.38037,32.2876,1
1043.74,0.0410156,0.796875,0.922852,-4.5166,2.0752,32.4707,1
1043.75,0.0620117,0.842773,0.904785,-4.5166,1.46484,32.4707,1
1043.76,0.0512695,0.935059,0.825195,-5.67627,1.52588,32.3486,1
1043.77,0.133301,0.913574,0.868652,-5.43213,0.305176,32.8979,1
1043.78,0.0898438,1.03125,0.966309,-5.24902,0.488281,31.8604,1
1043.79,0.0820312,0.849609,1.02881,-4.69971,0.12207,32.0435,1
1043.8,0.0800781,0.771973,1.0127,-1.77002,-0.12207,32.7759,1
1043.8,0.167969,0.937988,0.907227,-0.183105,-0.671387,31.7383,1
1043.81,0.193848,0.907715,0.888672,1.28174,-0.427246,31.4331,1
1043.82,0.129883,0.947754,1.03662,3.60107,-0.488281,31.311,1
1043.83,0.123535,1.00977,1.104,4.02832,-0.549316,30.7617,1
1043.84,0.137207,0.808594,0.989258,5.12695,-0.12207,30.8838,1
1043.85,0.123047,0.999512,0.938477,6.95801,-0.488281,30.5786,1
1043.86,0.203125,0.855469,0.883789,4.39453,-0.183105,29.3579,1
1043.87,0.204102,0.836426,0.986816,6.89697,-0.915527,30.1514,1
1043.88,0.20752,1.02197,1.00928,5.24902,-0.305176,28.9307,1
1043.89,0.132324,0.897949,0.975586,3.90625,-0.244141,28.8696,1
1043.9,0.0859375,0.992676,0.980469,3.72314,0.12207,28.1372,1
1043.91,0.0688477,0.919434,0.925781,2.38037,0.244141,28.0151,1
1043.92,0.123535,0.821289,0.969727,2.19727,-0.366211,27.9541,1
1043.93,0.182129,0.98877,1.00977,1.0376,-0.12207,26.9165,1
1043.94,0.223145,0.957031,1.01123,-0.549316,0.12207,25.9399,1
1043.95,0.191406,0.883789,0.998535,0,1.15967,26.001,1
1043.96,0.0981445,0.982422,0.955078,-0.427246,1.0376,25.5127,1
1043.97,0.0839844,0.867188,0.964844,-1.52588,0.793457,25.1465,1
1043.98,0.182617,0.961426,0.961426,-1.2207,0.183105,24.9634,1
1043.99,0.200195,0.883301,1.03906,-1.89209,1.15967,24.1089,1
1044,0.228027,0.861816,1.0332,-0.732422,0.610352,23.8037,1
1044.01,0.196777,0.970215,0.959473,-0.793457,0.854492,23.6206,1
1044.02,0.18457,0.852051,0.871582,-1.46484,0.305176,23.3154,1
1044.03,0.205566,0.839844,0.916016,-0.427246,-0.610352,23.8037,1
1044.04,0.158203,0.777832,0.985352,-0.915527,-0.549316,23.0713,1
1044.05,0.197754,0.829102,1.01172,0.732422,-0.793457,23.1323,1
1044.06,0.280273,0.866699,0.978027,0.183105,-0.427246,22.2168,1
1044.07,0.266602,0.879883,0.942871,0.854492,-1.58691,22.3999,1
1044.08,0.240234,0.924316,0.990723,-0.915527,-1.83105,21.5454,1
1044.09,0.1875,0.743652,1.03467,-0.976562,-1.70898,21.7896,1
1044.1,0.258301,0.862793,1.01562,0.0610352,-1.58691,21.5454,1
1044.11,0.303223,0.851562,0.987305,-1.77002,-1.58691,20.0195,1
1044.12,0.308105,0.83252,1.03418,-1.70898,-2.56348,20.1416,1
1044.13,0.3125,0.92041,0.970703,-2.92969,-1.89209,19.4702,1
1044.14,0.357422,0.784668,0.978516,-3.78418,-2.2583,18.8599,1
1044.15,0.330566,0.761719,0.994141,-2.01416,-2.19727,18.6768,1
1044.16,0.29248,0.894043,1.02588,-1.77002,-1.89209,17.9443,1
1044.16,0.283691,0.79248,1.02979,-2.80762,-1.70898,17.2729,1
1044.17,0.382812,0.726074,1.03516,-1.89209,-1.77002,17.2729,1
1044.18,0.433105,0.81543,1.01025,-1.83105,-1.58691,16.4185,1
1044.19,0.421387,0.720215,0.95166,-1.95312,-1.40381,15.8691,1
1044.2,0.379883,0.723633,0.986816,-0.366211,-1.46484,15.8081,1
1044.21,0.350098,0.857422,1.03809,-0.915527,-1.09863,15.1367,1
1044.22,0.414551,0.748047,1.07715,-1.58691,-0.854492,15.2588,1
1044.23,0.414062,0.665527,1.06006,-1.0376,-0.549316,15.0757,1
1044.24,0.449219,0.686523,0.966309,-0.793457,-0.610352,15.0146,1
1044.25,0.372559,0.788086,0.885254,-1.77002,-0.366211,14.6484,1
1044.26,0.381836,0.680176,0.943359,-3.60107,-0.366211,14.6484,1
1044.27,0.424805,0.580078,1.03662,-2.92969,-0.244141,15.0757,1
1044.28,0.409668,0.713379,1.0293,-2.56348,0,14.6484,1
1044.29,0.373535,0.694336,0.90918,-2.80762,0.305176,14.5264,1
1044.3,0.355957,0.535156,0.87207,-3.11279,0.549316,14.4653,1
1044.31,0.400879,0.639648,0.899414,-2.99072,0.549316,14.8315,1
1044.32,0.486816,0.619629,0.963379,-4.57764,1.52588,14.5874,1
1044.33,0.471191,0.582031,0.945312,-3.78418,1.15967,15.0146,1
1044.34,0.404297,0.623535,0.905762,-3.84521,0.854492,14.6484,1
1044.35,0.425781,0.569336,1.00732,-4.21143,0.427246,14.8315,1
1044.36,0.473145,0.569336,0.961426,-4.88281,0.732422,15.7471,1
1044.37,0.504883,0.612305,0.931152,-5.79834,0.488281,15.9912,1
1044.38,0.460938,0.687988,1.00391,-6.7749,0.12207,15.4419,1
1044.39,0.426758,0.567383,1.00537,-6.16455,-0.12207,16.3574,1
1044.4,0.430176,0.537109,1.00928,-5.24902,-0.732422,16.9678,1
1044.41,0.610352,0.583008,0.931152,-5.7373,-1.34277,16.8457,1
1044.42,0.660156,0.523438,0.90918,-4.94385,-1.09863,17.6392,1
1044.43,0.513672,0.663574,0.95459,-4.94385,-1.28174,17.2119,1
1044.44,0.437012,0.60498,1.00586,-4.5166,-1.70898,17.5171,1
1044.45,0.417969,0.426758,1.00732,-2.2583,-1.28174,18.2495,1
1044.46,0.526855,0.584961,0.985352,-1.0376,-1.83105,18.7378,1
1044.46,0.589355,0.545898,0.991699,-2.86865,-1.89209,18.8599,1
1044.47,0.615234,0.487793,0.989746,-1.64795,-2.44141,19.4092,1
1044.48,0.490234,0.65625,0.992188,-0.976562,-1.83105,18.7988,1
1044.49,0.424316,0.691406,1.02686,-1.70898,-1.95312,18.1274,1
1044.5,0.466309,0.50293,0.979004,-1.52588,-1.95312,18.8599,1
1044.51,0.575195,0.599121,0.991699,-0.183105,-2.2583,19.5923,1
1044.52,0.60791,0.767578,1.04883,-1.77002,-1.83105,19.165,1
1044.53,0.589844,0.508789,1.02588,-1.89209,-1.77002,18.9209,1
1044.54,0.458496,0.529297,0.97168,0.0610352,-1.64795,18.9209,1
1044.55,0.450195,0.606934,0.976074,-0.0610352,-1.70898,18.6157,1
1044.56,0.521973,0.597656,1.02002,-0.183105,-1.0376,18.7988,1
1044.57,0.624512,0.631348,0.953613,-0.244141,-0.671387,18.4326,1
1044.58,0.567871,0.607422,0.976562,0.244141,-0.610352,18.1885,1
1044.59,0.464355,0.673828,1.07617,0.732422,-0.793457,18.0664,1
1044.6,0.440918,0.554199,1.0459,0.732422,-0.671387,18.5547,1
1044.61,0.526367,0.474121,0.938965,2.31934,-0.427246,18.7378,1
1044.62,0.618164,0.74707,0.970703,2.31934,-0.244141,18.0664,1
1044.63,0.508789,0.625977,0.972656,0.549316,0.305176,17.7002,1
1044.64,0.426758,0.431152,0.912598,1.77002,-0.427246,18.3716,1
1044.65,0.42334,0.6875,1.03906,1.89209,-0.366211,17.9443,1
1044.66,0.492188,0.521973,1.02979,0.183105,-0.183105,17.7002,1
1044.67,0.528809,0.475098,0.905762,2.0752,-0.244141,17.8833,1
1044.68,0.466309,0.782227,0.862793,0.976562,0,17.0898,1
1044.69,0.45166,0.523438,0.916992,-1.83105,0.366211,16.7236,1
1044.7,0.46875,0.452148,1.00879,-0.0610352,0.488281,17.0898,1
1044.71,0.497559,0.716797,1.02197,-1.09863,0.488281,16.2964,1
1044.72,0.520996,0.501465,0.941895,-2.50244,-0.12207,15.8691,1
1044.73,0.494629,0.489258,0.928711,-1.34277,-0.366211,15.564,1
1044.74,0.446289,0.666504,0.98291,-2.80762,0.0610352,14.7095,1
1044.75,0.46875,0.45752,1.02197,-3.60107,0.244141,14.1602,1
1044.75,0.433594,0.449219,0.994629,-2.19727,0,13.5498,1
1044.76,0.379395,0.663086,1.06201,-2.74658,0,12.207,1
1044.77,0.274414,0.481934,1.00146,-4.45557,0.12207,11.6577,1
1044.78,0.124512,0.378418,1.06104,-2.99072,0,11.0474,1
1044.79,0.0644531,0.589355,0.99707,-3.90625,0.244141,9.52148,1
1044.8,-0.0258789,0.431641,0.915527,-4.94385,1.77002,8.8501,1
1044.81,-0.0688477,0.34082,0.955566,-4.27246,2.13623,7.62939,1
1044.82,-0.00146484,0.417969,1.07275,-5.31006,2.68555,5.67627,1
1044.83,0.0288086,0.363281,1.01855,-5.92041,3.84521,5.12695,1
1044.84,0.012207,0.282227,0.949219,-7.01904,3.96729,3.90625,1
1044.85,-0.0356445,0.279297,1.00391,-7.20215,4.21143,2.44141,1
1044.86,-0.144531,0.28418,0.969727,-8.23975,5.98145,0.793457,1
1044.87,-0.280273,0.171875,0.954102,-8.8501,6.53076,0.366211,1
1044.88,-0.40625,0.0878906,0.972656,-9.46045,6.40869,-0.793457,1
1044.89,-0.400879,0.140137,0.949707,-9.46045,6.34766,-1.58691,1
1044.9,-0.343262,0.081543,0.98877,-10.498,7.08008,-2.56348,1
1044.91,-0.349121,-0.00585938,0.947754,-10.3149,6.7749,-2.80762,1
1044.92,-0.313965,0.059082,0.829102,-10.2539,7.50732,-2.80762,1
1044.93,-0.413086,-0.03125,0.875977,-11.3525,7.50732,-3.90625,1
1044.94,-0.342285,-0.296387,0.890137,-10.1929,6.65283,-4.3335,1
1044.95,-0.425293,-0.168945,0.912109,-7.14111,6.16455,-3.84521,1
1044.96,-0.444336,0.0952148,0.874023,-8.97217,5.98145,-5.5542,1
1044.97,-0.398438,-0.0961914,0.855469,-10.0098,6.5918,-5.98145,1
1044.98,-0.347168,-0.210938,0.928223,-8.54492,5.98145,-6.04248,1
1044.99,-0.36377,-0.136719,0.931641,-7.26318,5.18799,-6.40869,1
1045,-0.407715,-0.131836,0.994629,-6.95801,4.69971,-6.71387,1
1045.01,-0.39502,-0.169922,1.0332,-6.5918,5.06592,-6.7749,1
1045.02,-0.366699,-0.169434,1.06543,-6.83594,4.5166,-7.32422,1
1045.03,-0.376465,-0.330078,1.09277,-6.10352,4.21143,-7.38525,1
1045.04,-0.391113,-0.208008,1.04248,-4.45557,4.15039,-7.01904,1
1045.05,-0.356934,-0.120117,0.958984,-5.67627,4.02832,-7.87354,1
1045.05,-0.384277,-0.34082,1.00684,-5.06592,4.08936,-7.87354,1
1045.06,-0.373535,-0.205078,1.06348,-2.99072,3.23486,-7.69043,1
1045.07,-0.405762,-0.271973,1.04443,-3.23486,4.5166,-8.72803,1
1045.08,-0.462891,-0.43457,1.00586,-0.671387,3.96729,-7.99561,1
1045.09,-0.384277,-0.208984,0.934082,0,3.35693,-8.11768,1
1045.1,-0.369629,-0.287109,0.964844,-1.64795,2.99072,-9.09424,1
1045.11,-0.400391,-0.308105,0.970215,-0.12207,2.44141,-7.62939,1
1045.12,-0.435059,-0.117188,0.982422,-1.77002,2.99072,-9.09424,1
1045.13,-0.410156,-0.399414,1.03271,-2.2583,2.74658,-9.33838,1
1045.14,-0.368164,-0.40332,1.0249,1.34277,2.2583,-8.11768,1
1045.15,-0.373047,-0.188965,0.987305,0.732422,1.70898,-9.21631,1
1045.16,-0.390137,-0.308105,0.977051,-1.46484,0.976562,-9.76562,1
1045.17,-0.394043,-0.32666,0.98291,-1.28174,0.610352,-8.72803,1
1045.18,-0.400879,-0.294434,1.03467,-2.99072,0.549316,-9.94873,1
1045.19,-0.370605,-0.318359,1.07031,-3.11279,0.427246,-9.76562,1
1045.2,-0.383789,-0.356445,1.10547,-3.60107,0.671387,-10.0708,1
1045.21,-0.398438,-0.42627,1.10107,-3.54004,0.854492,-10.0708,1
1045.22,-0.380371,-0.308105,1.11328,-3.60107,0.549316,-9.82666,1
1045.23,-0.378418,-0.421387,1.10156,-4.5166,1.2207,-10.498,1
1045.24,-0.387695,-0.327148,1.03955,-3.72314,0.854492,-9.8877,1
1045.25,-0.370605,-0.246582,1.00488,-6.04248,0.854492,-11.3525,1
1045.26,-0.333984,-0.544434,0.985352,-5.31006,0.366211,-10.6812,1
1045.27,-0.362305,-0.419922,1.00732,-3.11279,-0.0610352,-10.5591,1
1045.28,-0.405273,-0.376953,0.885254,-2.68555,0.427246,-11.4746,1
1045.29,-0.366699,-0.478027,0.933105,-1.83105,0.549316,-11.7798,1
1045.3,-0.345215,-0.320312,0.938965,-1.15967,0,-11.7188,1
1045.31,-0.304199,-0.495605,0.921387,-2.38037,0.854492,-12.5732,1
1045.32,-0.407715,-0.611816,0.92627,0.549316,0.244141,-11.8408,1
1045.33,-0.380859,-0.324707,0.963379,0.671387,0.915527,-12.8784,1
1045.34,-0.342285,-0.546387,0.996094,-0.183105,1.52588,-13.1836,1
1045.35,-0.294922,-0.463379,1.00732,1.64795,1.15967,-12.3291,1
1045.36,-0.325684,-0.303223,0.947266,-0.671387,1.52588,-13.7329,1
1045.37,-0.393555,-0.598633,0.919434,-1.2207,1.46484,-13.4277,1
1045.38,-0.405762,-0.513672,0.898438,0.671387,1.40381,-13.1836,1
1045.39,-0.375488,-0.364746,0.987793,-1.34277,1.89209,-14.9536,1
1045.4,-0.30127,-0.604004,1.00293,-2.01416,2.0752,-14.8926,1
1045.41,-0.306641,-0.500977,0.919434,-0.793457,1.52588,-14.2822,1
1045.41,-0.348145,-0.260742,0.844727,-3.35693,1.64795,-15.686,1
1045.42,-0.340332,-0.525879,0.885742,-5.24902,1.89209,-16.0522,1
1045.43,-0.306152,-0.631348,0.989258,-2.74658,1.64795,-15.5029,1
1045.44,-0.217285,-0.422852,0.924805,-2.01416,1.77002,-16.5405,1
1045.45,-0.26416,-0.561035,0.811035,-1.46484,1.64795,-16.7847,1
1045.46,-0.29541,-0.605957,0.860352,0.671387,0.732422,-16.6016,1
1045.47,-0.335449,-0.451172,0.842285,1.64795,1.09863,-16.9067,1
1045.48,-0.32373,-0.583496,0.920898,1.77002,1.77002,-17.8223,1
1045.49,-0.27002,-0.670898,1.04395,3.479,1.15967,-17.334,1
1045.5,-0.270996,-0.510742,0.992188,3.90625,1.2207,-17.2119,1
1045.51,-0.299316,-0.648926,0.947754,2.19727,1.34277,-18.1885,1
1045.52,-0.305664,-0.763672,0.962891,2.86865,0.915527,-17.9443,1
1045.53,-0.259766,-0.625,1.0625,1.77002,1.52588,-18.1274,1
1045.54,-0.299805,-0.541016,1.07812,-0.427246,1.0376,-18.8599,1
1045.55,-0.240234,-0.487305,1.04004,-3.05176,0.366211,-19.2871,1
1045.56,-0.28418,-0.572754,1.00879,-5.24902,0.732422,-19.4092,1
1045.57,-0.29248,-0.675293,1.0083,-6.16455,0.183105,-19.4092,1
1045.58,-0.256836,-0.643555,1,-6.83594,0,-19.8975,1
1045.59,-0.274414,-0.710938,1.06055,-7.26318,-0.488281,-20.5078,1
1045.6,-0.219238,-0.663086,1.04883,-6.40869,-1.34277,-20.4468,1
1045.61,-0.211914,-0.605469,1.02002,-6.83594,-0.976562,-21.5454,1
1045.62,-0.187988,-0.70752,0.951172,-5.92041,-1.09863,-21.4844,1
1045.63,-0.217773,-0.597656,0.891113,-4.94385,-1.70898,-21.4233,1
1045.64,-0.246582,-0.755859,0.957031,-4.69971,-2.01416,-22.3389,1
1045.65,-0.214844,-0.853027,1.0708,-1.34277,-2.2583,-21.7285,1
1045.66,-0.187988,-0.650879,1.04492,0.732422,-2.2583,-21.7896,1
1045.67,-0.124023,-0.734863,0.984375,0.0610352,-2.38037,-22.8882,1
1045.68,-0.14502,-0.698242,0.943359,2.0752,-3.11279,-21.5454,1
1045.69,-0.174316,-0.72998,0.949707,0.976562,-2.62451,-22.7051,1
1045.7,-0.15332,-0.874512,1.01562,2.2583,-2.80762,-22.0947,1
1045.71,-0.171387,-0.703613,1.09375,3.66211,-2.13623,-21.1182,1
1045.71,-0.115234,-0.634766,1.02393,1.58691,-1.95312,-22.583,1
1045.72,-0.133789,-0.818848,0.910645,2.13623,-1.34277,-21.1792,1
1045.73,-0.155762,-0.739746,0.928223,2.01416,-0.732422,-20.6909,1
1045.74,-0.125,-0.69043,0.951172,-0.244141,-0.610352,-21.5454,1
1045.75,-0.106934,-0.808105,1.07861,0,0.549316,-20.9961,1
1045.76,-0.14209,-0.715332,1.06299,0.305176,0.366211,-20.6299,1
1045.77,-0.138184,-0.727051,0.934082,-0.915527,0.366211,-21.3013,1
1045.78,-0.146484,-0.723145,0.885742,-0.915527,0.366211,-20.3247,1
1045.79,-0.16748,-0.640625,0.958496,-1.95312,0.549316,-21.2402,1
1045.8,-0.163574,-0.668457,1.02051,-2.0752,0.915527,-21.4844,1
1045.81,-0.11377,-0.822754,0.959961,-1.46484,0.976562,-20.9961,1
1045.82,-0.146484,-0.76416,0.992676,-0.366211,0.488281,-20.3857,1
1045.83,-0.111328,-0.641113,1.04883,-1.2207,0.793457,-20.9961,1
1045.84,-0.130371,-0.736816,0.951172,-2.01416,1.46484,-21.4844,1
1045.85,-0.134277,-0.841309,0.947266,-0.671387,1.15967,-20.874,1
1045.86,-0.154785,-0.735352,0.970703,-0.549316,1.28174,-21.4233,1
1045.87,-0.131348,-0.62793,0.986328,-1.40381,1.09863,-21.9116,1
1045.88,-0.158203,-0.765625,0.956543,-2.38037,1.2207,-22.3999,1
1045.89,-0.164551,-0.757324,0.942871,-0.549316,0.0610352,-21.5454,1
1045.9,-0.140625,-0.681641,0.869629,-0.671387,0.183105,-22.7051,1
1045.91,-0.157227,-0.836426,0.919922,-0.12207,0.915527,-22.9492,1
1045.92,-0.155762,-0.688477,0.953613,1.40381,0.366211,-22.4609,1
1045.93,-0.188477,-0.79248,1.01367,0.244141,1.0376,-23.5596,1
1045.94,-0.144531,-0.8125,0.977539,1.34277,0.366211,-22.644,1
1045.95,-0.127441,-0.743164,0.973633,0,1.64795,-23.8647,1
1045.96,-0.149902,-0.846191,0.921875,0.0610352,1.58691,-23.4985,1
1045.97,-0.162598,-0.730469,0.868652,0.549316,1.52588,-23.2544,1
1045.98,-0.187012,-0.645996,0.895508,-0.610352,1.77002,-24.231,1
1045.99,-0.149902,-0.736328,0.925781,-0.549316,2.01416,-24.1089,1
1046,-0.165527,-0.736328,0.908203,0.305176,2.19727,-23.8647,1
1046,-0.181152,-0.751953,0.915039,-0.366211,1.77002,-24.7192,1
1046.01,-0.195312,-0.782715,0.933105,0.915527,2.31934,-24.1089,1
1046.02,-0.174805,-0.711426,0.922852,0.671387,2.56348,-24.4751,1
1046.03,-0.0864258,-0.769531,0.910156,1.09863,2.19727,-24.4751,1
1046.04,-0.0825195,-0.672363,0.919434,1.95312,2.68555,-24.292,1
1046.05,-0.105469,-0.771484,0.929199,1.89209,2.44141,-24.5361,1
1046.06,-0.133789,-0.725098,0.866699,3.60107,2.31934,-23.6206,1
1046.07,-0.0913086,-0.679199,0.847168,3.479,2.92969,-24.1699,1
1046.08,-0.105469,-0.723145,0.826172,4.69971,2.80762,-23.5596,1
1046.09,-0.103516,-0.619629,0.838867,4.69971,2.19727,-23.8647,1
1046.1,-0.104492,-0.71875,0.819824,5.24902,2.2583,-23.7427,1
1046.11,-0.126953,-0.693359,0.846191,5.98145,2.13623,-23.7427,1
1046.12,-0.123047,-0.710938,0.835938,5.43213,2.38037,-24.353,1
1046.13,-0.119141,-0.705078,0.833984,5.49316,2.2583,-23.6206,1
1046.14,-0.126953,-0.735352,0.897949,4.21143,2.01416,-23.9258,1
1046.15,-0.136719,-0.737793,0.907715,3.60107,2.19727,-23.8647,1
1046.16,-0.175293,-0.682129,0.875977,2.62451,2.74658,-23.2544,1
1046.17,-0.209473,-0.744629,0.896973,0.488281,2.56348,-24.0479,1
1046.18,-0.156738,-0.765137,0.873535,0.671387,2.86865,-23.2544,1
1046.19,-0.174316,-0.665527,0.887695,-0.0610352,4.21143,-23.5596,1
1046.2,-0.220215,-0.785156,0.900879,-1.89209,3.72314,-24.5972,1
1046.21,-0.192383,-0.757812,0.794434,-1.52588,3.84521,-23.4375,1
1046.22,-0.200684,-0.708496,0.817383,-3.479,4.3335,-24.5972,1
1046.23,-0.175293,-0.814941,0.898438,-3.60107,3.66211,-25.1465,1
1046.24,-0.184082,-0.710938,0.85498,-2.86865,4.3335,-24.8413,1
1046.25,-0.18457,-0.651855,0.86084,-3.96729,4.21143,-25.2686,1
1046.26,-0.151367,-0.822266,0.842285,-5.00488,3.84521,-26.3672,1
1046.27,-0.147461,-0.904297,0.845215,-2.44141,3.60107,-25.3906,1
1046.28,-0.218262,-0.68457,0.920898,-2.44141,3.05176,-26.5503,1
1046.29,-0.200684,-0.714844,0.867676,-3.23486,3.84521,-27.1606,1
1046.3,-0.219238,-0.869141,0.831055,-2.01416,4.21143,-27.0386,1
1046.3,-0.190918,-0.858398,0.904785,-1.89209,2.44141,-27.8931,1
1046.31,-0.114746,-0.844238,0.913574,-2.01416,2.44141,-28.3203,1
1046.32,-0.155273,-0.841309,0.941406,-0.183105,3.17383,-27.4658,1
1046.33,-0.220215,-0.744141,0.955566,0,2.74658,-28.2593,1
1046.34,-0.197754,-0.835449,0.871094,-0.976562,2.92969,-29.2358,1
1046.35,-0.225586,-0.975098,0.919922,0.854492,2.92969,-28.3203,1
1046.36,-0.189941,-0.78125,0.924805,0.915527,2.13623,-28.6865,1
1046.37,-0.208984,-0.794434,0.901855,0.244141,3.11279,-29.8462,1
1046.38,-0.289062,-0.884277,0.936035,1.70898,3.05176,-29.541,1
1046.39,-0.298828,-0.74707,0.875488,2.62451,2.62451,-29.2969,1
1046.4,-0.248535,-0.86377,0.914062,2.19727,3.11279,-29.9072,1
1046.41,-0.228027,-0.852051,0.986816,3.2959,2.44141,-29.3579,1
1046.42,-0.241211,-0.896973,1.00977,2.92969,3.23486,-30.5176,1
1046.43,-0.261719,-0.813477,0.921875,4.88281,2.68555,-29.4189,1
1046.44,-0.29248,-0.701172,0.823242,3.90625,3.17383,-29.8462,1
1046.45,-0.300293,-0.844727,0.902344,2.62451,2.86865,-30.5786,1
1046.46,-0.302246,-0.913086,0.988281,3.05176,3.05176,-29.9683,1
1046.47,-0.317383,-0.86084,0.996094,3.84521,3.60107,-29.9072,1
1046.48,-0.317871,-0.78125,0.936035,4.3335,3.60107,-30.0293,1
1046.49,-0.341309,-0.801758,0.928711,3.23486,3.41797,-30.9448,1
1046.5,-0.29834,-0.779297,0.905762,2.99072,2.31934,-30.7007,1
1046.51,-0.31543,-0.865234,0.958008,2.31934,2.99072,-30.8228,1
1046.52,-0.380859,-0.931152,1.0791,2.62451,2.31934,-30.7617,1
1046.53,-0.297852,-0.78418,1.01416,1.77002,2.19727,-31.3721,1
1046.54,-0.290039,-0.891113,0.964844,1.95312,2.92969,-31.25,1
1046.55,-0.347656,-0.961426,1.02295,2.0752,1.46484,-31.311,1
1046.56,-0.314941,-0.833008,1.02002,1.09863,1.28174,-31.9824,1
1046.57,-0.289551,-0.870117,0.966797,1.77002,2.80762,-31.3721,1
1046.58,-0.303711,-0.928711,0.987793,2.0752,2.0752,-31.6772,1
1046.58,-0.302246,-0.725586,0.949707,2.86865,0.549316,-32.4097,1
1046.59,-0.297363,-0.90918,0.950684,2.44141,1.46484,-32.5317,1
1046.6,-0.32959,-0.846191,0.961914,4.82178,0.244141,-31.8604,1
1046.61,-0.263184,-0.733398,0.963867,2.44141,0.793457,-33.5693,1
1046.62,-0.213379,-1.20654,0.9375,5.98145,0.244141,-31.9214,1
1046.63,-0.270508,-0.747559,0.913086,9.82666,-0.366211,-31.4941,1
1046.64,-0.293945,-0.757324,0.919922,6.83594,-0.244141,-33.02,1
1046.65,-0.271973,-0.920898,0.947754,9.21631,0,-31.6772,1
1046.66,-0.279297,-0.708496,0.938965,8.97217,0.793457,-32.5317,1
1046.67,-0.26709,-0.911621,0.91748,8.05664,0.244141,-32.0435,1
1046.68,-0.265137,-0.903809,0.894043,9.64355,0.488281,-30.9448,1
1046.69,-0.27832,-0.739258,0.920898,8.30078,1.64795,-31.7993,1
1046.7,-0.255371,-0.900879,0.936035,7.62939,1.83105,-31.25,1
1046.71,-0.268555,-0.855469,0.901367,8.66699,2.19727,-30.2124,1
1046.72,-0.302734,-0.656738,0.889648,6.04248,2.86865,-31.0669,1
1046.73,-0.225586,-0.89502,0.985352,3.35693,3.17383,-31.311,1
1046.74,-0.223633,-0.841797,0.982422,4.45557,3.05176,-29.541,1
1046.75,-0.208496,-0.629883,0.902344,1.40381,3.78418,-30.3955,1
1046.76,-0.276367,-0.989258,0.873535,0,4.3335,-29.6631,1
1046.77,-0.291016,-0.900391,0.985352,2.13623,3.90625,-28.9917,1
1046.78,-0.237793,-0.558105,0.973145,-0.183105,4.08936,-29.8462,1
1046.79,-0.205566,-0.98877,0.940918,-1.77002,4.27246,-29.2358,1
1046.8,-0.184082,-0.879883,0.977051,2.13623,3.54004,-28.2593,1
1046.81,-0.223145,-0.585938,0.902344,0.854492,4.82178,-29.2969,1
1046.82,-0.213379,-0.936035,0.891113,2.44141,4.08936,-28.2593,1
1046.83,-0.220703,-0.723633,0.877441,6.28662,3.96729,-27.832,1
1046.84,-0.219727,-0.646484,0.874023,5.61523,3.66211,-28.8696,1
1046.85,-0.220703,-0.876465,0.851562,6.65283,3.11279,-28.2593,1
1046.86,-0.228516,-0.776367,0.905762,8.78906,2.38037,-27.5879,1
1046.87,-0.279785,-0.649902,0.929199,7.75146,2.38037,-28.6255,1
1046.87,-0.235352,-0.83252,0.893555,8.66699,1.83105,-28.0151,1
1046.88,-0.148438,-0.679688,0.858887,9.46045,1.46484,-27.5879,1
1046.89,-0.115723,-0.705566,0.879883,6.53076,0.854492,-29.1748,1
1046.9,-0.119141,-0.763672,0.858398,6.34766,0.244141,-27.8931,1
1046.91,-0.203125,-0.714355,0.892578,5.43213,0.244141,-27.5269,1
1046.92,-0.19873,-0.57959,0.937012,2.62451,-0.732422,-27.9541,1
1046.93,-0.208496,-0.868652,0.883789,0.488281,-0.0610352,-27.2827,1
1046.94,-0.237793,-0.92041,0.951172,1.0376,0,-26.3672,1
1046.95,-0.210938,-0.777344,1.00586,-1.70898,-0.610352,-27.5269,1
1046.96,-0.185059,-0.943359,1.01318,-3.35693,0.12207,-26.8555,1
1046.97,-0.157715,-0.774414,1.09521,-3.11279,-0.671387,-26.2451,1
1046.98,-0.162109,-0.851074,1.06201,-5.00488,0.366211,-26.062,1
1046.99,-0.123535,-0.84668,0.966797,-3.78418,-0.183105,-25.0244,1
1047,-0.165039,-0.840332,0.927246,-5.18799,0.732422,-25.5127,1
1047.01,-0.176758,-0.947754,0.928711,-3.54004,0.305176,-24.0479,1
1047.02,-0.208008,-0.804199,1.00049,-4.5166,0.793457,-24.9023,1
1047.03,-0.196777,-1.01025,1.02002,-4.02832,1.46484,-24.8413,1
1047.04,-0.160156,-0.880371,0.961914,-2.80762,1.52588,-24.0479,1
1047.05,-0.166016,-0.904785,0.955078,-3.54004,1.58691,-24.6582,1
1047.06,-0.187012,-0.930176,0.998047,-1.64795,1.0376,-23.5596,1
1047.07,-0.119141,-0.770996,0.972656,-1.09863,2.19727,-23.8647,1
1047.08,-0.172363,-0.819824,0.94043,-1.0376,3.05176,-24.1089,1
1047.09,-0.174805,-0.946777,0.964844,-1.28174,2.01416,-24.1089,1
1047.1,-0.156738,-0.840332,0.919922,-0.366211,1.64795,-23.2544,1
1047.11,-0.175293,-0.966309,0.959473,-1.40381,2.44141,-24.5361,1
1047.12,-0.13623,-1.01855,0.929199,0.427246,2.50244,-23.8647,1
1047.13,-0.203613,-0.768555,0.943359,0.183105,2.80762,-24.5972,1
1047.14,-0.219727,-0.997559,1.02197,-0.488281,2.86865,-24.7803,1
1047.15,-0.206543,-0.868164,1.06543,1.58691,1.83105,-24.5361,1
1047.16,-0.139648,-0.888184,1.00439,0.976562,2.86865,-25.0244,1
1047.17,-0.154297,-1.06348,0.98877,3.23486,2.13623,-24.5361,1
1047.18,-0.182129,-0.876953,0.96875,4.27246,2.01416,-25.0244,1
1047.19,-0.202148,-0.822266,0.919922,4.21143,2.44141,-25.3906,1
1047.19,-0.226074,-0.825195,0.953613,4.3335,1.46484,-25.8179,1
1047.2,-0.162598,-0.800781,0.867188,3.84521,1.52588,-26.6113,1
1047.21,-0.146484,-0.915039,0.827637,5.61523,1.40381,-25.9399,1
1047.22,-0.271973,-0.787109,0.904297,5.31006,0.610352,-27.5879,1
1047.23,-0.225586,-0.811035,0.90332,4.82178,0.305176,-27.6489,1
1047.24,-0.217773,-0.802734,0.908691,4.94385,0.732422,-27.832,1
1047.25,-0.210449,-0.791016,0.851562,3.479,-0.671387,-28.9917,1
1047.26,-0.183594,-0.797363,0.839844,2.68555,-0.12207,-29.2358,1
1047.27,-0.219727,-0.714355,0.949219,1.89209,-0.244141,-29.2969,1
1047.28,-0.221191,-0.799316,0.89502,-0.854492,-0.244141,-30.4565,1
1047.29,-0.219238,-0.770508,0.952148,-0.0610352,-0.732422,-29.1138,1
1047.3,-0.265137,-0.77002,0.972656,-3.72314,-0.366211,-31.0669,1
1047.31,-0.23584,-1.06445,0.990234,-2.99072,-0.12207,-30.1514,1
1047.32,-0.216309,-0.760254,1.0127,-2.31934,0.366211,-29.9072,1
1047.33,-0.18457,-0.883301,1.05908,-5.61523,0.732422,-31.25,1
1047.34,-0.185547,-1.00391,1.04639,-2.56348,0.305176,-29.541,1
1047.35,-0.23584,-0.762207,1.02393,-2.01416,1.58691,-30.0293,1
1047.36,-0.246094,-0.878906,1.0293,-2.31934,1.34277,-30.0903,1
1047.37,-0.218262,-0.929688,1.03857,-0.427246,1.34277,-29.7241,1
1047.38,-0.188965,-0.881836,0.955078,0.305176,1.83105,-29.9072,1
1047.39,-0.219238,-0.943848,0.996582,2.19727,1.95312,-29.6021,1
1047.4,-0.206055,-0.811523,0.948242,3.17383,1.52588,-29.9683,1
1047.41,-0.219238,-0.894531,0.935547,4.15039,1.70898,-29.9683,1
1047.42,-0.234863,-0.844727,0.927246,5.92041,1.0376,-29.7241,1
1047.43,-0.227051,-0.884277,0.947754,6.53076,1.34277,-30.5786,1
1047.44,-0.228516,-0.850586,0.923828,8.78906,1.95312,-29.8462,1
1047.45,-0.226074,-0.751953,0.899902,7.87354,1.64795,-30.7617,1
1047.46,-0.246582,-0.845215,0.909668,6.65283,0.732422,-31.4331,1
1047.47,-0.209473,-0.745117,0.842773,6.71387,0.854492,-30.6396,1
1047.48,-0.223633,-0.716797,0.864258,4.69971,1.89209,-31.3721,1
1047.49,-0.248535,-0.814941,0.910156,3.41797,0.732422,-31.7383,1
1047.5,-0.220215,-0.780762,0.878418,2.38037,1.15967,-31.7993,1
1047.51,-0.255371,-0.866211,0.953125,1.0376,1.70898,-31.6772,1
1047.52,-0.253906,-0.879395,1.01514,0.427246,1.46484,-31.6162,1
1047.53,-0.217285,-0.773438,0.960449,-0.549316,2.50244,-31.9824,1
1047.54,-0.213379,-0.757812,0.92627,-2.68555,2.80762,-32.6538,1
1047.54,-0.263184,-0.88916,0.972168,-3.479,1.40381,-32.6538,1
1047.55,-0.234375,-0.821289,1.01123,-3.17383,1.77002,-32.1045,1
1047.56,-0.262207,-0.847168,1.05811,-3.66211,2.44141,-32.7148,1
1047.57,-0.235352,-0.916992,0.978516,-2.86865,2.50244,-32.4707,1
1047.58,-0.243164,-0.876465,1.00586,-1.46484,2.50244,-32.2876,1
1047.59,-0.24707,-0.862793,0.991699,-1.28174,2.01416,-32.8369,1
1047.6,-0.217773,-0.895996,1.02441,-0.305176,2.13623,-32.8369,1
1047.61,-0.194824,-0.918457,0.98877,1.0376,2.31934,-32.6538,1
1047.62,-0.219238,-0.866699,0.914062,2.86865,2.44141,-32.2876,1
1047.63,-0.262695,-0.81543,0.993652,3.11279,1.83105,-33.2642,1
1047.64,-0.230469,-0.867676,0.962402,4.3335,2.0752,-32.8369,1
1047.65,-0.246582,-0.831543,0.959961,5.18799,1.77002,-32.8369,1
1047.66,-0.234375,-0.825684,0.935059,4.88281,1.09863,-33.9355,1
1047.67,-0.208496,-0.866699,0.891113,5.49316,1.15967,-33.5693,1
1047.68,-0.24707,-0.792969,0.923828,6.5918,0.427246,-33.5083,1
1047.69,-0.223145,-0.700195,0.855957,6.65283,-0.0610352,-33.9355,1
1047.7,-0.224609,-0.852051,0.844727,6.22559,0.305176,-34.668,1
1047.71,-0.247559,-0.733398,0.810547,7.14111,-0.488281,-33.9966,1
1047.72,-0.27832,-0.916992,0.905762,5.06592,0.12207,-35.2783,1
1047.73,-0.230469,-0.746582,0.942871,6.16455,-0.854492,-34.5459,1
1047.74,-0.19043,-0.576172,0.894531,2.80762,0.0610352,-35.5835,1
1047.75,-0.219238,-1.03467,0.896484,2.19727,0.0610352,-34.4238,1
1047.76,-0.26123,-0.875977,0.936035,4.39453,-0.0610352,-33.9966,1
1047.77,-0.236816,-0.671387,0.933105,2.13623,1.64795,-34.9731,1
1047.78,-0.179688,-0.820801,0.941406,1.46484,1.77002,-33.4473,1
1047.79,-0.239258,-0.835938,0.984863,0.244141,1.46484,-33.9966,1
1047.8,-0.237793,-0.866211,0.90332,-0.427246,1.95312,-33.4473,1
1047.81,-0.206543,-0.839844,0.958984,-0.427246,4.15039,-32.959,1
1047.82,-0.246094,-0.833496,0.967773,-0.976562,3.66211,-33.02,1
1047.83,-0.227539,-0.901367,0.987305,-0.976562,3.72314,-32.7759,1
1047.83,-0.244141,-0.727539,0.979492,-0.732422,4.21143,-32.2876,1
1047.84,-0.250488,-0.775391,0.974609,-2.44141,4.88281,-32.5928,1
1047.85,-0.246094,-0.963379,0.962891,-1.52588,4.69971,-32.3486,1
1047.86,-0.235352,-0.84668,0.964355,-0.427246,5.06592,-31.7993,1
1047.87,-0.23291,-0.775879,1.00928,-0.793457,5.49316,-32.5928,1
1047.88,-0.254883,-0.916504,1.01904,-1.09863,4.69971,-32.5317,1
1047.89,-0.224121,-0.842285,0.961426,0.854492,4.88281,-31.7993,1
1047.9,-0.233887,-0.760742,0.92041,0.12207,5.24902,-32.959,1
1047.91,-0.23291,-0.977539,0.946777,1.15967,4.39453,-33.2031,1
1047.92,-0.226074,-0.80127,0.898926,3.60107,3.60107,-32.5928,1
1047.93,-0.220703,-0.688477,0.96875,2.92969,3.78418,-33.8745,1
1047.94,-0.215332,-0.977051,0.987305,3.54004,3.41797,-33.5693,1
1047.95,-0.177246,-0.828125,0.927734,7.08008,2.56348,-32.8369,1
1047.96,-0.212402,-0.601074,0.902344,4.82178,2.38037,-34.729,1
1047.97,-0.226074,-1.03027,0.916504,4.88281,1.70898,-34.9121,1
1047.98,-0.226562,-0.761719,0.853027,8.8501,0.366211,-34.3018,1
1047.99,-0.155762,-0.609375,0.850098,4.57764,0.244141,-36.5601,1
1048,-0.165039,-0.974121,0.861816,5.5542,-0.793457,-35.4004,1
1048.01,-0.160645,-0.609863,0.961914,6.04248,-1.15967,-36.3159,1
1048.02,-0.169434,-0.733398,0.961426,2.13623,-2.01416,-37.7808,1
1048.03,-0.128418,-0.907227,0.85498,4.15039,-2.13623,-36.0718,1
1048.04,-0.160645,-0.77832,0.881348,1.95312,-2.13623,-37.5977,1
1048.05,-0.13623,-0.897949,0.977539,0.427246,-2.56348,-37.4756,1
1048.06,-0.172363,-0.832031,0.977539,0.12207,-2.31934,-37.1094,1
1048.07,-0.216309,-0.853027,1.00781,-0.915527,-2.38037,-37.0483,1
1048.08,-0.182129,-0.868164,1.0498,-1.0376,-2.2583,-36.7432,1
1048.09,-0.097168,-0.882324,1.02197,-1.09863,-1.2207,-36.499,1
1048.1,-0.0791016,-0.937988,1.021,-1.64795,-0.976562,-36.499,1
1048.11,-0.0961914,-0.806641,1.02637,-1.58691,-1.77002,-35.5225,1
1048.12,-0.123047,-0.854492,1.00049,-2.74658,-0.610352,-35.4004,1
1048.12,-0.181152,-0.941406,0.984863,-1.52588,-0.244141,-34.6069,1
1048.13,-0.165527,-0.941406,0.975098,-1.34277,0.427246,-34.3628,1
1048.14,-0.189453,-0.891113,1.07666,-2.01416,0.366211,-34.3628,1
1048.15,-0.120605,-0.91748,1,-1.34277,1.0376,-33.1421,1
1048.16,-0.150391,-0.756836,1.01025,-1.28174,1.46484,-33.4473,1
1048.17,-0.144531,-0.807617,1.00244,-3.41797,1.15967,-34.3628,1
1048.18,-0.17041,-0.93457,0.94043,-1.58691,2.56348,-32.959,1
1048.19,-0.218262,-0.839844,0.950195,-0.854492,3.05176,-32.4097,1
1048.2,-0.175293,-0.859863,1.04688,-2.19727,2.80762,-33.4473,1
1048.21,-0.126953,-0.943359,1.00732,-0.244141,3.05176,-32.2266,1
1048.22,-0.187012,-0.868652,1.03516,0.671387,3.35693,-32.2266,1
1048.23,-0.200195,-0.885254,0.956543,0.366211,2.99072,-33.1421,1
1048.24,-0.190918,-0.913574,0.944336,2.2583,4.15039,-32.3486,1
1048.25,-0.189941,-0.756836,0.993652,2.80762,4.08936,-33.02,1
1048.26,-0.157227,-0.871094,0.970703,2.38037,3.23486,-33.2642,1
1048.27,-0.179688,-0.939941,0.956543,4.45557,3.54004,-32.2876,1
1048.28,-0.175293,-0.733398,0.977051,4.76074,3.17383,-32.5317,1
1048.29,-0.175293,-0.898926,0.995605,2.80762,3.23486,-34.3018,1
1048.3,-0.0976562,-0.862305,0.904297,5.61523,2.38037,-32.8979,1
1048.31,-0.157715,-0.754395,0.868652,4.94385,2.86865,-33.5693,1
1048.32,-0.194336,-0.929688,0.902344,4.69971,1.52588,-34.3018,1
1048.33,-0.130859,-0.70166,0.852051,5.92041,1.95312,-34.3018,1
1048.34,-0.110352,-0.793945,0.895508,4.63867,2.13623,-35.0952,1
1048.35,-0.0966797,-0.849121,0.873535,5.5542,0.183105,-35.0342,1
1048.36,-0.0732422,-0.732422,0.85498,4.94385,0.610352,-35.6445,1
1048.37,-0.111328,-0.786621,0.804199,5.37109,0.244141,-35.4004,1
1048.38,-0.137695,-0.706055,0.864746,2.99072,-0.549316,-36.8652,1
1048.39,-0.0664062,-0.79248,0.853516,1.70898,-1.58691,-36.5601,1
1048.4,-0.0512695,-0.816895,0.870605,2.01416,-0.793457,-35.8887,1
1048.41,-0.0429688,-0.813965,0.948242,-0.305176,-1.70898,-37.1094,1
1048.42,0.0253906,-0.841797,0.992188,-0.671387,-1.83105,-36.499,1
1048.43,0.0454102,-0.779297,0.969727,-0.732422,-0.427246,-36.0107,1
1048.44,0.0327148,-0.891113,0.916016,-2.2583,-1.09863,-36.377,1
1048.45,0.0395508,-0.851562,0.941895,-2.01416,-1.46484,-35.4614,1
1048.46,0.027832,-0.915527,1.09375,-3.60107,-0.793457,-35.7666,1
1048.46,0.0449219,-0.945312,1.04492,-2.19727,-0.793457,-34.3628,1
1048.47,0.0478516,-0.839844,1.00098,-2.62451,-0.12207,-34.6069,1
1048.48,0.027832,-0.979492,1.05713,-2.56348,-0.244141,-34.668,1
1048.49,0.0341797,-0.825684,1.02881,-0.305176,-0.12207,-33.1421,1
1048.5,0.0966797,-0.80127,1.01758,-1.77002,0.305176,-33.8745,1
1048.51,0.107422,-1.02979,1.07617,-0.244141,-0.0610352,-32.8979,1
1048.52,0.123535,-0.898926,1.00146,1.2207,0.610352,-32.3486,1
1048.53,0.0483398,-0.853516,1.04834,0.976562,0.732422,-32.4707,1
1048.54,0.0239258,-0.960938,1.03711,1.89209,0.732422,-31.9824,1
1048.55,0.0634766,-0.845215,1.02783,3.11279,0.976562,-31.6772,1
1048.56,0.0898438,-0.885742,0.96582,3.90625,1.77002,-31.6772,1
1048.57,0.0849609,-0.979004,1.01807,4.5166,1.34277,-31.6162,1
1048.58,0.0161133,-0.840332,1.0752,5.31006,1.09863,-31.1279,1
1048.59,0.0874023,-0.662598,0.985352,3.96729,1.52588,-31.1279,1
1048.6,0.0727539,-0.946777,1.00293,2.99072,1.09863,-31.0669,1
1048.61,0.0390625,-0.932617,0.983887,5.37109,0.0610352,-31.1279,1
1048.62,0.0463867,-0.729004,0.892578,5.79834,1.2207,-31.25,1
1048.63,-0.00732422,-0.743164,1.00879,5.12695,0.732422,-31.4941,1
1048.64,0.115234,-0.765625,0.879883,3.84521,-0.0610352,-31.7993,1
1048.65,0.131348,-0.84375,0.86377,4.57764,1.0376,-31.189,1
1048.66,0.0488281,-0.730469,0.900391,2.92969,-0.305176,-32.2876,1
1048.67,0.108887,-0.747559,0.906738,2.0752,0.0610352,-31.5552,1
1048.68,0.059082,-0.73291,0.921387,2.38037,0.610352,-31.5552,1
1048.69,0.0932617,-0.739746,0.888672,1.46484,-0.244141,-32.2266,1
1048.7,0.11084,-0.765625,0.852051,1.34277,0.427246,-32.0435,1
1048.71,0.0634766,-0.733398,0.967285,1.0376,0.244141,-31.6772,1
1048.72,0.0849609,-0.756836,0.983887,0,0,-32.4097,1
1048.73,0.0854492,-0.774414,0.946777,0.549316,0.610352,-32.0435,1
1048.74,0.0825195,-0.742676,0.90918,0.366211,0.976562,-31.9824,1
1048.75,0.0927734,-0.865723,0.970703,-0.244141,0.732422,-32.4097,1
1048.76,0.0595703,-0.841309,1.01758,1.52588,0.732422,-31.0059,1
1048.77,0.0180664,-0.760254,1.0415,0.854492,1.40381,-31.9214,1
1048.78,0.00585938,-0.777344,1.02441,0.610352,1.15967,-32.2266,1
1048.79,0.0541992,-0.799805,0.963379,1.28174,1.89209,-31.9214,1
1048.8,0.0722656,-0.78418,0.946289,1.70898,1.40381,-31.7993,1
1048.8,0.0756836,-0.814941,0.993164,1.64795,1.83105,-32.1045,1
1048.81,-0.0449219,-0.864746,1.01025,2.44141,2.74658,-31.0669,1
1048.82,-0.106445,-0.922363,1.08838,2.01416,2.74658,-31.7993,1
1048.83,-0.0712891,-0.801758,1.0874,2.68555,2.62451,-31.6772,1
1048.84,0.0234375,-0.759277,1.00732,1.15967,3.78418,-32.6538,1
1048.85,0.012207,-0.822754,0.929688,1.89209,2.68555,-31.9824,1
1048.86,-0.0498047,-0.789551,0.961426,1.15967,2.19727,-32.5928,1
1048.87,-0.0224609,-0.758789,0.965332,1.2207,2.13623,-32.4097,1
1048.88,-0.0429688,-0.763184,1.00879,1.0376,2.86865,-32.8369,1
1048.89,-0.0263672,-0.739746,0.95752,1.95312,1.95312,-32.4097,1
1048.9,-0.090332,-0.724121,0.888672,0.366211,1.52588,-33.6914,1
1048.91,-0.0371094,-0.927734,0.912598,0.610352,1.64795,-33.4473,1
1048.92,-0.0131836,-0.713379,0.92041,2.0752,1.52588,-33.5693,1
1048.93,0.0322266,-0.702637,0.929199,-0.366211,1.46484,-35.2783,1
1048.94,0.0332031,-0.92041,0.958496,0.915527,1.09863,-34.0576,1
1048.95,-0.0341797,-0.696777,0.944336,1.83105,0.732422,-34.1187,1
1048.96,-0.0380859,-0.748535,0.960449,-0.244141,0.976562,-35.1562,1
1048.97,-0.0351562,-0.863281,0.992188,0.854492,1.0376,-34.3018,1
1048.98,-0.00292969,-0.753906,0.943359,1.58691,1.2207,-34.2407,1
1048.99,-0.00146484,-0.868652,0.980469,0.366211,0.732422,-35.4004,1
1049,0.0175781,-0.907715,1.03711,2.01416,0.915527,-34.4849,1
1049.01,0.0332031,-0.719238,1.03711,1.77002,1.52588,-34.79,1
1049.02,-0.00244141,-0.807129,0.972168,-0.549316,0.915527,-35.5225,1
1049.03,0.0385742,-0.816895,0.897461,0.793457,0.427246,-34.3018,1
1049.04,0.0253906,-0.724609,0.961914,0.488281,0.976562,-35.0342,1
1049.05,0.104004,-0.768555,0.962402,0.427246,0.732422,-34.79,1
1049.06,0.166016,-0.82373,0.901855,0.610352,1.40381,-34.4849,1
1049.07,0.0854492,-0.784668,0.899902,0.915527,1.40381,-33.9355,1
1049.08,0.0527344,-0.86084,0.919922,0.244141,2.19727,-34.4238,1
1049.09,0.0488281,-0.715332,0.943848,1.70898,2.19727,-33.3252,1
1049.1,0.124512,-0.782227,0.918945,0.427246,2.56348,-34.3628,1
1049.11,0.160156,-0.788574,0.930664,2.31934,2.38037,-32.959,1
1049.12,0.0976562,-0.697266,0.935059,2.01416,3.41797,-33.3252,1
1049.13,0.0825195,-0.780273,0.98584,2.68555,2.68555,-33.02,1
1049.14,0.104004,-0.81543,0.945312,2.62451,2.99072,-32.7148,1
1049.14,0.111328,-0.722168,0.918457,2.13623,2.62451,-32.3486,1
1049.15,0.0683594,-0.912598,0.904785,1.77002,3.60107,-32.4097,1
1049.16,0.0551758,-0.793457,0.975098,2.99072,3.23486,-32.0435,1
1049.17,0.104004,-0.666016,0.932617,0.793457,3.72314,-33.02,1
1049.18,0.10498,-0.904785,0.899902,1.28174,3.54004,-31.7993,1
1049.19,0.0600586,-0.780762,0.989746,1.77002,2.99072,-32.2266,1
1049.2,0.0751953,-0.72998,0.964844,0.366211,3.90625,-32.8979,1
1049.21,0.0942383,-0.865723,1.00635,1.77002,4.08936,-31.6772,1
1049.22,0.0791016,-0.724121,0.979492,1.34277,3.41797,-31.9214,1
1049.23,0.108398,-0.831055,0.899902,0,3.2959,-32.2876,1
1049.24,0.0185547,-0.928223,0.978027,1.52588,3.78418,-31.3721,1
1049.25,0,-0.6875,1.01416,0.976562,3.05176,-32.3486,1
1049.26,0.0644531,-0.746094,0.951172,-0.0610352,3.41797,-32.7759,1
1049.27,0.0571289,-0.772461,0.911133,1.09863,3.05176,-32.1655,1
1049.28,0.119141,-0.687988,0.935547,0.854492,2.19727,-32.7759,1
1049.29,0.100586,-0.682129,0.900391,1.28174,2.74658,-32.4707,1
1049.3,0.046875,-0.828613,0.939941,1.46484,2.19727,-32.4097,1
1049.31,0.0488281,-0.729004,0.917969,2.74658,1.09863,-31.9214,1
1049.32,0.0537109,-0.682617,0.880371,1.70898,1.58691,-32.7759,1
1049.33,0.0351562,-0.881348,0.900391,2.80762,1.34277,-32.2876,1
1049.34,0.0947266,-0.693359,0.90625,3.90625,1.0376,-32.2876,1
1049.35,0.0932617,-0.678223,0.908691,2.19727,0.915527,-33.02,1
1049.36,0.0742188,-0.861816,0.922363,2.68555,0,-32.2266,1
1049.37,0.0668945,-0.609863,0.900879,4.57764,0.0610352,-31.0669,1
1049.38,0.0664062,-0.67627,0.975586,2.19727,0.671387,-32.1045,1
1049.39,0.120605,-0.868652,0.946289,4.21143,-0.671387,-30.7007,1
1049.4,0.090332,-0.705078,0.921875,5.24902,-0.854492,-30.7617,1
1049.41,0.0810547,-0.79541,0.999023,4.76074,-0.854492,-30.7617,1
1049.42,0.0991211,-0.770508,0.95166,5.31006,-0.488281,-29.8462,1
1049.43,0.111328,-0.695312,0.960449,4.21143,-0.305176,-29.7241,1
1049.43,0.0400391,-0.693848,1.0498,3.84521,-1.34277,-28.6255,1
1049.44,0.0654297,-0.67627,1.01562,3.35693,-1.70898,-28.1982,1
1049.45,0.0571289,-0.67334,0.972656,4.57764,-0.427246,-27.1606,1
1049.46,0.0292969,-0.616211,1.0127,4.21143,-0.0610352,-27.0386,1
1049.47,0.027832,-0.709473,1.00879,4.02832,-0.12207,-26.001,1
1049.48,-0.015625,-0.607422,1.05518,5.06592,-0.244141,-24.353,1
1049.49,-0.0341797,-0.581055,1.08545,3.90625,0.366211,-24.292,1
1049.5,0.0131836,-0.631836,1.00684,5.06592,1.2207,-22.7051,1
1049.51,-0.015625,-0.527344,0.96875,6.16455,0.976562,-21.1182,1
1049.52,-0.0151367,-0.526367,1.01953,6.10352,0.671387,-20.9351,1
1049.53,0.0126953,-0.419434,1.0127,8.48389,1.34277,-18.9209,1
1049.54,-0.0717773,-0.38916,1.01367,8.78906,2.38037,-18.1274,1
1049.55,-0.114258,-0.414062,0.912598,9.76562,1.28174,-16.5405,1
1049.56,-0.132812,-0.347656,0.870117,10.7422,1.70898,-15.0146,1
1049.57,-0.125488,-0.348145,0.967285,11.6577,1.83105,-13.6108,1
1049.58,-0.0615234,-0.215332,1.02588,12.9395,1.70898,-12.2681,1
1049.59,-0.0263672,-0.175293,0.956543,13.1836,2.31934,-10.8643,1
1049.6,-0.0844727,-0.14502,0.869629,13.855,1.70898,-8.97217,1
1049.61,-0.116211,-0.0473633,0.849121,14.0381,1.70898,-7.75146,1
1049.62,-0.115234,-0.0800781,0.9375,14.7705,1.95312,-5.7373,1
1049.63,-0.0888672,0.0483398,0.941895,15.9912,1.46484,-4.02832,1
1049.64,-0.104492,0.0791016,0.894531,15.625,1.83105,-2.62451,1
1049.65,-0.158203,0.0776367,0.907227,16.4795,1.2207,-0.549316,1
1049.66,-0.169434,0.202637,0.927246,16.5405,1.15967,0.854492,1
1049.67,-0.173828,0.1875,0.952637,17.0288,0.854492,2.80762,1
1049.68,-0.129883,0.253906,0.929199,18.0664,0.183105,4.57764,1
1049.69,-0.122559,0.346191,0.879883,17.6392,0,6.10352,1
1049.7,-0.142578,0.348633,0.947266,17.334,-0.244141,7.87354,1
1049.71,-0.161133,0.390625,0.98877,16.9678,-0.610352,9.76562,1
1049.71,-0.183594,0.412598,1.02393,16.8457,-0.915527,11.7188,1
1049.72,-0.170898,0.412598,1.00781,16.7847,-1.34277,13.3057,1
1049.73,-0.181641,0.456055,0.97168,16.6016,-1.28174,14.8315,1
1049.74,-0.197754,0.568848,1.06152,15.5029,-1.40381,16.1743,1
1049.75,-0.185059,0.668457,1.09521,13.7939,-1.46484,17.6392,1
1049.76,-0.156738,0.526367,1.08838,11.9629,-1.15967,18.7378,1
1049.77,-0.183594,0.557617,1.07617,12.5732,-2.13623,21.2402,1
1049.78,-0.195312,0.651855,1.13428,10.1929,-1.89209,21.4233,1
1049.79,-0.167969,0.611328,1.13477,8.36182,-1.46484,22.522,1
1049.8,-0.15918,0.757812,1.11182,6.95801,-1.0376,23.7427,1
1049.81,-0.183594,0.761719,1.14014,3.90625,-1.0376,24.353,1
1049.82,-0.163574,0.619629,1.18457,3.54004,-1.40381,25.1465,1
1049.83,-0.123535,0.75,1.19971,3.78418,-0.854492,25.9399,1
1049.84,-0.119141,0.815918,1.12061,2.01416,0.0610352,26.3062,1
1049.85,-0.145508,0.733887,1.08984,0.671387,-0.366211,26.9165,1
1049.86,-0.144531,0.746094,1.1084,0.549316,0.12207,27.2827,1
1049.87,-0.125,0.788574,1.18164,0.183105,0.915527,27.2217,1
1049.88,-0.109863,0.679199,1.18018,-0.183105,1.83105,27.2827,1
1049.89,-0.0595703,0.796387,1.01807,-0.427246,2.2583,27.6489,1
1049.9,-0.0996094,0.822266,0.97168,-2.19727,2.86865,27.5269,1
1049.91,-0.125977,0.716797,1.00244,-3.11279,3.23486,27.2827,1
1049.92,-0.0966797,0.770996,1.00537,-2.31934,3.78418,28.0151,1
1049.93,-0.078125,0.744629,0.986328,-3.17383,4.94385,27.1606,1
1049.94,-0.0585938,0.665039,0.91748,-3.17383,5.06592,27.2827,1
1049.95,-0.0791016,0.740723,0.900879,-2.86865,4.76074,27.6489,1
1049.96,-0.097168,0.717285,0.911621,-2.80762,5.43213,27.6489,1
1049.97,-0.0869141,0.666504,0.881348,-1.58691,5.31006,28.3813,1
1049.98,-0.0849609,0.685059,0.914062,-1.46484,5.5542,27.71,1
1049.99,-0.0751953,0.667969,0.910645,-1.28174,5.61523,28.2593,1
1050,-0.0805664,0.646973,0.883789,0.12207,5.61523,29.3579,1
1050.01,-0.0961914,0.666016,0.880859,0.305176,5.06592,29.3579,1
1050.02,-0.046875,0.696777,0.810059,0.305176,4.69971,29.7852,1
1050.03,-0.0732422,0.65918,0.837402,0.0610352,4.5166,30.3955,1
1050.04,-0.059082,0.709961,0.922852,0.12207,3.96729,31.1279,1
1050.05,-0.0532227,0.65918,0.87207,-0.183105,4.02832,31.311,1
1050.05,-0.0712891,0.700195,0.854004,1.09863,2.99072,32.6538,1
1050.06,-0.0825195,0.80127,0.868164,0.488281,2.80762,32.3486,1
1050.07,-0.0756836,0.749512,0.974609,0.0610352,1.89209,33.1421,1
1050.08,-0.0947266,0.726562,1.01367,0.427246,1.40381,33.9966,1
1050.09,-0.0898438,0.689453,0.888184,0.671387,1.34277,34.668,1
1050.1,-0.101074,0.750488,0.904297,1.34277,0.12207,35.2783,1
1050.11,-0.0488281,0.840332,0.951172,0.549316,0,35.1562,1
1050.12,-0.00195312,0.816895,1.02686,0.488281,-0.427246,36.377,1
1050.13,-0.0610352,0.818359,0.992676,0.610352,-0.732422,36.9263,1
1050.14,-0.0576172,0.810547,0.937988,0.793457,-1.09863,36.8042,1
1050.15,-0.0493164,0.85791,0.962891,2.0752,-1.28174,37.5366,1
1050.16,-0.0258789,0.849609,0.981445,2.74658,-1.52588,37.5366,1
1050.17,-9.765625e-04,0.849609,1.04785,2.92969,-2.19727,37.5366,1
1050.18,0.0717773,0.874023,1.05176,2.99072,-1.52588,37.5977,1
1050.19,0.0488281,0.868652,0.969238,2.44141,-0.732422,37.3535,1
1050.2,0.0244141,0.989746,0.963379,2.31934,-1.0376,37.3535,1
1050.21,0.0361328,0.893066,0.978516,0.671387,-0.305176,36.6821,1
1050.22,0.0541992,0.734863,1.07031,2.2583,-0.793457,37.5977,1
1050.23,0.0830078,0.839355,1.06641,2.38037,-0.427246,36.8652,1
1050.24,0.151367,0.966797,0.952637,0.854492,-0.12207,36.6821,1
1050.24,0.129395,0.938965,0.975098,-0.793457,0.244141,36.377,1
1050.25,0.10498,0.817871,1.00928,-1.58691,0,36.1328,1
1050.26,0.114746,0.840332,0.977539,-1.15967,0,36.8042,1
1050.27,0.117676,0.932617,0.986328,-2.99072,0,35.6445,1
1050.28,0.173828,0.796387,0.991211,-3.60107,-0.183105,36.0718,1
1050.29,0.195312,0.877441,0.969727,-2.92969,0,35.7666,1
1050.3,0.15332,1.01514,1.02002,-4.27246,-0.12207,34.8511,1
1050.31,0.0810547,0.810059,1.05029,-3.41797,0.305176,34.9731,1
1050.32,0.0922852,0.851562,1.00635,-1.64795,0.549316,34.9121,1
1050.33,0.129395,0.91748,0.96582,-1.09863,0.915527,34.6069,1
1050.34,0.217773,0.788574,0.98877,0,0.854492,34.79,1
1050.35,0.185059,0.819336,0.96582,1.28174,0.549316,34.9121,1
1050.36,0.127441,0.793945,0.956543,0.915527,1.15967,34.1797,1
1050.37,0.140137,0.734863,0.930176,2.31934,1.77002,35.2173,1
1050.38,0.142578,0.79541,0.950195,2.2583,1.64795,34.9731,1
1050.39,0.0776367,0.91748,0.949707,2.01416,1.89209,35.2173,1
1050.4,0.107422,0.763672,0.903809,-0.12207,2.2583,34.79,1
1050.41,0.074707,0.662109,0.904785,1.28174,1.70898,36.3159,1
1050.42,0.152832,0.921387,0.901855,0.793457,0.854492,36.1328,1
1050.43,0.174805,0.774902,0.95459,-0.915527,0.976562,36.2549,1
1050.44,0.0849609,0.844238,1.00342,0.183105,0.793457,36.8042,1
1050.45,0.03125,0.904297,1.0791,-0.793457,1.89209,36.3159,1
1050.46,0.0185547,0.783691,0.972656,-0.671387,0.976562,36.6211,1
1050.47,0.0878906,0.86377,0.955566,0.0610352,1.15967,37.2925,1
1050.48,0.145996,0.833496,0.963867,-0.244141,1.0376,36.9263,1
1050.49,0.146973,0.898926,1.05762,0,0.793457,37.4756,1
1050.5,0.148926,0.956055,1.02246,-1.15967,1.46484,37.2925,1
1050.51,0.0698242,0.850586,1.03076,-1.09863,1.09863,37.9028,1
1050.52,0.0615234,0.918945,0.989746,-0.976562,0.488281,38.3911,1
1050.53,0.0996094,0.85791,1.00391,-2.01416,0.671387,38.0859,1
1050.54,0.13916,0.85791,1.01904,-1.15967,0.305176,39.1235,1
1050.55,0.150879,0.921875,0.967285,-1.2207,0.488281,38.8184,1
1050.56,0.09375,0.869141,0.938477,-1.77002,-0.183105,38.6963,1
1050.57,0.107422,0.833984,0.951172,-1.40381,-0.549316,38.9404,1
1050.58,0.161621,0.795898,0.931641,-1.40381,-0.0610352,38.4521,1
1050.59,0.15625,0.825195,0.896973,-0.671387,0.305176,38.9404,1
1050.59,0.193848,0.890137,0.922852,-1.2207,0.366211,38.4521,1
1050.6,0.160156,0.72998,0.90625,-1.52588,0.488281,38.8184,1
1050.61,0.182129,0.888672,0.889648,-0.488281,-0.549316,38.9404,1
1050.62,0.193359,0.810547,0.944824,-1.77002,0.793457,38.3301,1
1050.63,0.166016,0.707031,0.883789,-0.610352,0.427246,38.4521,1
1050.64,0.188477,0.907227,0.883301,0.305176,1.0376,38.0249,1
1050.65,0.162598,0.885254,0.939453,-0.244141,1.2207,37.7197,1
1050.66,0.182617,0.839844,0.959961,1.09863,1.09863,37.8418,1
1050.67,0.216797,0.91748,1.01416,1.64795,1.83105,37.7197,1
1050.68,0.248047,0.768555,1.07422,0.732422,2.01416,37.1094,1
1050.69,0.255371,0.909668,0.91748,1.52588,1.70898,37.4756,1
1050.7,0.208984,0.94873,0.952637,0.305176,2.74658,36.438,1
1050.71,0.1875,0.742676,1.01318,0.610352,2.86865,36.5601,1
1050.72,0.245605,0.912598,0.963867,1.40381,2.80762,37.0483,1
1050.73,0.218262,0.860352,1.02881,-0.244141,3.11279,36.438,1
1050.74,0.212891,0.89209,1.02051,-0.183105,2.80762,35.7056,1
1050.75,0.198242,0.972168,0.974609,-0.305176,4.15039,36.377,1
1050.76,0.138672,0.928223,0.941406,-2.0752,4.02832,35.9497,1
1050.77,0.183594,0.769043,0.968262,-2.68555,2.62451,36.6211,1
1050.78,0.22998,0.894531,0.969727,-1.34277,3.479,36.7432,1
1050.79,0.23877,0.92627,0.962891,-2.74658,3.479,36.1938,1
1050.8,0.188965,0.766113,0.957031,-2.0752,2.74658,36.7432,1
1050.81,0.14502,0.863281,0.883301,-2.44141,1.52588,36.9873,1
1050.82,0.189453,0.75293,0.859863,-3.17383,1.40381,37.4146,1
1050.83,0.213379,0.696777,0.842773,-2.0752,1.28174,37.6587,1
1050.84,0.249512,0.938477,0.884766,-2.44141,1.0376,37.4146,1
1050.85,0.256348,0.739746,0.90625,-3.84521,1.40381,37.4146,1
1050.86,0.274414,0.65918,0.82666,-1.34277,0.0610352,38.6963,1
1050.87,0.224121,0.904785,0.812012,-2.31934,0,37.8418,1
1050.88,0.261719,0.717773,0.86084,-4.3335,-0.915527,38.0249,1
1050.89,0.339355,0.736816,0.888672,-2.38037,-0.854492,38.7573,1
1050.9,0.346191,0.849609,0.942871,-4.15039,-0.732422,37.5977,1
1050.91,0.306152,0.630859,0.84668,-4.39453,-1.64795,38.0859,1
1050.92,0.36084,0.830566,0.850098,-2.0752,-1.40381,38.3301,1
1050.92,0.348145,0.831055,0.957031,-4.69971,-1.2207,37.6587,1
1050.93,0.383301,0.63916,0.997559,-3.60107,-2.19727,38.0249,1
1050.94,0.37207,0.861816,0.929688,-2.80762,-1.70898,37.7197,1
1050.95,0.464844,0.900391,0.929688,-4.3335,-1.64795,37.0483,1
1050.96,0.468262,0.742676,0.993652,-4.63867,-2.01416,37.1094,1
1050.97,0.452148,0.731445,1.06104,-3.90625,-2.2583,36.6211,1
1050.98,0.442383,0.995117,1.0127,-4.02832,-2.19727,36.0718,1
1050.99,0.456055,0.793457,1.03516,-5.92041,-1.2207,35.3394,1
1051,0.503418,0.657227,1.06152,-5.00488,-1.83105,35.0342,1
1051.01,0.522949,0.90625,1.06006,-4.27246,-1.34277,34.4849,1
1051.02,0.46582,0.778809,1.01709,-6.46973,-0.793457,33.6304,1
1051.03,0.405762,0.540527,1.00439,-5.31006,-1.40381,33.2642,1
1051.04,0.463379,0.797363,1.05469,-3.96729,-1.0376,32.8369,1
1051.05,0.510742,0.645508,1.05225,-5.79834,-0.671387,31.311,1
1051.06,0.525391,0.507812,1.02686,-3.78418,-1.46484,30.3955,1
1051.07,0.515137,0.775879,0.950195,-4.5166,-1.0376,28.4424,1
1051.08,0.474121,0.588379,0.951172,-6.34766,-0.732422,27.2217,1
1051.09,0.538574,0.460449,1.00977,-4.69971,-0.732422,26.2451,1
1051.1,0.51123,0.617188,0.941406,-4.69971,-0.732422,24.7192,1
1051.11,0.525391,0.657715,0.90625,-6.40869,-1.28174,22.522,1
1051.12,0.488281,0.366699,0.930664,-7.38525,-0.915527,20.752,1
1051.13,0.452148,0.413086,0.993164,-6.34766,-0.793457,18.7378,1
1051.14,0.513184,0.518555,0.887207,-7.69043,-0.488281,15.7471,1
1051.15,0.45752,0.405273,0.868164,-7.50732,-0.183105,13.6719,1
1051.16,0.437988,0.319336,0.973633,-8.11768,-0.0610352,10.5591,1
1051.17,0.438965,0.319336,0.952637,-8.05664,-0.305176,8.23975,1
1051.18,0.466797,0.494141,0.916504,-8.97217,0.366211,5.12695,1
1051.19,0.409668,0.367676,0.845215,-11.9629,1.09863,1.77002,1
1051.2,0.37207,0.130371,0.960938,-11.5967,1.15967,-0.671387,1
1051.21,0.253418,0.182129,1.11475,-11.7798,1.95312,-4.21143,1
1051.21,0.217773,0.245605,0.963379,-13.4888,2.31934,-7.8125,1
1051.22,0.160645,0.0927734,0.941895,-14.6484,3.72314,-10.6812,1
1051.23,0.119629,0.0205078,1.03516,-15.0146,3.96729,-13.3057,1
1051.24,0.0981445,0.0537109,1.01904,-16.2354,5.00488,-15.9912,1
1051.25,0.0449219,-0.124023,0.936523,-18.4326,5.98145,-18.4937,1
1051.26,0.0488281,-0.294922,0.902832,-18.4937,6.46973,-20.3247,1
1051.27,0.0615234,-0.267578,0.864746,-19.104,7.20215,-22.2168,1
1051.28,0.0117188,-0.395508,0.876465,-20.9961,7.69043,-24.1699,1
1051.29,-0.0732422,-0.518555,0.880859,-21.4844,7.20215,-25.3296,1
1051.3,-0.0805664,-0.472656,0.876465,-22.2168,8.05664,-26.3672,1
1051.31,-0.0668945,-0.480469,0.873047,-23.8037,8.23975,-27.9541,1
1051.32,-0.0205078,-0.652344,0.859375,-23.4375,7.75146,-28.5645,1
1051.33,-0.0166016,-0.61377,0.87793,-21.2402,7.56836,-28.6255,1
1051.34,-0.0693359,-0.56543,0.950195,-21.0571,7.20215,-30.1514,1
1051.35,-0.0498047,-0.756836,0.976074,-20.1416,7.38525,-30.7007,1
1051.36,-0.0288086,-0.768555,0.964844,-16.7236,7.01904,-29.9683,1
1051.37,0.0292969,-0.59082,0.958984,-16.1743,6.04248,-31.0669,1
1051.38,0.0146484,-0.80957,0.959961,-15.3809,5.7373,-31.3721,1
1051.39,0.0957031,-0.944336,1.01709,-10.3149,5.7373,-30.2124,1
1051.4,0.0566406,-0.586426,1.0542,-7.56836,5.31006,-30.8228,1
1051.41,0.0834961,-0.922852,1.08105,-7.69043,4.94385,-31.25,1
1051.42,-0.0341797,-0.788086,1.10205,-2.56348,4.08936,-29.7852,1
1051.43,0.0488281,-0.57959,1.05127,-4.88281,3.78418,-31.1279,1
1051.44,0.146973,-1.03711,1.00732,-4.08936,3.05176,-29.7241,1
1051.45,0.185547,-0.852539,1.09619,-0.488281,2.50244,-27.9541,1
1051.46,0.0854492,-0.732422,1.17969,-3.17383,2.0752,-28.8086,1
1051.47,0.0297852,-1.01562,1.22119,-2.31934,1.77002,-27.0996,1
1051.48,0.034668,-0.796387,1.15576,-0.976562,1.64795,-26.3062,1
1051.49,0.0932617,-0.80957,1.13916,-2.99072,1.2207,-26.3672,1
1051.5,0.140137,-0.907227,1.11377,-0.488281,1.09863,-24.292,1
1051.5,0.141113,-0.664062,1.13672,-0.671387,1.77002,-24.6582,1
1051.51,0.169434,-0.795898,1.15869,-1.89209,1.52588,-24.1699,1
1051.52,0.106934,-0.942871,1.15625,0.183105,1.46484,-22.1558,1
1051.53,0.0605469,-0.775879,1.10498,1.70898,0.793457,-21.4844,1
1051.54,0.0776367,-0.780273,1.06934,1.70898,1.58691,-21.4233,1
1051.55,0.139648,-0.767578,1.04492,3.05176,1.58691,-20.6299,1
1051.56,0.128418,-0.64209,1.01172,3.23486,0.732422,-20.3857,1
1051.57,0.134766,-0.733887,0.957031,3.23486,-0.183105,-20.1416,1
1051.58,0.155273,-0.666992,0.911133,5.67627,-0.915527,-19.2871,1
1051.59,0.16748,-0.480957,0.884766,5.18799,-1.34277,-19.8364,1
1051.6,0.180664,-0.696289,0.902832,4.02832,-2.13623,-19.2871,1
1051.61,0.149414,-0.682617,0.936523,5.37109,-3.479,-18.5547,1
1051.62,0.175781,-0.507812,0.919434,4.27246,-3.78418,-19.165,1
1051.63,0.202637,-0.621582,0.903809,3.72314,-4.3335,-19.3481,1
1051.64,0.219727,-0.604004,0.919434,4.08936,-5.31006,-18.7988,1
1051.65,0.181152,-0.554199,0.919434,3.66211,-5.43213,-18.4937,1
1051.66,0.220215,-0.675293,0.946777,3.35693,-5.5542,-18.5547,1
1051.67,0.203613,-0.559082,0.955078,4.45557,-5.24902,-17.7002,1
1051.68,0.236816,-0.496094,0.914551,2.56348,-4.39453,-18.3105,1
1051.69,0.240723,-0.670898,0.848145,2.38037,-4.63867,-17.2729,1
1051.7,0.244629,-0.540039,0.927734,2.92969,-4.15039,-16.7236,1
1051.71,0.237793,-0.424805,0.972656,1.2207,-2.86865,-17.2729,1
1051.72,0.246094,-0.650879,0.905762,1.58691,-1.64795,-16.1743,1
1051.73,0.208008,-0.565918,0.864746,3.05176,-1.2207,-15.7471,1
1051.74,0.230469,-0.461914,0.893555,1.64795,-0.0610352,-16.0522,1
1051.75,0.180176,-0.557617,0.933105,0.915527,1.40381,-15.8081,1
1051.76,0.196289,-0.53418,1.01562,0.854492,2.44141,-15.2588,1
1051.77,0.194824,-0.439453,1.05273,-0.427246,3.54004,-15.8081,1
1051.78,0.188965,-0.62207,1.01709,-1.40381,4.57764,-15.564,1
1051.79,0.167969,-0.584961,1.00537,0.549316,5.49316,-14.8926,1
1051.8,0.162109,-0.476562,1.08203,-0.610352,6.71387,-16.1133,1
1051.81,0.110352,-0.683594,1.09961,-0.915527,7.62939,-15.9912,1
1051.82,0.0859375,-0.505859,1.12842,0,7.87354,-15.9912,1
1051.83,0.0473633,-0.509766,1.09961,-2.44141,8.36182,-17.395,1
1051.83,0.0234375,-0.767578,1.04834,-0.976562,8.05664,-16.8457,1
1051.84,0.0366211,-0.564941,1.00049,1.0376,7.8125,-17.4561,1
1051.85,0.0527344,-0.542969,0.984863,0,7.69043,-19.2261,1
1051.86,0.0146484,-0.658691,0.929199,1.52588,6.46973,-19.043,1
1051.87,-0.00683594,-0.563477,0.902344,2.50244,5.5542,-19.7144,1
1051.88,-0.0288086,-0.577637,0.851562,2.99072,4.3335,-20.6909,1
1051.89,-0.00488281,-0.595215,0.739746,3.72314,3.479,-21.4844,1
1051.9,-0.0219727,-0.579102,0.784668,4.45557,2.50244,-21.9727,1
1051.91,0.0117188,-0.524414,0.856934,3.35693,1.15967,-23.6816,1
1051.92,0.0112305,-0.55957,0.777832,2.50244,0.0610352,-23.9258,1
1051.93,-0.0288086,-0.641602,0.883301,1.83105,-0.549316,-24.353,1
1051.94,-0.034668,-0.538574,0.846191,1.0376,-2.0752,-24.9634,1
1051.95,0.00585938,-0.506348,0.908691,-0.427246,-0.915527,-25.8179,1
1051.96,-0.00390625,-0.637207,0.999512,-1.2207,-1.40381,-25.3906,1
1051.97,0.00146484,-0.678711,1.04297,-1.70898,-1.64795,-25.5737,1
1051.98,0.00341797,-0.584473,1.04736,-3.35693,-1.83105,-25.5127,1
1051.99,0.00634766,-0.799316,1.17285,-5.18799,-0.732422,-25.9399,1
1052,0.0288086,-0.681641,1.1499,-3.35693,-0.488281,-24.8413,1
1052.01,0.0556641,-0.623535,1.09375,-5.37109,0.427246,-25.6958,1
1052.02,0.03125,-0.898438,1.14355,-4.63867,0,-24.6582,1
1052.03,0.0478516,-0.769043,1.13135,-2.74658,0.549316,-23.9258,1
1052.04,0.0268555,-0.628418,1.08691,-3.11279,1.95312,-24.4751,1
1052.05,0.0131836,-0.797852,1.03418,-2.80762,1.95312,-24.1699,1
1052.06,0.0336914,-0.773438,0.98291,-1.0376,1.09863,-23.4985,1
1052.07,0.0288086,-0.655273,1.00977,-1.46484,0.854492,-24.1699,1
1052.08,0.0507812,-0.723145,1.03223,-1.34277,1.0376,-24.1699,1
1052.09,0.0375977,-0.750977,0.97998,0.793457,1.0376,-23.1934,1
1052.1,-0.0161133,-0.524902,0.932129,1.15967,0.427246,-23.6816,1
1052.11,0.0473633,-0.714844,0.863281,0,0.610352,-24.4751,1
1052.12,0.0224609,-0.792969,0.878418,2.80762,0.244141,-23.0103,1
1052.13,0.0117188,-0.518066,0.970703,1.83105,0.12207,-23.9258,1
1052.14,0.0610352,-0.700195,0.890137,0.854492,-0.0610352,-24.1699,1
1052.15,0.0141602,-0.759277,0.854492,2.99072,-0.366211,-23.2544,1
1052.16,0.0649414,-0.56543,0.842285,1.46484,-0.732422,-24.1699,1
1052.17,0.0561523,-0.713867,0.915039,0.610352,-0.732422,-24.1699,1
1052.18,0.0424805,-0.742676,0.929688,1.83105,-0.549316,-23.2544,1
1052.19,0.0180664,-0.522949,0.973145,0.793457,0.0610352,-23.3154,1
1052.19,0.0581055,-0.753418,0.949707,-1.09863,0.244141,-24.0479,1
1052.2,0.0957031,-0.73877,0.873535,2.2583,0.671387,-21.9116,1
1052.21,0.110352,-0.483887,0.883301,0.366211,1.15967,-23.1934,1
1052.22,0.0957031,-0.817383,0.936523,-1.58691,1.70898,-22.8271,1
1052.23,0.0771484,-0.840332,1.03467,1.0376,2.56348,-21.3013,1
1052.24,0.0639648,-0.581543,1.12402,-0.610352,2.99072,-22.4609,1
1052.25,0.108398,-0.769043,1.07178,-1.40381,3.60107,-21.8506,1
1052.26,0.0493164,-0.767578,1.01758,0.244141,3.78418,-20.752,1
1052.27,0.0664062,-0.641113,0.975098,-1.15967,3.35693,-21.7285,1
1052.28,0.0551758,-0.754883,1.03125,-1.95312,3.90625,-22.1558,1
1052.29,0.10498,-0.783691,1.01221,-1.15967,3.72314,-21.7896,1
1052.3,0.106445,-0.737305,1.04541,-0.732422,2.80762,-21.9727,1
1052.31,0.0825195,-0.64209,1.06396,-1.64795,1.77002,-22.8882,1
1052.32,0.10791,-0.760254,1.0459,-2.38037,1.77002,-23.3154,1
1052.33,0.108398,-0.712402,0.97168,-1.34277,1.89209,-22.9492,1
1052.34,0.101562,-0.703125,0.957031,-2.0752,0.427246,-24.0479,1
1052.35,0.120605,-0.756836,0.966309,-1.95312,-0.549316,-24.8413,1
1052.36,0.115234,-0.719727,1.01562,-0.549316,-0.671387,-24.9634,1
1052.37,0.078125,-0.67627,1.01221,0.244141,-1.09863,-25.2075,1
1052.38,0.0336914,-0.722656,0.999023,-0.488281,-2.13623,-26.6113,1
1052.39,0.0644531,-0.800293,0.908203,1.28174,-2.92969,-26.1841,1
1052.4,0.167969,-0.700684,0.896973,2.31934,-2.74658,-26.7944,1
1052.41,0.23584,-0.79834,0.940918,1.83105,-3.05176,-27.2827,1
1052.42,0.179688,-0.878418,0.917969,3.17383,-2.56348,-26.2451,1
1052.43,0.0966797,-0.654785,0.949219,3.11279,-2.44141,-26.001,1
1052.44,0.0751953,-0.810059,0.975586,2.01416,-1.83105,-26.4893,1
1052.45,0.177734,-0.777832,0.983398,4.02832,-1.89209,-25.6348,1
1052.46,0.25,-0.663086,0.951172,3.66211,-0.854492,-26.062,1
1052.47,0.274414,-0.926758,1.04736,3.41797,-0.976562,-25.6348,1
1052.48,0.262207,-0.851074,1.01416,5.49316,-0.183105,-24.4141,1
1052.49,0.11377,-0.733887,1.01318,2.56348,0.854492,-25.0854,1
1052.5,0.155762,-0.917969,0.98291,1.28174,0.549316,-24.5361,1
1052.51,0.144043,-0.68457,1.03955,0.976562,0.488281,-24.292,1
1052.51,0.185059,-0.820312,1.06201,-2.2583,1.52588,-25.6348,1
1052.52,0.208008,-0.974121,1.09277,0.366211,2.50244,-24.5972,1
1052.53,0.155762,-0.535156,1.01758,-0.732422,2.19727,-25.3906,1
1052.54,0.13623,-0.766113,0.986328,-4.63867,2.31934,-25.8789,1
1052.55,0.0195312,-1.0166,1.12988,-2.0752,2.0752,-24.5972,1
1052.56,-0.0258789,-0.653809,1.08643,-1.70898,2.68555,-25.7568,1
1052.57,-0.00195312,-0.794922,0.906738,-3.41797,3.66211,-26.9165,1
1052.58,-0.0883789,-1.06201,0.896484,-0.732422,2.50244,-26.9775,1
1052.59,-0.0473633,-0.68457,0.918945,0.549316,2.2583,-27.2827,1
1052.6,-0.0498047,-0.528809,0.897949,-1.83105,2.38037,-28.1982,1
1052.61,-0.133789,-1.09277,0.958984,-1.0376,2.38037,-28.6865,1
1052.62,-0.133789,-0.754883,0.956543,4.57764,1.58691,-28.3203,1
1052.63,-0.117676,-0.476562,0.859375,1.09863,2.62451,-29.7852,1
1052.64,-0.206543,-1.16797,0.939453,1.58691,2.01416,-28.9917,1
1052.65,-0.220703,-0.836914,1,6.10352,0.793457,-29.3579,1
1052.66,-0.175781,-0.445312,0.89502,2.80762,2.13623,-31.1279,1
1052.67,-0.22998,-1.16211,0.873535,2.62451,2.44141,-30.3345,1
1052.68,-0.271484,-0.756348,0.934082,6.95801,2.19727,-30.3345,1
1052.69,-0.193359,-0.504395,0.932617,2.01416,3.05176,-32.2876,1
1052.7,-0.214355,-1.11719,0.976074,2.19727,2.2583,-31.1279,1
1052.71,-0.215332,-0.814453,1.03906,4.88281,1.70898,-31.0059,1
1052.72,-0.179688,-0.541992,0.919434,0.610352,2.68555,-32.7759,1
1052.73,-0.220215,-1.146,1.05029,-0.366211,3.41797,-32.5317,1
1052.74,-0.217285,-0.84375,1.02295,2.86865,2.2583,-31.9214,1
1052.75,-0.199707,-0.682617,0.954102,-1.2207,3.17383,-33.02,1
1052.76,-0.27002,-1.00586,1.04346,-1.52588,2.2583,-33.2031,1
1052.77,-0.154785,-0.809082,1.00781,-0.976562,2.2583,-33.6914,1
1052.78,-0.126953,-0.839355,0.978027,-2.13623,2.62451,-33.4473,1
1052.79,-0.173828,-0.971191,1.03076,-2.01416,1.34277,-33.5693,1
1052.8,-0.124023,-0.791016,1.06934,-1.28174,1.95312,-33.8135,1
1052.8,-0.126953,-0.871582,1.03906,-2.44141,2.68555,-34.1187,1
1052.81,-0.130859,-1.00244,0.958008,-0.793457,1.46484,-33.2642,1
1052.82,-0.133789,-0.876465,0.979492,-0.915527,0.915527,-34.4238,1
1052.83,-0.0839844,-0.868652,0.937012,-0.366211,1.46484,-34.2407,1
1052.84,-0.0874023,-0.795898,0.928223,-0.610352,1.52588,-34.6069,1
1052.85,-0.126465,-0.941406,0.92041,0.183105,0.793457,-34.0576,1
1052.86,-0.120117,-0.820312,0.892578,1.89209,0.915527,-33.8745,1
1052.87,-0.102539,-0.746094,0.887207,1.46484,1.89209,-34.1797,1
1052.88,-0.123535,-0.949219,0.902832,1.77002,1.34277,-33.7524,1
1052.89,-0.105469,-0.956055,0.950195,3.11279,0.732422,-33.2031,1
1052.9,-0.103516,-0.746582,0.943848,2.68555,1.70898,-33.1421,1
1052.91,-0.13623,-1.02295,0.905273,0.610352,2.56348,-33.7524,1
1052.92,-0.128418,-0.919922,0.901367,3.11279,2.74658,-31.9824,1
1052.93,-0.160645,-0.739746,0.986328,0.793457,3.90625,-33.3862,1
1052.94,-0.169434,-0.97998,0.998047,0.244141,3.96729,-32.4097,1
1052.95,-0.123047,-0.816406,0.958008,2.38037,4.21143,-31.1279,1
1052.96,-0.208984,-0.888184,0.939941,0,4.39453,-32.1045,1
1052.97,-0.175781,-1.01514,0.94873,0.488281,4.39453,-32.0435,1
1052.98,-0.178711,-0.913086,0.981445,0.915527,6.22559,-31.311,1
1052.99,-0.21875,-0.720215,1.05811,-0.183105,5.00488,-31.7993,1
1053,-0.137207,-0.952148,0.909668,-2.92969,4.57764,-32.7759,1
1053.01,-0.140625,-0.905762,0.921875,1.64795,4.63867,-31.0669,1
1053.02,-0.220703,-0.617188,0.91748,-1.70898,4.02832,-33.6304,1
1053.03,-0.125488,-1.08105,0.850098,-1.40381,3.54004,-32.959,1
1053.04,-0.14209,-0.658203,0.870117,3.05176,3.78418,-32.2876,1
1053.05,-0.14209,-0.721191,0.870117,-2.31934,2.86865,-34.79,1
1053.06,-0.149902,-1.19775,0.941406,1.09863,2.01416,-33.5083,1
1053.07,-0.154785,-0.681152,0.893555,3.2959,1.34277,-33.9966,1
1053.08,-0.160645,-0.744629,1.00146,-1.09863,1.40381,-35.5225,1
1053.09,-0.09375,-1.10742,0.920898,1.64795,0.244141,-34.2407,1
1053.09,-0.12793,-0.819336,0.866699,3.72314,0.793457,-34.1797,1
1053.1,-0.149414,-0.766602,0.984863,2.2583,-0.366211,-34.8511,1
1053.11,-0.0996094,-0.917969,0.964355,2.99072,-0.183105,-34.4238,1
1053.12,-0.141602,-0.890625,0.949219,5.06592,0,-33.8745,1
1053.13,-0.191895,-0.845215,0.957031,4.45557,-1.09863,-34.3628,1
1053.14,-0.117188,-0.917969,0.930664,4.63867,-1.15967,-34.729,1
1053.15,-0.118652,-0.864258,0.973145,5.37109,-0.0610352,-33.8745,1
1053.16,-0.142578,-0.797363,0.991699,3.90625,-0.915527,-33.6914,1
1053.17,-0.158203,-0.909668,0.978516,2.74658,-1.34277,-33.3862,1
1053.18,-0.147949,-0.844727,1.01221,3.72314,-0.427246,-32.1655,1
1053.19,-0.143555,-0.657227,0.995117,2.38037,0.244141,-32.2876,1
1053.2,-0.160645,-0.959961,0.992676,0.793457,-0.183105,-32.1045,1
1053.21,-0.111328,-0.868164,0.966797,3.11279,-0.732422,-30.2734,1
1053.22,-0.121094,-0.656738,0.964355,1.15967,0.12207,-30.9448,1
1053.23,-0.108887,-1.05713,1.03906,0.671387,0.366211,-29.6631,1
1053.24,-0.0712891,-0.787598,1.00439,4.45557,0.12207,-28.3813,1
1053.25,-0.117188,-0.776855,0.964355,2.13623,0.671387,-28.6865,1
1053.26,-0.102051,-1.10693,1.02734,4.21143,-0.244141,-27.0996,1
1053.27,-0.0791016,-0.629883,0.973145,5.7373,0.305176,-26.7334,1
1053.28,-0.0917969,-0.715332,0.970215,1.77002,1.15967,-27.0996,1
1053.29,-0.0776367,-1.11621,0.970703,2.86865,0.366211,-25.5127,1
1053.3,-0.0581055,-0.75,0.964355,4.08936,0.0610352,-25.1465,1
1053.31,-0.0678711,-0.679199,1.02734,-0.244141,0.488281,-25.6958,1
1053.32,-0.0742188,-1.04883,1.00684,0,-0.244141,-24.292,1
1053.33,-0.0712891,-0.747559,1.00635,1.0376,-0.549316,-23.6206,1
1053.34,-0.0668945,-0.647461,0.964355,-1.70898,-0.305176,-24.1699,1
1053.35,-0.0878906,-1.12354,0.962402,-2.38037,-0.366211,-23.6206,1
1053.36,-0.0317383,-0.816895,0.949219,1.34277,-0.610352,-22.2778,1
1053.37,-0.0961914,-0.666992,1.03223,-4.02832,-0.305176,-23.6816,1
1053.38,-0.0717773,-1.1001,1.05127,-3.05176,-1.28174,-22.1558,1
1053.39,-0.118164,-0.772949,1.02002,-1.46484,-0.549316,-21.6675,1
1053.4,-0.0898438,-0.802734,0.977539,-3.41797,-0.12207,-22.4609,1
1053.41,-0.0849609,-0.980957,0.981934,-1.83105,-0.610352,-21.1792,1
1053.42,-0.0693359,-0.865234,1.0166,0,-0.305176,-20.874,1
1053.43,-0.0966797,-0.804688,0.98291,1.0376,-0.488281,-20.5688,1
1053.44,-0.0830078,-0.976074,0.974609,1.34277,-0.244141,-21.4233,1
1053.45,-0.0869141,-0.945801,0.94873,3.78418,-0.305176,-19.8975,1
1053.45,-0.0834961,-0.691406,0.963379,2.56348,-0.244141,-20.6909,1
1053.46,-0.0859375,-0.847656,0.933594,0.244141,-0.0610352,-20.9351,1
1053.47,-0.0463867,-0.967285,0.924805,2.80762,0.732422,-19.7144,1
1053.48,-0.0717773,-0.711914,0.956543,2.44141,0.671387,-20.1416,1
1053.49,-0.0532227,-0.869629,0.963867,0.732422,0.183105,-20.5688,1
1053.5,-0.0307617,-0.896484,0.976074,2.19727,0.976562,-19.104,1
1053.51,-0.0795898,-0.658691,0.992188,2.13623,1.64795,-19.5312,1
1053.52,-0.0869141,-0.941406,0.95459,1.0376,1.70898,-20.0806,1
1053.53,0.00244141,-0.9375,0.816406,4.94385,1.28174,-18.9209,1
1053.54,-4.882812e-04,-0.707031,0.88623,4.21143,2.01416,-20.1416,1
1053.55,0.0361328,-0.837402,0.998047,3.2959,1.15967,-20.2026,1
1053.56,0.043457,-0.836914,0.994141,4.39453,0.793457,-19.5312,1
1053.57,0.0415039,-0.803711,0.959961,4.39453,0.976562,-20.0195,1
1053.58,0.0830078,-0.766113,0.949219,4.69971,0.488281,-20.0195,1
1053.59,0.0932617,-0.765137,0.959473,3.96729,0.305176,-20.6909,1
1053.6,0.0600586,-0.777832,0.990723,4.76074,-0.488281,-19.8975,1
1053.61,0.0546875,-0.73291,1.03955,3.84521,-1.40381,-20.6909,1
1053.62,0.106445,-0.750488,1.00244,2.86865,-1.2207,-21.3013,1
1053.63,0.0986328,-0.696777,0.982422,2.92969,-1.64795,-20.6909,1
1053.64,0.0830078,-0.777344,0.941895,1.52588,-2.19727,-21.2402,1
1053.65,0.131348,-0.780762,0.948242,2.86865,-2.86865,-20.5688,1
1053.66,0.161133,-0.573242,0.966797,2.62451,-1.95312,-20.9351,1
1053.67,0.15918,-0.65918,0.98291,1.34277,-1.64795,-21.5454,1
1053.68,0.202637,-0.674805,0.965332,1.64795,-2.50244,-20.874,1
1053.69,0.178223,-0.743164,0.994629,1.83105,-2.31934,-20.9961,1
1053.7,0.137207,-0.761719,0.976562,4.39453,-2.74658,-19.9585,1
1053.71,0.145508,-0.625488,0.930176,4.21143,-2.0752,-20.752,1
1053.72,0.172852,-0.671875,0.966309,4.15039,-1.70898,-20.5078,1
1053.73,0.193359,-0.663574,0.98291,4.63867,-1.83105,-20.0195,1
1053.74,0.201172,-0.597168,0.977051,4.45557,-2.0752,-19.8975,1
1053.75,0.242676,-0.637207,1.01562,4.82178,-1.2207,-19.5312,1
1053.76,0.261719,-0.687988,0.999023,5.37109,-0.854492,-18.9209,1
1053.77,0.246582,-0.603027,0.972168,5.61523,-1.15967,-18.4937,1
1053.77,0.224609,-0.67627,0.973145,4.27246,-0.366211,-18.9819,1
1053.78,0.225098,-0.689941,0.973633,4.3335,0.0610352,-18.2495,1
1053.79,0.193359,-0.530273,1.01416,2.19727,0.549316,-18.7378,1
1053.8,0.207031,-0.664062,1.11816,0.183105,0.549316,-19.4702,1
1053.81,0.194336,-0.70752,0.983887,2.01416,0.732422,-18.3105,1
1053.82,0.175781,-0.528809,0.916016,1.70898,1.34277,-19.104,1
1053.83,0.187012,-0.631348,0.953613,-0.305176,1.28174,-20.3247,1
1053.84,0.178223,-0.747559,1.01416,-0.549316,1.15967,-20.0195,1
1053.85,0.14209,-0.678223,1.08643,-0.793457,1.0376,-20.2026,1
1053.86,0.0859375,-0.588867,1.06396,-1.52588,1.15967,-21.0571,1
1053.87,0.0751953,-0.697266,1.02344,-2.19727,2.19727,-22.1558,1
1053.88,0.081543,-0.665527,0.937012,-1.09863,2.80762,-22.1558,1
1053.89,0.0249023,-0.757812,0.964844,-2.01416,2.68555,-23.7427,1
1053.9,-0.0258789,-0.776855,1.00635,-0.915527,2.2583,-23.6206,1
1053.91,-0.0136719,-0.555176,0.960449,-1.09863,3.2959,-24.1089,1
1053.92,-0.134766,-0.803223,1.06201,-2.2583,3.2959,-25.6348,1
1053.93,-0.102051,-0.753418,0.958008,-0.549316,2.62451,-26.123,1
1053.94,-0.0932617,-0.55957,0.802246,-0.244141,3.78418,-26.4282,1
1053.95,-0.167969,-0.887695,0.874512,-0.610352,3.72314,-27.4048,1
1053.96,-0.119629,-0.824219,0.947266,1.89209,2.56348,-28.1982,1
1053.97,-0.141113,-0.52002,0.992676,1.09863,3.72314,-28.8696,1
1053.98,-0.186035,-0.788086,0.991211,-1.52588,2.74658,-29.7852,1
1053.98,-0.126465,-0.888184,0.787598,0.305176,2.01416,-29.6021,1
1053.99,-0.206543,-0.649902,0.82666,1.15967,3.35693,-30.3955,1
1054,-0.206055,-0.797363,0.915039,0.549316,2.44141,-31.4331,1
1054.01,-0.152832,-0.696777,0.955566,2.2583,1.46484,-31.1279,1
1054.02,-0.129395,-0.588867,0.879883,0,1.89209,-32.5317,1
1054.03,-0.149902,-0.918457,0.905273,-0.0610352,1.34277,-32.5928,1
1054.04,-0.178223,-0.88623,0.92334,2.44141,0.854492,-32.5928,1
1054.05,-0.185547,-0.698242,0.945312,2.01416,1.40381,-33.4473,1
1054.06,-0.203125,-0.83252,0.952637,1.64795,1.09863,-33.9966,1
1054.07,-0.192383,-0.774414,0.993164,2.44141,0,-33.4473,1
1054.08,-0.169434,-0.748047,1.06299,0.793457,0.244141,-34.4849,1
1054.09,-0.17041,-0.916992,1.04395,0.671387,0.366211,-33.7524,1
1054.1,-0.144043,-0.799316,1.03467,1.34277,0.366211,-33.2031,1
1054.11,-0.169922,-0.845703,1.04785,-0.854492,0.732422,-34.1187,1
1054.12,-0.196289,-0.989746,1.04883,0.671387,0.915527,-32.7759,1
1054.13,-0.17627,-0.76416,1.0791,0.244141,0.793457,-33.2031,1
1054.14,-0.150879,-0.877441,1.06689,-0.915527,1.40381,-33.2642,1
1054.15,-0.118652,-0.841797,1.04834,1.0376,1.70898,-31.9824,1
1054.16,-0.135742,-0.727539,1.03271,0.610352,1.77002,-32.2876,1
1054.17,-0.137207,-0.980469,1.01416,1.52588,1.58691,-31.4941,1
1054.18,-0.157227,-0.67627,1.02637,4.63867,1.34277,-30.4565,1
1054.19,-0.152344,-0.662598,1.03906,2.38037,2.13623,-31.311,1
1054.2,-0.128418,-0.980957,1.03174,4.63867,1.77002,-29.7241,1
1054.21,-0.12207,-0.595215,0.95459,7.26318,1.28174,-28.8086,1
1054.22,-0.123535,-0.677246,0.983887,5.49316,1.77002,-29.1748,1
1054.23,-0.0761719,-0.836914,0.954102,9.09424,0.671387,-27.0386,1
1054.24,-0.0927734,-0.605957,0.943359,9.8877,1.15967,-26.8555,1
1054.25,-0.101074,-0.623535,0.962402,8.91113,0.488281,-26.5503,1
1054.26,-0.10498,-0.577148,0.969238,9.39941,0.793457,-24.9023,1
1054.27,-0.0693359,-0.518066,0.965332,8.8501,0.976562,-24.1089,1
1054.28,-0.0615234,-0.599121,0.929688,7.8125,0.366211,-23.1934,1
1054.29,-0.0283203,-0.592285,0.877441,7.87354,-0.0610352,-21.3623,1
1054.3,-0.0395508,-0.532227,0.915527,6.7749,0.12207,-20.5688,1
1054.31,-0.0336914,-0.518066,0.960938,5.18799,-0.12207,-19.7754,1
1054.32,-0.0268555,-0.490234,0.98291,4.02832,-0.366211,-18.4326,1
1054.33,-0.0322266,-0.55127,0.96875,2.50244,-0.427246,-17.8223,1
1054.33,-0.034668,-0.598633,0.964355,2.80762,-0.793457,-16.0522,1
1054.34,-0.0327148,-0.503906,0.931641,2.44141,-0.610352,-15.3198,1
1054.35,-0.0356445,-0.535156,0.934082,1.40381,-0.610352,-14.6484,1
1054.36,-0.0234375,-0.546875,0.999023,1.2207,-1.0376,-13.4888,1
1054.37,0.034668,-0.605469,1.04883,0.12207,-1.09863,-13.0005,1
1054.38,0.151367,-0.612305,1.04102,0.793457,-1.58691,-11.4136,1
1054.39,0.220215,-0.546875,0.998535,0.366211,-1.15967,-11.0474,1
1054.4,0.255859,-0.564453,0.965332,0,-1.2207,-10.6201,1
1054.41,0.211426,-0.569824,0.996582,0.244141,-1.40381,-10.1318,1
1054.42,0.186523,-0.549316,1.05518,0.12207,-1.64795,-9.94873,1
1054.43,0.120117,-0.544434,1.08984,0.12207,-1.89209,-9.33838,1
1054.44,0.138672,-0.583008,1.0791,0.671387,-2.2583,-8.97217,1
1054.45,0.22998,-0.535156,1.03662,1.95312,-2.31934,-8.48389,1
1054.46,0.26416,-0.458496,1.0376,2.01416,-1.95312,-8.78906,1
1054.47,0.283203,-0.551758,1.0498,1.28174,-2.38037,-9.21631,1
1054.48,0.288574,-0.511719,1.04053,2.44141,-2.44141,-8.60596,1
1054.49,0.26416,-0.42627,1.03223,1.64795,-1.77002,-9.33838,1
1054.5,0.226562,-0.582031,1.03223,1.77002,-1.52588,-9.8877,1
1054.51,0.207031,-0.583984,1.02246,3.41797,-1.58691,-9.64355,1
1054.52,0.169922,-0.452637,1.04297,3.17383,-0.976562,-10.6812,1
1054.53,0.175781,-0.531738,1.05615,2.38037,-0.427246,-11.8408,1
1054.54,0.174316,-0.484375,1.01367,3.11279,-0.12207,-11.6577,1
1054.55,0.161621,-0.382324,0.990234,1.89209,0.183105,-12.9395,1
1054.56,0.113281,-0.608887,1.01953,1.40381,0.488281,-13.6108,1
1054.57,0.0776367,-0.603027,1.1377,2.92969,0.183105,-13.855,1
1054.58,0.0712891,-0.42627,1.13232,1.70898,0.488281,-15.564,1
1054.59,0.0786133,-0.548828,1.01758,0.610352,0.549316,-16.3574,1
1054.6,0.0952148,-0.539551,0.932617,0.610352,0.0610352,-17.0288,1
1054.61,0.0795898,-0.480469,0.932129,-0.244141,0.305176,-18.4326,1
1054.62,0.0415039,-0.683105,0.953125,0,0.915527,-19.4092,1
1054.63,0.0371094,-0.611328,0.957031,1.58691,0.183105,-19.6533,1
1054.63,0.0493164,-0.452148,0.96582,-0.305176,-0.183105,-21.6064,1
1054.64,0.0541992,-0.606934,0.944824,-1.46484,-0.427246,-22.2168,1
1054.65,0.0571289,-0.63623,0.905762,-0.610352,-0.854492,-22.522,1
1054.66,0.0742188,-0.585938,0.945312,-1.77002,-0.976562,-24.1699,1
1054.67,0.0751953,-0.678223,1.02344,-2.38037,-1.09863,-25.0854,1
1054.68,0.0712891,-0.604492,1.02002,-2.13623,-1.52588,-24.9634,1
1054.69,0.0512695,-0.608398,1.04199,-3.23486,-1.77002,-26.1841,1
1054.7,0.0249023,-0.694824,1.04053,-3.2959,-1.58691,-26.6113,1
1054.71,-0.0170898,-0.720215,1.05176,-2.86865,-1.2207,-26.6113,1
1054.72,-0.0458984,-0.755859,1.03418,-3.2959,-1.15967,-27.5269,1
1054.73,-0.0556641,-0.707031,0.996094,-2.68555,-0.854492,-27.4048,1
1054.74,-0.0898438,-0.735352,1.00146,-3.23486,-0.427246,-28.1372,1
1054.75,-0.059082,-0.772949,1.0249,-2.2583,-0.488281,-28.1372,1
1054.76,-0.0532227,-0.669922,1.05713,-2.2583,0.366211,-28.5034,1
1054.77,-0.0371094,-0.84668,1.10156,-2.74658,1.28174,-28.8086,1
1054.78,-0.104492,-0.737793,0.98877,-0.854492,1.40381,-28.0151,1
1054.79,-0.161133,-0.687012,0.859863,-1.70898,2.44141,-29.1748,1
1054.8,-0.187988,-0.911621,0.878418,-0.976562,2.0752,-29.3579,1
1054.81,-0.169434,-0.717285,1.03076,0.854492,2.56348,-29.0527,1
1054.82,-0.120117,-0.696777,1.05127,-0.549316,3.54004,-29.9072,1
1054.83,-0.13916,-0.91748,1.0166,-0.12207,3.2959,-29.6631,1
1054.84,-0.14502,-0.743652,0.887207,1.0376,3.60107,-28.9917,1
1054.85,-0.111328,-0.658691,0.854004,-0.366211,4.15039,-30.2734,1
1054.86,-0.10498,-0.89502,0.944336,0,3.66211,-30.2124,1
1054.87,-0.0883789,-0.715332,1.01465,0.976562,3.11279,-30.1514,1
1054.88,-0.119629,-0.723145,0.993164,-1.2207,3.66211,-31.311,1
1054.89,-0.152344,-0.862305,0.925781,-0.12207,3.23486,-30.3345,1
1054.9,-0.0810547,-0.716797,0.854492,0,2.80762,-31.0059,1
1054.91,-0.0522461,-0.793945,0.837891,-0.854492,3.17383,-31.6772,1
1054.92,-0.0488281,-0.847168,0.912598,-0.427246,2.62451,-31.4941,1
1054.92,-0.0708008,-0.738281,0.964844,-0.305176,2.38037,-31.6162,1
1054.93,-0.0795898,-0.765137,0.976562,-1.34277,2.44141,-32.4707,1
1054.94,-0.0566406,-0.894531,0.952637,-0.488281,2.01416,-31.9214,1
1054.95,-0.00341797,-0.774902,0.949707,-0.0610352,1.64795,-31.8604,1
1054.96,0.0620117,-0.827148,0.899902,-1.58691,1.77002,-32.6538,1
1054.97,0.0737305,-0.870605,0.935547,-0.854492,1.40381,-31.8604,1
1054.98,0.0917969,-0.762207,1.04395,-2.2583,1.28174,-32.7759,1
1054.99,0.0732422,-0.837402,1.01611,-2.19727,0.793457,-32.3486,1
1055,0.0439453,-0.891113,0.94873,-1.77002,0.671387,-31.9214,1
1055.01,0.0556641,-0.757812,0.98584,-1.64795,-0.0610352,-31.7383,1
1055.02,0.0722656,-0.819824,0.96875,-2.31934,0.610352,-31.8604,1
1055.03,0.100098,-0.80127,0.942871,-1.58691,0.12207,-31.25,1
1055.04,0.103516,-0.80127,0.925781,-1.28174,0.305176,-31.311,1
1055.05,0.139648,-0.864746,0.911621,-0.183105,0.366211,-30.9448,1
1055.06,0.144531,-0.959473,0.996094,0.366211,0.183105,-30.7617,1
1055.07,0.117188,-0.853027,1.04639,1.15967,0.549316,-29.7241,1
1055.08,0.078125,-0.727051,1.00635,-0.183105,0.976562,-29.7241,1
1055.09,0.0644531,-0.851562,0.865723,-0.610352,1.0376,-29.4189,1
1055.1,0.120605,-0.851074,0.787109,-0.12207,0.976562,-28.9917,1
1055.11,0.104492,-0.931641,0.884277,0.366211,1.70898,-29.1138,1
1055.12,0.0595703,-0.90918,1.07227,1.64795,1.70898,-28.3813,1
1055.13,0.0957031,-0.687988,1.0625,1.0376,2.19727,-28.1982,1
1055.14,0.0600586,-0.780273,0.978516,-0.610352,2.56348,-28.0151,1
1055.15,0.0898438,-0.944336,0.883301,-0.244141,1.77002,-27.4048,1
1055.16,0.143555,-0.720215,0.833496,0.12207,1.77002,-27.2827,1
1055.17,0.116211,-0.847168,0.97168,-1.28174,2.44141,-27.832,1
1055.18,0.090332,-0.960938,1.03125,0.793457,2.0752,-26.6724,1
1055.19,0.0888672,-0.594238,0.957031,1.34277,2.62451,-26.7334,1
1055.2,0.0800781,-0.766113,0.839844,-0.976562,2.92969,-27.3438,1
1055.21,0.0898438,-1.0332,0.834473,1.40381,2.19727,-26.062,1
1055.22,0.0610352,-0.759277,0.926758,2.80762,2.44141,-26.6113,1
1055.23,0.0805664,-0.796387,0.990723,1.28174,2.56348,-27.5269,1
1055.23,0.0727539,-0.897949,0.910645,3.66211,2.56348,-26.1841,1
1055.24,0.097168,-0.724121,0.899414,3.11279,1.95312,-26.7944,1
1055.25,0.10791,-0.82373,0.952637,1.40381,2.01416,-26.9165,1
1055.26,0.0307617,-0.962891,1,2.0752,2.56348,-25.6958,1
1055.27,-0.027832,-0.759766,1.03027,2.01416,2.44141,-25.6348,1
1055.28,-0.019043,-0.799805,0.989746,-0.0610352,2.56348,-26.8555,1
1055.29,0.0512695,-0.875,0.921387,1.0376,2.68555,-26.001,1
1055.3,0.0678711,-0.737305,0.90918,0.488281,2.19727,-26.5503,1
1055.31,0.0615234,-0.875,0.966309,-0.305176,1.89209,-26.4282,1
1055.32,0.0253906,-0.843262,1,0.610352,1.95312,-25.7568,1
1055.33,-0.0317383,-0.790527,1.00293,-0.366211,2.50244,-26.6724,1
1055.34,0.00488281,-0.88623,0.97168,0.12207,2.62451,-26.6724,1
1055.35,0.0102539,-0.750488,0.936035,1.09863,1.83105,-26.3062,1
1055.36,0.0512695,-0.793945,0.967773,-0.305176,1.0376,-27.4658,1
1055.37,0.0927734,-0.844727,0.973145,1.34277,0.915527,-26.6113,1
1055.38,0.0458984,-0.76709,0.97168,2.2583,1.28174,-26.8555,1
1055.39,0.0419922,-0.854004,0.95166,2.68555,0.305176,-27.4658,1
1055.4,0.103027,-0.816895,0.92334,4.3335,0.488281,-27.0386,1
1055.41,0.0957031,-0.850098,1.03076,4.02832,0.549316,-27.4048,1
1055.42,0.127441,-0.87793,1.0332,3.78418,-0.549316,-27.2217,1
1055.43,0.127441,-0.805176,0.98584,3.05176,-0.427246,-27.5269,1
1055.44,0.0991211,-0.833496,0.959473,2.68555,-0.427246,-27.4048,1
1055.45,0.108398,-0.737305,0.978516,2.01416,-0.915527,-27.8931,1
1055.46,0.166992,-0.759766,0.945801,1.09863,-1.0376,-28.3813,1
1055.47,0.188477,-0.855957,0.972168,1.83105,-0.976562,-27.4658,1
1055.48,0.124512,-0.80127,1.04248,1.34277,-1.40381,-27.71,1
1055.49,0.140137,-0.8125,1.02441,0.12207,-1.46484,-28.2593,1
1055.5,0.163574,-0.87207,0.928711,0.671387,-0.854492,-27.6489,1
1055.51,0.140625,-0.741699,0.923828,0.0610352,-1.15967,-28.1982,1
1055.52,0.205078,-0.873047,0.977539,-1.2207,-0.976562,-28.7476,1
1055.53,0.17041,-0.779297,1.05225,0.0610352,-0.732422,-27.8931,1
1055.54,0.146973,-0.727539,1.02734,-1.89209,-0.549316,-28.8696,1
1055.55,0.121094,-0.869629,1.0166,-0.976562,-0.610352,-28.1372,1
1055.56,0.11084,-0.897461,0.964844,0,-0.305176,-27.8931,1
1055.57,0.111328,-0.829102,1.00781,0.183105,-0.793457,-28.1982,1
1055.58,0.124023,-0.917969,0.975586,-0.427246,-0.0610352,-28.9917,1
1055.59,0.134766,-0.840332,1.00684,2.13623,0.0610352,-27.6489,1
1055.59,0.147461,-0.756836,0.944824,0.976562,0.488281,-28.6865,1
1055.6,0.0913086,-0.887695,1.06104,1.09863,-0.366211,-28.5645,1
1055.61,0.0454102,-0.925293,1.02979,1.64795,0.305176,-28.3813,1
1055.62,0.0473633,-0.805664,0.94043,2.44141,0.732422,-27.832,1
1055.63,0.0498047,-0.864746,0.95166,0.12207,0.854492,-29.2358,1
1055.64,0.0834961,-0.868164,0.955078,1.40381,0.732422,-28.3203,1
1055.65,0.146973,-0.754883,0.955566,0.976562,1.40381,-29.1748,1
1055.66,0.0888672,-0.810059,1.0332,0.915527,0.0610352,-28.9307,1
1055.67,0.0551758,-0.873047,0.946289,0.793457,0.671387,-29.1138,1
1055.68,0.0151367,-0.866211,0.927246,2.19727,1.70898,-28.4424,1
1055.69,-0.0112305,-0.895508,0.96875,1.09863,1.28174,-29.6631,1
1055.7,0.104004,-0.890625,1.01025,1.46484,0.610352,-29.0527,1
1055.71,0.0908203,-0.806641,0.995117,1.28174,0.793457,-28.9307,1
1055.72,0.102051,-0.865234,1.03418,0.732422,0.732422,-29.8462,1
1055.73,0.114746,-0.813965,0.898438,1.70898,1.46484,-29.4189,1
1055.74,0.0610352,-0.876953,0.880371,1.77002,1.70898,-28.8696,1
1055.75,0.0356445,-0.918457,0.987793,1.34277,0.793457,-29.4189,1
1055.76,0.0541992,-0.796875,0.992188,1.64795,0.976562,-29.2358,1
1055.77,0.0419922,-0.873047,0.998047,1.52588,2.19727,-29.48,1
1055.78,0.0576172,-0.865723,1.00391,1.34277,0.915527,-30.1514,1
1055.79,0.127441,-0.782715,0.877441,0.854492,1.09863,-30.0903,1
1055.79,0.0522461,-0.827148,0.913574,0.610352,1.70898,-29.48,1
1055.8,0.0400391,-0.92041,0.998535,0.366211,1.0376,-29.8462,1
1055.81,0.0253906,-0.855469,1.0625,1.40381,1.58691,-29.6021,1
1055.82,0.00927734,-0.750488,0.989746,0,1.70898,-30.3345,1
1055.83,0.0375977,-0.971191,0.952148,-0.305176,1.95312,-29.7852,1
1055.84,0.0356445,-0.782715,0.94873,0.366211,1.0376,-30.0293,1
1055.85,0.0493164,-0.866211,0.938477,-1.0376,2.0752,-30.7617,1
1055.86,0.0522461,-0.986328,0.958496,1.52588,1.95312,-29.6631,1
1055.87,0.0205078,-0.813965,1.06396,1.09863,1.64795,-30.7007,1
1055.88,0.0410156,-0.820801,0.987793,0.427246,1.58691,-30.7617,1
1055.89,0.0136719,-0.894043,0.973633,0.976562,2.19727,-30.0903,1
1055.9,0.027832,-0.871582,1.01367,0.671387,0.976562,-30.7007,1
1055.91,0.0942383,-0.874512,0.894531,0.671387,0.610352,-30.7007,1
1055.92,0.0917969,-0.880371,0.912598,1.58691,1.40381,-30.3345,1
1055.93,0.123535,-0.812988,1.02051,1.15967,0.732422,-31.0669,1
1055.94,0.135254,-0.914551,1.01221,0.366211,0.915527,-31.311,1
1055.95,0.100586,-0.929688,1.00586,1.77002,0.366211,-29.9072,1
1055.96,0.0976562,-0.748047,1.03174,-0.12207,0,-31.189,1
1055.97,0.141602,-0.875977,0.993652,-1.52588,0.12207,-31.6162,1
1055.98,0.137695,-0.904297,0.952148,0.671387,0.488281,-30.0903,1
1055.99,0.161621,-0.760742,0.996582,-0.732422,-0.427246,-31.3721,1
1056,0.239258,-0.915527,0.992188,-0.915527,-0.671387,-31.189,1
1056.01,0.196289,-0.837891,0.999023,1.0376,0,-30.2124,1
1056.02,0.131836,-0.743652,0.975098,-0.549316,-0.305176,-30.9448,1
1056.03,0.135254,-0.899414,0.912598,0.366211,-0.366211,-30.0903,1
1056.04,0.18457,-0.822266,0.897949,2.2583,0.12207,-29.6021,1
1056.05,0.272461,-0.784668,0.905762,2.31934,0.427246,-30.1514,1
1056.06,0.249512,-0.839844,0.986816,2.38037,0.366211,-29.7241,1
1056.07,0.169922,-0.881348,0.999023,2.99072,0.793457,-28.5645,1
1056.08,0.161133,-0.708008,0.91748,3.05176,1.0376,-28.0151,1
1056.09,0.19043,-0.892578,0.888672,1.83105,1.77002,-28.3203,1
1056.1,0.223145,-0.79248,0.941406,3.2959,1.28174,-27.4048,1
1056.11,0.223145,-0.757324,1.04883,1.2207,2.01416,-28.1372,1
1056.12,0.229004,-0.901367,1.03711,2.2583,1.46484,-26.6724,1
1056.13,0.250488,-0.737305,0.960449,1.46484,1.70898,-26.7334,1
1056.14,0.246582,-0.824219,0.943848,-0.305176,2.0752,-26.9165,1
1056.15,0.187988,-0.917969,0.996582,0.427246,2.0752,-25.7568,1
1056.16,0.150391,-0.760742,1.00293,0.244141,1.83105,-25.8179,1
1056.17,0.220215,-0.842285,0.98291,-0.610352,1.95312,-26.062,1
1056.18,0.236328,-0.841309,1.04492,0.244141,2.0752,-25.2686,1
1056.18,0.19873,-0.701172,0.990723,0.0610352,2.13623,-25.6958,1
1056.19,0.209473,-0.715332,0.913086,-0.732422,1.89209,-26.062,1
1056.2,0.226562,-0.904785,0.891113,0.488281,1.64795,-25.3296,1
1056.21,0.174316,-0.785645,0.879883,2.56348,1.15967,-25.2075,1
1056.22,0.22998,-0.760742,0.942871,2.19727,1.2207,-26.001,1
1056.23,0.177734,-0.811035,0.971191,3.84521,1.58691,-24.8413,1
1056.24,0.173828,-0.694336,0.875977,3.17383,0.610352,-25.2075,1
1056.25,0.195312,-0.849121,0.81543,2.99072,0.671387,-24.9634,1
1056.26,0.239746,-0.667969,0.967285,4.39453,0.305176,-24.7803,1
1056.27,0.29541,-0.643555,0.974121,2.2583,0.488281,-25.2686,1
1056.28,0.311523,-0.888184,0.948242,3.05176,0,-23.9258,1
1056.29,0.218262,-0.76416,0.961914,2.99072,0,-23.9258,1
1056.3,0.145508,-0.740723,0.989258,1.52588,0.305176,-23.8037,1
1056.31,0.211914,-0.692383,0.992188,1.28174,-0.305176,-23.1934,1
1056.32,0.254883,-0.736328,1.0376,0.915527,0.732422,-23.3154,1
1056.33,0.229492,-0.665039,0.990234,2.62451,0.366211,-22.0947,1
1056.34,0.196289,-0.647461,0.929199,1.77002,0.671387,-22.2168,1
1056.35,0.0585938,-0.777832,0.997559,2.74658,1.0376,-20.6299,1
1056.36,-0.0639648,-0.708496,1,3.2959,1.15967,-19.165,1
1056.37,-0.0786133,-0.713379,1.06104,3.78418,1.58691,-18.5547,1
1056.38,-0.00537109,-0.54248,1.04346,5.31006,2.0752,-17.7612,1
1056.39,0.134277,-0.51416,0.938965,5.43213,2.86865,-17.4561,1
1056.4,0.124023,-0.646484,0.891113,7.99561,2.38037,-15.8691,1
1056.41,0.0732422,-0.439453,0.905762,10.0098,1.83105,-14.7705,1
1056.42,-0.0146484,-0.424805,0.858887,8.8501,1.77002,-14.5264,1
1056.43,-0.0859375,-0.615234,0.900391,10.9863,1.83105,-12.4512,1
1056.44,-0.0454102,-0.271973,0.888672,12.5122,1.64795,-11.5967,1
1056.45,-0.0131836,-0.196777,0.862793,10.6812,1.64795,-11.2915,1
1056.46,0.0273438,-0.432617,0.921875,11.2915,0.488281,-9.58252,1
1056.47,0.0532227,-0.218262,0.918457,13.1836,-0.366211,-7.8125,1
1056.48,0.0527344,-0.204102,0.92627,11.9019,-0.183105,-7.50732,1
1056.48,0.0302734,-0.318359,0.90918,13.2446,-0.915527,-5.31006,1
1056.49,0.0131836,-0.0576172,0.92334,13.6108,-1.09863,-4.15039,1
1056.5,0.0195312,-0.0644531,0.922363,11.4746,-1.64795,-3.84521,1
1056.51,0.0576172,-0.1875,0.985352,13.0005,-2.0752,-1.58691,1
1056.52,0.0996094,0.03125,0.989746,13.916,-2.44141,-0.305176,1
1056.53,0.142578,-0.0209961,1.00195,12.6953,-2.56348,0.305176,1
1056.54,0.151855,-0.160156,1.01904,13.9771,-2.68555,2.74658,1
1056.55,0.130371,0.0507812,1.08057,14.5874,-2.86865,4.08936,1
1056.56,0.123535,0.136719,1.13037,13.0615,-2.74658,4.82178,1
1056.57,0.132324,-0.0112305,1.14844,13.3057,-2.80762,6.40869,1
1056.58,0.130859,0.13623,1.13916,14.0991,-3.05176,8.11768,1
1056.59,0.178711,0.17334,1.08057,12.5122,-2.80762,8.60596,1
1056.6,0.185059,0.165527,1.08301,12.6953,-2.50244,10.376,1
1056.61,0.187012,0.277832,1.12939,12.0239,-2.31934,10.9863,1
1056.62,0.181641,0.269531,1.12646,11.4136,-2.0752,11.5356,1
1056.63,0.142578,0.255859,1.15381,11.9629,-1.58691,12.3901,1
1056.64,0.159668,0.369629,1.10303,11.9019,-0.732422,12.9395,1
1056.65,0.181152,0.447754,1.04297,10.8032,0,13.2446,1
1056.66,0.187988,0.429199,1.04688,9.82666,0.549316,13.916,1
1056.67,0.214844,0.51416,1.06055,9.52148,0.915527,14.4653,1
1056.68,0.147949,0.563477,1.09131,8.48389,1.40381,14.7095,1
1056.69,0.135742,0.455566,1.06641,8.48389,1.83105,15.1367,1
1056.7,0.106445,0.529297,0.973633,9.15527,2.2583,15.8691,1
1056.71,0.131348,0.68457,0.931152,7.56836,2.92969,15.8691,1
1056.72,0.140137,0.672852,1.01758,5.37109,3.17383,16.0522,1
1056.73,0.0957031,0.657715,1.05518,5.31006,3.54004,17.2729,1
1056.74,0.0351562,0.585938,1.06787,5.18799,4.08936,17.5171,1
1056.75,0.0263672,0.625977,1.03271,5.85938,4.02832,18.0054,1
1056.76,0.0463867,0.78418,0.949707,4.39453,4.94385,18.0054,1
1056.77,-0.00927734,0.709961,0.925293,3.54004,5.18799,18.9209,1
1056.78,-0.027832,0.805176,1.03906,3.479,4.82178,20.2026,1
1056.79,-0.0224609,0.631836,0.989746,2.31934,5.49316,20.3247,1
1056.8,-0.0449219,0.643066,0.949219,4.45557,4.94385,21.7896,1
1056.81,-0.0615234,0.762695,0.881836,3.2959,5.37109,21.6064,1
1056.82,-0.0361328,0.660156,0.833984,2.2583,5.00488,22.644,1
1056.83,-0.0566406,0.727051,0.878418,2.01416,4.76074,23.8037,1
1056.83,-0.0571289,0.758301,0.889648,-0.427246,4.69971,23.4375,1
1056.84,-0.124023,0.652344,0.879395,-0.732422,4.15039,25.1465,1
1056.85,-0.107422,0.845215,0.872559,-0.488281,3.78418,25.8789,1
1056.86,-0.0952148,0.769043,0.834473,-2.01416,3.78418,25.9399,1
1056.87,-0.0834961,0.693848,0.89502,-1.09863,2.31934,27.4658,1
1056.88,-0.0478516,0.834961,0.952148,-2.2583,2.2583,27.3438,1
1056.89,-0.10498,0.661621,0.999512,-2.44141,2.0752,28.3203,1
1056.9,-0.145508,0.742188,0.928223,0.12207,1.58691,29.6631,1
1056.91,-0.106934,0.927734,0.938477,0.671387,1.15967,29.4189,1
1056.92,-0.0239258,0.770508,1.02783,1.89209,0.915527,29.6631,1
1056.93,0.0610352,0.854004,1.07715,5.49316,0.244141,31.0669,1
1056.94,0.0205078,0.960449,1.1499,5.98145,0.671387,30.9448,1
1056.95,0.0463867,0.854492,1.07471,6.53076,0.0610352,30.6396,1
1056.96,-0.00683594,0.82373,1.10352,8.30078,1.28174,31.311,1
1056.97,-0.0195312,0.983398,1.08105,8.17871,0.854492,31.189,1
1056.98,0.034668,0.886719,1.08789,6.22559,0.366211,30.8838,1
1056.99,0.0141602,0.759277,1.07959,6.5918,-0.0610352,31.7383,1
1057,0.0151367,0.961426,1.03906,5.43213,-0.488281,31.5552,1
1057.01,0.012207,0.90918,0.959473,1.40381,-0.366211,30.8228,1
1057.02,0.0185547,0.83252,0.969727,0.183105,-0.793457,31.9214,1
1057.03,0.0424805,1.01172,0.975098,-2.68555,-0.671387,31.1279,1
1057.04,0.0390625,0.881836,0.975098,-5.24902,-0.244141,31.0059,1
1057.05,0.0229492,0.825684,0.990723,-5.31006,-0.366211,31.4331,1
1057.06,0.0576172,0.946777,0.890625,-6.46973,-0.427246,30.7617,1
1057.07,0.106934,0.905762,0.848145,-7.87354,0.0610352,29.8462,1
1057.08,0.125977,0.824707,0.836426,-6.16455,0.244141,30.3955,1
1057.09,0.0800781,0.919922,0.935547,-4.82178,0.427246,29.7241,1
1057.1,0.0917969,0.788574,1.01611,-4.27246,0.671387,28.6865,1
1057.11,0.0463867,0.859863,1.01416,-1.28174,0.976562,29.541,1
1057.12,0.0961914,0.970703,0.966309,-1.58691,1.64795,28.4424,1
1057.13,0.171387,0.856934,0.886719,-0.671387,1.77002,28.5034,1
1057.14,0.179688,0.864258,0.915527,0.915527,2.0752,28.3813,1
1057.14,0.15625,0.804199,1.01318,2.2583,1.77002,27.6489,1
1057.15,0.13623,0.828125,1.0376,4.45557,2.19727,27.771,1
1057.16,0.097168,0.92627,0.993164,4.94385,3.17383,27.2217,1
1057.17,0.121094,0.92334,0.964355,4.3335,3.35693,27.0996,1
1057.18,0.171875,0.925293,0.930664,3.66211,3.35693,27.1606,1
1057.19,0.131348,0.834473,0.99707,3.72314,3.11279,27.832,1
1057.2,0.124512,0.84082,1.01416,3.479,2.74658,27.6489,1
1057.21,0.0688477,0.913086,0.931641,1.95312,3.2959,27.6489,1
1057.22,0.015625,0.982422,0.929688,0.549316,3.05176,28.1982,1
1057.23,0.034668,0.847656,0.94873,-1.2207,2.56348,28.1982,1
1057.24,0.0439453,0.89502,0.993164,-0.244141,1.34277,29.7241,1
1057.25,0.0385742,0.900391,1.03076,-1.46484,1.2207,28.9307,1
1057.26,0.0683594,0.83252,0.94043,-1.2207,0.854492,29.8462,1
1057.27,0.0786133,0.996582,0.899902,-1.58691,0.671387,30.2124,1
1057.28,0.0488281,0.898438,0.952637,-3.2959,0.305176,30.2124,1
1057.29,0.0493164,0.851074,1.0083,-1.83105,-0.793457,31.4331,1
1057.3,0.144531,0.925781,0.96875,-1.83105,-0.671387,31.189,1
1057.31,0.147461,0.820801,0.964355,-0.366211,-0.915527,31.6772,1
1057.32,0.143066,0.906738,0.929199,0.183105,-1.64795,31.0059,1
1057.33,0.124512,0.980957,0.944336,-0.0610352,-1.52588,31.25,1
1057.34,0.129395,0.839844,0.961914,-0.12207,-0.915527,31.5552,1
1057.35,0.195312,0.867676,1.00732,1.28174,-1.40381,32.1655,1
1057.36,0.262207,0.963867,1.05859,1.09863,-1.46484,31.5552,1
1057.37,0.227051,0.831543,1.04395,0.793457,-1.40381,31.1279,1
1057.38,0.179199,0.958984,0.978516,1.89209,-1.28174,31.4941,1
1057.39,0.219727,1.06152,0.95459,-0.427246,-0.12207,30.3955,1
1057.4,0.300781,0.774414,0.966309,-0.610352,-0.0610352,30.8228,1
1057.41,0.320312,0.840332,1.03809,1.52588,0.0610352,30.7007,1
1057.42,0.242676,1.02246,1.09521,0.671387,0.244141,29.6021,0
1057.43,0.195312,0.744141,0.954102,0.366211,1.28174,29.6631,0
1057.43,0.253906,0.87207,0.899414,0.915527,1.34277,29.7241,0
1057.44,0.306641,0.939453,0.928223,-1.58691,1.77002,28.9307,0
1057.45,0.34082,0.782227,1.03271,-1.09863,1.46484,29.541,0
1057.46,0.22998,0.87207,0.96875,0.0610352,2.13623,29.4189,0
1057.47,0.177734,0.911133,0.879395,-0.366211,1.95312,28.7476,0
1057.48,0.186523,0.795898,0.90332,0.183105,2.38037,29.1748,0
1057.49,0.245117,0.883301,0.90918,0.793457,2.38037,29.48,0
1057.5,0.286621,0.820312,0.928711,0.0610352,2.01416,29.1138,0
1057.51,0.27002,0.760742,0.893066,1.58691,1.83105,29.6631,0
1057.52,0.20166,0.853516,0.873535,1.52588,2.2583,29.48,0
1057.53,0.151855,0.901367,0.916992,0.793457,2.13623,29.1748,0
1057.54,0.203125,0.825195,0.955566,-0.732422,2.50244,29.2969,0
1057.55,0.217285,0.891113,0.932617,-0.0610352,1.83105,30.2124,0
1057.56,0.262207,0.895508,0.933594,-1.2207,2.01416,29.2969,0
1057.57,0.222168,0.903809,0.90918,-0.0610352,2.0752,30.2734,0
1057.58,0.151367,0.899902,0.984375,-0.610352,2.0752,29.6631,0
1057.59,0.149902,0.883789,1.00977,-0.244141,1.40381,30.2124,0
1057.6,0.244629,0.853516,0.929688,-0.793457,1.70898,29.48,0
1057.61,0.250977,0.902832,0.917969,0.366211,1.52588,30.6396,0
1057.62,0.282715,0.879395,0.946289,-0.793457,1.09863,29.541,0
1057.63,0.244141,0.844238,0.927734,0.427246,0.671387,31.0059,0
1057.64,0.253418,0.958008,0.989258,0,0.854492,30.3345,0
1057.65,0.297852,0.868652,1.00342,-0.12207,0.610352,30.8228,0
1057.66,0.305664,0.92041,0.979004,0.488281,0.549316,30.5786,0
1057.67,0.242188,0.922852,1.01709,0.0610352,0,31.3721,0
1057.68,0.240234,0.932617,0.978516,-0.549316,-0.244141,30.8228,0
1057.69,0.234863,0.762207,0.910156,-0.915527,0.488281,31.5552,0
1057.7,0.283691,0.894043,0.918457,0.0610352,0.427246,31.5552,0
1057.71,0.297363,0.967773,0.967773,-1.95312,-0.244141,30.8228,0
1057.72,0.274414,0.855469,0.932617,-1.0376,-0.549316,31.5552,0
1057.72,0.268066,0.9375,0.943848,-0.732422,0.12207,31.189,0
1057.73,0.301758,0.939453,0.891113,-1.58691,0,30.6396,0
1057.74,0.229004,0.632812,0.964355,-1.40381,0.366211,30.8838,0
1057.75,0.291504,0.887207,0.977539,0.854492,0.0610352,30.9448,0
1057.76,0.333008,1.01025,0.909668,-2.44141,0.671387,29.8462,0
1057.77,0.310059,0.647461,0.893066,-2.38037,0.12207,30.3955,0
1057.78,0.322754,0.942383,0.932129,-1.64795,-0.0610352,29.9072,0
1057.79,0.310547,0.909668,0.940918,-3.96729,0.427246,30.2124,0
1057.8,0.383789,0.737793,0.989746,-2.62451,0.732422,30.7007,0
1057.81,0.376465,0.942383,0.957031,-2.99072,0.305176,29.7852,0
1057.82,0.364746,0.828125,0.962891,-3.66211,0.305176,30.5176,0
1057.83,0.40625,0.717285,0.950684,-3.479,0.183105,30.0903,0
1057.84,0.430176,0.894043,0.90918,-3.17383,0,30.0293,0
1057.85,0.406738,0.831055,0.901855,-3.60107,0.854492,29.541,0
1057.86,0.35498,0.852051,0.93457,-3.66211,0.854492,29.9072,0
1057.87,0.380859,0.707031,0.90918,-4.57764,0.549316,29.7241,0
1057.88,0.50293,0.704102,0.962402,-2.44141,-0.305176,30.2734,0
1057.89,0.501465,0.834473,0.989258,-3.66211,0.12207,28.8696,0
1057.9,0.421387,0.643555,0.867676,-3.72314,0.488281,29.1748,0
1057.91,0.379395,0.802734,0.881348,-3.60107,0.183105,28.6255,0
1057.92,0.430176,0.654297,0.904785,-5.98145,0,27.6489,0
1057.93,0.448242,0.475098,0.855469,-4.27246,0.12207,27.5269,0
1057.94,0.507324,0.740234,0.944824,-4.08936,0.671387,26.4893,0
1057.95,0.515137,0.532227,0.827148,-6.95801,-0.12207,25.6348,0
1057.96,0.537109,0.404297,0.82959,-5.85938,-0.183105,25.5737,0
1057.97,0.531738,0.733887,0.819336,-6.7749,-0.427246,23.6206,0
1057.98,0.496094,0.489746,0.845703,-10.0708,-0.0610352,21.6675,0
1057.99,0.56543,0.28125,0.852539,-8.11768,0.0610352,20.813,0
1058,0.563477,0.510254,0.855469,-9.0332,0.244141,18.9819,0
1058.01,0.692383,0.244629,0.910156,-12.0239,-0.610352,17.334,0
1058.01,0.859863,0.405762,0.895508,-9.70459,-0.976562,15.5029,0
1058.02,0.745117,0.550293,0.933594,-13.1226,-0.366211,12.9395,0
1058.03,0.597656,0.211426,0.893555,-13.7939,-0.732422,10.7422,0
1058.04,0.574219,0.275879,1.06299,-12.085,-1.09863,8.91113,0
1058.05,0.793945,0.539551,1.08008,-12.5732,-2.13623,6.53076,0
1058.06,0.868652,0.298828,0.914551,-13.6108,-2.31934,3.54004,0
1058.07,0.821777,0.166992,1.03174,-9.21631,-2.38037,1.09863,0
1058.08,0.769043,0.499512,0.933594,-6.28662,-2.68555,-1.09863,0
1058.09,0.717773,0.523926,0.977539,-7.14111,-2.80762,-3.78418,0
1058.1,0.719727,0.218262,1.05615,-5.7373,-3.23486,-6.22559,0
1058.11,0.753418,0.202637,1.09521,-1.46484,-3.05176,-8.91113,0
1058.12,0.702148,0.464844,1.02344,0.0610352,-2.68555,-11.4136,0
1058.13,0.623047,0.311035,1.0918,-0.244141,-2.01416,-13.916,0
1058.14,0.612793,0.207031,1.14258,1.09863,-2.44141,-15.3809,0
1058.15,0.578613,0.320801,1.1377,0.915527,-2.01416,-17.334,0
1058.16,0.532227,0.139648,1.10645,-1.46484,-2.2583,-19.5312,0
1058.17,0.501465,0.00683594,1.13281,-1.83105,-1.64795,-20.3247,0
1058.18,0.459961,0.183105,1.17871,-4.45557,-0.976562,-21.4844,0
1058.19,0.44873,-0.0517578,1.16846,-8.97217,-0.305176,-22.3389,0
1058.2,0.424316,-0.174316,1.07178,-10.376,0.183105,-22.2778,0
1058.21,0.402832,-0.0449219,1.06152,-13.7939,0.183105,-23.1934,0
1058.22,0.404297,-0.276367,1.01221,-17.4561,0.732422,-23.3154,0
1058.23,0.364746,-0.322266,1.02344,-18.5547,1.09863,-22.8882,0
1058.24,0.368164,-0.357422,1.00781,-21.1792,1.64795,-23.3154,0
1058.25,0.375977,-0.449707,0.936035,-21.1792,1.77002,-22.4609,0
1058.26,0.370117,-0.413086,0.897949,-21.5454,1.64795,-22.583,0
1058.27,0.332031,-0.449707,0.869629,-21.6675,1.58691,-22.583,0
1058.28,0.283203,-0.59082,0.910156,-20.0806,1.52588,-22.0947,0
1058.29,0.269531,-0.513184,0.939941,-17.2729,1.89209,-21.2402,0
1058.3,0.251465,-0.486816,0.949707,-16.6626,1.83105,-21.6675,0
1058.3,0.274414,-0.742676,0.945801,-14.0381,1.58691,-20.9351,0
1058.31,0.244141,-0.588379,0.955566,-10.3149,1.58691,-19.4092,0
1058.32,0.149902,-0.666504,1.03271,-10.0708,1.95312,-19.7144,0
1058.33,0.132812,-0.780273,0.983398,-6.89697,2.31934,-18.0664,0
1058.34,0.0581055,-0.543457,1.06885,-5.18799,2.92969,-17.5781,0
1058.35,-0.0249023,-0.705566,1.04834,-6.04248,3.60107,-18.1274,0
1058.36,-0.160645,-0.833008,0.97998,-1.89209,3.90625,-15.8081,0
1058.37,-0.131348,-0.475586,0.962402,0.183105,4.63867,-14.2212,0
1058.38,-0.106445,-0.476074,1.17334,-2.62451,5.06592,-14.8926,0
1058.39,-0.0244141,-0.847656,0.995605,0.0610352,5.61523,-12.9395,0
1058.4,-0.108398,-0.5,1.02539,5.06592,7.26318,-11.5356,0
1058.41,-0.296387,-0.400879,1.04004,1.70898,6.46973,-13.7939,0
1058.42,-0.701172,-0.609375,1.06152,4.69971,8.11768,-11.8408,0
1058.43,-0.618652,-0.584473,0.789551,9.21631,8.48389,-9.33838,0
1058.44,-0.29834,-0.232422,0.961426,8.54492,7.93457,-9.46045,0
1058.45,-0.330078,-0.193359,1.20557,5.49316,6.89697,-9.76562,0
1058.46,-0.652344,-0.647949,1.10059,7.87354,10.376,-9.76562,0
1058.47,-0.635742,-0.323242,0.765137,13.4888,9.15527,-7.69043,0
1058.48,-0.51416,-0.0507812,0.94873,10.5591,8.42285,-8.42285,0
1058.49,-0.469727,-0.128906,1.07764,8.66699,5.24902,-7.50732,0
1058.5,-0.501465,-0.297852,1.15674,9.58252,7.8125,-7.26318,0
1058.51,-0.546875,-0.170898,0.85791,11.3525,7.93457,-6.40869,0
1058.52,-0.533203,-0.203613,0.864746,9.0332,5.67627,-6.53076,0
1058.53,-0.481934,-0.277832,1.00146,7.8125,4.27246,-5.37109,0
1058.54,-0.542969,-0.125,1.08936,7.99561,5.98145,-4.3335,0
1058.55,-0.666504,-0.0991211,1.05957,5.37109,5.7373,-5.06592,0
1058.56,-0.606934,-0.268555,0.896973,4.69971,4.39453,-5.06592,0
1058.57,-0.623535,-0.0878906,0.883789,5.31006,3.78418,-3.41797,0
1058.58,-0.586426,0.182129,1.10156,1.95312,3.23486,-3.84521,0
1058.59,-0.520508,-0.230957,1.11377,-1.09863,2.99072,-3.84521,0
1058.6,-0.599609,-0.353027,1.02734,2.99072,1.89209,-1.89209,0
1058.61,-0.598145,0.168457,0.909668,1.58691,0.793457,-2.68555,0
1058.62,-0.51123,-0.0986328,1.03711,-2.50244,1.15967,-2.68555,0
1058.62,-0.496094,-0.430664,1.14551,-0.183105,0.488281,-0.915527,0
1058.63,-0.611328,-0.078125,1.03467,-0.12207,0.12207,-1.46484,0
1058.64,-0.635254,-0.0292969,0.979004,-3.23486,0.732422,-2.0752,0
1058.65,-0.628418,-0.253906,1.07031,-3.05176,0.915527,-0.915527,0
1058.66,-0.629395,-0.109863,1.15771,-1.95312,-0.0610352,-0.0610352,0
1058.67,-0.554199,-0.171387,1.10938,-2.56348,0.427246,-0.915527,0
1058.68,-0.548828,-0.200195,1.00342,0.183105,0.793457,0.793457,0
1058.69,-0.604004,0.00244141,1,-0.0610352,0.0610352,0.0610352,0
1058.7,-0.641602,-0.164551,1.04346,-0.854492,0.183105,-0.305176,0
1058.71,-0.598633,-0.355957,1.07861,2.19727,0.793457,0.854492,0
1058.72,-0.591797,-0.170898,1.01416,3.90625,0.305176,0.671387,0
1058.73,-0.598633,-0.0712891,0.860352,2.92969,-0.244141,0.305176,0
1058.74,-0.589844,-0.129395,0.846191,2.13623,-0.244141,0.12207,0
1058.75,-0.592773,-0.155762,0.973145,2.13623,0.732422,-0.244141,0
1058.76,-0.564941,-0.239746,1.06104,3.05176,0.854492,-0.488281,0
1058.77,-0.534668,-0.15918,0.941406,4.76074,0.244141,0.366211,0
1058.78,-0.583496,0.012207,0.873535,3.54004,-0.244141,-0.12207,0
1058.79,-0.580078,-0.0341797,0.883301,0.549316,0,-1.64795,0
1058.8,-0.549805,-0.205566,0.935059,0.549316,0.610352,-1.15967,0
1058.81,-0.569336,-0.074707,0.959473,1.2207,0.610352,-0.915527,0
1058.82,-0.611328,-0.027832,0.88916,-0.366211,0.549316,-2.38037,0
1058.83,-0.62207,-0.175293,0.865723,-0.244141,1.0376,-2.2583,0
1058.84,-0.587891,-0.0986328,0.88623,0.305176,0.976562,-2.01416,0
1058.85,-0.564453,-0.0566406,0.927734,-0.976562,0.671387,-3.17383,0
1058.86,-0.561523,-0.131348,0.938965,-0.915527,1.2207,-3.2959,0
1058.87,-0.619629,-0.0683594,0.992188,-0.183105,1.52588,-2.74658,0
1058.88,-0.634766,-0.105957,1.05762,-0.610352,2.0752,-3.96729,0
1058.89,-0.588867,-0.168945,1.02539,0.732422,2.13623,-3.84521,0
1058.9,-0.579102,-0.136719,1.00928,2.50244,2.44141,-3.23486,0
1058.91,-0.577637,-0.0605469,0.969238,2.0752,2.74658,-3.72314,0
1058.92,-0.611328,-0.129883,0.991699,1.77002,2.99072,-4.21143,0
1058.93,-0.524414,-0.183105,1.08057,3.23486,2.86865,-3.66211,0
1058.94,-0.54248,-0.111816,1.07275,4.21143,2.68555,-3.35693,0
1058.95,-0.628418,-0.0571289,0.866211,3.72314,2.68555,-3.41797,0
1058.96,-0.652832,-0.143555,0.873047,3.05176,2.44141,-3.96729,0
1058.97,-0.608887,-0.105957,0.946777,3.72314,1.77002,-3.35693,0
1058.97,-0.518066,-0.0654297,0.952148,3.90625,1.52588,-3.23486,0
1058.98,-0.513672,-0.0957031,0.999023,3.23486,0.366211,-3.60107,0
1058.99,-0.59668,0.11084,0.883789,2.38037,0.12207,-3.23486,0
1059,-0.602539,-0.0917969,0.875488,-0.0610352,0.549316,-3.78418,0
1059.01,-0.630371,-0.225586,0.935547,2.19727,-0.366211,-2.68555,0
1059.02,-0.637207,0.0395508,0.949219,2.68555,0.183105,-3.2959,0
1059.03,-0.596191,-0.046875,1.01855,0.732422,0.488281,-4.15039,0
1059.04,-0.604492,-0.125488,1.05029,0.915527,0.12207,-2.74658,0
1059.05,-0.616699,-0.0727539,1.05615,0.244141,0.244141,-3.11279,0
1059.06,-0.664551,-0.174316,1.00439,0,0.671387,-3.479,0
1059.07,-0.672363,-0.0541992,0.973633,1.28174,1.2207,-2.38037,0
1059.08,-0.693848,0.0200195,1.0083,-0.671387,1.40381,-3.479,0
1059.09,-0.711426,-0.169434,1.04883,-1.52588,0.915527,-3.54004,0
1059.1,-0.687012,-0.111328,1.0708,-0.549316,1.34277,-2.56348,0
1059.11,-0.739746,-0.0722656,1.00977,-1.34277,2.31934,-3.41797,0
1059.12,-0.714844,-0.183594,0.923828,-1.0376,1.77002,-3.78418,0
1059.13,-0.6875,-0.138672,0.833496,0.12207,1.2207,-3.35693,0
1059.14,-0.777344,-0.0844727,0.973145,-0.12207,1.0376,-3.84521,0
1059.15,-0.749023,-0.0874023,1.0083,-1.2207,1.28174,-4.39453,0
1059.16,-0.756348,-0.185547,0.963379,-1.34277,2.13623,-4.27246,0
1059.17,-0.781738,-0.1875,0.94043,-0.12207,1.09863,-3.84521,0
1059.18,-0.740234,-0.0805664,0.853516,-0.0610352,0.549316,-4.69971,0
1059.19,-0.762695,-0.204102,0.885742,0.793457,0.549316,-5.18799,0
1059.2,-0.830078,-0.113281,1.01465,1.89209,0.305176,-4.69971,0
1059.21,-0.724121,0.0151367,1.00586,-0.610352,0.183105,-5.85938,0
1059.22,-0.742676,-0.337402,0.974121,-0.854492,0.366211,-5.31006,0
1059.23,-0.759277,-0.20166,0.95752,2.19727,-0.732422,-4.5166,0
1059.24,-0.69043,0.138672,0.864746,0,0.12207,-5.98145,0
1059.25,-0.774902,-0.158691,0.88623,-1.83105,0.793457,-5.92041,0
1059.26,-0.771973,-0.151367,0.903809,0,0.244141,-4.82178,0
1059.26,-0.731445,-0.0991211,0.946289,-1.28174,1.15967,-6.53076,0
1059.27,-0.736816,-0.180664,0.993164,0.12207,0.976562,-4.94385,0
1059.28,-0.749023,0.0869141,0.963867,-0.915527,1.52588,-5.49316,0
1059.29,-0.727539,-0.158203,0.913574,-2.68555,1.46484,-5.92041,0
1059.3,-0.715332,-0.311035,0.922363,1.28174,1.40381,-4.39453,0
1059.31,-0.797852,0.0483398,0.92627,1.89209,1.58691,-5.18799,0
1059.32,-0.736816,-0.169922,0.799316,-0.0610352,2.01416,-5.85938,0
1059.33,-0.956543,-0.078125,1.21533,2.13623,0.244141,-4.5166,0
1059.34,-0.500977,-0.179199,0.881348,-0.0610352,1.2207,-6.34766,0
1059.35,-0.511719,-0.078125,0.853516,2.13623,0,-2.62451,0
1059.36,-0.685059,4.882812e-04,0.978027,-0.671387,1.09863,-5.37109,0
1059.37,-0.742188,-0.0429688,0.915527,-1.2207,-0.244141,-4.02832,0
1059.38,-0.725098,-0.340332,0.996582,0.427246,1.64795,-4.27246,0
1059.39,-0.489258,-0.134277,0.843262,1.09863,-0.427246,-4.27246,0
1059.4,-0.570312,0.13916,0.904297,-0.610352,0.305176,-2.92969,0
1059.41,-0.791504,-0.203125,1.08008,-1.95312,-0.0610352,-3.2959,0
1059.42,-0.701172,-0.121582,0.95166,0.549316,-1.0376,-2.92969,0
1059.43,-0.693848,0.0166016,0.912598,0.427246,1.09863,-3.35693,0
1059.44,-0.654297,-0.199707,0.84375,0.12207,0.12207,-3.78418,0
1059.45,-0.708496,-0.00146484,0.790039,0.610352,-1.46484,-2.68555,0
1059.46,-0.669434,-0.0522461,0.837402,-0.732422,-0.793457,-2.92969,0
1059.47,-0.742188,-0.10498,1.08252,0,-1.83105,-3.23486,0
1059.48,-0.689453,-0.03125,0.989258,-0.244141,-0.976562,-3.90625,0
1059.49,-0.771973,-0.0205078,0.917969,-0.244141,0,-2.74658,0
1059.5,-0.747559,-0.214844,0.935547,-1.34277,-1.70898,-3.54004,0
1059.51,-0.62207,-0.168945,0.888672,1.40381,-0.976562,-2.01416,0
1059.52,-0.775879,0.150391,1.06494,2.01416,-0.244141,-2.86865,0
1059.52,-0.820312,-0.125977,0.993164,-0.366211,-0.549316,-5.37109,0
1059.53,-0.814941,-0.101562,0.893066,2.80762,-0.793457,-2.50244,0
1059.54,-0.797852,0.00634766,0.955078,0.732422,-0.0610352,-3.66211,0
1059.55,-0.720215,-0.263184,1.00195,0.671387,-0.549316,-3.66211,0
1059.56,-0.695801,-0.0517578,1.06006,3.96729,-0.12207,-2.50244,0
1059.57,-0.782715,0.0908203,0.974121,2.44141,0,-4.3335,0
1059.58,-0.840332,-0.118164,0.851074,1.64795,-0.549316,-5.06592,0
1059.59,-0.864258,-0.00537109,0.916016,2.68555,-0.366211,-3.41797,0
1059.6,-0.763672,-0.0639648,1.02295,0.610352,0,-4.57764,0
1059.61,-0.687988,-0.240234,1.05762,1.83105,-1.09863,-3.78418,0
1059.62,-0.692383,-0.012207,1.01855,3.23486,-0.427246,-3.35693,0
1059.63,-0.69043,0.0541992,0.978027,0.854492,-0.366211,-5.06592,0
1059.64,-0.72998,-0.160156,0.977051,0.488281,-0.915527,-4.88281,0
1059.65,-0.648438,-0.0395508,0.983887,2.19727,-1.0376,-3.66211,0
1059.66,-0.563965,-0.0112305,0.980469,0.305176,-0.427246,-4.88281,0
1059.67,-0.594238,-0.166016,0.953613,0.732422,-0.976562,-4.39453,0
1059.68,-0.546387,-0.0683594,0.971191,1.46484,-1.34277,-4.27246,0
1059.69,-0.529785,-0.0141602,0.990723,0.793457,-1.52588,-4.39453,0
1059.7,-0.44873,-0.10791,1.05029,0.0610352,-1.70898,-4.69971,0
1059.71,-0.4375,-0.108398,1.02002,0.0610352,-1.70898,-4.3335,0
1059.72,-0.528809,-0.0771484,1.00293,0.0610352,-1.52588,-4.15039,0
1059.73,-0.519043,-0.104492,0.949707,-0.366211,-1.77002,-4.5166,0
1059.74,-0.491211,-0.116211,0.985352,0.366211,-2.13623,-3.66211,0
1059.75,-0.445801,-0.0268555,1.05078,0.183105,-2.44141,-3.90625,0
1059.76,-0.376465,-0.0751953,1.02197,-0.854492,-2.31934,-4.39453,0
1059.77,-0.367676,-0.102539,0.996582,-0.366211,-2.01416,-3.54004,0
1059.78,-0.450195,-0.0957031,0.98584,-0.488281,-2.38037,-3.66211,0
1059.79,-0.418457,-0.0932617,0.993164,-0.366211,-2.44141,-3.78418,0
1059.8,-0.368164,-0.0878906,0.992676,0.0610352,-1.64795,-3.479,0
1059.81,-0.377441,-0.0932617,0.973633,0.427246,-1.89209,-3.35693,0
1059.82,-0.404785,-0.0625,0.920898,-0.0610352,-2.19727,-3.78418,0
1059.83,-0.384277,-0.0854492,0.953613,0,-1.40381,-3.35693,0
1059.84,-0.370605,-0.0874023,1.03857,0.12207,-1.09863,-3.23486,0
1059.85,-0.336914,-0.123535,1.02051,0.12207,-1.58691,-3.60107,0
1059.86,-0.349121,-0.0517578,0.984375,0.854492,-1.34277,-3.2959,0
1059.87,-0.366211,-0.0800781,1,0.427246,-0.915527,-3.479,0
1059.88,-0.367188,-0.102539,1.00781,0.793457,-0.854492,-3.23486,0
1059.89,-0.366211,-0.0141602,0.919434,0.305176,-0.427246,-3.66211,0
1059.9,-0.359863,-0.149414,0.952148,-0.0610352,0,-3.84521,0
1059.91,-0.348145,-0.0454102,1.00586,1.0376,-0.549316,-2.92969,0
1059.92,-0.291016,0.019043,0.990723,-0.915527,-0.305176,-4.27246,0
1059.93,-0.327637,-0.150391,0.949707,-0.427246,0.0610352,-3.54004,0
1059.94,-0.34082,-0.0253906,0.956543,0.12207,0.0610352,-3.17383,0
1059.94,-0.341797,-0.0625,0.973145,-0.976562,0.305176,-4.39453,0
1059.95,-0.358887,-0.114746,0.963867,0.427246,0.244141,-3.17383,0
1059.96,-0.334473,-0.0297852,1.01807,0.366211,0.0610352,-3.72314,0
1059.97,-0.333008,-0.0961914,1.02783,0.427246,0.0610352,-4.08936,0
1059.98,-0.351562,-0.0302734,0.981445,0.854492,0.244141,-3.35693,0
1059.99,-0.355469,-0.0825195,0.987305,0,0.427246,-4.21143,0
1060,-0.362305,-0.059082,1.02979,0.488281,0.12207,-3.54004,0
1060.01,-0.322754,-0.0253906,1.01465,0.0610352,0.671387,-3.78418,0
1060.02,-0.327637,-0.0463867,1.01904,0.12207,0.488281,-3.60107,0
1060.03,-0.32666,-0.0131836,0.977051,-0.12207,0.244141,-3.72314,0
1060.04,-0.347168,-0.105469,0.942871,0,0.488281,-3.96729,0
1060.05,-0.355469,-0.0727539,0.988281,1.2207,0.183105,-2.92969,0
1060.06,-0.343262,-0.027832,0.949707,0.549316,0.610352,-3.84521,0
1060.07,-0.369629,-0.119141,0.947754,1.0376,0.610352,-3.66211,0
1060.08,-0.398926,-0.0341797,0.97168,1.64795,0.244141,-3.17383,0
1060.09,-0.36377,-0.0205078,0.983398,0.610352,0.12207,-3.72314,0
1060.1,-0.343262,-0.112305,0.986328,0.732422,0.0610352,-3.35693,0
1060.11,-0.358398,-0.00683594,0.98584,1.15967,0.0610352,-2.80762,0
1060.12,-0.372559,-0.0737305,0.984863,-0.0610352,0.488281,-3.90625,0
1060.13,-0.362793,-0.0864258,0.997559,1.28174,0.12207,-2.68555,0
1060.14,-0.335938,0.034668,0.998535,0.427246,0.183105,-3.2959,0
1060.15,-0.32666,-0.112305,0.973633,-0.0610352,0.12207,-3.60107,0
1060.16,-0.338379,-0.0410156,0.959961,1.0376,-0.244141,-2.62451,0
1060.17,-0.34082,0.0234375,0.952637,-0.305176,-0.0610352,-3.66211,0
1060.18,-0.318848,-0.09375,0.991699,-0.183105,-0.12207,-3.41797,0
1060.19,-0.317871,0.0117188,1.0083,0.366211,-0.244141,-2.80762,0
1060.2,-0.316406,-0.0102539,1.02734,-0.976562,-0.427246,-3.84521,0
1060.21,-0.319336,-0.131348,0.990234,-0.0610352,-0.549316,-3.11279,0
1060.22,-0.3125,0.00830078,0.977051,0.610352,-0.854492,-2.86865,0
1060.23,-0.31543,-0.0610352,0.958496,-0.488281,-0.793457,-3.84521,0
1060.23,-0.317871,-0.107422,0.961914,0.976562,-1.0376,-2.74658,0
1060.24,-0.310547,0.0400391,0.987793,0.549316,-0.915527,-3.17383,0
1060.25,-0.306641,-0.0825195,0.983398,-0.183105,-0.671387,-3.72314,0
1060.26,-0.324707,-0.0488281,0.998535,1.09863,-1.0376,-2.62451,0
1060.27,-0.333984,0.019043,0.990723,0.305176,-0.915527,-3.11279,0
1060.28,-0.329102,-0.0581055,0.968262,0.12207,-0.854492,-3.17383,0
1060.29,-0.33252,-0.0214844,0.974121,0.671387,-0.610352,-2.80762,0
1060.3,-0.345215,-0.046875,0.972168,0.305176,-0.427246,-3.11279,0
1060.31,-0.355469,-0.0273438,1.00293,0.671387,-0.793457,-2.62451,0
1060.32,-0.354004,-0.0244141,0.981445,0.366211,-0.610352,-2.80762,0
1060.33,-0.364258,-0.0366211,0.955566,0.610352,-0.488281,-2.62451,0
1060.34,-0.355469,-0.0336914,0.962891,0.549316,-0.305176,-2.56348,0
1060.35,-0.328613,-0.0327148,0.964844,0.488281,-0.305176,-2.62451,0
1060.36,-0.349121,-0.0810547,0.964355,0.671387,-0.305176,-2.68555,0
1060.37,-0.359375,-0.012207,0.989746,1.28174,-0.610352,-1.95312,0
1060.38,-0.360352,-0.00488281,1.01904,0.183105,-0.488281,-2.80762,0
1060.39,-0.333496,-0.0732422,1.01123,0.793457,-0.305176,-2.2583,0
1060.4,-0.333984,0.0258789,1.00244,0.793457,-0.0610352,-2.13623,0
1060.41,-0.34082,-0.0454102,0.986816,1.0376,-0.183105,-2.01416,0
1060.41,-0.318848,0.0200195,1.00391,0.366211,0,-2.31934,0
1060.42,-0.314453,-0.0703125,1.00781,0.305176,0.0610352,-2.44141,0
1060.43,-0.334961,-0.0356445,1.02393,1.0376,-0.0610352,-1.95312,0
1060.44,-0.312012,0.00976562,0.994629,0.549316,0,-2.38037,0
1060.45,-0.318359,-0.050293,0.983398,0.366211,-0.0610352,-2.44141,0
1060.46,-0.322266,-0.0200195,0.97998,0.915527,-0.244141,-2.01416,0
1060.47,-0.331543,0.00585938,0.989746,0.366211,-0.244141,-2.44141,0
1060.48,-0.316895,-0.0639648,0.99707,0.427246,-0.183105,-2.50244,0
1060.49,-0.317871,-0.0117188,0.998047,0.976562,-0.183105,-1.95312,0
1060.5,-0.335938,0.00341797,0.998047,0.366211,-0.305176,-2.2583,0
1060.51,-0.344238,-0.0498047,0.989746,0.671387,-0.427246,-2.0752,0
1060.52,-0.345703,0.0234375,0.977539,0.915527,-0.366211,-1.89209,0
1060.53,-0.32959,-0.043457,0.947266,0.549316,-0.183105,-2.31934,0
1060.54,-0.339844,-0.0209961,0.971191,1.52588,-0.671387,-1.46484,0
1060.55,-0.336914,0.0263672,0.975586,0.732422,-0.549316,-1.95312,0
1060.56,-0.344238,-0.0375977,0.963379,0.732422,-0.549316,-1.89209,0
1060.57,-0.36377,-0.0249023,0.996094,1.0376,-0.488281,-1.77002,0
1060.58,-0.361328,-0.00390625,0.986328,0.793457,-0.427246,-1.77002,0
1060.59,-0.342773,-0.0180664,0.973145,0.732422,-0.244141,-1.70898,0
1060.6,-0.349121,-0.00683594,0.981934,0.854492,-0.305176,-1.64795,0
1060.6,-0.350098,0.012207,0.989746,0.549316,-0.549316,-1.83105,0
1060.61,-0.347168,9.765625e-04,0.989258,0.305176,-0.671387,-1.64795,0
1060.62,-0.338379,0.027832,1.00195,0.12207,-0.671387,-1.58691,0
1060.63,-0.330078,-0.00585938,0.989258,-0.549316,-0.427246,-2.01416,0
1060.64,-0.318848,-0.034668,0.947266,-0.12207,-0.549316,-1.58691,0
1060.65,-0.309082,0.0283203,0.95459,-0.0610352,-0.549316,-1.40381,0
1060.66,-0.310547,0.00585938,0.973633,-0.671387,-0.549316,-1.83105,0
1060.67,-0.311035,-0.0229492,0.994141,-0.488281,-0.610352,-1.64795,0
1060.68,-0.308594,0.0175781,1.01074,-0.244141,-0.671387,-1.34277,0
1060.69,-0.29834,0.0229492,1.01807,-0.793457,-0.488281,-1.64795,0
1060.7,-0.30957,-0.0415039,0.998535,-0.549316,-0.488281,-1.58691,0
1060.71,-0.305176,0.0341797,1.00146,0,-0.671387,-1.09863,0
1060.72,-0.298828,-0.0117188,0.990723,-0.671387,-0.488281,-1.83105,0
1060.73,-0.29541,-0.0512695,0.984375,0.366211,-0.793457,-0.915527,0
1060.74,-0.289062,0.0668945,1.00244,0,-0.915527,-1.0376,0
1060.75,-0.279297,-0.0595703,0.999512,-0.671387,-0.549316,-1.77002,0
1060.76,-0.277832,-0.00683594,0.980469,0.915527,-0.915527,-0.244141,0
1060.77,-0.276855,0.0849609,0.996094,-0.366211,-0.671387,-1.34277,0
1060.78,-0.290527,-0.0776367,0.976562,-0.244141,-0.671387,-1.09863,0
1060.79,-0.270508,0.00341797,0.994141,0.915527,-0.854492,-0.12207,0
1060.8,-0.284668,0.043457,0.986328,-0.12207,-0.549316,-0.976562,0
1060.81,-0.280273,-0.0537109,0.972168,0.12207,-0.732422,-0.671387,0
1060.82,-0.296875,0.050293,0.96875,0.488281,-0.793457,-0.183105,0
1060.83,-0.296875,0.0380859,0.99707,-0.610352,-0.488281,-0.976562,0
1060.84,-0.279785,-0.0263672,1.00195,-0.12207,-0.366211,-0.488281,0
1060.85,-0.258301,0.0585938,1.01611,0,-0.305176,-0.305176,0
1060.86,-0.250977,0.015625,0.992676,-0.610352,-0.183105,-0.854492,0
1060.87,-0.241699,-0.0336914,0.987305,0.0610352,-0.305176,-0.488281,0
1060.88,-0.24707,0.0375977,0.98291,0.305176,-0.366211,-0.366211,0
1060.89,-0.234375,-0.00585938,0.987793,-0.183105,-0.305176,-0.732422,0
1060.9,-0.233398,-0.0302734,0.982422,0.366211,-0.427246,-0.305176,0
1060.91,-0.225586,0.0209961,0.966797,0.549316,-0.427246,-0.183105,0
1060.92,-0.248047,0.00244141,0.969238,0.244141,-0.305176,-0.488281,0
1060.93,-0.230469,0.00244141,0.961914,0.671387,-0.488281,-0.183105,0
1060.94,-0.226074,0.0175781,0.970215,0.671387,-0.366211,-0.244141,0
1060.95,-0.233398,0.00146484,0.984375,0.732422,-0.427246,-0.183105,0
1060.95,-0.233398,0.0136719,0.979492,0.793457,-0.305176,-0.183105,0
1060.96,-0.231934,0.0161133,1.00635,0.732422,0,-0.244141,0
1060.97,-0.229492,-0.0126953,1.00879,0.854492,0,-0.183105,0
1060.98,-0.236328,0.0166016,0.993652,1.09863,0,0,0
1060.99,-0.215332,0.0336914,1.00391,0.732422,0,-0.12207,0
1061,-0.206055,-0.0234375,0.991211,0.732422,0.12207,-0.0610352,0
1061.01,-0.216309,0.0551758,0.963379,1.09863,0.12207,0.427246,0
1061.02,-0.236328,0.019043,0.967773,0.0610352,0.244141,-0.305176,0
1061.03,-0.253906,-0.00927734,0.971191,0.793457,0.244141,0.244141,0
1061.04,-0.236328,0.0805664,0.973633,0.549316,0.366211,0.183105,0
1061.05,-0.208496,-0.00537109,0.980469,0.0610352,0.610352,-0.366211,0
1061.06,-0.203613,0.0297852,0.998047,0.854492,0.366211,0.488281,0
1061.07,-0.210449,0.0488281,0.976074,0.12207,0.427246,0,0
1061.08,-0.231445,-0.0224609,0.979004,0.427246,0.12207,0.305176,0
1061.09,-0.230957,0.0717773,0.984863,0.610352,0.12207,0.610352,0
1061.1,-0.239746,0.0263672,0.976562,-0.12207,0.610352,0,0
1061.11,-0.234375,0.0131836,0.99707,0.427246,0.366211,0.549316,0
1061.12,-0.213379,0.0629883,0.998535,0,0.549316,0.244141,0
1061.13,-0.197754,-0.0131836,0.987793,0.0610352,0.427246,0.366211,0
1061.14,-0.183105,0.0708008,0.994141,0.427246,0.183105,0.854492,0
1061.15,-0.206543,0.0395508,0.999023,-0.488281,0.305176,0.12207,0
1061.16,-0.206543,0.0126953,0.989258,0.12207,0,0.793457,0
1061.17,-0.216797,0.0942383,0.995117,-0.0610352,0.305176,0.610352,0
1061.18,-0.196289,-0.00341797,0.979492,-0.549316,0.366211,0.244141,0
1061.19,-0.188965,0.0454102,0.972656,0.305176,0.183105,1.09863,0
1061.2,-0.174316,0.0864258,0.984375,-0.854492,0.12207,0.366211,0
1061.21,-0.172852,-0.0283203,0.998047,-0.854492,0,0.610352,0
1061.22,-0.166016,0.0874023,1.00928,-0.244141,-0.183105,1.28174,0
1061.23,-0.155762,0.0727539,0.992676,-1.64795,0.12207,0.183105,0
1061.24,-0.152344,-0.0385742,0.979492,-0.793457,0,0.732422,0
1061.25,-0.143555,0.0996094,0.972168,-0.183105,-0.244141,1.28174,0
1061.26,-0.14502,0.0185547,0.995605,-1.52588,-0.12207,0.12207,0
1061.27,-0.151855,-0.0478516,0.996094,-0.183105,-0.305176,1.2207,0
1061.28,-0.152832,0.105469,0.990234,-0.305176,-0.183105,1.0376,0
1061.28,-0.153809,-0.00439453,0.977539,-1.46484,0,0.366211,0
1061.29,-0.150879,-0.0258789,0.974609,-0.244141,-0.488281,1.58691,0
1061.3,-0.137695,0.0800781,1.00488,-0.671387,-0.244141,1.15967,0
1061.31,-0.137207,9.765625e-04,1.02441,-0.976562,-0.0610352,0.915527,0
1061.32,-0.141113,0.00341797,1.00244,-0.183105,-0.183105,1.52588,0
1061.33,-0.14209,0.0249023,0.985352,-0.244141,-0.12207,1.40381,0
1061.34,-0.144043,-0.0107422,0.994141,0,-0.244141,1.46484,0
1061.35,-0.129395,-0.00244141,0.981934,0.366211,-0.0610352,1.58691,0
1061.36,-0.132812,0.0390625,0.987793,0.427246,-0.12207,1.52588,0
1061.37,-0.135742,-0.0078125,0.98877,0.244141,0,1.34277,0
1061.38,-0.139648,0.0161133,0.97168,0.793457,-0.244141,1.95312,0
1061.39,-0.13916,0.0195312,0.979004,0.427246,-0.244141,1.64795,0
1061.4,-0.128418,0.00488281,0.997559,0.671387,-0.366211,1.77002,0
1061.41,-0.123047,0.0429688,0.992188,0.732422,-0.183105,1.77002,0
1061.42,-0.139648,0.0078125,0.982422,0.488281,-0.0610352,1.70898,0
1061.43,-0.149414,0.0151367,0.993164,0.976562,-0.366211,2.01416,0
1061.44,-0.147461,0.0517578,0.993164,0.610352,-0.305176,1.70898,0
1061.45,-0.129883,0.0126953,0.989746,0.610352,-0.12207,1.64795,0
1061.46,-0.134766,0.0444336,0.990723,1.0376,-0.305176,2.01416,0
1061.47,-0.144531,0.0429688,0.969727,0.671387,-0.549316,1.64795,0
1061.48,-0.146484,0.0102539,0.986328,0.793457,-0.732422,1.77002,0
1061.48,-0.13916,0.0678711,1.00488,0.915527,-0.427246,1.95312,0
1061.49,-0.117188,0.0375977,1.01367,0.366211,-0.244141,1.52588,0
1061.5,-0.119629,0.00292969,0.996094,1.09863,-0.549316,2.0752,0
1061.51,-0.123047,0.0639648,1,1.0376,-0.793457,2.0752,0
1061.52,-0.118652,0.0302734,1.00635,0.793457,-0.549316,1.77002,0
1061.53,-0.104492,0.0541992,1.00488,1.15967,-0.305176,2.0752,0
1061.54,-0.0893555,0.0390625,0.994141,0.793457,-0.244141,1.95312,0
1061.55,-0.0908203,0.0410156,1.00391,1.15967,-0.671387,2.2583,0
1061.56,-0.0869141,0.0683594,1.01904,0.915527,-0.427246,2.13623,0
1061.57,-0.078125,0.034668,1.00928,0.976562,-0.244141,2.19727,0
1061.58,-0.074707,0.0551758,1.00928,1.09863,-0.305176,2.50244,0
1061.59,-0.0849609,0.0488281,0.994141,0.488281,-0.366211,2.19727,0
1061.6,-0.0693359,0.0332031,0.994629,0.732422,-0.305176,2.44141,0
1061.61,-0.0771484,0.0678711,1.00244,0.793457,0,2.62451,0
1061.62,-0.0878906,0.0610352,1.01758,0.488281,-0.305176,2.50244,0
1061.63,-0.078125,0.0405273,1.02979,0.427246,-0.488281,2.50244,0
1061.64,-0.0668945,0.0913086,1.00342,0.488281,-0.183105,2.74658,0
1061.65,-0.0795898,0.0634766,0.989746,-0.12207,-0.12207,2.68555,0
1061.66,-0.0874023,0.0380859,1.00244,0.183105,-0.488281,2.80762,0
1061.67,-0.0712891,0.110352,1.01221,0,-0.366211,2.80762,0
1061.68,-0.0605469,0.0351562,1.00342,-0.244141,-0.0610352,2.68555,0
1061.69,-0.0712891,0.0439453,1.00195,0.610352,-0.366211,3.35693,0
1061.7,-0.0712891,0.0844727,0.992676,0,-0.427246,2.92969,0
1061.71,-0.0708008,0.034668,0.993652,0.0610352,-0.244141,3.05176,0
1061.72,-0.0595703,0.0585938,0.991699,0.427246,-0.12207,3.479,0
1061.73,-0.0688477,0.0532227,0.994629,0.12207,-0.305176,3.17383,0
1061.74,-0.0673828,0.0766602,1.00391,-0.0610352,-0.366211,3.23486,0
1061.75,-0.0742188,0.0639648,0.970703,-0.244141,-0.12207,3.35693,0
1061.76,-0.0810547,0.0634766,0.975586,-0.183105,-0.366211,3.54004,0
1061.77,-0.0698242,0.0698242,0.981445,-0.671387,-0.488281,3.23486,0
1061.78,-0.0634766,0.0532227,0.982422,-0.427246,-0.244141,3.54004,0
1061.79,-0.0698242,0.0751953,0.979004,-0.305176,-0.12207,3.72314,0
1061.8,-0.0708008,0.0400391,0.991211,-0.488281,-0.366211,3.41797,0
1061.81,-0.0629883,0.0693359,0.973633,-0.183105,-0.305176,3.60107,0
1061.82,-0.0634766,0.0708008,0.96582,-0.366211,0,3.60107,0
1061.83,-0.0717773,0.0180664,0.98291,-0.12207,-0.244141,3.72314,0
1061.83,-0.0566406,0.0761719,0.98291,0,-0.427246,3.78418,0
1061.84,-0.0625,0.050293,0.972656,-0.305176,0,3.60107,0
1061.85,-0.0771484,0.0371094,0.987305,0.244141,-0.0610352,4.08936,0
1061.86,-0.0771484,0.0869141,0.99707,0,-0.183105,3.78418,0
1061.87,-0.0673828,0.0361328,0.983887,-0.244141,0.0610352,3.66211,0
1061.88,-0.0654297,0.0576172,0.975098,0.427246,0,4.3335,0
1061.89,-0.0664062,0.0668945,0.99707,0.0610352,-0.0610352,3.84521,0
1061.9,-0.0629883,0.0336914,0.987305,0.427246,-0.0610352,3.96729,0
1061.91,-0.081543,0.0830078,0.981934,0.732422,0,4.39453,0
1061.92,-0.0869141,0.0332031,1.00781,0.183105,-0.0610352,3.90625,0
1061.93,-0.0712891,0.0449219,1.00439,0.854492,-0.0610352,4.3335,0
1061.94,-0.065918,0.0942383,0.996094,0.610352,0.366211,4.3335,0
1061.95,-0.0805664,0.0249023,1.01221,0.305176,0.244141,4.15039,0
1061.96,-0.0708008,0.0717773,1.01367,0.732422,0.0610352,4.5166,0
1061.97,-0.078125,0.0966797,0.991699,0.366211,0.488281,4.5166,0
1061.98,-0.0849609,0.0473633,1.00928,0.305176,0.305176,4.57764,0
1061.99,-0.0766602,0.081543,1.00732,0.305176,0.183105,4.63867,0
1062,-0.0761719,0.0986328,0.999512,0.12207,0.610352,4.76074,0
1062.01,-0.0864258,0.0556641,1.00342,0.183105,0.549316,4.82178,0
1062.02,-0.0795898,0.0708008,1.00049,0.366211,0.183105,4.88281,0
1062.03,-0.0732422,0.0927734,0.999023,0.366211,0.427246,5.00488,0
1062.04,-0.0849609,0.0556641,1.01123,0.366211,0.488281,5.06592,0
1062.05,-0.0810547,0.0864258,1.00488,0.427246,0.366211,5.18799,0
1062.06,-0.0800781,0.0874023,0.984375,0.183105,0.732422,5.12695,0
1062.07,-0.0820312,0.0751953,1.00684,0.366211,0.488281,5.37109,0
1062.08,-0.0766602,0.0869141,1,0.183105,0.366211,5.31006,0
1062.09,-0.0786133,0.0917969,0.977051,0.183105,0.427246,5.5542,0
1062.1,-0.0854492,0.090332,0.998047,0,0.305176,5.61523,0
1062.11,-0.081543,0.0727539,0.998047,0,0.12207,5.5542,0
1062.12,-0.0805664,0.100586,0.990234,0.12207,0.244141,5.85938,0
1062.13,-0.09375,0.0732422,1.01514,-0.0610352,0.12207,5.67627,0
1062.14,-0.0795898,0.0908203,1.02881,0,0,5.7373,0
1062.14,-0.0805664,0.100098,1.01465,-0.12207,0.366211,5.79834,0
1062.15,-0.0869141,0.0678711,1.02002,-0.244141,0.12207,5.79834,0
1062.16,-0.0776367,0.0942383,1.01074,-0.366211,0.0610352,5.79834,0
1062.17,-0.0810547,0.0844727,0.999023,-0.488281,0.183105,5.85938,0
1062.18,-0.081543,0.0883789,1.01416,-0.305176,0.12207,5.98145,0
1062.19,-0.0800781,0.090332,1.00488,-0.793457,0.12207,5.85938,0
1062.2,-0.0820312,0.0693359,1,-0.610352,0.183105,6.10352,0
1062.21,-0.0883789,0.100586,1.00391,-0.549316,0,6.16455,0
1062.22,-0.0800781,0.0859375,0.987305,-1.0376,0.183105,5.85938,0
1062.23,-0.0761719,0.074707,0.975586,-0.732422,0.183105,6.22559,0
1062.24,-0.078125,0.110352,0.990234,-0.854492,0,6.16455,0
1062.25,-0.0732422,0.0708008,0.978516,-1.15967,0,6.04248,0
1062.26,-0.0854492,0.065918,0.979004,-0.671387,-0.12207,6.53076,0
1062.27,-0.0898438,0.0996094,0.998047,-0.854492,-0.12207,6.22559,0
1062.28,-0.0986328,0.0644531,0.986816,-0.793457,0,6.28662,0
1062.29,-0.0898438,0.0751953,0.987793,-0.366211,-0.12207,6.53076,0
1062.3,-0.0800781,0.0854492,0.972168,-0.610352,-0.0610352,6.28662,0
1062.31,-0.0776367,0.0688477,0.973145,-0.427246,-0.244141,6.46973,0
1062.32,-0.074707,0.0620117,0.984375,-0.427246,-0.305176,6.5918,0
1062.33,-0.0751953,0.0825195,0.977051,-0.244141,-0.427246,6.65283,0
1062.34,-0.0844727,0.0859375,0.976074,-0.427246,-0.305176,6.71387,0
1062.35,-0.0869141,0.0537109,0.976074,-0.366211,-0.366211,6.5918,0
1062.36,-0.0878906,0.0732422,0.975586,0,-0.366211,6.83594,0
1062.37,-0.0854492,0.0761719,0.979492,-0.0610352,-0.366211,6.83594,0
1062.38,-0.0756836,0.0556641,0.989746,-0.0610352,-0.305176,6.71387,0
1062.39,-0.0844727,0.0639648,0.992188,0.244141,-0.244141,7.01904,0
1062.4,-0.0883789,0.0952148,0.991699,0.183105,-0.305176,7.01904,0
1062.41,-0.0898438,0.0400391,0.980469,0,-0.0610352,6.7749,0
1062.42,-0.0878906,0.0839844,0.989746,0.488281,-0.183105,7.44629,0
1062.43,-0.0766602,0.0800781,0.999512,0,0,6.7749,0
1062.43,-0.0791016,0.0307617,0.989258,0.549316,0,7.26318,0
1062.44,-0.074707,0.0986328,1.00098,0.732422,0,7.38525,0
1062.45,-0.0800781,0.0625,0.986816,0.305176,0.183105,6.95801,0
1062.46,-0.0927734,0.0712891,0.999023,0.915527,0.0610352,7.44629,0
1062.47,-0.0874023,0.0927734,0.995605,0.610352,0.244141,7.08008,0
1062.48,-0.0791016,0.0703125,0.990234,0.671387,0.366211,7.32422,0
1062.49,-0.0625,0.10498,0.996094,0.854492,0.305176,7.44629,0
1062.5,-0.0644531,0.0708008,0.995117,0.488281,0.427246,7.14111,0
1062.51,-0.0742188,0.0874023,0.995605,0.854492,0.305176,7.50732,0
1062.52,-0.0727539,0.097168,0.993164,0.488281,0.610352,7.20215,0
1062.53,-0.0620117,0.0683594,1.00342,0.671387,0.488281,7.38525,0
1062.54,-0.0527344,0.0976562,1.00342,0.671387,0.305176,7.44629,0
1062.55,-0.0415039,0.0957031,0.994629,0.305176,0.305176,7.32422,0
1062.56,-0.0405273,0.0908203,0.999512,0.366211,0.12207,7.50732,0
1062.57,-0.0375977,0.0917969,1.00488,0.183105,0.0610352,7.44629,0
1062.58,-0.0283203,0.101074,1.01709,0.0610352,0,7.56836,0
1062.59,-0.0209961,0.0991211,1.0127,-0.183105,-0.0610352,7.44629,0
1062.6,-0.00292969,0.0888672,1.00635,-0.244141,-0.12207,7.50732,0
1062.61,0.0136719,0.10498,1.00391,-0.427246,-0.244141,7.69043,0
1062.62,-0.00195312,0.112305,1.01611,-0.671387,-0.305176,7.56836,0
1062.63,-0.0117188,0.0834961,1.00049,-0.793457,-0.12207,7.44629,0
1062.64,-0.0117188,0.118652,0.998047,-0.427246,-0.244141,7.8125,0
1062.65,-9.765625e-04,0.100098,1.01074,-1.09863,-0.183105,7.32422,0
1062.66,0.0170898,0.0605469,0.997559,-0.854492,-0.183105,7.69043,0
1062.67,0.015625,0.115723,1.00244,-0.610352,-0.244141,7.8125,0
1062.68,9.765625e-04,0.0771484,0.998047,-1.0376,0,7.26318,0
1062.69,-0.0180664,0.0629883,0.996094,-0.488281,0,7.75146,0
1062.7,-0.0268555,0.0922852,1.0166,-0.671387,0.12207,7.56836,0
1062.71,-0.00878906,0.0595703,1.01123,-0.671387,0.183105,7.50732,0
1062.72,0.00732422,0.0791016,1.0166,-0.488281,0.366211,7.75146,0
1062.73,0.00732422,0.0698242,1.00732,-0.732422,0.427246,7.50732,0
1062.73,0.00195312,0.0532227,0.98877,-0.671387,0.366211,7.62939,0
1062.74,-0.00830078,0.0834961,0.987305,-0.610352,0.366211,7.75146,0
1062.75,-0.0151367,0.0683594,0.997559,-0.976562,0.610352,7.44629,0
1062.76,-0.0175781,0.0478516,0.997559,-0.732422,0.610352,7.62939,0
1062.77,-0.0185547,0.101074,0.998535,-0.793457,0.427246,7.75146,0
1062.78,-0.00146484,0.050293,0.994141,-1.2207,0.549316,7.32422,0
1062.79,-0.00195312,0.0761719,0.979004,-0.549316,0.12207,7.93457,0
1062.8,0.00634766,0.105957,0.96582,-1.28174,0.366211,7.32422,0
1062.81,-0.00292969,0.0327148,0.973633,-1.09863,0.183105,7.44629,0
1062.82,-0.0102539,0.0839844,1.00049,-0.610352,-0.0610352,7.75146,0
1062.83,-0.00683594,0.0776367,0.998535,-0.976562,0,7.38525,0
1062.84,0.00292969,0.0488281,0.991211,-0.427246,-0.12207,7.56836,0
1062.85,0.0166016,0.078125,0.977539,-0.305176,0.0610352,7.50732,0
1062.86,0.0253906,0.0546875,0.995117,-0.244141,0,7.32422,0
1062.87,0.0214844,0.0527344,0.993652,0,0,7.56836,0
1062.88,0.0209961,0.0683594,1.0083,0.0610352,0.0610352,7.56836,0
1062.89,0.0136719,0.0693359,1.01367,-0.0610352,0.12207,7.50732,0
1062.9,0.00878906,0.0693359,1.00098,-0.244141,0.183105,7.56836,0
1062.91,0.0126953,0.0561523,1.00146,-0.305176,0.244141,7.56836,0
1062.92,0.0161133,0.0683594,0.991699,-0.183105,0.12207,7.69043,0
1062.93,0.0214844,0.0683594,1.00879,-0.305176,0.183105,7.56836,0
1062.94,0.015625,0.0639648,1.00537,-0.305176,0.0610352,7.62939,0
1062.95,0.0141602,0.0800781,0.998047,-0.305176,0.0610352,7.62939,0
1062.96,0.0141602,0.0649414,1.00049,-0.427246,0.12207,7.50732,0
1062.97,0.0126953,0.0786133,1.00635,-0.244141,0,7.56836,0
1062.98,0.015625,0.0673828,1.00195,-0.305176,0.183105,7.44629,0
1062.99,0.0175781,0.0673828,1.00732,-0.0610352,0,7.56836,0
1063,0.0166016,0.0913086,0.998535,-0.0610352,0,7.44629,0
1063.01,0.0175781,0.0595703,0.995117,-0.12207,0,7.38525,0
1063.02,0.0117188,0.0688477,0.996582,0.183105,-0.183105,7.56836,0
1063.03,0.0078125,0.0864258,0.985352,0.0610352,-0.0610352,7.44629,0
1063.04,0.0180664,0.0566406,0.991699,0.12207,-0.0610352,7.44629,0
1063.05,0.0336914,0.0620117,0.990723,0.427246,-0.12207,7.56836,0
1063.06,0.0307617,0.0854492,0.981934,0.427246,-0.0610352,7.56836,0
1063.07,0.0263672,0.0449219,0.997559,0.244141,-0.0610352,7.38525,0
1063.08,0.0214844,0.0556641,0.978027,0.610352,-0.244141,7.69043,0
1063.09,0.0117188,0.0957031,0.971191,0.305176,0,7.56836,0
1063.09,0.0224609,0.0292969,0.991699,0.12207,-0.0610352,7.38525,0
1063.1,0.0258789,0.0805664,0.996582,0.366211,-0.305176,7.69043,0
1063.11,0.0185547,0.0927734,1.00391,-0.244141,0,7.44629,0
1063.12,0.00585938,0.0439453,1.01953,-0.305176,-0.0610352,7.50732,0
1063.13,0.00292969,0.115234,1.01123,-0.366211,-0.0610352,7.69043,0
1063.14,0.00927734,0.0966797,1.00293,-1.0376,0.183105,7.44629,0
1063.15,0.0288086,0.0571289,1.02832,-0.854492,0,7.62939,0
1063.16,0.0351562,0.121582,1.02783,-1.0376,-0.0610352,7.56836,0
1063.17,0.0195312,0.0976562,1.01318,-1.40381,0.244141,7.32422,0
1063.18,-0.00244141,0.0708008,1.00342,-0.915527,0.12207,7.56836,0
1063.19,0.012207,0.126953,1.01074,-1.28174,-0.12207,7.32422,0
1063.2,0.0297852,0.0820312,1.01074,-1.40381,0.0610352,7.14111,0
1063.21,0.0336914,0.0966797,1.00537,-0.671387,0,7.75146,0
1063.22,0.0219727,0.10498,1.00342,-1.2207,-0.12207,7.14111,0
1063.23,0.0136719,0.0419922,0.988281,-0.793457,-0.0610352,7.20215,0
1063.24,0.0146484,0.108887,0.978516,-0.183105,-0.12207,7.69043,0
1063.25,0.0288086,0.059082,0.963867,-0.671387,-0.0610352,7.14111,0
1063.26,0.0410156,0.0395508,0.981934,0,-0.427246,7.8125,0
1063.27,0.0332031,0.0917969,0.986328,-0.183105,-0.305176,7.50732,0
1063.28,0.0244141,0.0522461,0.97998,-0.488281,-0.183105,7.32422,0
1063.29,0.0253906,0.0585938,0.985352,-0.244141,-0.183105,7.75146,0
1063.3,0.0336914,0.0698242,0.98291,-0.549316,-0.244141,7.8125,0
1063.3,0.0327148,0.0458984,0.999023,-0.671387,-0.305176,7.75146,0
1063.31,0.0253906,0.0610352,1.01855,-0.610352,-0.305176,7.8125,0
1063.32,0.0249023,0.0913086,1.0166,-1.0376,-0.0610352,7.50732,0
1063.33,0.0351562,0.0473633,1.00635,-1.09863,0,7.56836,0
1063.34,0.0522461,0.0693359,1.00244,-0.732422,-0.12207,7.93457,0
1063.35,0.0576172,0.0654297,0.995117,-1.15967,-0.183105,7.62939,0
1063.36,0.043457,0.0532227,1.0083,-0.854492,-0.183105,7.69043,0
1063.37,0.0302734,0.11377,1.01953,-0.732422,-0.0610352,7.62939,0
1063.38,0.0283203,0.0820312,1.01855,-1.0376,0.183105,7.20215,0
1063.39,0.0410156,0.0761719,1.02246,-0.549316,0.0610352,7.56836,0
1063.4,0.0654297,0.0849609,0.997559,-0.793457,0.0610352,7.32422,0
1063.41,0.0756836,0.0517578,0.986816,-0.671387,-0.0610352,7.44629,0
