t_s,time_local,lat_deg,lon_deg,east_m,north_m,speed_mps,a_long_g,a_lat_g,yaw_rate_dps,a_lat_kin_g,in_gates
1002.48,2026-08-15T15:08:49.920,33.6525792,-117.3018422,56.749,-27.4713,0.0134112,-0.059,0.005,-0.01,-2.386031e-07,0
1002.52,2026-08-15T15:08:49.960,33.6525792,-117.3018422,56.749,-27.4713,0.022352,-0.059,0.005,-0.01,-3.976718e-07,0
1002.56,2026-08-15T15:08:50.000,33.6525792,-117.3018422,56.749,-27.4713,0.0134112,-0.059,0.005,-0.02,-4.772061e-07,0
1002.6,2026-08-15T15:08:50.040,33.6525792,-117.3018422,56.749,-27.4713,0.022352,-0.059,0.005,-0.02,-7.953435e-07,0
1002.64,2026-08-15T15:08:50.080,33.6525792,-117.3018422,56.749,-27.4713,0.0089408,-0.059,0.005,-0.02,-3.181374e-07,0
1002.68,2026-08-15T15:08:50.120,33.6525791,-117.3018422,56.749,-27.4825,0.0357632,-0.059,0.005,-0.02,-1.272550e-06,0
1002.72,2026-08-15T15:08:50.160,33.6525791,-117.3018422,56.749,-27.4825,0.0491744,-0.06,0.004,-0.02,-1.749756e-06,0
1002.76,2026-08-15T15:08:50.200,33.6525792,-117.3018422,56.749,-27.4713,0.0134112,-0.06,0.004,-0.02,-4.772061e-07,0
1002.8,2026-08-15T15:08:50.240,33.6525792,-117.3018422,56.749,-27.4713,0.0134112,-0.06,0.004,-0.02,-4.772061e-07,0
1002.84,2026-08-15T15:08:50.280,33.6525792,-117.3018422,56.749,-27.4713,0.0044704,-0.06,0.004,-0.03,-2.386031e-07,0
1002.88,2026-08-15T15:08:50.320,33.6525792,-117.3018422,56.749,-27.4713,0.022352,-0.059,0.004,-0.03,-1.193015e-06,0
1002.92,2026-08-15T15:08:50.360,33.6525792,-117.3018422,56.749,-27.4713,0.0178816,-0.058,0.005,-0.03,-9.544122e-07,0
1002.96,2026-08-15T15:08:50.400,33.6525792,-117.3018422,56.749,-27.4713,0.0089408,-0.058,0.005,-0.02,-3.181374e-07,0
1003,2026-08-15T15:08:50.440,33.6525792,-117.3018422,56.749,-27.4713,0.0044704,-0.059,0.005,-0.02,-1.590687e-07,0
1003.04,2026-08-15T15:08:50.480,33.6525792,-117.3018422,56.749,-27.4713,0.0044704,-0.059,0.006,-0.02,-1.590687e-07,0
1003.08,2026-08-15T15:08:50.520,33.6525792,-117.3018422,56.749,-27.4713,0.0134112,-0.06,0.005,-0.01,-2.386031e-07,0
1003.12,2026-08-15T15:08:50.560,33.6525792,-117.3018422,56.749,-27.4713,0.022352,-0.06,0.005,-0.01,-3.976718e-07,0
1003.16,2026-08-15T15:08:50.600,33.6525792,-117.3018422,56.749,-27.4713,0.022352,-0.06,0.004,-0.02,-7.953435e-07,0
1003.2,2026-08-15T15:08:50.640,33.6525792,-117.3018422,56.749,-27.4713,0.0089408,-0.059,0.004,-0.02,-3.181374e-07,0
1003.24,2026-08-15T15:08:50.680,33.6525792,-117.3018422,56.749,-27.4713,0.0178816,-0.057,0.004,-0.02,-6.362748e-07,0
1003.28,2026-08-15T15:08:50.720,33.6525792,-117.3018422,56.749,-27.4713,0.0178816,-0.057,0.005,-0.02,-6.362748e-07,0
1003.32,2026-08-15T15:08:50.760,33.6525792,-117.3018421,56.7583,-27.4713,0.0178816,-0.057,0.005,-0.02,-6.362748e-07,0
1003.36,2026-08-15T15:08:50.800,33.6525792,-117.3018421,56.7583,-27.4713,0.0178816,-0.058,0.006,-0.01,-3.181374e-07,0
1003.4,2026-08-15T15:08:50.840,33.6525792,-117.3018421,56.7583,-27.4713,0.0268224,-0.06,0.006,-0.01,-4.772061e-07,0
1003.44,2026-08-15T15:08:50.880,33.6525792,-117.3018421,56.7583,-27.4713,0.0268224,-0.062,0.006,0,0,0
1003.48,2026-08-15T15:08:50.920,33.6525792,-117.3018421,56.7583,-27.4713,0.0178816,-0.063,0.006,0,0,0
1003.52,2026-08-15T15:08:50.960,33.6525792,-117.3018421,56.7583,-27.4713,0.0178816,-0.063,0.006,0,0,0
1003.56,2026-08-15T15:08:51.000,33.6525792,-117.3018421,56.7583,-27.4713,0.0089408,-0.061,0.005,0,0,0
1003.6,2026-08-15T15:08:51.040,33.6525792,-117.3018420,56.7675,-27.4713,0.0178816,-0.059,0.006,0,0,0
1003.64,2026-08-15T15:08:51.080,33.6525792,-117.3018420,56.7675,-27.4713,0.0134112,-0.057,0.006,0,0,0
1003.68,2026-08-15T15:08:51.120,33.6525792,-117.3018420,56.7675,-27.4713,0.0089408,-0.055,0.006,0,0,0
1003.72,2026-08-15T15:08:51.160,33.6525792,-117.3018420,56.7675,-27.4713,0.022352,-0.056,0.006,0,0,0
1003.76,2026-08-15T15:08:51.200,33.6525792,-117.3018421,56.7583,-27.4713,0.0536448,-0.057,0.006,-0.01,-9.544122e-07,0
1003.8,2026-08-15T15:08:51.240,33.6525792,-117.3018421,56.7583,-27.4713,0.022352,-0.059,0.005,-0.01,-3.976718e-07,0
1003.84,2026-08-15T15:08:51.280,33.6525792,-117.3018420,56.7675,-27.4713,0.0134112,-0.06,0.005,-0.02,-4.772061e-07,0
1003.88,2026-08-15T15:08:51.320,33.6525792,-117.3018420,56.7675,-27.4713,0.0134112,-0.061,0.004,-0.02,-4.772061e-07,0
1003.92,2026-08-15T15:08:51.360,33.6525792,-117.3018420,56.7675,-27.4713,0.0268224,-0.06,0.004,-0.02,-9.544122e-07,0
1003.96,2026-08-15T15:08:51.400,33.6525792,-117.3018420,56.7675,-27.4713,0.0044704,-0.059,0.004,-0.03,-2.386031e-07,0
1004,2026-08-15T15:08:51.440,33.6525792,-117.3018420,56.7675,-27.4713,0.0178816,-0.057,0.004,-0.03,-9.544122e-07,0
1004.04,2026-08-15T15:08:51.480,33.6525792,-117.3018420,56.7675,-27.4713,0.0178816,-0.056,0.005,-0.02,-6.362748e-07,0
1004.08,2026-08-15T15:08:51.520,33.6525793,-117.3018420,56.7675,-27.4602,0.0178816,-0.056,0.005,-0.02,-6.362748e-07,0
1004.12,2026-08-15T15:08:51.560,33.6525793,-117.3018420,56.7675,-27.4602,0.0089408,-0.056,0.006,-0.02,-3.181374e-07,0
1004.16,2026-08-15T15:08:51.600,33.6525793,-117.3018420,56.7675,-27.4602,0.0089408,-0.057,0.006,-0.02,-3.181374e-07,0
1004.2,2026-08-15T15:08:51.640,33.6525793,-117.3018420,56.7675,-27.4602,0.0268224,-0.059,0.005,-0.02,-9.544122e-07,0
1004.24,2026-08-15T15:08:51.680,33.6525793,-117.3018420,56.7675,-27.4602,0.0044704,-0.06,0.005,-0.01,-7.953435e-08,0
1004.28,2026-08-15T15:08:51.720,33.6525793,-117.3018420,56.7675,-27.4602,0.0357632,-0.06,0.005,0,0,0
1004.32,2026-08-15T15:08:51.760,33.6525793,-117.3018420,56.7675,-27.4602,0.0178816,-0.06,0.005,0.01,3.181374e-07,0
1004.36,2026-08-15T15:08:51.800,33.6525793,-117.3018420,56.7675,-27.4602,0.0134112,-0.059,0.006,0.02,4.772061e-07,0
1004.4,2026-08-15T15:08:51.840,33.6525793,-117.3018420,56.7675,-27.4602,0.0134112,-0.058,0.007,0.02,4.772061e-07,0
1004.44,2026-08-15T15:08:51.880,33.6525793,-117.3018420,56.7675,-27.4602,0.0312928,-0.056,0.008,0.01,5.567405e-07,0
1004.48,2026-08-15T15:08:51.920,33.6525793,-117.3018420,56.7675,-27.4602,0.0312928,-0.053,0.007,0,0,0
1004.52,2026-08-15T15:08:51.960,33.6525793,-117.3018420,56.7675,-27.4602,0.0357632,-0.037,0.005,0,0,0
1004.56,2026-08-15T15:08:52.000,33.6525793,-117.3018420,56.7675,-27.4602,0.0312928,-0.004,0.003,0.02,1.113481e-06,0
1004.6,2026-08-15T15:08:52.040,33.6525792,-117.3018420,56.7675,-27.4713,0.0804672,0.066,0.001,0.07,1.002133e-05,0
1004.64,2026-08-15T15:08:52.080,33.6525791,-117.3018421,56.7583,-27.4825,0.210109,0.192,0.002,0.13,4.859549e-05,0
1004.68,2026-08-15T15:08:52.120,33.6525790,-117.3018423,56.7398,-27.4936,0.500685,0.351,0.004,0.14,1.247099e-04,0
1004.72,2026-08-15T15:08:52.160,33.6525785,-117.3018425,56.7213,-27.5492,0.88961,0.529,0.005,0.06,9.496402e-05,0
1004.76,2026-08-15T15:08:52.200,33.6525780,-117.3018429,56.6842,-27.6048,1.33665,0.699,0.003,-0.12,-2.853693e-04,0
1004.8,2026-08-15T15:08:52.240,33.6525773,-117.3018433,56.6472,-27.6826,1.81498,0.841,-0.001,-0.4,-0.00129164,0
1004.84,2026-08-15T15:08:52.280,33.6525766,-117.3018439,56.5917,-27.7605,2.1905,0.922,-0.014,-0.72,-0.00280597,0
1004.88,2026-08-15T15:08:52.320,33.6525758,-117.3018446,56.5269,-27.8494,2.51684,0.966,-0.024,-1.07,-0.00479123,0
1004.92,2026-08-15T15:08:52.360,33.6525748,-117.3018453,56.4621,-27.9606,2.86106,0.972,-0.029,-1.49,-0.0075844,0
1004.96,2026-08-15T15:08:52.400,33.6525736,-117.3018460,56.3973,-28.094,3.22763,0.966,-0.03,-2.11,-0.0121164,0
1005,2026-08-15T15:08:52.440,33.6525724,-117.3018469,56.314,-28.2275,3.62996,0.955,-0.035,-2.93,-0.0189225,0
1005.04,2026-08-15T15:08:52.480,33.6525711,-117.3018479,56.2214,-28.372,4.04124,0.943,-0.052,-3.99,-0.0286877,0
1005.08,2026-08-15T15:08:52.520,33.6525697,-117.3018489,56.1289,-28.5277,4.39887,0.926,-0.08,-5.29,-0.0414005,0
1005.12,2026-08-15T15:08:52.560,33.6525682,-117.3018501,56.0178,-28.6945,4.72521,0.903,-0.111,-6.69,-0.0562414,0
1005.16,2026-08-15T15:08:52.600,33.6525665,-117.3018514,55.8975,-28.8835,5.05602,0.875,-0.132,-8.06,-0.0725024,0
1005.2,2026-08-15T15:08:52.640,33.6525649,-117.3018528,55.7679,-29.0614,5.43154,0.848,-0.14,-9.42,-0.0910295,0
1005.24,2026-08-15T15:08:52.680,33.6525631,-117.3018542,55.6383,-29.2616,5.76235,0.835,-0.143,-10.74,-0.110106,0
1005.28,2026-08-15T15:08:52.720,33.6525612,-117.3018558,55.4902,-29.4729,6.11998,0.834,-0.151,-11.87,-0.129244,0
1005.32,2026-08-15T15:08:52.760,33.6525592,-117.3018575,55.3329,-29.6952,6.4642,0.845,-0.175,-12.88,-0.148129,0
1005.36,2026-08-15T15:08:52.800,33.6525572,-117.3018593,55.1663,-29.9176,6.82183,0.856,-0.215,-13.93,-0.169068,0
1005.4,2026-08-15T15:08:52.840,33.6525551,-117.3018613,54.9811,-30.1511,7.22417,0.862,-0.26,-15.04,-0.193305,0
1005.44,2026-08-15T15:08:52.880,33.6525529,-117.3018634,54.7868,-30.3958,7.61309,0.851,-0.293,-16.23,-0.21983,0
1005.48,2026-08-15T15:08:52.920,33.6525505,-117.3018656,54.5831,-30.6626,7.90367,0.821,-0.308,-17.53,-0.246501,1
1005.52,2026-08-15T15:08:52.960,33.6525482,-117.3018679,54.3702,-30.9184,8.15401,0.767,-0.311,-18.95,-0.274909,1
1005.56,2026-08-15T15:08:53.000,33.6525460,-117.3018703,54.1481,-31.163,8.36859,0.71,-0.311,-20.23,-0.301201,1
1005.6,2026-08-15T15:08:53.040,33.6525436,-117.3018728,53.9167,-31.4299,8.59658,0.658,-0.322,-21.28,-0.325466,1
1005.64,2026-08-15T15:08:53.080,33.6525412,-117.3018754,53.676,-31.6968,8.79775,0.632,-0.35,-22.06,-0.345291,1
1005.68,2026-08-15T15:08:53.120,33.6525388,-117.3018781,53.4261,-31.9636,9.0615,0.634,-0.383,-22.59,-0.364187,1
1005.72,2026-08-15T15:08:53.160,33.6525363,-117.3018811,53.1484,-32.2416,9.44596,0.656,-0.412,-22.85,-0.384008,1
1005.76,2026-08-15T15:08:53.200,33.6525338,-117.3018842,52.8615,-32.5196,9.77676,0.676,-0.43,-23,-0.400066,1
1005.8,2026-08-15T15:08:53.240,33.6525311,-117.3018874,52.5653,-32.8198,10.0986,0.672,-0.44,-23.2,-0.41683,1
1005.84,2026-08-15T15:08:53.280,33.6525286,-117.3018907,52.2599,-33.0978,10.34,0.633,-0.443,-23.58,-0.433785,1
1005.88,2026-08-15T15:08:53.320,33.6525261,-117.3018941,51.9452,-33.3758,10.4652,0.576,-0.447,-24.22,-0.450952,1
1005.92,2026-08-15T15:08:53.360,33.6525236,-117.3018976,51.6212,-33.6538,10.5412,0.526,-0.456,-25.23,-0.473168,1
1005.96,2026-08-15T15:08:53.400,33.6525211,-117.3019012,51.288,-33.9318,10.7021,0.496,-0.479,-26.39,-0.502479,1
1006,2026-08-15T15:08:53.440,33.6525184,-117.3019050,50.9363,-34.232,10.9704,0.499,-0.52,-27.51,-0.536933,1
1006.04,2026-08-15T15:08:53.480,33.6525159,-117.3019089,50.5753,-34.51,11.3503,0.521,-0.568,-28.4,-0.573503,1
1006.08,2026-08-15T15:08:53.520,33.6525134,-117.3019130,50.1958,-34.788,11.6454,0.544,-0.625,-28.91,-0.598978,1
1006.12,2026-08-15T15:08:53.560,33.6525110,-117.3019174,49.7885,-35.0548,11.8555,0.547,-0.65,-29,-0.611683,1
1006.16,2026-08-15T15:08:53.600,33.6525085,-117.3019217,49.3905,-35.3328,12.0388,0.526,-0.631,-28.9,-0.618998,1
1006.2,2026-08-15T15:08:53.640,33.6525061,-117.3019262,48.974,-35.5997,12.1997,0.484,-0.593,-28.85,-0.626187,1
1006.24,2026-08-15T15:08:53.680,33.6525036,-117.3019307,48.5575,-35.8777,12.3025,0.44,-0.573,-28.93,-0.633216,1
1006.28,2026-08-15T15:08:53.720,33.6525011,-117.3019352,48.141,-36.1557,12.4277,0.406,-0.59,-29.14,-0.644301,1
1006.32,2026-08-15T15:08:53.760,33.6524988,-117.3019398,47.7152,-36.4114,12.5484,0.387,-0.657,-29.24,-0.652792,1
1006.36,2026-08-15T15:08:53.800,33.6524967,-117.3019448,47.2524,-36.6449,12.7362,0.37,-0.72,-29.1,-0.659387,1
1006.4,2026-08-15T15:08:53.840,33.6524946,-117.3019500,46.7711,-36.8784,12.9686,0.345,-0.759,-28.72,-0.662654,1
1006.44,2026-08-15T15:08:53.880,33.6524925,-117.3019550,46.3083,-37.112,13.143,0.307,-0.761,-28.21,-0.659637,1
1006.48,2026-08-15T15:08:53.920,33.6524904,-117.3019603,45.8177,-37.3455,13.2056,0.254,-0.729,-27.82,-0.653616,1
1006.52,2026-08-15T15:08:53.960,33.6524885,-117.3019654,45.3457,-37.5567,13.2279,0.188,-0.697,-27.81,-0.654487,1
1006.56,2026-08-15T15:08:54.000,33.6524865,-117.3019706,44.8643,-37.7791,13.1922,0.132,-0.69,-28.1,-0.659523,1
1006.6,2026-08-15T15:08:54.040,33.6524848,-117.3019759,44.3738,-37.9682,13.2503,0.091,-0.704,-28.54,-0.672801,1
1006.64,2026-08-15T15:08:54.080,33.6524830,-117.3019814,43.8647,-38.1683,13.3352,0.067,-0.736,-29.01,-0.688265,1
1006.68,2026-08-15T15:08:54.120,33.6524814,-117.3019869,43.3556,-38.3462,13.3978,0.055,-0.767,-29.4,-0.700791,1
1006.72,2026-08-15T15:08:54.160,33.6524800,-117.3019924,42.8465,-38.5019,13.4514,0.057,-0.79,-29.62,-0.708862,1
1006.76,2026-08-15T15:08:54.200,33.6524785,-117.3019979,42.3375,-38.6687,13.4961,0.068,-0.799,-29.75,-0.71434,1
1006.8,2026-08-15T15:08:54.240,33.6524772,-117.3020036,41.8099,-38.8132,13.5721,0.084,-0.797,-29.8,-0.71957,1
1006.84,2026-08-15T15:08:54.280,33.6524759,-117.3020094,41.273,-38.9578,13.6571,0.106,-0.787,-29.71,-0.721886,1
1006.88,2026-08-15T15:08:54.320,33.6524748,-117.3020151,40.7454,-39.0801,13.751,0.128,-0.775,-29.52,-0.7222,1
1006.92,2026-08-15T15:08:54.360,33.6524737,-117.3020209,40.2086,-39.2024,13.8269,0.147,-0.767,-29.21,-0.718565,1
1006.96,2026-08-15T15:08:54.400,33.6524727,-117.3020269,39.6532,-39.3136,13.9253,0.158,-0.767,-28.84,-0.71451,1
1007,2026-08-15T15:08:54.440,33.6524718,-117.3020329,39.0979,-39.4137,14.0192,0.161,-0.773,-28.5,-0.710846,1
1007.04,2026-08-15T15:08:54.480,33.6524710,-117.3020389,38.5425,-39.5026,14.0952,0.155,-0.778,-28.22,-0.707678,1
1007.08,2026-08-15T15:08:54.520,33.6524703,-117.3020450,37.9779,-39.5805,14.2069,0.144,-0.78,-28.04,-0.70874,1
1007.12,2026-08-15T15:08:54.560,33.6524697,-117.3020511,37.4133,-39.6472,14.2338,0.13,-0.778,-27.94,-0.707545,1
1007.16,2026-08-15T15:08:54.600,33.6524692,-117.3020572,36.8487,-39.7028,14.2516,0.118,-0.774,-27.93,-0.708181,1
1007.2,2026-08-15T15:08:54.640,33.6524688,-117.3020635,36.2655,-39.7473,14.3232,0.113,-0.773,-27.97,-0.712754,1
1007.24,2026-08-15T15:08:54.680,33.6524685,-117.3020697,35.6917,-39.7806,14.4215,0.114,-0.774,-28.05,-0.719701,1
1007.28,2026-08-15T15:08:54.720,33.6524684,-117.3020760,35.1085,-39.7917,14.5154,0.122,-0.777,-28.12,-0.726193,1
1007.32,2026-08-15T15:08:54.760,33.6524681,-117.3020824,34.5162,-39.8251,14.6048,0.134,-0.783,-28.16,-0.731706,1
1007.36,2026-08-15T15:08:54.800,33.6524682,-117.3020888,33.9238,-39.814,14.721,0.148,-0.789,-28.1,-0.735958,1
1007.4,2026-08-15T15:08:54.840,33.6524684,-117.3020951,33.3406,-39.7917,14.8149,0.16,-0.794,-27.95,-0.736697,1
1007.44,2026-08-15T15:08:54.880,33.6524685,-117.3021016,32.739,-39.7806,14.9088,0.171,-0.795,-27.69,-0.734469,1
1007.48,2026-08-15T15:08:54.920,33.6524688,-117.3021082,32.1281,-39.7473,14.9937,0.181,-0.796,-27.34,-0.729317,1
1007.52,2026-08-15T15:08:54.960,33.6524692,-117.3021147,31.5265,-39.7028,15.0563,0.189,-0.786,-26.89,-0.720307,1
1007.56,2026-08-15T15:08:55.000,33.6524697,-117.3021211,30.9341,-39.6472,15.1278,0.195,-0.774,-26.42,-0.711079,1
1007.6,2026-08-15T15:08:55.040,33.6524703,-117.3021277,30.3232,-39.5805,15.253,0.202,-0.761,-25.91,-0.703123,1
1007.64,2026-08-15T15:08:55.080,33.6524711,-117.3021343,29.7123,-39.4915,15.3335,0.207,-0.743,-25.35,-0.691555,1
1007.68,2026-08-15T15:08:55.120,33.6524719,-117.3021410,29.0921,-39.4026,15.4318,0.214,-0.728,-24.72,-0.678694,1
1007.72,2026-08-15T15:08:55.160,33.6524728,-117.3021477,28.472,-39.3025,15.5704,0.22,-0.713,-24.01,-0.665121,1
1007.76,2026-08-15T15:08:55.200,33.6524739,-117.3021544,27.8518,-39.1802,15.6822,0.225,-0.696,-23.06,-0.643389,1
1007.8,2026-08-15T15:08:55.240,33.6524749,-117.3021611,27.2317,-39.069,15.7984,0.228,-0.673,-21.94,-0.616677,1
1007.84,2026-08-15T15:08:55.280,33.6524761,-117.3021678,26.6115,-38.9355,15.8878,0.231,-0.647,-20.63,-0.583138,1
1007.88,2026-08-15T15:08:55.320,33.6524773,-117.3021745,25.9914,-38.8021,16.013,0.234,-0.609,-18.95,-0.53987,1
1007.92,2026-08-15T15:08:55.360,33.6524786,-117.3021815,25.3435,-38.6576,16.1203,0.238,-0.563,-16.98,-0.486988,1
1007.96,2026-08-15T15:08:55.400,33.6524800,-117.3021882,24.7233,-38.5019,16.2052,0.246,-0.499,-14.73,-0.424684,1
1008,2026-08-15T15:08:55.440,33.6524813,-117.3021951,24.0847,-38.3573,16.3393,0.257,-0.419,-12.15,-0.353198,1
1008.04,2026-08-15T15:08:55.480,33.6524827,-117.3022021,23.4367,-38.2017,16.5092,0.271,-0.322,-9.05,-0.265817,1
1008.08,2026-08-15T15:08:55.520,33.6524843,-117.3022091,22.7888,-38.0237,16.688,0.281,-0.217,-5.77,-0.171312,1
1008.12,2026-08-15T15:08:55.560,33.6524856,-117.3022162,22.1316,-37.8792,16.8176,0.282,-0.102,-2.28,-0.0682195,1
1008.16,2026-08-15T15:08:55.600,33.6524869,-117.3022234,21.4652,-37.7346,16.9294,0.262,0.03,1.44,0.0433723,1
1008.2,2026-08-15T15:08:55.640,33.6524883,-117.3022306,20.7988,-37.579,16.9607,0.221,0.171,5.12,0.154498,1
1008.24,2026-08-15T15:08:55.680,33.6524895,-117.3022377,20.1416,-37.4455,16.9875,0.164,0.308,8.47,0.255989,1
1008.28,2026-08-15T15:08:55.720,33.6524906,-117.3022449,19.4752,-37.3232,16.9875,0.109,0.427,11.52,0.34817,1
1008.32,2026-08-15T15:08:55.760,33.6524917,-117.3022522,18.7995,-37.2009,16.992,0.065,0.516,14.25,0.430792,1
1008.36,2026-08-15T15:08:55.800,33.6524926,-117.3022595,18.1238,-37.1008,17.0501,0.039,0.576,16.4,0.497484,1
1008.4,2026-08-15T15:08:55.840,33.6524934,-117.3022668,17.4481,-37.0119,17.1038,0.023,0.625,18.14,0.551997,1
1008.44,2026-08-15T15:08:55.880,33.6524944,-117.3022741,16.7724,-36.9007,17.1082,0.006,0.654,19.6,0.596581,1
1008.48,2026-08-15T15:08:55.920,33.6524951,-117.3022814,16.0967,-36.8228,17.1172,-0.019,0.668,21.04,0.640746,1
1008.52,2026-08-15T15:08:55.960,33.6524957,-117.3022887,15.4211,-36.7561,17.0546,-0.044,0.695,22.59,0.685434,1
1008.56,2026-08-15T15:08:56.000,33.6524963,-117.3022960,14.7454,-36.6894,16.9786,-0.064,0.729,24.26,0.732825,1
1008.6,2026-08-15T15:08:56.040,33.6524967,-117.3023032,14.0789,-36.6449,16.9562,-0.075,0.781,25.95,0.782843,1
1008.64,2026-08-15T15:08:56.080,33.6524971,-117.3023105,13.4033,-36.6005,16.9473,-0.082,0.852,27.61,0.832482,1
1008.68,2026-08-15T15:08:56.120,33.6524971,-117.3023177,12.7368,-36.6005,16.9741,-0.088,0.912,28.97,0.874871,1
1008.72,2026-08-15T15:08:56.160,33.6524969,-117.3023251,12.0519,-36.6227,16.9249,-0.105,0.941,30.07,0.905459,1
1008.76,2026-08-15T15:08:56.200,33.6524967,-117.3023323,11.3854,-36.6449,16.8534,-0.129,0.947,31.16,0.934315,1
1008.8,2026-08-15T15:08:56.240,33.6524966,-117.3023395,10.719,-36.6561,16.7595,-0.147,0.933,32.23,0.961016,1
1008.84,2026-08-15T15:08:56.280,33.6524963,-117.3023467,10.0526,-36.6894,16.7014,-0.15,0.923,33.22,0.9871,1
1008.88,2026-08-15T15:08:56.320,33.6524959,-117.3023539,9.38616,-36.7339,16.688,-0.136,0.939,34.13,1.01333,1
1008.92,2026-08-15T15:08:56.360,33.6524952,-117.3023610,8.72898,-36.8117,16.6969,-0.109,0.968,34.78,1.03318,1
1008.96,2026-08-15T15:08:56.400,33.6524946,-117.3023682,8.06255,-36.8784,16.764,-0.077,0.998,35.09,1.04657,1
1009,2026-08-15T15:08:56.440,33.6524936,-117.3023754,7.39612,-36.9896,16.8042,-0.057,1.022,35.18,1.05178,1
1009.04,2026-08-15T15:08:56.480,33.6524926,-117.3023823,6.75746,-37.1008,16.7104,-0.036,1.015,35.15,1.04501,1
1009.08,2026-08-15T15:08:56.520,33.6524913,-117.3023894,6.10028,-37.2454,16.6478,-0.013,1.007,34.97,1.03576,1
1009.12,2026-08-15T15:08:56.560,33.6524900,-117.3023965,5.44311,-37.3899,16.6791,0.009,0.996,34.64,1.02792,1
1009.16,2026-08-15T15:08:56.600,33.6524887,-117.3024035,4.79519,-37.5345,16.7193,0.037,0.989,34.09,1.01404,1
1009.2,2026-08-15T15:08:56.640,33.6524872,-117.3024104,4.15653,-37.7013,16.7819,0.06,0.988,33.26,0.99305,1
1009.24,2026-08-15T15:08:56.680,33.6524855,-117.3024175,3.49935,-37.8903,16.8221,0.065,1.002,32.3,0.966699,1
1009.28,2026-08-15T15:08:56.720,33.6524836,-117.3024244,2.86069,-38.1016,16.8445,0.06,1.01,31.38,0.940413,1
1009.32,2026-08-15T15:08:56.760,33.6524818,-117.3024312,2.23128,-38.3017,16.8132,0.048,1.009,30.58,0.914736,1
1009.36,2026-08-15T15:08:56.800,33.6524796,-117.3024381,1.59262,-38.5464,16.7908,0.032,1.007,29.91,0.893504,1
1009.4,2026-08-15T15:08:56.840,33.6524776,-117.3024448,0.972467,-38.7688,16.764,0.022,0.985,29.3,0.873884,1
1009.44,2026-08-15T15:08:56.880,33.6524752,-117.3024516,0.34306,-39.0356,16.8221,0.02,0.974,28.52,0.853569,1
1009.48,2026-08-15T15:08:56.920,33.6524728,-117.3024583,-0.277091,-39.3025,16.8489,0.011,0.978,27.28,0.817759,1
1009.52,2026-08-15T15:08:56.960,33.6524703,-117.3024649,-0.887986,-39.5805,16.8579,-0.013,0.99,25.5,0.764806,1
1009.56,2026-08-15T15:08:57.000,33.6524678,-117.3024714,-1.48963,-39.8585,16.8176,-0.049,0.978,23.54,0.704336,1
1009.6,2026-08-15T15:08:57.040,33.6524649,-117.3024778,-2.08201,-40.1809,16.7282,-0.1,0.934,21.26,0.632735,1
1009.64,2026-08-15T15:08:57.080,33.6524622,-117.3024841,-2.66514,-40.4812,16.5986,-0.155,0.846,18.87,0.557252,1
1009.68,2026-08-15T15:08:57.120,33.6524594,-117.3024904,-3.24826,-40.7925,16.4734,-0.192,0.733,16.36,0.479486,1
1009.72,2026-08-15T15:08:57.160,33.6524567,-117.3024966,-3.82213,-41.0927,16.393,-0.203,0.628,13.53,0.394606,1
1009.76,2026-08-15T15:08:57.200,33.6524539,-117.3025028,-4.396,-41.4041,16.3974,-0.197,0.542,9.66,0.281813,1
1009.8,2026-08-15T15:08:57.240,33.6524510,-117.3025090,-4.96988,-41.7265,16.393,-0.178,0.46,5.33,0.155451,1
1009.84,2026-08-15T15:08:57.280,33.6524481,-117.3025150,-5.52523,-42.049,16.4108,-0.165,0.344,0.86,0.0251095,1
1009.88,2026-08-15T15:08:57.320,33.6524452,-117.3025213,-6.10836,-42.3715,16.3751,-0.162,0.188,-3.07,-0.0894396,1
1009.92,2026-08-15T15:08:57.360,33.6524425,-117.3025275,-6.68223,-42.6717,16.2588,-0.163,0.008,-5.7,-0.164882,1
1009.96,2026-08-15T15:08:57.400,33.6524399,-117.3025337,-7.2561,-42.9608,16.2052,-0.165,-0.13,-6.6,-0.190286,1
1010,2026-08-15T15:08:57.440,33.6524373,-117.3025400,-7.83923,-43.2499,16.1828,-0.161,-0.201,-6.27,-0.180522,1
1010.04,2026-08-15T15:08:57.480,33.6524347,-117.3025462,-8.4131,-43.539,16.1873,-0.152,-0.216,-5.47,-0.157533,1
1010.08,2026-08-15T15:08:57.520,33.6524319,-117.3025524,-8.98697,-43.8504,16.156,-0.146,-0.216,-5.07,-0.145731,1
1010.12,2026-08-15T15:08:57.560,33.6524293,-117.3025585,-9.55159,-44.1395,16.1292,-0.147,-0.239,-5.67,-0.162706,1
1010.16,2026-08-15T15:08:57.600,33.6524268,-117.3025648,-10.1347,-44.4175,16.0934,-0.154,-0.296,-7.48,-0.21417,1
1010.2,2026-08-15T15:08:57.640,33.6524244,-117.3025711,-10.7178,-44.6843,16.0174,-0.164,-0.363,-9.94,-0.283262,1
1010.24,2026-08-15T15:08:57.680,33.6524221,-117.3025774,-11.301,-44.9401,15.9638,-0.173,-0.411,-12.48,-0.354453,1
1010.28,2026-08-15T15:08:57.720,33.6524197,-117.3025837,-11.8841,-45.2069,15.9102,-0.176,-0.429,-14.58,-0.412706,1
1010.32,2026-08-15T15:08:57.760,33.6524176,-117.3025900,-12.4672,-45.4405,15.8923,-0.182,-0.429,-16.1,-0.455219,1
1010.36,2026-08-15T15:08:57.800,33.6524153,-117.3025963,-13.0503,-45.6962,15.861,-0.19,-0.425,-17.04,-0.480848,1
1010.4,2026-08-15T15:08:57.840,33.6524132,-117.3026026,-13.6335,-45.9297,15.7805,-0.2,-0.444,-17.83,-0.500588,1
1010.44,2026-08-15T15:08:57.880,33.6524113,-117.3026089,-14.2166,-46.141,15.7045,-0.21,-0.481,-18.8,-0.52528,1
1010.48,2026-08-15T15:08:57.920,33.6524093,-117.3026153,-14.809,-46.3634,15.6464,-0.218,-0.525,-20,-0.55674,1
1010.52,2026-08-15T15:08:57.960,33.6524075,-117.3026216,-15.3921,-46.5635,15.6017,-0.221,-0.568,-21.44,-0.595121,1
1010.56,2026-08-15T15:08:58.000,33.6524057,-117.3026280,-15.9845,-46.7637,15.5525,-0.228,-0.609,-22.98,-0.635857,1
1010.6,2026-08-15T15:08:58.040,33.6524041,-117.3026344,-16.5769,-46.9416,15.4899,-0.234,-0.656,-24.46,-0.674085,1
1010.64,2026-08-15T15:08:58.080,33.6524026,-117.3026407,-17.16,-47.1084,15.4005,-0.246,-0.7,-25.82,-0.707457,1
1010.68,2026-08-15T15:08:58.120,33.6524012,-117.3026471,-17.7524,-47.264,15.3022,-0.258,-0.744,-27.1,-0.737787,1
1010.72,2026-08-15T15:08:58.160,33.6524000,-117.3026534,-18.3355,-47.3975,15.1904,-0.267,-0.791,-28.29,-0.764559,1
1010.76,2026-08-15T15:08:58.200,33.6523988,-117.3026598,-18.9279,-47.5309,15.1368,-0.267,-0.825,-29.31,-0.789328,1
1010.8,2026-08-15T15:08:58.240,33.6523978,-117.3026662,-19.5203,-47.6421,15.0921,-0.262,-0.841,-30.11,-0.808478,1
1010.84,2026-08-15T15:08:58.280,33.6523969,-117.3026725,-20.1034,-47.7422,15.0116,-0.253,-0.85,-30.63,-0.818055,1
1010.88,2026-08-15T15:08:58.320,33.6523960,-117.3026789,-20.6958,-47.8423,14.9893,-0.243,-0.85,-30.86,-0.82297,1
1010.92,2026-08-15T15:08:58.360,33.6523953,-117.3026853,-21.2882,-47.9201,14.9088,-0.235,-0.844,-30.87,-0.818818,1
1010.96,2026-08-15T15:08:58.400,33.6523947,-117.3026916,-21.8713,-47.9868,14.8417,-0.233,-0.845,-30.81,-0.813551,1
1011,2026-08-15T15:08:58.440,33.6523942,-117.3026980,-22.4637,-48.0424,14.8238,-0.236,-0.845,-30.79,-0.812043,1
1011.04,2026-08-15T15:08:58.480,33.6523939,-117.3027043,-23.0468,-48.0758,14.7389,-0.238,-0.846,-30.87,-0.809488,1
1011.08,2026-08-15T15:08:58.520,33.6523936,-117.3027106,-23.6299,-48.1091,14.645,-0.235,-0.852,-31.03,-0.808501,1
1011.12,2026-08-15T15:08:58.560,33.6523935,-117.3027169,-24.2131,-48.1202,14.5959,-0.223,-0.857,-31.16,-0.809162,1
1011.16,2026-08-15T15:08:58.600,33.6523934,-117.3027231,-24.7869,-48.1314,14.5735,-0.193,-0.86,-31.14,-0.807404,1
1011.2,2026-08-15T15:08:58.640,33.6523935,-117.3027294,-25.3701,-48.1202,14.5646,-0.156,-0.863,-30.9,-0.80069,1
1011.24,2026-08-15T15:08:58.680,33.6523937,-117.3027356,-25.9439,-48.098,14.5646,-0.113,-0.861,-30.42,-0.788252,1
1011.28,2026-08-15T15:08:58.720,33.6523940,-117.3027419,-26.5271,-48.0647,14.6003,-0.073,-0.863,-29.73,-0.772264,1
1011.32,2026-08-15T15:08:58.760,33.6523945,-117.3027483,-27.1194,-48.0091,14.6227,-0.039,-0.857,-28.99,-0.754195,1
1011.36,2026-08-15T15:08:58.800,33.6523951,-117.3027545,-27.6933,-47.9423,14.6406,-0.016,-0.846,-28.3,-0.737144,1
1011.4,2026-08-15T15:08:58.840,33.6523957,-117.3027608,-28.2764,-47.8756,14.6719,0.004,-0.832,-27.75,-0.724363,1
1011.44,2026-08-15T15:08:58.880,33.6523966,-117.3027672,-28.8688,-47.7755,14.721,0.021,-0.814,-27.33,-0.715791,1
1011.48,2026-08-15T15:08:58.920,33.6523974,-117.3027734,-29.4427,-47.6866,14.7702,0.035,-0.797,-27.04,-0.710561,1
1011.52,2026-08-15T15:08:58.960,33.6523984,-117.3027797,-30.0258,-47.5754,14.8104,0.051,-0.782,-26.79,-0.705909,1
1011.56,2026-08-15T15:08:59.000,33.6523996,-117.3027861,-30.6182,-47.442,14.8909,0.067,-0.765,-26.57,-0.703916,1
1011.6,2026-08-15T15:08:59.040,33.6524006,-117.3027923,-31.1921,-47.3308,14.9445,0.082,-0.754,-26.34,-0.700337,1
1011.64,2026-08-15T15:08:59.080,33.6524019,-117.3027986,-31.7752,-47.1862,15.0518,0.099,-0.749,-26.11,-0.699205,1
1011.68,2026-08-15T15:08:59.120,33.6524033,-117.3028050,-32.3676,-47.0305,15.1323,0.117,-0.741,-25.9,-0.69729,1
1011.72,2026-08-15T15:08:59.160,33.6524048,-117.3028113,-32.9507,-46.8637,15.1949,0.137,-0.737,-25.74,-0.695848,1
1011.76,2026-08-15T15:08:59.200,33.6524064,-117.3028177,-33.5431,-46.6858,15.3245,0.156,-0.736,-25.64,-0.699059,1
1011.8,2026-08-15T15:08:59.240,33.6524082,-117.3028241,-34.1355,-46.4857,15.4408,0.177,-0.735,-25.61,-0.703537,1
1011.84,2026-08-15T15:08:59.280,33.6524100,-117.3028305,-34.7279,-46.2855,15.557,0.204,-0.73,-25.61,-0.708832,1
1011.88,2026-08-15T15:08:59.320,33.6524119,-117.3028369,-35.3202,-46.0743,15.6956,0.234,-0.722,-25.58,-0.714309,1
1011.92,2026-08-15T15:08:59.360,33.6524139,-117.3028433,-35.9126,-45.8519,15.852,0.265,-0.713,-25.44,-0.717481,1
1011.96,2026-08-15T15:08:59.400,33.6524161,-117.3028498,-36.5143,-45.6072,16.004,0.295,-0.709,-25.11,-0.714965,1
1012,2026-08-15T15:08:59.440,33.6524182,-117.3028563,-37.1159,-45.3737,16.1739,0.318,-0.706,-24.45,-0.703562,1
1012.04,2026-08-15T15:08:59.480,33.6524206,-117.3028628,-37.7175,-45.1069,16.2991,0.335,-0.701,-23.43,-0.679428,1
1012.08,2026-08-15T15:08:59.520,33.6524230,-117.3028694,-38.3284,-44.84,16.4511,0.348,-0.688,-21.98,-0.643325,1
1012.12,2026-08-15T15:08:59.560,33.6524256,-117.3028758,-38.9208,-44.5509,16.6075,0.358,-0.655,-19.82,-0.585622,1
1012.16,2026-08-15T15:08:59.600,33.6524282,-117.3028824,-39.5317,-44.2618,16.764,0.357,-0.605,-16.97,-0.506137,1
1012.2,2026-08-15T15:08:59.640,33.6524309,-117.3028891,-40.1519,-43.9616,16.9696,0.333,-0.538,-13.46,-0.406374,1
1012.24,2026-08-15T15:08:59.680,33.6524335,-117.3028958,-40.772,-43.6725,17.1395,0.269,-0.454,-9.27,-0.282674,1
1012.28,2026-08-15T15:08:59.720,33.6524362,-117.3029024,-41.3829,-43.3722,17.0859,0.157,-0.33,-4.29,-0.130408,1
1012.32,2026-08-15T15:08:59.760,33.6524388,-117.3029089,-41.9846,-43.0831,16.8936,0.031,-0.17,0.79,0.0237443,1
1012.36,2026-08-15T15:08:59.800,33.6524414,-117.3029154,-42.5862,-42.794,16.7506,-0.088,0.031,5.85,0.174339,1
1012.4,2026-08-15T15:08:59.840,33.6524438,-117.3029219,-43.1878,-42.5271,16.6254,-0.169,0.259,10.87,0.321522,1
1012.44,2026-08-15T15:08:59.880,33.6524461,-117.3029285,-43.7987,-42.2714,16.5941,-0.204,0.478,15.4,0.454657,1
1012.48,2026-08-15T15:08:59.920,33.6524483,-117.3029352,-44.4189,-42.0268,16.6075,-0.197,0.665,19.13,0.565234,1
1012.52,2026-08-15T15:08:59.960,33.6524504,-117.3029419,-45.039,-41.7933,16.6254,-0.169,0.811,22.19,0.656354,1
1012.56,2026-08-15T15:09:00.000,33.6524523,-117.3029487,-45.6684,-41.582,16.6299,-0.142,0.897,24.42,0.722509,1
1012.6,2026-08-15T15:09:00.040,33.6524542,-117.3029556,-46.3071,-41.3707,16.5807,-0.128,0.922,25.81,0.761377,1
1012.64,2026-08-15T15:09:00.080,33.6524559,-117.3029623,-46.9273,-41.1817,16.5271,-0.115,0.887,26.7,0.785083,1
1012.68,2026-08-15T15:09:00.120,33.6524575,-117.3029692,-47.5659,-41.0038,16.4734,-0.098,0.821,27.3,0.80012,1
1012.72,2026-08-15T15:09:00.160,33.6524592,-117.3029759,-48.1861,-40.8147,16.4779,-0.07,0.768,27.73,0.812943,1
1012.76,2026-08-15T15:09:00.200,33.6524608,-117.3029828,-48.8247,-40.6368,16.5226,-0.024,0.757,28.04,0.824261,1
1012.8,2026-08-15T15:09:00.240,33.6524623,-117.3029898,-49.4726,-40.47,16.5852,0.026,0.79,28.13,0.830039,1
1012.84,2026-08-15T15:09:00.280,33.6524635,-117.3029968,-50.1206,-40.3366,16.6969,0.071,0.861,27.88,0.828206,1
1012.88,2026-08-15T15:09:00.320,33.6524644,-117.3030040,-50.787,-40.2365,16.8042,0.096,0.917,27.38,0.818579,1
1012.92,2026-08-15T15:09:00.360,33.6524654,-117.3030111,-51.4442,-40.1253,16.84,0.104,0.933,26.79,0.802644,1
1012.96,2026-08-15T15:09:00.400,33.6524663,-117.3030183,-52.1106,-40.0253,16.8534,0.099,0.906,26.32,0.789191,1
1013,2026-08-15T15:09:00.440,33.6524671,-117.3030254,-52.7678,-39.9363,16.8176,0.09,0.865,26.08,0.780335,1
1013.04,2026-08-15T15:09:00.480,33.6524678,-117.3030326,-53.4342,-39.8585,16.8489,0.09,0.83,26.1,0.782387,1
1013.08,2026-08-15T15:09:00.520,33.6524684,-117.3030399,-54.1099,-39.7917,16.9339,0.099,0.822,26.27,0.791452,1
1013.12,2026-08-15T15:09:00.560,33.6524690,-117.3030472,-54.7856,-39.725,17.0233,0.109,0.834,26.47,0.801688,1
1013.16,2026-08-15T15:09:00.600,33.6524692,-117.3030547,-55.4798,-39.7028,17.1082,0.116,0.855,26.61,0.80995,1
1013.2,2026-08-15T15:09:00.640,33.6524694,-117.3030621,-56.1647,-39.6806,17.1753,0.118,0.864,26.74,0.817097,1
1013.24,2026-08-15T15:09:00.680,33.6524697,-117.3030696,-56.8589,-39.6472,17.1976,0.108,0.867,26.91,0.823362,1
1013.28,2026-08-15T15:09:00.720,33.6524697,-117.3030770,-57.5439,-39.6472,17.2334,0.096,0.86,27.19,0.833659,1
1013.32,2026-08-15T15:09:00.760,33.6524697,-117.3030844,-58.2288,-39.6472,17.2513,0.087,0.855,27.52,0.844652,1
1013.36,2026-08-15T15:09:00.800,33.6524696,-117.3030918,-58.9138,-39.6583,17.2915,0.079,0.86,27.88,0.857697,1
1013.4,2026-08-15T15:09:00.840,33.6524692,-117.3030992,-59.5987,-39.7028,17.3586,0.073,0.88,28.14,0.869053,1
1013.44,2026-08-15T15:09:00.880,33.6524688,-117.3031067,-60.2929,-39.7473,17.3764,0.059,0.9,28.26,0.873658,1
1013.48,2026-08-15T15:09:00.920,33.6524682,-117.3031143,-60.9963,-39.814,17.4122,0.031,0.919,28.22,0.874217,1
1013.52,2026-08-15T15:09:00.960,33.6524675,-117.3031217,-61.6813,-39.8918,17.3854,-0.011,0.932,28.07,0.868231,1
1013.56,2026-08-15T15:09:01.000,33.6524666,-117.3031291,-62.3662,-39.9919,17.287,-0.061,0.93,27.87,0.857168,1
1013.6,2026-08-15T15:09:01.040,33.6524657,-117.3031363,-63.0327,-40.092,17.211,-0.114,0.919,27.6,0.845132,1
1013.64,2026-08-15T15:09:01.080,33.6524646,-117.3031437,-63.7176,-40.2143,17.1485,-0.16,0.902,26.98,0.823143,1
1013.68,2026-08-15T15:09:01.120,33.6524635,-117.3031509,-64.384,-40.3366,17.068,-0.194,0.87,25.76,0.782234,1
1013.72,2026-08-15T15:09:01.160,33.6524623,-117.3031580,-65.0412,-40.47,17.0054,-0.217,0.811,23.58,0.71341,1
1013.76,2026-08-15T15:09:01.200,33.6524610,-117.3031651,-65.6984,-40.6146,16.9205,-0.226,0.712,19.69,0.592743,1
1013.8,2026-08-15T15:09:01.240,33.6524597,-117.3031722,-66.3556,-40.7591,16.8445,-0.217,0.579,14.25,0.427052,1
1013.84,2026-08-15T15:09:01.280,33.6524585,-117.3031792,-67.0035,-40.8926,16.7953,-0.197,0.416,7.43,0.222016,1
1013.88,2026-08-15T15:09:01.320,33.6524573,-117.3031863,-67.6607,-41.026,16.7819,-0.179,0.231,-0.32,-0.0095543,1
1013.92,2026-08-15T15:09:01.360,33.6524562,-117.3031934,-68.3178,-41.1483,16.7864,-0.172,0.015,-8.65,-0.258334,1
1013.96,2026-08-15T15:09:01.400,33.6524550,-117.3032005,-68.975,-41.2818,16.764,-0.18,-0.208,-16.09,-0.47989,1
1014,2026-08-15T15:09:01.440,33.6524540,-117.3032076,-69.6322,-41.393,16.6925,-0.201,-0.428,-22.29,-0.661971,1
1014.04,2026-08-15T15:09:01.480,33.6524533,-117.3032146,-70.2801,-41.4708,16.545,-0.222,-0.623,-26.94,-0.792997,1
1014.08,2026-08-15T15:09:01.520,33.6524525,-117.3032217,-70.9373,-41.5597,16.5002,-0.236,-0.797,-30.12,-0.884207,1
1014.12,2026-08-15T15:09:01.560,33.6524522,-117.3032287,-71.5852,-41.5931,16.4198,-0.24,-0.92,-31.86,-0.930725,1
1014.16,2026-08-15T15:09:01.600,33.6524518,-117.3032357,-72.2331,-41.6376,16.3438,-0.235,-0.996,-32.85,-0.955204,1
1014.2,2026-08-15T15:09:01.640,33.6524516,-117.3032427,-72.881,-41.6598,16.3348,-0.226,-1.028,-33.42,-0.971247,1
1014.24,2026-08-15T15:09:01.680,33.6524513,-117.3032498,-73.5382,-41.6932,16.3259,-0.21,-1.007,-33.79,-0.981462,1
1014.28,2026-08-15T15:09:01.720,33.6524513,-117.3032568,-74.1861,-41.6932,16.2365,-0.19,-0.957,-33.96,-0.980998,1
1014.32,2026-08-15T15:09:01.760,33.6524515,-117.3032637,-74.8248,-41.6709,16.1828,-0.169,-0.913,-33.93,-0.976893,1
1014.36,2026-08-15T15:09:01.800,33.6524517,-117.3032707,-75.4727,-41.6487,16.1337,-0.156,-0.901,-33.66,-0.966175,1
1014.4,2026-08-15T15:09:01.840,33.6524519,-117.3032776,-76.1114,-41.6265,16.0979,-0.153,-0.922,-33.25,-0.952291,1
1014.44,2026-08-15T15:09:01.880,33.6524525,-117.3032845,-76.75,-41.5597,16.0353,-0.168,-0.966,-32.84,-0.936891,1
1014.48,2026-08-15T15:09:01.920,33.6524533,-117.3032913,-77.3794,-41.4708,15.9593,-0.197,-0.994,-32.66,-0.92734,1
1014.52,2026-08-15T15:09:01.960,33.6524541,-117.3032981,-78.0088,-41.3818,15.852,-0.228,-0.979,-32.8,-0.925054,1
1014.56,2026-08-15T15:09:02.000,33.6524550,-117.3033047,-78.6197,-41.2818,15.7537,-0.256,-0.943,-33.19,-0.930246,1
1014.6,2026-08-15T15:09:02.040,33.6524559,-117.3033114,-79.2399,-41.1817,15.6956,-0.275,-0.892,-33.63,-0.939101,1
1014.64,2026-08-15T15:09:02.080,33.6524569,-117.3033180,-79.8508,-41.0705,15.6062,-0.288,-0.866,-34,-0.944025,1
1014.68,2026-08-15T15:09:02.120,33.6524580,-117.3033245,-80.4524,-40.9482,15.481,-0.299,-0.875,-34.2,-0.941962,1
1014.72,2026-08-15T15:09:02.160,33.6524594,-117.3033309,-81.0448,-40.7925,15.3692,-0.312,-0.91,-34.29,-0.937623,1
1014.76,2026-08-15T15:09:02.200,33.6524608,-117.3033372,-81.6279,-40.6368,15.2485,-0.326,-0.937,-34.45,-0.9346,1
1014.8,2026-08-15T15:09:02.240,33.6524624,-117.3033434,-82.2018,-40.4589,15.1412,-0.332,-0.945,-34.82,-0.937991,1
1014.84,2026-08-15T15:09:02.280,33.6524640,-117.3033496,-82.7757,-40.281,15.0474,-0.325,-0.933,-35.33,-0.945829,1
1014.88,2026-08-15T15:09:02.320,33.6524657,-117.3033557,-83.3403,-40.092,14.958,-0.305,-0.908,-35.86,-0.954313,1
1014.92,2026-08-15T15:09:02.360,33.6524675,-117.3033617,-83.8957,-39.8918,14.873,-0.278,-0.89,-36.27,-0.959743,1
1014.96,2026-08-15T15:09:02.400,33.6524694,-117.3033676,-84.4418,-39.6806,14.8462,-0.25,-0.888,-36.49,-0.963823,1
1015,2026-08-15T15:09:02.440,33.6524714,-117.3033735,-84.9879,-39.4582,14.7836,-0.231,-0.907,-36.5,-0.960023,1
1015.04,2026-08-15T15:09:02.480,33.6524735,-117.3033792,-85.5155,-39.2247,14.6674,-0.22,-0.934,-36.41,-0.950127,1
1015.08,2026-08-15T15:09:02.520,33.6524758,-117.3033849,-86.043,-38.9689,14.578,-0.208,-0.952,-36.26,-0.940445,1
1015.12,2026-08-15T15:09:02.560,33.6524781,-117.3033904,-86.5521,-38.7132,14.5064,-0.186,-0.96,-36.04,-0.930153,1
1015.16,2026-08-15T15:09:02.600,33.6524805,-117.3033959,-87.0612,-38.4463,14.4528,-0.147,-0.952,-35.63,-0.91617,1
1015.2,2026-08-15T15:09:02.640,33.6524831,-117.3034013,-87.561,-38.1572,14.4483,-0.09,-0.933,-34.72,-0.892495,1
1015.24,2026-08-15T15:09:02.680,33.6524858,-117.3034066,-88.0516,-37.857,14.4796,-0.02,-0.923,-33.12,-0.85321,1
1015.28,2026-08-15T15:09:02.720,33.6524886,-117.3034119,-88.5422,-37.5456,14.5646,0.043,-0.922,-30.57,-0.792139,1
1015.32,2026-08-15T15:09:02.760,33.6524914,-117.3034173,-89.042,-37.2343,14.6629,0.095,-0.926,-26.72,-0.697052,1
1015.36,2026-08-15T15:09:02.800,33.6524945,-117.3034224,-89.514,-36.8896,14.7523,0.134,-0.908,-20.67,-0.542512,1
1015.4,2026-08-15T15:09:02.840,33.6524978,-117.3034276,-89.9953,-36.5226,14.8328,0.152,-0.829,-12.9,-0.340425,1
1015.44,2026-08-15T15:09:02.880,33.6525010,-117.3034328,-90.4767,-36.1668,14.8998,0.159,-0.672,-3.67,-0.0972873,1
1015.48,2026-08-15T15:09:02.920,33.6525041,-117.3034380,-90.958,-35.8221,14.9445,0.167,-0.41,6.66,0.177078,1
1015.52,2026-08-15T15:09:02.960,33.6525071,-117.3034434,-91.4578,-35.4885,14.9893,0.176,-0.068,16.65,0.44402,1
1015.56,2026-08-15T15:09:03.000,33.6525101,-117.3034490,-91.9761,-35.1549,15.1859,0.183,0.282,24.53,0.662747,1
1015.6,2026-08-15T15:09:03.040,33.6525129,-117.3034547,-92.5037,-34.8436,15.2843,0.193,0.6,30.1,0.818503,1
1015.64,2026-08-15T15:09:03.080,33.6525156,-117.3034604,-93.0313,-34.5433,15.329,0.197,0.861,33.28,0.907623,1
1015.68,2026-08-15T15:09:03.120,33.6525182,-117.3034664,-93.5867,-34.2542,15.405,0.197,1.022,34.19,0.937064,1
1015.72,2026-08-15T15:09:03.160,33.6525206,-117.3034723,-94.1328,-33.9874,15.4855,0.201,1.088,33.71,0.928734,1
1015.76,2026-08-15T15:09:03.200,33.6525230,-117.3034784,-94.6974,-33.7205,15.5302,0.213,1.079,32.61,0.901022,1
1015.8,2026-08-15T15:09:03.240,33.6525253,-117.3034846,-95.2713,-33.4648,15.6151,0.242,1.003,31.01,0.8615,1
1015.84,2026-08-15T15:09:03.280,33.6525277,-117.3034908,-95.8451,-33.1979,15.785,0.286,0.898,29.08,0.81667,1
1015.88,2026-08-15T15:09:03.320,33.6525298,-117.3034972,-96.4375,-32.9644,15.9906,0.333,0.8,26.65,0.758178,1
1015.92,2026-08-15T15:09:03.360,33.6525322,-117.3035038,-97.0484,-32.6975,16.1963,0.368,0.738,23.92,0.689262,1
1015.96,2026-08-15T15:09:03.400,33.6525343,-117.3035104,-97.6593,-32.464,16.384,0.383,0.706,21.06,0.613885,1
1016,2026-08-15T15:09:03.440,33.6525363,-117.3035172,-98.2887,-32.2416,16.5226,0.371,0.69,18.33,0.538827,1
1016.04,2026-08-15T15:09:03.480,33.6525383,-117.3035240,-98.9181,-32.0192,16.6075,0.342,0.653,15.8,0.466843,1
1016.08,2026-08-15T15:09:03.520,33.6525401,-117.3035308,-99.5475,-31.8191,16.6701,0.319,0.593,13.72,0.406913,1
1016.12,2026-08-15T15:09:03.560,33.6525421,-117.3035377,-100.186,-31.5967,16.7953,0.31,0.503,11.89,0.355286,1
1016.16,2026-08-15T15:09:03.600,33.6525441,-117.3035447,-100.834,-31.3743,16.992,0.326,0.401,10.12,0.305938,1
1016.2,2026-08-15T15:09:03.640,33.6525461,-117.3035518,-101.491,-31.1519,17.1976,0.36,0.304,8.43,0.257932,1
1016.24,2026-08-15T15:09:03.680,33.6525480,-117.3035590,-102.158,-30.9406,17.4301,0.399,0.224,6.89,0.213662,1
1016.28,2026-08-15T15:09:03.720,33.6525501,-117.3035663,-102.833,-30.7071,17.6491,0.432,0.16,5.55,0.174271,1
1016.32,2026-08-15T15:09:03.760,33.6525521,-117.3035736,-103.509,-30.4847,17.8369,0.45,0.121,4.6,0.145977,1
1016.36,2026-08-15T15:09:03.800,33.6525541,-117.3035811,-104.203,-30.2623,18.0291,0.448,0.108,4.19,0.134399,1
1016.4,2026-08-15T15:09:03.840,33.6525562,-117.3035887,-104.907,-30.0288,18.1901,0.433,0.114,4.3,0.139159,1
1016.44,2026-08-15T15:09:03.880,33.6525582,-117.3035962,-105.601,-29.8064,18.3197,0.407,0.144,4.98,0.162314,1
1016.48,2026-08-15T15:09:03.920,33.6525601,-117.3036038,-106.304,-29.5952,18.4628,0.363,0.185,6.09,0.200042,1
1016.52,2026-08-15T15:09:03.960,33.6525620,-117.3036115,-107.017,-29.3839,18.5656,0.3,0.233,7.55,0.249381,1
1016.56,2026-08-15T15:09:04.000,33.6525640,-117.3036193,-107.739,-29.1615,18.6371,0.202,0.293,9.09,0.301405,1
1016.6,2026-08-15T15:09:04.040,33.6525658,-117.3036270,-108.452,-28.9614,18.646,0.06,0.35,10.6,0.351642,1
1016.64,2026-08-15T15:09:04.080,33.6525675,-117.3036347,-109.164,-28.7723,18.5253,-0.114,0.397,11.98,0.394849,1
1016.68,2026-08-15T15:09:04.120,33.6525692,-117.3036423,-109.868,-28.5833,18.2258,-0.301,0.427,13.34,0.432565,1
1016.72,2026-08-15T15:09:04.160,33.6525708,-117.3036495,-110.534,-28.4054,17.8905,-0.47,0.429,14.74,0.469169,1
1016.76,2026-08-15T15:09:04.200,33.6525723,-117.3036568,-111.21,-28.2386,17.5955,-0.593,0.425,16.29,0.509954,1
1016.8,2026-08-15T15:09:04.240,33.6525738,-117.3036641,-111.886,-28.0718,17.3452,-0.666,0.447,17.66,0.544976,1
1016.84,2026-08-15T15:09:04.280,33.6525752,-117.3036711,-112.534,-27.9161,17.1619,-0.7,0.5,18.62,0.568529,1
1016.88,2026-08-15T15:09:04.320,33.6525764,-117.3036781,-113.182,-27.7827,16.9428,-0.714,0.569,19.02,0.57333,1
1016.92,2026-08-15T15:09:04.360,33.6525774,-117.3036851,-113.83,-27.6715,16.6478,-0.724,0.626,18.97,0.561865,1
1016.96,2026-08-15T15:09:04.400,33.6525784,-117.3036921,-114.477,-27.5603,16.3706,-0.725,0.642,18.58,0.541151,1
1017,2026-08-15T15:09:04.440,33.6525793,-117.3036988,-115.098,-27.4602,16.0443,-0.712,0.628,18.01,0.514093,1
1017.04,2026-08-15T15:09:04.480,33.6525802,-117.3037053,-115.699,-27.3602,15.8163,-0.695,0.605,17.31,0.48709,1
1017.08,2026-08-15T15:09:04.520,33.6525810,-117.3037119,-116.31,-27.2712,15.624,-0.673,0.585,16.48,0.458099,1
1017.12,2026-08-15T15:09:04.560,33.6525817,-117.3037184,-116.912,-27.1934,15.4229,-0.657,0.576,15.53,0.426133,1
1017.16,2026-08-15T15:09:04.600,33.6525824,-117.3037249,-117.513,-27.1155,15.1636,-0.659,0.567,14.75,0.397926,1
1017.2,2026-08-15T15:09:04.640,33.6525829,-117.3037311,-118.087,-27.0599,14.9222,-0.669,0.56,14.46,0.383892,1
1017.24,2026-08-15T15:09:04.680,33.6525835,-117.3037374,-118.67,-26.9932,14.6316,-0.668,0.56,14.87,0.38709,1
1017.28,2026-08-15T15:09:04.720,33.6525839,-117.3037435,-119.235,-26.9487,14.3768,-0.646,0.575,16.03,0.410019,1
1017.32,2026-08-15T15:09:04.760,33.6525842,-117.3037495,-119.79,-26.9154,14.2069,-0.599,0.61,17.9,0.452441,1
1017.36,2026-08-15T15:09:04.800,33.6525843,-117.3037556,-120.355,-26.9043,14.0996,-0.531,0.657,20.01,0.501954,1
1017.4,2026-08-15T15:09:04.840,33.6525844,-117.3037616,-120.91,-26.8931,14.0058,-0.46,0.697,22.15,0.551936,1
1017.44,2026-08-15T15:09:04.880,33.6525844,-117.3037675,-121.456,-26.8931,13.9074,-0.395,0.718,24.24,0.599774,1
1017.48,2026-08-15T15:09:04.920,33.6525843,-117.3037734,-122.003,-26.9043,13.7867,-0.338,0.726,26.15,0.641418,1
1017.52,2026-08-15T15:09:04.960,33.6525841,-117.3037793,-122.549,-26.9265,13.7197,-0.292,0.733,27.87,0.680281,1
1017.56,2026-08-15T15:09:05.000,33.6525838,-117.3037852,-123.095,-26.9599,13.666,-0.258,0.749,29.35,0.713606,1
1017.6,2026-08-15T15:09:05.040,33.6525835,-117.3037910,-123.632,-26.9932,13.6213,-0.231,0.783,30.64,0.742533,1
1017.64,2026-08-15T15:09:05.080,33.6525829,-117.3037968,-124.168,-27.0599,13.5543,-0.213,0.831,31.64,0.762993,1
1017.68,2026-08-15T15:09:05.120,33.6525822,-117.3038025,-124.696,-27.1378,13.5006,-0.203,0.87,32.42,0.778708,1
1017.72,2026-08-15T15:09:05.160,33.6525814,-117.3038082,-125.224,-27.2267,13.4514,-0.197,0.887,32.99,0.789513,1
1017.76,2026-08-15T15:09:05.200,33.6525806,-117.3038139,-125.751,-27.3157,13.3933,-0.191,0.889,33.55,0.799446,1
1017.8,2026-08-15T15:09:05.240,33.6525796,-117.3038195,-126.27,-27.4269,13.3129,-0.176,0.885,34.05,0.806485,1
1017.84,2026-08-15T15:09:05.280,33.6525786,-117.3038250,-126.779,-27.5381,13.2458,-0.15,0.888,34.5,0.813028,1
1017.88,2026-08-15T15:09:05.320,33.6525775,-117.3038305,-127.288,-27.6604,13.2011,-0.116,0.906,34.88,0.819209,1
1017.92,2026-08-15T15:09:05.360,33.6525761,-117.3038360,-127.797,-27.8161,13.2324,-0.066,0.927,35.06,0.825388,1
1017.96,2026-08-15T15:09:05.400,33.6525747,-117.3038413,-128.287,-27.9717,13.2994,-0.008,0.939,34.96,0.827205,1
1018,2026-08-15T15:09:05.440,33.6525730,-117.3038470,-128.815,-28.1608,13.4246,0.043,0.938,34.58,0.825914,1
1018.04,2026-08-15T15:09:05.480,33.6525713,-117.3038523,-129.306,-28.3498,13.5006,0.086,0.931,33.93,0.814977,1
1018.08,2026-08-15T15:09:05.520,33.6525695,-117.3038578,-129.815,-28.5499,13.5543,0.112,0.921,33.2,0.800612,1
1018.12,2026-08-15T15:09:05.560,33.6525676,-117.3038632,-130.314,-28.7612,13.59,0.11,0.913,32.52,0.786283,1
1018.16,2026-08-15T15:09:05.600,33.6525656,-117.3038685,-130.805,-28.9836,13.5855,0.083,0.909,32.04,0.774422,1
1018.2,2026-08-15T15:09:05.640,33.6525634,-117.3038738,-131.296,-29.2282,13.5632,0.043,0.9,31.82,0.76784,1
1018.24,2026-08-15T15:09:05.680,33.6525613,-117.3038790,-131.777,-29.4617,13.5543,0,0.88,31.94,0.770227,1
1018.28,2026-08-15T15:09:05.720,33.6525590,-117.3038841,-132.249,-29.7175,13.514,-0.041,0.862,32.35,0.777799,1
1018.32,2026-08-15T15:09:05.760,33.6525566,-117.3038892,-132.721,-29.9844,13.4738,-0.071,0.852,33.05,0.792263,1
1018.36,2026-08-15T15:09:05.800,33.6525541,-117.3038942,-133.184,-30.2623,13.4648,-0.086,0.855,33.84,0.810662,1
1018.4,2026-08-15T15:09:05.840,33.6525515,-117.3038991,-133.637,-30.5514,13.4738,-0.092,0.872,34.62,0.829899,1
1018.44,2026-08-15T15:09:05.880,33.6525487,-117.3039039,-134.082,-30.8628,13.4112,-0.091,0.897,35.28,0.841792,1
1018.48,2026-08-15T15:09:05.920,33.6525460,-117.3039086,-134.517,-31.163,13.4023,-0.085,0.916,35.76,0.852676,1
1018.52,2026-08-15T15:09:05.960,33.6525432,-117.3039133,-134.952,-31.4744,13.3576,-0.079,0.926,36.09,0.857674,1
1018.56,2026-08-15T15:09:06.000,33.6525402,-117.3039177,-135.359,-31.808,13.3888,-0.075,0.929,36.35,0.865877,1
1018.6,2026-08-15T15:09:06.040,33.6525371,-117.3039222,-135.775,-32.1527,13.371,-0.077,0.92,36.66,0.872095,1
1018.64,2026-08-15T15:09:06.080,33.6525340,-117.3039265,-136.173,-32.4974,13.2905,-0.085,0.907,37.04,0.875832,1
1018.68,2026-08-15T15:09:06.120,33.6525308,-117.3039307,-136.562,-32.8532,13.219,-0.098,0.898,37.53,0.882642,1
1018.72,2026-08-15T15:09:06.160,33.6525273,-117.3039349,-136.951,-33.2424,13.1474,-0.109,0.904,38.07,0.890497,1
1018.76,2026-08-15T15:09:06.200,33.6525241,-117.3039389,-137.321,-33.5982,13.1206,-0.113,0.921,38.65,0.90222,1
1018.8,2026-08-15T15:09:06.240,33.6525206,-117.3039428,-137.682,-33.9874,13.0849,-0.104,0.944,39.12,0.910702,1
1018.84,2026-08-15T15:09:06.280,33.6525171,-117.3039464,-138.015,-34.3766,13.0849,-0.086,0.961,39.42,0.917686,1
1018.88,2026-08-15T15:09:06.320,33.6525135,-117.3039502,-138.367,-34.7769,13.1117,-0.063,0.962,39.48,0.920967,1
1018.92,2026-08-15T15:09:06.360,33.6525099,-117.3039536,-138.682,-35.1772,13.1027,-0.045,0.964,39.33,0.916842,1
1018.96,2026-08-15T15:09:06.400,33.6525060,-117.3039571,-139.006,-35.6108,13.0893,-0.038,0.978,39.04,0.90915,1
1019,2026-08-15T15:09:06.440,33.6525023,-117.3039604,-139.311,-36.0222,13.0267,-0.043,1.001,38.74,0.89785,1
1019.04,2026-08-15T15:09:06.480,33.6524984,-117.3039635,-139.598,-36.4559,12.9776,-0.052,1.018,38.53,0.889612,1
1019.08,2026-08-15T15:09:06.520,33.6524945,-117.3039664,-139.867,-36.8896,12.9329,-0.055,1.019,38.43,0.884247,1
1019.12,2026-08-15T15:09:06.560,33.6524905,-117.3039692,-140.126,-37.3343,12.906,-0.047,0.993,38.37,0.881035,1
1019.16,2026-08-15T15:09:06.600,33.6524864,-117.3039719,-140.376,-37.7902,12.8971,-0.025,0.951,38.17,0.875836,1
1019.2,2026-08-15T15:09:06.640,33.6524824,-117.3039746,-140.626,-38.235,12.9507,0.003,0.916,37.8,0.870954,1
1019.24,2026-08-15T15:09:06.680,33.6524782,-117.3039772,-140.866,-38.702,12.9999,0.024,0.907,37.24,0.861309,1
1019.28,2026-08-15T15:09:06.720,33.6524739,-117.3039797,-141.098,-39.1802,13.0223,0.026,0.93,36.55,0.846803,1
1019.32,2026-08-15T15:09:06.760,33.6524697,-117.3039819,-141.301,-39.6472,12.9329,0.008,0.966,35.93,0.826724,1
1019.36,2026-08-15T15:09:06.800,33.6524653,-117.3039839,-141.486,-40.1365,12.8792,-0.022,0.989,35.53,0.814129,1
1019.4,2026-08-15T15:09:06.840,33.6524610,-117.3039858,-141.662,-40.6146,12.83,-0.053,0.991,35.41,0.808281,1
1019.44,2026-08-15T15:09:06.880,33.6524566,-117.3039876,-141.829,-41.1038,12.7853,-0.069,0.972,35.58,0.809332,1
1019.48,2026-08-15T15:09:06.920,33.6524523,-117.3039893,-141.986,-41.582,12.7853,-0.064,0.944,35.96,0.817976,1
1019.52,2026-08-15T15:09:06.960,33.6524478,-117.3039909,-142.134,-42.0824,12.8345,-0.039,0.933,36.4,0.831169,1
1019.56,2026-08-15T15:09:07.000,33.6524434,-117.3039923,-142.264,-42.5716,12.8971,0,0.941,36.76,0.843482,1
1019.6,2026-08-15T15:09:07.040,33.6524387,-117.3039933,-142.356,-43.0942,12.9418,0.042,0.956,36.9,0.84963,1
1019.64,2026-08-15T15:09:07.080,33.6524340,-117.3039945,-142.468,-43.6169,12.9955,0.084,0.963,36.7,0.848527,1
1019.68,2026-08-15T15:09:07.120,33.6524294,-117.3039954,-142.551,-44.1283,13.0402,0.118,0.953,36.16,0.838918,1
1019.72,2026-08-15T15:09:07.160,33.6524247,-117.3039962,-142.625,-44.651,13.0983,0.141,0.925,35.33,0.823315,1
1019.76,2026-08-15T15:09:07.200,33.6524199,-117.3039969,-142.69,-45.1847,13.1564,0.149,0.891,34.31,0.803093,1
1019.8,2026-08-15T15:09:07.240,33.6524151,-117.3039976,-142.754,-45.7184,13.2503,0.14,0.862,33.36,0.786428,1
1019.84,2026-08-15T15:09:07.280,33.6524103,-117.3039981,-142.801,-46.2522,13.2771,0.122,0.85,32.66,0.771485,1
1019.88,2026-08-15T15:09:07.320,33.6524056,-117.3039983,-142.819,-46.7748,13.2592,0.097,0.844,32.36,0.763369,1
1019.92,2026-08-15T15:09:07.360,33.6524008,-117.3039986,-142.847,-47.3085,13.2279,0.075,0.838,32.45,0.763685,1
1019.96,2026-08-15T15:09:07.400,33.6523960,-117.3039986,-142.847,-47.8423,13.2637,0.069,0.831,32.84,0.774953,1
1020,2026-08-15T15:09:07.440,33.6523912,-117.3039986,-142.847,-48.376,13.3352,0.076,0.822,33.31,0.790283,1
1020.04,2026-08-15T15:09:07.480,33.6523863,-117.3039983,-142.819,-48.9209,13.4336,0.09,0.825,33.68,0.804954,1
1020.08,2026-08-15T15:09:07.520,33.6523814,-117.3039981,-142.801,-49.4657,13.5051,0.108,0.844,33.8,0.812124,1
1020.12,2026-08-15T15:09:07.560,33.6523765,-117.3039976,-142.754,-50.0106,13.5498,0.117,0.874,33.67,0.811678,1
1020.16,2026-08-15T15:09:07.600,33.6523714,-117.3039969,-142.69,-50.5777,13.6302,0.112,0.897,33.39,0.809708,1
1020.2,2026-08-15T15:09:07.640,33.6523665,-117.3039962,-142.625,-51.1225,13.6526,0.101,0.907,33.03,0.802292,1
1020.24,2026-08-15T15:09:07.680,33.6523617,-117.3039952,-142.532,-51.6562,13.6302,0.086,0.898,32.67,0.792248,1
1020.28,2026-08-15T15:09:07.720,33.6523568,-117.3039943,-142.449,-52.2011,13.6124,0.071,0.877,32.34,0.783217,1
1020.32,2026-08-15T15:09:07.760,33.6523521,-117.3039931,-142.338,-52.7237,13.6481,0.062,0.851,32.08,0.778961,1
1020.36,2026-08-15T15:09:07.800,33.6523471,-117.3039919,-142.227,-53.2797,13.6884,0.058,0.837,31.86,0.7759,1
1020.4,2026-08-15T15:09:07.840,33.6523424,-117.3039904,-142.088,-53.8023,13.7062,0.054,0.838,31.66,0.772036,1
1020.44,2026-08-15T15:09:07.880,33.6523376,-117.3039889,-141.949,-54.336,13.7554,0.054,0.843,31.45,0.769667,1
1020.48,2026-08-15T15:09:07.920,33.6523328,-117.3039872,-141.792,-54.8698,13.7778,0.059,0.851,31.21,0.765035,1
1020.52,2026-08-15T15:09:07.960,33.6523280,-117.3039853,-141.616,-55.4035,13.8359,0.069,0.841,30.87,0.759892,1
1020.56,2026-08-15T15:09:08.000,33.6523231,-117.3039834,-141.44,-55.9484,13.8717,0.081,0.817,30.49,0.752478,1
1020.6,2026-08-15T15:09:08.040,33.6523183,-117.3039814,-141.255,-56.4821,13.9342,0.094,0.795,30.17,0.74794,1
1020.64,2026-08-15T15:09:08.080,33.6523135,-117.3039792,-141.051,-57.0158,13.9968,0.103,0.78,30,0.747066,1
1020.68,2026-08-15T15:09:08.120,33.6523088,-117.3039769,-140.838,-57.5385,14.0147,0.105,0.779,30.03,0.748769,1
1020.72,2026-08-15T15:09:08.160,33.6523042,-117.3039745,-140.616,-58.05,14.0639,0.1,0.8,30.3,0.758152,1
1020.76,2026-08-15T15:09:08.200,33.6522995,-117.3039718,-140.366,-58.5726,14.1354,0.091,0.814,30.67,0.771313,1
1020.8,2026-08-15T15:09:08.240,33.6522948,-117.3039690,-140.107,-59.0952,14.2159,0.079,0.823,31.05,0.785314,1
1020.84,2026-08-15T15:09:08.280,33.6522903,-117.3039663,-139.857,-59.5956,14.2338,0.063,0.831,31.4,0.795165,1
1020.88,2026-08-15T15:09:08.320,33.6522857,-117.3039633,-139.58,-60.1071,14.2516,0.045,0.84,31.7,0.803771,1
1020.92,2026-08-15T15:09:08.360,33.6522813,-117.3039603,-139.302,-60.5963,14.2382,0.024,0.848,31.97,0.809854,1
1020.96,2026-08-15T15:09:08.400,33.6522769,-117.3039570,-138.997,-61.0856,14.198,0.003,0.853,32.32,0.816407,1
1021,2026-08-15T15:09:08.440,33.6522727,-117.3039537,-138.691,-61.5526,14.189,-0.009,0.856,32.7,0.825485,1
1021.04,2026-08-15T15:09:08.480,33.6522684,-117.3039505,-138.395,-62.0307,14.1443,-0.015,0.856,33.09,0.832699,1
1021.08,2026-08-15T15:09:08.520,33.6522641,-117.3039470,-138.071,-62.5089,14.1622,-0.009,0.863,33.45,0.842822,1
1021.12,2026-08-15T15:09:08.560,33.6522599,-117.3039433,-137.728,-62.9759,14.2203,-0.002,0.877,33.71,0.852859,1
1021.16,2026-08-15T15:09:08.600,33.6522559,-117.3039395,-137.377,-63.4207,14.2874,-0.004,0.897,33.86,0.860693,1
1021.2,2026-08-15T15:09:08.640,33.6522520,-117.3039355,-137.006,-63.8543,14.2829,-0.017,0.913,34,0.863982,1
1021.24,2026-08-15T15:09:08.680,33.6522480,-117.3039317,-136.655,-64.2991,14.274,-0.045,0.922,34.25,0.86979,1
1021.28,2026-08-15T15:09:08.720,33.6522442,-117.3039276,-136.275,-64.7217,14.1667,-0.083,0.916,34.67,0.873838,1
1021.32,2026-08-15T15:09:08.760,33.6522405,-117.3039235,-135.896,-65.1331,14.0683,-0.12,0.901,35.35,0.884791,1
1021.36,2026-08-15T15:09:08.800,33.6522370,-117.3039192,-135.498,-65.5223,13.9789,-0.149,0.888,36.24,0.901303,1
1021.4,2026-08-15T15:09:08.840,33.6522336,-117.3039149,-135.1,-65.9003,13.9029,-0.169,0.885,37.33,0.923364,1
1021.44,2026-08-15T15:09:08.880,33.6522301,-117.3039106,-134.702,-66.2895,13.8717,-0.175,0.897,38.42,0.948187,1
1021.48,2026-08-15T15:09:08.920,33.6522269,-117.3039062,-134.294,-66.6453,13.8672,-0.175,0.918,39.42,0.972553,1
1021.52,2026-08-15T15:09:08.960,33.6522236,-117.3039016,-133.869,-67.0123,13.7867,-0.17,0.941,40.28,0.988004,1
1021.56,2026-08-15T15:09:09.000,33.6522206,-117.3038969,-133.434,-67.3459,13.7107,-0.161,0.959,40.97,0.999389,1
1021.6,2026-08-15T15:09:09.040,33.6522177,-117.3038922,-132.999,-67.6683,13.666,-0.151,0.97,41.45,1.0078,1
1021.64,2026-08-15T15:09:09.080,33.6522149,-117.3038874,-132.554,-67.9797,13.599,-0.139,0.971,41.81,1.01157,1
1021.68,2026-08-15T15:09:09.120,33.6522123,-117.3038825,-132.101,-68.2688,13.5498,-0.125,0.971,42.09,1.01466,1
1021.72,2026-08-15T15:09:09.160,33.6522097,-117.3038776,-131.647,-68.5579,13.4827,-0.109,0.974,42.28,1.01419,1
1021.76,2026-08-15T15:09:09.200,33.6522073,-117.3038727,-131.194,-68.8247,13.3888,-0.094,0.98,42.42,1.01047,1
1021.8,2026-08-15T15:09:09.240,33.6522050,-117.3038676,-130.722,-69.0805,13.362,-0.08,0.988,42.47,1.00963,1
1021.84,2026-08-15T15:09:09.280,33.6522028,-117.3038625,-130.25,-69.3251,13.3888,-0.064,1.001,42.38,1.00951,1
1021.88,2026-08-15T15:09:09.320,33.6522007,-117.3038574,-129.778,-69.5586,13.3933,-0.049,1.011,42.13,1.00389,1
1021.92,2026-08-15T15:09:09.360,33.6521987,-117.3038521,-129.287,-69.781,13.3665,-0.031,1.021,41.68,0.991183,1
1021.96,2026-08-15T15:09:09.400,33.6521969,-117.3038467,-128.787,-69.9812,13.3352,-0.008,1.026,40.96,0.97178,1
1022,2026-08-15T15:09:09.440,33.6521953,-117.3038414,-128.297,-70.1591,13.3441,0.016,1.021,40.04,0.95059,1
1022.04,2026-08-15T15:09:09.480,33.6521936,-117.3038359,-127.788,-70.3481,13.4023,0.04,1.012,38.97,0.929216,1
1022.08,2026-08-15T15:09:09.520,33.6521920,-117.3038304,-127.278,-70.526,13.4246,0.056,1,37.84,0.903777,1
1022.12,2026-08-15T15:09:09.560,33.6521907,-117.3038248,-126.76,-70.6706,13.4783,0.062,0.991,36.72,0.880531,1
1022.16,2026-08-15T15:09:09.600,33.6521894,-117.3038191,-126.233,-70.8151,13.5185,0.06,0.984,35.8,0.861033,1
1022.2,2026-08-15T15:09:09.640,33.6521883,-117.3038135,-125.714,-70.9374,13.523,0.055,0.978,35.09,0.844235,1
1022.24,2026-08-15T15:09:09.680,33.6521874,-117.3038077,-125.177,-71.0375,13.5453,0.051,0.966,34.6,0.833822,1
1022.28,2026-08-15T15:09:09.720,33.6521864,-117.3038020,-124.65,-71.1487,13.5587,0.056,0.947,34.3,0.827411,1
1022.32,2026-08-15T15:09:09.760,33.6521857,-117.3037962,-124.113,-71.2266,13.599,0.073,0.926,34.13,0.825753,1
1022.36,2026-08-15T15:09:09.800,33.6521851,-117.3037903,-123.567,-71.2933,13.6794,0.093,0.909,34.01,0.827719,1
1022.4,2026-08-15T15:09:09.840,33.6521846,-117.3037844,-123.021,-71.3489,13.7465,0.113,0.902,33.89,0.828841,1
1022.44,2026-08-15T15:09:09.880,33.6521843,-117.3037785,-122.475,-71.3822,13.8046,0.127,0.906,33.74,0.828661,1
1022.48,2026-08-15T15:09:09.920,33.6521839,-117.3037725,-121.919,-71.4267,13.8448,0.135,0.916,33.49,0.824919,1
1022.52,2026-08-15T15:09:09.960,33.6521839,-117.3037665,-121.364,-71.4267,13.8717,0.135,0.927,33.12,0.817385,1
1022.56,2026-08-15T15:09:10.000,33.6521839,-117.3037605,-120.809,-71.4267,13.9029,0.132,0.94,32.61,0.806614,1
1022.6,2026-08-15T15:09:10.040,33.6521839,-117.3037545,-120.253,-71.4267,13.9566,0.127,0.951,32.01,0.794828,1
1022.64,2026-08-15T15:09:10.080,33.6521843,-117.3037484,-119.689,-71.3822,14.0058,0.113,0.958,31.07,0.774206,1
1022.68,2026-08-15T15:09:10.120,33.6521846,-117.3037424,-119.133,-71.3489,14.0594,0.088,0.957,29.78,0.744904,1
1022.72,2026-08-15T15:09:10.160,33.6521852,-117.3037363,-118.569,-71.2822,14.0594,0.043,0.934,27.98,0.699879,1
1022.76,2026-08-15T15:09:10.200,33.6521858,-117.3037303,-118.013,-71.2154,13.9879,-0.031,0.871,25.22,0.627632,1
1022.8,2026-08-15T15:09:10.240,33.6521865,-117.3037244,-117.467,-71.1376,13.8672,-0.121,0.762,21.52,0.530932,1
1022.84,2026-08-15T15:09:10.280,33.6521873,-117.3037186,-116.93,-71.0486,13.6928,-0.217,0.605,16.9,0.411707,1
1022.88,2026-08-15T15:09:10.320,33.6521879,-117.3037128,-116.393,-70.9819,13.5498,-0.296,0.398,10.87,0.262042,1
1022.92,2026-08-15T15:09:10.360,33.6521885,-117.3037071,-115.866,-70.9152,13.4157,-0.348,0.164,3.97,0.094757,1
1022.96,2026-08-15T15:09:10.400,33.6521889,-117.3037013,-115.329,-70.8707,13.2994,-0.369,-0.074,-3.3,-0.0780828,1
1023,2026-08-15T15:09:10.440,33.6521893,-117.3036956,-114.801,-70.8263,13.2771,-0.371,-0.309,-10.61,-0.250626,1
1023.04,2026-08-15T15:09:10.480,33.6521894,-117.3036899,-114.274,-70.8151,13.286,-0.368,-0.523,-17.61,-0.416258,1
1023.08,2026-08-15T15:09:10.520,33.6521896,-117.3036842,-113.746,-70.7929,13.1877,-0.372,-0.686,-23.27,-0.545975,1
1023.12,2026-08-15T15:09:10.560,33.6521895,-117.3036787,-113.237,-70.804,12.9731,-0.376,-0.79,-27.63,-0.637724,1
1023.16,2026-08-15T15:09:10.600,33.6521893,-117.3036732,-112.728,-70.8263,12.7764,-0.372,-0.834,-30.7,-0.697839,1
1023.2,2026-08-15T15:09:10.640,33.6521891,-117.3036678,-112.228,-70.8485,12.6423,-0.352,-0.839,-32.6,-0.733249,1
1023.24,2026-08-15T15:09:10.680,33.6521888,-117.3036624,-111.728,-70.8818,12.5574,-0.313,-0.823,-33.43,-0.746866,1
1023.28,2026-08-15T15:09:10.720,33.6521884,-117.3036570,-111.229,-70.9263,12.4948,-0.266,-0.81,-33.62,-0.747368,1
1023.32,2026-08-15T15:09:10.760,33.6521880,-117.3036516,-110.729,-70.9708,12.5171,-0.222,-0.804,-33.34,-0.742469,1
1023.36,2026-08-15T15:09:10.800,33.6521874,-117.3036463,-110.238,-71.0375,12.5216,-0.189,-0.804,-32.81,-0.730927,1
1023.4,2026-08-15T15:09:10.840,33.6521865,-117.3036409,-109.738,-71.1376,12.4814,-0.168,-0.811,-32.19,-0.714811,1
1023.44,2026-08-15T15:09:10.880,33.6521856,-117.3036356,-109.248,-71.2377,12.4635,-0.15,-0.821,-31.57,-0.700039,1
1023.48,2026-08-15T15:09:10.920,33.6521848,-117.3036303,-108.757,-71.3266,12.4411,-0.123,-0.827,-30.99,-0.685945,1
1023.52,2026-08-15T15:09:10.960,33.6521839,-117.3036252,-108.285,-71.4267,12.4411,-0.074,-0.821,-30.34,-0.671558,1
1023.56,2026-08-15T15:09:11.000,33.6521827,-117.3036200,-107.804,-71.5601,12.4814,-0.013,-0.797,-29.58,-0.656853,1
1023.6,2026-08-15T15:09:11.040,33.6521815,-117.3036147,-107.313,-71.6936,12.5976,0.049,-0.759,-28.77,-0.644816,1
1023.64,2026-08-15T15:09:11.080,33.6521802,-117.3036093,-106.813,-71.8381,12.763,0.104,-0.718,-27.86,-0.632619,1
1023.68,2026-08-15T15:09:11.120,33.6521789,-117.3036039,-106.314,-71.9827,12.8882,0.137,-0.689,-27.05,-0.62025,1
1023.72,2026-08-15T15:09:11.160,33.6521774,-117.3035986,-105.823,-72.1495,12.9329,0.137,-0.68,-26.53,-0.610436,1
1023.76,2026-08-15T15:09:11.200,33.6521760,-117.3035932,-105.323,-72.3051,12.9418,0.12,-0.681,-26.37,-0.607174,1
1023.8,2026-08-15T15:09:11.240,33.6521742,-117.3035881,-104.851,-72.5053,12.9463,0.101,-0.678,-26.53,-0.611069,1
1023.84,2026-08-15T15:09:11.280,33.6521725,-117.3035829,-104.37,-72.6943,12.9731,0.093,-0.667,-26.96,-0.62226,1
1023.88,2026-08-15T15:09:11.320,33.6521707,-117.3035777,-103.889,-72.8945,13.0446,0.108,-0.663,-27.43,-0.636599,1
1023.92,2026-08-15T15:09:11.360,33.6521687,-117.3035724,-103.398,-73.1169,13.1832,0.141,-0.668,-27.75,-0.650867,1
1023.96,2026-08-15T15:09:11.400,33.6521668,-117.3035671,-102.907,-73.3281,13.3441,0.173,-0.684,-27.84,-0.66095,1
1024,2026-08-15T15:09:11.440,33.6521645,-117.3035619,-102.426,-73.5839,13.4827,0.197,-0.702,-27.73,-0.665175,1
1024.04,2026-08-15T15:09:11.480,33.6521622,-117.3035566,-101.936,-73.8396,13.5855,0.211,-0.713,-27.51,-0.66493,1
1024.08,2026-08-15T15:09:11.520,33.6521600,-117.3035515,-101.464,-74.0843,13.6258,0.216,-0.708,-27.25,-0.660596,1
1024.12,2026-08-15T15:09:11.560,33.6521576,-117.3035463,-100.982,-74.3511,13.675,0.228,-0.693,-26.94,-0.655438,1
1024.16,2026-08-15T15:09:11.600,33.6521550,-117.3035410,-100.492,-74.6402,13.8269,0.258,-0.674,-26.41,-0.649685,1
1024.2,2026-08-15T15:09:11.640,33.6521524,-117.3035357,-100.001,-74.9293,14.0281,0.294,-0.663,-25.6,-0.638922,1
1024.24,2026-08-15T15:09:11.680,33.6521498,-117.3035305,-99.5198,-75.2185,14.1846,0.326,-0.664,-24.45,-0.617026,1
1024.28,2026-08-15T15:09:11.720,33.6521469,-117.3035252,-99.0292,-75.5409,14.3589,0.352,-0.657,-22.96,-0.586546,1
1024.32,2026-08-15T15:09:11.760,33.6521439,-117.3035199,-98.5386,-75.8745,14.5243,0.365,-0.623,-21.1,-0.545239,1
1024.36,2026-08-15T15:09:11.800,33.6521409,-117.3035146,-98.0481,-76.2081,14.6629,0.371,-0.568,-19.07,-0.497484,1
1024.4,2026-08-15T15:09:11.840,33.6521379,-117.3035092,-97.5482,-76.5417,14.8328,0.384,-0.506,-16.79,-0.44308,1
1024.44,2026-08-15T15:09:11.880,33.6521347,-117.3035039,-97.0577,-76.8975,15.0205,0.407,-0.45,-14.01,-0.374397,1
1024.48,2026-08-15T15:09:11.920,33.6521316,-117.3034984,-96.5486,-77.2422,15.2396,0.433,-0.391,-10.8,-0.292823,1
1024.52,2026-08-15T15:09:11.960,33.6521282,-117.3034929,-96.0395,-77.6203,15.4586,0.453,-0.309,-6.96,-0.191421,1
1024.56,2026-08-15T15:09:12.000,33.6521249,-117.3034874,-95.5304,-77.9872,15.6911,0.458,-0.197,-2.73,-0.0762122,1
1024.6,2026-08-15T15:09:12.040,33.6521215,-117.3034817,-95.0028,-78.3653,15.852,0.453,-0.053,1.7,0.0479449,1
1024.64,2026-08-15T15:09:12.080,33.6521182,-117.3034760,-94.4752,-78.7322,16.004,0.441,0.114,5.99,0.170555,1
1024.68,2026-08-15T15:09:12.120,33.6521152,-117.3034701,-93.9291,-79.0658,16.1516,0.429,0.284,9.99,0.28707,1
1024.72,2026-08-15T15:09:12.160,33.6521120,-117.3034641,-93.3738,-79.4216,16.3035,0.426,0.431,13.46,0.390423,1
1024.76,2026-08-15T15:09:12.200,33.6521089,-117.3034579,-92.7999,-79.7663,16.5181,0.426,0.543,16.25,0.477554,1
1024.8,2026-08-15T15:09:12.240,33.6521057,-117.3034517,-92.226,-80.1221,16.6969,0.427,0.623,18.28,0.543027,1
1024.84,2026-08-15T15:09:12.280,33.6521027,-117.3034453,-91.6337,-80.4557,16.9071,0.424,0.671,19.57,0.588663,1
1024.88,2026-08-15T15:09:12.320,33.6520999,-117.3034388,-91.032,-80.7671,17.059,0.421,0.692,20.16,0.611862,1
1024.92,2026-08-15T15:09:12.360,33.6520969,-117.3034322,-90.4211,-81.1007,17.1976,0.424,0.688,20.18,0.617445,1
1024.96,2026-08-15T15:09:12.400,33.6520939,-117.3034255,-89.801,-81.4342,17.3541,0.435,0.672,19.92,0.615035,1
1025,2026-08-15T15:09:12.440,33.6520911,-117.3034186,-89.1623,-81.7456,17.591,0.439,0.65,19.6,0.613417,1
1025.04,2026-08-15T15:09:12.480,33.6520883,-117.3034117,-88.5236,-82.0569,17.7788,0.431,0.626,19.42,0.61427,1
1025.08,2026-08-15T15:09:12.520,33.6520854,-117.3034046,-87.8665,-82.3794,17.9531,0.411,0.609,19.5,0.622849,1
1025.12,2026-08-15T15:09:12.560,33.6520828,-117.3033974,-87.2,-82.6685,18.0828,0.379,0.599,19.89,0.639894,1
1025.16,2026-08-15T15:09:12.600,33.6520800,-117.3033902,-86.5336,-82.9799,18.1543,0.352,0.611,20.61,0.66568,1
1025.2,2026-08-15T15:09:12.640,33.6520775,-117.3033828,-85.8487,-83.2578,18.2705,0.346,0.64,21.46,0.697572,1
1025.24,2026-08-15T15:09:12.680,33.6520749,-117.3033754,-85.1637,-83.547,18.4046,0.358,0.684,22.29,0.72987,1
1025.28,2026-08-15T15:09:12.720,33.6520725,-117.3033679,-84.4695,-83.8138,18.6326,0.374,0.717,22.98,0.761785,1
1025.32,2026-08-15T15:09:12.760,33.6520701,-117.3033602,-83.7568,-84.0807,18.8338,0.386,0.738,23.5,0.787434,1
1025.36,2026-08-15T15:09:12.800,33.6520678,-117.3033524,-83.0348,-84.3364,18.9724,0.387,0.744,23.84,0.804704,1
1025.4,2026-08-15T15:09:12.840,33.6520655,-117.3033445,-82.3036,-84.5922,19.1065,0.377,0.741,24.12,0.819911,1
1025.44,2026-08-15T15:09:12.880,33.6520634,-117.3033366,-81.5724,-84.8257,19.2272,0.37,0.746,24.35,0.832958,1
1025.48,2026-08-15T15:09:12.920,33.6520612,-117.3033285,-80.8227,-85.0703,19.3971,0.374,0.761,24.48,0.844804,1
1025.52,2026-08-15T15:09:12.960,33.6520593,-117.3033202,-80.0544,-85.2816,19.5625,0.388,0.782,24.42,0.849919,1
1025.56,2026-08-15T15:09:13.000,33.6520574,-117.3033119,-79.2862,-85.4929,19.7726,0.406,0.802,24.14,0.849198,1
1025.6,2026-08-15T15:09:13.040,33.6520556,-117.3033035,-78.5087,-85.693,19.9872,0.422,0.816,23.7,0.842767,1
1025.64,2026-08-15T15:09:13.080,33.6520541,-117.3032951,-77.7312,-85.8598,20.1704,0.428,0.814,23.07,0.827888,1
1025.68,2026-08-15T15:09:13.120,33.6520524,-117.3032865,-76.9352,-86.0488,20.318,0.428,0.808,22.38,0.809,1
1025.72,2026-08-15T15:09:13.160,33.6520509,-117.3032777,-76.1206,-86.2156,20.461,0.421,0.803,21.72,0.79067,1
1025.76,2026-08-15T15:09:13.200,33.6520495,-117.3032690,-75.3154,-86.3713,20.613,0.411,0.8,21.13,0.774907,1
1025.8,2026-08-15T15:09:13.240,33.6520482,-117.3032602,-74.5008,-86.5159,20.7605,0.406,0.791,20.56,0.759399,1
1025.84,2026-08-15T15:09:13.280,33.6520470,-117.3032513,-73.677,-86.6493,20.9215,0.403,0.781,20.07,0.747047,1
1025.88,2026-08-15T15:09:13.320,33.6520458,-117.3032422,-72.8348,-86.7827,21.0824,0.393,0.77,19.68,0.738165,1
1025.92,2026-08-15T15:09:13.360,33.6520447,-117.3032331,-71.9925,-86.905,21.2568,0.388,0.755,19.37,0.732546,1
1025.96,2026-08-15T15:09:13.400,33.6520438,-117.3032238,-71.1317,-87.0051,21.3685,0.383,0.752,19.12,0.726893,1
1026,2026-08-15T15:09:13.440,33.6520428,-117.3032147,-70.2894,-87.1163,21.5071,0.379,0.766,18.91,0.723572,1
1026.04,2026-08-15T15:09:13.480,33.6520421,-117.3032052,-69.41,-87.1941,21.6501,0.384,0.782,18.68,0.719525,1
1026.08,2026-08-15T15:09:13.520,33.6520415,-117.3031958,-68.54,-87.2609,21.7843,0.395,0.801,18.4,0.71313,1
1026.12,2026-08-15T15:09:13.560,33.6520409,-117.3031863,-67.6607,-87.3276,21.9944,0.399,0.821,18.04,0.705921,1
1026.16,2026-08-15T15:09:13.600,33.6520404,-117.3031767,-66.7721,-87.3832,22.124,0.397,0.818,17.6,0.692763,1
1026.2,2026-08-15T15:09:13.640,33.6520402,-117.3031671,-65.8835,-87.4054,22.2581,0.388,0.802,17.14,0.678747,1
1026.24,2026-08-15T15:09:13.680,33.6520398,-117.3031573,-64.9764,-87.4499,22.3699,0.372,0.79,16.7,0.664643,1
1026.28,2026-08-15T15:09:13.720,33.6520398,-117.3031475,-64.0693,-87.4499,22.5308,0.359,0.775,16.21,0.649783,1
1026.32,2026-08-15T15:09:13.760,33.6520397,-117.3031377,-63.1622,-87.461,22.6381,0.357,0.76,15.48,0.623476,1
1026.36,2026-08-15T15:09:13.800,33.6520398,-117.3031278,-62.2459,-87.4499,22.8303,0.371,0.751,14.41,0.585308,1
1026.4,2026-08-15T15:09:13.840,33.6520398,-117.3031178,-61.3203,-87.4499,23.0002,0.396,0.724,12.64,0.517234,1
1026.44,2026-08-15T15:09:13.880,33.6520401,-117.3031077,-60.3855,-87.4165,23.2103,0.419,0.68,10.38,0.428634,1
1026.48,2026-08-15T15:09:13.920,33.6520403,-117.3030976,-59.4506,-87.3943,23.3847,0.434,0.62,7.89,0.328259,1
1026.52,2026-08-15T15:09:13.960,33.6520406,-117.3030873,-58.4972,-87.3609,23.6127,0.436,0.54,5.4,0.226854,1
1026.56,2026-08-15T15:09:14.000,33.6520409,-117.3030771,-57.5531,-87.3276,23.711,0.427,0.448,3.26,0.137523,1
1026.6,2026-08-15T15:09:14.040,33.6520412,-117.3030666,-56.5812,-87.2942,23.8675,0.415,0.353,1.73,0.0734617,1
1026.64,2026-08-15T15:09:14.080,33.6520415,-117.3030562,-55.6186,-87.2609,24.006,0.407,0.24,0.62,0.0264802,1
1026.68,2026-08-15T15:09:14.120,33.6520419,-117.3030457,-54.6467,-87.2164,24.2296,0.402,0.132,-0.11,-0.00474184,1
1026.72,2026-08-15T15:09:14.160,33.6520421,-117.3030350,-53.6564,-87.1941,24.4173,0.4,0.04,-0.53,-0.0230241,1
1026.76,2026-08-15T15:09:14.200,33.6520422,-117.3030244,-52.6752,-87.183,24.6274,0.396,-0.029,-0.73,-0.0319853,1
1026.8,2026-08-15T15:09:14.240,33.6520426,-117.3030136,-51.6756,-87.1385,24.7571,0.386,-0.06,-0.71,-0.0312727,1
1026.84,2026-08-15T15:09:14.280,33.6520428,-117.3030028,-50.6759,-87.1163,24.9225,0.376,-0.059,-0.43,-0.0190664,1
1026.88,2026-08-15T15:09:14.320,33.6520430,-117.3029921,-49.6855,-87.0941,25.0432,0.368,-0.043,0,0,1
1026.92,2026-08-15T15:09:14.360,33.6520433,-117.3029811,-48.6674,-87.0607,25.1996,0.358,-0.011,0.56,0.0251068,1
1026.96,2026-08-15T15:09:14.400,33.6520436,-117.3029701,-47.6492,-87.0274,25.3919,0.324,0.032,1.26,0.0569211,1
1027,2026-08-15T15:09:14.440,33.6520439,-117.3029590,-46.6218,-86.994,25.4858,0.261,0.069,2.05,0.0929522,1
1027.04,2026-08-15T15:09:14.480,33.6520443,-117.3029480,-45.6036,-86.9495,25.517,0.164,0.119,2.92,0.132563,1
1027.08,2026-08-15T15:09:14.520,33.6520447,-117.3029371,-44.5947,-86.905,25.374,0.035,0.173,3.91,0.176512,1
1027.12,2026-08-15T15:09:14.560,33.6520451,-117.3029263,-43.5951,-86.8606,25.2265,-0.112,0.221,5.12,0.229792,1
1027.16,2026-08-15T15:09:14.600,33.6520456,-117.3029155,-42.5955,-86.805,25.0208,-0.237,0.274,6.42,0.285789,1
1027.2,2026-08-15T15:09:14.640,33.6520461,-117.3029049,-41.6143,-86.7494,24.8465,-0.34,0.322,7.79,0.344358,1
1027.24,2026-08-15T15:09:14.680,33.6520465,-117.3028944,-40.6424,-86.7049,24.6811,-0.406,0.357,9.15,0.401785,1
1027.28,2026-08-15T15:09:14.720,33.6520471,-117.3028839,-39.6706,-86.6382,24.5783,-0.434,0.381,10.24,0.447775,1
1027.32,2026-08-15T15:09:14.760,33.6520479,-117.3028733,-38.6894,-86.5492,24.4352,-0.444,0.39,10.95,0.476035,1
1027.36,2026-08-15T15:09:14.800,33.6520486,-117.3028629,-37.7268,-86.4714,24.2966,-0.444,0.391,11.41,0.493219,1
1027.4,2026-08-15T15:09:14.840,33.6520492,-117.3028526,-36.7734,-86.4047,24.1938,-0.434,0.419,11.91,0.512654,1
1027.44,2026-08-15T15:09:14.880,33.6520500,-117.3028423,-35.8201,-86.3157,24.015,-0.424,0.48,12.64,0.540055,1
1027.48,2026-08-15T15:09:14.920,33.6520507,-117.3028322,-34.8852,-86.2379,23.8943,-0.412,0.548,13.75,0.584528,1
1027.52,2026-08-15T15:09:14.960,33.6520519,-117.3028221,-33.9504,-86.1044,23.7423,-0.395,0.618,15.21,0.642481,1
1027.56,2026-08-15T15:09:15.000,33.6520529,-117.3028120,-33.0155,-85.9932,23.5679,-0.381,0.684,16.65,0.698143,1
1027.6,2026-08-15T15:09:15.040,33.6520540,-117.3028021,-32.0992,-85.8709,23.4785,-0.367,0.718,17.79,0.743114,1
1027.64,2026-08-15T15:09:15.080,33.6520552,-117.3027922,-31.1828,-85.7375,23.3578,-0.351,0.737,18.47,0.767552,1
1027.68,2026-08-15T15:09:15.120,33.6520565,-117.3027823,-30.2665,-85.5929,23.2371,-0.339,0.767,18.66,0.771441,1
1027.72,2026-08-15T15:09:15.160,33.6520579,-117.3027726,-29.3686,-85.4373,23.103,-0.328,0.793,18.41,0.756713,1
1027.76,2026-08-15T15:09:15.200,33.6520595,-117.3027628,-28.4616,-85.2594,23.027,-0.323,0.81,17.95,0.735378,1
1027.8,2026-08-15T15:09:15.240,33.6520611,-117.3027532,-27.573,-85.0814,22.9153,-0.322,0.816,17.46,0.711832,1
1027.84,2026-08-15T15:09:15.280,33.6520629,-117.3027437,-26.6937,-84.8813,22.7767,-0.323,0.807,17.11,0.693344,1
1027.88,2026-08-15T15:09:15.320,33.6520646,-117.3027342,-25.8144,-84.6923,22.6247,-0.321,0.8,16.96,0.68268,1
1027.92,2026-08-15T15:09:15.360,33.6520664,-117.3027248,-24.9443,-84.4921,22.5085,-0.322,0.802,16.99,0.680374,1
1027.96,2026-08-15T15:09:15.400,33.6520685,-117.3027155,-24.0835,-84.2586,22.3788,-0.32,0.815,17.15,0.682825,1
1028,2026-08-15T15:09:15.440,33.6520706,-117.3027063,-23.2319,-84.0251,22.2984,-0.318,0.826,17.35,0.688305,1
1028.04,2026-08-15T15:09:15.480,33.6520729,-117.3026972,-22.3896,-83.7693,22.1285,-0.313,0.832,17.49,0.688573,1
1028.08,2026-08-15T15:09:15.520,33.6520751,-117.3026881,-21.5473,-83.5247,22.048,-0.311,0.828,17.55,0.688422,1
1028.12,2026-08-15T15:09:15.560,33.6520775,-117.3026791,-20.7143,-83.2578,21.9407,-0.312,0.824,17.59,0.686634,1
1028.16,2026-08-15T15:09:15.600,33.6520798,-117.3026702,-19.8905,-83.0021,21.8379,-0.317,0.812,17.67,0.686524,1
1028.2,2026-08-15T15:09:15.640,33.6520824,-117.3026614,-19.076,-82.713,21.6501,-0.331,0.79,17.89,0.689096,1
1028.24,2026-08-15T15:09:15.680,33.6520850,-117.3026527,-18.2707,-82.4239,21.5071,-0.352,0.769,18.37,0.702909,1
1028.28,2026-08-15T15:09:15.720,33.6520876,-117.3026441,-17.4747,-82.1348,21.3551,-0.371,0.749,19.03,0.723017,1
1028.32,2026-08-15T15:09:15.760,33.6520903,-117.3026355,-16.6787,-81.8345,21.2165,-0.381,0.737,19.79,0.747013,1
1028.36,2026-08-15T15:09:15.800,33.6520931,-117.3026271,-15.9012,-81.5232,21.0869,-0.39,0.754,20.54,0.770586,1
1028.4,2026-08-15T15:09:15.840,33.6520960,-117.3026188,-15.1329,-81.2007,20.9349,-0.389,0.784,21.11,0.786262,1
1028.44,2026-08-15T15:09:15.880,33.6520989,-117.3026106,-14.374,-80.8783,20.8008,-0.38,0.815,21.36,0.790477,1
1028.48,2026-08-15T15:09:15.920,33.6521020,-117.3026025,-13.6242,-80.5336,20.6488,-0.372,0.836,21.22,0.779557,1
1028.52,2026-08-15T15:09:15.960,33.6521051,-117.3025945,-12.8837,-80.1889,20.5549,-0.365,0.841,20.49,0.749317,1
1028.56,2026-08-15T15:09:16.000,33.6521083,-117.3025866,-12.1525,-79.833,20.4476,-0.354,0.822,19.11,0.695203,1
1028.6,2026-08-15T15:09:16.040,33.6521114,-117.3025788,-11.4306,-79.4883,20.2911,-0.349,0.781,16.81,0.606852,1
1028.64,2026-08-15T15:09:16.080,33.6521148,-117.3025711,-10.7178,-79.1103,20.1436,-0.349,0.713,13.84,0.496,1
1028.68,2026-08-15T15:09:16.120,33.6521181,-117.3025634,-10.0051,-78.7433,20.005,-0.346,0.639,10.38,0.369441,1
1028.72,2026-08-15T15:09:16.160,33.6521213,-117.3025558,-9.30168,-78.3875,19.8843,-0.343,0.571,6.74,0.23844,1
1028.76,2026-08-15T15:09:16.200,33.6521246,-117.3025483,-8.60748,-78.0206,19.7815,-0.339,0.51,3.14,0.110509,1
1028.8,2026-08-15T15:09:16.240,33.6521280,-117.3025409,-7.92253,-77.6425,19.7011,-0.331,0.441,-0.26,-0.00911321,1
1028.84,2026-08-15T15:09:16.280,33.6521314,-117.3025335,-7.23759,-77.2644,19.5893,-0.325,0.336,-3.35,-0.116754,1
1028.88,2026-08-15T15:09:16.320,33.6521347,-117.3025262,-6.5619,-76.8975,19.4597,-0.324,0.189,-6.2,-0.214652,1
1028.92,2026-08-15T15:09:16.360,33.6521379,-117.3025188,-5.87696,-76.5417,19.33,-0.326,0.012,-8.98,-0.308828,1
1028.96,2026-08-15T15:09:16.400,33.6521410,-117.3025114,-5.19202,-76.197,19.2495,-0.329,-0.178,-11.56,-0.395901,1
1029,2026-08-15T15:09:16.440,33.6521439,-117.3025040,-4.50708,-75.8745,19.1378,-0.339,-0.353,-13.82,-0.470552,1
1029.04,2026-08-15T15:09:16.480,33.6521468,-117.3024966,-3.82213,-75.552,19.0394,-0.347,-0.481,-15.8,-0.535204,1
1029.08,2026-08-15T15:09:16.520,33.6521496,-117.3024892,-3.13719,-75.2407,18.8919,-0.352,-0.562,-17.33,-0.582482,1
1029.12,2026-08-15T15:09:16.560,33.6521523,-117.3024818,-2.45225,-74.9405,18.7667,-0.358,-0.6,-18.31,-0.611344,1
1029.16,2026-08-15T15:09:16.600,33.6521549,-117.3024745,-1.77656,-74.6514,18.6371,-0.356,-0.606,-18.85,-0.625026,1
1029.2,2026-08-15T15:09:16.640,33.6521575,-117.3024671,-1.09162,-74.3623,18.5343,-0.344,-0.607,-19.05,-0.628173,1
1029.24,2026-08-15T15:09:16.680,33.6521600,-117.3024598,-0.415931,-74.0843,18.4091,-0.333,-0.611,-19.19,-0.628516,1
1029.28,2026-08-15T15:09:16.720,33.6521623,-117.3024525,0.259756,-73.8285,18.3152,-0.328,-0.631,-19.42,-0.632805,1
1029.32,2026-08-15T15:09:16.760,33.6521645,-117.3024451,0.944699,-73.5839,18.2258,-0.327,-0.666,-19.97,-0.64755,1
1029.36,2026-08-15T15:09:16.800,33.6521666,-117.3024377,1.62964,-73.3504,18.1498,-0.334,-0.719,-20.99,-0.677787,1
1029.4,2026-08-15T15:09:16.840,33.6521686,-117.3024303,2.31458,-73.128,18.0381,-0.343,-0.762,-22.32,-0.716296,1
1029.44,2026-08-15T15:09:16.880,33.6521704,-117.3024230,2.99027,-72.9278,17.8861,-0.344,-0.799,-23.78,-0.75672,1
1029.48,2026-08-15T15:09:16.920,33.6521722,-117.3024157,3.66596,-72.7277,17.7341,-0.328,-0.821,-25.19,-0.794777,1
1029.52,2026-08-15T15:09:16.960,33.6521739,-117.3024084,4.34164,-72.5387,17.676,-0.299,-0.837,-26.28,-0.82645,1
1029.56,2026-08-15T15:09:17.000,33.6521753,-117.3024010,5.02659,-72.383,17.6044,-0.268,-0.85,-26.92,-0.843151,1
1029.6,2026-08-15T15:09:17.040,33.6521768,-117.3023937,5.70227,-72.2162,17.5508,-0.237,-0.868,-27.21,-0.849637,1
1029.64,2026-08-15T15:09:17.080,33.6521781,-117.3023863,6.38722,-72.0716,17.5418,-0.21,-0.875,-27.19,-0.84858,1
1029.68,2026-08-15T15:09:17.120,33.6521792,-117.3023789,7.07216,-71.9493,17.4971,-0.19,-0.881,-27.02,-0.841126,1
1029.72,2026-08-15T15:09:17.160,33.6521803,-117.3023715,7.7571,-71.827,17.4211,-0.171,-0.882,-26.79,-0.830344,1
1029.76,2026-08-15T15:09:17.200,33.6521812,-117.3023641,8.44205,-71.7269,17.3854,-0.149,-0.878,-26.54,-0.820906,1
1029.8,2026-08-15T15:09:17.240,33.6521819,-117.3023568,9.11773,-71.6491,17.3183,-0.126,-0.875,-26.28,-0.809729,1
1029.84,2026-08-15T15:09:17.280,33.6521826,-117.3023494,9.80268,-71.5713,17.3407,-0.104,-0.88,-26.02,-0.802753,1
1029.88,2026-08-15T15:09:17.320,33.6521830,-117.3023420,10.4876,-71.5268,17.3228,-0.078,-0.875,-25.69,-0.791755,1
1029.92,2026-08-15T15:09:17.360,33.6521834,-117.3023346,11.1726,-71.4823,17.3586,-0.049,-0.861,-25.25,-0.779801,1
1029.96,2026-08-15T15:09:17.400,33.6521838,-117.3023271,11.8668,-71.4378,17.3899,-0.019,-0.849,-24.63,-0.762024,1
1030,2026-08-15T15:09:17.440,33.6521840,-117.3023195,12.5702,-71.4156,17.4256,0.004,-0.844,-23.8,-0.737859,1
1030.04,2026-08-15T15:09:17.480,33.6521841,-117.3023120,13.2644,-71.4045,17.4569,0.017,-0.84,-22.9,-0.711232,1
1030.08,2026-08-15T15:09:17.520,33.6521841,-117.3023044,13.9679,-71.4045,17.4748,0.013,-0.836,-22.04,-0.685223,1
1030.12,2026-08-15T15:09:17.560,33.6521839,-117.3022968,14.6713,-71.4267,17.4569,0.001,-0.816,-21.36,-0.663402,1
1030.16,2026-08-15T15:09:17.600,33.6521838,-117.3022893,15.3655,-71.4378,17.4033,-0.006,-0.783,-20.87,-0.646192,1
1030.2,2026-08-15T15:09:17.640,33.6521834,-117.3022819,16.0505,-71.4823,17.3854,-0.008,-0.744,-20.61,-0.637486,1
1030.24,2026-08-15T15:09:17.680,33.6521830,-117.3022743,16.7539,-71.5268,17.4211,-0.005,-0.713,-20.51,-0.635698,1
1030.28,2026-08-15T15:09:17.720,33.6521826,-117.3022668,17.4481,-71.5713,17.4748,-0.004,-0.697,-20.59,-0.640143,1
1030.32,2026-08-15T15:09:17.760,33.6521820,-117.3022592,18.1516,-71.638,17.4882,-0.02,-0.703,-20.93,-0.651213,1
1030.36,2026-08-15T15:09:17.800,33.6521814,-117.3022518,18.8365,-71.7047,17.4614,-0.061,-0.726,-21.68,-0.673513,1
1030.4,2026-08-15T15:09:17.840,33.6521805,-117.3022443,19.5307,-71.8048,17.3541,-0.116,-0.748,-22.75,-0.702412,1
1030.44,2026-08-15T15:09:17.880,33.6521795,-117.3022370,20.2064,-71.916,17.2379,-0.173,-0.758,-24.11,-0.739416,1
1030.48,2026-08-15T15:09:17.920,33.6521786,-117.3022297,20.8821,-72.016,17.1216,-0.221,-0.757,-25.6,-0.779818,1
1030.52,2026-08-15T15:09:17.960,33.6521775,-117.3022224,21.5578,-72.1384,17.059,-0.253,-0.757,-27.09,-0.82219,1
1030.56,2026-08-15T15:09:18.000,33.6521763,-117.3022152,22.2242,-72.2718,17.0456,-0.267,-0.767,-28.32,-0.858845,1
1030.6,2026-08-15T15:09:18.040,33.6521751,-117.3022080,22.8906,-72.4052,17.0009,-0.275,-0.794,-29.26,-0.885025,1
1030.64,2026-08-15T15:09:18.080,33.6521737,-117.3022010,23.5386,-72.5609,16.8758,-0.276,-0.828,-29.94,-0.898925,1
1030.68,2026-08-15T15:09:18.120,33.6521721,-117.3021940,24.1865,-72.7388,16.8132,-0.278,-0.857,-30.41,-0.90965,1
1030.72,2026-08-15T15:09:18.160,33.6521704,-117.3021871,24.8251,-72.9278,16.7104,-0.275,-0.871,-30.75,-0.914196,1
1030.76,2026-08-15T15:09:18.200,33.6521688,-117.3021803,25.4545,-73.1057,16.6075,-0.268,-0.871,-31.04,-0.917139,1
1030.8,2026-08-15T15:09:18.240,33.6521670,-117.3021735,26.084,-73.3059,16.5628,-0.253,-0.867,-31.27,-0.921448,1
1030.84,2026-08-15T15:09:18.280,33.6521651,-117.3021667,26.7134,-73.5172,16.5226,-0.236,-0.867,-31.39,-0.922737,1
1030.88,2026-08-15T15:09:18.320,33.6521630,-117.3021601,27.3243,-73.7507,16.4734,-0.22,-0.876,-31.37,-0.919405,1
1030.92,2026-08-15T15:09:18.360,33.6521608,-117.3021536,27.9259,-73.9953,16.3751,-0.208,-0.888,-31.21,-0.909254,1
1030.96,2026-08-15T15:09:18.400,33.6521585,-117.3021472,28.5183,-74.2511,16.2991,-0.198,-0.899,-30.96,-0.897785,1
1031,2026-08-15T15:09:18.440,33.6521561,-117.3021408,29.1107,-74.5179,16.2499,-0.186,-0.911,-30.66,-0.886403,1
1031.04,2026-08-15T15:09:18.480,33.6521536,-117.3021345,29.6938,-74.7959,16.1873,-0.166,-0.924,-30.3,-0.872621,1
1031.08,2026-08-15T15:09:18.520,33.6521510,-117.3021283,30.2677,-75.085,16.1247,-0.134,-0.931,-29.78,-0.85433,1
1031.12,2026-08-15T15:09:18.560,33.6521483,-117.3021222,30.8323,-75.3852,16.1203,-0.096,-0.935,-29.09,-0.834304,1
1031.16,2026-08-15T15:09:18.600,33.6521456,-117.3021160,31.4061,-75.6855,16.165,-0.062,-0.944,-28.18,-0.810446,1
1031.2,2026-08-15T15:09:18.640,33.6521426,-117.3021100,31.9615,-76.0191,16.2007,-0.035,-0.945,-26.97,-0.777363,1
1031.24,2026-08-15T15:09:18.680,33.6521395,-117.3021041,32.5076,-76.3638,16.1784,-0.015,-0.928,-25.61,-0.737145,1
1031.28,2026-08-15T15:09:18.720,33.6521364,-117.3020981,33.063,-76.7085,16.2141,-0.004,-0.905,-24.26,-0.699831,1
1031.32,2026-08-15T15:09:18.760,33.6521330,-117.3020923,33.5998,-77.0865,16.2365,0.006,-0.878,-22.99,-0.664109,1
1031.36,2026-08-15T15:09:18.800,33.6521297,-117.3020866,34.1274,-77.4535,16.2812,0.02,-0.848,-21.91,-0.634654,1
1031.4,2026-08-15T15:09:18.840,33.6521262,-117.3020808,34.6642,-77.8427,16.3393,0.036,-0.823,-21.19,-0.615989,1
1031.44,2026-08-15T15:09:18.880,33.6521226,-117.3020751,35.1918,-78.243,16.4242,0.051,-0.811,-20.79,-0.607503,1
1031.48,2026-08-15T15:09:18.920,33.6521190,-117.3020694,35.7194,-78.6433,16.4511,0.065,-0.797,-20.69,-0.605568,1
1031.52,2026-08-15T15:09:18.960,33.6521152,-117.3020639,36.2285,-79.0658,16.5628,0.08,-0.772,-20.86,-0.614692,1
1031.56,2026-08-15T15:09:19.000,33.6521115,-117.3020583,36.7468,-79.4772,16.6254,0.092,-0.739,-21.17,-0.626184,1
1031.6,2026-08-15T15:09:19.040,33.6521075,-117.3020528,37.2559,-79.922,16.6835,0.099,-0.699,-21.56,-0.639949,1
1031.64,2026-08-15T15:09:19.080,33.6521036,-117.3020475,37.7465,-80.3557,16.7282,0.099,-0.664,-22.05,-0.656247,1
1031.68,2026-08-15T15:09:19.120,33.6520994,-117.3020421,38.2463,-80.8227,16.8042,0.091,-0.644,-22.67,-0.677764,1
1031.72,2026-08-15T15:09:19.160,33.6520953,-117.3020366,38.7554,-81.2786,16.8266,0.069,-0.652,-23.44,-0.701717,1
1031.76,2026-08-15T15:09:19.200,33.6520911,-117.3020315,39.2274,-81.7456,16.8668,0.037,-0.679,-24.42,-0.732803,1
1031.8,2026-08-15T15:09:19.240,33.6520868,-117.3020263,39.7088,-82.2237,16.8266,0.002,-0.718,-25.45,-0.76189,1
1031.84,2026-08-15T15:09:19.280,33.6520824,-117.3020214,40.1623,-82.713,16.7998,-0.034,-0.761,-26.41,-0.789369,1
1031.88,2026-08-15T15:09:19.320,33.6520780,-117.3020164,40.6251,-83.2022,16.7774,-0.069,-0.803,-27.24,-0.813093,1
1031.92,2026-08-15T15:09:19.360,33.6520734,-117.3020117,41.0601,-83.7137,16.7551,-0.1,-0.839,-27.86,-0.830492,1
1031.96,2026-08-15T15:09:19.400,33.6520689,-117.3020069,41.5044,-84.2141,16.7014,-0.121,-0.867,-28.27,-0.840016,1
1032,2026-08-15T15:09:19.440,33.6520641,-117.3020023,41.9302,-84.7479,16.6791,-0.134,-0.878,-28.51,-0.846013,1
1032.04,2026-08-15T15:09:19.480,33.6520594,-117.3019980,42.3282,-85.2705,16.6299,-0.134,-0.861,-28.61,-0.846478,1
1032.08,2026-08-15T15:09:19.520,33.6520546,-117.3019935,42.7447,-85.8042,16.6388,-0.12,-0.831,-28.57,-0.845749,1
1032.12,2026-08-15T15:09:19.560,33.6520498,-117.3019892,43.1427,-86.3379,16.6612,-0.099,-0.806,-28.39,-0.841549,1
1032.16,2026-08-15T15:09:19.600,33.6520449,-117.3019851,43.5222,-86.8828,16.6657,-0.076,-0.801,-28.13,-0.834066,1
1032.2,2026-08-15T15:09:19.640,33.6520399,-117.3019810,43.9017,-87.4388,16.6835,-0.06,-0.818,-27.81,-0.825463,1
1032.24,2026-08-15T15:09:19.680,33.6520349,-117.3019770,44.272,-87.9947,16.7059,-0.059,-0.847,-27.54,-0.818544,1
1032.28,2026-08-15T15:09:19.720,33.6520296,-117.3019734,44.6052,-88.5841,16.6925,-0.064,-0.877,-27.37,-0.812838,1
1032.32,2026-08-15T15:09:19.760,33.6520245,-117.3019698,44.9384,-89.1512,16.6344,-0.072,-0.896,-27.29,-0.80764,1
1032.36,2026-08-15T15:09:19.800,33.6520192,-117.3019662,45.2716,-89.7405,16.5628,-0.082,-0.902,-27.23,-0.802399,1
1032.4,2026-08-15T15:09:19.840,33.6520139,-117.3019628,45.5863,-90.3298,16.6031,-0.087,-0.9,-27.17,-0.802576,1
1032.44,2026-08-15T15:09:19.880,33.6520087,-117.3019595,45.8918,-90.9081,16.5941,-0.091,-0.899,-27.05,-0.798601,1
1032.48,2026-08-15T15:09:19.920,33.6520033,-117.3019563,46.1879,-91.5085,16.5807,-0.097,-0.882,-26.95,-0.795006,1
1032.52,2026-08-15T15:09:19.960,33.6519978,-117.3019533,46.4656,-92.1201,16.5852,-0.1,-0.854,-27.03,-0.797581,1
1032.56,2026-08-15T15:09:20.000,33.6519924,-117.3019502,46.7526,-92.7205,16.5807,-0.095,-0.821,-27.26,-0.804151,1
1032.6,2026-08-15T15:09:20.040,33.6519869,-117.3019475,47.0025,-93.3321,16.5539,-0.081,-0.796,-27.7,-0.815808,1
1032.64,2026-08-15T15:09:20.080,33.6519814,-117.3019448,47.2524,-93.9437,16.5539,-0.055,-0.793,-28.19,-0.83024,1
1032.68,2026-08-15T15:09:20.120,33.6519758,-117.3019420,47.5116,-94.5664,16.6388,-0.024,-0.822,-28.52,-0.844269,1
1032.72,2026-08-15T15:09:20.160,33.6519700,-117.3019396,47.7337,-95.2113,16.7774,-0.004,-0.87,-28.56,-0.852494,1
1032.76,2026-08-15T15:09:20.200,33.6519643,-117.3019374,47.9373,-95.8451,16.8176,-0.002,-0.919,-28.26,-0.845562,1
1032.8,2026-08-15T15:09:20.240,33.6519584,-117.3019353,48.1317,-96.5012,16.7461,-0.02,-0.943,-27.74,-0.826474,1
1032.84,2026-08-15T15:09:20.280,33.6519528,-117.3019334,48.3076,-97.1239,16.6344,-0.06,-0.932,-27.26,-0.806752,1
1032.88,2026-08-15T15:09:20.320,33.6519469,-117.3019315,48.4834,-97.7799,16.545,-0.105,-0.895,-27,-0.794763,1
1032.92,2026-08-15T15:09:20.360,33.6519412,-117.3019296,48.6593,-98.4137,16.4555,-0.144,-0.854,-27.2,-0.796323,1
1032.96,2026-08-15T15:09:20.400,33.6519354,-117.3019281,48.7981,-99.0586,16.3795,-0.169,-0.832,-27.79,-0.809839,1
1033,2026-08-15T15:09:20.440,33.6519297,-117.3019265,48.9462,-99.6925,16.3438,-0.176,-0.834,-28.65,-0.833078,1
1033.04,2026-08-15T15:09:20.480,33.6519238,-117.3019252,49.0666,-100.349,16.4064,-0.157,-0.857,-29.61,-0.864289,1
1033.08,2026-08-15T15:09:20.520,33.6519181,-117.3019241,49.1684,-100.982,16.4555,-0.119,-0.882,-30.42,-0.890594,1
1033.12,2026-08-15T15:09:20.560,33.6519121,-117.3019229,49.2794,-101.649,16.5137,-0.07,-0.907,-30.88,-0.907254,1
1033.16,2026-08-15T15:09:20.600,33.6519061,-117.3019220,49.3628,-102.317,16.5405,-0.015,-0.922,-30.96,-0.911082,1
1033.2,2026-08-15T15:09:20.640,33.6519002,-117.3019212,49.4368,-102.973,16.6657,0.029,-0.935,-30.55,-0.90582,1
1033.24,2026-08-15T15:09:20.680,33.6518941,-117.3019207,49.4831,-103.651,16.7595,0.052,-0.941,-29.76,-0.887367,1
1033.28,2026-08-15T15:09:20.720,33.6518881,-117.3019202,49.5294,-104.318,16.7461,0.044,-0.935,-28.77,-0.857161,1
1033.32,2026-08-15T15:09:20.760,33.6518820,-117.3019199,49.5571,-104.996,16.7595,0.004,-0.92,-27.77,-0.82803,1
1033.36,2026-08-15T15:09:20.800,33.6518760,-117.3019197,49.5756,-105.664,16.6567,-0.049,-0.899,-27.07,-0.802206,1
1033.4,2026-08-15T15:09:20.840,33.6518701,-117.3019197,49.5756,-106.32,16.5494,-0.106,-0.875,-26.85,-0.790561,1
1033.44,2026-08-15T15:09:20.880,33.6518641,-117.3019198,49.5664,-106.987,16.46,-0.139,-0.855,-27.14,-0.794783,1
1033.48,2026-08-15T15:09:20.920,33.6518581,-117.3019200,49.5479,-107.654,16.4466,-0.139,-0.857,-27.83,-0.814325,1
1033.52,2026-08-15T15:09:20.960,33.6518522,-117.3019203,49.5201,-108.31,16.5137,-0.103,-0.875,-28.64,-0.841443,1
1033.56,2026-08-15T15:09:21.000,33.6518463,-117.3019208,49.4738,-108.966,16.5941,-0.052,-0.9,-29.24,-0.863257,1
1033.6,2026-08-15T15:09:21.040,33.6518402,-117.3019215,49.409,-109.644,16.7059,0.006,-0.915,-29.49,-0.876501,1
1033.64,2026-08-15T15:09:21.080,33.6518342,-117.3019223,49.335,-110.312,16.7729,0.058,-0.915,-29.3,-0.87435,1
1033.68,2026-08-15T15:09:21.120,33.6518282,-117.3019234,49.2332,-110.979,16.8176,0.094,-0.899,-28.74,-0.859924,1
1033.72,2026-08-15T15:09:21.160,33.6518221,-117.3019245,49.1314,-111.657,16.8445,0.099,-0.878,-27.9,-0.836122,1
1033.76,2026-08-15T15:09:21.200,33.6518160,-117.3019258,49.011,-112.335,16.8847,0.079,-0.865,-27.04,-0.812285,1
1033.8,2026-08-15T15:09:21.240,33.6518100,-117.3019271,48.8907,-113.002,16.8579,0.036,-0.872,-26.33,-0.7897,1
1033.84,2026-08-15T15:09:21.280,33.6518042,-117.3019286,48.7519,-113.647,16.7819,-0.023,-0.889,-25.93,-0.774197,1
1033.88,2026-08-15T15:09:21.320,33.6517983,-117.3019302,48.6038,-114.303,16.7372,-0.08,-0.903,-25.97,-0.773326,1
1033.92,2026-08-15T15:09:21.360,33.6517924,-117.3019321,48.4279,-114.96,16.6657,-0.111,-0.9,-26.51,-0.786032,1
1033.96,2026-08-15T15:09:21.400,33.6517867,-117.3019340,48.252,-115.593,16.6567,-0.11,-0.887,-27.26,-0.807836,1
1034,2026-08-15T15:09:21.440,33.6517808,-117.3019361,48.0577,-116.249,16.7416,-0.09,-0.872,-27.95,-0.832508,1
1034.04,2026-08-15T15:09:21.480,33.6517751,-117.3019381,47.8725,-116.883,16.8311,-0.06,-0.872,-28.27,-0.846536,1
1034.08,2026-08-15T15:09:21.520,33.6517692,-117.3019405,47.6504,-117.539,16.8847,-0.042,-0.883,-28.17,-0.84623,1
1034.12,2026-08-15T15:09:21.560,33.6517636,-117.3019429,47.4283,-118.162,16.8579,-0.047,-0.892,-27.77,-0.832889,1
1034.16,2026-08-15T15:09:21.600,33.6517580,-117.3019456,47.1783,-118.785,16.8221,-0.073,-0.889,-27.44,-0.821246,1
1034.2,2026-08-15T15:09:21.640,33.6517523,-117.3019483,46.9284,-119.418,16.6657,-0.105,-0.875,-27.42,-0.813014,1
1034.24,2026-08-15T15:09:21.680,33.6517468,-117.3019512,46.66,-120.03,16.5941,-0.134,-0.855,-27.84,-0.821925,1
1034.28,2026-08-15T15:09:21.720,33.6517415,-117.3019541,46.3916,-120.619,16.5092,-0.149,-0.85,-28.59,-0.839747,1
1034.32,2026-08-15T15:09:21.760,33.6517361,-117.3019571,46.1139,-121.22,16.5315,-0.153,-0.862,-29.42,-0.865295,1
1034.36,2026-08-15T15:09:21.800,33.6517307,-117.3019603,45.8177,-121.82,16.5494,-0.148,-0.893,-30.09,-0.885958,1
1034.4,2026-08-15T15:09:21.840,33.6517254,-117.3019637,45.503,-122.41,16.5539,-0.141,-0.927,-30.52,-0.898862,1
1034.44,2026-08-15T15:09:21.880,33.6517202,-117.3019672,45.179,-122.988,16.5628,-0.133,-0.95,-30.71,-0.904946,1
1034.48,2026-08-15T15:09:21.920,33.6517150,-117.3019708,44.8458,-123.566,16.5315,-0.129,-0.961,-30.69,-0.902648,1
1034.52,2026-08-15T15:09:21.960,33.6517100,-117.3019745,44.5034,-124.122,16.5137,-0.129,-0.952,-30.6,-0.899028,1
1034.56,2026-08-15T15:09:22.000,33.6517050,-117.3019783,44.1516,-124.678,16.4779,-0.134,-0.924,-30.6,-0.897081,1
1034.6,2026-08-15T15:09:22.040,33.6516998,-117.3019822,43.7906,-125.256,16.4198,-0.141,-0.898,-30.74,-0.898007,1
1034.64,2026-08-15T15:09:22.080,33.6516951,-117.3019861,43.4297,-125.779,16.3617,-0.146,-0.886,-31.08,-0.904726,1
1034.68,2026-08-15T15:09:22.120,33.6516903,-117.3019902,43.0502,-126.313,16.2991,-0.144,-0.885,-31.53,-0.914314,1
1034.72,2026-08-15T15:09:22.160,33.6516857,-117.3019945,42.6522,-126.824,16.2678,-0.134,-0.896,-31.93,-0.924136,1
1034.76,2026-08-15T15:09:22.200,33.6516811,-117.3019988,42.2542,-127.336,16.241,-0.115,-0.91,-32.13,-0.928391,1
1034.8,2026-08-15T15:09:22.240,33.6516766,-117.3020033,41.8376,-127.836,16.2231,-0.094,-0.923,-32.02,-0.924194,1
1034.84,2026-08-15T15:09:22.280,33.6516722,-117.3020078,41.4211,-128.325,16.241,-0.082,-0.932,-31.65,-0.914521,1
1034.88,2026-08-15T15:09:22.320,33.6516678,-117.3020125,40.9861,-128.814,16.2097,-0.088,-0.944,-31.13,-0.897763,1
1034.92,2026-08-15T15:09:22.360,33.6516636,-117.3020173,40.5418,-129.281,16.1605,-0.111,-0.957,-30.7,-0.882676,1
1034.96,2026-08-15T15:09:22.400,33.6516594,-117.3020221,40.0975,-129.748,16.0577,-0.147,-0.972,-30.51,-0.871632,1
1035,2026-08-15T15:09:22.440,33.6516554,-117.3020270,39.644,-130.193,15.928,-0.186,-0.983,-30.71,-0.870263,1
1035.04,2026-08-15T15:09:22.480,33.6516516,-117.3020321,39.1719,-130.616,15.8386,-0.211,-0.983,-31.23,-0.880031,1
1035.08,2026-08-15T15:09:22.520,33.6516478,-117.3020372,38.6999,-131.038,15.7716,-0.211,-0.965,-31.92,-0.895666,1
1035.12,2026-08-15T15:09:22.560,33.6516441,-117.3020423,38.2278,-131.45,15.7492,-0.181,-0.96,-32.46,-0.909528,1
1035.16,2026-08-15T15:09:22.600,33.6516404,-117.3020475,37.7465,-131.861,15.8207,-0.129,-0.967,-32.62,-0.918162,1
1035.2,2026-08-15T15:09:22.640,33.6516370,-117.3020530,37.2374,-132.239,15.861,-0.072,-0.984,-32.23,-0.909492,1
1035.24,2026-08-15T15:09:22.680,33.6516335,-117.3020585,36.7283,-132.628,15.928,-0.02,-0.99,-31.33,-0.887832,1
1035.28,2026-08-15T15:09:22.720,33.6516301,-117.3020642,36.2007,-133.006,15.928,0.023,-0.979,-30.06,-0.851843,1
1035.32,2026-08-15T15:09:22.760,33.6516269,-117.3020699,35.6732,-133.362,15.9414,0.045,-0.956,-28.75,-0.815406,1
1035.36,2026-08-15T15:09:22.800,33.6516238,-117.3020757,35.1363,-133.707,15.9817,0.059,-0.941,-27.55,-0.783344,1
1035.4,2026-08-15T15:09:22.840,33.6516207,-117.3020815,34.5995,-134.052,16.0174,0.074,-0.935,-26.51,-0.75546,1
1035.44,2026-08-15T15:09:22.880,33.6516178,-117.3020875,34.0441,-134.374,16.0577,0.085,-0.926,-25.57,-0.730503,1
1035.48,2026-08-15T15:09:22.920,33.6516148,-117.3020936,33.4795,-134.708,16.1471,0.1,-0.922,-24.73,-0.710439,1
1035.52,2026-08-15T15:09:22.960,33.6516121,-117.3020999,32.8964,-135.008,16.2588,0.118,-0.912,-23.91,-0.691636,1
1035.56,2026-08-15T15:09:23.000,33.6516093,-117.3021062,32.3132,-135.319,16.3483,0.125,-0.898,-23.19,-0.674498,1
1035.6,2026-08-15T15:09:23.040,33.6516067,-117.3021125,31.7301,-135.608,16.4466,0.13,-0.869,-22.66,-0.663047,1
1035.64,2026-08-15T15:09:23.080,33.6516042,-117.3021190,31.1285,-135.886,16.4958,0.138,-0.84,-22.41,-0.657693,1
1035.68,2026-08-15T15:09:23.120,33.6516017,-117.3021256,30.5176,-136.164,16.5539,0.148,-0.814,-22.42,-0.660304,1
1035.72,2026-08-15T15:09:23.160,33.6515993,-117.3021322,29.9067,-136.431,16.6612,0.171,-0.795,-22.66,-0.671698,1
1035.76,2026-08-15T15:09:23.200,33.6515969,-117.3021389,29.2865,-136.698,16.8221,0.203,-0.779,-23,-0.688362,1
1035.8,2026-08-15T15:09:23.240,33.6515947,-117.3021458,28.6479,-136.943,16.9875,0.239,-0.773,-23.34,-0.705406,1
1035.84,2026-08-15T15:09:23.280,33.6515924,-117.3021526,28.0185,-137.199,17.1082,0.272,-0.771,-23.61,-0.718636,1
1035.88,2026-08-15T15:09:23.320,33.6515904,-117.3021598,27.352,-137.421,17.2692,0.297,-0.76,-23.86,-0.733078,1
1035.92,2026-08-15T15:09:23.360,33.6515884,-117.3021669,26.6948,-137.643,17.4346,0.311,-0.751,-24.07,-0.746613,1
1035.96,2026-08-15T15:09:23.400,33.6515863,-117.3021741,26.0284,-137.877,17.5642,0.315,-0.742,-24.35,-0.760914,1
1036,2026-08-15T15:09:23.440,33.6515844,-117.3021815,25.3435,-138.088,17.667,0.31,-0.746,-24.7,-0.77637,1
1036.04,2026-08-15T15:09:23.480,33.6515826,-117.3021887,24.677,-138.288,17.7743,0.305,-0.757,-25.03,-0.79152,1
1036.08,2026-08-15T15:09:23.520,33.6515811,-117.3021963,23.9736,-138.455,17.895,0.302,-0.774,-25.27,-0.804536,1
1036.12,2026-08-15T15:09:23.560,33.6515795,-117.3022038,23.2794,-138.633,18.0247,0.306,-0.784,-25.34,-0.812609,1
1036.16,2026-08-15T15:09:23.600,33.6515780,-117.3022116,22.5574,-138.8,18.1811,0.31,-0.794,-25.24,-0.816429,1
1036.2,2026-08-15T15:09:23.640,33.6515765,-117.3022193,21.8447,-138.967,18.3599,0.315,-0.803,-24.99,-0.816292,1
1036.24,2026-08-15T15:09:23.680,33.6515752,-117.3022272,21.1135,-139.111,18.503,0.31,-0.814,-24.63,-0.810802,1
1036.28,2026-08-15T15:09:23.720,33.6515739,-117.3022351,20.3823,-139.256,18.6013,0.291,-0.828,-24.17,-0.799888,1
1036.32,2026-08-15T15:09:23.760,33.6515728,-117.3022430,19.651,-139.378,18.6594,0.265,-0.841,-23.68,-0.78612,1
1036.36,2026-08-15T15:09:23.800,33.6515717,-117.3022510,18.9106,-139.5,18.7042,0.24,-0.848,-23.15,-0.770367,1
1036.4,2026-08-15T15:09:23.840,33.6515709,-117.3022591,18.1608,-139.589,18.7891,0.219,-0.846,-22.54,-0.753474,1
1036.44,2026-08-15T15:09:23.880,33.6515701,-117.3022672,17.4111,-139.678,18.883,0.21,-0.834,-21.74,-0.730362,1
1036.48,2026-08-15T15:09:23.920,33.6515693,-117.3022754,16.6521,-139.767,19.0171,0.21,-0.816,-20.77,-0.70273,1
1036.52,2026-08-15T15:09:23.960,33.6515687,-117.3022835,15.9024,-139.834,19.1423,0.213,-0.789,-19.49,-0.663763,1
1036.56,2026-08-15T15:09:24.000,33.6515682,-117.3022919,15.1249,-139.889,19.2495,0.223,-0.754,-18.03,-0.617482,1
1036.6,2026-08-15T15:09:24.040,33.6515678,-117.3023003,14.3474,-139.934,19.3568,0.236,-0.722,-16.49,-0.567889,1
1036.64,2026-08-15T15:09:24.080,33.6515674,-117.3023087,13.5699,-139.978,19.4865,0.253,-0.693,-14.97,-0.518995,1
1036.68,2026-08-15T15:09:24.120,33.6515671,-117.3023172,12.7831,-140.012,19.6295,0.28,-0.666,-13.66,-0.477055,1
1036.72,2026-08-15T15:09:24.160,33.6515667,-117.3023257,11.9963,-140.056,19.8128,0.307,-0.647,-12.79,-0.450843,1
1036.76,2026-08-15T15:09:24.200,33.6515667,-117.3023344,11.1911,-140.056,20.014,0.327,-0.627,-12.39,-0.441177,1
1036.8,2026-08-15T15:09:24.240,33.6515666,-117.3023431,10.3858,-140.067,20.166,0.334,-0.607,-12.63,-0.453138,1
1036.84,2026-08-15T15:09:24.280,33.6515666,-117.3023519,9.57128,-140.067,20.2643,0.319,-0.595,-13.48,-0.485993,1
1036.88,2026-08-15T15:09:24.320,33.6515666,-117.3023606,8.76601,-140.067,20.3537,0.277,-0.589,-14.77,-0.534851,1
1036.92,2026-08-15T15:09:24.360,33.6515667,-117.3023695,7.94222,-140.056,20.394,0.213,-0.593,-16.38,-0.594325,1
1036.96,2026-08-15T15:09:24.400,33.6515670,-117.3023783,7.1277,-140.023,20.3671,0.132,-0.615,-18.28,-0.662391,1
1037,2026-08-15T15:09:24.440,33.6515673,-117.3023871,6.31317,-139.989,20.318,0.047,-0.647,-20.11,-0.726944,1
1037.04,2026-08-15T15:09:24.480,33.6515677,-117.3023958,5.5079,-139.945,20.2196,-0.027,-0.689,-21.81,-0.78458,1
1037.08,2026-08-15T15:09:24.520,33.6515683,-117.3024044,4.71188,-139.878,20.166,-0.082,-0.744,-23.31,-0.836315,1
1037.12,2026-08-15T15:09:24.560,33.6515690,-117.3024130,3.91587,-139.8,20.1704,-0.113,-0.8,-24.47,-0.878128,1
1037.16,2026-08-15T15:09:24.600,33.6515696,-117.3024217,3.1106,-139.734,20.1079,-0.117,-0.854,-25.2,-0.901519,1
1037.2,2026-08-15T15:09:24.640,33.6515705,-117.3024304,2.30533,-139.634,20.1392,-0.095,-0.895,-25.58,-0.916537,1
1037.24,2026-08-15T15:09:24.680,33.6515715,-117.3024390,1.50931,-139.522,20.1883,-0.054,-0.915,-25.6,-0.919493,1
1037.28,2026-08-15T15:09:24.720,33.6515727,-117.3024475,0.722555,-139.389,20.242,-0.003,-0.916,-25.22,-0.908252,1
1037.32,2026-08-15T15:09:24.760,33.6515739,-117.3024563,-0.0919717,-139.256,20.3358,0.048,-0.905,-24.5,-0.886414,1
1037.36,2026-08-15T15:09:24.800,33.6515753,-117.3024650,-0.897242,-139.1,20.4521,0.093,-0.89,-23.48,-0.854366,1
1037.4,2026-08-15T15:09:24.840,33.6515769,-117.3024736,-1.69326,-138.922,20.4968,0.117,-0.877,-22.22,-0.810286,1
1037.44,2026-08-15T15:09:24.880,33.6515784,-117.3024822,-2.48927,-138.755,20.5281,0.122,-0.864,-20.98,-0.766235,1
1037.48,2026-08-15T15:09:24.920,33.6515801,-117.3024908,-3.28529,-138.566,20.5817,0.119,-0.856,-19.88,-0.727958,1
1037.52,2026-08-15T15:09:24.960,33.6515820,-117.3024996,-4.09981,-138.355,20.6264,0.115,-0.855,-19.08,-0.700182,1
1037.56,2026-08-15T15:09:25.000,33.6515839,-117.3025082,-4.89583,-138.144,20.6845,0.11,-0.853,-18.63,-0.685594,1
1037.6,2026-08-15T15:09:25.040,33.6515861,-117.3025168,-5.69184,-137.899,20.7292,0.112,-0.854,-18.56,-0.684494,1
1037.64,2026-08-15T15:09:25.080,33.6515882,-117.3025253,-6.4786,-137.666,20.8187,0.125,-0.847,-18.77,-0.695225,1
1037.68,2026-08-15T15:09:25.120,33.6515905,-117.3025339,-7.27462,-137.41,20.9081,0.145,-0.827,-19.15,-0.712346,1
1037.72,2026-08-15T15:09:25.160,33.6515928,-117.3025427,-8.08914,-137.154,21.0198,0.166,-0.805,-19.57,-0.73186,1
1037.76,2026-08-15T15:09:25.200,33.6515953,-117.3025513,-8.88516,-136.876,21.1584,0.188,-0.798,-19.94,-0.750614,1
1037.8,2026-08-15T15:09:25.240,33.6515979,-117.3025600,-9.69043,-136.587,21.2836,0.208,-0.798,-20.17,-0.763763,1
1037.84,2026-08-15T15:09:25.280,33.6516007,-117.3025686,-10.4864,-136.276,21.3998,0.218,-0.805,-20.31,-0.773265,1
1037.88,2026-08-15T15:09:25.320,33.6516035,-117.3025772,-11.2825,-135.964,21.4847,0.219,-0.819,-20.35,-0.777863,1
1037.92,2026-08-15T15:09:25.360,33.6516064,-117.3025858,-12.0785,-135.642,21.525,0.216,-0.828,-20.37,-0.780085,1
1037.96,2026-08-15T15:09:25.400,33.6516094,-117.3025944,-12.8745,-135.308,21.5786,0.212,-0.826,-20.42,-0.783949,1
1038,2026-08-15T15:09:25.440,33.6516126,-117.3026030,-13.6705,-134.952,21.7038,0.21,-0.826,-20.48,-0.790813,1
1038.04,2026-08-15T15:09:25.480,33.6516159,-117.3026115,-14.4573,-134.585,21.7977,0.213,-0.826,-20.47,-0.793846,1
1038.08,2026-08-15T15:09:25.520,33.6516193,-117.3026201,-15.2533,-134.207,21.9228,0.221,-0.822,-20.41,-0.796064,1
1038.12,2026-08-15T15:09:25.560,33.6516228,-117.3026286,-16.04,-133.818,22.0301,0.228,-0.82,-20.26,-0.794081,1
1038.16,2026-08-15T15:09:25.600,33.6516264,-117.3026372,-16.836,-133.418,22.1374,0.234,-0.818,-20,-0.787708,1
1038.2,2026-08-15T15:09:25.640,33.6516302,-117.3026457,-17.6228,-132.995,22.2447,0.231,-0.81,-19.66,-0.77807,1
1038.24,2026-08-15T15:09:25.680,33.6516341,-117.3026542,-18.4096,-132.562,22.3341,0.222,-0.799,-19.3,-0.766892,1
1038.28,2026-08-15T15:09:25.720,33.6516379,-117.3026626,-19.1871,-132.139,22.3833,0.203,-0.795,-18.97,-0.755439,1
1038.32,2026-08-15T15:09:25.760,33.6516420,-117.3026710,-19.9646,-131.683,22.4414,0.18,-0.799,-18.7,-0.746621,1
1038.36,2026-08-15T15:09:25.800,33.6516461,-117.3026794,-20.7421,-131.227,22.504,0.16,-0.804,-18.49,-0.740295,1
1038.4,2026-08-15T15:09:25.840,33.6516505,-117.3026877,-21.5103,-130.738,22.5442,0.146,-0.818,-18.3,-0.733998,1
1038.44,2026-08-15T15:09:25.880,33.6516548,-117.3026959,-22.2693,-130.26,22.6202,0.135,-0.837,-18.03,-0.725606,1
1038.48,2026-08-15T15:09:25.920,33.6516592,-117.3027041,-23.0283,-129.771,22.6962,0.121,-0.849,-17.49,-0.706239,1
1038.52,2026-08-15T15:09:25.960,33.6516639,-117.3027122,-23.778,-129.248,22.7409,0.094,-0.844,-16.63,-0.672835,1
1038.56,2026-08-15T15:09:26.000,33.6516684,-117.3027203,-24.5278,-128.748,22.7275,0.056,-0.828,-15.57,-0.629577,1
1038.6,2026-08-15T15:09:26.040,33.6516732,-117.3027283,-25.2682,-128.214,22.6828,-0.015,-0.782,-14.11,-0.569419,1
1038.64,2026-08-15T15:09:26.080,33.6516779,-117.3027362,-25.9995,-127.691,22.5845,-0.1,-0.708,-12.27,-0.493018,1
1038.68,2026-08-15T15:09:26.120,33.6516828,-117.3027440,-26.7214,-127.146,22.4191,-0.19,-0.607,-9.92,-0.395674,1
1038.72,2026-08-15T15:09:26.160,33.6516874,-117.3027517,-27.4341,-126.635,22.2581,-0.279,-0.476,-6.82,-0.270073,1
1038.76,2026-08-15T15:09:26.200,33.6516921,-117.3027594,-28.1469,-126.112,22.1017,-0.352,-0.305,-2.79,-0.109708,1
1038.8,2026-08-15T15:09:26.240,33.6516968,-117.3027670,-28.8503,-125.59,21.9407,-0.401,-0.109,1.92,0.0749481,1
1038.84,2026-08-15T15:09:26.280,33.6517011,-117.3027747,-29.563,-125.112,21.7887,-0.433,0.102,7.28,0.28221,1
1038.88,2026-08-15T15:09:26.320,33.6517055,-117.3027824,-30.2757,-124.622,21.677,-0.445,0.303,12.38,0.47745,1
1038.92,2026-08-15T15:09:26.360,33.6517097,-117.3027902,-30.9977,-124.155,21.5473,-0.443,0.479,16.82,0.644804,1
1038.96,2026-08-15T15:09:26.400,33.6517139,-117.3027979,-31.7104,-123.688,21.4132,-0.439,0.612,20.23,0.770701,1
1039,2026-08-15T15:09:26.440,33.6517180,-117.3028056,-32.4231,-123.232,21.2612,-0.426,0.701,22.65,0.856771,1
1039.04,2026-08-15T15:09:26.480,33.6517219,-117.3028134,-33.1451,-122.799,21.0869,-0.405,0.751,24.18,0.907145,1
1039.08,2026-08-15T15:09:26.520,33.6517257,-117.3028212,-33.8671,-122.376,20.9528,-0.377,0.779,25.35,0.944991,1
1039.12,2026-08-15T15:09:26.560,33.6517293,-117.3028290,-34.589,-121.976,20.8276,-0.344,0.791,26.21,0.971213,1
1039.16,2026-08-15T15:09:26.600,33.6517329,-117.3028369,-35.3202,-121.576,20.7427,-0.309,0.801,26.98,0.995668,1
1039.2,2026-08-15T15:09:26.640,33.6517365,-117.3028447,-36.0422,-121.175,20.7114,-0.274,0.827,27.74,1.02217,1
1039.24,2026-08-15T15:09:26.680,33.6517399,-117.3028527,-36.7827,-120.797,20.622,-0.241,0.87,28.42,1.04271,1
1039.28,2026-08-15T15:09:26.720,33.6517431,-117.3028607,-37.5232,-120.441,20.5594,-0.215,0.93,29.01,1.06112,1
1039.32,2026-08-15T15:09:26.760,33.6517462,-117.3028687,-38.2637,-120.097,20.4789,-0.187,0.997,29.47,1.07373,1
1039.36,2026-08-15T15:09:26.800,33.6517490,-117.3028768,-39.0134,-119.785,20.3671,-0.161,1.04,29.71,1.07657,1
1039.4,2026-08-15T15:09:26.840,33.6517518,-117.3028849,-39.7631,-119.474,20.3269,-0.139,1.049,29.68,1.07336,1
1039.44,2026-08-15T15:09:26.880,33.6517544,-117.3028931,-40.5221,-119.185,20.3358,-0.118,1.026,29.43,1.06478,1
1039.48,2026-08-15T15:09:26.920,33.6517570,-117.3029013,-41.2811,-118.896,20.3001,-0.11,0.975,29.03,1.04846,1
1039.52,2026-08-15T15:09:26.960,33.6517594,-117.3029094,-42.0308,-118.629,20.3135,-0.116,0.929,28.7,1.03723,1
1039.56,2026-08-15T15:09:27.000,33.6517618,-117.3029178,-42.8083,-118.362,20.2062,-0.132,0.906,28.61,1.02852,1
1039.6,2026-08-15T15:09:27.040,33.6517642,-117.3029259,-43.5581,-118.095,20.0676,-0.147,0.907,28.72,1.02539,1
1039.64,2026-08-15T15:09:27.080,33.6517662,-117.3029341,-44.3171,-117.873,19.938,-0.15,0.936,28.96,1.02728,1
1039.68,2026-08-15T15:09:27.120,33.6517682,-117.3029424,-45.0853,-117.65,19.9246,-0.134,0.978,29.15,1.03332,1
1039.72,2026-08-15T15:09:27.160,33.6517699,-117.3029506,-45.8443,-117.461,19.929,-0.101,1.013,29.02,1.02895,1
1039.76,2026-08-15T15:09:27.200,33.6517715,-117.3029590,-46.6218,-117.283,19.9603,-0.064,1.039,28.58,1.01494,1
1039.8,2026-08-15T15:09:27.240,33.6517731,-117.3029674,-47.3993,-117.106,19.9827,-0.026,1.043,27.94,0.993319,1
1039.84,2026-08-15T15:09:27.280,33.6517745,-117.3029759,-48.1861,-116.95,19.9335,-0.001,1.028,27.23,0.965695,1
1039.88,2026-08-15T15:09:27.320,33.6517758,-117.3029844,-48.9728,-116.805,19.9112,0.019,0.999,26.57,0.941232,1
1039.92,2026-08-15T15:09:27.360,33.6517770,-117.3029928,-49.7503,-116.672,19.9022,0.043,0.974,25.96,0.91921,1
1039.96,2026-08-15T15:09:27.400,33.6517781,-117.3030013,-50.5371,-116.55,19.8978,0.07,0.964,25.34,0.897055,1
1040,2026-08-15T15:09:27.440,33.6517789,-117.3030097,-51.3146,-116.461,19.9872,0.091,0.981,24.55,0.872993,1
1040.04,2026-08-15T15:09:27.480,33.6517797,-117.3030184,-52.1199,-116.372,20.0676,0.111,1.005,23.67,0.845089,1
1040.08,2026-08-15T15:09:27.520,33.6517802,-117.3030270,-52.9159,-116.316,20.0632,0.126,1.026,22.77,0.812776,1
1040.12,2026-08-15T15:09:27.560,33.6517807,-117.3030357,-53.7211,-116.26,20.1034,0.134,1.026,21.99,0.786507,1
1040.16,2026-08-15T15:09:27.600,33.6517810,-117.3030443,-54.5172,-116.227,20.1123,0.147,0.999,21.38,0.76503,1
1040.2,2026-08-15T15:09:27.640,33.6517813,-117.3030531,-55.3317,-116.194,20.2241,0.174,0.951,21.06,0.757767,1
1040.24,2026-08-15T15:09:27.680,33.6517815,-117.3030619,-56.1462,-116.172,20.3627,0.206,0.91,20.93,0.75825,1
1040.28,2026-08-15T15:09:27.720,33.6517815,-117.3030707,-56.9607,-116.172,20.4878,0.241,0.887,20.91,0.762182,1
1040.32,2026-08-15T15:09:27.760,33.6517815,-117.3030796,-57.7845,-116.172,20.613,0.274,0.887,20.91,0.766838,1
1040.36,2026-08-15T15:09:27.800,33.6517813,-117.3030886,-58.6176,-116.194,20.7427,0.299,0.904,20.83,0.768709,1
1040.4,2026-08-15T15:09:27.840,33.6517809,-117.3030976,-59.4506,-116.238,20.841,0.312,0.916,20.67,0.766421,1
1040.44,2026-08-15T15:09:27.880,33.6517804,-117.3031066,-60.2836,-116.294,20.9438,0.318,0.915,20.42,0.760887,1
1040.48,2026-08-15T15:09:27.920,33.6517798,-117.3031157,-61.1259,-116.361,21.0466,0.307,0.911,20,0.748895,1
1040.52,2026-08-15T15:09:27.960,33.6517791,-117.3031248,-61.9682,-116.438,21.1852,0.274,0.911,19.21,0.72405,1
1040.56,2026-08-15T15:09:28.000,33.6517782,-117.3031339,-62.8105,-116.538,21.221,0.211,0.92,18.11,0.683742,1
1040.6,2026-08-15T15:09:28.040,33.6517773,-117.3031430,-63.6528,-116.639,21.1584,0.117,0.928,16.76,0.630907,1
1040.64,2026-08-15T15:09:28.080,33.6517762,-117.3031519,-64.4766,-116.761,21.0243,0.01,0.921,15.25,0.570426,1
1040.68,2026-08-15T15:09:28.120,33.6517750,-117.3031608,-65.3004,-116.894,20.8589,-0.094,0.879,13.69,0.508046,1
1040.72,2026-08-15T15:09:28.160,33.6517738,-117.3031695,-66.1057,-117.028,20.6801,-0.184,0.798,11.99,0.441143,1
1040.76,2026-08-15T15:09:28.200,33.6517726,-117.3031783,-66.9202,-117.161,20.613,-0.239,0.667,9.4,0.344729,1
1040.8,2026-08-15T15:09:28.240,33.6517713,-117.3031870,-67.7254,-117.306,20.5907,-0.263,0.506,5.72,0.209544,1
1040.84,2026-08-15T15:09:28.280,33.6517701,-117.3031957,-68.5307,-117.439,20.5683,-0.272,0.319,0.81,0.0296409,1
1040.88,2026-08-15T15:09:28.320,33.6517689,-117.3032045,-69.3452,-117.573,20.4744,-0.264,0.092,-5.45,-0.198526,1
1040.92,2026-08-15T15:09:28.360,33.6517679,-117.3032131,-70.1413,-117.684,20.385,-0.252,-0.143,-12.05,-0.437025,1
1040.96,2026-08-15T15:09:28.400,33.6517668,-117.3032218,-70.9465,-117.806,20.2956,-0.242,-0.373,-18.01,-0.650316,1
1041,2026-08-15T15:09:28.440,33.6517661,-117.3032304,-71.7425,-117.884,20.242,-0.23,-0.589,-22.85,-0.822901,1
1041.04,2026-08-15T15:09:28.480,33.6517653,-117.3032391,-72.5478,-117.973,20.2062,-0.221,-0.756,-26.31,-0.945832,1
1041.08,2026-08-15T15:09:28.520,33.6517649,-117.3032478,-73.3531,-118.017,20.1481,-0.212,-0.856,-28.14,-1.00871,1
1041.12,2026-08-15T15:09:28.560,33.6517644,-117.3032564,-74.1491,-118.073,20.1079,-0.207,-0.913,-28.96,-1.03603,1
1041.16,2026-08-15T15:09:28.600,33.6517640,-117.3032650,-74.9451,-118.117,20.0542,-0.209,-0.917,-29.19,-1.04147,1
1041.2,2026-08-15T15:09:28.640,33.6517638,-117.3032737,-75.7504,-118.14,19.9425,-0.218,-0.903,-29.27,-1.03851,1
1041.24,2026-08-15T15:09:28.680,33.6517636,-117.3032823,-76.5464,-118.162,19.8173,-0.231,-0.896,-29.45,-1.03834,1
1041.28,2026-08-15T15:09:28.720,33.6517636,-117.3032907,-77.3239,-118.162,19.6832,-0.239,-0.887,-29.83,-1.04462,1
1041.32,2026-08-15T15:09:28.760,33.6517638,-117.3032992,-78.1107,-118.14,19.5893,-0.23,-0.894,-30.3,-1.05601,1
1041.36,2026-08-15T15:09:28.800,33.6517641,-117.3033076,-78.8882,-118.106,19.5535,-0.214,-0.932,-30.67,-1.06696,1
1041.4,2026-08-15T15:09:28.840,33.6517644,-117.3033160,-79.6657,-118.073,19.5356,-0.196,-0.979,-30.78,-1.06981,1
1041.44,2026-08-15T15:09:28.880,33.6517649,-117.3033244,-80.4432,-118.017,19.5267,-0.179,-1.018,-30.57,-1.06202,1
1041.48,2026-08-15T15:09:28.920,33.6517656,-117.3033327,-81.2114,-117.94,19.4418,-0.175,-1.04,-30.23,-1.04564,1
1041.52,2026-08-15T15:09:28.960,33.6517664,-117.3033409,-81.9704,-117.851,19.3255,-0.183,-1.014,-29.94,-1.02942,1
1041.56,2026-08-15T15:09:29.000,33.6517673,-117.3033491,-82.7294,-117.751,19.2227,-0.191,-0.965,-29.75,-1.01744,1
1041.6,2026-08-15T15:09:29.040,33.6517683,-117.3033573,-83.4884,-117.639,19.1378,-0.198,-0.925,-29.76,-1.01329,1
1041.64,2026-08-15T15:09:29.080,33.6517694,-117.3033654,-84.2381,-117.517,19.0752,-0.201,-0.913,-29.9,-1.01473,1
1041.68,2026-08-15T15:09:29.120,33.6517706,-117.3033734,-84.9786,-117.384,19.0037,-0.2,-0.925,-30.07,-1.01667,1
1041.72,2026-08-15T15:09:29.160,33.6517720,-117.3033814,-85.7191,-117.228,18.9321,-0.198,-0.953,-30.26,-1.01924,1
1041.76,2026-08-15T15:09:29.200,33.6517736,-117.3033892,-86.441,-117.05,18.8293,-0.196,-0.96,-30.52,-1.02242,1
1041.8,2026-08-15T15:09:29.240,33.6517752,-117.3033971,-87.1723,-116.872,18.7712,-0.191,-0.936,-30.84,-1.02995,1
1041.84,2026-08-15T15:09:29.280,33.6517768,-117.3034049,-87.8942,-116.694,18.6997,-0.183,-0.897,-31.19,-1.03767,1
1041.88,2026-08-15T15:09:29.320,33.6517786,-117.3034126,-88.6069,-116.494,18.6594,-0.174,-0.869,-31.57,-1.04805,1
1041.92,2026-08-15T15:09:29.360,33.6517804,-117.3034203,-89.3197,-116.294,18.5879,-0.165,-0.869,-31.96,-1.05693,1
1041.96,2026-08-15T15:09:29.400,33.6517824,-117.3034279,-90.0231,-116.071,18.5164,-0.158,-0.899,-32.35,-1.06571,1
1042,2026-08-15T15:09:29.440,33.6517845,-117.3034354,-90.7173,-115.838,18.4046,-0.152,-0.938,-32.78,-1.07336,1
1042.04,2026-08-15T15:09:29.480,33.6517868,-117.3034428,-91.4023,-115.582,18.3421,-0.145,-0.967,-33.22,-1.08407,1
1042.08,2026-08-15T15:09:29.520,33.6517891,-117.3034501,-92.0779,-115.326,18.2571,-0.138,-0.972,-33.61,-1.09171,1
1042.12,2026-08-15T15:09:29.560,33.6517916,-117.3034573,-92.7444,-115.048,18.2079,-0.13,-0.95,-33.89,-1.09784,1
1042.16,2026-08-15T15:09:29.600,33.6517940,-117.3034646,-93.4201,-114.782,18.1543,-0.125,-0.915,-34,-1.09816,1
1042.2,2026-08-15T15:09:29.640,33.6517966,-117.3034717,-94.0772,-114.492,18.0381,-0.125,-0.882,-33.89,-1.0876,1
1042.24,2026-08-15T15:09:29.680,33.6517992,-117.3034787,-94.7252,-114.203,17.971,-0.127,-0.853,-33.61,-1.07461,1
1042.28,2026-08-15T15:09:29.720,33.6518020,-117.3034856,-95.3638,-113.892,17.895,-0.118,-0.833,-33.21,-1.05733,1
1042.32,2026-08-15T15:09:29.760,33.6518048,-117.3034924,-95.9932,-113.581,17.7743,-0.099,-0.838,-32.67,-1.03312,1
1042.36,2026-08-15T15:09:29.800,33.6518078,-117.3034992,-96.6226,-113.247,17.7475,-0.065,-0.864,-32,-1.0104,1
1042.4,2026-08-15T15:09:29.840,33.6518109,-117.3035059,-97.2428,-112.902,17.7385,-0.018,-0.912,-31.12,-0.982123,1
1042.44,2026-08-15T15:09:29.880,33.6518141,-117.3035124,-97.8444,-112.547,17.7877,0.025,-0.969,-29.83,-0.944022,1
1042.48,2026-08-15T15:09:29.920,33.6518174,-117.3035189,-98.4461,-112.18,17.7743,0.069,-0.999,-28.19,-0.891448,1
1042.52,2026-08-15T15:09:29.960,33.6518209,-117.3035253,-99.0384,-111.79,17.752,0.105,-0.979,-26.09,-0.824003,1
1042.56,2026-08-15T15:09:30.000,33.6518244,-117.3035317,-99.6308,-111.401,17.7743,0.134,-0.927,-23.73,-0.75041,1
1042.6,2026-08-15T15:09:30.040,33.6518281,-117.3035382,-100.232,-110.99,17.8592,0.155,-0.879,-21.06,-0.66916,1
1042.64,2026-08-15T15:09:30.080,33.6518317,-117.3035445,-100.816,-110.59,17.9218,0.167,-0.851,-18.5,-0.589878,1
1042.68,2026-08-15T15:09:30.120,33.6518356,-117.3035509,-101.408,-110.156,17.9263,0.171,-0.874,-15.81,-0.504233,1
1042.72,2026-08-15T15:09:30.160,33.6518396,-117.3035569,-101.963,-109.711,17.9263,0.176,-0.932,-12.86,-0.410148,1
1042.76,2026-08-15T15:09:30.200,33.6518438,-117.3035628,-102.509,-109.244,17.895,0.186,-0.979,-9.74,-0.310098,1
1042.8,2026-08-15T15:09:30.240,33.6518481,-117.3035687,-103.056,-108.766,18.0023,0.21,-0.982,-6.54,-0.209466,1
1042.84,2026-08-15T15:09:30.280,33.6518524,-117.3035746,-103.602,-108.288,18.1319,0.256,-0.944,-2.93,-0.0945193,1
1042.88,2026-08-15T15:09:30.320,33.6518568,-117.3035805,-104.148,-107.799,18.3018,0.307,-0.883,0.72,0.0234442,1
1042.92,2026-08-15T15:09:30.360,33.6518614,-117.3035865,-104.703,-107.287,18.5298,0.35,-0.809,4.08,0.134505,1
1042.96,2026-08-15T15:09:30.400,33.6518660,-117.3035925,-105.258,-106.776,18.7444,0.372,-0.721,7.01,0.233775,1
1043,2026-08-15T15:09:30.440,33.6518708,-117.3035985,-105.814,-106.242,18.8874,0.362,-0.607,9.11,0.306126,1
1043.04,2026-08-15T15:09:30.480,33.6518755,-117.3036043,-106.351,-105.719,18.959,0.313,-0.453,10.16,0.342702,1
1043.08,2026-08-15T15:09:30.520,33.6518803,-117.3036102,-106.897,-105.185,18.95,0.235,-0.248,10.37,0.349621,1
1043.12,2026-08-15T15:09:30.560,33.6518848,-117.3036162,-107.452,-104.685,18.8874,0.124,-0.006,9.96,0.334689,1
1043.16,2026-08-15T15:09:30.600,33.6518894,-117.3036223,-108.017,-104.174,18.8427,0.009,0.221,9.21,0.308754,1
1043.2,2026-08-15T15:09:30.640,33.6518938,-117.3036284,-108.581,-103.684,18.7489,-0.1,0.398,8.29,0.276527,1
1043.24,2026-08-15T15:09:30.680,33.6518980,-117.3036345,-109.146,-103.217,18.6103,-0.185,0.483,7.25,0.240049,1
1043.28,2026-08-15T15:09:30.720,33.6519023,-117.3036406,-109.711,-102.739,18.5075,-0.227,0.454,6.13,0.201844,1
1043.32,2026-08-15T15:09:30.760,33.6519066,-117.3036467,-110.275,-102.261,18.4583,-0.235,0.36,5.3,0.174051,1
1043.36,2026-08-15T15:09:30.800,33.6519110,-117.3036527,-110.831,-101.772,18.4851,-0.223,0.271,5.19,0.170686,1
1043.4,2026-08-15T15:09:30.840,33.6519155,-117.3036587,-111.386,-101.271,18.4717,-0.202,0.254,6.44,0.211642,1
1043.44,2026-08-15T15:09:30.880,33.6519196,-117.3036648,-111.951,-100.816,18.4404,-0.185,0.316,8.92,0.292647,1
1043.48,2026-08-15T15:09:30.920,33.6519236,-117.3036711,-112.534,-100.371,18.3733,-0.183,0.428,12.36,0.404031,1
1043.52,2026-08-15T15:09:30.960,33.6519275,-117.3036775,-113.126,-99.9371,18.2973,-0.181,0.541,16.43,0.534853,1
1043.56,2026-08-15T15:09:31.000,33.6519315,-117.3036838,-113.709,-99.4923,18.2303,-0.181,0.634,20.43,0.662629,1
1043.6,2026-08-15T15:09:31.040,33.6519352,-117.3036902,-114.302,-99.0809,18.1722,-0.179,0.702,23.8,0.769471,1
1043.64,2026-08-15T15:09:31.080,33.6519389,-117.3036964,-114.875,-98.6695,18.0962,-0.174,0.768,26.6,0.8564,1
1043.68,2026-08-15T15:09:31.120,33.6519425,-117.3037029,-115.477,-98.2692,18.0112,-0.17,0.833,28.87,0.925122,1
1043.72,2026-08-15T15:09:31.160,33.6519459,-117.3037094,-116.079,-97.8911,17.9129,-0.163,0.885,30.46,0.970742,1
1043.76,2026-08-15T15:09:31.200,33.6519491,-117.3037161,-116.699,-97.5353,17.8369,-0.154,0.912,31.55,1.00121,1
1043.8,2026-08-15T15:09:31.240,33.6519522,-117.3037227,-117.31,-97.1906,17.8056,-0.145,0.908,32.2,1.02005,1
1043.84,2026-08-15T15:09:31.280,33.6519553,-117.3037294,-117.93,-96.8459,17.7967,-0.128,0.904,32.44,1.02714,1
1043.88,2026-08-15T15:09:31.320,33.6519584,-117.3037363,-118.569,-96.5012,17.7296,-0.109,0.917,32.42,1.02263,1
1043.92,2026-08-15T15:09:31.360,33.6519612,-117.3037431,-119.198,-96.1898,17.667,-0.091,0.926,32.35,1.01682,1
1043.96,2026-08-15T15:09:31.400,33.6519639,-117.3037500,-119.837,-95.8896,17.6491,-0.062,0.93,32.23,1.01203,1
1044,2026-08-15T15:09:31.440,33.6519665,-117.3037570,-120.485,-95.6005,17.6894,-0.03,0.924,32.03,1.00804,1
1044.04,2026-08-15T15:09:31.480,33.6519691,-117.3037640,-121.132,-95.3114,17.7296,0.003,0.907,31.72,1.00055,1
1044.08,2026-08-15T15:09:31.520,33.6519715,-117.3037711,-121.79,-95.0445,17.752,0.043,0.901,31.12,0.982866,1
1044.12,2026-08-15T15:09:31.560,33.6519739,-117.3037782,-122.447,-94.7776,17.7967,0.076,0.926,30.1,0.953045,1
1044.16,2026-08-15T15:09:31.600,33.6519759,-117.3037855,-123.123,-94.5552,17.8414,0.093,0.952,28.81,0.914492,1
1044.2,2026-08-15T15:09:31.640,33.6519780,-117.3037929,-123.807,-94.3217,17.8771,0.109,0.968,27.35,0.869888,1
1044.24,2026-08-15T15:09:31.680,33.6519799,-117.3038003,-124.492,-94.1105,17.9218,0.119,0.971,25.77,0.821685,1
1044.28,2026-08-15T15:09:31.720,33.6519818,-117.3038076,-125.168,-93.8992,17.9621,0.129,0.953,24.23,0.774316,1
1044.32,2026-08-15T15:09:31.760,33.6519836,-117.3038152,-125.872,-93.699,18.0247,0.153,0.923,22.73,0.728911,1
1044.36,2026-08-15T15:09:31.800,33.6519852,-117.3038228,-126.575,-93.5211,18.1185,0.193,0.892,21.11,0.680487,1
1044.4,2026-08-15T15:09:31.840,33.6519868,-117.3038305,-127.288,-93.3432,18.2303,0.238,0.863,19.52,0.633114,1
1044.44,2026-08-15T15:09:31.880,33.6519881,-117.3038383,-128.01,-93.1987,18.3868,0.283,0.829,18.04,0.590133,1
1044.48,2026-08-15T15:09:31.920,33.6519896,-117.3038462,-128.741,-93.0319,18.6013,0.32,0.793,16.75,0.554329,1
1044.52,2026-08-15T15:09:31.960,33.6519909,-117.3038542,-129.481,-92.8873,18.7489,0.344,0.752,15.83,0.528037,1
1044.56,2026-08-15T15:09:32.000,33.6519922,-117.3038622,-130.222,-92.7428,18.8874,0.362,0.705,15.43,0.518498,1
1044.6,2026-08-15T15:09:32.040,33.6519933,-117.3038703,-130.972,-92.6205,19.0081,0.373,0.653,15.49,0.523841,1
1044.64,2026-08-15T15:09:32.080,33.6519944,-117.3038785,-131.731,-92.4981,19.1557,0.387,0.609,16,0.545288,1
1044.68,2026-08-15T15:09:32.120,33.6519953,-117.3038868,-132.499,-92.3981,19.339,0.409,0.572,16.76,0.576654,1
1044.72,2026-08-15T15:09:32.160,33.6519964,-117.3038952,-133.276,-92.2758,19.5267,0.433,0.553,17.51,0.608308,1
1044.76,2026-08-15T15:09:32.200,33.6519972,-117.3039037,-134.063,-92.1868,19.7189,0.451,0.549,18.13,0.636048,1
1044.8,2026-08-15T15:09:32.240,33.6519981,-117.3039122,-134.85,-92.0867,19.938,0.465,0.558,18.49,0.655883,1
1044.84,2026-08-15T15:09:32.280,33.6519989,-117.3039210,-135.664,-91.9978,20.1213,0.471,0.578,18.5,0.662271,1
1044.88,2026-08-15T15:09:32.320,33.6519996,-117.3039298,-136.479,-91.9199,20.309,0.464,0.603,18.23,0.658695,1
1044.92,2026-08-15T15:09:32.360,33.6520001,-117.3039386,-137.293,-91.8643,20.4566,0.443,0.621,17.55,0.638731,1
1044.96,2026-08-15T15:09:32.400,33.6520006,-117.3039475,-138.117,-91.8087,20.5951,0.401,0.633,16.42,0.601653,1
1045,2026-08-15T15:09:32.440,33.6520010,-117.3039565,-138.95,-91.7643,20.6845,0.341,0.63,14.69,0.5406,1
1045.04,2026-08-15T15:09:32.480,33.6520013,-117.3039654,-139.774,-91.7309,20.7248,0.244,0.603,12.28,0.45279,1
1045.08,2026-08-15T15:09:32.520,33.6520016,-117.3039742,-140.589,-91.6975,20.698,0.11,0.53,9.05,0.333261,1
1045.12,2026-08-15T15:09:32.560,33.6520019,-117.3039831,-141.412,-91.6642,20.5907,-0.037,0.418,5.55,0.203316,1
1045.16,2026-08-15T15:09:32.600,33.6520021,-117.3039919,-142.227,-91.6419,20.4118,-0.187,0.278,2.07,0.0751728,1
1045.2,2026-08-15T15:09:32.640,33.6520026,-117.3040005,-143.023,-91.5863,20.2151,-0.316,0.125,-1,-0.0359654,1
1045.24,2026-08-15T15:09:32.680,33.6520029,-117.3040091,-143.819,-91.553,20.0006,-0.408,-0.028,-3.56,-0.126678,1
1045.28,2026-08-15T15:09:32.720,33.6520033,-117.3040176,-144.606,-91.5085,19.8665,-0.46,-0.146,-5.36,-0.18945,1
1045.32,2026-08-15T15:09:32.760,33.6520038,-117.3040259,-145.374,-91.4529,19.7234,-0.488,-0.227,-6.66,-0.233703,1
1045.36,2026-08-15T15:09:32.800,33.6520044,-117.3040344,-146.161,-91.3862,19.5714,-0.495,-0.269,-7.6,-0.264633,1
1045.4,2026-08-15T15:09:32.840,33.6520049,-117.3040426,-146.92,-91.3306,19.3926,-0.493,-0.285,-8.34,-0.287747,1
1045.44,2026-08-15T15:09:32.880,33.6520054,-117.3040508,-147.679,-91.275,19.2138,-0.486,-0.298,-8.96,-0.306287,1
1045.48,2026-08-15T15:09:32.920,33.6520060,-117.3040590,-148.438,-91.2083,19.0797,-0.473,-0.327,-9.61,-0.326214,1
1045.52,2026-08-15T15:09:32.960,33.6520067,-117.3040671,-149.187,-91.1304,18.9009,-0.456,-0.364,-10.33,-0.347368,1
1045.56,2026-08-15T15:09:33.000,33.6520074,-117.3040751,-149.928,-91.0526,18.7802,-0.436,-0.398,-11.16,-0.372882,1
1045.6,2026-08-15T15:09:33.040,33.6520081,-117.3040830,-150.659,-90.9748,18.6505,-0.419,-0.429,-12.04,-0.399508,1
1045.64,2026-08-15T15:09:33.080,33.6520091,-117.3040909,-151.39,-90.8636,18.5209,-0.403,-0.463,-13.07,-0.430671,1
1045.68,2026-08-15T15:09:33.120,33.6520099,-117.3040987,-152.112,-90.7746,18.3733,-0.39,-0.487,-14.16,-0.462871,1
1045.72,2026-08-15T15:09:33.160,33.6520109,-117.3041065,-152.834,-90.6634,18.2884,-0.38,-0.501,-15.25,-0.496197,1
1045.76,2026-08-15T15:09:33.200,33.6520120,-117.3041141,-153.538,-90.5411,18.1722,-0.374,-0.516,-16.39,-0.5299,1
1045.8,2026-08-15T15:09:33.240,33.6520130,-117.3041218,-154.25,-90.4299,18.0694,-0.366,-0.54,-17.58,-0.565158,1
1045.84,2026-08-15T15:09:33.280,33.6520142,-117.3041293,-154.945,-90.2965,17.9352,-0.353,-0.576,-18.7,-0.596702,1
1045.88,2026-08-15T15:09:33.320,33.6520154,-117.3041369,-155.648,-90.163,17.828,-0.331,-0.633,-19.72,-0.625485,1
1045.92,2026-08-15T15:09:33.360,33.6520169,-117.3041443,-156.333,-89.9963,17.7475,-0.295,-0.69,-20.53,-0.648238,1
1045.96,2026-08-15T15:09:33.400,33.6520184,-117.3041517,-157.018,-89.8295,17.743,-0.254,-0.727,-21.03,-0.663858,1
1046,2026-08-15T15:09:33.440,33.6520201,-117.3041591,-157.703,-89.6404,17.7073,-0.217,-0.743,-21.26,-0.669766,1
1046.04,2026-08-15T15:09:33.480,33.6520218,-117.3041664,-158.379,-89.4514,17.6715,-0.194,-0.741,-21.28,-0.669042,1
1046.08,2026-08-15T15:09:33.520,33.6520235,-117.3041737,-159.054,-89.2624,17.6,-0.185,-0.732,-21.29,-0.666647,1
1046.12,2026-08-15T15:09:33.560,33.6520253,-117.3041809,-159.721,-89.0622,17.515,-0.187,-0.725,-21.41,-0.667169,1
1046.16,2026-08-15T15:09:33.600,33.6520272,-117.3041880,-160.378,-88.8509,17.4301,-0.195,-0.731,-21.71,-0.673237,1
1046.2,2026-08-15T15:09:33.640,33.6520292,-117.3041951,-161.035,-88.6286,17.372,-0.2,-0.746,-22.22,-0.686755,1
1046.24,2026-08-15T15:09:33.680,33.6520313,-117.3042021,-161.683,-88.3951,17.3496,-0.197,-0.76,-22.78,-0.703157,1
1046.28,2026-08-15T15:09:33.720,33.6520335,-117.3042091,-162.331,-88.1504,17.2781,-0.194,-0.768,-23.26,-0.715013,1
1046.32,2026-08-15T15:09:33.760,33.6520359,-117.3042159,-162.96,-87.8836,17.2423,-0.189,-0.765,-23.6,-0.723963,1
1046.36,2026-08-15T15:09:33.800,33.6520382,-117.3042227,-163.59,-87.6278,17.1976,-0.185,-0.748,-23.76,-0.726982,1
1046.4,2026-08-15T15:09:33.840,33.6520407,-117.3042295,-164.219,-87.3498,17.1261,-0.187,-0.719,-23.8,-0.725177,1
1046.44,2026-08-15T15:09:33.880,33.6520432,-117.3042362,-164.839,-87.0718,17.0412,-0.194,-0.693,-23.87,-0.723702,1
1046.48,2026-08-15T15:09:33.920,33.6520457,-117.3042428,-165.45,-86.7938,16.9607,-0.206,-0.686,-24.16,-0.729036,1
1046.52,2026-08-15T15:09:33.960,33.6520483,-117.3042493,-166.052,-86.5047,16.8713,-0.223,-0.707,-24.77,-0.743503,1
1046.56,2026-08-15T15:09:34.000,33.6520510,-117.3042558,-166.653,-86.2045,16.7953,-0.242,-0.751,-25.62,-0.765553,1
1046.6,2026-08-15T15:09:34.040,33.6520538,-117.3042621,-167.237,-85.8932,16.6925,-0.26,-0.801,-26.61,-0.790267,1
1046.64,2026-08-15T15:09:34.080,33.6520567,-117.3042683,-167.81,-85.5707,16.6254,-0.277,-0.843,-27.58,-0.815784,1
1046.68,2026-08-15T15:09:34.120,33.6520597,-117.3042744,-168.375,-85.2371,16.5002,-0.297,-0.864,-28.44,-0.834888,1
1046.72,2026-08-15T15:09:34.160,33.6520627,-117.3042804,-168.93,-84.9035,16.3661,-0.318,-0.864,-29.11,-0.847611,1
1046.76,2026-08-15T15:09:34.200,33.6520658,-117.3042862,-169.467,-84.5588,16.241,-0.341,-0.86,-29.71,-0.858465,1
1046.8,2026-08-15T15:09:34.240,33.6520691,-117.3042919,-169.995,-84.1919,16.0756,-0.362,-0.862,-30.25,-0.865167,1
1046.84,2026-08-15T15:09:34.280,33.6520723,-117.3042975,-170.513,-83.8361,15.9236,-0.375,-0.878,-30.77,-0.871718,1
1046.88,2026-08-15T15:09:34.320,33.6520757,-117.3043029,-171.013,-83.458,15.7582,-0.37,-0.895,-31.19,-0.874438,1
1046.92,2026-08-15T15:09:34.360,33.6520791,-117.3043082,-171.504,-83.0799,15.6106,-0.353,-0.894,-31.43,-0.872918,1
1046.96,2026-08-15T15:09:34.400,33.6520826,-117.3043134,-171.985,-82.6908,15.5928,-0.329,-0.87,-31.41,-0.871363,1
1047,2026-08-15T15:09:34.440,33.6520862,-117.3043186,-172.466,-82.2904,15.5838,-0.304,-0.846,-31.1,-0.862268,1
1047.04,2026-08-15T15:09:34.480,33.6520898,-117.3043236,-172.929,-81.8901,15.4899,-0.29,-0.826,-30.51,-0.840814,1
1047.08,2026-08-15T15:09:34.520,33.6520935,-117.3043286,-173.392,-81.4787,15.405,-0.289,-0.814,-29.83,-0.817567,1
1047.12,2026-08-15T15:09:34.560,33.6520972,-117.3043333,-173.827,-81.0673,15.2619,-0.293,-0.802,-29.14,-0.791239,1
1047.16,2026-08-15T15:09:34.600,33.6521010,-117.3043380,-174.262,-80.6448,15.1055,-0.299,-0.781,-28.51,-0.766196,1
1047.2,2026-08-15T15:09:34.640,33.6521047,-117.3043425,-174.678,-80.2333,14.9803,-0.292,-0.759,-27.88,-0.743057,1
1047.24,2026-08-15T15:09:34.680,33.6521086,-117.3043470,-175.095,-79.7997,14.8909,-0.275,-0.755,-27.23,-0.721401,1
1047.28,2026-08-15T15:09:34.720,33.6521125,-117.3043514,-175.502,-79.366,14.8909,-0.251,-0.772,-26.52,-0.702592,1
1047.32,2026-08-15T15:09:34.760,33.6521166,-117.3043556,-175.891,-78.9101,14.882,-0.231,-0.816,-25.76,-0.682047,1
1047.36,2026-08-15T15:09:34.800,33.6521207,-117.3043597,-176.27,-78.4542,14.806,-0.216,-0.877,-25.1,-0.661179,1
1047.4,2026-08-15T15:09:34.840,33.6521248,-117.3043636,-176.631,-77.9983,14.6719,-0.218,-0.924,-24.69,-0.644487,1
1047.44,2026-08-15T15:09:34.880,33.6521290,-117.3043674,-176.983,-77.5313,14.5556,-0.233,-0.937,-24.71,-0.6399,1
1047.48,2026-08-15T15:09:34.920,33.6521332,-117.3043710,-177.316,-77.0643,14.4573,-0.253,-0.909,-25.17,-0.647408,1
1047.52,2026-08-15T15:09:34.960,33.6521375,-117.3043745,-177.64,-76.5861,14.3366,-0.267,-0.857,-26.09,-0.665469,1
1047.56,2026-08-15T15:09:35.000,33.6521417,-117.3043780,-177.964,-76.1191,14.265,-0.276,-0.818,-27.18,-0.689812,1
1047.6,2026-08-15T15:09:35.040,33.6521460,-117.3043813,-178.27,-75.641,14.2069,-0.275,-0.816,-28.23,-0.713542,1
1047.64,2026-08-15T15:09:35.080,33.6521503,-117.3043845,-178.566,-75.1629,14.0907,-0.27,-0.844,-29.04,-0.72801,1
1047.68,2026-08-15T15:09:35.120,33.6521546,-117.3043875,-178.844,-74.6847,14.0371,-0.268,-0.872,-29.63,-0.739973,1
1047.72,2026-08-15T15:09:35.160,33.6521592,-117.3043903,-179.103,-74.1732,13.9566,-0.269,-0.876,-30.04,-0.745912,1
1047.76,2026-08-15T15:09:35.200,33.6521636,-117.3043930,-179.353,-73.684,13.9119,-0.273,-0.852,-30.44,-0.753423,1
1047.8,2026-08-15T15:09:35.240,33.6521681,-117.3043957,-179.603,-73.1836,13.8493,-0.279,-0.82,-30.88,-0.760875,1
1047.84,2026-08-15T15:09:35.280,33.6521725,-117.3043983,-179.843,-72.6943,13.742,-0.283,-0.805,-31.36,-0.766716,1
1047.88,2026-08-15T15:09:35.320,33.6521770,-117.3044007,-180.065,-72.1939,13.6258,-0.291,-0.824,-31.87,-0.772595,1
1047.92,2026-08-15T15:09:35.360,33.6521815,-117.3044028,-180.26,-71.6936,13.4961,-0.299,-0.853,-32.35,-0.776769,1
1047.96,2026-08-15T15:09:35.400,33.6521860,-117.3044048,-180.445,-71.1932,13.3844,-0.302,-0.87,-32.8,-0.781053,1
1048,2026-08-15T15:09:35.440,33.6521905,-117.3044066,-180.611,-70.6928,13.3263,-0.298,-0.86,-33.19,-0.786908,1
1048.04,2026-08-15T15:09:35.480,33.6521951,-117.3044084,-180.778,-70.1813,13.2592,-0.286,-0.829,-33.46,-0.789318,1
1048.08,2026-08-15T15:09:35.520,33.6521996,-117.3044101,-180.935,-69.6809,13.2011,-0.267,-0.8,-33.51,-0.787032,1
1048.12,2026-08-15T15:09:35.560,33.6522042,-117.3044117,-181.083,-69.1694,13.1787,-0.257,-0.795,-33.37,-0.782417,1
1048.16,2026-08-15T15:09:35.600,33.6522087,-117.3044132,-181.222,-68.6691,13.1162,-0.259,-0.815,-33.15,-0.773568,1
1048.2,2026-08-15T15:09:35.640,33.6522133,-117.3044144,-181.333,-68.1576,12.991,-0.276,-0.842,-33.04,-0.763643,1
1048.24,2026-08-15T15:09:35.680,33.6522178,-117.3044154,-181.426,-67.6572,12.8837,-0.295,-0.853,-33.22,-0.761462,1
1048.28,2026-08-15T15:09:35.720,33.6522224,-117.3044162,-181.5,-67.1457,12.7809,-0.307,-0.84,-33.73,-0.766982,1
1048.32,2026-08-15T15:09:35.760,33.6522270,-117.3044170,-181.574,-66.6342,12.6781,-0.296,-0.814,-34.46,-0.777278,1
1048.36,2026-08-15T15:09:35.800,33.6522315,-117.3044178,-181.648,-66.1338,12.6244,-0.268,-0.798,-35.1,-0.788364,1
1048.4,2026-08-15T15:09:35.840,33.6522360,-117.3044184,-181.704,-65.6334,12.5574,-0.23,-0.8,-35.39,-0.790655,1
1048.44,2026-08-15T15:09:35.880,33.6522404,-117.3044187,-181.731,-65.1442,12.5618,-0.194,-0.826,-35.24,-0.787584,1
1048.48,2026-08-15T15:09:35.920,33.6522450,-117.3044190,-181.759,-64.6327,12.5126,-0.177,-0.865,-34.7,-0.77248,1
1048.52,2026-08-15T15:09:35.960,33.6522495,-117.3044192,-181.778,-64.1323,12.4277,-0.181,-0.901,-34.03,-0.752422,1
1048.56,2026-08-15T15:09:36.000,33.6522540,-117.3044191,-181.768,-63.6319,12.3562,-0.196,-0.916,-33.52,-0.73688,1
1048.6,2026-08-15T15:09:36.040,33.6522585,-117.3044189,-181.75,-63.1316,12.307,-0.216,-0.902,-33.35,-0.730225,1
1048.64,2026-08-15T15:09:36.080,33.6522628,-117.3044186,-181.722,-62.6534,12.24,-0.221,-0.861,-33.65,-0.732779,1
1048.68,2026-08-15T15:09:36.120,33.6522673,-117.3044181,-181.676,-62.153,12.2221,-0.203,-0.819,-34.19,-0.743451,1
1048.72,2026-08-15T15:09:36.160,33.6522717,-117.3044176,-181.63,-61.6638,12.2087,-0.163,-0.796,-34.71,-0.75393,1
1048.76,2026-08-15T15:09:36.200,33.6522762,-117.3044171,-181.583,-61.1634,12.2489,-0.106,-0.812,-34.89,-0.760337,1
1048.8,2026-08-15T15:09:36.240,33.6522805,-117.3044163,-181.509,-60.6853,12.3428,-0.05,-0.852,-34.64,-0.760675,1
1048.84,2026-08-15T15:09:36.280,33.6522851,-117.3044153,-181.417,-60.1738,12.4188,-0.011,-0.901,-33.97,-0.750555,1
1048.88,2026-08-15T15:09:36.320,33.6522895,-117.3044141,-181.306,-59.6845,12.4948,0.009,-0.919,-33.12,-0.736253,1
1048.92,2026-08-15T15:09:36.360,33.6522938,-117.3044127,-181.176,-59.2064,12.5126,0.018,-0.901,-32.34,-0.719942,1
1048.96,2026-08-15T15:09:36.400,33.6522982,-117.3044113,-181.046,-58.7171,12.4948,0.017,-0.856,-31.83,-0.707576,1
1049,2026-08-15T15:09:36.440,33.6523026,-117.3044099,-180.917,-58.2279,12.4948,0.019,-0.805,-31.61,-0.702686,1
1049.04,2026-08-15T15:09:36.480,33.6523071,-117.3044083,-180.769,-57.7275,12.5797,0.022,-0.775,-31.56,-0.706343,1
1049.08,2026-08-15T15:09:36.520,33.6523114,-117.3044066,-180.611,-57.2494,12.6199,0.019,-0.772,-31.62,-0.70995,1
1049.12,2026-08-15T15:09:36.560,33.6523157,-117.3044047,-180.436,-56.7712,12.7183,0.006,-0.783,-31.72,-0.717745,1
1049.16,2026-08-15T15:09:36.600,33.6523200,-117.3044027,-180.25,-56.2931,12.7138,-0.016,-0.791,-31.92,-0.722017,1
1049.2,2026-08-15T15:09:36.640,33.6523242,-117.3044006,-180.056,-55.8261,12.6959,-0.042,-0.794,-32.25,-0.728455,1
1049.24,2026-08-15T15:09:36.680,33.6523285,-117.3043984,-179.852,-55.3479,12.6781,-0.064,-0.788,-32.72,-0.73803,1
1049.28,2026-08-15T15:09:36.720,33.6523326,-117.3043961,-179.64,-54.892,12.6959,-0.069,-0.784,-33.27,-0.751495,1
1049.32,2026-08-15T15:09:36.760,33.6523366,-117.3043937,-179.417,-54.4472,12.6691,-0.055,-0.786,-33.75,-0.760726,1
1049.36,2026-08-15T15:09:36.800,33.6523407,-117.3043911,-179.177,-53.9913,12.7228,-0.029,-0.793,-34.02,-0.770059,1
1049.4,2026-08-15T15:09:36.840,33.6523449,-117.3043884,-178.927,-53.5243,12.7898,0.003,-0.804,-34,-0.773662,1
1049.44,2026-08-15T15:09:36.880,33.6523488,-117.3043856,-178.668,-53.0907,12.839,0.029,-0.811,-33.71,-0.770013,1
1049.48,2026-08-15T15:09:36.920,33.6523528,-117.3043826,-178.39,-52.6459,12.9105,0.041,-0.809,-33.24,-0.763507,1
1049.52,2026-08-15T15:09:36.960,33.6523567,-117.3043795,-178.103,-52.2122,12.9463,0.037,-0.803,-32.79,-0.755257,1
1049.56,2026-08-15T15:09:37.000,33.6523607,-117.3043764,-177.816,-51.7674,12.991,0.024,-0.799,-32.43,-0.749544,1
1049.6,2026-08-15T15:09:37.040,33.6523644,-117.3043731,-177.511,-51.356,12.982,0.005,-0.792,-32.2,-0.743716,1
1049.64,2026-08-15T15:09:37.080,33.6523682,-117.3043697,-177.196,-50.9335,13.0312,-0.007,-0.791,-32.03,-0.742592,1
1049.68,2026-08-15T15:09:37.120,33.6523719,-117.3043663,-176.881,-50.5221,13.0223,-0.012,-0.79,-31.76,-0.735827,1
1049.72,2026-08-15T15:09:37.160,33.6523757,-117.3043627,-176.548,-50.0995,13.0714,-0.012,-0.785,-31.07,-0.722559,1
1049.76,2026-08-15T15:09:37.200,33.6523792,-117.3043590,-176.206,-49.7103,13.143,-0.008,-0.776,-29.84,-0.697752,1
1049.8,2026-08-15T15:09:37.240,33.6523828,-117.3043552,-175.854,-49.31,13.1609,-0.012,-0.757,-27.91,-0.65351,1
1049.84,2026-08-15T15:09:37.280,33.6523863,-117.3043513,-175.493,-48.9209,13.1877,-0.027,-0.72,-25.18,-0.590789,1
1049.88,2026-08-15T15:09:37.320,33.6523899,-117.3043474,-175.132,-48.5205,13.1787,-0.055,-0.648,-21.29,-0.499181,1
1049.92,2026-08-15T15:09:37.360,33.6523932,-117.3043434,-174.762,-48.1536,13.1162,-0.097,-0.538,-16.64,-0.388301,1
1049.96,2026-08-15T15:09:37.400,33.6523966,-117.3043397,-174.419,-47.7755,13.0402,-0.141,-0.385,-11.26,-0.261234,1
1050,2026-08-15T15:09:37.440,33.6524002,-117.3043358,-174.058,-47.3752,12.9373,-0.182,-0.184,-5,-0.115086,1
1050.04,2026-08-15T15:09:37.480,33.6524035,-117.3043321,-173.716,-47.0083,12.8658,-0.213,0.044,1.5,0.034335,1
1050.08,2026-08-15T15:09:37.520,33.6524071,-117.3043286,-173.392,-46.608,12.763,-0.227,0.271,7.72,0.175298,1
1050.12,2026-08-15T15:09:37.560,33.6524106,-117.3043252,-173.077,-46.2188,12.6915,-0.221,0.477,13.46,0.303924,1
1050.16,2026-08-15T15:09:37.600,33.6524143,-117.3043219,-172.772,-45.8074,12.7004,-0.198,0.647,18.47,0.417343,1
1050.2,2026-08-15T15:09:37.640,33.6524181,-117.3043187,-172.475,-45.3849,12.7093,-0.166,0.745,22.15,0.500847,1
1050.24,2026-08-15T15:09:37.680,33.6524220,-117.3043156,-172.188,-44.9512,12.7272,-0.138,0.782,24.76,0.560651,1
1050.28,2026-08-15T15:09:37.720,33.6524258,-117.3043125,-171.902,-44.5287,12.7183,-0.121,0.772,26.57,0.601213,1
1050.32,2026-08-15T15:09:37.760,33.6524295,-117.3043095,-171.624,-44.1172,12.6602,-0.121,0.737,27.92,0.628874,1
1050.36,2026-08-15T15:09:37.800,33.6524335,-117.3043066,-171.355,-43.6725,12.5663,-0.137,0.7,29.11,0.650815,1
1050.4,2026-08-15T15:09:37.840,33.6524373,-117.3043038,-171.096,-43.2499,12.5305,-0.155,0.686,30.5,0.679951,1
1050.44,2026-08-15T15:09:37.880,33.6524412,-117.3043012,-170.856,-42.8162,12.5082,-0.158,0.701,32.17,0.715902,1
1050.48,2026-08-15T15:09:37.920,33.6524452,-117.3042987,-170.624,-42.3715,12.4992,-0.143,0.739,33.79,0.751415,1
1050.52,2026-08-15T15:09:37.960,33.6524493,-117.3042963,-170.402,-41.9156,12.5126,-0.104,0.799,35.17,0.782943,1
1050.56,2026-08-15T15:09:38.000,33.6524533,-117.3042940,-170.189,-41.4708,12.5484,-0.05,0.859,36.08,0.805497,1
1050.6,2026-08-15T15:09:38.040,33.6524576,-117.3042919,-169.995,-40.9927,12.611,0.005,0.894,36.41,0.816918,1
1050.64,2026-08-15T15:09:38.080,33.6524619,-117.3042899,-169.81,-40.5145,12.6825,0.051,0.901,36.28,0.818618,1
1050.68,2026-08-15T15:09:38.120,33.6524664,-117.3042880,-169.634,-40.0141,12.7406,0.081,0.888,35.95,0.814889,1
1050.72,2026-08-15T15:09:38.160,33.6524707,-117.3042861,-169.458,-39.536,12.7988,0.09,0.861,35.7,0.812913,1
1050.76,2026-08-15T15:09:38.200,33.6524752,-117.3042843,-169.291,-39.0356,12.83,0.085,0.847,35.67,0.814216,1
1050.8,2026-08-15T15:09:38.240,33.6524797,-117.3042827,-169.143,-38.5352,12.8658,0.072,0.847,35.97,0.823353,1
1050.84,2026-08-15T15:09:38.280,33.6524842,-117.3042813,-169.014,-38.0349,12.9105,0.061,0.853,36.53,0.839077,1
1050.88,2026-08-15T15:09:38.320,33.6524887,-117.3042800,-168.893,-37.5345,12.915,0.059,0.866,37.18,0.854302,1
1050.92,2026-08-15T15:09:38.360,33.6524933,-117.3042789,-168.792,-37.023,12.9955,0.07,0.867,37.74,0.872573,1
1050.96,2026-08-15T15:09:38.400,33.6524981,-117.3042779,-168.699,-36.4893,13.0804,0.093,0.858,38.09,0.886421,1
1051,2026-08-15T15:09:38.440,33.6525028,-117.3042770,-168.616,-35.9666,13.1787,0.124,0.857,38.12,0.893789,1
1051.04,2026-08-15T15:09:38.480,33.6525076,-117.3042762,-168.542,-35.4329,13.3084,0.149,0.869,37.87,0.896662,1
1051.08,2026-08-15T15:09:38.520,33.6525124,-117.3042755,-168.477,-34.8992,13.3888,0.16,0.882,37.51,0.893508,1
1051.12,2026-08-15T15:09:38.560,33.6525172,-117.3042750,-168.431,-34.3654,13.4291,0.159,0.89,37.19,0.888548,1
1051.16,2026-08-15T15:09:38.600,33.6525221,-117.3042746,-168.394,-33.8206,13.4872,0.153,0.886,37.06,0.889274,1
1051.2,2026-08-15T15:09:38.640,33.6525270,-117.3042743,-168.366,-33.2757,13.5185,0.152,0.868,37.15,0.893502,1
1051.24,2026-08-15T15:09:38.680,33.6525319,-117.3042742,-168.357,-32.7309,13.5811,0.172,0.848,37.33,0.901987,1
1051.28,2026-08-15T15:09:38.720,33.6525369,-117.3042742,-168.357,-32.1749,13.7331,0.218,0.834,37.33,0.912082,1
1051.32,2026-08-15T15:09:38.760,33.6525419,-117.3042744,-168.375,-31.6189,13.9432,0.275,0.826,36.98,0.917354,1
1051.36,2026-08-15T15:09:38.800,33.6525471,-117.3042747,-168.403,-31.0407,14.1756,0.334,0.823,35.99,0.90768,1
1051.4,2026-08-15T15:09:38.840,33.6525523,-117.3042751,-168.44,-30.4625,14.35,0.386,0.807,33.89,0.86523,1
1051.44,2026-08-15T15:09:38.880,33.6525575,-117.3042756,-168.486,-29.8843,14.5064,0.417,0.781,30.56,0.78872,1
1051.48,2026-08-15T15:09:38.920,33.6525628,-117.3042763,-168.551,-29.2949,14.654,0.426,0.747,25.75,0.671338,1
1051.52,2026-08-15T15:09:38.960,33.6525681,-117.3042770,-168.616,-28.7056,14.8283,0.409,0.691,18.68,0.492807,1
1051.56,2026-08-15T15:09:39.000,33.6525735,-117.3042778,-168.69,-28.1052,14.9848,0.361,0.598,10.13,0.270065,1
1051.6,2026-08-15T15:09:39.040,33.6525790,-117.3042786,-168.764,-27.4936,15.0697,0.285,0.449,0.89,0.0238618,1
1051.64,2026-08-15T15:09:39.080,33.6525844,-117.3042793,-168.829,-26.8931,15.0518,0.19,0.23,-8.25,-0.220929,1
1051.68,2026-08-15T15:09:39.120,33.6525898,-117.3042799,-168.884,-26.2927,14.9535,0.091,-0.071,-16.48,-0.438438,1
1051.72,2026-08-15T15:09:39.160,33.6525951,-117.3042802,-168.912,-25.7034,14.8238,0.014,-0.378,-22.48,-0.592878,1
1051.76,2026-08-15T15:09:39.200,33.6526005,-117.3042803,-168.921,-25.1029,14.797,-0.034,-0.645,-26.32,-0.692897,1
1051.8,2026-08-15T15:09:39.240,33.6526058,-117.3042803,-168.921,-24.5136,14.8551,-0.047,-0.835,-27.97,-0.739227,1
1051.84,2026-08-15T15:09:39.280,33.6526114,-117.3042801,-168.903,-23.8909,14.9937,-0.037,-0.937,-27.87,-0.743455,1
1051.88,2026-08-15T15:09:39.320,33.6526167,-117.3042799,-168.884,-23.3015,15.0608,-0.02,-0.943,-26.49,-0.709803,1
1051.92,2026-08-15T15:09:39.360,33.6526222,-117.3042796,-168.856,-22.69,15.0921,-0.004,-0.903,-24.58,-0.659993,1
1051.96,2026-08-15T15:09:39.400,33.6526277,-117.3042791,-168.81,-22.0784,15.0787,0.017,-0.825,-22.54,-0.604679,1
1052,2026-08-15T15:09:39.440,33.6526331,-117.3042786,-168.764,-21.4779,15.1055,0.049,-0.74,-20.76,-0.557918,1
1052.04,2026-08-15T15:09:39.480,33.6526386,-117.3042780,-168.708,-20.8664,15.1591,0.096,-0.662,-19.31,-0.520793,1
1052.08,2026-08-15T15:09:39.520,33.6526443,-117.3042773,-168.643,-20.2326,15.3469,0.152,-0.598,-18.15,-0.49557,1
1052.12,2026-08-15T15:09:39.560,33.6526500,-117.3042765,-168.569,-19.5987,15.5346,0.189,-0.556,-17.27,-0.477311,1
1052.16,2026-08-15T15:09:39.600,33.6526556,-117.3042756,-168.486,-18.9761,15.6911,0.185,-0.544,-16.83,-0.469836,1
1052.2,2026-08-15T15:09:39.640,33.6526613,-117.3042746,-168.394,-18.3422,15.7582,0.134,-0.551,-16.94,-0.474927,1
1052.24,2026-08-15T15:09:39.680,33.6526669,-117.3042735,-168.292,-17.7196,15.7,0.05,-0.552,-17.83,-0.498036,1
1052.28,2026-08-15T15:09:39.720,33.6526724,-117.3042724,-168.19,-17.108,15.5212,-0.03,-0.55,-19.29,-0.53268,1
1052.32,2026-08-15T15:09:39.760,33.6526778,-117.3042712,-168.079,-16.5075,15.4408,-0.077,-0.554,-21.01,-0.577169,1
1052.36,2026-08-15T15:09:39.800,33.6526833,-117.3042699,-167.959,-15.896,15.4542,-0.086,-0.584,-22.57,-0.620563,1
1052.4,2026-08-15T15:09:39.840,33.6526889,-117.3042684,-167.82,-15.2733,15.6151,-0.072,-0.627,-23.66,-0.657307,1
1052.44,2026-08-15T15:09:39.880,33.6526945,-117.3042668,-167.672,-14.6506,15.7492,-0.048,-0.675,-24.12,-0.675841,1
1052.48,2026-08-15T15:09:39.920,33.6527000,-117.3042650,-167.505,-14.039,15.7537,-0.029,-0.71,-24.15,-0.676874,1
1052.52,2026-08-15T15:09:39.960,33.6527055,-117.3042632,-167.338,-13.4274,15.7626,-0.011,-0.725,-23.88,-0.669686,1
1052.56,2026-08-15T15:09:40.000,33.6527109,-117.3042613,-167.162,-12.827,15.7447,0.003,-0.717,-23.49,-0.658002,1
1052.6,2026-08-15T15:09:40.040,33.6527164,-117.3042593,-166.977,-12.2154,15.7492,0.016,-0.703,-23.09,-0.646981,1
1052.64,2026-08-15T15:09:40.080,33.6527218,-117.3042572,-166.783,-11.615,15.7939,0.023,-0.693,-22.81,-0.640949,1
1052.68,2026-08-15T15:09:40.120,33.6527273,-117.3042550,-166.579,-11.0034,15.8565,0.016,-0.7,-22.82,-0.643771,1
1052.72,2026-08-15T15:09:40.160,33.6527327,-117.3042526,-166.357,-10.4029,15.9102,0.01,-0.719,-23.19,-0.656423,1
1052.76,2026-08-15T15:09:40.200,33.6527381,-117.3042501,-166.126,-9.80248,15.9459,0.02,-0.749,-23.82,-0.675771,1
1052.8,2026-08-15T15:09:40.240,33.6527434,-117.3042475,-165.885,-9.21314,16.0309,0.044,-0.764,-24.49,-0.69848,1
1052.84,2026-08-15T15:09:40.280,33.6527487,-117.3042447,-165.626,-8.62381,16.1292,0.079,-0.769,-25.02,-0.717974,1
1052.88,2026-08-15T15:09:40.320,33.6527541,-117.3042418,-165.358,-8.02336,16.2097,0.1,-0.769,-25.36,-0.731361,1
1052.92,2026-08-15T15:09:40.360,33.6527595,-117.3042388,-165.08,-7.4229,16.317,0.089,-0.775,-25.65,-0.74462,1
1052.96,2026-08-15T15:09:40.400,33.6527648,-117.3042358,-164.802,-6.83357,16.3572,0.038,-0.786,-26.07,-0.758679,1
1053,2026-08-15T15:09:40.440,33.6527699,-117.3042325,-164.497,-6.26648,16.2499,-0.037,-0.801,-26.79,-0.774519,1
1053.04,2026-08-15T15:09:40.480,33.6527749,-117.3042292,-164.191,-5.7105,16.0845,-0.117,-0.813,-27.81,-0.795824,1
1053.08,2026-08-15T15:09:40.520,33.6527800,-117.3042258,-163.877,-5.14341,15.9593,-0.181,-0.814,-29.1,-0.826259,1
1053.12,2026-08-15T15:09:40.560,33.6527849,-117.3042223,-163.553,-4.59855,15.9102,-0.222,-0.813,-30.38,-0.859945,1
1053.16,2026-08-15T15:09:40.600,33.6527898,-117.3042188,-163.229,-4.0537,15.8654,-0.236,-0.819,-31.55,-0.890554,1
1053.2,2026-08-15T15:09:40.640,33.6527946,-117.3042151,-162.886,-3.51996,15.852,-0.225,-0.839,-32.47,-0.915748,1
1053.24,2026-08-15T15:09:40.680,33.6527994,-117.3042113,-162.534,-2.98623,15.8342,-0.206,-0.864,-33.05,-0.931054,1
1053.28,2026-08-15T15:09:40.720,33.6528040,-117.3042073,-162.164,-2.47473,15.8297,-0.184,-0.886,-33.22,-0.935579,1
1053.32,2026-08-15T15:09:40.760,33.6528085,-117.3042033,-161.794,-1.97435,15.8297,-0.172,-0.894,-33.1,-0.932199,1
1053.36,2026-08-15T15:09:40.800,33.6528131,-117.3041991,-161.405,-1.46286,15.7537,-0.177,-0.891,-32.87,-0.921277,1
1053.4,2026-08-15T15:09:40.840,33.6528175,-117.3041949,-161.017,-0.973599,15.6643,-0.195,-0.884,-32.73,-0.912147,1
1053.44,2026-08-15T15:09:40.880,33.6528218,-117.3041907,-160.628,-0.495461,15.5481,-0.217,-0.885,-32.8,-0.907315,1
1053.48,2026-08-15T15:09:40.920,33.6528260,-117.3041863,-160.22,-0.028442,15.4944,-0.232,-0.889,-33.06,-0.911352,1
1053.52,2026-08-15T15:09:40.960,33.6528301,-117.3041818,-159.804,0.427457,15.3916,-0.231,-0.892,-33.17,-0.908317,1
1053.56,2026-08-15T15:09:41.000,33.6528341,-117.3041772,-159.378,0.872237,15.3245,-0.219,-0.895,-33.01,-0.899997,1
1053.6,2026-08-15T15:09:41.040,33.6528379,-117.3041726,-158.952,1.29478,15.2485,-0.198,-0.889,-32.33,-0.877086,1
1053.64,2026-08-15T15:09:41.080,33.6528417,-117.3041679,-158.517,1.71732,15.2485,-0.177,-0.876,-30.97,-0.84019,1
1053.68,2026-08-15T15:09:41.120,33.6528455,-117.3041631,-158.073,2.13986,15.2128,-0.161,-0.86,-29.2,-0.790314,1
1053.72,2026-08-15T15:09:41.160,33.6528492,-117.3041583,-157.629,2.55128,15.1904,-0.152,-0.85,-27.33,-0.738614,1
1053.76,2026-08-15T15:09:41.200,33.6528528,-117.3041533,-157.166,2.95158,15.1278,-0.145,-0.856,-25.4,-0.683626,1
1053.8,2026-08-15T15:09:41.240,33.6528562,-117.3041483,-156.703,3.32964,15.025,-0.138,-0.871,-23.7,-0.633536,1
1053.84,2026-08-15T15:09:41.280,33.6528596,-117.3041432,-156.231,3.70771,15.0027,-0.129,-0.892,-22.36,-0.596827,1
1053.88,2026-08-15T15:09:41.320,33.6528628,-117.3041380,-155.75,4.06353,15.0474,-0.117,-0.9,-21.32,-0.570763,1
1053.92,2026-08-15T15:09:41.360,33.6528660,-117.3041327,-155.259,4.41936,15.0608,-0.102,-0.896,-20.6,-0.55198,1
1053.96,2026-08-15T15:09:41.400,33.6528690,-117.3041274,-154.769,4.75294,15.0876,-0.084,-0.869,-20.22,-0.542762,1
1054,2026-08-15T15:09:41.440,33.6528721,-117.3041219,-154.26,5.09764,15.0474,-0.059,-0.828,-20.1,-0.538102,1
1054.04,2026-08-15T15:09:41.480,33.6528751,-117.3041164,-153.751,5.43123,15.0831,-0.025,-0.783,-20.17,-0.54126,1
1054.08,2026-08-15T15:09:41.520,33.6528780,-117.3041109,-153.241,5.75369,15.1502,0.021,-0.749,-20.22,-0.545014,1
1054.12,2026-08-15T15:09:41.560,33.6528807,-117.3041052,-152.714,6.05392,15.2619,0.069,-0.714,-20.15,-0.547134,1
1054.16,2026-08-15T15:09:41.600,33.6528835,-117.3040994,-152.177,6.36527,15.3558,0.114,-0.674,-19.96,-0.545308,1
1054.2,2026-08-15T15:09:41.640,33.6528862,-117.3040935,-151.631,6.66549,15.4631,0.143,-0.641,-19.83,-0.545542,1
1054.24,2026-08-15T15:09:41.680,33.6528890,-117.3040877,-151.094,6.97684,15.557,0.14,-0.618,-19.99,-0.553282,1
1054.28,2026-08-15T15:09:41.720,33.6528916,-117.3040817,-150.539,7.26595,15.5883,0.103,-0.613,-20.67,-0.573254,1
1054.32,2026-08-15T15:09:41.760,33.6528941,-117.3040757,-149.983,7.54393,15.5749,0.035,-0.631,-22.11,-0.612663,1
1054.36,2026-08-15T15:09:41.800,33.6528965,-117.3040698,-149.437,7.8108,15.4318,-0.045,-0.663,-24.06,-0.660574,1
1054.4,2026-08-15T15:09:41.840,33.6528988,-117.3040638,-148.882,8.06655,15.3826,-0.127,-0.699,-26.3,-0.719772,1
1054.44,2026-08-15T15:09:41.880,33.6529011,-117.3040578,-148.327,8.3223,15.3066,-0.186,-0.733,-28.51,-0.7764,1
1054.48,2026-08-15T15:09:41.920,33.6529031,-117.3040518,-147.771,8.54469,15.2083,-0.218,-0.767,-30.39,-0.82228,1
1054.52,2026-08-15T15:09:41.960,33.6529051,-117.3040456,-147.197,8.76708,15.1904,-0.224,-0.802,-31.49,-0.851042,1
1054.56,2026-08-15T15:09:42.000,33.6529071,-117.3040394,-146.623,8.98947,15.2083,-0.218,-0.84,-31.78,-0.85989,1
1054.6,2026-08-15T15:09:42.040,33.6529087,-117.3040333,-146.059,9.16738,15.1859,-0.202,-0.853,-31.17,-0.842145,1
1054.64,2026-08-15T15:09:42.080,33.6529104,-117.3040271,-145.485,9.35641,15.1368,-0.188,-0.832,-29.66,-0.798754,1
1054.68,2026-08-15T15:09:42.120,33.6529120,-117.3040209,-144.911,9.53432,15.0429,-0.175,-0.779,-27.35,-0.731977,1
1054.72,2026-08-15T15:09:42.160,33.6529134,-117.3040146,-144.328,9.68999,14.9401,-0.152,-0.702,-24.45,-0.64989,1
1054.76,2026-08-15T15:09:42.200,33.6529150,-117.3040085,-143.763,9.86791,14.8998,-0.115,-0.629,-21.01,-0.55695,1
1054.8,2026-08-15T15:09:42.240,33.6529164,-117.3040023,-143.189,10.0236,14.9445,-0.065,-0.584,-17.61,-0.468221,1
1054.84,2026-08-15T15:09:42.280,33.6529177,-117.3039960,-142.606,10.1681,15.0071,0,-0.563,-14.59,-0.389548,1
1054.88,2026-08-15T15:09:42.320,33.6529189,-117.3039896,-142.014,10.3016,15.1234,0.06,-0.548,-12.36,-0.332564,1
1054.92,2026-08-15T15:09:42.360,33.6529201,-117.3039832,-141.422,10.435,15.2798,0.104,-0.533,-11.23,-0.305286,1
1054.96,2026-08-15T15:09:42.400,33.6529213,-117.3039766,-140.811,10.5684,15.3782,0.118,-0.513,-11.43,-0.312723,1
1055,2026-08-15T15:09:42.440,33.6529225,-117.3039701,-140.209,10.7019,15.3558,0.105,-0.485,-12.74,-0.348057,1
1055.04,2026-08-15T15:09:42.480,33.6529236,-117.3039637,-139.617,10.8242,15.3335,0.069,-0.472,-15.15,-0.413296,1
1055.08,2026-08-15T15:09:42.520,33.6529244,-117.3039572,-139.015,10.9131,15.2977,0.028,-0.491,-18.04,-0.490988,1
1055.12,2026-08-15T15:09:42.560,33.6529255,-117.3039506,-138.404,11.0355,15.3066,-0.004,-0.533,-20.99,-0.571611,1
1055.16,2026-08-15T15:09:42.600,33.6529262,-117.3039441,-137.803,11.1133,15.3826,-0.035,-0.598,-23.73,-0.649437,1
1055.2,2026-08-15T15:09:42.640,33.6529268,-117.3039375,-137.192,11.18,15.3603,-0.063,-0.668,-25.96,-0.709435,1
1055.24,2026-08-15T15:09:42.680,33.6529273,-117.3039310,-136.59,11.2356,15.3111,-0.089,-0.724,-27.54,-0.750204,1
1055.28,2026-08-15T15:09:42.720,33.6529278,-117.3039244,-135.979,11.2912,15.2709,-0.114,-0.758,-28.74,-0.780835,1
1055.32,2026-08-15T15:09:42.760,33.6529280,-117.3039178,-135.368,11.3134,15.1949,-0.13,-0.775,-29.71,-0.803172,1
1055.36,2026-08-15T15:09:42.800,33.6529282,-117.3039114,-134.776,11.3357,15.1591,-0.128,-0.782,-30.46,-0.821509,1
1055.4,2026-08-15T15:09:42.840,33.6529285,-117.3039049,-134.174,11.369,15.1278,-0.106,-0.797,-31,-0.834347,1
1055.44,2026-08-15T15:09:42.880,33.6529285,-117.3038983,-133.563,11.369,15.1591,-0.068,-0.813,-31.26,-0.843085,1
1055.48,2026-08-15T15:09:42.920,33.6529284,-117.3038917,-132.952,11.3579,15.2128,-0.026,-0.833,-31.11,-0.842009,1
1055.52,2026-08-15T15:09:42.960,33.6529281,-117.3038850,-132.332,11.3246,15.2619,0.011,-0.855,-30.5,-0.828167,1
1055.56,2026-08-15T15:09:43.000,33.6529278,-117.3038785,-131.731,11.2912,15.2888,0.036,-0.868,-29.63,-0.805958,1
1055.6,2026-08-15T15:09:43.040,33.6529274,-117.3038719,-131.12,11.2467,15.3066,0.045,-0.864,-28.67,-0.780758,1
1055.64,2026-08-15T15:09:43.080,33.6529268,-117.3038654,-130.518,11.18,15.2754,0.041,-0.86,-27.77,-0.754702,1
1055.68,2026-08-15T15:09:43.120,33.6529261,-117.3038588,-129.907,11.1022,15.2798,0.028,-0.849,-27.07,-0.735894,1
1055.72,2026-08-15T15:09:43.160,33.6529254,-117.3038522,-129.296,11.0243,15.2798,0.008,-0.836,-26.64,-0.724204,1
1055.76,2026-08-15T15:09:43.200,33.6529244,-117.3038457,-128.695,10.9131,15.2709,-0.009,-0.835,-26.47,-0.719162,1
1055.8,2026-08-15T15:09:43.240,33.6529233,-117.3038391,-128.084,10.7908,15.2932,-0.017,-0.833,-26.49,-0.720759,1
1055.84,2026-08-15T15:09:43.280,33.6529223,-117.3038326,-127.482,10.6796,15.3335,-0.015,-0.827,-26.67,-0.727565,1
1055.88,2026-08-15T15:09:43.320,33.6529209,-117.3038261,-126.88,10.524,15.3737,0.003,-0.816,-26.98,-0.737953,1
1055.92,2026-08-15T15:09:43.360,33.6529196,-117.3038196,-126.279,10.3794,15.4542,0.029,-0.809,-27.3,-0.750614,1
1055.96,2026-08-15T15:09:43.400,33.6529183,-117.3038131,-125.677,10.2348,15.5436,0.056,-0.808,-27.59,-0.762976,1
1056,2026-08-15T15:09:43.440,33.6529167,-117.3038065,-125.066,10.0569,15.6151,0.074,-0.815,-27.84,-0.773433,1
1056.04,2026-08-15T15:09:43.480,33.6529152,-117.3038000,-124.465,9.89015,15.6643,0.077,-0.829,-28.05,-0.781721,1
1056.08,2026-08-15T15:09:43.520,33.6529135,-117.3037936,-123.872,9.70111,15.7,0.069,-0.847,-28.25,-0.789092,1
1056.12,2026-08-15T15:09:43.560,33.6529117,-117.3037871,-123.271,9.50096,15.6956,0.054,-0.856,-28.46,-0.794732,1
1056.16,2026-08-15T15:09:43.600,33.6529097,-117.3037808,-122.687,9.27857,15.6688,0.036,-0.854,-28.7,-0.800064,1
1056.2,2026-08-15T15:09:43.640,33.6529075,-117.3037744,-122.095,9.03394,15.7,0.022,-0.85,-28.95,-0.808645,1
1056.24,2026-08-15T15:09:43.680,33.6529052,-117.3037682,-121.521,8.7782,15.7582,0.011,-0.846,-29.23,-0.819488,1
1056.28,2026-08-15T15:09:43.720,33.6529030,-117.3037620,-120.947,8.53357,15.785,0.001,-0.846,-29.5,-0.828466,1
1056.32,2026-08-15T15:09:43.760,33.6529004,-117.3037559,-120.383,8.24446,15.776,-0.002,-0.849,-29.78,-0.835855,1
1056.36,2026-08-15T15:09:43.800,33.6528978,-117.3037498,-119.818,7.95535,15.7626,0.001,-0.853,-30.06,-0.842997,1
1056.4,2026-08-15T15:09:43.840,33.6528953,-117.3037438,-119.263,7.67737,15.7671,0.015,-0.861,-30.27,-0.849127,1
1056.44,2026-08-15T15:09:43.880,33.6528925,-117.3037378,-118.707,7.36602,15.7939,0.043,-0.865,-30.36,-0.8531,1
1056.48,2026-08-15T15:09:43.920,33.6528897,-117.3037318,-118.152,7.05467,15.861,0.079,-0.867,-30.16,-0.851079,1
1056.52,2026-08-15T15:09:43.960,33.6528867,-117.3037258,-117.597,6.72109,15.9727,0.115,-0.863,-29.58,-0.840593,1
1056.56,2026-08-15T15:09:44.000,33.6528836,-117.3037199,-117.051,6.37639,16.0756,0.14,-0.852,-28.75,-0.822266,1
1056.6,2026-08-15T15:09:44.040,33.6528805,-117.3037140,-116.504,6.03168,16.1516,0.152,-0.842,-27.78,-0.798279,1
1056.64,2026-08-15T15:09:44.080,33.6528770,-117.3037081,-115.958,5.6425,16.2052,0.154,-0.834,-26.81,-0.772965,1
1056.68,2026-08-15T15:09:44.120,33.6528736,-117.3037024,-115.431,5.26444,16.241,0.148,-0.82,-25.95,-0.749821,1
1056.72,2026-08-15T15:09:44.160,33.6528700,-117.3036967,-114.903,4.86413,16.3035,0.139,-0.805,-25.09,-0.727765,1
1056.76,2026-08-15T15:09:44.200,33.6528665,-117.3036910,-114.376,4.47495,16.393,0.13,-0.802,-24.02,-0.700549,1
1056.8,2026-08-15T15:09:44.240,33.6528627,-117.3036853,-113.848,4.05241,16.4645,0.106,-0.791,-22.52,-0.659667,1
1056.84,2026-08-15T15:09:44.280,33.6528589,-117.3036798,-113.339,3.62987,16.5405,0.064,-0.756,-20.19,-0.594145,1
1056.88,2026-08-15T15:09:44.320,33.6528551,-117.3036743,-112.83,3.20733,16.4958,0.019,-0.693,-17.16,-0.503615,1
1056.92,2026-08-15T15:09:44.360,33.6528512,-117.3036689,-112.33,2.77367,16.4466,-0.018,-0.592,-13.51,-0.395312,1
1056.96,2026-08-15T15:09:44.400,33.6528474,-117.3036636,-111.839,2.35113,16.4019,-0.038,-0.46,-9.31,-0.271677,1
1057,2026-08-15T15:09:44.440,33.6528436,-117.3036582,-111.34,1.92859,16.4108,-0.023,-0.3,-4.51,-0.131679,1
1057.04,2026-08-15T15:09:44.480,33.6528398,-117.3036528,-110.84,1.50605,16.5002,0.022,-0.125,0.18,0.0052841,1
1057.08,2026-08-15T15:09:44.520,33.6528358,-117.3036472,-110.321,1.06127,16.6075,0.071,0.053,4.64,0.137098,1
1057.12,2026-08-15T15:09:44.560,33.6528320,-117.3036415,-109.794,0.638728,16.7595,0.112,0.229,8.69,0.259113,1
1057.16,2026-08-15T15:09:44.600,33.6528284,-117.3036357,-109.257,0.238426,16.8132,0.125,0.395,12.12,0.362544,1
1057.2,2026-08-15T15:09:44.640,33.6528248,-117.3036298,-108.711,-0.161876,16.8132,0.104,0.533,14.84,0.443907,1
1057.24,2026-08-15T15:09:44.680,33.6528214,-117.3036239,-108.165,-0.539939,16.7998,0.05,0.635,17.25,0.515585,1
1057.28,2026-08-15T15:09:44.720,33.6528180,-117.3036180,-107.619,-0.918001,16.7148,-0.019,0.694,19.73,0.586729,1
1057.32,2026-08-15T15:09:44.760,33.6528147,-117.3036120,-107.063,-1.28494,16.6567,-0.079,0.718,22.16,0.656701,1
1057.36,2026-08-15T15:09:44.800,33.6528114,-117.3036060,-106.508,-1.65189,16.5718,-0.119,0.729,24.59,0.724996,1
1057.4,2026-08-15T15:09:44.840,33.6528083,-117.3036000,-105.953,-1.99659,16.5226,-0.132,0.758,26.85,0.78928,1
1057.44,2026-08-15T15:09:44.880,33.6528052,-117.3035939,-105.388,-2.3413,16.5315,-0.112,0.818,28.71,0.844413,0
1057.48,2026-08-15T15:09:44.920,33.6528023,-117.3035877,-104.814,-2.66376,16.5539,-0.076,0.882,29.86,0.879424,0
1057.52,2026-08-15T15:09:44.960,33.6527996,-117.3035813,-104.222,-2.96399,16.5852,-0.031,0.914,30.32,0.89466,0
1057.56,2026-08-15T15:09:45.000,33.6527968,-117.3035749,-103.629,-3.27533,16.5941,0.015,0.917,30.19,0.891304,0
1057.6,2026-08-15T15:09:45.040,33.6527943,-117.3035684,-103.028,-3.55332,16.6657,0.049,0.905,29.68,0.880024,0
1057.64,2026-08-15T15:09:45.080,33.6527917,-117.3035618,-102.417,-3.84243,16.7059,0.06,0.884,29.1,0.86491,0
1057.68,2026-08-15T15:09:45.120,33.6527892,-117.3035553,-101.815,-4.12042,16.6701,0.053,0.878,28.79,0.853864,0
1057.72,2026-08-15T15:09:45.160,33.6527869,-117.3035486,-101.195,-4.37616,16.6209,0.034,0.887,28.88,0.854007,0
1057.76,2026-08-15T15:09:45.200,33.6527846,-117.3035420,-100.584,-4.63191,16.5897,0.026,0.901,29.33,0.865681,0
1057.8,2026-08-15T15:09:45.240,33.6527827,-117.3035352,-99.9548,-4.84318,16.612,0.04,0.905,29.92,0.884285,0
1057.84,2026-08-15T15:09:45.280,33.6527807,-117.3035284,-99.3254,-5.06557,16.6746,0.08,0.909,30.38,0.901263,0
1057.88,2026-08-15T15:09:45.320,33.6527788,-117.3035214,-98.6775,-5.27684,16.8221,0.131,0.903,30.54,0.914025,0
1057.92,2026-08-15T15:09:45.360,33.6527771,-117.3035143,-98.0203,-5.46587,16.983,0.175,0.896,30.41,0.918841,0
1057.96,2026-08-15T15:09:45.400,33.6527754,-117.3035072,-97.3631,-5.65491,17.0993,0.198,0.895,30.13,0.916612,0
1058,2026-08-15T15:09:45.440,33.6527738,-117.3035000,-96.6967,-5.83282,17.135,0.197,0.893,29.86,0.910298,0
1058.04,2026-08-15T15:09:45.480,33.6527724,-117.3034928,-96.0302,-5.98849,17.1753,0.184,0.891,29.75,0.909074,0
1058.08,2026-08-15T15:09:45.520,33.6527711,-117.3034855,-95.3546,-6.13304,17.2289,0.171,0.889,29.85,0.914978,0
1058.12,2026-08-15T15:09:45.560,33.6527698,-117.3034782,-94.6789,-6.2776,17.3004,0.168,0.891,30.12,0.927087,0
1058.16,2026-08-15T15:09:45.600,33.6527687,-117.3034708,-93.9939,-6.39991,17.4122,0.177,0.897,30.41,0.94206,0
1058.2,2026-08-15T15:09:45.640,33.6527677,-117.3034633,-93.2997,-6.51111,17.4882,0.196,0.904,30.63,0.953017,0
1058.24,2026-08-15T15:09:45.680,33.6527669,-117.3034558,-92.6055,-6.60006,17.6,0.226,0.9,30.69,0.960986,0
1058.28,2026-08-15T15:09:45.720,33.6527662,-117.3034482,-91.9021,-6.6779,17.6804,0.26,0.895,30.58,0.961919,0
1058.32,2026-08-15T15:09:45.760,33.6527656,-117.3034406,-91.1986,-6.74462,17.7698,0.292,0.879,30.29,0.957615,0
1058.36,2026-08-15T15:09:45.800,33.6527650,-117.3034329,-90.4859,-6.81133,17.8995,0.325,0.852,29.74,0.947087,0
1058.4,2026-08-15T15:09:45.840,33.6527645,-117.3034250,-89.7547,-6.86693,18.0381,0.363,0.816,28.57,0.916872,0
1058.44,2026-08-15T15:09:45.880,33.6527640,-117.3034172,-89.0327,-6.92253,18.2035,0.401,0.776,26.54,0.859535,0
1058.48,2026-08-15T15:09:45.920,33.6527639,-117.3034092,-88.2922,-6.93365,18.3868,0.45,0.713,23.29,0.761874,0
1058.52,2026-08-15T15:09:45.960,33.6527637,-117.3034010,-87.5333,-6.95589,18.6282,0.507,0.623,17.6,0.583299,0
1058.56,2026-08-15T15:09:46.000,33.6527634,-117.3033928,-86.7743,-6.98924,18.8874,0.549,0.535,10.48,0.352162,0
1058.6,2026-08-15T15:09:46.040,33.6527633,-117.3033844,-85.9968,-7.00036,19.1825,0.571,0.461,2.58,0.0880507,0
1058.64,2026-08-15T15:09:46.080,33.6527632,-117.3033759,-85.21,-7.01148,19.4641,0.569,0.383,-5.28,-0.182842,0
1058.68,2026-08-15T15:09:46.120,33.6527632,-117.3033673,-84.414,-7.01148,19.634,0.531,0.274,-12.21,-0.426513,0
1058.72,2026-08-15T15:09:46.160,33.6527631,-117.3033588,-83.6272,-7.0226,19.71,0.468,0.11,-16.89,-0.592276,0
1058.76,2026-08-15T15:09:46.200,33.6527627,-117.3033503,-82.8405,-7.06708,19.7413,0.392,-0.119,-19.61,-0.68875,0
1058.8,2026-08-15T15:09:46.240,33.6527624,-117.3033417,-82.0445,-7.10044,19.8083,0.297,-0.383,-20.29,-0.715054,0
1058.84,2026-08-15T15:09:46.280,33.6527616,-117.3033331,-81.2484,-7.1894,19.8441,0.175,-0.608,-19.43,-0.685982,0
1058.88,2026-08-15T15:09:46.320,33.6527609,-117.3033245,-80.4524,-7.26723,19.8262,0.028,-0.743,-17.53,-0.618344,0
1058.92,2026-08-15T15:09:46.360,33.6527602,-117.3033161,-79.6749,-7.34507,19.6295,-0.132,-0.762,-15.08,-0.526647,0
1058.96,2026-08-15T15:09:46.400,33.6527594,-117.3033079,-78.9159,-7.43402,19.4015,-0.311,-0.661,-12.4,-0.428022,0
1059,2026-08-15T15:09:46.440,33.6527587,-117.3032997,-78.1569,-7.51186,19.1199,-0.469,-0.495,-9.93,-0.337787,0
1059.04,2026-08-15T15:09:46.480,33.6527580,-117.3032916,-77.4072,-7.5897,18.8561,-0.582,-0.326,-7.72,-0.258987,0
1059.08,2026-08-15T15:09:46.520,33.6527574,-117.3032838,-76.6852,-7.65641,18.5745,-0.654,-0.198,-5.73,-0.189357,0
1059.12,2026-08-15T15:09:46.560,33.6527567,-117.3032759,-75.954,-7.73425,18.3778,-0.69,-0.13,-4,-0.130786,0
1059.16,2026-08-15T15:09:46.600,33.6527559,-117.3032682,-75.2413,-7.82321,18.1811,-0.687,-0.12,-2.61,-0.0844247,0
1059.2,2026-08-15T15:09:46.640,33.6527552,-117.3032606,-74.5379,-7.90104,17.9799,-0.678,-0.137,-1.52,-0.0486228,0
1059.24,2026-08-15T15:09:46.680,33.6527544,-117.3032531,-73.8437,-7.99,17.7251,-0.669,-0.147,-0.83,-0.0261744,0
1059.28,2026-08-15T15:09:46.720,33.6527535,-117.3032456,-73.1495,-8.09007,17.4971,-0.655,-0.14,-0.64,-0.019923,0
1059.32,2026-08-15T15:09:46.760,33.6527529,-117.3032383,-72.4738,-8.15679,17.2647,-0.646,-0.122,-0.89,-0.0273374,0
1059.36,2026-08-15T15:09:46.800,33.6527521,-117.3032311,-71.8073,-8.24575,17.0412,-0.642,-0.113,-1.43,-0.0433554,0
1059.4,2026-08-15T15:09:46.840,33.6527513,-117.3032240,-71.1502,-8.3347,16.8087,-0.643,-0.106,-2.11,-0.0630994,0
1059.44,2026-08-15T15:09:46.880,33.6527506,-117.3032170,-70.5022,-8.41254,16.5762,-0.65,-0.104,-2.7,-0.0796266,0
1059.48,2026-08-15T15:09:46.920,33.6527498,-117.3032101,-69.8636,-8.5015,16.2901,-0.663,-0.096,-3.08,-0.0892655,0
1059.52,2026-08-15T15:09:46.960,33.6527490,-117.3032033,-69.2342,-8.59045,16.0443,-0.678,-0.085,-3.25,-0.0927709,0
1059.56,2026-08-15T15:09:47.000,33.6527482,-117.3031966,-68.614,-8.67941,15.8252,-0.698,-0.072,-3.32,-0.0934751,0
1059.6,2026-08-15T15:09:47.040,33.6527474,-117.3031901,-68.0124,-8.76836,15.5346,-0.723,-0.071,-3.35,-0.0925879,0
1059.64,2026-08-15T15:09:47.080,33.6527468,-117.3031836,-67.4107,-8.83508,15.2396,-0.755,-0.08,-3.52,-0.0954387,0
1059.68,2026-08-15T15:09:47.120,33.6527460,-117.3031774,-66.8369,-8.92404,14.949,-0.783,-0.093,-3.83,-0.101864,0
1059.72,2026-08-15T15:09:47.160,33.6527452,-117.3031712,-66.263,-9.01299,14.6137,-0.804,-0.112,-4.23,-0.109979,0
1059.76,2026-08-15T15:09:47.200,33.6527444,-117.3031652,-65.7076,-9.10195,14.3008,-0.816,-0.117,-4.61,-0.117292,0
1059.8,2026-08-15T15:09:47.240,33.6527436,-117.3031593,-65.1615,-9.1909,14.0281,-0.814,-0.115,-4.87,-0.121545,0
1059.84,2026-08-15T15:09:47.280,33.6527429,-117.3031535,-64.6247,-9.26874,13.7688,-0.803,-0.115,-4.89,-0.119788,0
1059.88,2026-08-15T15:09:47.320,33.6527421,-117.3031479,-64.1064,-9.3577,13.4961,-0.794,-0.109,-4.68,-0.112373,0
1059.92,2026-08-15T15:09:47.360,33.6527413,-117.3031423,-63.588,-9.44665,13.2458,-0.785,-0.1,-4.31,-0.10157,0
1059.96,2026-08-15T15:09:47.400,33.6527405,-117.3031369,-63.0882,-9.53561,12.9865,-0.783,-0.098,-3.88,-0.0896463,0
1060,2026-08-15T15:09:47.440,33.6527397,-117.3031316,-62.5976,-9.62456,12.6959,-0.789,-0.095,-3.54,-0.0799607,0
1060.04,2026-08-15T15:09:47.480,33.6527389,-117.3031264,-62.1163,-9.71352,12.383,-0.799,-0.088,-3.38,-0.0744648,0
1060.08,2026-08-15T15:09:47.520,33.6527382,-117.3031214,-61.6535,-9.79136,12.0701,-0.808,-0.084,-3.38,-0.072583,0
1060.12,2026-08-15T15:09:47.560,33.6527375,-117.3031165,-61.2,-9.86919,11.7437,-0.803,-0.076,-3.55,-0.0741725,0
1060.16,2026-08-15T15:09:47.600,33.6527368,-117.3031118,-60.7649,-9.94703,11.4442,-0.779,-0.066,-3.77,-0.0767602,0
1060.2,2026-08-15T15:09:47.640,33.6527360,-117.3031071,-60.3299,-10.036,11.2386,-0.737,-0.059,-3.97,-0.0793799,0
1060.24,2026-08-15T15:09:47.680,33.6527353,-117.3031024,-59.8949,-10.1138,11.0866,-0.674,-0.06,-4.06,-0.0800815,0
1060.28,2026-08-15T15:09:47.720,33.6527346,-117.3030978,-59.4691,-10.1917,10.9435,-0.605,-0.067,-4.03,-0.0784641,0
1060.32,2026-08-15T15:09:47.760,33.6527338,-117.3030933,-59.0526,-10.2806,10.7826,-0.54,-0.074,-3.9,-0.0748164,0
1060.36,2026-08-15T15:09:47.800,33.6527331,-117.3030889,-58.6453,-10.3585,10.6574,-0.483,-0.08,-3.75,-0.0711037,0
1060.4,2026-08-15T15:09:47.840,33.6527322,-117.3030844,-58.2288,-10.4585,10.5278,-0.442,-0.084,-3.62,-0.0678038,0
1060.44,2026-08-15T15:09:47.880,33.6527316,-117.3030801,-57.8308,-10.5252,10.4071,-0.418,-0.078,-3.55,-0.0657304,0
1060.48,2026-08-15T15:09:47.920,33.6527308,-117.3030758,-57.4328,-10.6142,10.2417,-0.403,-0.072,-3.53,-0.0643213,0
1060.52,2026-08-15T15:09:47.960,33.6527301,-117.3030716,-57.044,-10.692,10.0942,-0.403,-0.068,-3.54,-0.0635744,0
1060.56,2026-08-15T15:09:48.000,33.6527293,-117.3030675,-56.6645,-10.781,9.96452,-0.408,-0.063,-3.52,-0.0624033,0
1060.6,2026-08-15T15:09:48.040,33.6527286,-117.3030634,-56.2851,-10.8588,9.79018,-0.414,-0.059,-3.48,-0.0606147,0
1060.64,2026-08-15T15:09:48.080,33.6527278,-117.3030594,-55.9148,-10.9478,9.63371,-0.421,-0.053,-3.4,-0.0582748,0
1060.68,2026-08-15T15:09:48.120,33.6527271,-117.3030554,-55.5446,-11.0256,9.51301,-0.421,-0.048,-3.31,-0.0560215,0
1060.72,2026-08-15T15:09:48.160,33.6527264,-117.3030515,-55.1836,-11.1035,9.40125,-0.417,-0.043,-3.22,-0.053858,0
1060.76,2026-08-15T15:09:48.200,33.6527255,-117.3030477,-54.8319,-11.2035,9.27161,-0.41,-0.041,-3.14,-0.0517956,0
1060.8,2026-08-15T15:09:48.240,33.6527249,-117.3030439,-54.4801,-11.2702,9.11962,-0.405,-0.04,-3.04,-0.049324,0
1060.84,2026-08-15T15:09:48.280,33.6527242,-117.3030402,-54.1377,-11.3481,8.96315,-0.4,-0.039,-2.91,-0.0464047,0
1060.88,2026-08-15T15:09:48.320,33.6527235,-117.3030365,-53.7952,-11.4259,8.84245,-0.4,-0.038,-2.76,-0.04342,0
1060.92,2026-08-15T15:09:48.360,33.6527228,-117.3030329,-53.462,-11.5038,8.72622,-0.4,-0.035,-2.6,-0.0403653,0
1060.96,2026-08-15T15:09:48.400,33.6527221,-117.3030293,-53.1288,-11.5816,8.58317,-0.4,-0.031,-2.44,-0.0372603,0
1061,2026-08-15T15:09:48.440,33.6527214,-117.3030259,-52.8141,-11.6594,8.43564,-0.401,-0.028,-2.31,-0.0346688,0
1061.04,2026-08-15T15:09:48.480,33.6527207,-117.3030224,-52.4901,-11.7373,8.28365,-0.402,-0.024,-2.19,-0.0322756,0
1061.08,2026-08-15T15:09:48.520,33.6527200,-117.3030191,-52.1847,-11.8151,8.1406,-0.405,-0.017,-2.08,-0.0301251,0
1061.12,2026-08-15T15:09:48.560,33.6527193,-117.3030158,-51.8792,-11.8929,7.99308,-0.407,-0.01,-1.97,-0.0280149,0
1061.16,2026-08-15T15:09:48.600,33.6527186,-117.3030125,-51.5738,-11.9708,7.8679,-0.408,-0.001,-1.85,-0.0258964,0
1061.2,2026-08-15T15:09:48.640,33.6527180,-117.3030093,-51.2776,-12.0375,7.75167,-0.407,0.005,-1.74,-0.0239968,0
1061.24,2026-08-15T15:09:48.680,33.6527174,-117.3030062,-50.9906,-12.1042,7.59521,-0.4,0.006,-1.61,-0.0217557,0
1061.28,2026-08-15T15:09:48.720,33.6527167,-117.3030031,-50.7037,-12.182,7.48792,-0.389,0.004,-1.45,-0.0193169,0
1061.32,2026-08-15T15:09:48.760,33.6527161,-117.3030001,-50.426,-12.2488,7.35381,-0.376,0.003,-1.27,-0.0166159,0
1061.36,2026-08-15T15:09:48.800,33.6527155,-117.3029971,-50.1483,-12.3155,7.20628,-0.362,0.001,-1.07,-0.0137184,0
1061.4,2026-08-15T15:09:48.840,33.6527149,-117.3029942,-49.8799,-12.3822,7.12135,-0.346,0,-0.85,-0.0107693,0
1061.44,2026-08-15T15:09:48.880,33.6527143,-117.3029912,-49.6022,-12.4489,7.04088,-0.331,0,-0.64,-0.00801706,0
1061.48,2026-08-15T15:09:48.920,33.6527137,-117.3029884,-49.3431,-12.5156,6.91571,-0.318,0.001,-0.46,-0.00565982,0
1061.52,2026-08-15T15:09:48.960,33.6527131,-117.3029856,-49.0839,-12.5823,6.83077,-0.305,0.005,-0.28,-0.0034028,0
1061.56,2026-08-15T15:09:49.000,33.6527125,-117.3029827,-48.8155,-12.6491,6.75477,-0.295,0.01,-0.12,-0.00144212,0
1061.6,2026-08-15T15:09:49.040,33.6527120,-117.3029800,-48.5656,-12.7047,6.6609,-0.289,0.017,0.02,2.370124e-04,0
1061.64,2026-08-15T15:09:49.080,33.6527114,-117.3029773,-48.3156,-12.7714,6.55361,-0.286,0.026,0.17,0.00198216,0
1061.68,2026-08-15T15:09:49.120,33.6527109,-117.3029746,-48.0657,-12.827,6.43738,-0.282,0.036,0.31,0.00355041,0
1061.72,2026-08-15T15:09:49.160,33.6527103,-117.3029720,-47.8251,-12.8937,6.32115,-0.277,0.042,0.45,0.00506077,0
1061.76,2026-08-15T15:09:49.200,33.6527097,-117.3029694,-47.5844,-12.9604,6.28091,-0.268,0.045,0.58,0.00648125,0
1061.8,2026-08-15T15:09:49.240,33.6527093,-117.3029668,-47.3438,-13.0049,6.20492,-0.254,0.043,0.72,0.00794834,0
1061.84,2026-08-15T15:09:49.280,33.6527088,-117.3029643,-47.1124,-13.0605,6.13786,-0.239,0.035,0.88,0.00960966,0
1061.88,2026-08-15T15:09:49.320,33.6527083,-117.3029617,-46.8717,-13.1161,6.07527,-0.226,0.024,1.05,0.0113492,0
1061.92,2026-08-15T15:09:49.360,33.6527078,-117.3029592,-46.6403,-13.1717,6.03504,-0.216,0.015,1.26,0.0135288,0
1061.96,2026-08-15T15:09:49.400,33.6527073,-117.3029567,-46.4089,-13.2273,5.97245,-0.21,0.01,1.47,0.0156199,0
1062,2026-08-15T15:09:49.440,33.6527069,-117.3029543,-46.1868,-13.2718,5.89646,-0.206,0.011,1.65,0.0173095,0
1062.04,2026-08-15T15:09:49.480,33.6527064,-117.3029519,-45.9646,-13.3274,5.8294,-0.202,0.018,1.8,0.0186683,0
1062.08,2026-08-15T15:09:49.520,33.6527059,-117.3029495,-45.7425,-13.383,5.76682,-0.194,0.028,1.94,0.0199043,0
1062.12,2026-08-15T15:09:49.560,33.6527054,-117.3029471,-45.5203,-13.4386,5.71317,-0.182,0.038,2.07,0.0210405,0
1062.16,2026-08-15T15:09:49.600,33.6527050,-117.3029447,-45.2982,-13.483,5.67741,-0.169,0.048,2.22,0.0224239,0
1062.2,2026-08-15T15:09:49.640,33.6527046,-117.3029424,-45.0853,-13.5275,5.65953,-0.156,0.055,2.42,0.0243671,0
1062.24,2026-08-15T15:09:49.680,33.6527042,-117.3029400,-44.8632,-13.572,5.60588,-0.146,0.062,2.64,0.0263303,0
1062.28,2026-08-15T15:09:49.720,33.6527037,-117.3029377,-44.6503,-13.6276,5.588,-0.14,0.066,2.87,0.0285329,0
1062.32,2026-08-15T15:09:49.760,33.6527033,-117.3029354,-44.4374,-13.6721,5.52988,-0.136,0.066,3.1,0.030499,0
1062.36,2026-08-15T15:09:49.800,33.6527029,-117.3029331,-44.2245,-13.7165,5.49859,-0.134,0.065,3.33,0.0325765,0
1062.4,2026-08-15T15:09:49.840,33.6527024,-117.3029308,-44.0116,-13.7721,5.46283,-0.133,0.06,3.53,0.0343084,0
1062.44,2026-08-15T15:09:49.880,33.6527021,-117.3029285,-43.7987,-13.8055,5.40918,-0.131,0.055,3.73,0.0358962,0
1062.48,2026-08-15T15:09:49.920,33.6527018,-117.3029263,-43.5951,-13.8389,5.38683,-0.132,0.054,3.93,0.0376647,0
1062.52,2026-08-15T15:09:49.960,33.6527014,-117.3029240,-43.3822,-13.8833,5.37342,-0.133,0.056,4.16,0.0397697,0
1062.56,2026-08-15T15:09:50.000,33.6527010,-117.3029218,-43.1786,-13.9278,5.31978,-0.134,0.06,4.39,0.0415495,0
1062.6,2026-08-15T15:09:50.040,33.6527006,-117.3029196,-42.9749,-13.9723,5.2706,-0.137,0.068,4.64,0.0435097,0
1062.64,2026-08-15T15:09:50.080,33.6527003,-117.3029174,-42.7713,-14.0056,5.2259,-0.141,0.076,4.93,0.045837,0
1062.68,2026-08-15T15:09:50.120,33.6527000,-117.3029152,-42.5677,-14.039,5.18566,-0.145,0.083,5.2,0.0479751,0
1062.72,2026-08-15T15:09:50.160,33.6526997,-117.3029130,-42.3641,-14.0724,5.1499,-0.148,0.089,5.45,0.0499348,0
1062.76,2026-08-15T15:09:50.200,33.6526994,-117.3029109,-42.1697,-14.1057,5.1052,-0.15,0.092,5.69,0.0516813,0
1062.8,2026-08-15T15:09:50.240,33.6526992,-117.3029088,-41.9753,-14.128,5.0739,-0.151,0.092,5.91,0.0533505,0
1062.84,2026-08-15T15:09:50.280,33.6526989,-117.3029066,-41.7717,-14.1613,5.03814,-0.151,0.088,6.09,0.0545878,0
1062.88,2026-08-15T15:09:50.320,33.6526987,-117.3029045,-41.5773,-14.1836,4.98897,-0.151,0.081,6.29,0.0558303,0
1062.92,2026-08-15T15:09:50.360,33.6526984,-117.3029024,-41.3829,-14.2169,4.94426,-0.15,0.074,6.48,0.0570013,0
1062.96,2026-08-15T15:09:50.400,33.6526982,-117.3029004,-41.1978,-14.2392,4.89062,-0.148,0.067,6.67,0.0580361,0
1063,2026-08-15T15:09:50.440,33.6526979,-117.3028983,-41.0034,-14.2725,4.83697,-0.145,0.064,6.86,0.0590345,0
1063.04,2026-08-15T15:09:50.480,33.6526977,-117.3028963,-40.8183,-14.2948,4.81015,-0.141,0.066,7.04,0.0602476,0
1063.08,2026-08-15T15:09:50.520,33.6526975,-117.3028943,-40.6332,-14.317,4.77439,-0.137,0.072,7.2,0.0611587,0
1063.12,2026-08-15T15:09:50.560,33.6526973,-117.3028922,-40.4388,-14.3392,4.76545,-0.129,0.083,7.33,0.0621464,0
1063.16,2026-08-15T15:09:50.600,33.6526971,-117.3028902,-40.2537,-14.3615,4.75651,-0.119,0.094,7.44,0.0629607,0
1063.2,2026-08-15T15:09:50.640,33.6526970,-117.3028882,-40.0686,-14.3726,4.72968,-0.106,0.102,7.53,0.0633629,0
1063.24,2026-08-15T15:09:50.680,33.6526968,-117.3028862,-39.8834,-14.3948,4.69392,-0.09,0.104,7.6,0.0634684,0
1063.28,2026-08-15T15:09:50.720,33.6526967,-117.3028842,-39.6983,-14.4059,4.69839,-0.077,0.101,7.65,0.0639468,0
1063.32,2026-08-15T15:09:50.760,33.6526965,-117.3028822,-39.5132,-14.4282,4.69392,-0.07,0.094,7.68,0.0641365,0
1063.36,2026-08-15T15:09:50.800,33.6526965,-117.3028801,-39.3188,-14.4282,4.70286,-0.066,0.085,7.7,0.064426,0
1063.4,2026-08-15T15:09:50.840,33.6526963,-117.3028782,-39.143,-14.4504,4.65816,-0.065,0.078,7.69,0.0637307,0
