t_s,time_local,lat_deg,lon_deg,east_m,north_m,speed_mps,a_long_g,a_lat_g,yaw_rate_dps,a_lat_kin_g,in_gates
1420.68,2026-08-15T15:15:48.120,33.6525811,-117.3018425,56.7213,-27.2601,0.0268224,-0.06,0.005,0,0,0
1420.72,2026-08-15T15:15:48.160,33.6525811,-117.3018425,56.7213,-27.2601,0.0268224,-0.06,0.005,0,0,0
1420.76,2026-08-15T15:15:48.200,33.6525811,-117.3018425,56.7213,-27.2601,0.0134112,-0.06,0.005,0,0,0
1420.8,2026-08-15T15:15:48.240,33.6525811,-117.3018425,56.7213,-27.2601,0.0044704,-0.061,0.004,0,0,0
1420.84,2026-08-15T15:15:48.280,33.6525811,-117.3018425,56.7213,-27.2601,0.022352,-0.061,0.004,0,0,0
1420.88,2026-08-15T15:15:48.320,33.6525811,-117.3018425,56.7213,-27.2601,0.0268224,-0.061,0.004,0,0,0
1420.92,2026-08-15T15:15:48.360,33.6525811,-117.3018425,56.7213,-27.2601,0.0178816,-0.06,0.004,0,0,0
1420.96,2026-08-15T15:15:48.400,33.6525811,-117.3018425,56.7213,-27.2601,0.022352,-0.06,0.003,0,0,0
1421,2026-08-15T15:15:48.440,33.6525811,-117.3018425,56.7213,-27.2601,0.0089408,-0.06,0.003,0,0,0
1421.04,2026-08-15T15:15:48.480,33.6525811,-117.3018425,56.7213,-27.2601,0.0268224,-0.06,0.004,0,0,0
1421.08,2026-08-15T15:15:48.520,33.6525811,-117.3018425,56.7213,-27.2601,0.0268224,-0.061,0.004,0,0,0
1421.12,2026-08-15T15:15:48.560,33.6525811,-117.3018425,56.7213,-27.2601,0.0044704,-0.061,0.005,0,0,0
1421.16,2026-08-15T15:15:48.600,33.6525811,-117.3018425,56.7213,-27.2601,0.0357632,-0.061,0.005,0,0,0
1421.2,2026-08-15T15:15:48.640,33.6525811,-117.3018425,56.7213,-27.2601,0.022352,-0.061,0.005,0.01,3.976718e-07,0
1421.24,2026-08-15T15:15:48.680,33.6525811,-117.3018425,56.7213,-27.2601,0.0268224,-0.06,0.005,0.01,4.772061e-07,0
1421.28,2026-08-15T15:15:48.720,33.6525811,-117.3018425,56.7213,-27.2601,0.0134112,-0.059,0.004,0.01,2.386031e-07,0
1421.32,2026-08-15T15:15:48.760,33.6525811,-117.3018425,56.7213,-27.2601,0.0044704,-0.059,0.004,0.01,7.953435e-08,0
1421.36,2026-08-15T15:15:48.800,33.6525812,-117.3018425,56.7213,-27.249,0.0134112,-0.059,0.004,0.01,2.386031e-07,0
1421.4,2026-08-15T15:15:48.840,33.6525812,-117.3018425,56.7213,-27.249,0.0178816,-0.06,0.005,0.01,3.181374e-07,0
1421.44,2026-08-15T15:15:48.880,33.6525812,-117.3018425,56.7213,-27.249,0.022352,-0.06,0.005,0.01,3.976718e-07,0
1421.48,2026-08-15T15:15:48.920,33.6525812,-117.3018425,56.7213,-27.249,0.0312928,-0.06,0.005,0.01,5.567405e-07,0
1421.52,2026-08-15T15:15:48.960,33.6525812,-117.3018425,56.7213,-27.249,0.0134112,-0.06,0.005,0.01,2.386031e-07,0
1421.56,2026-08-15T15:15:49.000,33.6525812,-117.3018425,56.7213,-27.249,0.0178816,-0.06,0.005,0,0,0
1421.6,2026-08-15T15:15:49.040,33.6525812,-117.3018425,56.7213,-27.249,0.0268224,-0.061,0.005,0,0,0
1421.64,2026-08-15T15:15:49.080,33.6525812,-117.3018425,56.7213,-27.249,0.0178816,-0.061,0.005,-0.01,-3.181374e-07,0
1421.68,2026-08-15T15:15:49.120,33.6525812,-117.3018425,56.7213,-27.249,0.0089408,-0.061,0.005,-0.02,-3.181374e-07,0
1421.72,2026-08-15T15:15:49.160,33.6525812,-117.3018425,56.7213,-27.249,0.0134112,-0.061,0.005,-0.02,-4.772061e-07,0
1421.76,2026-08-15T15:15:49.200,33.6525812,-117.3018425,56.7213,-27.249,0.0134112,-0.06,0.005,-0.01,-2.386031e-07,0
1421.8,2026-08-15T15:15:49.240,33.6525812,-117.3018425,56.7213,-27.249,0.0268224,-0.059,0.006,0,0,0
1421.84,2026-08-15T15:15:49.280,33.6525812,-117.3018425,56.7213,-27.249,0.022352,-0.059,0.007,0,0,0
1421.88,2026-08-15T15:15:49.320,33.6525812,-117.3018425,56.7213,-27.249,0.0044704,-0.059,0.007,0,0,0
1421.92,2026-08-15T15:15:49.360,33.6525812,-117.3018425,56.7213,-27.249,0.0044704,-0.06,0.007,0,0,0
1421.96,2026-08-15T15:15:49.400,33.6525812,-117.3018425,56.7213,-27.249,0.0178816,-0.06,0.005,-0.01,-3.181374e-07,0
1422,2026-08-15T15:15:49.440,33.6525812,-117.3018426,56.712,-27.249,0.0134112,-0.061,0.004,-0.01,-2.386031e-07,0
1422.04,2026-08-15T15:15:49.480,33.6525813,-117.3018426,56.712,-27.2378,0.0134112,-0.06,0.003,-0.01,-2.386031e-07,0
1422.08,2026-08-15T15:15:49.520,33.6525813,-117.3018426,56.712,-27.2378,0.0134112,-0.06,0.003,0,0,0
1422.12,2026-08-15T15:15:49.560,33.6525813,-117.3018426,56.712,-27.2378,0.0134112,-0.059,0.004,0,0,0
1422.16,2026-08-15T15:15:49.600,33.6525812,-117.3018426,56.712,-27.249,0.0491744,-0.059,0.005,0,0,0
1422.2,2026-08-15T15:15:49.640,33.6525812,-117.3018426,56.712,-27.249,0.0402336,-0.058,0.006,0,0,0
1422.24,2026-08-15T15:15:49.680,33.6525813,-117.3018426,56.712,-27.2378,0.0268224,-0.058,0.006,0,0,0
1422.28,2026-08-15T15:15:49.720,33.6525813,-117.3018426,56.712,-27.2378,0.0402336,-0.059,0.006,0,0,0
1422.32,2026-08-15T15:15:49.760,33.6525813,-117.3018426,56.712,-27.2378,0.0089408,-0.059,0.005,0,0,0
1422.36,2026-08-15T15:15:49.800,33.6525813,-117.3018426,56.712,-27.2378,0.0134112,-0.06,0.005,0,0,0
1422.4,2026-08-15T15:15:49.840,33.6525813,-117.3018426,56.712,-27.2378,0.0134112,-0.06,0.004,0,0,0
1422.44,2026-08-15T15:15:49.880,33.6525813,-117.3018427,56.7027,-27.2378,0.0402336,-0.06,0.003,0,0,0
1422.48,2026-08-15T15:15:49.920,33.6525813,-117.3018427,56.7027,-27.2378,0.0312928,-0.06,0.003,0,0,0
1422.52,2026-08-15T15:15:49.960,33.6525813,-117.3018427,56.7027,-27.2378,0.0402336,-0.06,0.004,0,0,0
1422.56,2026-08-15T15:15:50.000,33.6525814,-117.3018427,56.7027,-27.2267,0.0268224,-0.06,0.005,0,0,0
1422.6,2026-08-15T15:15:50.040,33.6525814,-117.3018427,56.7027,-27.2267,0.0089408,-0.059,0.006,0.01,1.590687e-07,0
1422.64,2026-08-15T15:15:50.080,33.6525814,-117.3018427,56.7027,-27.2267,0.0134112,-0.059,0.007,0.01,2.386031e-07,0
1422.68,2026-08-15T15:15:50.120,33.6525814,-117.3018427,56.7027,-27.2267,0.0268224,-0.057,0.006,0,0,0
1422.72,2026-08-15T15:15:50.160,33.6525814,-117.3018427,56.7027,-27.2267,0.0268224,-0.045,0.005,0,0,0
1422.76,2026-08-15T15:15:50.200,33.6525814,-117.3018427,56.7027,-27.2267,0.0312928,-0.019,0.004,0.01,5.567405e-07,0
1422.8,2026-08-15T15:15:50.240,33.6525814,-117.3018428,56.6935,-27.2267,0.0804672,0.044,0.002,0.03,4.294855e-06,0
1422.84,2026-08-15T15:15:50.280,33.6525813,-117.3018428,56.6935,-27.2378,0.174346,0.15,0.004,0.06,1.861104e-05,0
1422.88,2026-08-15T15:15:50.320,33.6525811,-117.3018429,56.6842,-27.2601,0.415747,0.291,0.003,0.09,6.657025e-05,0
1422.92,2026-08-15T15:15:50.360,33.6525809,-117.3018431,56.6657,-27.2823,0.78232,0.461,0.001,0.08,1.113481e-04,0
1422.96,2026-08-15T15:15:50.400,33.6525803,-117.3018435,56.6287,-27.349,1.24724,0.633,-0.001,0,0,0
1423,2026-08-15T15:15:50.440,33.6525797,-117.3018438,56.6009,-27.4158,1.6764,0.78,-0.004,-0.16,-4.772061e-04,0
1423.04,2026-08-15T15:15:50.480,33.6525789,-117.3018443,56.5547,-27.5047,2.02509,0.882,-0.011,-0.37,-0.00133308,0
1423.08,2026-08-15T15:15:50.520,33.6525780,-117.3018449,56.4991,-27.6048,2.4006,0.947,-0.014,-0.64,-0.00273344,0
1423.12,2026-08-15T15:15:50.560,33.6525770,-117.3018455,56.4436,-27.716,2.78059,0.968,-0.019,-1.04,-0.00514492,0
1423.16,2026-08-15T15:15:50.600,33.6525759,-117.3018462,56.3788,-27.8383,3.16057,0.965,-0.026,-1.59,-0.0089407,0
1423.2,2026-08-15T15:15:50.640,33.6525747,-117.3018470,56.3047,-27.9717,3.50032,0.953,-0.034,-2.32,-0.0144479,0
1423.24,2026-08-15T15:15:50.680,33.6525734,-117.3018478,56.2307,-28.1163,3.84007,0.932,-0.055,-3.3,-0.0225456,0
1423.28,2026-08-15T15:15:50.720,33.6525720,-117.3018488,56.1381,-28.272,4.23347,0.907,-0.081,-4.43,-0.0333663,0
1423.32,2026-08-15T15:15:50.760,33.6525706,-117.3018498,56.0456,-28.4276,4.61792,0.88,-0.104,-5.64,-0.0463377,0
1423.36,2026-08-15T15:15:50.800,33.6525689,-117.3018510,55.9345,-28.6167,4.93532,0.853,-0.125,-6.94,-0.0609373,0
1423.4,2026-08-15T15:15:50.840,33.6525671,-117.3018522,55.8234,-28.8168,5.30189,0.824,-0.147,-8.39,-0.079141,0
1423.44,2026-08-15T15:15:50.880,33.6525653,-117.3018536,55.6938,-29.017,5.61929,0.805,-0.169,-9.83,-0.0982751,0
1423.48,2026-08-15T15:15:50.920,33.6525634,-117.3018551,55.555,-29.2282,5.92775,0.795,-0.193,-11.26,-0.118751,0
1423.52,2026-08-15T15:15:50.960,33.6525615,-117.3018565,55.4254,-29.4395,6.19597,0.795,-0.217,-12.6,-0.138896,0
1423.56,2026-08-15T15:15:51.000,33.6525595,-117.3018583,55.2588,-29.6619,6.55808,0.798,-0.23,-13.74,-0.160314,0
1423.6,2026-08-15T15:15:51.040,33.6525573,-117.3018601,55.0922,-29.9065,6.96935,0.801,-0.234,-14.63,-0.181403,0
1423.64,2026-08-15T15:15:51.080,33.6525551,-117.3018619,54.9256,-30.1511,7.32252,0.796,-0.231,-15.46,-0.201409,0
1423.68,2026-08-15T15:15:51.120,33.6525528,-117.3018639,54.7405,-30.4069,7.61756,0.781,-0.228,-16.34,-0.22145,1
1423.72,2026-08-15T15:15:51.160,33.6525505,-117.3018660,54.5461,-30.6626,7.87684,0.763,-0.233,-17.32,-0.242722,1
1423.76,2026-08-15T15:15:51.200,33.6525481,-117.3018680,54.361,-30.9295,8.1406,0.741,-0.25,-18.43,-0.266925,1
1423.8,2026-08-15T15:15:51.240,33.6525457,-117.3018704,54.1388,-31.1964,8.44459,0.713,-0.279,-19.65,-0.295222,1
1423.84,2026-08-15T15:15:51.280,33.6525430,-117.3018728,53.9167,-31.4966,8.70834,0.683,-0.314,-20.81,-0.322415,1
1423.88,2026-08-15T15:15:51.320,33.6525405,-117.3018753,53.6853,-31.7746,8.94527,0.651,-0.358,-21.83,-0.347421,1
1423.92,2026-08-15T15:15:51.360,33.6525379,-117.3018778,53.4539,-32.0637,9.16879,0.616,-0.4,-22.71,-0.370457,1
1423.96,2026-08-15T15:15:51.400,33.6525354,-117.3018807,53.1855,-32.3417,9.38784,0.582,-0.434,-23.49,-0.392335,1
1424,2026-08-15T15:15:51.440,33.6525329,-117.3018836,52.9171,-32.6197,9.60689,0.555,-0.462,-24.13,-0.412428,1
1424.04,2026-08-15T15:15:51.480,33.6525303,-117.3018866,52.6394,-32.9088,9.82594,0.533,-0.482,-24.72,-0.432146,1
1424.08,2026-08-15T15:15:51.520,33.6525278,-117.3018898,52.3432,-33.1868,10.0495,0.52,-0.482,-25.3,-0.452347,1
1424.12,2026-08-15T15:15:51.560,33.6525252,-117.3018930,52.047,-33.4759,10.273,0.517,-0.473,-25.86,-0.472643,1
1424.16,2026-08-15T15:15:51.600,33.6525226,-117.3018964,51.7323,-33.765,10.5278,0.523,-0.476,-26.37,-0.493919,1
1424.2,2026-08-15T15:15:51.640,33.6525199,-117.3018999,51.4083,-34.0652,10.7558,0.533,-0.497,-26.83,-0.513418,1
1424.24,2026-08-15T15:15:51.680,33.6525173,-117.3019034,51.0844,-34.3543,11.0151,0.541,-0.527,-27.18,-0.532654,1
1424.28,2026-08-15T15:15:51.720,33.6525147,-117.3019074,50.7141,-34.6434,11.2788,0.536,-0.563,-27.36,-0.54902,1
1424.32,2026-08-15T15:15:51.760,33.6525120,-117.3019113,50.3531,-34.9436,11.48,0.508,-0.578,-27.42,-0.560038,1
1424.36,2026-08-15T15:15:51.800,33.6525095,-117.3019153,49.9829,-35.2216,11.6409,0.454,-0.577,-27.41,-0.567682,1
1424.4,2026-08-15T15:15:51.840,33.6525069,-117.3019194,49.6034,-35.5107,11.7482,0.375,-0.576,-27.48,-0.574377,1
1424.44,2026-08-15T15:15:51.880,33.6525044,-117.3019236,49.2147,-35.7887,11.7661,0.283,-0.586,-27.7,-0.579856,1
1424.48,2026-08-15T15:15:51.920,33.6525021,-117.3019278,48.8259,-36.0445,11.7393,0.193,-0.612,-28.07,-0.586262,1
1424.52,2026-08-15T15:15:51.960,33.6524998,-117.3019319,48.4464,-36.3002,11.7259,0.111,-0.646,-28.65,-0.597692,1
1424.56,2026-08-15T15:15:52.000,33.6524976,-117.3019364,48.0299,-36.5449,11.708,0.056,-0.674,-29.25,-0.609279,1
1424.6,2026-08-15T15:15:52.040,33.6524955,-117.3019408,47.6226,-36.7784,11.7437,0.033,-0.688,-29.83,-0.623258,1
1424.64,2026-08-15T15:15:52.080,33.6524934,-117.3019453,47.2061,-37.0119,11.8242,0.043,-0.699,-30.33,-0.638047,1
1424.68,2026-08-15T15:15:52.120,33.6524915,-117.3019498,46.7896,-37.2231,11.9673,0.077,-0.707,-30.65,-0.65258,1
1424.72,2026-08-15T15:15:52.160,33.6524895,-117.3019546,46.3453,-37.4455,12.1193,0.121,-0.724,-30.7,-0.661946,1
1424.76,2026-08-15T15:15:52.200,33.6524876,-117.3019594,45.901,-37.6568,12.307,0.155,-0.734,-30.51,-0.668041,1
1424.8,2026-08-15T15:15:52.240,33.6524857,-117.3019644,45.4382,-37.8681,12.3964,0.182,-0.733,-30.18,-0.665616,1
1424.84,2026-08-15T15:15:52.280,33.6524839,-117.3019694,44.9754,-38.0682,12.4814,0.192,-0.723,-29.85,-0.662849,1
1424.88,2026-08-15T15:15:52.320,33.6524822,-117.3019745,44.5034,-38.2573,12.535,0.199,-0.704,-29.66,-0.66146,1
1424.92,2026-08-15T15:15:52.360,33.6524806,-117.3019795,44.0406,-38.4352,12.6512,0.211,-0.693,-29.63,-0.666919,1
1424.96,2026-08-15T15:15:52.400,33.6524790,-117.3019847,43.5593,-38.6131,12.7943,0.225,-0.698,-29.73,-0.676736,1
1425,2026-08-15T15:15:52.440,33.6524776,-117.3019902,43.0502,-38.7688,12.9418,0.246,-0.71,-29.85,-0.687302,1
1425.04,2026-08-15T15:15:52.480,33.6524762,-117.3019957,42.5411,-38.9244,13.143,0.268,-0.718,-29.87,-0.698453,1
1425.08,2026-08-15T15:15:52.520,33.6524748,-117.3020012,42.032,-39.0801,13.3039,0.287,-0.726,-29.76,-0.704402,1
1425.12,2026-08-15T15:15:52.560,33.6524735,-117.3020068,41.5137,-39.2247,13.4246,0.296,-0.728,-29.57,-0.706255,1
1425.16,2026-08-15T15:15:52.600,33.6524723,-117.3020125,40.9861,-39.3581,13.5855,0.303,-0.731,-29.29,-0.707954,1
1425.2,2026-08-15T15:15:52.640,33.6524712,-117.3020183,40.4492,-39.4804,13.6928,0.294,-0.736,-29.01,-0.706723,1
1425.24,2026-08-15T15:15:52.680,33.6524702,-117.3020242,39.9031,-39.5916,13.8091,0.279,-0.744,-28.79,-0.707317,1
1425.28,2026-08-15T15:15:52.720,33.6524692,-117.3020300,39.3663,-39.7028,13.9476,0.259,-0.75,-28.61,-0.709949,1
1425.32,2026-08-15T15:15:52.760,33.6524684,-117.3020360,38.8109,-39.7917,14.0058,0.24,-0.757,-28.54,-0.711163,1
1425.36,2026-08-15T15:15:52.800,33.6524676,-117.3020420,38.2556,-39.8807,14.0818,0.227,-0.757,-28.56,-0.715523,1
1425.4,2026-08-15T15:15:52.840,33.6524670,-117.3020482,37.6817,-39.9474,14.1935,0.225,-0.759,-28.64,-0.723222,1
1425.44,2026-08-15T15:15:52.880,33.6524664,-117.3020542,37.1263,-40.0141,14.2874,0.233,-0.764,-28.76,-0.731056,1
1425.48,2026-08-15T15:15:52.920,33.6524659,-117.3020606,36.534,-40.0697,14.4394,0.247,-0.768,-28.85,-0.741145,1
1425.52,2026-08-15T15:15:52.960,33.6524654,-117.3020668,35.9601,-40.1253,14.569,0.26,-0.776,-28.85,-0.747799,1
1425.56,2026-08-15T15:15:53.000,33.6524653,-117.3020733,35.3584,-40.1365,14.73,0.267,-0.78,-28.71,-0.752391,1
1425.6,2026-08-15T15:15:53.040,33.6524651,-117.3020798,34.7568,-40.1587,14.9088,0.266,-0.786,-28.49,-0.755689,1
1425.64,2026-08-15T15:15:53.080,33.6524651,-117.3020862,34.1644,-40.1587,15.0027,0.261,-0.788,-28.15,-0.751372,1
1425.68,2026-08-15T15:15:53.120,33.6524651,-117.3020927,33.5628,-40.1587,15.0652,0.254,-0.789,-27.71,-0.742713,1
1425.72,2026-08-15T15:15:53.160,33.6524652,-117.3020992,32.9611,-40.1476,15.1412,0.248,-0.785,-27.15,-0.731374,1
1425.76,2026-08-15T15:15:53.200,33.6524654,-117.3021059,32.341,-40.1253,15.2798,0.249,-0.776,-26.52,-0.720942,1
1425.8,2026-08-15T15:15:53.240,33.6524658,-117.3021126,31.7208,-40.0809,15.4497,0.253,-0.762,-25.78,-0.708617,1
1425.84,2026-08-15T15:15:53.280,33.6524662,-117.3021193,31.1007,-40.0364,15.5704,0.255,-0.746,-25.01,-0.692822,1
1425.88,2026-08-15T15:15:53.320,33.6524668,-117.3021262,30.462,-39.9697,15.6732,0.258,-0.732,-24.21,-0.67509,1
1425.92,2026-08-15T15:15:53.360,33.6524674,-117.3021329,29.8419,-39.9029,15.7582,0.264,-0.712,-23.4,-0.656039,1
1425.96,2026-08-15T15:15:53.400,33.6524681,-117.3021398,29.2032,-39.8251,15.8833,0.267,-0.696,-22.59,-0.638361,1
1426,2026-08-15T15:15:53.440,33.6524689,-117.3021466,28.5738,-39.7362,16.0219,0.274,-0.676,-21.73,-0.619416,1
1426.04,2026-08-15T15:15:53.480,33.6524698,-117.3021535,27.9351,-39.6361,16.1739,0.28,-0.657,-20.86,-0.600258,1
1426.08,2026-08-15T15:15:53.520,33.6524708,-117.3021605,27.2872,-39.5249,16.2991,0.279,-0.638,-20,-0.579964,1
1426.12,2026-08-15T15:15:53.560,33.6524719,-117.3021676,26.6301,-39.4026,16.4153,0.275,-0.616,-19.18,-0.560152,1
1426.16,2026-08-15T15:15:53.600,33.6524730,-117.3021746,25.9821,-39.2803,16.5271,0.267,-0.592,-18.35,-0.539561,1
1426.2,2026-08-15T15:15:53.640,33.6524742,-117.3021817,25.325,-39.1468,16.6344,0.252,-0.571,-17.53,-0.518796,1
1426.24,2026-08-15T15:15:53.680,33.6524755,-117.3021887,24.677,-39.0023,16.7372,0.232,-0.555,-16.66,-0.496096,1
1426.28,2026-08-15T15:15:53.720,33.6524769,-117.3021959,24.0106,-38.8466,16.84,0.2,-0.534,-15.69,-0.470082,1
1426.32,2026-08-15T15:15:53.760,33.6524783,-117.3022030,23.3534,-38.6909,16.8802,0.139,-0.505,-14.55,-0.436968,1
1426.36,2026-08-15T15:15:53.800,33.6524797,-117.3022100,22.7055,-38.5352,16.8355,0.062,-0.464,-13.32,-0.398969,1
1426.4,2026-08-15T15:15:53.840,33.6524812,-117.3022170,22.0576,-38.3685,16.764,-0.024,-0.41,-11.98,-0.357308,1
1426.44,2026-08-15T15:15:53.880,33.6524827,-117.3022239,21.4189,-38.2017,16.6746,-0.11,-0.332,-10.32,-0.306156,1
1426.48,2026-08-15T15:15:53.920,33.6524842,-117.3022310,20.7618,-38.0349,16.6478,-0.172,-0.247,-8.32,-0.246427,1
1426.52,2026-08-15T15:15:53.960,33.6524856,-117.3022378,20.1324,-37.8792,16.5718,-0.201,-0.162,-5.6,-0.165107,1
1426.56,2026-08-15T15:15:54.000,33.6524870,-117.3022447,19.4937,-37.7235,16.5181,-0.192,-0.075,-2.19,-0.0643596,1
1426.6,2026-08-15T15:15:54.040,33.6524884,-117.3022516,18.855,-37.5678,16.5137,-0.158,0.026,1.85,0.054353,1
1426.64,2026-08-15T15:15:54.080,33.6524897,-117.3022586,18.2071,-37.4233,16.5673,-0.109,0.145,6.24,0.183927,1
1426.68,2026-08-15T15:15:54.120,33.6524911,-117.3022657,17.5499,-37.2676,16.6701,-0.057,0.282,10.7,0.317344,1
1426.72,2026-08-15T15:15:54.160,33.6524922,-117.3022728,16.8928,-37.1453,16.6567,-0.026,0.427,14.85,0.440072,1
1426.76,2026-08-15T15:15:54.200,33.6524933,-117.3022799,16.2356,-37.023,16.6701,-0.019,0.56,18.47,0.54779,1
1426.8,2026-08-15T15:15:54.240,33.6524942,-117.3022870,15.5784,-36.9229,16.6165,-0.031,0.667,21.54,0.636785,1
1426.84,2026-08-15T15:15:54.280,33.6524951,-117.3022940,14.9305,-36.8228,16.5315,-0.061,0.751,24.27,0.713824,1
1426.88,2026-08-15T15:15:54.320,33.6524959,-117.3023010,14.2826,-36.7339,16.4287,-0.089,0.81,26.58,0.776903,1
1426.92,2026-08-15T15:15:54.360,33.6524963,-117.3023080,13.6347,-36.6894,16.3661,-0.105,0.85,28.42,0.82752,1
1426.96,2026-08-15T15:15:54.400,33.6524968,-117.3023151,12.9775,-36.6338,16.384,-0.115,0.879,29.87,0.870691,1
1427,2026-08-15T15:15:54.440,33.6524973,-117.3023221,12.3296,-36.5782,16.3661,-0.123,0.907,30.89,0.89944,1
1427.04,2026-08-15T15:15:54.480,33.6524976,-117.3023292,11.6724,-36.5449,16.3795,-0.132,0.917,31.51,0.918245,1
1427.08,2026-08-15T15:15:54.520,33.6524978,-117.3023362,11.0245,-36.5226,16.2991,-0.147,0.916,31.98,0.927363,1
1427.12,2026-08-15T15:15:54.560,33.6524978,-117.3023432,10.3765,-36.5226,16.2231,-0.155,0.905,32.42,0.935739,1
1427.16,2026-08-15T15:15:54.600,33.6524975,-117.3023501,9.73788,-36.556,16.165,-0.15,0.893,32.86,0.945041,1
1427.2,2026-08-15T15:15:54.640,33.6524974,-117.3023571,9.08996,-36.5671,16.1471,-0.135,0.898,33.19,0.953476,1
1427.24,2026-08-15T15:15:54.680,33.6524970,-117.3023640,8.4513,-36.6116,16.1828,-0.113,0.929,33.3,0.958755,1
1427.28,2026-08-15T15:15:54.720,33.6524965,-117.3023709,7.81264,-36.6672,16.1337,-0.096,0.973,33.15,0.951536,1
1427.32,2026-08-15T15:15:54.760,33.6524957,-117.3023778,7.17398,-36.7561,16.0979,-0.086,1.005,32.89,0.94198,1
1427.36,2026-08-15T15:15:54.800,33.6524950,-117.3023846,6.54457,-36.834,16.0756,-0.077,1.007,32.62,0.93295,1
1427.4,2026-08-15T15:15:54.840,33.6524941,-117.3023914,5.91516,-36.934,16.0219,-0.063,0.996,32.34,0.921855,1
1427.44,2026-08-15T15:15:54.880,33.6524931,-117.3023982,5.28576,-37.0452,15.9951,-0.04,0.971,31.96,0.909498,1
1427.48,2026-08-15T15:15:54.920,33.6524921,-117.3024049,4.6656,-37.1564,16.0398,-0.011,0.958,31.43,0.896916,1
1427.52,2026-08-15T15:15:54.960,33.6524909,-117.3024118,4.02694,-37.2899,16.1203,0.007,0.952,30.66,0.879331,1
1427.56,2026-08-15T15:15:55.000,33.6524893,-117.3024185,3.40679,-37.4678,16.1605,0.012,0.967,29.82,0.857375,1
1427.6,2026-08-15T15:15:55.040,33.6524879,-117.3024252,2.78664,-37.6234,16.156,0.007,0.973,29.03,0.83443,1
1427.64,2026-08-15T15:15:55.080,33.6524862,-117.3024319,2.16649,-37.8125,16.1203,-0.01,0.977,28.44,0.815662,1
1427.68,2026-08-15T15:15:55.120,33.6524845,-117.3024386,1.54634,-38.0015,16.0711,-0.029,0.971,28.08,0.80288,1
1427.72,2026-08-15T15:15:55.160,33.6524826,-117.3024451,0.944699,-38.2128,16.0711,-0.04,0.957,27.91,0.798019,1
1427.76,2026-08-15T15:15:55.200,33.6524807,-117.3024517,0.333804,-38.4241,16.0443,-0.041,0.941,27.81,0.793833,1
1427.8,2026-08-15T15:15:55.240,33.6524787,-117.3024580,-0.249323,-38.6464,16.0621,-0.039,0.935,27.71,0.79186,1
1427.84,2026-08-15T15:15:55.280,33.6524764,-117.3024645,-0.850962,-38.9022,16.0979,-0.034,0.942,27.52,0.788182,1
1427.88,2026-08-15T15:15:55.320,33.6524741,-117.3024709,-1.44335,-39.1579,16.0979,-0.035,0.949,27.2,0.779017,1
1427.92,2026-08-15T15:15:55.360,33.6524716,-117.3024771,-2.01722,-39.4359,16.0979,-0.046,0.946,26.82,0.768133,1
1427.96,2026-08-15T15:15:55.400,33.6524691,-117.3024834,-2.60034,-39.7139,16.0443,-0.069,0.923,26.42,0.754156,1
1428,2026-08-15T15:15:55.440,33.6524665,-117.3024896,-3.17421,-40.003,15.9683,-0.094,0.879,25.87,0.734958,1
1428.04,2026-08-15T15:15:55.480,33.6524639,-117.3024957,-3.73883,-40.2921,15.937,-0.117,0.828,25.02,0.709417,1
1428.08,2026-08-15T15:15:55.520,33.6524612,-117.3025017,-4.29419,-40.5924,15.8789,-0.135,0.787,23.56,0.665584,1
1428.12,2026-08-15T15:15:55.560,33.6524584,-117.3025076,-4.84029,-40.9037,15.8342,-0.151,0.742,20.89,0.588494,1
1428.16,2026-08-15T15:15:55.600,33.6524555,-117.3025135,-5.38639,-41.2262,15.8207,-0.17,0.667,17.13,0.482162,1
1428.2,2026-08-15T15:15:55.640,33.6524527,-117.3025193,-5.92324,-41.5375,15.7447,-0.192,0.56,12.41,0.347629,1
1428.24,2026-08-15T15:15:55.680,33.6524498,-117.3025251,-6.46009,-41.86,15.6375,-0.205,0.393,6.71,0.18668,1
1428.28,2026-08-15T15:15:55.720,33.6524471,-117.3025309,-6.99694,-42.1602,15.5212,-0.207,0.186,0.75,0.0207107,1
1428.32,2026-08-15T15:15:55.760,33.6524444,-117.3025368,-7.54304,-42.4604,15.4452,-0.195,-0.028,-4.76,-0.130801,1
1428.36,2026-08-15T15:15:55.800,33.6524418,-117.3025427,-8.08914,-42.7495,15.4765,-0.171,-0.227,-9.6,-0.264334,1
1428.4,2026-08-15T15:15:55.840,33.6524393,-117.3025487,-8.6445,-43.0275,15.481,-0.155,-0.396,-13.44,-0.370175,1
1428.44,2026-08-15T15:15:55.880,33.6524368,-117.3025547,-9.19986,-43.3055,15.4765,-0.154,-0.514,-15.87,-0.436977,1
1428.48,2026-08-15T15:15:55.920,33.6524344,-117.3025607,-9.75522,-43.5724,15.4586,-0.165,-0.582,-17.21,-0.473326,1
1428.52,2026-08-15T15:15:55.960,33.6524322,-117.3025668,-10.3198,-43.817,15.3692,-0.186,-0.59,-17.72,-0.484534,1
1428.56,2026-08-15T15:15:56.000,33.6524300,-117.3025728,-10.8752,-44.0616,15.2619,-0.203,-0.561,-17.76,-0.482238,1
1428.6,2026-08-15T15:15:56.040,33.6524278,-117.3025788,-11.4306,-44.3063,15.2038,-0.201,-0.514,-17.58,-0.475533,1
1428.64,2026-08-15T15:15:56.080,33.6524257,-117.3025849,-11.9952,-44.5398,15.1681,-0.185,-0.473,-17.37,-0.468747,1
1428.68,2026-08-15T15:15:56.120,33.6524236,-117.3025908,-12.5413,-44.7733,15.1859,-0.165,-0.457,-17.11,-0.462275,1
1428.72,2026-08-15T15:15:56.160,33.6524216,-117.3025971,-13.1244,-44.9957,15.1904,-0.153,-0.464,-16.88,-0.456195,1
1428.76,2026-08-15T15:15:56.200,33.6524198,-117.3026031,-13.6798,-45.1958,15.1859,-0.156,-0.471,-16.77,-0.453089,1
1428.8,2026-08-15T15:15:56.240,33.6524180,-117.3026093,-14.2536,-45.396,15.1055,-0.169,-0.475,-16.96,-0.455794,1
1428.84,2026-08-15T15:15:56.280,33.6524162,-117.3026154,-14.8182,-45.5961,14.9982,-0.189,-0.484,-17.71,-0.47257,1
1428.88,2026-08-15T15:15:56.320,33.6524145,-117.3026215,-15.3829,-45.7852,14.9133,-0.204,-0.505,-18.96,-0.503059,1
1428.92,2026-08-15T15:15:56.360,33.6524129,-117.3026276,-15.9475,-45.9631,14.8551,-0.209,-0.541,-20.52,-0.542329,1
1428.96,2026-08-15T15:15:56.400,33.6524115,-117.3026338,-16.5213,-46.1187,14.8462,-0.209,-0.584,-22.21,-0.586641,1
1429,2026-08-15T15:15:56.440,33.6524101,-117.3026400,-17.0952,-46.2744,14.8462,-0.208,-0.626,-23.76,-0.627581,1
1429.04,2026-08-15T15:15:56.480,33.6524088,-117.3026462,-17.6691,-46.419,14.8238,-0.208,-0.658,-24.97,-0.658549,1
1429.08,2026-08-15T15:15:56.520,33.6524075,-117.3026523,-18.2337,-46.5635,14.7657,-0.21,-0.686,-25.93,-0.681186,1
1429.12,2026-08-15T15:15:56.560,33.6524065,-117.3026585,-18.8076,-46.6747,14.6987,-0.212,-0.707,-26.66,-0.697183,1
1429.16,2026-08-15T15:15:56.600,33.6524055,-117.3026647,-19.3814,-46.7859,14.6406,-0.211,-0.731,-27.17,-0.707711,1
1429.2,2026-08-15T15:15:56.640,33.6524045,-117.3026708,-19.9461,-46.8971,14.578,-0.204,-0.752,-27.53,-0.714022,1
1429.24,2026-08-15T15:15:56.680,33.6524039,-117.3026770,-20.5199,-46.9638,14.5377,-0.196,-0.766,-27.75,-0.717742,1
1429.28,2026-08-15T15:15:56.720,33.6524032,-117.3026832,-21.0938,-47.0417,14.4528,-0.189,-0.773,-27.84,-0.715863,1
1429.32,2026-08-15T15:15:56.760,33.6524026,-117.3026893,-21.6584,-47.1084,14.4483,-0.184,-0.774,-27.9,-0.717184,1
1429.36,2026-08-15T15:15:56.800,33.6524022,-117.3026955,-22.2323,-47.1529,14.4394,-0.181,-0.768,-27.98,-0.718795,1
1429.4,2026-08-15T15:15:56.840,33.6524018,-117.3027017,-22.8062,-47.1973,14.3768,-0.18,-0.773,-28.16,-0.720283,1
1429.44,2026-08-15T15:15:56.880,33.6524016,-117.3027078,-23.3708,-47.2196,14.3321,-0.17,-0.78,-28.4,-0.724163,1
1429.48,2026-08-15T15:15:56.920,33.6524014,-117.3027140,-23.9446,-47.2418,14.3142,-0.146,-0.783,-28.58,-0.727844,1
1429.52,2026-08-15T15:15:56.960,33.6524014,-117.3027201,-24.5093,-47.2418,14.3142,-0.099,-0.777,-28.54,-0.726825,1
1429.56,2026-08-15T15:15:57.000,33.6524015,-117.3027264,-25.0924,-47.2307,14.4126,-0.046,-0.771,-28.31,-0.725921,1
1429.6,2026-08-15T15:15:57.040,33.6524015,-117.3027326,-25.6663,-47.2307,14.4573,0.008,-0.76,-27.84,-0.716084,1
1429.64,2026-08-15T15:15:57.080,33.6524018,-117.3027388,-26.2401,-47.1973,14.569,0.051,-0.754,-27.25,-0.706327,1
1429.68,2026-08-15T15:15:57.120,33.6524021,-117.3027452,-26.8325,-47.164,14.6406,0.08,-0.755,-26.7,-0.695468,1
1429.72,2026-08-15T15:15:57.160,33.6524027,-117.3027515,-27.4156,-47.0973,14.6897,0.093,-0.758,-26.36,-0.688918,1
1429.76,2026-08-15T15:15:57.200,33.6524031,-117.3027579,-28.008,-47.0528,14.721,0.102,-0.75,-26.23,-0.686981,1
1429.8,2026-08-15T15:15:57.240,33.6524039,-117.3027643,-28.6004,-46.9638,14.7881,0.108,-0.738,-26.29,-0.691689,1
1429.84,2026-08-15T15:15:57.280,33.6524046,-117.3027706,-29.1835,-46.886,14.8507,0.116,-0.724,-26.49,-0.699901,1
1429.88,2026-08-15T15:15:57.320,33.6524054,-117.3027770,-29.7759,-46.797,14.9535,0.126,-0.718,-26.73,-0.711131,1
1429.92,2026-08-15T15:15:57.360,33.6524064,-117.3027834,-30.3683,-46.6858,15.034,0.134,-0.722,-26.97,-0.721377,1
1429.96,2026-08-15T15:15:57.400,33.6524075,-117.3027898,-30.9607,-46.5635,15.0831,0.143,-0.732,-27.17,-0.729104,1
1430,2026-08-15T15:15:57.440,33.6524088,-117.3027962,-31.5531,-46.419,15.1859,0.16,-0.741,-27.32,-0.738127,1
1430.04,2026-08-15T15:15:57.480,33.6524100,-117.3028027,-32.1547,-46.2855,15.3111,0.181,-0.746,-27.41,-0.746663,1
1430.08,2026-08-15T15:15:57.520,33.6524114,-117.3028092,-32.7563,-46.1299,15.4542,0.202,-0.747,-27.4,-0.753364,1
1430.12,2026-08-15T15:15:57.560,33.6524130,-117.3028157,-33.358,-45.9519,15.6106,0.225,-0.747,-27.28,-0.757658,1
1430.16,2026-08-15T15:15:57.600,33.6524145,-117.3028221,-33.9504,-45.7852,15.7224,0.244,-0.751,-27.06,-0.756929,1
1430.2,2026-08-15T15:15:57.640,33.6524162,-117.3028288,-34.5705,-45.5961,15.8654,0.261,-0.755,-26.71,-0.753936,1
1430.24,2026-08-15T15:15:57.680,33.6524180,-117.3028354,-35.1814,-45.396,15.9772,0.275,-0.756,-26.21,-0.745034,1
1430.28,2026-08-15T15:15:57.720,33.6524200,-117.3028419,-35.783,-45.1736,16.1069,0.29,-0.753,-25.47,-0.729874,1
1430.32,2026-08-15T15:15:57.760,33.6524221,-117.3028485,-36.3939,-44.9401,16.2454,0.307,-0.748,-24.5,-0.708118,1
1430.36,2026-08-15T15:15:57.800,33.6524242,-117.3028552,-37.0141,-44.7066,16.3974,0.323,-0.734,-23.26,-0.678569,1
1430.4,2026-08-15T15:15:57.840,33.6524264,-117.3028618,-37.625,-44.4619,16.545,0.341,-0.704,-21.65,-0.637282,1
1430.44,2026-08-15T15:15:57.880,33.6524288,-117.3028685,-38.2451,-44.1951,16.7193,0.361,-0.666,-19.76,-0.587778,1
1430.48,2026-08-15T15:15:57.920,33.6524313,-117.3028752,-38.8653,-43.9171,16.8802,0.373,-0.619,-17.6,-0.528566,1
1430.52,2026-08-15T15:15:57.960,33.6524337,-117.3028820,-39.4947,-43.6502,17.0948,0.361,-0.571,-14.84,-0.451343,1
1430.56,2026-08-15T15:15:58.000,33.6524363,-117.3028889,-40.1334,-43.3611,17.2379,0.322,-0.517,-11.54,-0.353914,1
1430.6,2026-08-15T15:15:58.040,33.6524389,-117.3028956,-40.7535,-43.072,17.3273,0.241,-0.444,-7.7,-0.237372,1
1430.64,2026-08-15T15:15:58.080,33.6524416,-117.3029025,-41.3922,-42.7718,17.3362,0.132,-0.316,-2.89,-0.0891375,1
1430.68,2026-08-15T15:15:58.120,33.6524440,-117.3029092,-42.0123,-42.5049,17.1932,0.024,-0.129,2.48,0.0758605,1
1430.72,2026-08-15T15:15:58.160,33.6524465,-117.3029159,-42.6325,-42.2269,17.0814,-0.059,0.11,8.09,0.245856,1
1430.76,2026-08-15T15:15:58.200,33.6524487,-117.3029227,-43.2619,-41.9823,17.0412,-0.103,0.371,13.65,0.413847,1
1430.8,2026-08-15T15:15:58.240,33.6524508,-117.3029296,-43.9005,-41.7488,17.0546,-0.105,0.616,18.67,0.566492,1
1430.84,2026-08-15T15:15:58.280,33.6524528,-117.3029367,-44.5577,-41.5264,17.144,-0.077,0.806,22.48,0.685672,1
1430.88,2026-08-15T15:15:58.320,33.6524548,-117.3029437,-45.2056,-41.304,17.2066,-0.043,0.927,24.91,0.762564,1
1430.92,2026-08-15T15:15:58.360,33.6524565,-117.3029508,-45.8628,-41.115,17.22,-0.019,0.969,26,0.796552,1
1430.96,2026-08-15T15:15:58.400,33.6524582,-117.3029580,-46.5292,-40.9259,17.2155,-0.014,0.934,26.08,0.798796,1
1431,2026-08-15T15:15:58.440,33.6524599,-117.3029650,-47.1772,-40.7369,17.1932,-0.019,0.863,25.69,0.785829,1
1431.04,2026-08-15T15:15:58.480,33.6524614,-117.3029722,-47.8436,-40.5701,17.1663,-0.029,0.788,25.32,0.773303,1
1431.08,2026-08-15T15:15:58.520,33.6524629,-117.3029795,-48.5193,-40.4033,17.1708,-0.033,0.744,25.21,0.770144,1
1431.12,2026-08-15T15:15:58.560,33.6524643,-117.3029866,-49.1765,-40.2476,17.1708,-0.032,0.752,25.32,0.773504,1
1431.16,2026-08-15T15:15:58.600,33.6524655,-117.3029939,-49.8521,-40.1142,17.1842,-0.03,0.803,25.55,0.78114,1
1431.2,2026-08-15T15:15:58.640,33.6524666,-117.3030012,-50.5278,-39.9919,17.2066,-0.034,0.859,25.75,0.788279,1
1431.24,2026-08-15T15:15:58.680,33.6524675,-117.3030085,-51.2035,-39.8918,17.1887,-0.046,0.89,25.97,0.794187,1
1431.28,2026-08-15T15:15:58.720,33.6524683,-117.3030158,-51.8792,-39.8029,17.1306,-0.062,0.889,26.28,0.80095,1
1431.32,2026-08-15T15:15:58.760,33.6524691,-117.3030231,-52.5549,-39.7139,17.0546,-0.071,0.86,26.71,0.810444,1
1431.36,2026-08-15T15:15:58.800,33.6524698,-117.3030303,-53.2213,-39.6361,17.0054,-0.069,0.841,27.23,0.82384,1
1431.4,2026-08-15T15:15:58.840,33.6524703,-117.3030376,-53.897,-39.5805,17.0188,-0.061,0.844,27.7,0.838721,1
1431.44,2026-08-15T15:15:58.880,33.6524708,-117.3030449,-54.5727,-39.5249,17.0412,-0.047,0.862,27.98,0.848311,1
1431.48,2026-08-15T15:15:58.920,33.6524710,-117.3030523,-55.2576,-39.5026,17.0948,-0.042,0.886,28.09,0.854327,1
1431.52,2026-08-15T15:15:58.960,33.6524712,-117.3030597,-55.9426,-39.4804,17.0859,-0.05,0.902,28.14,0.855401,1
1431.56,2026-08-15T15:15:59.000,33.6524712,-117.3030670,-56.6183,-39.4804,17.0322,-0.066,0.906,28.24,0.855745,1
1431.6,2026-08-15T15:15:59.040,33.6524711,-117.3030743,-57.294,-39.4915,17.0188,-0.086,0.896,28.49,0.862641,1
1431.64,2026-08-15T15:15:59.080,33.6524710,-117.3030816,-57.9696,-39.5026,16.9696,-0.105,0.893,28.92,0.873131,1
1431.68,2026-08-15T15:15:59.120,33.6524706,-117.3030888,-58.6361,-39.5471,16.9115,-0.117,0.898,29.44,0.885786,1
1431.72,2026-08-15T15:15:59.160,33.6524702,-117.3030961,-59.3118,-39.5916,16.9026,-0.123,0.907,29.94,0.900354,1
1431.76,2026-08-15T15:15:59.200,33.6524697,-117.3031033,-59.9782,-39.6472,16.8445,-0.127,0.923,30.34,0.909246,1
1431.8,2026-08-15T15:15:59.240,33.6524690,-117.3031104,-60.6354,-39.725,16.7685,-0.129,0.941,30.61,0.913198,1
1431.84,2026-08-15T15:15:59.280,33.6524682,-117.3031175,-61.2925,-39.814,16.7282,-0.129,0.954,30.68,0.913091,1
1431.88,2026-08-15T15:15:59.320,33.6524671,-117.3031246,-61.9497,-39.9363,16.6657,-0.129,0.959,30.46,0.903151,1
1431.92,2026-08-15T15:15:59.360,33.6524661,-117.3031317,-62.6069,-40.0475,16.6299,-0.132,0.956,29.75,0.880207,1
1431.96,2026-08-15T15:15:59.400,33.6524650,-117.3031386,-63.2456,-40.1698,16.5584,-0.139,0.933,28.08,0.827223,1
1432,2026-08-15T15:15:59.440,33.6524637,-117.3031456,-63.8935,-40.3144,16.5271,-0.151,0.883,25.31,0.744211,1
1432.04,2026-08-15T15:15:59.480,33.6524624,-117.3031525,-64.5321,-40.4589,16.4779,-0.17,0.803,21.22,0.622093,1
1432.08,2026-08-15T15:15:59.520,33.6524610,-117.3031593,-65.1615,-40.6146,16.3795,-0.183,0.665,15.21,0.44324,1
1432.12,2026-08-15T15:15:59.560,33.6524597,-117.3031661,-65.7909,-40.7591,16.308,-0.182,0.485,7.81,0.2266,1
1432.16,2026-08-15T15:15:59.600,33.6524586,-117.3031730,-66.4296,-40.8815,16.3259,-0.173,0.276,-0.44,-0.0127802,1
1432.2,2026-08-15T15:15:59.640,33.6524574,-117.3031799,-67.0683,-41.0149,16.3795,-0.164,0.033,-9.44,-0.275095,1
1432.24,2026-08-15T15:15:59.680,33.6524563,-117.3031869,-67.7162,-41.1372,16.393,-0.159,-0.228,-17.98,-0.524391,1
1432.28,2026-08-15T15:15:59.720,33.6524552,-117.3031938,-68.3549,-41.2595,16.3035,-0.176,-0.484,-25.14,-0.729215,1
1432.32,2026-08-15T15:15:59.760,33.6524544,-117.3032006,-68.9843,-41.3485,16.1828,-0.204,-0.716,-30.84,-0.887928,1
1432.36,2026-08-15T15:15:59.800,33.6524539,-117.3032075,-69.6229,-41.4041,16.08,-0.231,-0.904,-35.07,-1.0033,1
1432.4,2026-08-15T15:15:59.840,33.6524534,-117.3032143,-70.2523,-41.4597,15.9996,-0.252,-1.017,-37.64,-1.07144,1
1432.44,2026-08-15T15:15:59.880,33.6524531,-117.3032211,-70.8817,-41.493,15.937,-0.259,-1.063,-39.17,-1.11063,1
1432.48,2026-08-15T15:15:59.920,33.6524529,-117.3032279,-71.5111,-41.5153,15.8967,-0.249,-1.046,-39.99,-1.13101,1
1432.52,2026-08-15T15:15:59.960,33.6524528,-117.3032347,-72.1406,-41.5264,15.8118,-0.232,-1.003,-40.4,-1.1365,1
1432.56,2026-08-15T15:16:00.000,33.6524528,-117.3032414,-72.7607,-41.5264,15.7,-0.21,-0.961,-40.49,-1.13099,1
1432.6,2026-08-15T15:16:00.040,33.6524529,-117.3032481,-73.3809,-41.5153,15.6598,-0.182,-0.94,-40.4,-1.12558,1
1432.64,2026-08-15T15:16:00.080,33.6524531,-117.3032548,-74.001,-41.493,15.624,-0.154,-0.948,-40.01,-1.11217,1
1432.68,2026-08-15T15:16:00.120,33.6524536,-117.3032615,-74.6212,-41.4374,15.5838,-0.134,-0.984,-39.39,-1.09211,1
1432.72,2026-08-15T15:16:00.160,33.6524542,-117.3032682,-75.2413,-41.3707,15.5436,-0.126,-1.017,-38.56,-1.06634,1
1432.76,2026-08-15T15:16:00.200,33.6524550,-117.3032748,-75.8522,-41.2818,15.5257,-0.129,-1.038,-37.63,-1.03943,1
1432.8,2026-08-15T15:16:00.240,33.6524558,-117.3032814,-76.4631,-41.1928,15.4631,-0.15,-1.025,-36.65,-1.00828,1
1432.84,2026-08-15T15:16:00.280,33.6524567,-117.3032879,-77.0647,-41.0927,15.3871,-0.176,-0.976,-35.61,-0.97485,1
1432.88,2026-08-15T15:16:00.320,33.6524577,-117.3032943,-77.6571,-40.9815,15.2977,-0.197,-0.9,-34.25,-0.93217,1
1432.92,2026-08-15T15:16:00.360,33.6524588,-117.3033007,-78.2495,-40.8592,15.2262,-0.205,-0.805,-32.13,-0.870382,1
1432.96,2026-08-15T15:16:00.400,33.6524598,-117.3033071,-78.8419,-40.748,15.1681,-0.202,-0.731,-29.34,-0.791769,1
1433,2026-08-15T15:16:00.440,33.6524610,-117.3033134,-79.425,-40.6146,15.1278,-0.189,-0.704,-26.04,-0.700852,1
1433.04,2026-08-15T15:16:00.480,33.6524624,-117.3033197,-80.0081,-40.4589,15.0921,-0.173,-0.747,-22.38,-0.600921,1
1433.08,2026-08-15T15:16:00.520,33.6524639,-117.3033259,-80.582,-40.2921,15.0563,-0.155,-0.827,-19.01,-0.509224,1
1433.12,2026-08-15T15:16:00.560,33.6524656,-117.3033320,-81.1466,-40.1031,14.9982,-0.134,-0.912,-16.38,-0.43708,1
1433.16,2026-08-15T15:16:00.600,33.6524674,-117.3033380,-81.702,-39.9029,14.9803,-0.1,-0.955,-14.45,-0.385121,1
1433.2,2026-08-15T15:16:00.640,33.6524694,-117.3033441,-82.2666,-39.6806,15.0384,-0.045,-0.935,-13.09,-0.350228,1
1433.24,2026-08-15T15:16:00.680,33.6524713,-117.3033502,-82.8312,-39.4693,15.0921,0.021,-0.859,-12.21,-0.327848,1
1433.28,2026-08-15T15:16:00.720,33.6524732,-117.3033563,-83.3958,-39.258,15.2307,0.087,-0.747,-11.53,-0.312432,1
1433.32,2026-08-15T15:16:00.760,33.6524754,-117.3033625,-83.9697,-39.0134,15.3558,0.14,-0.629,-11.06,-0.30216,1
1433.36,2026-08-15T15:16:00.800,33.6524775,-117.3033686,-84.5343,-38.7799,15.481,0.164,-0.521,-11.12,-0.306275,1
1433.4,2026-08-15T15:16:00.840,33.6524796,-117.3033748,-85.1082,-38.5464,15.5168,0.157,-0.451,-11.83,-0.326583,1
1433.44,2026-08-15T15:16:00.880,33.6524817,-117.3033810,-85.6821,-38.3129,15.5257,0.137,-0.421,-13.21,-0.36489,1
1433.48,2026-08-15T15:16:00.920,33.6524841,-117.3033870,-86.2374,-38.046,15.5481,0.115,-0.429,-15.13,-0.418527,1
1433.52,2026-08-15T15:16:00.960,33.6524865,-117.3033932,-86.8113,-37.7791,15.5972,0.106,-0.461,-17.08,-0.473962,1
1433.56,2026-08-15T15:16:01.000,33.6524890,-117.3033992,-87.3666,-37.5011,15.6911,0.115,-0.502,-18.51,-0.516735,1
1433.6,2026-08-15T15:16:01.040,33.6524915,-117.3034055,-87.9498,-37.2231,15.8163,0.14,-0.54,-19.15,-0.538867,1
1433.64,2026-08-15T15:16:01.080,33.6524943,-117.3034116,-88.5144,-36.9118,15.9593,0.17,-0.556,-18.87,-0.53579,1
1433.68,2026-08-15T15:16:01.120,33.6524969,-117.3034178,-89.0883,-36.6227,16.1024,0.204,-0.547,-17.65,-0.505642,1
1433.72,2026-08-15T15:16:01.160,33.6524998,-117.3034240,-89.6621,-36.3002,16.2097,0.236,-0.513,-15.71,-0.453063,1
1433.76,2026-08-15T15:16:01.200,33.6525027,-117.3034301,-90.2267,-35.9778,16.3304,0.269,-0.458,-13.05,-0.379153,1
1433.8,2026-08-15T15:16:01.240,33.6525055,-117.3034365,-90.8191,-35.6664,16.4868,0.305,-0.381,-10,-0.293323,1
1433.84,2026-08-15T15:16:01.280,33.6525085,-117.3034428,-91.4023,-35.3328,16.6925,0.339,-0.293,-6.67,-0.198087,1
1433.88,2026-08-15T15:16:01.320,33.6525115,-117.3034492,-91.9946,-34.9992,16.8847,0.369,-0.182,-2.96,-0.0889188,1
1433.92,2026-08-15T15:16:01.360,33.6525145,-117.3034557,-92.5963,-34.6657,17.0367,0.388,-0.051,0.82,0.0248546,1
1433.96,2026-08-15T15:16:01.400,33.6525174,-117.3034623,-93.2072,-34.3432,17.1842,0.392,0.088,4.5,0.137579,1
1434,2026-08-15T15:16:01.440,33.6525203,-117.3034690,-93.8273,-34.0207,17.3541,0.386,0.245,8.15,0.251633,1
1434.04,2026-08-15T15:16:01.480,33.6525231,-117.3034758,-94.4567,-33.7094,17.5195,0.375,0.397,11.47,0.357514,1
1434.08,2026-08-15T15:16:01.520,33.6525259,-117.3034827,-95.0954,-33.398,17.6268,0.362,0.525,14.19,0.445004,1
1434.12,2026-08-15T15:16:01.560,33.6525285,-117.3034897,-95.7433,-33.1089,17.7609,0.357,0.616,16.26,0.5138,1
1434.16,2026-08-15T15:16:01.600,33.6525311,-117.3034968,-96.4005,-32.8198,17.904,0.36,0.661,17.6,0.560622,1
1434.2,2026-08-15T15:16:01.640,33.6525338,-117.3035041,-97.0762,-32.5196,18.0783,0.368,0.67,18.13,0.583128,1
1434.24,2026-08-15T15:16:01.680,33.6525364,-117.3035114,-97.7519,-32.2305,18.2705,0.376,0.651,18,0.585102,1
1434.28,2026-08-15T15:16:01.720,33.6525389,-117.3035188,-98.4368,-31.9525,18.4315,0.384,0.614,17.3,0.567302,1
1434.32,2026-08-15T15:16:01.760,33.6525413,-117.3035263,-99.131,-31.6856,18.579,0.386,0.567,16.15,0.53383,1
1434.36,2026-08-15T15:16:01.800,33.6525437,-117.3035339,-99.8345,-31.4188,18.7712,0.375,0.526,14.79,0.493934,1
1434.4,2026-08-15T15:16:01.840,33.6525462,-117.3035416,-100.547,-31.1408,18.8919,0.34,0.487,13.37,0.449382,1
1434.44,2026-08-15T15:16:01.880,33.6525486,-117.3035493,-101.26,-30.8739,18.9947,0.267,0.457,12.03,0.406544,1
1434.48,2026-08-15T15:16:01.920,33.6525509,-117.3035570,-101.973,-30.6182,19.0126,0.165,0.432,10.93,0.369718,1
1434.52,2026-08-15T15:16:01.960,33.6525532,-117.3035646,-102.676,-30.3624,18.8964,0.039,0.404,10.2,0.342916,1
1434.56,2026-08-15T15:16:02.000,33.6525553,-117.3035723,-103.389,-30.1289,18.7757,-0.091,0.376,9.79,0.327029,1
1434.6,2026-08-15T15:16:02.040,33.6525575,-117.3035797,-104.074,-29.8843,18.6282,-0.204,0.349,9.65,0.31982,1
1434.64,2026-08-15T15:16:02.080,33.6525595,-117.3035873,-104.777,-29.6619,18.5164,-0.29,0.327,9.73,0.320537,1
1434.68,2026-08-15T15:16:02.120,33.6525615,-117.3035948,-105.471,-29.4395,18.4002,-0.348,0.323,9.91,0.324417,1
1434.72,2026-08-15T15:16:02.160,33.6525636,-117.3036022,-106.156,-29.206,18.2705,-0.382,0.339,10.16,0.330258,1
1434.76,2026-08-15T15:16:02.200,33.6525655,-117.3036098,-106.86,-28.9947,18.1588,-0.397,0.361,10.45,0.337607,1
1434.8,2026-08-15T15:16:02.240,33.6525673,-117.3036172,-107.545,-28.7946,18.0336,-0.4,0.39,10.79,0.346188,1
1434.84,2026-08-15T15:16:02.280,33.6525691,-117.3036246,-108.23,-28.5944,17.904,-0.401,0.421,11.19,0.356441,1
1434.88,2026-08-15T15:16:02.320,33.6525708,-117.3036319,-108.905,-28.4054,17.752,-0.404,0.445,11.62,0.366996,1
1434.92,2026-08-15T15:16:02.360,33.6525723,-117.3036392,-109.581,-28.2386,17.6178,-0.41,0.454,12.13,0.380209,1
1434.96,2026-08-15T15:16:02.400,33.6525740,-117.3036464,-110.247,-28.0496,17.448,-0.422,0.449,12.76,0.396099,1
1435,2026-08-15T15:16:02.440,33.6525754,-117.3036536,-110.914,-27.8939,17.296,-0.431,0.433,13.43,0.413266,1
1435.04,2026-08-15T15:16:02.480,33.6525769,-117.3036606,-111.562,-27.7271,17.1529,-0.436,0.427,14.09,0.429989,1
1435.08,2026-08-15T15:16:02.520,33.6525783,-117.3036678,-112.228,-27.5714,17.0367,-0.434,0.441,14.71,0.445868,1
1435.12,2026-08-15T15:16:02.560,33.6525796,-117.3036749,-112.885,-27.4269,16.9026,-0.427,0.474,15.3,0.460101,1
1435.16,2026-08-15T15:16:02.600,33.6525808,-117.3036819,-113.533,-27.2934,16.7104,-0.418,0.516,15.86,0.471517,1
1435.2,2026-08-15T15:16:02.640,33.6525819,-117.3036889,-114.181,-27.1711,16.6209,-0.409,0.562,16.5,0.487919,1
1435.24,2026-08-15T15:16:02.680,33.6525829,-117.3036959,-114.829,-27.0599,16.5226,-0.4,0.6,17.25,0.507079,1
1435.28,2026-08-15T15:16:02.720,33.6525839,-117.3037027,-115.459,-26.9487,16.3617,-0.389,0.621,18.19,0.529503,1
1435.32,2026-08-15T15:16:02.760,33.6525848,-117.3037096,-116.097,-26.8487,16.2141,-0.38,0.633,19.2,0.553864,1
1435.36,2026-08-15T15:16:02.800,33.6525855,-117.3037165,-116.736,-26.7708,16.1247,-0.369,0.647,20.21,0.579785,1
1435.4,2026-08-15T15:16:02.840,33.6525862,-117.3037232,-117.356,-26.693,15.9727,-0.36,0.666,21.26,0.604159,1
1435.44,2026-08-15T15:16:02.880,33.6525868,-117.3037300,-117.985,-26.6263,15.8252,-0.349,0.694,22.25,0.626452,1
1435.48,2026-08-15T15:16:02.920,33.6525872,-117.3037367,-118.606,-26.5818,15.6911,-0.333,0.725,23.13,0.64571,1
1435.52,2026-08-15T15:16:02.960,33.6525875,-117.3037434,-119.226,-26.5484,15.5972,-0.311,0.744,24.01,0.666266,1
1435.56,2026-08-15T15:16:03.000,33.6525878,-117.3037500,-119.837,-26.5151,15.481,-0.288,0.756,24.78,0.682509,1
1435.6,2026-08-15T15:16:03.040,33.6525879,-117.3037566,-120.448,-26.504,15.4765,-0.267,0.767,25.47,0.701311,1
1435.64,2026-08-15T15:16:03.080,33.6525880,-117.3037633,-121.068,-26.4928,15.481,-0.254,0.777,26.14,0.719967,1
1435.68,2026-08-15T15:16:03.120,33.6525879,-117.3037699,-121.679,-26.504,15.4095,-0.248,0.792,26.84,0.735832,1
1435.72,2026-08-15T15:16:03.160,33.6525878,-117.3037764,-122.28,-26.5151,15.2485,-0.25,0.812,27.58,0.748222,1
1435.76,2026-08-15T15:16:03.200,33.6525874,-117.3037829,-122.882,-26.5596,15.1725,-0.253,0.829,28.48,0.768788,1
1435.8,2026-08-15T15:16:03.240,33.6525869,-117.3037894,-123.483,-26.6151,15.0787,-0.256,0.843,29.42,0.789248,1
1435.84,2026-08-15T15:16:03.280,33.6525865,-117.3037958,-124.076,-26.6596,14.9982,-0.257,0.856,30.39,0.81092,1
1435.88,2026-08-15T15:16:03.320,33.6525859,-117.3038021,-124.659,-26.7263,14.882,-0.259,0.868,31.31,0.828994,1
1435.92,2026-08-15T15:16:03.360,33.6525852,-117.3038083,-125.233,-26.8042,14.7613,-0.264,0.885,32.13,0.843806,1
1435.96,2026-08-15T15:16:03.400,33.6525843,-117.3038146,-125.816,-26.9043,14.7166,-0.268,0.901,32.9,0.861411,1
1436,2026-08-15T15:16:03.440,33.6525834,-117.3038207,-126.381,-27.0043,14.6182,-0.272,0.917,33.66,0.87542,1
1436.04,2026-08-15T15:16:03.480,33.6525823,-117.3038267,-126.936,-27.1266,14.4528,-0.274,0.934,34.41,0.8848,1
1436.08,2026-08-15T15:16:03.520,33.6525811,-117.3038327,-127.491,-27.2601,14.3813,-0.269,0.95,35.21,0.90089,1
1436.12,2026-08-15T15:16:03.560,33.6525798,-117.3038387,-128.047,-27.4046,14.341,-0.257,0.963,36.06,0.920057,1
1436.16,2026-08-15T15:16:03.600,33.6525783,-117.3038445,-128.584,-27.5714,14.274,-0.242,0.979,36.78,0.93404,1
1436.2,2026-08-15T15:16:03.640,33.6525768,-117.3038503,-129.12,-27.7382,14.1667,-0.224,0.987,37.35,0.941386,1
1436.24,2026-08-15T15:16:03.680,33.6525752,-117.3038560,-129.648,-27.9161,14.0505,-0.205,0.993,37.69,0.942161,1
1436.28,2026-08-15T15:16:03.720,33.6525735,-117.3038616,-130.166,-28.1052,13.9789,-0.188,0.996,37.77,0.939355,1
1436.32,2026-08-15T15:16:03.760,33.6525716,-117.3038672,-130.685,-28.3164,13.9611,-0.174,0.991,37.64,0.934924,1
1436.36,2026-08-15T15:16:03.800,33.6525696,-117.3038727,-131.194,-28.5388,13.9521,-0.164,0.983,37.4,0.928368,1
1436.4,2026-08-15T15:16:03.840,33.6525675,-117.3038782,-131.703,-28.7723,13.9253,-0.16,0.977,37.13,0.919894,1
1436.44,2026-08-15T15:16:03.880,33.6525654,-117.3038835,-132.193,-29.0058,13.7867,-0.158,0.974,36.88,0.904607,1
1436.48,2026-08-15T15:16:03.920,33.6525632,-117.3038887,-132.675,-29.2505,13.6437,-0.161,0.975,36.72,0.891337,1
1436.52,2026-08-15T15:16:03.960,33.6525608,-117.3038938,-133.147,-29.5173,13.523,-0.166,0.975,36.67,0.882249,1
1436.56,2026-08-15T15:16:04.000,33.6525583,-117.3038988,-133.61,-29.7953,13.5006,-0.168,0.974,36.71,0.881751,1
1436.6,2026-08-15T15:16:04.040,33.6525557,-117.3039037,-134.063,-30.0844,13.4291,-0.166,0.968,36.83,0.879947,1
1436.64,2026-08-15T15:16:04.080,33.6525531,-117.3039085,-134.507,-30.3735,13.4067,-0.158,0.957,36.96,0.881583,1
1436.68,2026-08-15T15:16:04.120,33.6525504,-117.3039132,-134.942,-30.6738,13.3531,-0.14,0.949,37.07,0.880669,1
1436.72,2026-08-15T15:16:04.160,33.6525476,-117.3039178,-135.368,-30.9851,13.2816,-0.114,0.948,37,0.874297,1
1436.76,2026-08-15T15:16:04.200,33.6525446,-117.3039224,-135.794,-31.3187,13.2726,-0.082,0.953,36.78,0.868514,1
1436.8,2026-08-15T15:16:04.240,33.6525417,-117.3039267,-136.192,-31.6412,13.3218,-0.053,0.968,36.38,0.862251,1
1436.84,2026-08-15T15:16:04.280,33.6525384,-117.3039311,-136.599,-32.0081,13.3576,-0.032,0.986,35.76,0.849832,1
1436.88,2026-08-15T15:16:04.320,33.6525353,-117.3039353,-136.988,-32.3528,13.3263,-0.022,0.995,35.05,0.831007,1
1436.92,2026-08-15T15:16:04.360,33.6525318,-117.3039394,-137.367,-32.742,13.2771,-0.025,0.994,34.32,0.810697,1
1436.96,2026-08-15T15:16:04.400,33.6525285,-117.3039434,-137.738,-33.1089,13.2056,-0.034,0.984,33.59,0.789178,1
1437,2026-08-15T15:16:04.440,33.6525250,-117.3039473,-138.099,-33.4981,13.143,-0.043,0.962,32.89,0.76907,1
1437.04,2026-08-15T15:16:04.480,33.6525215,-117.3039510,-138.441,-33.8873,13.1206,-0.051,0.935,32.23,0.752356,1
1437.08,2026-08-15T15:16:04.520,33.6525180,-117.3039547,-138.784,-34.2765,13.1206,-0.054,0.907,31.58,0.737182,1
1437.12,2026-08-15T15:16:04.560,33.6525143,-117.3039583,-139.117,-34.6879,13.1027,-0.053,0.887,30.9,0.720326,1
1437.16,2026-08-15T15:16:04.600,33.6525105,-117.3039617,-139.432,-35.1104,13.134,-0.053,0.889,30.32,0.708493,1
1437.2,2026-08-15T15:16:04.640,33.6525067,-117.3039652,-139.756,-35.533,13.0849,-0.052,0.904,29.89,0.69583,1
1437.24,2026-08-15T15:16:04.680,33.6525029,-117.3039684,-140.052,-35.9555,13.0849,-0.051,0.927,29.73,0.692106,1
1437.28,2026-08-15T15:16:04.720,33.6524989,-117.3039714,-140.329,-36.4003,13.0536,-0.045,0.942,29.8,0.692076,1
1437.32,2026-08-15T15:16:04.760,33.6524949,-117.3039744,-140.607,-36.8451,13.0312,-0.032,0.926,30.04,0.696455,1
1437.36,2026-08-15T15:16:04.800,33.6524908,-117.3039772,-140.866,-37.301,13.0223,-0.01,0.886,30.24,0.700611,1
1437.4,2026-08-15T15:16:04.840,33.6524868,-117.3039800,-141.125,-37.7458,13.0625,0.009,0.84,30.36,0.705565,1
1437.44,2026-08-15T15:16:04.880,33.6524826,-117.3039827,-141.375,-38.2128,13.1117,0.021,0.803,30.37,0.708454,1
1437.48,2026-08-15T15:16:04.920,33.6524784,-117.3039853,-141.616,-38.6798,13.134,0.021,0.791,30.41,0.710596,1
1437.52,2026-08-15T15:16:04.960,33.6524741,-117.3039878,-141.847,-39.1579,13.0893,0.002,0.809,30.77,0.716561,1
1437.56,2026-08-15T15:16:05.000,33.6524698,-117.3039900,-142.051,-39.6361,13.0536,-0.022,0.828,31.44,0.730164,1
1437.6,2026-08-15T15:16:05.040,33.6524655,-117.3039922,-142.255,-40.1142,12.9865,-0.04,0.839,32.3,0.746283,1
1437.64,2026-08-15T15:16:05.080,33.6524610,-117.3039943,-142.449,-40.6146,12.9597,-0.044,0.834,33.3,0.767798,1
1437.68,2026-08-15T15:16:05.120,33.6524567,-117.3039962,-142.625,-41.0927,13.0178,-0.027,0.826,34.26,0.793475,1
1437.72,2026-08-15T15:16:05.160,33.6524522,-117.3039981,-142.801,-41.5931,13.0983,0,0.829,34.89,0.813061,1
1437.76,2026-08-15T15:16:05.200,33.6524477,-117.3039998,-142.958,-42.0935,13.1519,0.028,0.851,35.17,0.822943,1
1437.8,2026-08-15T15:16:05.240,33.6524431,-117.3040014,-143.106,-42.605,13.1877,0.049,0.88,35.09,0.823304,1
1437.84,2026-08-15T15:16:05.280,33.6524384,-117.3040029,-143.245,-43.1276,13.2279,0.058,0.903,34.7,0.816637,1
1437.88,2026-08-15T15:16:05.320,33.6524338,-117.3040043,-143.375,-43.6391,13.1922,0.051,0.91,34.11,0.800582,1
1437.92,2026-08-15T15:16:05.360,33.6524291,-117.3040053,-143.467,-44.1617,13.2011,0.037,0.898,33.49,0.786563,1
1437.96,2026-08-15T15:16:05.400,33.6524244,-117.3040065,-143.578,-44.6843,13.2011,0.013,0.872,32.98,0.774585,1
1438,2026-08-15T15:16:05.440,33.6524197,-117.3040074,-143.662,-45.2069,13.1966,-0.019,0.844,32.73,0.768453,1
1438.04,2026-08-15T15:16:05.480,33.6524150,-117.3040081,-143.726,-45.7296,13.1474,-0.054,0.823,32.83,0.767928,1
1438.08,2026-08-15T15:16:05.520,33.6524104,-117.3040089,-143.8,-46.2411,13.058,-0.088,0.808,33.34,0.774554,1
1438.12,2026-08-15T15:16:05.560,33.6524057,-117.3040093,-143.837,-46.7637,13.0267,-0.113,0.799,34.2,0.79263,1
1438.16,2026-08-15T15:16:05.600,33.6524010,-117.3040098,-143.884,-47.2863,13.0178,-0.123,0.803,35.23,0.815941,1
1438.2,2026-08-15T15:16:05.640,33.6523963,-117.3040101,-143.911,-47.8089,13.0312,-0.116,0.813,36.28,0.841125,1
1438.24,2026-08-15T15:16:05.680,33.6523916,-117.3040103,-143.93,-48.3315,12.9865,-0.095,0.833,37.13,0.857879,1
1438.28,2026-08-15T15:16:05.720,33.6523869,-117.3040104,-143.939,-48.8541,12.9239,-0.065,0.863,37.58,0.864091,1
1438.32,2026-08-15T15:16:05.760,33.6523822,-117.3040102,-143.921,-49.3768,12.9552,-0.034,0.895,37.6,0.866644,1
1438.36,2026-08-15T15:16:05.800,33.6523776,-117.3040100,-143.902,-49.8882,12.9686,-0.002,0.926,37.18,0.857851,1
1438.4,2026-08-15T15:16:05.840,33.6523729,-117.3040095,-143.856,-50.4109,12.9865,0.028,0.948,36.48,0.842861,1
1438.44,2026-08-15T15:16:05.880,33.6523682,-117.3040089,-143.8,-50.9335,13.0267,0.052,0.952,35.62,0.82554,1
1438.48,2026-08-15T15:16:05.920,33.6523634,-117.3040081,-143.726,-51.4672,13.0893,0.072,0.941,34.77,0.809712,1
1438.52,2026-08-15T15:16:05.960,33.6523587,-117.3040072,-143.643,-51.9898,13.1296,0.086,0.908,34,0.794214,1
1438.56,2026-08-15T15:16:06.000,33.6523540,-117.3040063,-143.56,-52.5124,13.1743,0.089,0.873,33.46,0.784261,1
1438.6,2026-08-15T15:16:06.040,33.6523493,-117.3040052,-143.458,-53.0351,13.2011,0.087,0.844,33.13,0.778108,1
1438.64,2026-08-15T15:16:06.080,33.6523446,-117.3040039,-143.338,-53.5577,13.2369,0.084,0.829,32.99,0.776919,1
1438.68,2026-08-15T15:16:06.120,33.6523400,-117.3040025,-143.208,-54.0692,13.2637,0.077,0.834,32.96,0.777785,1
1438.72,2026-08-15T15:16:06.160,33.6523353,-117.3040009,-143.06,-54.5918,13.2681,0.072,0.851,32.93,0.777339,1
1438.76,2026-08-15T15:16:06.200,33.6523307,-117.3039992,-142.903,-55.1033,13.3039,0.073,0.859,32.81,0.776594,1
1438.8,2026-08-15T15:16:06.240,33.6523262,-117.3039974,-142.736,-55.6037,13.3441,0.072,0.857,32.55,0.77277,1
1438.84,2026-08-15T15:16:06.280,33.6523215,-117.3039954,-142.551,-56.1263,13.4201,0.069,0.85,32.24,0.769769,1
1438.88,2026-08-15T15:16:06.320,33.6523169,-117.3039934,-142.366,-56.6378,13.4648,0.063,0.842,31.96,0.765626,1
1438.92,2026-08-15T15:16:06.360,33.6523124,-117.3039912,-142.162,-57.1382,13.514,0.049,0.84,31.83,0.765296,1
1438.96,2026-08-15T15:16:06.400,33.6523079,-117.3039888,-141.94,-57.6385,13.5319,0.029,0.842,31.87,0.767272,1
1439,2026-08-15T15:16:06.440,33.6523035,-117.3039863,-141.709,-58.1278,13.4783,0.01,0.844,32.1,0.769745,1
1439.04,2026-08-15T15:16:06.480,33.6522991,-117.3039836,-141.459,-58.617,13.4559,-0.008,0.835,32.48,0.777566,1
1439.08,2026-08-15T15:16:06.520,33.6522948,-117.3039810,-141.218,-59.0952,13.4246,-0.018,0.824,32.92,0.786267,1
1439.12,2026-08-15T15:16:06.560,33.6522905,-117.3039783,-140.968,-59.5733,13.4604,-0.023,0.819,33.39,0.799617,1
1439.16,2026-08-15T15:16:06.600,33.6522863,-117.3039754,-140.7,-60.0403,13.4872,-0.026,0.83,33.84,0.812008,1
1439.2,2026-08-15T15:16:06.640,33.6522821,-117.3039724,-140.422,-60.5074,13.5051,-0.028,0.858,34.23,0.822455,1
1439.24,2026-08-15T15:16:06.680,33.6522780,-117.3039693,-140.135,-60.9633,13.4738,-0.032,0.891,34.58,0.82894,1
1439.28,2026-08-15T15:16:06.720,33.6522741,-117.3039659,-139.82,-61.3969,13.3978,-0.042,0.91,34.87,0.831177,1
1439.32,2026-08-15T15:16:06.760,33.6522702,-117.3039626,-139.515,-61.8306,13.3665,-0.049,0.913,35.13,0.835418,1
1439.36,2026-08-15T15:16:06.800,33.6522663,-117.3039591,-139.191,-62.2642,13.3978,-0.052,0.899,35.37,0.843095,1
1439.4,2026-08-15T15:16:06.840,33.6522625,-117.3039555,-138.858,-62.6868,13.4067,-0.057,0.881,35.61,0.849382,1
1439.44,2026-08-15T15:16:06.880,33.6522588,-117.3039518,-138.515,-63.0982,13.4023,-0.059,0.874,35.85,0.854822,1
1439.48,2026-08-15T15:16:06.920,33.6522551,-117.3039481,-138.173,-63.5096,13.4336,-0.065,0.877,36.15,0.863988,1
1439.52,2026-08-15T15:16:06.960,33.6522515,-117.3039441,-137.803,-63.9099,13.4291,-0.077,0.888,36.63,0.875168,1
1439.56,2026-08-15T15:16:07.000,33.6522481,-117.3039402,-137.442,-64.288,13.3799,-0.091,0.905,37.15,0.884342,1
1439.6,2026-08-15T15:16:07.040,33.6522448,-117.3039360,-137.053,-64.6549,13.2994,-0.105,0.914,37.78,0.89393,1
1439.64,2026-08-15T15:16:07.080,33.6522417,-117.3039319,-136.673,-64.9996,13.219,-0.117,0.913,38.45,0.904279,1
1439.68,2026-08-15T15:16:07.120,33.6522384,-117.3039276,-136.275,-65.3666,13.1698,-0.122,0.911,39.13,0.916848,1
1439.72,2026-08-15T15:16:07.160,33.6522354,-117.3039233,-135.877,-65.7002,13.1206,-0.119,0.913,39.67,0.92603,1
1439.76,2026-08-15T15:16:07.200,33.6522324,-117.3039190,-135.479,-66.0338,13.134,-0.108,0.923,40.14,0.937959,1
1439.8,2026-08-15T15:16:07.240,33.6522295,-117.3039145,-135.063,-66.3562,13.1385,-0.085,0.949,40.47,0.945992,1
1439.84,2026-08-15T15:16:07.280,33.6522269,-117.3039099,-134.637,-66.6453,13.1027,-0.057,0.973,40.62,0.946914,1
1439.88,2026-08-15T15:16:07.320,33.6522243,-117.3039051,-134.193,-66.9344,13.0714,-0.026,0.987,40.56,0.943257,1
1439.92,2026-08-15T15:16:07.360,33.6522218,-117.3039003,-133.748,-67.2124,13.1474,0.005,0.984,40.31,0.942893,1
1439.96,2026-08-15T15:16:07.400,33.6522194,-117.3038953,-133.286,-67.4793,13.1698,0.029,0.97,39.89,0.934655,1
1440,2026-08-15T15:16:07.440,33.6522170,-117.3038905,-132.841,-67.7462,13.1787,0.044,0.954,39.41,0.924036,1
1440.04,2026-08-15T15:16:07.480,33.6522149,-117.3038854,-132.369,-67.9797,13.1832,0.052,0.942,38.98,0.914263,1
1440.08,2026-08-15T15:16:07.520,33.6522128,-117.3038802,-131.888,-68.2132,13.1922,0.053,0.944,38.66,0.907373,1
1440.12,2026-08-15T15:16:07.560,33.6522109,-117.3038751,-131.416,-68.4244,13.21,0.049,0.949,38.5,0.904842,1
1440.16,2026-08-15T15:16:07.600,33.6522090,-117.3038698,-130.925,-68.6357,13.2681,0.05,0.953,38.47,0.908115,1
1440.2,2026-08-15T15:16:07.640,33.6522073,-117.3038644,-130.425,-68.8247,13.2905,0.054,0.951,38.52,0.910827,1
1440.24,2026-08-15T15:16:07.680,33.6522057,-117.3038589,-129.916,-69.0027,13.2905,0.06,0.953,38.57,0.912009,1
1440.28,2026-08-15T15:16:07.720,33.6522041,-117.3038536,-129.426,-69.1806,13.2637,0.07,0.954,38.54,0.909461,1
1440.32,2026-08-15T15:16:07.760,33.6522026,-117.3038479,-128.898,-69.3474,13.3754,0.082,0.96,38.36,0.912841,1
1440.36,2026-08-15T15:16:07.800,33.6522014,-117.3038423,-128.38,-69.4808,13.4425,0.095,0.971,37.95,0.907611,1
1440.4,2026-08-15T15:16:07.840,33.6522003,-117.3038366,-127.852,-69.6031,13.5051,0.105,0.978,37.33,0.89694,1
1440.44,2026-08-15T15:16:07.880,33.6521993,-117.3038309,-127.325,-69.7143,13.5319,0.111,0.977,36.57,0.880425,1
1440.48,2026-08-15T15:16:07.920,33.6521984,-117.3038251,-126.788,-69.8144,13.5811,0.113,0.962,35.76,0.864052,1
1440.52,2026-08-15T15:16:07.960,33.6521975,-117.3038192,-126.242,-69.9145,13.6302,0.106,0.943,34.94,0.847296,1
1440.56,2026-08-15T15:16:08.000,33.6521969,-117.3038134,-125.705,-69.9812,13.6794,0.091,0.924,34.28,0.83429,1
1440.6,2026-08-15T15:16:08.040,33.6521963,-117.3038075,-125.159,-70.0479,13.7107,0.075,0.905,33.77,0.823758,1
1440.64,2026-08-15T15:16:08.080,33.6521959,-117.3038015,-124.603,-70.0924,13.7286,0.06,0.891,33.38,0.815306,1
1440.68,2026-08-15T15:16:08.120,33.6521956,-117.3037956,-124.057,-70.1257,13.7912,0.047,0.885,32.97,0.808963,1
1440.72,2026-08-15T15:16:08.160,33.6521953,-117.3037895,-123.493,-70.1591,13.7822,0.042,0.883,32.48,0.796424,1
1440.76,2026-08-15T15:16:08.200,33.6521953,-117.3037836,-122.947,-70.1591,13.8001,0.041,0.877,31.65,0.777079,1
1440.8,2026-08-15T15:16:08.240,33.6521953,-117.3037777,-122.401,-70.1591,13.8314,0.039,0.866,30.24,0.744144,1
1440.84,2026-08-15T15:16:08.280,33.6521955,-117.3037717,-121.845,-70.1368,13.8672,0.035,0.837,28.33,0.698945,1
1440.88,2026-08-15T15:16:08.320,33.6521957,-117.3037657,-121.29,-70.1146,13.894,0.027,0.792,25.97,0.64196,1
1440.92,2026-08-15T15:16:08.360,33.6521960,-117.3037597,-120.734,-70.0812,13.8806,0.014,0.727,23.07,0.569723,1
1440.96,2026-08-15T15:16:08.400,33.6521963,-117.3037536,-120.17,-70.0479,13.894,0,0.653,19.95,0.49315,1
1441,2026-08-15T15:16:08.440,33.6521967,-117.3037477,-119.624,-70.0034,13.9029,-0.014,0.572,16.75,0.414314,1
1441.04,2026-08-15T15:16:08.480,33.6521972,-117.3037417,-119.068,-69.9478,13.8985,-0.026,0.479,13.33,0.329614,1
1441.08,2026-08-15T15:16:08.520,33.6521976,-117.3037357,-118.513,-69.9033,13.9029,-0.04,0.348,9.34,0.231027,1
1441.12,2026-08-15T15:16:08.560,33.6521981,-117.3037297,-117.958,-69.8477,13.9074,-0.05,0.185,5.03,0.124458,1
1441.16,2026-08-15T15:16:08.600,33.6521984,-117.3037237,-117.402,-69.8144,13.9029,-0.056,-0.008,0.32,0.00791526,1
1441.2,2026-08-15T15:16:08.640,33.6521986,-117.3037177,-116.847,-69.7921,13.8582,-0.063,-0.225,-4.86,-0.119826,1
1441.24,2026-08-15T15:16:08.680,33.6521987,-117.3037117,-116.292,-69.781,13.8851,-0.073,-0.421,-9.92,-0.245057,1
1441.28,2026-08-15T15:16:08.720,33.6521986,-117.3037057,-115.736,-69.7921,13.8538,-0.086,-0.577,-14.33,-0.353201,1
1441.32,2026-08-15T15:16:08.760,33.6521985,-117.3036997,-115.181,-69.8033,13.8314,-0.11,-0.676,-17.97,-0.442204,1
1441.36,2026-08-15T15:16:08.800,33.6521983,-117.3036938,-114.635,-69.8255,13.7778,-0.142,-0.713,-20.76,-0.508879,1
1441.4,2026-08-15T15:16:08.840,33.6521980,-117.3036879,-114.089,-69.8589,13.7241,-0.17,-0.699,-22.59,-0.551581,1
1441.44,2026-08-15T15:16:08.880,33.6521978,-117.3036820,-113.543,-69.8811,13.6079,-0.183,-0.663,-23.85,-0.577415,1
1441.48,2026-08-15T15:16:08.920,33.6521974,-117.3036762,-113.006,-69.9256,13.5766,-0.18,-0.637,-24.8,-0.599034,1
1441.52,2026-08-15T15:16:08.960,33.6521970,-117.3036703,-112.46,-69.9701,13.5811,-0.166,-0.646,-25.57,-0.617836,1
1441.56,2026-08-15T15:16:09.000,33.6521964,-117.3036645,-111.923,-70.0368,13.6079,-0.149,-0.673,-26.18,-0.633825,1
1441.6,2026-08-15T15:16:09.040,33.6521957,-117.3036587,-111.386,-70.1146,13.59,-0.143,-0.707,-26.75,-0.646773,1
1441.64,2026-08-15T15:16:09.080,33.6521948,-117.3036529,-110.849,-70.2147,13.5543,-0.156,-0.734,-27.41,-0.660987,1
1441.68,2026-08-15T15:16:09.120,33.6521940,-117.3036472,-110.321,-70.3036,13.5006,-0.176,-0.74,-28.17,-0.676626,1
1441.72,2026-08-15T15:16:09.160,33.6521930,-117.3036415,-109.794,-70.4148,13.3978,-0.194,-0.742,-29.12,-0.694117,1
1441.76,2026-08-15T15:16:09.200,33.6521920,-117.3036359,-109.276,-70.526,13.295,-0.208,-0.762,-30.15,-0.713154,1
1441.8,2026-08-15T15:16:09.240,33.6521908,-117.3036303,-108.757,-70.6595,13.2279,-0.205,-0.798,-31.12,-0.732385,1
1441.84,2026-08-15T15:16:09.280,33.6521895,-117.3036248,-108.248,-70.804,13.2234,-0.187,-0.832,-31.86,-0.749547,1
1441.88,2026-08-15T15:16:09.320,33.6521881,-117.3036195,-107.758,-70.9597,13.2458,-0.154,-0.843,-32.27,-0.760476,1
1441.92,2026-08-15T15:16:09.360,33.6521866,-117.3036140,-107.249,-71.1265,13.2547,-0.109,-0.827,-32.31,-0.761932,1
1441.96,2026-08-15T15:16:09.400,33.6521851,-117.3036086,-106.749,-71.2933,13.3173,-0.056,-0.806,-32.06,-0.759607,1
1442,2026-08-15T15:16:09.440,33.6521834,-117.3036031,-106.24,-71.4823,13.3441,-0.01,-0.795,-31.59,-0.749978,1
1442.04,2026-08-15T15:16:09.480,33.6521817,-117.3035978,-105.749,-71.6713,13.371,0.021,-0.808,-30.96,-0.736499,1
1442.08,2026-08-15T15:16:09.520,33.6521796,-117.3035925,-105.258,-71.9048,13.3888,0.036,-0.827,-30.35,-0.722953,1
1442.12,2026-08-15T15:16:09.560,33.6521777,-117.3035872,-104.768,-72.1161,13.4112,0.036,-0.825,-29.83,-0.711753,1
1442.16,2026-08-15T15:16:09.600,33.6521755,-117.3035820,-104.287,-72.3607,13.4023,0.043,-0.796,-29.39,-0.700787,1
1442.2,2026-08-15T15:16:09.640,33.6521735,-117.3035767,-103.796,-72.5831,13.4783,0.064,-0.761,-28.96,-0.694449,1
1442.24,2026-08-15T15:16:09.680,33.6521711,-117.3035715,-103.315,-72.85,13.5632,0.096,-0.732,-28.43,-0.686036,1
1442.28,2026-08-15T15:16:09.720,33.6521688,-117.3035663,-102.833,-73.1057,13.675,0.131,-0.723,-27.66,-0.672956,1
1442.32,2026-08-15T15:16:09.760,33.6521663,-117.3035609,-102.334,-73.3837,13.7912,0.165,-0.73,-26.56,-0.651685,1
1442.36,2026-08-15T15:16:09.800,33.6521638,-117.3035558,-101.862,-73.6617,13.9029,0.182,-0.737,-25.33,-0.626542,1
1442.4,2026-08-15T15:16:09.840,33.6521611,-117.3035506,-101.38,-73.9619,14.0058,0.189,-0.723,-24.04,-0.599031,1
1442.44,2026-08-15T15:16:09.880,33.6521584,-117.3035455,-100.908,-74.2622,14.0639,0.202,-0.687,-22.71,-0.568238,1
1442.48,2026-08-15T15:16:09.920,33.6521554,-117.3035404,-100.436,-74.5958,14.1756,0.228,-0.635,-21.07,-0.531393,1
1442.52,2026-08-15T15:16:09.960,33.6521527,-117.3035352,-99.9548,-74.896,14.2963,0.265,-0.581,-18.86,-0.479706,1
1442.56,2026-08-15T15:16:10.000,33.6521497,-117.3035299,-99.4642,-75.2296,14.5064,0.308,-0.525,-16.28,-0.420169,1
1442.6,2026-08-15T15:16:10.040,33.6521466,-117.3035246,-98.9737,-75.5743,14.7389,0.346,-0.442,-12.89,-0.338008,1
1442.64,2026-08-15T15:16:10.080,33.6521435,-117.3035193,-98.4831,-75.919,14.9356,0.371,-0.338,-9.12,-0.242341,1
1442.68,2026-08-15T15:16:10.120,33.6521404,-117.3035139,-97.9833,-76.2637,15.0652,0.385,-0.217,-5.34,-0.143128,1
1442.72,2026-08-15T15:16:10.160,33.6521372,-117.3035084,-97.4742,-76.6195,15.1859,0.396,-0.093,-1.73,-0.0467408,1
1442.76,2026-08-15T15:16:10.200,33.6521341,-117.3035029,-96.9651,-76.9642,15.329,0.408,0.026,1.59,0.043363,1
1442.8,2026-08-15T15:16:10.240,33.6521310,-117.3034972,-96.4375,-77.3089,15.5704,0.422,0.136,4.23,0.117179,1
1442.84,2026-08-15T15:16:10.280,33.6521280,-117.3034914,-95.9007,-77.6425,15.7716,0.432,0.227,6.32,0.177337,1
1442.88,2026-08-15T15:16:10.320,33.6521249,-117.3034855,-95.3546,-77.9872,15.9459,0.429,0.292,7.88,0.223555,1
1442.92,2026-08-15T15:16:10.360,33.6521219,-117.3034795,-94.7992,-78.3208,16.1113,0.421,0.326,8.94,0.256258,1
1442.96,2026-08-15T15:16:10.400,33.6521188,-117.3034735,-94.2438,-78.6655,16.2633,0.411,0.337,9.77,0.282691,1
1443,2026-08-15T15:16:10.440,33.6521157,-117.3034673,-93.67,-79.0102,16.4242,0.398,0.335,10.63,0.310618,1
1443.04,2026-08-15T15:16:10.480,33.6521126,-117.3034612,-93.1054,-79.3549,16.5986,0.393,0.349,11.61,0.342856,1
1443.08,2026-08-15T15:16:10.520,33.6521095,-117.3034549,-92.5222,-79.6996,16.7461,0.398,0.377,12.7,0.378378,1
1443.12,2026-08-15T15:16:10.560,33.6521065,-117.3034484,-91.9206,-80.0332,16.9428,0.4,0.41,13.79,0.415679,1
1443.16,2026-08-15T15:16:10.600,33.6521036,-117.3034420,-91.3282,-80.3557,17.0769,0.41,0.437,14.75,0.448136,1
1443.2,2026-08-15T15:16:10.640,33.6521006,-117.3034353,-90.7081,-80.6892,17.2692,0.426,0.464,15.44,0.47438,1
1443.24,2026-08-15T15:16:10.680,33.6520976,-117.3034286,-90.0879,-81.0228,17.4524,0.438,0.483,15.91,0.494009,1
1443.28,2026-08-15T15:16:10.720,33.6520948,-117.3034216,-89.44,-81.3342,17.667,0.443,0.51,16.33,0.513284,1
1443.32,2026-08-15T15:16:10.760,33.6520920,-117.3034147,-88.8013,-81.6455,17.8548,0.432,0.543,16.93,0.537799,1
1443.36,2026-08-15T15:16:10.800,33.6520891,-117.3034076,-88.1442,-81.968,17.9978,0.402,0.566,17.73,0.567724,1
1443.4,2026-08-15T15:16:10.840,33.6520865,-117.3034005,-87.487,-82.2571,18.0917,0.367,0.578,18.72,0.602551,1
1443.44,2026-08-15T15:16:10.880,33.6520839,-117.3033933,-86.8205,-82.5462,18.1409,0.345,0.591,19.86,0.640982,1
1443.48,2026-08-15T15:16:10.920,33.6520811,-117.3033860,-86.1449,-82.8575,18.2482,0.342,0.605,20.9,0.678538,1
1443.52,2026-08-15T15:16:10.960,33.6520786,-117.3033785,-85.4507,-83.1355,18.4717,0.356,0.634,21.69,0.712811,1
1443.56,2026-08-15T15:16:11.000,33.6520761,-117.3033709,-84.7472,-83.4135,18.6952,0.38,0.675,22.17,0.737402,1
1443.6,2026-08-15T15:16:11.040,33.6520737,-117.3033632,-84.0345,-83.6804,18.8964,0.396,0.712,22.31,0.750044,1
1443.64,2026-08-15T15:16:11.080,33.6520714,-117.3033554,-83.3125,-83.9361,19.0305,0.397,0.729,22.14,0.749611,1
1443.68,2026-08-15T15:16:11.120,33.6520691,-117.3033475,-82.5813,-84.1919,19.1378,0.39,0.731,21.8,0.742261,1
1443.72,2026-08-15T15:16:11.160,33.6520670,-117.3033396,-81.8501,-84.4254,19.2764,0.385,0.719,21.39,0.733575,1
1443.76,2026-08-15T15:16:11.200,33.6520648,-117.3033315,-81.1003,-84.67,19.4239,0.384,0.708,20.96,0.724329,1
1443.8,2026-08-15T15:16:11.240,33.6520628,-117.3033234,-80.3506,-84.8924,19.5848,0.389,0.708,20.55,0.716044,1
1443.84,2026-08-15T15:16:11.280,33.6520608,-117.3033150,-79.5731,-85.1148,19.8352,0.4,0.722,20.18,0.71214,1
1443.88,2026-08-15T15:16:11.320,33.6520588,-117.3033065,-78.7863,-85.3372,20.0587,0.408,0.742,19.83,0.707674,1
1443.92,2026-08-15T15:16:11.360,33.6520571,-117.3032979,-77.9903,-85.5262,20.2151,0.409,0.756,19.51,0.701686,1
1443.96,2026-08-15T15:16:11.400,33.6520554,-117.3032893,-77.1943,-85.7153,20.3537,0.408,0.763,19.31,0.699254,1
1444,2026-08-15T15:16:11.440,33.6520538,-117.3032806,-76.3891,-85.8932,20.4744,0.406,0.767,19.23,0.700486,1
1444.04,2026-08-15T15:16:11.480,33.6520523,-117.3032719,-75.5838,-86.06,20.622,0.401,0.761,19.29,0.707735,1
1444.08,2026-08-15T15:16:11.520,33.6520507,-117.3032630,-74.76,-86.2379,20.841,0.398,0.75,19.46,0.721556,1
1444.12,2026-08-15T15:16:11.560,33.6520494,-117.3032540,-73.927,-86.3824,20.9885,0.393,0.742,19.64,0.733385,1
1444.16,2026-08-15T15:16:11.600,33.6520481,-117.3032450,-73.0939,-86.527,21.1316,0.379,0.731,19.86,0.746654,1
1444.2,2026-08-15T15:16:11.640,33.6520469,-117.3032359,-72.2516,-86.6604,21.2568,0.362,0.721,20.14,0.761666,1
1444.24,2026-08-15T15:16:11.680,33.6520458,-117.3032267,-71.4001,-86.7827,21.373,0.342,0.725,20.44,0.777239,1
1444.28,2026-08-15T15:16:11.720,33.6520447,-117.3032175,-70.5485,-86.905,21.4937,0.323,0.747,20.84,0.796924,1
1444.32,2026-08-15T15:16:11.760,33.6520439,-117.3032082,-69.6877,-86.994,21.6323,0.316,0.776,21.26,0.818227,1
1444.36,2026-08-15T15:16:11.800,33.6520431,-117.3031988,-68.8177,-87.083,21.7306,0.313,0.815,21.59,0.834705,1
1444.4,2026-08-15T15:16:11.840,33.6520425,-117.3031893,-67.9383,-87.1497,21.8826,0.312,0.856,21.78,0.84794,1
1444.44,2026-08-15T15:16:11.880,33.6520420,-117.3031798,-67.059,-87.2053,22.0033,0.31,0.884,21.77,0.852226,1
1444.48,2026-08-15T15:16:11.920,33.6520415,-117.3031702,-66.1704,-87.2609,22.1195,0.306,0.894,21.52,0.846889,1
1444.52,2026-08-15T15:16:11.960,33.6520411,-117.3031606,-65.2819,-87.3053,22.1955,0.292,0.896,21.02,0.830055,1
1444.56,2026-08-15T15:16:12.000,33.6520410,-117.3031510,-64.3933,-87.3165,22.2939,0.279,0.881,20.31,0.805571,1
1444.6,2026-08-15T15:16:12.040,33.6520409,-117.3031413,-63.4955,-87.3276,22.3609,0.275,0.85,19.04,0.75747,1
1444.64,2026-08-15T15:16:12.080,33.6520408,-117.3031316,-62.5976,-87.3387,22.504,0.286,0.813,17.15,0.686645,1
1444.68,2026-08-15T15:16:12.120,33.6520408,-117.3031218,-61.6905,-87.3387,22.6158,0.31,0.759,14.48,0.582623,1
1444.72,2026-08-15T15:16:12.160,33.6520410,-117.3031118,-60.7649,-87.3165,22.8259,0.343,0.697,10.92,0.443464,1
1444.76,2026-08-15T15:16:12.200,33.6520410,-117.3031018,-59.8394,-87.3165,23.0315,0.371,0.635,7.03,0.288062,1
1444.8,2026-08-15T15:16:12.240,33.6520414,-117.3030917,-58.9045,-87.272,23.2193,0.386,0.564,3.45,0.14252,1
1444.84,2026-08-15T15:16:12.280,33.6520416,-117.3030816,-57.9696,-87.2497,23.3489,0.379,0.47,0.64,0.0265861,1
1444.88,2026-08-15T15:16:12.320,33.6520419,-117.3030714,-57.0255,-87.2164,23.4517,0.357,0.361,-1.07,-0.0446444,1
1444.92,2026-08-15T15:16:12.360,33.6520422,-117.3030612,-56.0814,-87.183,23.5769,0.328,0.238,-1.61,-0.0675337,1
1444.96,2026-08-15T15:16:12.400,33.6520423,-117.3030510,-55.1373,-87.1719,23.6439,0.299,0.114,-1.39,-0.0584713,1
1445,2026-08-15T15:16:12.440,33.6520425,-117.3030406,-54.1747,-87.1497,23.7959,0.274,0.02,-0.75,-0.0317521,1
1445.04,2026-08-15T15:16:12.480,33.6520426,-117.3030303,-53.2213,-87.1385,23.9122,0.259,-0.031,-0.06,-0.00255258,1
1445.08,2026-08-15T15:16:12.520,33.6520428,-117.3030199,-52.2587,-87.1163,24.0239,0.249,-0.04,0.5,0.0213709,1
1445.12,2026-08-15T15:16:12.560,33.6520429,-117.3030094,-51.2868,-87.1052,24.158,0.246,-0.021,0.89,0.0382525,1
1445.16,2026-08-15T15:16:12.600,33.6520433,-117.3029990,-50.3242,-87.0607,24.2519,0.252,0.008,1.05,0.0453048,1
1445.2,2026-08-15T15:16:12.640,33.6520434,-117.3029884,-49.3431,-87.0496,24.3726,0.262,0.04,1.07,0.0463975,1
1445.24,2026-08-15T15:16:12.680,33.6520437,-117.3029777,-48.3527,-87.0162,24.4933,0.258,0.061,1,0.0435769,1
1445.28,2026-08-15T15:16:12.720,33.6520440,-117.3029671,-47.3715,-86.9829,24.6274,0.227,0.071,0.94,0.0411865,1
1445.32,2026-08-15T15:16:12.760,33.6520441,-117.3029564,-46.3811,-86.9718,24.6408,0.156,0.07,0.97,0.0425242,1
1445.36,2026-08-15T15:16:12.800,33.6520445,-117.3029459,-45.4093,-86.9273,24.5693,0.054,0.076,1.14,0.0498318,1
1445.4,2026-08-15T15:16:12.840,33.6520447,-117.3029353,-44.4281,-86.905,24.462,-0.058,0.086,1.6,0.0696339,1
1445.44,2026-08-15T15:16:12.880,33.6520450,-117.3029249,-43.4655,-86.8717,24.2922,-0.16,0.112,2.36,0.101997,1
1445.48,2026-08-15T15:16:12.920,33.6520453,-117.3029145,-42.5029,-86.8383,24.2206,-0.226,0.159,3.45,0.148666,1
1445.52,2026-08-15T15:16:12.960,33.6520456,-117.3029042,-41.5495,-86.805,24.1178,-0.253,0.21,4.89,0.209824,1
1445.56,2026-08-15T15:16:13.000,33.6520459,-117.3028939,-40.5962,-86.7716,24.0955,-0.254,0.251,6.5,0.278649,1
1445.6,2026-08-15T15:16:13.040,33.6520465,-117.3028834,-39.6243,-86.7049,24.082,-0.246,0.287,8.11,0.347474,1
1445.64,2026-08-15T15:16:13.080,33.6520470,-117.3028731,-38.6709,-86.6493,24.0329,-0.239,0.321,9.71,0.415177,1
1445.68,2026-08-15T15:16:13.120,33.6520475,-117.3028628,-37.7175,-86.5937,23.9345,-0.243,0.363,11.47,0.488423,1
1445.72,2026-08-15T15:16:13.160,33.6520481,-117.3028527,-36.7827,-86.527,23.7825,-0.25,0.424,13.27,0.561484,1
1445.76,2026-08-15T15:16:13.200,33.6520488,-117.3028425,-35.8386,-86.4491,23.6886,-0.259,0.509,15.16,0.638922,1
1445.8,2026-08-15T15:16:13.240,33.6520495,-117.3028324,-34.9037,-86.3713,23.6127,-0.274,0.597,17.06,0.716691,1
1445.84,2026-08-15T15:16:13.280,33.6520506,-117.3028224,-33.9781,-86.249,23.483,-0.295,0.677,18.94,0.791302,1
1445.88,2026-08-15T15:16:13.320,33.6520515,-117.3028125,-33.0618,-86.1489,23.331,-0.316,0.74,20.53,0.852179,1
1445.92,2026-08-15T15:16:13.360,33.6520526,-117.3028026,-32.1454,-86.0266,23.188,-0.334,0.785,21.89,0.90306,1
1445.96,2026-08-15T15:16:13.400,33.6520538,-117.3027929,-31.2476,-85.8932,23.036,-0.346,0.819,22.9,0.938535,1
1446,2026-08-15T15:16:13.440,33.6520551,-117.3027832,-30.3498,-85.7486,22.9063,-0.346,0.854,23.56,0.96015,1
1446.04,2026-08-15T15:16:13.480,33.6520565,-117.3027735,-29.452,-85.5929,22.7901,-0.338,0.878,23.85,0.967037,1
1446.08,2026-08-15T15:16:13.520,33.6520581,-117.3027639,-28.5634,-85.415,22.6918,-0.33,0.891,23.93,0.966093,1
1446.12,2026-08-15T15:16:13.560,33.6520597,-117.3027544,-27.6841,-85.2371,22.5576,-0.324,0.899,23.89,0.958778,1
1446.16,2026-08-15T15:16:13.600,33.6520614,-117.3027450,-26.814,-85.0481,22.4235,-0.312,0.902,23.81,0.949886,1
1446.2,2026-08-15T15:16:13.640,33.6520632,-117.3027356,-25.9439,-84.8479,22.3475,-0.299,0.909,23.66,0.940703,1
1446.24,2026-08-15T15:16:13.680,33.6520652,-117.3027263,-25.0831,-84.6255,22.2849,-0.29,0.922,23.45,0.929743,1
1446.28,2026-08-15T15:16:13.720,33.6520673,-117.3027171,-24.2316,-84.392,22.1911,-0.28,0.943,23.14,0.913587,1
1446.32,2026-08-15T15:16:13.760,33.6520694,-117.3027080,-23.3893,-84.1585,22.057,-0.275,0.959,22.76,0.893154,1
1446.36,2026-08-15T15:16:13.800,33.6520717,-117.3026991,-22.5655,-83.9028,21.9094,-0.272,0.965,22.3,0.869249,1
1446.4,2026-08-15T15:16:13.840,33.6520741,-117.3026902,-21.7417,-83.6359,21.7574,-0.273,0.955,21.84,0.845413,1
1446.44,2026-08-15T15:16:13.880,33.6520765,-117.3026813,-20.9179,-83.369,21.677,-0.277,0.942,21.34,0.823003,1
1446.48,2026-08-15T15:16:13.920,33.6520790,-117.3026726,-20.1127,-83.0911,21.5652,-0.285,0.92,20.84,0.799576,1
1446.52,2026-08-15T15:16:13.960,33.6520816,-117.3026640,-19.3167,-82.8019,21.4043,-0.302,0.884,20.38,0.776092,1
1446.56,2026-08-15T15:16:14.000,33.6520843,-117.3026554,-18.5206,-82.5017,21.2389,-0.325,0.848,20.05,0.757625,1
1446.6,2026-08-15T15:16:14.040,33.6520871,-117.3026471,-17.7524,-82.1904,21.0377,-0.343,0.816,19.81,0.741466,1
1446.64,2026-08-15T15:16:14.080,33.6520898,-117.3026387,-16.9749,-81.8901,20.917,-0.356,0.796,19.58,0.728653,1
1446.68,2026-08-15T15:16:14.120,33.6520927,-117.3026305,-16.2159,-81.5677,20.7874,-0.362,0.788,19.23,0.711192,1
1446.72,2026-08-15T15:16:14.160,33.6520956,-117.3026223,-15.4569,-81.2452,20.6845,-0.359,0.791,18.65,0.68633,1
1446.76,2026-08-15T15:16:14.200,33.6520987,-117.3026143,-14.7164,-80.9005,20.5415,-0.351,0.785,17.74,0.648327,1
1446.8,2026-08-15T15:16:14.240,33.6521017,-117.3026064,-13.9852,-80.5669,20.4029,-0.345,0.772,16.44,0.596763,1
1446.84,2026-08-15T15:16:14.280,33.6521050,-117.3025985,-13.254,-80.2,20.2867,-0.34,0.763,14.94,0.539225,1
1446.88,2026-08-15T15:16:14.320,33.6521082,-117.3025908,-12.5413,-79.8442,20.1392,-0.341,0.77,13.24,0.474392,1
1446.92,2026-08-15T15:16:14.360,33.6521114,-117.3025831,-11.8286,-79.4883,20.005,-0.35,0.784,11.16,0.397203,1
1446.96,2026-08-15T15:16:14.400,33.6521149,-117.3025756,-11.1344,-79.0992,19.8486,-0.363,0.784,8.77,0.309697,1
1447,2026-08-15T15:16:14.440,33.6521183,-117.3025683,-10.4587,-78.7211,19.6787,-0.38,0.739,5.98,0.209366,1
1447.04,2026-08-15T15:16:14.480,33.6521217,-117.3025610,-9.78299,-78.343,19.5178,-0.396,0.62,2.48,0.0861173,1
1447.08,2026-08-15T15:16:14.520,33.6521251,-117.3025537,-9.1073,-77.965,19.3658,-0.4,0.446,-1.32,-0.0454797,1
1447.12,2026-08-15T15:16:14.560,33.6521283,-117.3025464,-8.43161,-77.6091,19.2495,-0.398,0.24,-5.05,-0.17295,1
1447.16,2026-08-15T15:16:14.600,33.6521315,-117.3025392,-7.76518,-77.2533,19.178,-0.387,0.036,-8.4,-0.28661,1
1447.2,2026-08-15T15:16:14.640,33.6521345,-117.3025318,-7.08024,-76.9197,19.1199,-0.37,-0.13,-10.95,-0.372484,1
1447.24,2026-08-15T15:16:14.680,33.6521377,-117.3025246,-6.41381,-76.5639,19.0216,-0.355,-0.238,-12.31,-0.416593,1
1447.28,2026-08-15T15:16:14.720,33.6521406,-117.3025174,-5.74738,-76.2414,18.8874,-0.35,-0.303,-12.74,-0.428106,1
1447.32,2026-08-15T15:16:14.760,33.6521437,-117.3025102,-5.08095,-75.8967,18.7131,-0.352,-0.335,-12.59,-0.41916,1
1447.36,2026-08-15T15:16:14.800,33.6521466,-117.3025030,-4.41452,-75.5743,18.5745,-0.365,-0.35,-12.39,-0.409446,1
1447.4,2026-08-15T15:16:14.840,33.6521494,-117.3024959,-3.75734,-75.2629,18.4404,-0.374,-0.37,-12.54,-0.411411,1
1447.44,2026-08-15T15:16:14.880,33.6521522,-117.3024888,-3.10017,-74.9516,18.2795,-0.373,-0.413,-13.3,-0.432537,1
1447.48,2026-08-15T15:16:14.920,33.6521548,-117.3024816,-2.43374,-74.6625,18.1856,-0.355,-0.469,-14.59,-0.472053,1
1447.52,2026-08-15T15:16:14.960,33.6521574,-117.3024745,-1.77656,-74.3734,18.123,-0.321,-0.545,-16.3,-0.525565,1
1447.56,2026-08-15T15:16:15.000,33.6521598,-117.3024673,-1.11013,-74.1065,18.0872,-0.282,-0.619,-17.98,-0.578589,1
1447.6,2026-08-15T15:16:15.040,33.6521622,-117.3024600,-0.434443,-73.8396,18.0694,-0.244,-0.68,-19.39,-0.623346,1
1447.64,2026-08-15T15:16:15.080,33.6521645,-117.3024527,0.241244,-73.5839,18.0247,-0.216,-0.712,-20.57,-0.659644,1
1447.68,2026-08-15T15:16:15.120,33.6521666,-117.3024454,0.916931,-73.3504,17.9531,-0.199,-0.729,-21.48,-0.686093,1
1447.72,2026-08-15T15:16:15.160,33.6521686,-117.3024382,1.58336,-73.128,17.8548,-0.193,-0.73,-22.14,-0.7033,1
1447.76,2026-08-15T15:16:15.200,33.6521706,-117.3024309,2.25905,-72.9056,17.8101,-0.19,-0.74,-22.72,-0.719917,1
1447.8,2026-08-15T15:16:15.240,33.6521725,-117.3024236,2.93474,-72.6943,17.743,-0.186,-0.749,-23.23,-0.733306,1
1447.84,2026-08-15T15:16:15.280,33.6521742,-117.3024162,3.61968,-72.5053,17.7207,-0.179,-0.768,-23.58,-0.743416,1
1447.88,2026-08-15T15:16:15.320,33.6521757,-117.3024089,4.29536,-72.3385,17.7028,-0.171,-0.791,-23.81,-0.74991,1
1447.92,2026-08-15T15:16:15.360,33.6521773,-117.3024015,4.98031,-72.1606,17.6849,-0.163,-0.817,-23.94,-0.753243,1
1447.96,2026-08-15T15:16:15.400,33.6521786,-117.3023941,5.66525,-72.016,17.6491,-0.156,-0.83,-23.99,-0.75329,1
1448,2026-08-15T15:16:15.440,33.6521798,-117.3023867,6.35019,-71.8826,17.5597,-0.151,-0.831,-24.03,-0.750723,1
1448.04,2026-08-15T15:16:15.480,33.6521810,-117.3023794,7.02588,-71.7492,17.5106,-0.148,-0.823,-24.07,-0.749867,1
1448.08,2026-08-15T15:16:15.520,33.6521821,-117.3023720,7.71082,-71.6269,17.4569,-0.147,-0.805,-24.12,-0.749123,1
1448.12,2026-08-15T15:16:15.560,33.6521830,-117.3023646,8.39577,-71.5268,17.4033,-0.147,-0.787,-24.18,-0.748679,1
1448.16,2026-08-15T15:16:15.600,33.6521839,-117.3023572,9.08071,-71.4267,17.363,-0.154,-0.779,-24.29,-0.750346,1
1448.2,2026-08-15T15:16:15.640,33.6521846,-117.3023498,9.76565,-71.3489,17.3049,-0.166,-0.78,-24.47,-0.753376,1
1448.24,2026-08-15T15:16:15.680,33.6521853,-117.3023425,10.4413,-71.271,17.2289,-0.176,-0.784,-24.73,-0.758037,1
1448.28,2026-08-15T15:16:15.720,33.6521858,-117.3023351,11.1263,-71.2154,17.1663,-0.185,-0.794,-25,-0.76353,1
1448.32,2026-08-15T15:16:15.760,33.6521861,-117.3023277,11.8112,-71.1821,17.1529,-0.188,-0.798,-25.26,-0.770868,1
1448.36,2026-08-15T15:16:15.800,33.6521864,-117.3023204,12.4869,-71.1487,17.0903,-0.185,-0.799,-25.44,-0.773528,1
1448.4,2026-08-15T15:16:15.840,33.6521866,-117.3023131,13.1626,-71.1265,17.0188,-0.177,-0.802,-25.54,-0.773319,1
1448.44,2026-08-15T15:16:15.880,33.6521867,-117.3023058,13.8383,-71.1154,16.9875,-0.165,-0.808,-25.56,-0.772501,1
1448.48,2026-08-15T15:16:15.920,33.6521867,-117.3022985,14.514,-71.1154,16.9562,-0.145,-0.812,-25.52,-0.769872,1
1448.52,2026-08-15T15:16:15.960,33.6521864,-117.3022912,15.1897,-71.1487,16.9294,-0.119,-0.817,-25.38,-0.764437,1
1448.56,2026-08-15T15:16:16.000,33.6521862,-117.3022840,15.8561,-71.171,16.9473,-0.088,-0.821,-25.16,-0.758611,1
1448.6,2026-08-15T15:16:16.040,33.6521857,-117.3022766,16.541,-71.2266,16.983,-0.058,-0.822,-24.85,-0.750845,1
1448.64,2026-08-15T15:16:16.080,33.6521853,-117.3022692,17.226,-71.271,17.0054,-0.036,-0.824,-24.45,-0.739732,1
1448.68,2026-08-15T15:16:16.120,33.6521847,-117.3022620,17.8924,-71.3377,17.0143,-0.028,-0.824,-24.04,-0.727709,1
1448.72,2026-08-15T15:16:16.160,33.6521839,-117.3022546,18.5773,-71.4267,17.0278,-0.042,-0.819,-23.71,-0.718286,1
1448.76,2026-08-15T15:16:16.200,33.6521832,-117.3022474,19.2438,-71.5045,17.0322,-0.073,-0.813,-23.55,-0.713626,1
1448.8,2026-08-15T15:16:16.240,33.6521823,-117.3022402,19.9102,-71.6046,16.992,-0.115,-0.803,-23.67,-0.715568,1
1448.84,2026-08-15T15:16:16.280,33.6521812,-117.3022330,20.5766,-71.7269,16.8579,-0.16,-0.788,-24.1,-0.722817,1
1448.88,2026-08-15T15:16:16.320,33.6521801,-117.3022260,21.2246,-71.8492,16.7327,-0.197,-0.773,-24.88,-0.74067,1
1448.92,2026-08-15T15:16:16.360,33.6521789,-117.3022190,21.8725,-71.9827,16.6657,-0.218,-0.766,-25.85,-0.766463,1
1448.96,2026-08-15T15:16:16.400,33.6521776,-117.3022120,22.5204,-72.1272,16.612,-0.226,-0.768,-26.86,-0.793846,1
1449,2026-08-15T15:16:16.440,33.6521762,-117.3022051,23.1591,-72.2829,16.6075,-0.224,-0.78,-27.79,-0.821111,1
1449.04,2026-08-15T15:16:16.480,33.6521746,-117.3021982,23.7977,-72.4608,16.5852,-0.218,-0.801,-28.56,-0.842727,1
1449.08,2026-08-15T15:16:16.520,33.6521730,-117.3021913,24.4364,-72.6387,16.536,-0.212,-0.825,-29.11,-0.856409,1
1449.12,2026-08-15T15:16:16.560,33.6521712,-117.3021846,25.0565,-72.8389,16.5047,-0.207,-0.845,-29.48,-0.865653,1
1449.16,2026-08-15T15:16:16.600,33.6521694,-117.3021779,25.6767,-73.039,16.4019,-0.204,-0.856,-29.74,-0.867848,1
1449.2,2026-08-15T15:16:16.640,33.6521674,-117.3021713,26.2876,-73.2614,16.308,-0.196,-0.864,-29.9,-0.867523,1
1449.24,2026-08-15T15:16:16.680,33.6521654,-117.3021648,26.8892,-73.4838,16.2186,-0.186,-0.865,-29.97,-0.864786,1
1449.28,2026-08-15T15:16:16.720,33.6521632,-117.3021584,27.4816,-73.7284,16.232,-0.172,-0.866,-29.96,-0.865213,1
1449.32,2026-08-15T15:16:16.760,33.6521609,-117.3021519,28.0832,-73.9842,16.1605,-0.154,-0.873,-29.87,-0.858812,1
1449.36,2026-08-15T15:16:16.800,33.6521587,-117.3021455,28.6756,-74.2288,16.165,-0.133,-0.888,-29.65,-0.852723,1
1449.4,2026-08-15T15:16:16.840,33.6521561,-117.3021392,29.2588,-74.5179,16.1381,-0.109,-0.901,-29.31,-0.841546,1
1449.44,2026-08-15T15:16:16.880,33.6521535,-117.3021330,29.8326,-74.807,16.1292,-0.084,-0.915,-28.82,-0.827019,1
1449.48,2026-08-15T15:16:16.920,33.6521509,-117.3021270,30.388,-75.0961,16.1516,-0.061,-0.914,-28.1,-0.807475,1
1449.52,2026-08-15T15:16:16.960,33.6521480,-117.3021208,30.9619,-75.4186,16.1516,-0.038,-0.898,-27.25,-0.783049,1
1449.56,2026-08-15T15:16:17.000,33.6521451,-117.3021148,31.5172,-75.7411,16.1784,-0.02,-0.879,-26.39,-0.759596,1
1449.6,2026-08-15T15:16:17.040,33.6521422,-117.3021088,32.0726,-76.0635,16.1739,-0.009,-0.865,-25.58,-0.736078,1
1449.64,2026-08-15T15:16:17.080,33.6521389,-117.3021029,32.6187,-76.4305,16.1918,0,-0.851,-24.9,-0.717303,1
1449.68,2026-08-15T15:16:17.120,33.6521358,-117.3020969,33.174,-76.7752,16.2141,0.008,-0.845,-24.41,-0.704158,1
1449.72,2026-08-15T15:16:17.160,33.6521324,-117.3020912,33.7016,-77.1532,16.2454,0.014,-0.844,-24.05,-0.695112,1
1449.76,2026-08-15T15:16:17.200,33.6521290,-117.3020854,34.2385,-77.5313,16.3214,0.021,-0.834,-23.79,-0.690814,1
1449.8,2026-08-15T15:16:17.240,33.6521254,-117.3020797,34.7661,-77.9316,16.3438,0.029,-0.814,-23.56,-0.685072,1
1449.84,2026-08-15T15:16:17.280,33.6521218,-117.3020741,35.2844,-78.3319,16.3706,0.034,-0.793,-23.34,-0.679789,1
1449.88,2026-08-15T15:16:17.320,33.6521182,-117.3020686,35.7935,-78.7322,16.3617,0.038,-0.765,-23.11,-0.672722,1
1449.92,2026-08-15T15:16:17.360,33.6521144,-117.3020631,36.3026,-79.1548,16.3974,0.04,-0.735,-22.92,-0.66865,1
1449.96,2026-08-15T15:16:17.400,33.6521105,-117.3020576,36.8116,-79.5884,16.4824,0.038,-0.708,-22.79,-0.668301,1
1450,2026-08-15T15:16:17.440,33.6521065,-117.3020523,37.3022,-80.0332,16.536,0.035,-0.689,-22.8,-0.67077,1
1450.04,2026-08-15T15:16:17.480,33.6521026,-117.3020469,37.802,-80.4669,16.5807,0.03,-0.675,-22.94,-0.676714,1
1450.08,2026-08-15T15:16:17.520,33.6520985,-117.3020416,38.2926,-80.9228,16.5941,0.022,-0.672,-23.25,-0.686413,1
1450.12,2026-08-15T15:16:17.560,33.6520943,-117.3020365,38.7647,-81.3898,16.6031,0.009,-0.682,-23.7,-0.700076,1
1450.16,2026-08-15T15:16:17.600,33.6520901,-117.3020313,39.246,-81.8568,16.612,-0.007,-0.703,-24.29,-0.71789,1
1450.2,2026-08-15T15:16:17.640,33.6520858,-117.3020263,39.7088,-82.3349,16.5941,-0.024,-0.728,-24.91,-0.735422,1
1450.24,2026-08-15T15:16:17.680,33.6520814,-117.3020215,40.153,-82.8242,16.6165,-0.039,-0.759,-25.5,-0.753854,1
1450.28,2026-08-15T15:16:17.720,33.6520769,-117.3020167,40.5973,-83.3246,16.6165,-0.051,-0.79,-25.97,-0.767749,1
1450.32,2026-08-15T15:16:17.760,33.6520724,-117.3020119,41.0416,-83.8249,16.6478,-0.06,-0.816,-26.25,-0.777488,1
1450.36,2026-08-15T15:16:17.800,33.6520677,-117.3020074,41.4581,-84.3476,16.6433,-0.06,-0.839,-26.31,-0.779056,1
1450.4,2026-08-15T15:16:17.840,33.6520629,-117.3020028,41.8839,-84.8813,16.6567,-0.059,-0.849,-26.19,-0.776128,1
1450.44,2026-08-15T15:16:17.880,33.6520582,-117.3019985,42.2819,-85.4039,16.6612,-0.054,-0.838,-25.94,-0.768925,1
1450.48,2026-08-15T15:16:17.920,33.6520534,-117.3019942,42.6799,-85.9376,16.6835,-0.042,-0.813,-25.7,-0.762833,1
1450.52,2026-08-15T15:16:17.960,33.6520485,-117.3019899,43.0779,-86.4825,16.6969,-0.034,-0.788,-25.55,-0.75899,1
1450.56,2026-08-15T15:16:18.000,33.6520436,-117.3019858,43.4574,-87.0274,16.6791,-0.031,-0.773,-25.54,-0.757881,1
1450.6,2026-08-15T15:16:18.040,33.6520386,-117.3019818,43.8277,-87.5833,16.7059,-0.03,-0.77,-25.68,-0.763261,1
1450.64,2026-08-15T15:16:18.080,33.6520335,-117.3019777,44.2072,-88.1504,16.7059,-0.034,-0.778,-25.97,-0.77188,1
1450.68,2026-08-15T15:16:18.120,33.6520284,-117.3019741,44.5404,-88.7175,16.7104,-0.033,-0.791,-26.33,-0.782789,1
1450.72,2026-08-15T15:16:18.160,33.6520231,-117.3019703,44.8921,-89.3068,16.7148,-0.016,-0.804,-26.66,-0.792812,1
1450.76,2026-08-15T15:16:18.200,33.6520179,-117.3019667,45.2253,-89.8851,16.7506,0.007,-0.813,-26.82,-0.799277,1
1450.8,2026-08-15T15:16:18.240,33.6520124,-117.3019633,45.54,-90.4966,16.8176,0.031,-0.825,-26.72,-0.799484,1
1450.84,2026-08-15T15:16:18.280,33.6520071,-117.3019599,45.8547,-91.086,16.8981,0.046,-0.842,-26.33,-0.791585,1
1450.88,2026-08-15T15:16:18.320,33.6520016,-117.3019566,46.1602,-91.6975,16.9652,0.038,-0.851,-25.75,-0.77722,1
1450.92,2026-08-15T15:16:18.360,33.6519960,-117.3019535,46.4471,-92.3202,16.9786,0.001,-0.843,-25.17,-0.760314,1
1450.96,2026-08-15T15:16:18.400,33.6519905,-117.3019506,46.7155,-92.9318,16.916,-0.045,-0.821,-24.83,-0.747279,1
1451,2026-08-15T15:16:18.440,33.6519849,-117.3019477,46.984,-93.5545,16.8221,-0.095,-0.79,-24.88,-0.744628,1
1451.04,2026-08-15T15:16:18.480,33.6519794,-117.3019449,47.2431,-94.1661,16.7238,-0.133,-0.766,-25.37,-0.754854,1
1451.08,2026-08-15T15:16:18.520,33.6519738,-117.3019422,47.493,-94.7888,16.7059,-0.156,-0.762,-26.15,-0.77723,1
1451.12,2026-08-15T15:16:18.560,33.6519682,-117.3019396,47.7337,-95.4115,16.6969,-0.157,-0.781,-27.07,-0.804144,1
1451.16,2026-08-15T15:16:18.600,33.6519625,-117.3019372,47.9558,-96.0453,16.7193,-0.14,-0.823,-27.98,-0.832289,1
1451.2,2026-08-15T15:16:18.640,33.6519568,-117.3019350,48.1595,-96.6791,16.7685,-0.111,-0.874,-28.72,-0.856813,1
1451.24,2026-08-15T15:16:18.680,33.6519510,-117.3019329,48.3539,-97.324,16.8087,-0.079,-0.917,-29.14,-0.871429,1
1451.28,2026-08-15T15:16:18.720,33.6519451,-117.3019310,48.5297,-97.9801,16.84,-0.051,-0.936,-29.23,-0.875748,1
1451.32,2026-08-15T15:16:18.760,33.6519392,-117.3019291,48.7056,-98.6361,16.8355,-0.035,-0.937,-28.99,-0.868327,1
1451.36,2026-08-15T15:16:18.800,33.6519333,-117.3019274,48.8629,-99.2922,16.8534,-0.04,-0.922,-28.58,-0.856956,1
1451.4,2026-08-15T15:16:18.840,33.6519273,-117.3019259,49.0018,-99.9593,16.7953,-0.059,-0.902,-28.21,-0.842945,1
1451.44,2026-08-15T15:16:18.880,33.6519216,-117.3019245,49.1314,-100.593,16.7282,-0.087,-0.882,-28.11,-0.836603,1
1451.48,2026-08-15T15:16:18.920,33.6519155,-117.3019232,49.2517,-101.271,16.7014,-0.113,-0.868,-28.29,-0.84061,1
1451.52,2026-08-15T15:16:18.960,33.6519096,-117.3019220,49.3628,-101.927,16.6925,-0.129,-0.864,-28.75,-0.853821,1
1451.56,2026-08-15T15:16:19.000,33.6519036,-117.3019211,49.4461,-102.595,16.6701,-0.136,-0.864,-29.31,-0.869287,1
1451.6,2026-08-15T15:16:19.040,33.6518978,-117.3019202,49.5294,-103.24,16.7014,-0.134,-0.879,-29.84,-0.886667,1
1451.64,2026-08-15T15:16:19.080,33.6518917,-117.3019195,49.5942,-103.918,16.6567,-0.124,-0.899,-30.26,-0.89674,1
1451.68,2026-08-15T15:16:19.120,33.6518857,-117.3019190,49.6404,-104.585,16.6299,-0.111,-0.921,-30.52,-0.902988,1
1451.72,2026-08-15T15:16:19.160,33.6518798,-117.3019186,49.6775,-105.241,16.6031,-0.09,-0.935,-30.58,-0.903304,1
1451.76,2026-08-15T15:16:19.200,33.6518738,-117.3019184,49.696,-105.908,16.6031,-0.068,-0.941,-30.47,-0.900055,1
1451.8,2026-08-15T15:16:19.240,33.6518678,-117.3019183,49.7052,-106.575,16.6388,-0.049,-0.935,-30.16,-0.892817,1
1451.84,2026-08-15T15:16:19.280,33.6518617,-117.3019183,49.7052,-107.254,16.688,-0.032,-0.927,-29.69,-0.881501,1
1451.88,2026-08-15T15:16:19.320,33.6518557,-117.3019185,49.6867,-107.921,16.6925,-0.024,-0.923,-29.11,-0.864512,1
1451.92,2026-08-15T15:16:19.360,33.6518497,-117.3019187,49.6682,-108.588,16.6746,-0.028,-0.918,-28.54,-0.846677,1
1451.96,2026-08-15T15:16:19.400,33.6518437,-117.3019192,49.6219,-109.255,16.6612,-0.035,-0.916,-28.06,-0.831767,1
1452,2026-08-15T15:16:19.440,33.6518377,-117.3019197,49.5756,-109.922,16.6701,-0.05,-0.911,-27.7,-0.821537,1
1452.04,2026-08-15T15:16:19.480,33.6518318,-117.3019205,49.5016,-110.578,16.6433,-0.069,-0.904,-27.48,-0.8137,1
1452.08,2026-08-15T15:16:19.520,33.6518258,-117.3019214,49.4183,-111.246,16.6299,-0.086,-0.896,-27.39,-0.810382,1
1452.12,2026-08-15T15:16:19.560,33.6518199,-117.3019224,49.3257,-111.902,16.5852,-0.103,-0.89,-27.41,-0.808794,1
1452.16,2026-08-15T15:16:19.600,33.6518141,-117.3019236,49.2147,-112.547,16.5405,-0.118,-0.883,-27.57,-0.811322,1
1452.2,2026-08-15T15:16:19.640,33.6518082,-117.3019249,49.0943,-113.203,16.5002,-0.125,-0.885,-27.84,-0.817275,1
1452.24,2026-08-15T15:16:19.680,33.6518024,-117.3019264,48.9555,-113.848,16.4824,-0.128,-0.891,-28.19,-0.826652,1
1452.28,2026-08-15T15:16:19.720,33.6517966,-117.3019280,48.8074,-114.492,16.469,-0.13,-0.899,-28.58,-0.837407,1
1452.32,2026-08-15T15:16:19.760,33.6517909,-117.3019298,48.6408,-115.126,16.4555,-0.13,-0.911,-28.93,-0.846972,1
1452.36,2026-08-15T15:16:19.800,33.6517852,-117.3019316,48.4742,-115.76,16.4019,-0.131,-0.922,-29.15,-0.850631,1
1452.4,2026-08-15T15:16:19.840,33.6517796,-117.3019337,48.2798,-116.383,16.384,-0.136,-0.924,-29.27,-0.853201,1
1452.44,2026-08-15T15:16:19.880,33.6517740,-117.3019359,48.0762,-117.006,16.3393,-0.142,-0.917,-29.3,-0.851745,1
1452.48,2026-08-15T15:16:19.920,33.6517685,-117.3019381,47.8725,-117.617,16.2633,-0.152,-0.901,-29.32,-0.848362,1
1452.52,2026-08-15T15:16:19.960,33.6517630,-117.3019405,47.6504,-118.229,16.2141,-0.165,-0.879,-29.44,-0.849259,1
1452.56,2026-08-15T15:16:20.000,33.6517575,-117.3019430,47.419,-118.84,16.2141,-0.178,-0.861,-29.71,-0.857048,1
1452.6,2026-08-15T15:16:20.040,33.6517522,-117.3019456,47.1783,-119.43,16.1471,-0.192,-0.851,-30.12,-0.865282,1
1452.64,2026-08-15T15:16:20.080,33.6517468,-117.3019483,46.9284,-120.03,16.0979,-0.206,-0.854,-30.69,-0.878971,1
1452.68,2026-08-15T15:16:20.120,33.6517416,-117.3019511,46.6693,-120.608,16.0577,-0.214,-0.866,-31.35,-0.89563,1
1452.72,2026-08-15T15:16:20.160,33.6517364,-117.3019541,46.3916,-121.186,15.9906,-0.218,-0.887,-32,-0.910382,1
1452.76,2026-08-15T15:16:20.200,33.6517313,-117.3019573,46.0954,-121.754,15.9191,-0.222,-0.909,-32.58,-0.922737,1
1452.8,2026-08-15T15:16:20.240,33.6517263,-117.3019605,45.7992,-122.31,15.852,-0.219,-0.93,-33.04,-0.931823,1
1452.84,2026-08-15T15:16:20.280,33.6517214,-117.3019638,45.4938,-122.854,15.7939,-0.211,-0.947,-33.34,-0.936837,1
1452.88,2026-08-15T15:16:20.320,33.6517165,-117.3019673,45.1698,-123.399,15.7582,-0.197,-0.965,-33.43,-0.937239,1
1452.92,2026-08-15T15:16:20.360,33.6517118,-117.3019709,44.8366,-123.922,15.7,-0.179,-0.977,-33.32,-0.93071,1
1452.96,2026-08-15T15:16:20.400,33.6517071,-117.3019746,44.4941,-124.444,15.6866,-0.156,-0.976,-32.99,-0.920705,1
1453,2026-08-15T15:16:20.440,33.6517024,-117.3019784,44.1424,-124.967,15.6598,-0.137,-0.967,-32.55,-0.906872,1
1453.04,2026-08-15T15:16:20.480,33.6516979,-117.3019823,43.7814,-125.467,15.633,-0.116,-0.948,-32.1,-0.892803,1
1453.08,2026-08-15T15:16:20.520,33.6516934,-117.3019864,43.4019,-125.968,15.5883,-0.102,-0.938,-31.7,-0.879156,1
1453.12,2026-08-15T15:16:20.560,33.6516890,-117.3019905,43.0224,-126.457,15.5615,-0.086,-0.936,-31.27,-0.865738,1
1453.16,2026-08-15T15:16:20.600,33.6516846,-117.3019948,42.6244,-126.946,15.557,-0.07,-0.937,-30.77,-0.851651,1
1453.2,2026-08-15T15:16:20.640,33.6516805,-117.3019992,42.2171,-127.402,15.5346,-0.06,-0.938,-30.14,-0.833015,1
1453.24,2026-08-15T15:16:20.680,33.6516765,-117.3020037,41.8006,-127.847,15.5659,-0.061,-0.941,-29.37,-0.813369,1
1453.28,2026-08-15T15:16:20.720,33.6516724,-117.3020084,41.3656,-128.303,15.5749,-0.07,-0.942,-28.6,-0.792499,1
1453.32,2026-08-15T15:16:20.760,33.6516683,-117.3020131,40.9306,-128.759,15.5346,-0.091,-0.94,-28.02,-0.774422,1
1453.36,2026-08-15T15:16:20.800,33.6516644,-117.3020178,40.4955,-129.192,15.4586,-0.121,-0.938,-27.73,-0.762658,1
1453.4,2026-08-15T15:16:20.840,33.6516607,-117.3020227,40.042,-129.604,15.3871,-0.152,-0.938,-27.84,-0.76214,1
1453.44,2026-08-15T15:16:20.880,33.6516570,-117.3020276,39.5884,-130.015,15.3201,-0.177,-0.943,-28.27,-0.770539,1
1453.48,2026-08-15T15:16:20.920,33.6516535,-117.3020326,39.1256,-130.404,15.2351,-0.194,-0.941,-28.89,-0.783072,1
1453.52,2026-08-15T15:16:20.960,33.6516501,-117.3020377,38.6536,-130.783,15.1547,-0.184,-0.922,-29.57,-0.797271,1
1453.56,2026-08-15T15:16:21.000,33.6516467,-117.3020429,38.1723,-131.161,15.1189,-0.153,-0.915,-30.08,-0.809107,1
1453.6,2026-08-15T15:16:21.040,33.6516434,-117.3020480,37.7002,-131.528,15.1681,-0.103,-0.921,-30.22,-0.815517,1
1453.64,2026-08-15T15:16:21.080,33.6516403,-117.3020534,37.2004,-131.872,15.2038,-0.043,-0.943,-29.91,-0.809055,1
1453.68,2026-08-15T15:16:21.120,33.6516373,-117.3020589,36.6913,-132.206,15.2888,0.011,-0.956,-29.06,-0.790454,1
1453.72,2026-08-15T15:16:21.160,33.6516342,-117.3020646,36.1637,-132.551,15.3379,0.046,-0.944,-27.95,-0.762706,1
1453.76,2026-08-15T15:16:21.200,33.6516313,-117.3020704,35.6269,-132.873,15.3737,0.062,-0.912,-26.83,-0.73385,1
1453.8,2026-08-15T15:16:21.240,33.6516284,-117.3020760,35.1085,-133.195,15.4139,0.067,-0.876,-25.91,-0.710541,1
1453.84,2026-08-15T15:16:21.280,33.6516257,-117.3020817,34.5809,-133.496,15.4139,0.069,-0.845,-25.26,-0.692716,1
1453.88,2026-08-15T15:16:21.320,33.6516231,-117.3020876,34.0348,-133.785,15.4676,0.079,-0.828,-24.86,-0.684119,1
1453.92,2026-08-15T15:16:21.360,33.6516204,-117.3020937,33.4702,-134.085,15.6017,0.1,-0.819,-24.54,-0.681169,1
1453.96,2026-08-15T15:16:21.400,33.6516179,-117.3020999,32.8964,-134.363,15.7537,0.128,-0.808,-24.17,-0.677434,1
1454,2026-08-15T15:16:21.440,33.6516154,-117.3021061,32.3225,-134.641,15.8699,0.156,-0.795,-23.7,-0.669162,1
1454.04,2026-08-15T15:16:21.480,33.6516130,-117.3021125,31.7301,-134.908,15.9638,0.177,-0.772,-23.17,-0.658068,1
1454.08,2026-08-15T15:16:21.520,33.6516107,-117.3021190,31.1285,-135.164,16.0979,0.19,-0.74,-22.62,-0.647844,1
1454.12,2026-08-15T15:16:21.560,33.6516085,-117.3021254,30.5361,-135.408,16.2097,0.201,-0.706,-22.11,-0.637634,1
1454.16,2026-08-15T15:16:21.600,33.6516063,-117.3021319,29.9344,-135.653,16.2767,0.216,-0.677,-21.73,-0.629267,1
1454.2,2026-08-15T15:16:21.640,33.6516041,-117.3021386,29.3143,-135.898,16.3706,0.237,-0.65,-21.49,-0.625907,1
1454.24,2026-08-15T15:16:21.680,33.6516020,-117.3021453,28.6941,-136.131,16.545,0.274,-0.633,-21.36,-0.628746,1
1454.28,2026-08-15T15:16:21.720,33.6516000,-117.3021521,28.0647,-136.353,16.7327,0.318,-0.63,-21.3,-0.634095,1
1454.32,2026-08-15T15:16:21.760,33.6515979,-117.3021592,27.4076,-136.587,16.9562,0.353,-0.636,-21.27,-0.64166,1
1454.36,2026-08-15T15:16:21.800,33.6515960,-117.3021662,26.7596,-136.798,17.1708,0.381,-0.649,-21.17,-0.646725,1
1454.4,2026-08-15T15:16:21.840,33.6515942,-117.3021734,26.0932,-136.998,17.3764,0.39,-0.658,-21.03,-0.650143,1
1454.44,2026-08-15T15:16:21.880,33.6515924,-117.3021807,25.4175,-137.199,17.4837,0.376,-0.666,-20.91,-0.650424,1
1454.48,2026-08-15T15:16:21.920,33.6515907,-117.3021880,24.7418,-137.388,17.5642,0.354,-0.671,-20.83,-0.650918,1
1454.52,2026-08-15T15:16:21.960,33.6515892,-117.3021954,24.0569,-137.554,17.7028,0.335,-0.684,-20.76,-0.653849,1
1454.56,2026-08-15T15:16:22.000,33.6515875,-117.3022030,23.3534,-137.743,17.8235,0.318,-0.696,-20.64,-0.654502,1
1454.6,2026-08-15T15:16:22.040,33.6515861,-117.3022105,22.6592,-137.899,17.9442,0.309,-0.707,-20.33,-0.649037,1
1454.64,2026-08-15T15:16:22.080,33.6515846,-117.3022183,21.9373,-138.066,18.1275,0.309,-0.701,-19.71,-0.635671,1
1454.68,2026-08-15T15:16:22.120,33.6515833,-117.3022260,21.2246,-138.21,18.2839,0.313,-0.683,-18.9,-0.614808,1
1454.72,2026-08-15T15:16:22.160,33.6515821,-117.3022339,20.4933,-138.344,18.418,0.317,-0.657,-18.03,-0.59081,1
1454.76,2026-08-15T15:16:22.200,33.6515809,-117.3022418,19.7621,-138.477,18.5209,0.324,-0.632,-17.28,-0.569395,1
1454.8,2026-08-15T15:16:22.240,33.6515797,-117.3022497,19.0309,-138.611,18.6639,0.329,-0.617,-16.78,-0.55719,1
1454.84,2026-08-15T15:16:22.280,33.6515786,-117.3022578,18.2812,-138.733,18.8561,0.324,-0.618,-16.71,-0.56058,1
1454.88,2026-08-15T15:16:22.320,33.6515777,-117.3022660,17.5222,-138.833,18.9768,0.309,-0.624,-16.94,-0.571934,1
1454.92,2026-08-15T15:16:22.360,33.6515767,-117.3022742,16.7632,-138.944,19.0439,0.285,-0.635,-17.42,-0.590218,1
1454.96,2026-08-15T15:16:22.400,33.6515759,-117.3022825,15.9949,-139.033,19.1244,0.257,-0.648,-18,-0.612446,1
1455,2026-08-15T15:16:22.440,33.6515753,-117.3022907,15.2359,-139.1,19.2361,0.233,-0.659,-18.53,-0.634164,1
1455.04,2026-08-15T15:16:22.480,33.6515746,-117.3022990,14.4677,-139.178,19.3658,0.215,-0.669,-18.9,-0.651186,1
1455.08,2026-08-15T15:16:22.520,33.6515740,-117.3023074,13.6902,-139.244,19.4418,0.2,-0.682,-19.1,-0.660659,1
1455.12,2026-08-15T15:16:22.560,33.6515735,-117.3023160,12.8942,-139.3,19.558,0.189,-0.695,-19.21,-0.668437,1
1455.16,2026-08-15T15:16:22.600,33.6515733,-117.3023243,12.1259,-139.322,19.6161,0.18,-0.706,-19.27,-0.672517,1
1455.2,2026-08-15T15:16:22.640,33.6515728,-117.3023328,11.3392,-139.378,19.6832,0.174,-0.72,-19.29,-0.675516,1
1455.24,2026-08-15T15:16:22.680,33.6515727,-117.3023414,10.5432,-139.389,19.7681,0.176,-0.732,-19.22,-0.675969,1
1455.28,2026-08-15T15:16:22.720,33.6515725,-117.3023500,9.74714,-139.411,19.8754,0.185,-0.736,-18.98,-0.671151,1
1455.32,2026-08-15T15:16:22.760,33.6515727,-117.3023587,8.94187,-139.389,19.9916,0.195,-0.734,-18.56,-0.660138,1
1455.36,2026-08-15T15:16:22.800,33.6515728,-117.3023674,8.1366,-139.378,20.1123,0.205,-0.726,-18.05,-0.645874,1
1455.4,2026-08-15T15:16:22.840,33.6515728,-117.3023761,7.33133,-139.378,20.1928,0.208,-0.714,-17.67,-0.634807,1
1455.44,2026-08-15T15:16:22.880,33.6515730,-117.3023849,6.5168,-139.356,20.3001,0.205,-0.708,-17.56,-0.634207,1
1455.48,2026-08-15T15:16:22.920,33.6515734,-117.3023938,5.69302,-139.311,20.3895,0.199,-0.708,-17.88,-0.648608,1
1455.52,2026-08-15T15:16:22.960,33.6515739,-117.3024026,4.87849,-139.256,20.4834,0.196,-0.715,-18.53,-0.675282,1
1455.56,2026-08-15T15:16:23.000,33.6515745,-117.3024115,4.05471,-139.189,20.5996,0.198,-0.731,-19.26,-0.705868,1
1455.6,2026-08-15T15:16:23.040,33.6515750,-117.3024205,3.22167,-139.133,20.6801,0.2,-0.75,-19.94,-0.733644,1
1455.64,2026-08-15T15:16:23.080,33.6515758,-117.3024295,2.38863,-139.044,20.7561,0.197,-0.767,-20.43,-0.754435,1
1455.68,2026-08-15T15:16:23.120,33.6515766,-117.3024384,1.56485,-138.955,20.8187,0.187,-0.784,-20.63,-0.764118,1
1455.72,2026-08-15T15:16:23.160,33.6515776,-117.3024474,0.731811,-138.844,20.9036,0.164,-0.798,-20.63,-0.767235,1
1455.76,2026-08-15T15:16:23.200,33.6515788,-117.3024563,-0.0919717,-138.711,20.9259,0.121,-0.802,-20.55,-0.765077,1
1455.8,2026-08-15T15:16:23.240,33.6515800,-117.3024652,-0.915754,-138.577,20.9259,0.063,-0.803,-20.52,-0.76396,1
1455.84,2026-08-15T15:16:23.280,33.6515812,-117.3024741,-1.73954,-138.444,20.9081,0.008,-0.797,-20.67,-0.768887,1
1455.88,2026-08-15T15:16:23.320,33.6515826,-117.3024829,-2.55406,-138.288,20.8589,-0.038,-0.79,-21.08,-0.782294,1
1455.92,2026-08-15T15:16:23.360,33.6515842,-117.3024918,-3.37785,-138.11,20.7918,-0.067,-0.796,-21.63,-0.800125,1
1455.96,2026-08-15T15:16:23.400,33.6515857,-117.3025006,-4.19237,-137.944,20.8231,-0.078,-0.814,-22.2,-0.822446,1
1456,2026-08-15T15:16:23.440,33.6515875,-117.3025093,-4.99764,-137.743,20.8276,-0.07,-0.837,-22.67,-0.840038,1
1456.04,2026-08-15T15:16:23.480,33.6515896,-117.3025180,-5.80291,-137.51,20.8634,-0.056,-0.866,-22.94,-0.851503,1
1456.08,2026-08-15T15:16:23.520,33.6515916,-117.3025267,-6.60818,-137.287,20.8991,-0.036,-0.888,-22.99,-0.854821,1
1456.12,2026-08-15T15:16:23.560,33.6515935,-117.3025353,-7.4042,-137.076,20.8946,-0.014,-0.896,-22.91,-0.851664,1
1456.16,2026-08-15T15:16:23.600,33.6515958,-117.3025440,-8.20947,-136.82,20.9125,0.009,-0.899,-22.72,-0.845324,1
1456.2,2026-08-15T15:16:23.640,33.6515980,-117.3025526,-9.00548,-136.576,20.9662,0.032,-0.899,-22.45,-0.837421,1
1456.24,2026-08-15T15:16:23.680,33.6516004,-117.3025612,-9.8015,-136.309,21.0154,0.051,-0.895,-22.09,-0.825925,1
1456.28,2026-08-15T15:16:23.720,33.6516031,-117.3025697,-10.5883,-136.009,21.069,0.061,-0.893,-21.65,-0.81154,1
1456.32,2026-08-15T15:16:23.760,33.6516056,-117.3025782,-11.375,-135.731,21.0735,0.06,-0.893,-21.14,-0.792591,1
1456.36,2026-08-15T15:16:23.800,33.6516085,-117.3025868,-12.171,-135.408,21.1048,0.048,-0.89,-20.62,-0.774243,1
1456.4,2026-08-15T15:16:23.840,33.6516112,-117.3025952,-12.9485,-135.108,21.1048,0.033,-0.885,-20.17,-0.757347,1
1456.44,2026-08-15T15:16:23.880,33.6516142,-117.3026036,-13.726,-134.774,21.0869,0.02,-0.882,-19.84,-0.744324,1
1456.48,2026-08-15T15:16:23.920,33.6516173,-117.3026119,-14.4943,-134.43,21.1137,0.015,-0.875,-19.64,-0.737758,1
1456.52,2026-08-15T15:16:23.960,33.6516205,-117.3026202,-15.2625,-134.074,21.1718,0.023,-0.864,-19.57,-0.737152,1
1456.56,2026-08-15T15:16:24.000,33.6516238,-117.3026285,-16.0308,-133.707,21.2031,0.04,-0.854,-19.61,-0.739751,1
1456.6,2026-08-15T15:16:24.040,33.6516271,-117.3026366,-16.7805,-133.34,21.297,0.061,-0.84,-19.66,-0.744921,1
1456.64,2026-08-15T15:16:24.080,33.6516307,-117.3026450,-17.558,-132.94,21.364,0.083,-0.822,-19.69,-0.748406,1
1456.68,2026-08-15T15:16:24.120,33.6516343,-117.3026531,-18.3077,-132.539,21.4356,0.098,-0.806,-19.67,-0.750149,1
1456.72,2026-08-15T15:16:24.160,33.6516380,-117.3026613,-19.0667,-132.128,21.4713,0.101,-0.795,-19.56,-0.747199,1
1456.76,2026-08-15T15:16:24.200,33.6516419,-117.3026694,-19.8165,-131.694,21.516,0.094,-0.789,-19.35,-0.740716,1
1456.8,2026-08-15T15:16:24.240,33.6516457,-117.3026775,-20.5662,-131.272,21.5205,0.065,-0.789,-19,-0.727469,1
1456.84,2026-08-15T15:16:24.280,33.6516496,-117.3026854,-21.2974,-130.838,21.516,0.013,-0.796,-18.54,-0.709709,1
1456.88,2026-08-15T15:16:24.320,33.6516536,-117.3026933,-22.0287,-130.393,21.4266,-0.058,-0.798,-17.98,-0.685412,1
1456.92,2026-08-15T15:16:24.360,33.6516578,-117.3027010,-22.7414,-129.926,21.3015,-0.145,-0.777,-17.41,-0.659806,1
1456.96,2026-08-15T15:16:24.400,33.6516618,-117.3027086,-23.4448,-129.482,21.1584,-0.236,-0.734,-16.85,-0.634295,1
1457,2026-08-15T15:16:24.440,33.6516660,-117.3027163,-24.1575,-129.015,21.0064,-0.313,-0.677,-16.25,-0.607314,1
1457.04,2026-08-15T15:16:24.480,33.6516701,-117.3027237,-24.8425,-128.559,20.8634,-0.369,-0.605,-15.33,-0.569029,1
1457.08,2026-08-15T15:16:24.520,33.6516743,-117.3027311,-25.5274,-128.092,20.7069,-0.403,-0.544,-13.9,-0.51208,1
1457.12,2026-08-15T15:16:24.560,33.6516785,-117.3027384,-26.2031,-127.625,20.5817,-0.414,-0.489,-11.54,-0.422567,1
1457.16,2026-08-15T15:16:24.600,33.6516828,-117.3027456,-26.8695,-127.146,20.5013,-0.409,-0.428,-8.44,-0.307844,1
1457.2,2026-08-15T15:16:24.640,33.6516870,-117.3027528,-27.536,-126.679,20.3984,-0.396,-0.365,-4.71,-0.170933,1
1457.24,2026-08-15T15:16:24.680,33.6516912,-117.3027599,-28.1931,-126.212,20.3001,-0.381,-0.293,-0.72,-0.0260039,1
1457.28,2026-08-15T15:16:24.720,33.6516954,-117.3027670,-28.8503,-125.745,20.1749,-0.367,-0.193,3.25,0.116655,1
1457.32,2026-08-15T15:16:24.760,33.6516995,-117.3027741,-29.5075,-125.29,20.0587,-0.356,-0.059,7.01,0.250166,1
1457.36,2026-08-15T15:16:24.800,33.6517036,-117.3027811,-30.1554,-124.834,19.9693,-0.345,0.095,10.39,0.369136,1
1457.4,2026-08-15T15:16:24.840,33.6517076,-117.3027882,-30.8126,-124.389,19.8799,-0.333,0.265,13.38,0.473236,1
1457.44,2026-08-15T15:16:24.880,33.6517114,-117.3027954,-31.479,-123.966,19.7592,-0.323,0.432,16.09,0.565631,1
1457.48,2026-08-15T15:16:24.920,33.6517150,-117.3028025,-32.1362,-123.566,19.6698,-0.313,0.577,18.45,0.64566,1
1457.52,2026-08-15T15:16:24.960,33.6517187,-117.3028097,-32.8026,-123.155,19.5938,-0.306,0.682,20.48,0.713931,1
1457.56,2026-08-15T15:16:25.000,33.6517223,-117.3028170,-33.4783,-122.754,19.5044,-0.298,0.743,22.3,0.773829,1
1457.6,2026-08-15T15:16:25.040,33.6517256,-117.3028242,-34.1447,-122.387,19.3434,-0.283,0.779,23.93,0.823539,1
1457.64,2026-08-15T15:16:25.080,33.6517289,-117.3028314,-34.8112,-122.02,19.2227,-0.26,0.801,25.31,0.865596,1
1457.68,2026-08-15T15:16:25.120,33.6517320,-117.3028387,-35.4869,-121.676,19.1244,-0.232,0.822,26.46,0.900296,1
1457.72,2026-08-15T15:16:25.160,33.6517351,-117.3028461,-36.1718,-121.331,19.1333,-0.203,0.844,27.32,0.929992,1
1457.76,2026-08-15T15:16:25.200,33.6517381,-117.3028535,-36.8567,-120.997,19.1154,-0.184,0.866,27.99,0.951909,1
1457.8,2026-08-15T15:16:25.240,33.6517409,-117.3028610,-37.5509,-120.686,19.0171,-0.175,0.886,28.53,0.965282,1
1457.84,2026-08-15T15:16:25.280,33.6517436,-117.3028684,-38.2359,-120.386,18.9098,-0.173,0.914,28.99,0.975311,1
1457.88,2026-08-15T15:16:25.320,33.6517462,-117.3028759,-38.9301,-120.097,18.7578,-0.169,0.94,29.45,0.982823,1
1457.92,2026-08-15T15:16:25.360,33.6517487,-117.3028834,-39.6243,-119.819,18.6729,-0.159,0.96,29.8,0.990001,1
1457.96,2026-08-15T15:16:25.400,33.6517509,-117.3028909,-40.3185,-119.574,18.6505,-0.143,0.972,29.97,0.994456,1
1458,2026-08-15T15:16:25.440,33.6517530,-117.3028986,-41.0312,-119.341,18.6773,-0.127,0.97,29.94,0.99489,1
1458.04,2026-08-15T15:16:25.480,33.6517551,-117.3029062,-41.7346,-119.107,18.6863,-0.116,0.964,29.79,0.990379,1
1458.08,2026-08-15T15:16:25.520,33.6517571,-117.3029138,-42.4381,-118.885,18.6729,-0.115,0.957,29.7,0.986679,1
1458.12,2026-08-15T15:16:25.560,33.6517590,-117.3029216,-43.1601,-118.673,18.5835,-0.117,0.947,29.83,0.986252,1
1458.16,2026-08-15T15:16:25.600,33.6517608,-117.3029293,-43.8728,-118.473,18.503,-0.103,0.948,30.15,0.992516,1
1458.2,2026-08-15T15:16:25.640,33.6517623,-117.3029370,-44.5855,-118.306,18.4583,-0.075,0.96,30.49,1.00128,1
1458.24,2026-08-15T15:16:25.680,33.6517637,-117.3029448,-45.3075,-118.151,18.5075,-0.035,0.971,30.62,1.00823,1
1458.28,2026-08-15T15:16:25.720,33.6517650,-117.3029527,-46.0387,-118.006,18.5745,0.01,0.989,30.36,1.00329,1
1458.32,2026-08-15T15:16:25.760,33.6517662,-117.3029606,-46.7699,-117.873,18.5745,0.048,1.012,29.68,0.980821,1
1458.36,2026-08-15T15:16:25.800,33.6517673,-117.3029685,-47.5011,-117.751,18.5969,0.071,1.023,28.74,0.9509,1
1458.4,2026-08-15T15:16:25.840,33.6517681,-117.3029764,-48.2323,-117.662,18.57,0.084,1.023,27.76,0.917151,1
1458.44,2026-08-15T15:16:25.880,33.6517690,-117.3029843,-48.9636,-117.561,18.5879,0.096,1.002,26.9,0.889593,1
1458.48,2026-08-15T15:16:25.920,33.6517697,-117.3029925,-49.7226,-117.484,18.6371,0.12,0.962,26.23,0.869731,1
1458.52,2026-08-15T15:16:25.960,33.6517701,-117.3030006,-50.4723,-117.439,18.7399,0.16,0.919,25.66,0.855525,1
1458.56,2026-08-15T15:16:26.000,33.6517706,-117.3030087,-51.222,-117.384,18.8517,0.203,0.892,25.07,0.840839,1
1458.6,2026-08-15T15:16:26.040,33.6517710,-117.3030169,-51.981,-117.339,19.026,0.244,0.881,24.38,0.825259,1
1458.64,2026-08-15T15:16:26.080,33.6517712,-117.3030253,-52.7585,-117.317,19.1691,0.276,0.893,23.53,0.802475,1
1458.68,2026-08-15T15:16:26.120,33.6517712,-117.3030336,-53.5268,-117.317,19.2495,0.289,0.914,22.55,0.772281,1
1458.72,2026-08-15T15:16:26.160,33.6517712,-117.3030420,-54.3043,-117.317,19.3434,0.287,0.921,21.49,0.739568,1
1458.76,2026-08-15T15:16:26.200,33.6517710,-117.3030504,-55.0818,-117.339,19.3926,0.281,0.911,20.48,0.706601,1
1458.8,2026-08-15T15:16:26.240,33.6517707,-117.3030588,-55.8593,-117.372,19.4597,0.277,0.892,19.57,0.677539,1
1458.84,2026-08-15T15:16:26.280,33.6517703,-117.3030672,-56.6368,-117.417,19.5804,0.273,0.87,18.68,0.650737,1
1458.88,2026-08-15T15:16:26.320,33.6517699,-117.3030756,-57.4143,-117.461,19.6876,0.272,0.857,17.78,0.622779,1
1458.92,2026-08-15T15:16:26.360,33.6517692,-117.3030842,-58.2103,-117.539,19.8396,0.272,0.854,16.82,0.593701,1
1458.96,2026-08-15T15:16:26.400,33.6517685,-117.3030928,-59.0063,-117.617,19.929,0.265,0.85,15.56,0.551702,1
1459,2026-08-15T15:16:26.440,33.6517676,-117.3031014,-59.8023,-117.717,20.014,0.251,0.832,14.01,0.498861,1
1459.04,2026-08-15T15:16:26.480,33.6517667,-117.3031100,-60.5983,-117.817,20.081,0.226,0.784,12.1,0.432295,1
1459.08,2026-08-15T15:16:26.520,33.6517656,-117.3031186,-61.3944,-117.94,20.1526,0.192,0.699,9.73,0.34886,1
1459.12,2026-08-15T15:16:26.560,33.6517646,-117.3031272,-62.1904,-118.051,20.1704,0.133,0.565,6.6,0.236847,1
1459.16,2026-08-15T15:16:26.600,33.6517636,-117.3031359,-62.9956,-118.162,20.2107,0.058,0.389,3.08,0.110749,1
1459.2,2026-08-15T15:16:26.640,33.6517626,-117.3031445,-63.7917,-118.273,20.1079,-0.025,0.189,-0.69,-0.0246844,1
1459.24,2026-08-15T15:16:26.680,33.6517619,-117.3031529,-64.5692,-118.351,19.9827,-0.112,-0.017,-4.42,-0.157139,1
1459.28,2026-08-15T15:16:26.720,33.6517612,-117.3031615,-65.3652,-118.429,19.8441,-0.185,-0.217,-7.92,-0.279618,1
1459.32,2026-08-15T15:16:26.760,33.6517604,-117.3031699,-66.1427,-118.518,19.8039,-0.23,-0.371,-10.67,-0.375944,1
1459.36,2026-08-15T15:16:26.800,33.6517598,-117.3031785,-66.9387,-118.584,19.7413,-0.247,-0.475,-12.73,-0.447108,1
1459.4,2026-08-15T15:16:26.840,33.6517594,-117.3031869,-67.7162,-118.629,19.7145,-0.243,-0.54,-14.15,-0.496306,1
1459.44,2026-08-15T15:16:26.880,33.6517588,-117.3031954,-68.503,-118.696,19.6653,-0.228,-0.585,-15.05,-0.526557,1
1459.48,2026-08-15T15:16:26.920,33.6517583,-117.3032038,-69.2805,-118.751,19.6474,-0.212,-0.612,-15.61,-0.545653,1
1459.52,2026-08-15T15:16:26.960,33.6517580,-117.3032122,-70.058,-118.785,19.5804,-0.196,-0.624,-16.22,-0.565041,1
1459.56,2026-08-15T15:16:27.000,33.6517578,-117.3032206,-70.8355,-118.807,19.5178,-0.19,-0.629,-17.1,-0.593792,1
1459.6,2026-08-15T15:16:27.040,33.6517577,-117.3032290,-71.613,-118.818,19.4507,-0.19,-0.631,-18.17,-0.62878,1
1459.64,2026-08-15T15:16:27.080,33.6517577,-117.3032374,-72.3905,-118.818,19.3837,-0.195,-0.64,-19.52,-0.673169,1
1459.68,2026-08-15T15:16:27.120,33.6517577,-117.3032457,-73.1587,-118.818,19.3121,-0.202,-0.674,-21.05,-0.723254,1
1459.72,2026-08-15T15:16:27.160,33.6517579,-117.3032539,-73.9177,-118.796,19.2808,-0.209,-0.739,-22.63,-0.776281,1
1459.76,2026-08-15T15:16:27.200,33.6517583,-117.3032623,-74.6952,-118.751,19.2272,-0.215,-0.799,-24.03,-0.822012,1
1459.8,2026-08-15T15:16:27.240,33.6517586,-117.3032704,-75.4449,-118.718,19.1557,-0.221,-0.842,-25.3,-0.862236,1
1459.84,2026-08-15T15:16:27.280,33.6517592,-117.3032787,-76.2132,-118.651,19.0886,-0.225,-0.869,-26.42,-0.897254,1
1459.88,2026-08-15T15:16:27.320,33.6517598,-117.3032867,-76.9537,-118.584,18.95,-0.231,-0.872,-27.4,-0.92378,1
1459.92,2026-08-15T15:16:27.360,33.6517606,-117.3032948,-77.7034,-118.496,18.8651,-0.238,-0.861,-28.25,-0.948169,1
1459.96,2026-08-15T15:16:27.400,33.6517614,-117.3033029,-78.4531,-118.407,18.7354,-0.236,-0.872,-29.02,-0.967319,1
1460,2026-08-15T15:16:27.440,33.6517624,-117.3033108,-79.1844,-118.295,18.6818,-0.231,-0.896,-29.63,-0.984824,1
1460.04,2026-08-15T15:16:27.480,33.6517634,-117.3033187,-79.9156,-118.184,18.655,-0.222,-0.925,-29.99,-0.995359,1
1460.08,2026-08-15T15:16:27.520,33.6517648,-117.3033266,-80.6468,-118.028,18.5611,-0.206,-0.954,-30.12,-0.994643,1
1460.12,2026-08-15T15:16:27.560,33.6517661,-117.3033343,-81.3595,-117.884,18.4806,-0.192,-0.974,-30.05,-0.988029,1
1460.16,2026-08-15T15:16:27.600,33.6517677,-117.3033421,-82.0815,-117.706,18.4449,-0.181,-0.969,-29.86,-0.979882,1
1460.2,2026-08-15T15:16:27.640,33.6517693,-117.3033498,-82.7942,-117.528,18.4136,-0.169,-0.959,-29.64,-0.971012,1
1460.24,2026-08-15T15:16:27.680,33.6517709,-117.3033574,-83.4976,-117.35,18.351,-0.16,-0.95,-29.44,-0.961182,1
1460.28,2026-08-15T15:16:27.720,33.6517728,-117.3033650,-84.2011,-117.139,18.3242,-0.154,-0.949,-29.26,-0.953909,1
1460.32,2026-08-15T15:16:27.760,33.6517747,-117.3033725,-84.8953,-116.928,18.2616,-0.146,-0.948,-29.14,-0.946752,1
1460.36,2026-08-15T15:16:27.800,33.6517768,-117.3033799,-85.5802,-116.694,18.2035,-0.133,-0.953,-29.08,-0.941796,1
1460.4,2026-08-15T15:16:27.840,33.6517788,-117.3033873,-86.2652,-116.472,18.1766,-0.114,-0.956,-29.01,-0.938145,1
1460.44,2026-08-15T15:16:27.880,33.6517812,-117.3033946,-86.9409,-116.205,18.1364,-0.083,-0.955,-28.85,-0.930905,1
1460.48,2026-08-15T15:16:27.920,33.6517836,-117.3034019,-87.6166,-115.938,18.1364,-0.047,-0.954,-28.55,-0.921225,1
1460.52,2026-08-15T15:16:27.960,33.6517861,-117.3034092,-88.2922,-115.66,18.1901,-0.011,-0.962,-28.03,-0.907122,1
1460.56,2026-08-15T15:16:28.000,33.6517887,-117.3034164,-88.9587,-115.371,18.2169,0.021,-0.971,-27.34,-0.886096,1
1460.6,2026-08-15T15:16:28.040,33.6517916,-117.3034234,-89.6066,-115.048,18.2705,0.049,-0.977,-26.52,-0.862051,1
1460.64,2026-08-15T15:16:28.080,33.6517944,-117.3034306,-90.273,-114.737,18.3018,0.07,-0.975,-25.6,-0.833571,1
1460.68,2026-08-15T15:16:28.120,33.6517974,-117.3034377,-90.9302,-114.404,18.3242,0.09,-0.961,-24.57,-0.80101,1
1460.72,2026-08-15T15:16:28.160,33.6518005,-117.3034447,-91.5781,-114.059,18.351,0.11,-0.936,-23.38,-0.76333,1
1460.76,2026-08-15T15:16:28.200,33.6518038,-117.3034516,-92.2168,-113.692,18.4136,0.134,-0.911,-22.07,-0.723018,1
1460.8,2026-08-15T15:16:28.240,33.6518070,-117.3034586,-92.8647,-113.336,18.503,0.153,-0.89,-20.74,-0.682746,1
1460.84,2026-08-15T15:16:28.280,33.6518105,-117.3034655,-93.5034,-112.947,18.6416,0.17,-0.87,-19.46,-0.645407,1
1460.88,2026-08-15T15:16:28.320,33.6518141,-117.3034725,-94.1513,-112.547,18.731,0.187,-0.852,-18.37,-0.612178,1
1460.92,2026-08-15T15:16:28.360,33.6518178,-117.3034794,-94.7899,-112.135,18.807,0.202,-0.839,-17.53,-0.586556,1
1460.96,2026-08-15T15:16:28.400,33.6518215,-117.3034861,-95.4101,-111.724,18.8696,0.22,-0.822,-16.79,-0.563665,1
1461,2026-08-15T15:16:28.440,33.6518254,-117.3034928,-96.0302,-111.29,18.9545,0.244,-0.801,-16.06,-0.541584,1
1461.04,2026-08-15T15:16:28.480,33.6518294,-117.3034997,-96.6689,-110.845,19.0752,0.266,-0.779,-15.28,-0.518562,1
1461.08,2026-08-15T15:16:28.520,33.6518336,-117.3035064,-97.2891,-110.378,19.2227,0.278,-0.754,-14.38,-0.491793,1
1461.12,2026-08-15T15:16:28.560,33.6518378,-117.3035132,-97.9185,-109.911,19.3702,0.278,-0.718,-13.39,-0.461449,1
1461.16,2026-08-15T15:16:28.600,33.6518421,-117.3035199,-98.5386,-109.433,19.4954,0.267,-0.68,-12.44,-0.431481,1
1461.2,2026-08-15T15:16:28.640,33.6518464,-117.3035266,-99.1588,-108.955,19.5446,0.248,-0.629,-11.57,-0.402317,1
1461.24,2026-08-15T15:16:28.680,33.6518508,-117.3035333,-99.7789,-108.466,19.6161,0.23,-0.572,-10.78,-0.376218,1
1461.28,2026-08-15T15:16:28.720,33.6518554,-117.3035399,-100.39,-107.954,19.6787,0.217,-0.509,-9.96,-0.34871,1
1461.32,2026-08-15T15:16:28.760,33.6518598,-117.3035466,-101.01,-107.465,19.8083,0.211,-0.448,-9.08,-0.319994,1
1461.36,2026-08-15T15:16:28.800,33.6518645,-117.3035533,-101.63,-106.942,19.929,0.207,-0.377,-8,-0.283651,1
1461.4,2026-08-15T15:16:28.840,33.6518690,-117.3035600,-102.25,-106.442,20.0185,0.2,-0.307,-6.48,-0.230788,1
1461.44,2026-08-15T15:16:28.880,33.6518737,-117.3035668,-102.88,-105.919,20.1079,0.186,-0.235,-4.58,-0.163847,1
1461.48,2026-08-15T15:16:28.920,33.6518782,-117.3035736,-103.509,-105.419,20.157,0.157,-0.155,-2.34,-0.0839172,1
1461.52,2026-08-15T15:16:28.960,33.6518828,-117.3035802,-104.12,-104.907,20.1615,0.115,-0.059,0.4,0.014348,1
1461.56,2026-08-15T15:16:29.000,33.6518874,-117.3035871,-104.759,-104.396,20.1436,0.064,0.052,3.48,0.124717,1
1461.6,2026-08-15T15:16:29.040,33.6518919,-117.3035938,-105.379,-103.896,20.1436,0.014,0.18,6.79,0.243341,1
1461.64,2026-08-15T15:16:29.080,33.6518963,-117.3036008,-106.027,-103.406,20.0944,-0.026,0.313,10.35,0.37002,1
1461.68,2026-08-15T15:16:29.120,33.6519006,-117.3036077,-106.665,-102.928,20.09,-0.055,0.441,14.04,0.501828,1
1461.72,2026-08-15T15:16:29.160,33.6519049,-117.3036148,-107.323,-102.45,20.1079,-0.072,0.567,17.67,0.632136,1
1461.76,2026-08-15T15:16:29.200,33.6519090,-117.3036218,-107.97,-101.994,20.09,-0.078,0.683,20.87,0.745951,1
1461.8,2026-08-15T15:16:29.240,33.6519132,-117.3036290,-108.637,-101.527,20.0497,-0.079,0.78,23.44,0.836132,1
1461.84,2026-08-15T15:16:29.280,33.6519170,-117.3036362,-109.303,-101.105,20.0274,-0.082,0.863,25.31,0.90183,1
1461.88,2026-08-15T15:16:29.320,33.6519207,-117.3036436,-109.988,-100.693,19.9961,-0.089,0.92,26.51,0.943112,1
1461.92,2026-08-15T15:16:29.360,33.6519244,-117.3036510,-110.673,-100.282,19.929,-0.098,0.935,27.17,0.963351,1
1461.96,2026-08-15T15:16:29.400,33.6519279,-117.3036584,-111.358,-99.8926,19.853,-0.115,0.924,27.72,0.979104,1
1462,2026-08-15T15:16:29.440,33.6519315,-117.3036658,-112.043,-99.4923,19.7681,-0.135,0.91,28.3,0.995314,1
1462.04,2026-08-15T15:16:29.480,33.6519348,-117.3036732,-112.728,-99.1254,19.7055,-0.145,0.907,28.88,1.0125,1
1462.08,2026-08-15T15:16:29.520,33.6519381,-117.3036807,-113.422,-98.7584,19.634,-0.142,0.922,29.4,1.02699,1
1462.12,2026-08-15T15:16:29.560,33.6519411,-117.3036883,-114.126,-98.4248,19.6027,-0.129,0.951,29.65,1.03407,1
1462.16,2026-08-15T15:16:29.600,33.6519439,-117.3036960,-114.838,-98.1135,19.5714,-0.111,0.972,29.56,1.02928,1
1462.2,2026-08-15T15:16:29.640,33.6519467,-117.3037037,-115.551,-97.8021,19.558,-0.095,0.977,29.24,1.01744,1
1462.24,2026-08-15T15:16:29.680,33.6519494,-117.3037115,-116.273,-97.5019,19.4909,-0.084,0.97,28.91,1.00251,1
1462.28,2026-08-15T15:16:29.720,33.6519521,-117.3037193,-116.995,-97.2017,19.4194,-0.071,0.953,28.67,0.990541,1
1462.32,2026-08-15T15:16:29.760,33.6519546,-117.3037269,-117.699,-96.9237,19.3434,-0.045,0.939,28.5,0.980814,1
1462.36,2026-08-15T15:16:29.800,33.6519570,-117.3037348,-118.43,-96.6568,19.3971,-0.006,0.936,28.2,0.973181,1
1462.4,2026-08-15T15:16:29.840,33.6519591,-117.3037429,-119.179,-96.4233,19.4686,0.035,0.945,27.5,0.952523,1
1462.44,2026-08-15T15:16:29.880,33.6519613,-117.3037510,-119.929,-96.1787,19.5446,0.072,0.95,26.42,0.918687,1
1462.48,2026-08-15T15:16:29.920,33.6519632,-117.3037590,-120.67,-95.9674,19.5804,0.09,0.947,25.12,0.875081,1
1462.52,2026-08-15T15:16:29.960,33.6519652,-117.3037673,-121.438,-95.745,19.5848,0.089,0.931,23.73,0.826848,1
1462.56,2026-08-15T15:16:30.000,33.6519670,-117.3037754,-122.188,-95.5449,19.5804,0.09,0.909,22.34,0.778237,1
1462.6,2026-08-15T15:16:30.040,33.6519687,-117.3037836,-122.947,-95.3559,19.5759,0.097,0.889,20.93,0.728952,1
1462.64,2026-08-15T15:16:30.080,33.6519703,-117.3037919,-123.715,-95.1779,19.6742,0.12,0.876,19.25,0.673809,1
1462.68,2026-08-15T15:16:30.120,33.6519716,-117.3038003,-124.492,-95.0334,19.7994,0.166,0.858,17.03,0.599895,1
1462.72,2026-08-15T15:16:30.160,33.6519731,-117.3038089,-125.288,-94.8666,19.929,0.221,0.83,14.57,0.5166,1
1462.76,2026-08-15T15:16:30.200,33.6519744,-117.3038174,-126.075,-94.722,20.0944,0.28,0.787,12.08,0.431868,1
1462.8,2026-08-15T15:16:30.240,33.6519756,-117.3038262,-126.89,-94.5886,20.2822,0.346,0.72,9.82,0.354352,1
1462.84,2026-08-15T15:16:30.280,33.6519768,-117.3038348,-127.686,-94.4552,20.4789,0.404,0.631,8.13,0.296214,1
1462.88,2026-08-15T15:16:30.320,33.6519780,-117.3038437,-128.509,-94.3217,20.7158,0.445,0.534,7.24,0.266839,1
1462.92,2026-08-15T15:16:30.360,33.6519792,-117.3038527,-129.343,-94.1883,20.9081,0.466,0.448,6.96,0.2589,1
1462.96,2026-08-15T15:16:30.400,33.6519804,-117.3038618,-130.185,-94.0549,21.0422,0.466,0.375,7.15,0.267673,1
1463,2026-08-15T15:16:30.440,33.6519815,-117.3038709,-131.027,-93.9326,21.1942,0.451,0.326,7.59,0.286198,1
1463.04,2026-08-15T15:16:30.480,33.6519825,-117.3038800,-131.869,-93.8214,21.3327,0.434,0.293,8.05,0.305528,1
1463.08,2026-08-15T15:16:30.520,33.6519835,-117.3038894,-132.739,-93.7102,21.5384,0.419,0.268,8.34,0.319586,1
1463.12,2026-08-15T15:16:30.560,33.6519846,-117.3038987,-133.6,-93.5879,21.7261,0.412,0.257,8.4,0.324691,1
1463.16,2026-08-15T15:16:30.600,33.6519856,-117.3039080,-134.461,-93.4767,21.8871,0.411,0.257,8.22,0.320087,1
1463.2,2026-08-15T15:16:30.640,33.6519865,-117.3039176,-135.35,-93.3766,22.048,0.403,0.254,7.81,0.306358,1
1463.24,2026-08-15T15:16:30.680,33.6519874,-117.3039272,-136.238,-93.2765,22.2134,0.369,0.251,7.18,0.283758,1
1463.28,2026-08-15T15:16:30.720,33.6519884,-117.3039367,-137.118,-93.1653,22.3028,0.3,0.247,6.43,0.25514,1
1463.32,2026-08-15T15:16:30.760,33.6519892,-117.3039463,-138.006,-93.0764,22.3028,0.197,0.238,5.59,0.221809,1
1463.36,2026-08-15T15:16:30.800,33.6519901,-117.3039559,-138.895,-92.9763,22.2492,0.041,0.222,4.67,0.184858,1
1463.4,2026-08-15T15:16:30.840,33.6519909,-117.3039652,-139.756,-92.8873,22.0525,-0.133,0.199,3.76,0.147521,1
1463.44,2026-08-15T15:16:30.880,33.6519916,-117.3039744,-140.607,-92.8095,21.7798,-0.306,0.166,2.89,0.111985,1
1463.48,2026-08-15T15:16:30.920,33.6519923,-117.3039837,-141.468,-92.7317,21.4758,-0.461,0.125,2.05,0.078327,1
1463.52,2026-08-15T15:16:30.960,33.6519932,-117.3039926,-142.292,-92.6316,21.212,-0.59,0.074,1.11,0.0418903,1
1463.56,2026-08-15T15:16:31.000,33.6519940,-117.3040016,-143.125,-92.5426,20.9528,-0.675,0.029,0.26,0.00969222,1
1463.6,2026-08-15T15:16:31.040,33.6519947,-117.3040103,-143.93,-92.4648,20.6801,-0.741,-0.003,-0.57,-0.0209718,1
1463.64,2026-08-15T15:16:31.080,33.6519955,-117.3040191,-144.744,-92.3758,20.4074,-0.793,-0.025,-1.34,-0.048652,1
1463.68,2026-08-15T15:16:31.120,33.6519963,-117.3040275,-145.522,-92.2869,20.0989,-0.834,-0.04,-2.04,-0.0729476,1
1463.72,2026-08-15T15:16:31.160,33.6519970,-117.3040359,-146.299,-92.209,19.7502,-0.862,-0.048,-2.61,-0.0917109,1
1463.76,2026-08-15T15:16:31.200,33.6519977,-117.3040442,-147.068,-92.1312,19.4149,-0.866,-0.064,-3.17,-0.109497,1
1463.8,2026-08-15T15:16:31.240,33.6519985,-117.3040523,-147.817,-92.0422,19.1154,-0.833,-0.082,-3.74,-0.127193,1
1463.84,2026-08-15T15:16:31.280,33.6519993,-117.3040603,-148.558,-91.9533,18.9009,-0.769,-0.108,-4.37,-0.146951,1
1463.88,2026-08-15T15:16:31.320,33.6520001,-117.3040683,-149.298,-91.8643,18.7578,-0.692,-0.145,-5.07,-0.169199,1
1463.92,2026-08-15T15:16:31.360,33.6520010,-117.3040763,-150.039,-91.7643,18.6326,-0.603,-0.192,-6.01,-0.199231,1
1463.96,2026-08-15T15:16:31.400,33.6520018,-117.3040841,-150.761,-91.6753,18.5164,-0.524,-0.245,-7.21,-0.23752,1
1464,2026-08-15T15:16:31.440,33.6520028,-117.3040919,-151.483,-91.5641,18.3733,-0.464,-0.316,-8.6,-0.281122,1
1464.04,2026-08-15T15:16:31.480,33.6520038,-117.3040996,-152.196,-91.4529,18.2258,-0.419,-0.386,-10.17,-0.329774,1
1464.08,2026-08-15T15:16:31.520,33.6520049,-117.3041073,-152.908,-91.3306,18.0962,-0.393,-0.438,-11.92,-0.38377,1
1464.12,2026-08-15T15:16:31.560,33.6520061,-117.3041149,-153.612,-91.1972,17.9934,-0.386,-0.472,-13.6,-0.435371,1
1464.16,2026-08-15T15:16:31.600,33.6520073,-117.3041224,-154.306,-91.0637,17.8682,-0.389,-0.5,-15.2,-0.483206,1
1464.2,2026-08-15T15:16:31.640,33.6520085,-117.3041298,-154.991,-90.9303,17.6849,-0.402,-0.529,-16.79,-0.528277,1
1464.24,2026-08-15T15:16:31.680,33.6520098,-117.3041372,-155.676,-90.7857,17.5106,-0.415,-0.558,-18.26,-0.568865,1
1464.28,2026-08-15T15:16:31.720,33.6520111,-117.3041444,-156.342,-90.6412,17.3362,-0.417,-0.597,-19.53,-0.602372,1
1464.32,2026-08-15T15:16:31.760,33.6520128,-117.3041515,-156.999,-90.4522,17.1976,-0.415,-0.634,-20.64,-0.631519,1
1464.36,2026-08-15T15:16:31.800,33.6520143,-117.3041586,-157.657,-90.2854,17.1216,-0.409,-0.669,-21.56,-0.656753,1
1464.4,2026-08-15T15:16:31.840,33.6520160,-117.3041657,-158.314,-90.0963,17.0546,-0.399,-0.696,-22.27,-0.675724,1
1464.44,2026-08-15T15:16:31.880,33.6520178,-117.3041726,-158.952,-89.8962,16.9071,-0.396,-0.712,-22.86,-0.687626,1
1464.48,2026-08-15T15:16:31.920,33.6520196,-117.3041794,-159.582,-89.696,16.7595,-0.397,-0.715,-23.45,-0.699219,1
1464.52,2026-08-15T15:16:31.960,33.6520214,-117.3041861,-160.202,-89.4959,16.5807,-0.398,-0.72,-24.06,-0.709753,1
1464.56,2026-08-15T15:16:32.000,33.6520234,-117.3041927,-160.813,-89.2735,16.4287,-0.4,-0.723,-24.62,-0.719615,1
1464.6,2026-08-15T15:16:32.040,33.6520254,-117.3041992,-161.415,-89.0511,16.2812,-0.398,-0.723,-25.14,-0.728216,1
1464.64,2026-08-15T15:16:32.080,33.6520275,-117.3042057,-162.016,-88.8176,16.1426,-0.388,-0.719,-25.6,-0.735228,1
1464.68,2026-08-15T15:16:32.120,33.6520297,-117.3042120,-162.599,-88.573,16.0398,-0.376,-0.723,-25.92,-0.739677,1
1464.72,2026-08-15T15:16:32.160,33.6520319,-117.3042183,-163.182,-88.3283,15.937,-0.363,-0.73,-26.1,-0.740039,1
1464.76,2026-08-15T15:16:32.200,33.6520342,-117.3042245,-163.756,-88.0726,15.8252,-0.348,-0.737,-26.19,-0.737384,1
1464.8,2026-08-15T15:16:32.240,33.6520366,-117.3042306,-164.321,-87.8057,15.7269,-0.34,-0.743,-26.21,-0.733361,1
1464.84,2026-08-15T15:16:32.280,33.6520391,-117.3042366,-164.876,-87.5277,15.6509,-0.334,-0.748,-26.21,-0.729817,1
1464.88,2026-08-15T15:16:32.320,33.6520415,-117.3042425,-165.422,-87.2609,15.5212,-0.325,-0.752,-26.26,-0.725152,1
1464.92,2026-08-15T15:16:32.360,33.6520442,-117.3042483,-165.959,-86.9606,15.3871,-0.317,-0.752,-26.37,-0.721898,1
1464.96,2026-08-15T15:16:32.400,33.6520469,-117.3042540,-166.487,-86.6604,15.2977,-0.305,-0.754,-26.54,-0.72233,1
1465,2026-08-15T15:16:32.440,33.6520496,-117.3042597,-167.014,-86.3602,15.2038,-0.286,-0.762,-26.71,-0.722496,1
1465.04,2026-08-15T15:16:32.480,33.6520525,-117.3042652,-167.523,-86.0377,15.1234,-0.266,-0.78,-26.8,-0.721093,1
1465.08,2026-08-15T15:16:32.520,33.6520554,-117.3042706,-168.023,-85.7153,15.0697,-0.247,-0.803,-26.72,-0.716391,1
1465.12,2026-08-15T15:16:32.560,33.6520584,-117.3042760,-168.523,-85.3817,14.9937,-0.23,-0.824,-26.49,-0.706643,1
1465.16,2026-08-15T15:16:32.600,33.6520615,-117.3042812,-169.004,-85.037,14.9133,-0.221,-0.845,-26.09,-0.692237,1
1465.2,2026-08-15T15:16:32.640,33.6520646,-117.3042863,-169.476,-84.6923,14.8551,-0.215,-0.859,-25.53,-0.674739,1
1465.24,2026-08-15T15:16:32.680,33.6520679,-117.3042913,-169.939,-84.3253,14.797,-0.214,-0.859,-24.95,-0.65683,1
1465.28,2026-08-15T15:16:32.720,33.6520712,-117.3042962,-170.393,-83.9584,14.7613,-0.216,-0.861,-24.35,-0.639486,1
1465.32,2026-08-15T15:16:32.760,33.6520746,-117.3043010,-170.837,-83.5803,14.6674,-0.213,-0.853,-23.71,-0.618718,1
1465.36,2026-08-15T15:16:32.800,33.6520781,-117.3043057,-171.272,-83.1911,14.6003,-0.205,-0.83,-23.05,-0.598745,1
1465.4,2026-08-15T15:16:32.840,33.6520816,-117.3043103,-171.698,-82.8019,14.5512,-0.198,-0.796,-22.41,-0.58016,1
1465.44,2026-08-15T15:16:32.880,33.6520853,-117.3043148,-172.114,-82.3905,14.5333,-0.185,-0.748,-21.79,-0.563416,1
1465.48,2026-08-15T15:16:32.920,33.6520889,-117.3043193,-172.531,-81.9902,14.5288,-0.175,-0.698,-21.25,-0.549284,1
1465.52,2026-08-15T15:16:32.960,33.6520926,-117.3043237,-172.938,-81.5788,14.4707,-0.172,-0.663,-20.91,-0.538334,1
1465.56,2026-08-15T15:16:33.000,33.6520962,-117.3043281,-173.345,-81.1785,14.4081,-0.175,-0.638,-20.77,-0.532417,1
1465.6,2026-08-15T15:16:33.040,33.6521000,-117.3043323,-173.734,-80.756,14.2919,-0.181,-0.613,-20.9,-0.531427,1
1465.64,2026-08-15T15:16:33.080,33.6521039,-117.3043364,-174.114,-80.3223,14.274,-0.192,-0.594,-21.27,-0.540158,1
1465.68,2026-08-15T15:16:33.120,33.6521077,-117.3043404,-174.484,-79.8998,14.2874,-0.197,-0.574,-21.83,-0.554901,1
1465.72,2026-08-15T15:16:33.160,33.6521116,-117.3043444,-174.854,-79.4661,14.2159,-0.194,-0.56,-22.52,-0.569574,1
1465.76,2026-08-15T15:16:33.200,33.6521155,-117.3043484,-175.224,-79.0324,14.1756,-0.188,-0.557,-23.28,-0.58713,1
1465.8,2026-08-15T15:16:33.240,33.6521193,-117.3043522,-175.576,-78.6099,14.0907,-0.178,-0.578,-24.01,-0.601912,1
1465.84,2026-08-15T15:16:33.280,33.6521235,-117.3043558,-175.909,-78.1429,14.046,-0.17,-0.619,-24.75,-0.618495,1
1465.88,2026-08-15T15:16:33.320,33.6521274,-117.3043595,-176.252,-77.7092,14.0549,-0.169,-0.672,-25.42,-0.635642,1
1465.92,2026-08-15T15:16:33.360,33.6521317,-117.3043630,-176.576,-77.2311,14.0236,-0.174,-0.719,-26.01,-0.648948,1
1465.96,2026-08-15T15:16:33.400,33.6521358,-117.3043663,-176.881,-76.7752,13.9521,-0.182,-0.747,-26.54,-0.658794,1
1466,2026-08-15T15:16:33.440,33.6521400,-117.3043696,-177.187,-76.3082,13.8761,-0.191,-0.749,-27.09,-0.668783,1
1466.04,2026-08-15T15:16:33.480,33.6521443,-117.3043727,-177.474,-75.83,13.8269,-0.198,-0.736,-27.6,-0.678959,1
1466.08,2026-08-15T15:16:33.520,33.6521484,-117.3043758,-177.761,-75.3741,13.8314,-0.204,-0.727,-28.14,-0.692467,1
1466.12,2026-08-15T15:16:33.560,33.6521528,-117.3043788,-178.038,-74.8849,13.7644,-0.207,-0.724,-28.7,-0.702824,1
1466.16,2026-08-15T15:16:33.600,33.6521572,-117.3043816,-178.297,-74.3956,13.6928,-0.209,-0.737,-29.34,-0.714763,1
1466.2,2026-08-15T15:16:33.640,33.6521616,-117.3043842,-178.538,-73.9064,13.7152,-0.21,-0.751,-29.98,-0.731546,1
1466.24,2026-08-15T15:16:33.680,33.6521660,-117.3043868,-178.779,-73.4171,13.666,-0.211,-0.761,-30.66,-0.745457,1
1466.28,2026-08-15T15:16:33.720,33.6521704,-117.3043893,-179.01,-72.9278,13.5408,-0.211,-0.774,-31.36,-0.755492,1
1466.32,2026-08-15T15:16:33.760,33.6521749,-117.3043916,-179.223,-72.4275,13.4917,-0.214,-0.79,-32.04,-0.769071,1
1466.36,2026-08-15T15:16:33.800,33.6521793,-117.3043938,-179.427,-71.9382,13.438,-0.215,-0.813,-32.66,-0.780836,1
1466.4,2026-08-15T15:16:33.840,33.6521838,-117.3043958,-179.612,-71.4378,13.371,-0.219,-0.839,-33.25,-0.790975,1
1466.44,2026-08-15T15:16:33.880,33.6521883,-117.3043977,-179.788,-70.9374,13.2905,-0.222,-0.854,-33.77,-0.798511,1
1466.48,2026-08-15T15:16:33.920,33.6521929,-117.3043995,-179.954,-70.426,13.2681,-0.22,-0.854,-34.16,-0.806374,1
1466.52,2026-08-15T15:16:33.960,33.6521975,-117.3044011,-180.102,-69.9145,13.219,-0.215,-0.836,-34.46,-0.810441,1
1466.56,2026-08-15T15:16:34.000,33.6522020,-117.3044026,-180.241,-69.4141,13.1519,-0.211,-0.816,-34.66,-0.81101,1
1466.6,2026-08-15T15:16:34.040,33.6522066,-117.3044039,-180.362,-68.9026,13.0938,-0.207,-0.811,-34.76,-0.809755,1
1466.64,2026-08-15T15:16:34.080,33.6522112,-117.3044052,-180.482,-68.3911,13.0312,-0.211,-0.826,-34.85,-0.807972,1
1466.68,2026-08-15T15:16:34.120,33.6522158,-117.3044062,-180.574,-67.8796,12.9597,-0.221,-0.847,-35.01,-0.807226,1
1466.72,2026-08-15T15:16:34.160,33.6522204,-117.3044071,-180.658,-67.3681,12.9552,-0.237,-0.865,-35.28,-0.813171,1
1466.76,2026-08-15T15:16:34.200,33.6522250,-117.3044079,-180.732,-66.8566,12.8926,-0.253,-0.868,-35.68,-0.818417,1
1466.8,2026-08-15T15:16:34.240,33.6522295,-117.3044085,-180.787,-66.3562,12.7719,-0.262,-0.859,-36.17,-0.82189,1
1466.84,2026-08-15T15:16:34.280,33.6522341,-117.3044090,-180.834,-65.8447,12.7138,-0.261,-0.842,-36.66,-0.829233,1
1466.88,2026-08-15T15:16:34.320,33.6522385,-117.3044094,-180.871,-65.3555,12.5976,-0.251,-0.834,-37.01,-0.829497,1
1466.92,2026-08-15T15:16:34.360,33.6522431,-117.3044097,-180.898,-64.844,12.5439,-0.234,-0.838,-37.16,-0.829312,1
1466.96,2026-08-15T15:16:34.400,33.6522476,-117.3044098,-180.908,-64.3436,12.535,-0.215,-0.864,-37.01,-0.825376,1
1467,2026-08-15T15:16:34.440,33.6522521,-117.3044097,-180.898,-63.8432,12.4948,-0.198,-0.899,-36.63,-0.814279,1
1467.04,2026-08-15T15:16:34.480,33.6522566,-117.3044094,-180.871,-63.3428,12.4367,-0.184,-0.924,-36.1,-0.798765,1
1467.08,2026-08-15T15:16:34.520,33.6522610,-117.3044090,-180.834,-62.8536,12.3785,-0.166,-0.922,-35.59,-0.783801,1
1467.12,2026-08-15T15:16:34.560,33.6522655,-117.3044085,-180.787,-62.3532,12.3562,-0.137,-0.897,-35.17,-0.773152,1
1467.16,2026-08-15T15:16:34.600,33.6522700,-117.3044080,-180.741,-61.8528,12.3785,-0.101,-0.864,-34.89,-0.768385,1
1467.2,2026-08-15T15:16:34.640,33.6522744,-117.3044073,-180.676,-61.3636,12.4054,-0.059,-0.844,-34.64,-0.764532,1
1467.24,2026-08-15T15:16:34.680,33.6522790,-117.3044064,-180.593,-60.8521,12.5126,-0.024,-0.851,-34.25,-0.762462,1
1467.28,2026-08-15T15:16:34.720,33.6522835,-117.3044054,-180.5,-60.3517,12.6423,-0.007,-0.876,-33.74,-0.758891,1
1467.32,2026-08-15T15:16:34.760,33.6522880,-117.3044041,-180.38,-59.8513,12.6602,-0.006,-0.898,-33.16,-0.7469,1
1467.36,2026-08-15T15:16:34.800,33.6522924,-117.3044027,-180.25,-59.3621,12.6602,-0.017,-0.9,-32.59,-0.734061,1
1467.4,2026-08-15T15:16:34.840,33.6522968,-117.3044012,-180.112,-58.8728,12.6199,-0.033,-0.874,-32.19,-0.722748,1
1467.44,2026-08-15T15:16:34.880,33.6523011,-117.3043997,-179.973,-58.3947,12.5663,-0.045,-0.835,-32.02,-0.715875,1
1467.48,2026-08-15T15:16:34.920,33.6523054,-117.3043981,-179.825,-57.9165,12.5752,-0.047,-0.804,-32.03,-0.716608,1
1467.52,2026-08-15T15:16:34.960,33.6523097,-117.3043963,-179.658,-57.4384,12.6334,-0.048,-0.795,-32.18,-0.723291,1
1467.56,2026-08-15T15:16:35.000,33.6523140,-117.3043944,-179.482,-56.9602,12.7004,-0.051,-0.801,-32.39,-0.731875,1
1467.6,2026-08-15T15:16:35.040,33.6523182,-117.3043923,-179.288,-56.4932,12.7362,-0.054,-0.813,-32.64,-0.739601,1
1467.64,2026-08-15T15:16:35.080,33.6523224,-117.3043901,-179.084,-56.0262,12.7272,-0.06,-0.816,-32.91,-0.745195,1
1467.68,2026-08-15T15:16:35.120,33.6523267,-117.3043878,-178.871,-55.5481,12.6736,-0.063,-0.807,-33.22,-0.749044,1
1467.72,2026-08-15T15:16:35.160,33.6523307,-117.3043854,-178.649,-55.1033,12.6512,-0.058,-0.797,-33.52,-0.754476,1
1467.76,2026-08-15T15:16:35.200,33.6523347,-117.3043829,-178.418,-54.6585,12.6691,-0.049,-0.791,-33.71,-0.759825,1
1467.8,2026-08-15T15:16:35.240,33.6523388,-117.3043803,-178.177,-54.2026,12.7406,-0.035,-0.791,-33.77,-0.765474,1
1467.84,2026-08-15T15:16:35.280,33.6523429,-117.3043775,-177.918,-53.7467,12.7809,-0.018,-0.8,-33.61,-0.764253,1
1467.88,2026-08-15T15:16:35.320,33.6523468,-117.3043746,-177.65,-53.3131,12.8703,-0.007,-0.812,-33.29,-0.762272,1
1467.92,2026-08-15T15:16:35.360,33.6523508,-117.3043716,-177.372,-52.8683,12.9016,-0.002,-0.815,-32.8,-0.752879,1
1467.96,2026-08-15T15:16:35.400,33.6523546,-117.3043685,-177.085,-52.4457,12.8837,-0.005,-0.805,-32.25,-0.739228,1
1468,2026-08-15T15:16:35.440,33.6523583,-117.3043653,-176.789,-52.0343,12.8658,-0.015,-0.791,-31.66,-0.724697,1
1468.04,2026-08-15T15:16:35.480,33.6523622,-117.3043620,-176.483,-51.6006,12.8703,-0.031,-0.762,-31.05,-0.710981,1
1468.08,2026-08-15T15:16:35.520,33.6523659,-117.3043586,-176.169,-51.1892,12.8837,-0.048,-0.738,-30.29,-0.694301,1
1468.12,2026-08-15T15:16:35.560,33.6523696,-117.3043552,-175.854,-50.7778,12.8569,-0.061,-0.718,-29.03,-0.664035,1
1468.16,2026-08-15T15:16:35.600,33.6523730,-117.3043516,-175.521,-50.3997,12.8658,-0.068,-0.695,-27.11,-0.620548,1
1468.2,2026-08-15T15:16:35.640,33.6523766,-117.3043480,-175.187,-49.9994,12.915,-0.072,-0.661,-24.31,-0.558582,1
1468.24,2026-08-15T15:16:35.680,33.6523802,-117.3043443,-174.845,-49.5991,12.9418,-0.075,-0.592,-20.13,-0.463497,1
1468.28,2026-08-15T15:16:35.720,33.6523837,-117.3043406,-174.502,-49.21,12.906,-0.081,-0.478,-14.93,-0.342816,1
1468.32,2026-08-15T15:16:35.760,33.6523872,-117.3043370,-174.169,-48.8208,12.8792,-0.092,-0.325,-9,-0.206225,1
1468.36,2026-08-15T15:16:35.800,33.6523906,-117.3043334,-173.836,-48.4427,12.8569,-0.111,-0.116,-2.17,-0.0496368,1
1468.4,2026-08-15T15:16:35.840,33.6523942,-117.3043299,-173.512,-48.0424,12.8032,-0.132,0.119,4.78,0.108882,1
1468.44,2026-08-15T15:16:35.880,33.6523979,-117.3043266,-173.207,-47.631,12.7272,-0.155,0.351,11.32,0.256324,1
1468.48,2026-08-15T15:16:35.920,33.6524017,-117.3043233,-172.901,-47.2084,12.6512,-0.177,0.563,17.39,0.391418,1
1468.52,2026-08-15T15:16:35.960,33.6524055,-117.3043204,-172.633,-46.7859,12.6155,-0.193,0.74,22.96,0.515328,1
1468.56,2026-08-15T15:16:36.000,33.6524093,-117.3043175,-172.364,-46.3634,12.5216,-0.195,0.859,27.42,0.610851,1
1468.6,2026-08-15T15:16:36.040,33.6524131,-117.3043148,-172.114,-45.9408,12.4948,-0.176,0.93,30.98,0.688681,1
1468.64,2026-08-15T15:16:36.080,33.6524172,-117.3043121,-171.865,-45.4849,12.5082,-0.142,0.945,33.48,0.745054,1
1468.68,2026-08-15T15:16:36.120,33.6524212,-117.3043096,-171.633,-45.0401,12.5216,-0.102,0.915,35,0.779715,1
1468.72,2026-08-15T15:16:36.160,33.6524252,-117.3043071,-171.402,-44.5954,12.5082,-0.064,0.861,35.63,0.7929,1
1468.76,2026-08-15T15:16:36.200,33.6524293,-117.3043047,-171.18,-44.1395,12.5439,-0.039,0.804,35.89,0.800969,1
1468.8,2026-08-15T15:16:36.240,33.6524334,-117.3043023,-170.957,-43.6836,12.5708,-0.044,0.783,36.23,0.810286,1
1468.84,2026-08-15T15:16:36.280,33.6524376,-117.3043001,-170.754,-43.2166,12.5439,-0.064,0.804,36.93,0.824179,1
1468.88,2026-08-15T15:16:36.320,33.6524417,-117.3042982,-170.578,-42.7607,12.4367,-0.086,0.851,38.05,0.841912,1
1468.92,2026-08-15T15:16:36.360,33.6524459,-117.3042964,-170.411,-42.2936,12.3741,-0.102,0.897,39.45,0.868496,1
1468.96,2026-08-15T15:16:36.400,33.6524502,-117.3042948,-170.263,-41.8155,12.3919,-0.088,0.93,40.91,0.90194,1
1469,2026-08-15T15:16:36.440,33.6524547,-117.3042933,-170.124,-41.3151,12.4545,-0.039,0.942,42.02,0.931091,1
1469.04,2026-08-15T15:16:36.480,33.6524591,-117.3042917,-169.976,-40.8259,12.5439,0.018,0.934,42.61,0.950942,1
1469.08,2026-08-15T15:16:36.520,33.6524635,-117.3042905,-169.865,-40.3366,12.6959,0.083,0.92,42.72,0.964949,1
1469.12,2026-08-15T15:16:36.560,33.6524682,-117.3042893,-169.754,-39.814,12.8211,0.135,0.915,42.38,0.966707,1
1469.16,2026-08-15T15:16:36.600,33.6524728,-117.3042882,-169.652,-39.3025,12.8926,0.152,0.916,41.8,0.958796,1
1469.2,2026-08-15T15:16:36.640,33.6524775,-117.3042873,-169.569,-38.7799,12.9329,0.146,0.922,41.27,0.949593,1
1469.24,2026-08-15T15:16:36.680,33.6524821,-117.3042866,-169.504,-38.2684,12.9507,0.134,0.934,40.91,0.942611,1
1469.28,2026-08-15T15:16:36.720,33.6524868,-117.3042861,-169.458,-37.7458,12.991,0.123,0.936,40.65,0.939531,1
1469.32,2026-08-15T15:16:36.760,33.6524915,-117.3042856,-169.412,-37.2231,13.0312,0.132,0.932,40.37,0.935949,1
1469.36,2026-08-15T15:16:36.800,33.6524963,-117.3042852,-169.375,-36.6894,13.1519,0.172,0.917,39.6,0.926601,1
1469.4,2026-08-15T15:16:36.840,33.6525012,-117.3042850,-169.356,-36.1446,13.3084,0.227,0.887,38.03,0.900451,1
1469.44,2026-08-15T15:16:36.880,33.6525060,-117.3042849,-169.347,-35.6108,13.5006,0.29,0.85,35.35,0.849085,1
1469.48,2026-08-15T15:16:36.920,33.6525112,-117.3042849,-169.347,-35.0326,13.7152,0.341,0.811,31.45,0.767416,1
1469.52,2026-08-15T15:16:36.960,33.6525162,-117.3042851,-169.365,-34.4766,13.9119,0.373,0.745,25.91,0.641301,1
1469.56,2026-08-15T15:16:37.000,33.6525212,-117.3042854,-169.393,-33.9207,14.046,0.383,0.64,19.4,0.4848,1
1469.6,2026-08-15T15:16:37.040,33.6525265,-117.3042856,-169.412,-33.3313,14.1622,0.387,0.493,12.26,0.308909,1
1469.64,2026-08-15T15:16:37.080,33.6525316,-117.3042857,-169.421,-32.7642,14.2963,0.394,0.31,4.8,0.122088,1
1469.68,2026-08-15T15:16:37.120,33.6525370,-117.3042857,-169.421,-32.1638,14.5109,0.416,0.136,-1.9,-0.049052,1
1469.72,2026-08-15T15:16:37.160,33.6525424,-117.3042857,-169.421,-31.5633,14.7434,0.443,-0.016,-6.91,-0.181252,1
1469.76,2026-08-15T15:16:37.200,33.6525479,-117.3042857,-169.421,-30.9518,15.0205,0.457,-0.142,-10.07,-0.269106,1
1469.8,2026-08-15T15:16:37.240,33.6525534,-117.3042859,-169.439,-30.3402,15.2396,0.449,-0.253,-11.18,-0.303126,1
1469.84,2026-08-15T15:16:37.280,33.6525589,-117.3042856,-169.412,-29.7286,15.3424,0.421,-0.33,-10.54,-0.287702,1
1469.88,2026-08-15T15:16:37.320,33.6525645,-117.3042854,-169.393,-29.1059,15.4139,0.389,-0.351,-9.1,-0.249553,1
1469.92,2026-08-15T15:16:37.360,33.6525702,-117.3042852,-169.375,-28.4721,15.5257,0.378,-0.319,-7.55,-0.208548,1
1469.96,2026-08-15T15:16:37.400,33.6525760,-117.3042849,-169.347,-27.8272,15.7447,0.393,-0.26,-6.44,-0.180397,1
1470,2026-08-15T15:16:37.440,33.6525818,-117.3042849,-169.347,-27.1822,16.0219,0.414,-0.2,-6.06,-0.172741,1
1470.04,2026-08-15T15:16:37.480,33.6525878,-117.3042847,-169.328,-26.5151,16.2901,0.423,-0.17,-6.33,-0.183458,1
1470.08,2026-08-15T15:16:37.520,33.6525938,-117.3042844,-169.301,-25.8479,16.4511,0.409,-0.183,-7.11,-0.2081,1
1470.12,2026-08-15T15:16:37.560,33.6525997,-117.3042840,-169.264,-25.1919,16.5092,0.378,-0.214,-8.1,-0.237913,1
1470.16,2026-08-15T15:16:37.600,33.6526058,-117.3042835,-169.217,-24.5136,16.6165,0.356,-0.238,-9.09,-0.268727,1
1470.2,2026-08-15T15:16:37.640,33.6526118,-117.3042830,-169.171,-23.8464,16.7461,0.357,-0.255,-9.99,-0.297638,1
1470.24,2026-08-15T15:16:37.680,33.6526179,-117.3042826,-169.134,-23.1681,16.9562,0.369,-0.283,-10.73,-0.323696,1
1470.28,2026-08-15T15:16:37.720,33.6526243,-117.3042820,-169.078,-22.4565,17.2155,0.382,-0.322,-11.34,-0.347329,1
1470.32,2026-08-15T15:16:37.760,33.6526306,-117.3042813,-169.014,-21.7559,17.4167,0.389,-0.375,-11.94,-0.36998,1
1470.36,2026-08-15T15:16:37.800,33.6526370,-117.3042806,-168.949,-21.0443,17.4882,0.393,-0.421,-12.61,-0.392346,1
1470.4,2026-08-15T15:16:37.840,33.6526433,-117.3042796,-168.856,-20.3438,17.6402,0.401,-0.449,-13.25,-0.415841,1
1470.44,2026-08-15T15:16:37.880,33.6526498,-117.3042787,-168.773,-19.621,17.8503,0.409,-0.455,-13.78,-0.437626,1
1470.48,2026-08-15T15:16:37.920,33.6526563,-117.3042777,-168.68,-18.8982,18.1096,0.393,-0.465,-14.17,-0.456548,1
1470.52,2026-08-15T15:16:37.960,33.6526629,-117.3042766,-168.579,-18.1643,18.2884,0.299,-0.483,-14.68,-0.477651,1
1470.56,2026-08-15T15:16:38.000,33.6526695,-117.3042754,-168.468,-17.4304,18.2795,0.164,-0.503,-15.36,-0.499532,1
1470.6,2026-08-15T15:16:38.040,33.6526759,-117.3042741,-168.347,-16.7188,18.1006,0.003,-0.506,-16.69,-0.537476,1
1470.64,2026-08-15T15:16:38.080,33.6526822,-117.3042729,-168.236,-16.0183,17.8905,-0.145,-0.517,-18.54,-0.590122,1
1470.68,2026-08-15T15:16:38.120,33.6526884,-117.3042715,-168.107,-15.3289,17.7743,-0.248,-0.541,-20.7,-0.654593,1
1470.72,2026-08-15T15:16:38.160,33.6526948,-117.3042699,-167.959,-14.6172,17.7609,-0.276,-0.591,-22.7,-0.717297,1
1470.76,2026-08-15T15:16:38.200,33.6527010,-117.3042684,-167.82,-13.9278,17.7922,-0.273,-0.679,-24.33,-0.770158,1
1470.8,2026-08-15T15:16:38.240,33.6527072,-117.3042665,-167.644,-13.2384,17.7922,-0.249,-0.776,-25.25,-0.79928,1
1470.84,2026-08-15T15:16:38.280,33.6527134,-117.3042644,-167.449,-12.549,17.7564,-0.23,-0.845,-25.58,-0.808099,1
1470.88,2026-08-15T15:16:38.320,33.6527195,-117.3042624,-167.264,-11.8707,17.6894,-0.234,-0.872,-25.52,-0.803159,1
1470.92,2026-08-15T15:16:38.360,33.6527255,-117.3042601,-167.051,-11.2035,17.5776,-0.265,-0.854,-25.41,-0.794645,1
1470.96,2026-08-15T15:16:38.400,33.6527314,-117.3042579,-166.848,-10.5475,17.4122,-0.307,-0.812,-25.47,-0.789026,1
1471,2026-08-15T15:16:38.440,33.6527373,-117.3042557,-166.644,-9.89143,17.2602,-0.347,-0.777,-25.8,-0.792272,1
1471.04,2026-08-15T15:16:38.480,33.6527430,-117.3042533,-166.422,-9.25762,17.0814,-0.369,-0.761,-26.3,-0.799259,1
1471.08,2026-08-15T15:16:38.520,33.6527486,-117.3042507,-166.181,-8.63493,16.9965,-0.371,-0.759,-26.7,-0.80738,1
1471.12,2026-08-15T15:16:38.560,33.6527544,-117.3042480,-165.931,-7.99,16.916,-0.355,-0.776,-26.83,-0.80747,1
1471.16,2026-08-15T15:16:38.600,33.6527599,-117.3042452,-165.672,-7.37843,16.8534,-0.338,-0.799,-26.63,-0.798486,1
1471.2,2026-08-15T15:16:38.640,33.6527655,-117.3042423,-165.404,-6.75574,16.764,-0.329,-0.822,-26.25,-0.782916,1
1471.24,2026-08-15T15:16:38.680,33.6527709,-117.3042394,-165.135,-6.15528,16.6701,-0.332,-0.84,-25.85,-0.766669,1
1471.28,2026-08-15T15:16:38.720,33.6527762,-117.3042363,-164.848,-5.56595,16.5226,-0.338,-0.852,-25.6,-0.752535,1
1471.32,2026-08-15T15:16:38.760,33.6527814,-117.3042331,-164.552,-4.98774,16.4019,-0.343,-0.853,-25.53,-0.744995,1
1471.36,2026-08-15T15:16:38.800,33.6527866,-117.3042299,-164.256,-4.40952,16.2857,-0.345,-0.848,-25.63,-0.742613,1
1471.4,2026-08-15T15:16:38.840,33.6527916,-117.3042265,-163.941,-3.85355,16.1828,-0.34,-0.841,-25.79,-0.742531,1
1471.44,2026-08-15T15:16:38.880,33.6527966,-117.3042231,-163.627,-3.29757,16.0577,-0.332,-0.839,-25.97,-0.74193,1
1471.48,2026-08-15T15:16:38.920,33.6528015,-117.3042195,-163.293,-2.75272,15.9683,-0.321,-0.842,-26.11,-0.741776,1
1471.52,2026-08-15T15:16:38.960,33.6528063,-117.3042159,-162.96,-2.21898,15.8833,-0.311,-0.851,-26.17,-0.739526,1
1471.56,2026-08-15T15:16:39.000,33.6528110,-117.3042121,-162.609,-1.69637,15.7984,-0.305,-0.85,-26.19,-0.736134,1
1471.6,2026-08-15T15:16:39.040,33.6528155,-117.3042083,-162.257,-1.19599,15.6866,-0.306,-0.84,-26.26,-0.73288,1
1471.64,2026-08-15T15:16:39.080,33.6528202,-117.3042044,-161.896,-0.673373,15.5659,-0.308,-0.822,-26.5,-0.733887,1
1471.68,2026-08-15T15:16:39.120,33.6528246,-117.3042005,-161.535,-0.184115,15.4452,-0.312,-0.8,-27,-0.741936,1
1471.72,2026-08-15T15:16:39.160,33.6528289,-117.3041965,-161.165,0.294023,15.3111,-0.307,-0.785,-27.78,-0.756742,1
1471.76,2026-08-15T15:16:39.200,33.6528333,-117.3041924,-160.785,0.783281,15.2709,-0.293,-0.788,-28.79,-0.782194,1
1471.8,2026-08-15T15:16:39.240,33.6528374,-117.3041883,-160.406,1.23918,15.1859,-0.272,-0.809,-29.81,-0.805401,1
1471.84,2026-08-15T15:16:39.280,33.6528416,-117.3041840,-160.008,1.7062,15.177,-0.25,-0.843,-30.67,-0.828149,1
1471.88,2026-08-15T15:16:39.320,33.6528456,-117.3041796,-159.6,2.15098,15.1412,-0.23,-0.879,-31.3,-0.843168,1
1471.92,2026-08-15T15:16:39.360,33.6528495,-117.3041751,-159.184,2.58464,15.0652,-0.213,-0.911,-31.67,-0.848853,1
1471.96,2026-08-15T15:16:39.400,33.6528532,-117.3041705,-158.758,2.99606,14.9758,-0.199,-0.93,-31.76,-0.846214,1
1472,2026-08-15T15:16:39.440,33.6528570,-117.3041659,-158.332,3.4186,14.8998,-0.185,-0.942,-31.62,-0.838208,1
1472.04,2026-08-15T15:16:39.480,33.6528605,-117.3041611,-157.888,3.80778,14.8596,-0.17,-0.945,-31.25,-0.826163,1
1472.08,2026-08-15T15:16:39.520,33.6528641,-117.3041563,-157.444,4.20808,14.8283,-0.157,-0.948,-30.68,-0.809386,1
1472.12,2026-08-15T15:16:39.560,33.6528674,-117.3041513,-156.981,4.57503,14.8015,-0.148,-0.948,-29.99,-0.789751,1
1472.16,2026-08-15T15:16:39.600,33.6528707,-117.3041463,-156.518,4.94197,14.7702,-0.146,-0.945,-29.22,-0.767848,1
1472.2,2026-08-15T15:16:39.640,33.6528739,-117.3041412,-156.046,5.29779,14.7523,-0.148,-0.924,-28.54,-0.74907,1
1472.24,2026-08-15T15:16:39.680,33.6528769,-117.3041361,-155.574,5.63138,14.6853,-0.153,-0.888,-28.06,-0.733125,1
1472.28,2026-08-15T15:16:39.720,33.6528800,-117.3041309,-155.093,5.97608,14.6584,-0.152,-0.848,-27.8,-0.725005,1
1472.32,2026-08-15T15:16:39.760,33.6528830,-117.3041257,-154.611,6.30967,14.5914,-0.143,-0.817,-27.67,-0.718314,1
1472.36,2026-08-15T15:16:39.800,33.6528858,-117.3041204,-154.121,6.62101,14.5824,-0.122,-0.804,-27.59,-0.715798,1
1472.4,2026-08-15T15:16:39.840,33.6528885,-117.3041152,-153.639,6.92124,14.6003,-0.09,-0.814,-27.4,-0.71174,1
1472.44,2026-08-15T15:16:39.880,33.6528911,-117.3041097,-153.13,7.21035,14.6182,-0.051,-0.836,-27,-0.702209,1
1472.48,2026-08-15T15:16:39.920,33.6528938,-117.3041040,-152.603,7.51057,14.7031,-0.007,-0.856,-26.31,-0.688239,1
1472.52,2026-08-15T15:16:39.960,33.6528963,-117.3040984,-152.084,7.78856,14.7881,0.038,-0.86,-25.35,-0.666958,1
1472.56,2026-08-15T15:16:40.000,33.6528987,-117.3040927,-151.557,8.05543,14.8954,0.073,-0.843,-24.28,-0.643441,1
1472.6,2026-08-15T15:16:40.040,33.6529009,-117.3040868,-151.011,8.30006,14.9669,0.102,-0.798,-22.96,-0.611381,1
1472.64,2026-08-15T15:16:40.080,33.6529032,-117.3040810,-150.474,8.55581,14.9937,0.125,-0.738,-21.57,-0.575397,1
1472.68,2026-08-15T15:16:40.120,33.6529055,-117.3040750,-149.919,8.81155,15.0161,0.136,-0.682,-20.23,-0.540456,1
1472.72,2026-08-15T15:16:40.160,33.6529078,-117.3040690,-149.363,9.0673,15.0965,0.146,-0.64,-19.1,-0.513002,1
1472.76,2026-08-15T15:16:40.200,33.6529098,-117.3040630,-148.808,9.28969,15.1949,0.163,-0.608,-18.31,-0.494988,1
1472.8,2026-08-15T15:16:40.240,33.6529120,-117.3040568,-148.234,9.53432,15.2798,0.182,-0.596,-18.04,-0.490415,1
1472.84,2026-08-15T15:16:40.280,33.6529140,-117.3040506,-147.66,9.75671,15.4452,0.204,-0.597,-18.23,-0.500944,1
1472.88,2026-08-15T15:16:40.320,33.6529159,-117.3040441,-147.058,9.96798,15.5793,0.23,-0.601,-18.83,-0.521925,1
1472.92,2026-08-15T15:16:40.360,33.6529177,-117.3040377,-146.466,10.1681,15.7224,0.255,-0.603,-19.63,-0.549095,1
1472.96,2026-08-15T15:16:40.400,33.6529196,-117.3040312,-145.864,10.3794,15.8565,0.269,-0.607,-20.41,-0.575783,1
1473,2026-08-15T15:16:40.440,33.6529214,-117.3040247,-145.263,10.5796,15.9772,0.274,-0.607,-21.06,-0.598643,1
1473.04,2026-08-15T15:16:40.480,33.6529231,-117.3040180,-144.643,10.7686,16.1113,0.254,-0.613,-21.55,-0.617713,1
1473.08,2026-08-15T15:16:40.520,33.6529248,-117.3040113,-144.023,10.9576,16.2007,0.211,-0.63,-21.89,-0.630941,1
1473.12,2026-08-15T15:16:40.560,33.6529262,-117.3040044,-143.384,11.1133,16.2097,0.142,-0.658,-22.2,-0.640229,1
1473.16,2026-08-15T15:16:40.600,33.6529276,-117.3039977,-142.764,11.269,16.1694,0.05,-0.676,-22.65,-0.651586,1
1473.2,2026-08-15T15:16:40.640,33.6529290,-117.3039910,-142.144,11.4246,16.0577,-0.047,-0.688,-23.28,-0.66508,1
1473.24,2026-08-15T15:16:40.680,33.6529302,-117.3039842,-141.514,11.5581,15.9593,-0.129,-0.692,-24.13,-0.685142,1
1473.28,2026-08-15T15:16:40.720,33.6529312,-117.3039776,-140.903,11.6693,15.8476,-0.188,-0.69,-25.11,-0.707975,1
1473.32,2026-08-15T15:16:40.760,33.6529323,-117.3039711,-140.302,11.7916,15.785,-0.216,-0.695,-26.15,-0.734386,1
1473.36,2026-08-15T15:16:40.800,33.6529333,-117.3039644,-139.681,11.9028,15.7313,-0.207,-0.712,-27.07,-0.757639,1
1473.4,2026-08-15T15:16:40.840,33.6529341,-117.3039577,-139.061,11.9917,15.7179,-0.169,-0.74,-27.75,-0.776009,1
1473.44,2026-08-15T15:16:40.880,33.6529348,-117.3039510,-138.441,12.0696,15.7447,-0.11,-0.77,-28.15,-0.788538,1
1473.48,2026-08-15T15:16:40.920,33.6529354,-117.3039441,-137.803,12.1363,15.8163,-0.043,-0.806,-28.2,-0.793527,1
1473.52,2026-08-15T15:16:40.960,33.6529359,-117.3039372,-137.164,12.1919,15.937,0.012,-0.829,-27.81,-0.788525,1
1473.56,2026-08-15T15:16:41.000,33.6529363,-117.3039304,-136.534,12.2364,15.9996,0.044,-0.843,-27.2,-0.774257,1
1473.6,2026-08-15T15:16:41.040,33.6529365,-117.3039234,-135.887,12.2586,15.9817,0.029,-0.836,-26.38,-0.750077,1
1473.64,2026-08-15T15:16:41.080,33.6529367,-117.3039165,-135.248,12.2808,15.928,-0.013,-0.813,-25.62,-0.726022,1
1473.68,2026-08-15T15:16:41.120,33.6529369,-117.3039098,-134.628,12.3031,15.8073,-0.079,-0.78,-25.19,-0.708427,1
1473.72,2026-08-15T15:16:41.160,33.6529369,-117.3039031,-134.008,12.3031,15.6419,-0.143,-0.754,-25.29,-0.703797,1
1473.76,2026-08-15T15:16:41.200,33.6529367,-117.3038962,-133.369,12.2808,15.5525,-0.195,-0.742,-25.75,-0.712503,1
1473.8,2026-08-15T15:16:41.240,33.6529365,-117.3038895,-132.749,12.2586,15.5078,-0.219,-0.755,-26.48,-0.730596,1
1473.84,2026-08-15T15:16:41.280,33.6529361,-117.3038830,-132.147,12.2141,15.4631,-0.227,-0.777,-27.23,-0.749123,1
1473.88,2026-08-15T15:16:41.320,33.6529358,-117.3038763,-131.527,12.1808,15.4542,-0.227,-0.796,-27.88,-0.766561,1
1473.92,2026-08-15T15:16:41.360,33.6529352,-117.3038696,-130.907,12.114,15.4184,-0.223,-0.81,-28.35,-0.77768,1
1473.96,2026-08-15T15:16:41.400,33.6529346,-117.3038631,-130.305,12.0473,15.3245,-0.22,-0.815,-28.7,-0.782488,1
1474,2026-08-15T15:16:41.440,33.6529337,-117.3038567,-129.713,11.9473,15.2038,-0.22,-0.814,-29.03,-0.785251,1
1474.04,2026-08-15T15:16:41.480,33.6529329,-117.3038502,-129.111,11.8583,15.1278,-0.219,-0.817,-29.4,-0.791284,1
1474.08,2026-08-15T15:16:41.520,33.6529319,-117.3038437,-128.509,11.7471,15.0787,-0.212,-0.822,-29.78,-0.798906,1
1474.12,2026-08-15T15:16:41.560,33.6529308,-117.3038375,-127.936,11.6248,15.0295,-0.203,-0.83,-30.16,-0.806462,1
1474.16,2026-08-15T15:16:41.600,33.6529297,-117.3038311,-127.343,11.5025,14.9937,-0.184,-0.845,-30.49,-0.813346,1
1474.2,2026-08-15T15:16:41.640,33.6529284,-117.3038248,-126.76,11.3579,14.9669,-0.158,-0.852,-30.71,-0.817749,1
1474.24,2026-08-15T15:16:41.680,33.6529269,-117.3038186,-126.186,11.1911,14.9937,-0.129,-0.864,-30.76,-0.820548,1
1474.28,2026-08-15T15:16:41.720,33.6529255,-117.3038122,-125.594,11.0355,15.0161,-0.096,-0.882,-30.61,-0.817764,1
1474.32,2026-08-15T15:16:41.760,33.6529238,-117.3038062,-125.039,10.8464,15.0161,-0.064,-0.897,-30.18,-0.806276,1
1474.36,2026-08-15T15:16:41.800,33.6529220,-117.3037999,-124.455,10.6463,15.0205,-0.039,-0.906,-29.55,-0.789681,1
1474.4,2026-08-15T15:16:41.840,33.6529201,-117.3037939,-123.9,10.435,15.0027,-0.02,-0.911,-28.78,-0.768188,1
1474.44,2026-08-15T15:16:41.880,33.6529182,-117.3037879,-123.345,10.2237,14.9758,-0.006,-0.899,-27.98,-0.745499,1
1474.48,2026-08-15T15:16:41.920,33.6529160,-117.3037820,-122.799,9.9791,14.9848,0.001,-0.875,-27.23,-0.725949,1
1474.52,2026-08-15T15:16:41.960,33.6529139,-117.3037760,-122.243,9.74559,15.0027,0.009,-0.853,-26.68,-0.712135,1
1474.56,2026-08-15T15:16:42.000,33.6529117,-117.3037701,-121.697,9.50096,14.9982,0.02,-0.832,-26.29,-0.701516,1
1474.6,2026-08-15T15:16:42.040,33.6529093,-117.3037643,-121.16,9.2341,15.0518,0.033,-0.816,-26.03,-0.697063,1
1474.64,2026-08-15T15:16:42.080,33.6529068,-117.3037585,-120.623,8.95611,15.1457,0.051,-0.809,-25.84,-0.696291,1
1474.68,2026-08-15T15:16:42.120,33.6529041,-117.3037526,-120.077,8.65588,15.1904,0.07,-0.798,-25.67,-0.693752,1
1474.72,2026-08-15T15:16:42.160,33.6529014,-117.3037468,-119.54,8.35566,15.2262,0.088,-0.779,-25.51,-0.691051,1
1474.76,2026-08-15T15:16:42.200,33.6528987,-117.3037411,-119.013,8.05543,15.3066,0.108,-0.763,-25.38,-0.691162,1
1474.8,2026-08-15T15:16:42.240,33.6528959,-117.3037353,-118.476,7.74408,15.3782,0.129,-0.752,-25.3,-0.692203,1
1474.84,2026-08-15T15:16:42.280,33.6528928,-117.3037296,-117.948,7.39938,15.4363,0.151,-0.741,-25.26,-0.693721,1
1474.88,2026-08-15T15:16:42.320,33.6528898,-117.3037240,-117.43,7.06579,15.5391,0.178,-0.735,-25.2,-0.696683,1
1474.92,2026-08-15T15:16:42.360,33.6528865,-117.3037183,-116.902,6.69885,15.6643,0.201,-0.736,-25.09,-0.699229,1
1474.96,2026-08-15T15:16:42.400,33.6528831,-117.3037128,-116.393,6.32079,15.8163,0.216,-0.737,-24.84,-0.698979,1
1475,2026-08-15T15:16:42.440,33.6528797,-117.3037071,-115.866,5.94273,15.937,0.218,-0.745,-24.36,-0.690703,1
1475.04,2026-08-15T15:16:42.480,33.6528762,-117.3037015,-115.347,5.55354,16.0264,0.207,-0.745,-23.73,-0.676615,1
1475.08,2026-08-15T15:16:42.520,33.6528727,-117.3036961,-114.848,5.16436,16.0666,0.185,-0.739,-22.95,-0.656018,1
1475.12,2026-08-15T15:16:42.560,33.6528689,-117.3036908,-114.357,4.74182,16.1158,0.151,-0.723,-21.94,-0.629067,1
1475.16,2026-08-15T15:16:42.600,33.6528651,-117.3036853,-113.848,4.31928,16.1605,0.108,-0.697,-20.7,-0.59516,1
1475.2,2026-08-15T15:16:42.640,33.6528613,-117.3036800,-113.357,3.89674,16.1516,0.065,-0.653,-19.13,-0.549715,1
1475.24,2026-08-15T15:16:42.680,33.6528576,-117.3036748,-112.876,3.48532,16.1516,0.022,-0.598,-17.09,-0.491094,1
1475.28,2026-08-15T15:16:42.720,33.6528536,-117.3036697,-112.404,3.04054,16.1694,-0.01,-0.517,-14.21,-0.408787,1
1475.32,2026-08-15T15:16:42.760,33.6528497,-117.3036644,-111.914,2.60688,16.1516,-0.024,-0.42,-10.67,-0.306611,1
1475.36,2026-08-15T15:16:42.800,33.6528458,-117.3036592,-111.432,2.17322,16.1739,-0.02,-0.302,-6.46,-0.18589,1
1475.4,2026-08-15T15:16:42.840,33.6528419,-117.3036539,-110.942,1.73956,16.2097,0.001,-0.161,-1.75,-0.0504685,1
1475.44,2026-08-15T15:16:42.880,33.6528381,-117.3036486,-110.451,1.31702,16.2857,0.027,0.02,3.45,0.0999616,1
1475.48,2026-08-15T15:16:42.920,33.6528342,-117.3036432,-109.951,0.883356,16.3483,0.049,0.214,8.37,0.243447,1
1475.52,2026-08-15T15:16:42.960,33.6528306,-117.3036377,-109.442,0.483055,16.384,0.053,0.412,13.1,0.381856,1
1475.56,2026-08-15T15:16:43.000,33.6528271,-117.3036320,-108.915,0.0938724,16.384,0.044,0.578,17.05,0.496996,1
1475.6,2026-08-15T15:16:43.040,33.6528235,-117.3036264,-108.396,-0.306429,16.384,0.022,0.71,20.33,0.592606,1
1475.64,2026-08-15T15:16:43.080,33.6528201,-117.3036206,-107.859,-0.684492,16.3438,-0.001,0.792,22.86,0.664718,1
1475.68,2026-08-15T15:16:43.120,33.6528168,-117.3036149,-107.332,-1.05144,16.3125,-0.022,0.825,24.95,0.724101,1
1475.72,2026-08-15T15:16:43.160,33.6528136,-117.3036090,-106.786,-1.40726,16.2812,-0.024,0.83,26.56,0.769348,1
1475.76,2026-08-15T15:16:43.200,33.6528105,-117.3036030,-106.23,-1.75196,16.2857,-0.012,0.837,27.95,0.809833,1
1475.8,2026-08-15T15:16:43.240,33.6528074,-117.3035970,-105.675,-2.09667,16.3483,0.011,0.855,28.98,0.842904,1
1475.84,2026-08-15T15:16:43.280,33.6528044,-117.3035908,-105.101,-2.43025,16.4287,0.04,0.877,29.64,0.866344,0
1475.88,2026-08-15T15:16:43.320,33.6528016,-117.3035846,-104.527,-2.7416,16.4287,0.069,0.893,29.91,0.874236,0
1475.92,2026-08-15T15:16:43.360,33.6527989,-117.3035783,-103.944,-3.04182,16.4868,0.099,0.877,29.83,0.874982,0
1475.96,2026-08-15T15:16:43.400,33.6527962,-117.3035718,-103.342,-3.34205,16.5628,0.124,0.851,29.56,0.871059,0
1476,2026-08-15T15:16:43.440,33.6527934,-117.3035654,-102.75,-3.6534,16.6209,0.133,0.836,29.31,0.866722,0
1476.04,2026-08-15T15:16:43.480,33.6527908,-117.3035589,-102.148,-3.9425,16.688,0.128,0.843,29.23,0.867844,0
1476.08,2026-08-15T15:16:43.520,33.6527886,-117.3035522,-101.528,-4.18713,16.688,0.108,0.861,29.45,0.874376,0
1476.12,2026-08-15T15:16:43.560,33.6527864,-117.3035455,-100.908,-4.43176,16.6791,0.087,0.889,30.01,0.890525,0
1476.16,2026-08-15T15:16:43.600,33.6527842,-117.3035388,-100.288,-4.67639,16.6478,0.083,0.909,30.72,0.909883,0
1476.2,2026-08-15T15:16:43.640,33.6527822,-117.3035319,-99.6493,-4.89878,16.6746,0.101,0.911,31.33,0.929446,0
1476.24,2026-08-15T15:16:43.680,33.6527803,-117.3035250,-99.0107,-5.11005,16.7908,0.135,0.902,31.67,0.946081,0
1476.28,2026-08-15T15:16:43.720,33.6527783,-117.3035180,-98.3628,-5.33244,16.9428,0.171,0.903,31.61,0.952837,0
1476.32,2026-08-15T15:16:43.760,33.6527767,-117.3035108,-97.6963,-5.51035,17.1127,0.189,0.915,31.21,0.950212,0
1476.36,2026-08-15T15:16:43.800,33.6527750,-117.3035036,-97.0299,-5.69938,17.1887,0.183,0.927,30.67,0.937918,0
1476.4,2026-08-15T15:16:43.840,33.6527736,-117.3034964,-96.3635,-5.85506,17.211,0.167,0.93,30.17,0.923827,0
1476.44,2026-08-15T15:16:43.880,33.6527721,-117.3034891,-95.6878,-6.02185,17.1887,0.149,0.916,29.8,0.911313,0
1476.48,2026-08-15T15:16:43.920,33.6527709,-117.3034818,-95.0121,-6.15528,17.1753,0.144,0.895,29.54,0.902657,0
1476.52,2026-08-15T15:16:43.960,33.6527698,-117.3034745,-94.3364,-6.2776,17.2468,0.165,0.878,29.08,0.892301,0
1476.56,2026-08-15T15:16:44.000,33.6527687,-117.3034670,-93.6422,-6.39991,17.3943,0.2,0.867,28.39,0.87858,0
1476.6,2026-08-15T15:16:44.040,33.6527676,-117.3034594,-92.9387,-6.52223,17.5821,0.237,0.865,27.34,0.855219,0
1476.64,2026-08-15T15:16:44.080,33.6527668,-117.3034519,-92.2446,-6.61118,17.7251,0.266,0.868,25.99,0.819604,0
1476.68,2026-08-15T15:16:44.120,33.6527660,-117.3034441,-91.5226,-6.70014,17.8235,0.281,0.874,24.51,0.777221,0
1476.72,2026-08-15T15:16:44.160,33.6527654,-117.3034364,-90.8099,-6.76685,17.9084,0.275,0.876,23.34,0.743647,0
1476.76,2026-08-15T15:16:44.200,33.6527650,-117.3034287,-90.0972,-6.81133,17.9531,0.26,0.873,22.48,0.718034,0
1476.8,2026-08-15T15:16:44.240,33.6527646,-117.3034210,-89.3845,-6.85581,17.9755,0.26,0.861,21.8,0.697181,0
1476.84,2026-08-15T15:16:44.280,33.6527642,-117.3034131,-88.6532,-6.90029,18.0694,0.279,0.841,20.98,0.674461,0
1476.88,2026-08-15T15:16:44.320,33.6527640,-117.3034052,-87.922,-6.92253,18.2616,0.321,0.797,19.52,0.634201,0
1476.92,2026-08-15T15:16:44.360,33.6527639,-117.3033971,-87.1723,-6.93365,18.4985,0.378,0.711,16.92,0.556859,0
1476.96,2026-08-15T15:16:44.400,33.6527639,-117.3033888,-86.404,-6.93365,18.7578,0.444,0.571,12.53,0.418159,0
1477,2026-08-15T15:16:44.440,33.6527636,-117.3033806,-85.645,-6.96701,18.9858,0.493,0.41,6.96,0.235097,0
1477.04,2026-08-15T15:16:44.480,33.6527634,-117.3033722,-84.8675,-6.98924,19.2093,0.511,0.244,0.75,0.0256319,0
1477.08,2026-08-15T15:16:44.520,33.6527632,-117.3033638,-84.09,-7.01148,19.3837,0.486,0.077,-5.32,-0.183466,0
1477.12,2026-08-15T15:16:44.560,33.6527629,-117.3033552,-83.294,-7.04484,19.5401,0.41,-0.089,-10.21,-0.354945,0
1477.16,2026-08-15T15:16:44.600,33.6527627,-117.3033468,-82.5165,-7.06708,19.558,0.29,-0.244,-13.16,-0.457919,0
1477.2,2026-08-15T15:16:44.640,33.6527621,-117.3033385,-81.7483,-7.1338,19.4597,0.131,-0.381,-14.21,-0.491969,0
1477.24,2026-08-15T15:16:44.680,33.6527616,-117.3033301,-80.9708,-7.1894,19.3211,-0.025,-0.464,-13.83,-0.475403,0
1477.28,2026-08-15T15:16:44.720,33.6527610,-117.3033220,-80.221,-7.25611,19.1646,-0.161,-0.483,-12.43,-0.423818,0
1477.32,2026-08-15T15:16:44.760,33.6527604,-117.3033138,-79.462,-7.32283,19.035,-0.248,-0.451,-10.69,-0.362025,0
1477.36,2026-08-15T15:16:44.800,33.6527598,-117.3033057,-78.7123,-7.38955,18.9679,-0.296,-0.393,-8.96,-0.302368,0
1477.4,2026-08-15T15:16:44.840,33.6527592,-117.3032975,-77.9533,-7.45626,18.9277,-0.317,-0.345,-7.44,-0.250541,0
1477.44,2026-08-15T15:16:44.880,33.6527586,-117.3032894,-77.2036,-7.52298,18.8651,-0.323,-0.32,-6.26,-0.210107,0
1477.48,2026-08-15T15:16:44.920,33.6527579,-117.3032815,-76.4724,-7.60082,18.7489,-0.33,-0.302,-5.59,-0.186464,0
1477.52,2026-08-15T15:16:44.960,33.6527571,-117.3032736,-75.7411,-7.68977,18.6058,-0.343,-0.279,-5.48,-0.1814,0
1477.56,2026-08-15T15:16:45.000,33.6527563,-117.3032657,-75.0099,-7.77873,18.4449,-0.35,-0.26,-5.78,-0.189676,0
1477.6,2026-08-15T15:16:45.040,33.6527555,-117.3032578,-74.2787,-7.86768,18.3286,-0.35,-0.239,-6.35,-0.207068,0
1477.64,2026-08-15T15:16:45.080,33.6527548,-117.3032501,-73.566,-7.94552,18.1945,-0.352,-0.23,-6.98,-0.225946,0
1477.68,2026-08-15T15:16:45.120,33.6527540,-117.3032423,-72.844,-8.03448,18.1051,-0.352,-0.234,-7.44,-0.239653,0
1477.72,2026-08-15T15:16:45.160,33.6527530,-117.3032346,-72.1313,-8.14567,18.0291,-0.355,-0.245,-7.68,-0.246345,0
1477.76,2026-08-15T15:16:45.200,33.6527522,-117.3032271,-71.4371,-8.23463,17.8995,-0.364,-0.253,-7.73,-0.246166,0
1477.8,2026-08-15T15:16:45.240,33.6527512,-117.3032195,-70.7336,-8.34582,17.7564,-0.375,-0.257,-7.65,-0.241671,0
1477.84,2026-08-15T15:16:45.280,33.6527502,-117.3032121,-70.0487,-8.45702,17.6,-0.385,-0.251,-7.49,-0.234532,0
1477.88,2026-08-15T15:16:45.320,33.6527494,-117.3032047,-69.3638,-8.54597,17.448,-0.395,-0.238,-7.3,-0.226608,0
1477.92,2026-08-15T15:16:45.360,33.6527483,-117.3031973,-68.6788,-8.66829,17.296,-0.408,-0.23,-7.05,-0.216941,0
1477.96,2026-08-15T15:16:45.400,33.6527474,-117.3031901,-68.0124,-8.76836,17.1797,-0.42,-0.226,-6.81,-0.208148,0
1478,2026-08-15T15:16:45.440,33.6527462,-117.3031829,-67.346,-8.9018,17.0054,-0.43,-0.221,-6.57,-0.198774,0
1478.04,2026-08-15T15:16:45.480,33.6527452,-117.3031757,-66.6795,-9.01299,16.84,-0.436,-0.212,-6.32,-0.189351,0
1478.08,2026-08-15T15:16:45.520,33.6527441,-117.3031687,-66.0316,-9.13531,16.6701,-0.438,-0.207,-6.05,-0.179433,0
1478.12,2026-08-15T15:16:45.560,33.6527430,-117.3031617,-65.3837,-9.25762,16.545,-0.436,-0.194,-5.75,-0.169255,0
1478.16,2026-08-15T15:16:45.600,33.6527420,-117.3031548,-64.745,-9.36882,16.393,-0.438,-0.175,-5.41,-0.157784,0
1478.2,2026-08-15T15:16:45.640,33.6527409,-117.3031480,-64.1156,-9.49113,16.2633,-0.46,-0.153,-5.04,-0.14583,0
1478.24,2026-08-15T15:16:45.680,33.6527398,-117.3031412,-63.4862,-9.61344,16.08,-0.489,-0.136,-4.69,-0.134174,0
1478.28,2026-08-15T15:16:45.720,33.6527387,-117.3031346,-62.8753,-9.73576,15.8565,-0.526,-0.118,-4.38,-0.123563,0
1478.32,2026-08-15T15:16:45.760,33.6527376,-117.3031280,-62.2644,-9.85807,15.6285,-0.569,-0.107,-4.14,-0.115114,0
1478.36,2026-08-15T15:16:45.800,33.6527365,-117.3031216,-61.672,-9.98039,15.3558,-0.603,-0.102,-3.91,-0.106821,0
1478.4,2026-08-15T15:16:45.840,33.6527354,-117.3031153,-61.0889,-10.1027,15.11,-0.621,-0.1,-3.71,-0.0997345,0
1478.44,2026-08-15T15:16:45.880,33.6527344,-117.3031091,-60.515,-10.2139,14.8864,-0.634,-0.094,-3.5,-0.0926973,0
1478.48,2026-08-15T15:16:45.920,33.6527333,-117.3031030,-59.9504,-10.3362,14.7031,-0.629,-0.086,-3.24,-0.0847547,0
1478.52,2026-08-15T15:16:45.960,33.6527322,-117.3030969,-59.3858,-10.4585,14.5288,-0.608,-0.079,-2.89,-0.0747026,0
1478.56,2026-08-15T15:16:46.000,33.6527310,-117.3030909,-58.8304,-10.592,14.3321,-0.582,-0.065,-2.5,-0.0637468,0
1478.6,2026-08-15T15:16:46.040,33.6527301,-117.3030850,-58.2843,-10.692,14.1533,-0.55,-0.055,-2.11,-0.053131,0
1478.64,2026-08-15T15:16:46.080,33.6527290,-117.3030792,-57.7475,-10.8143,13.97,-0.514,-0.049,-1.71,-0.0425012,0
1478.68,2026-08-15T15:16:46.120,33.6527280,-117.3030734,-57.2107,-10.9255,13.8269,-0.487,-0.037,-1.38,-0.033948,0
1478.72,2026-08-15T15:16:46.160,33.6527269,-117.3030677,-56.6831,-11.0479,13.675,-0.465,-0.026,-1.13,-0.0274924,0
1478.76,2026-08-15T15:16:46.200,33.6527259,-117.3030620,-56.1555,-11.1591,13.5543,-0.452,-0.012,-0.93,-0.0224268,0
1478.8,2026-08-15T15:16:46.240,33.6527249,-117.3030564,-55.6371,-11.2702,13.3933,-0.446,-0.003,-0.73,-0.0173948,0
1478.84,2026-08-15T15:16:46.280,33.6527239,-117.3030509,-55.1281,-11.3814,13.2279,-0.445,0,-0.52,-0.0122378,0
1478.88,2026-08-15T15:16:46.320,33.6527229,-117.3030454,-54.619,-11.4926,13.0804,-0.445,0.001,-0.26,-0.00605066,0
1478.92,2026-08-15T15:16:46.360,33.6527219,-117.3030401,-54.1284,-11.6038,12.9016,-0.448,0.005,0.07,0.00160675,0
1478.96,2026-08-15T15:16:46.400,33.6527210,-117.3030347,-53.6286,-11.7039,12.7451,-0.449,0.011,0.44,0.00997711,0
1479,2026-08-15T15:16:46.440,33.6527200,-117.3030295,-53.1473,-11.8151,12.5842,-0.449,0.025,0.82,0.0183589,0
1479.04,2026-08-15T15:16:46.480,33.6527191,-117.3030243,-52.666,-11.9152,12.4367,-0.449,0.039,1.24,0.0274368,0
1479.08,2026-08-15T15:16:46.520,33.6527182,-117.3030192,-52.1939,-12.0153,12.2847,-0.449,0.055,1.7,0.0371553,0
1479.12,2026-08-15T15:16:46.560,33.6527173,-117.3030141,-51.7219,-12.1153,12.1237,-0.449,0.074,2.2,0.0474534,0
1479.16,2026-08-15T15:16:46.600,33.6527164,-117.3030091,-51.2591,-12.2154,11.9583,-0.448,0.092,2.81,0.059784,0
1479.2,2026-08-15T15:16:46.640,33.6527156,-117.3030041,-50.7963,-12.3044,11.8331,-0.444,0.116,3.58,0.0753688,0
1479.24,2026-08-15T15:16:46.680,33.6527149,-117.3029992,-50.3427,-12.3822,11.6812,-0.437,0.138,4.45,0.0924814,0
1479.28,2026-08-15T15:16:46.720,33.6527141,-117.3029944,-49.8984,-12.4712,11.5426,-0.427,0.157,5.42,0.111304,0
1479.32,2026-08-15T15:16:46.760,33.6527134,-117.3029896,-49.4541,-12.549,11.3995,-0.414,0.173,6.43,0.130408,0
1479.36,2026-08-15T15:16:46.800,33.6527127,-117.3029849,-49.0191,-12.6268,11.2431,-0.399,0.191,7.49,0.149822,0
1479.4,2026-08-15T15:16:46.840,33.6527120,-117.3029802,-48.5841,-12.7047,11.1179,-0.386,0.209,8.45,0.167143,0
1479.44,2026-08-15T15:16:46.880,33.6527115,-117.3029756,-48.1583,-12.7603,11.0061,-0.374,0.233,9.33,0.182694,0
1479.48,2026-08-15T15:16:46.920,33.6527109,-117.3029709,-47.7233,-12.827,10.8988,-0.364,0.26,10.15,0.196813,0
1479.52,2026-08-15T15:16:46.960,33.6527105,-117.3029664,-47.3067,-12.8715,10.7737,-0.357,0.28,10.93,0.209504,0
1479.56,2026-08-15T15:16:47.000,33.6527100,-117.3029619,-46.8902,-12.9271,10.6396,-0.353,0.289,11.62,0.219957,0
1479.6,2026-08-15T15:16:47.040,33.6527095,-117.3029574,-46.4737,-12.9827,10.4965,-0.349,0.29,12.28,0.229325,0
1479.64,2026-08-15T15:16:47.080,33.6527091,-117.3029530,-46.0664,-13.0271,10.4071,-0.346,0.285,12.91,0.239036,0
1479.68,2026-08-15T15:16:47.120,33.6527088,-117.3029486,-45.6592,-13.0605,10.2998,-0.341,0.28,13.45,0.246467,0
1479.72,2026-08-15T15:16:47.160,33.6527085,-117.3029443,-45.2612,-13.0938,10.1612,-0.335,0.285,13.88,0.250925,0
1479.76,2026-08-15T15:16:47.200,33.6527082,-117.3029400,-44.8632,-13.1272,10.0584,-0.325,0.297,14.2,0.254112,0
1479.8,2026-08-15T15:16:47.240,33.6527079,-117.3029357,-44.4652,-13.1606,9.97793,-0.315,0.31,14.41,0.255807,0
1479.84,2026-08-15T15:16:47.280,33.6527079,-117.3029315,-44.0764,-13.1606,9.893,-0.304,0.318,14.51,0.25539,0
1479.88,2026-08-15T15:16:47.320,33.6527078,-117.3029273,-43.6877,-13.1717,9.79912,-0.289,0.317,14.51,0.252966,0
1479.92,2026-08-15T15:16:47.360,33.6527077,-117.3029231,-43.2989,-13.1828,9.70524,-0.272,0.307,14.46,0.249679,0
1479.96,2026-08-15T15:16:47.400,33.6527076,-117.3029190,-42.9194,-13.1939,9.61136,-0.256,0.295,14.38,0.245896,0
1480,2026-08-15T15:16:47.440,33.6527076,-117.3029149,-42.5399,-13.1939,9.56219,-0.239,0.289,14.29,0.243107,0
1480.04,2026-08-15T15:16:47.480,33.6527076,-117.3029108,-42.1604,-13.1939,9.52642,-0.226,0.285,14.17,0.240164,0
1480.08,2026-08-15T15:16:47.520,33.6527076,-117.3029067,-41.7809,-13.1939,9.4996,-0.216,0.285,14.03,0.237122,0
1480.12,2026-08-15T15:16:47.560,33.6527077,-117.3029027,-41.4107,-13.1828,9.39678,-0.209,0.282,13.85,0.231546,0
1480.16,2026-08-15T15:16:47.600,33.6527079,-117.3028987,-41.0404,-13.1606,9.32525,-0.201,0.274,13.6,0.225636,0
1480.2,2026-08-15T15:16:47.640,33.6527079,-117.3028947,-40.6702,-13.1606,9.27161,-0.195,0.257,13.3,0.219389,0
1480.24,2026-08-15T15:16:47.680,33.6527081,-117.3028908,-40.3092,-13.1383,9.20455,-0.189,0.238,12.94,0.211907,0
1480.28,2026-08-15T15:16:47.720,33.6527083,-117.3028869,-39.9482,-13.1161,9.16432,-0.183,0.221,12.53,0.204296,0
1480.32,2026-08-15T15:16:47.760,33.6527085,-117.3028829,-39.578,-13.0938,9.12856,-0.18,0.204,12.03,0.195378,0
1480.36,2026-08-15T15:16:47.800,33.6527088,-117.3028791,-39.2263,-13.0605,9.08832,-0.178,0.191,11.5,0.185947,0
1480.4,2026-08-15T15:16:47.840,33.6527090,-117.3028752,-38.8653,-13.0382,9.00786,-0.177,0.182,10.95,0.175487,0
1480.44,2026-08-15T15:16:47.880,33.6527093,-117.3028714,-38.5136,-13.0049,8.95868,-0.178,0.171,10.39,0.165603,0
1480.48,2026-08-15T15:16:47.920,33.6527095,-117.3028676,-38.1618,-12.9827,8.88716,-0.18,0.16,9.86,0.155901,0
1480.52,2026-08-15T15:16:47.960,33.6527099,-117.3028638,-37.8101,-12.9382,8.81116,-0.18,0.148,9.37,0.146886,0
1480.56,2026-08-15T15:16:48.000,33.6527102,-117.3028601,-37.4676,-12.9048,8.76198,-0.179,0.137,8.9,0.13874,0
1480.6,2026-08-15T15:16:48.040,33.6527105,-117.3028563,-37.1159,-12.8715,8.72622,-0.178,0.126,8.46,0.131342,0
1480.64,2026-08-15T15:16:48.080,33.6527108,-117.3028526,-36.7734,-12.8381,8.70834,-0.175,0.118,8.04,0.124566,0
1480.68,2026-08-15T15:16:48.120,33.6527111,-117.3028489,-36.431,-12.8047,8.69046,-0.173,0.112,7.64,0.118126,0
1480.72,2026-08-15T15:16:48.160,33.6527115,-117.3028452,-36.0885,-12.7603,8.60552,-0.173,0.107,7.27,0.111306,0
1480.76,2026-08-15T15:16:48.200,33.6527118,-117.3028416,-35.7553,-12.7269,8.5474,-0.175,0.102,6.94,0.105536,0
1480.8,2026-08-15T15:16:48.240,33.6527122,-117.3028380,-35.4221,-12.6824,8.48482,-0.179,0.099,6.67,0.100688,0
1480.84,2026-08-15T15:16:48.280,33.6527126,-117.3028344,-35.0888,-12.6379,8.4267,-0.183,0.096,6.45,0.0966999,0
1480.88,2026-08-15T15:16:48.320,33.6527130,-117.3028308,-34.7556,-12.5935,8.382,-0.187,0.093,6.24,0.0930552,0
1480.92,2026-08-15T15:16:48.360,33.6527134,-117.3028273,-34.4317,-12.549,8.27918,-0.188,0.091,6.06,0.0892624,0
1480.96,2026-08-15T15:16:48.400,33.6527138,-117.3028238,-34.1077,-12.5045,8.22107,-0.185,0.089,5.86,0.0857105,0
1481,2026-08-15T15:16:48.440,33.6527142,-117.3028203,-33.7838,-12.46,8.18083,-0.178,0.086,5.61,0.0816524,0
1481.04,2026-08-15T15:16:48.480,33.6527146,-117.3028168,-33.4598,-12.4156,8.18083,-0.169,0.082,5.32,0.0774315,0
1481.08,2026-08-15T15:16:48.520,33.6527151,-117.3028134,-33.1451,-12.36,8.12719,-0.157,0.075,5,0.0722967,0
1481.12,2026-08-15T15:16:48.560,33.6527155,-117.3028099,-32.8211,-12.3155,8.06907,-0.144,0.069,4.66,0.0668987,0
1481.16,2026-08-15T15:16:48.600,33.6527158,-117.3028065,-32.5064,-12.2821,8.03331,-0.133,0.061,4.29,0.0613141,0
1481.2,2026-08-15T15:16:48.640,33.6527163,-117.3028032,-32.201,-12.2265,8.03331,-0.125,0.051,3.93,0.0561688,0
1481.24,2026-08-15T15:16:48.680,33.6527168,-117.3027997,-31.877,-12.1709,8.02884,-0.121,0.04,3.6,0.0514237,0
1481.28,2026-08-15T15:16:48.720,33.6527173,-117.3027963,-31.5623,-12.1153,7.98413,-0.12,0.03,3.3,0.046876,0
1481.32,2026-08-15T15:16:48.760,33.6527176,-117.3027929,-31.2476,-12.082,7.93049,-0.122,0.021,3.02,0.0426104,0
1481.36,2026-08-15T15:16:48.800,33.6527181,-117.3027896,-30.9422,-12.0264,7.89473,-0.126,0.017,2.76,0.0387663,0
1481.4,2026-08-15T15:16:48.840,33.6527185,-117.3027863,-30.6367,-11.9819,7.83214,-0.131,0.016,2.49,0.0346967,0
1481.44,2026-08-15T15:16:48.880,33.6527190,-117.3027829,-30.322,-11.9263,7.80979,-0.135,0.018,2.18,0.0302903,0
1481.48,2026-08-15T15:16:48.920,33.6527194,-117.3027796,-30.0166,-11.8818,7.79191,-0.137,0.023,1.86,0.0257849,0
1481.52,2026-08-15T15:16:48.960,33.6527199,-117.3027763,-29.7111,-11.8262,7.75614,-0.137,0.024,1.55,0.0213888,0
1481.56,2026-08-15T15:16:49.000,33.6527203,-117.3027730,-29.4057,-11.7817,7.72932,-0.137,0.021,1.27,0.0174644,0
1481.6,2026-08-15T15:16:49.040,33.6527208,-117.3027698,-29.1095,-11.7261,7.7025,-0.136,0.016,1.02,0.0139778,0
1481.64,2026-08-15T15:16:49.080,33.6527212,-117.3027665,-28.804,-11.6817,7.65332,-0.136,0.008,0.81,0.0110292,0
1481.68,2026-08-15T15:16:49.120,33.6527216,-117.3027633,-28.5078,-11.6372,7.57286,-0.135,0,0.61,0.0082186,0
1481.72,2026-08-15T15:16:49.160,33.6527220,-117.3027601,-28.2117,-11.5927,7.55945,-0.135,-0.005,0.39,0.00524521,0
1481.76,2026-08-15T15:16:49.200,33.6527225,-117.3027569,-27.9155,-11.5371,7.55051,-0.135,-0.009,0.16,0.00214934,0
1481.8,2026-08-15T15:16:49.240,33.6527229,-117.3027537,-27.6193,-11.4926,7.53709,-0.135,-0.01,-0.06,-8.045695e-04,0
