t_s,ax_g,ay_g,az_g,roll_rate_dps,pitch_rate_dps,yaw_rate_dps,in_gates
1420.68,0.00292969,0.00195312,0.999512,0,0,0,0
1420.69,0.00146484,0,1.00146,0,0,0,0
1420.7,-9.765625e-04,0.0170898,1.00732,0,0,0,0
1420.71,0.0078125,-0.00976562,0.998535,0,0,0,0
1420.72,0.0136719,0.0131836,0.992188,0,0,0,0
1420.73,0.00439453,-0.00927734,0.996582,0,0,0,0
1420.74,0.00341797,-0.00439453,0.998047,0,0,0,0
1420.75,0.00195312,0.0112305,1.00391,0,0,0,0
1420.76,0.00585938,-0.00292969,1.00098,0,0,0,0
1420.77,0.00634766,0.0185547,1.00293,0,0,0,0
1420.78,0.00878906,-0.00927734,0.999023,0,0,0,0
1420.79,0.0107422,4.882812e-04,0.993652,0,0,0,0
1420.8,0,-9.765625e-04,0.999023,0,0,0,0
1420.81,4.882812e-04,-0.00341797,1.00244,0,0,0,0
1420.81,0.00390625,0.0170898,1.00732,0,0,0,0
1420.82,0.00830078,0,0.998047,0,0,0,0
1420.83,0.0078125,0.0078125,0.997559,0,0,0,0
1420.84,0.00244141,-0.0170898,1.00049,0,0,0,0
1420.85,9.765625e-04,0.00439453,0.996094,0,0,0,0
1420.86,-4.882812e-04,0.00585938,1.00244,0,0,0,0
1420.87,0.00341797,-0.00292969,1.00049,0,0,0,0
1420.88,0.00683594,0.015625,0.998047,0,0,0,0
1420.89,0.00732422,-0.0180664,0.998047,0,0,0,0
1420.9,0.00439453,0.00830078,0.995605,0,0,0,0
1420.91,-0.00439453,-0.00927734,1.00146,0,0,0,0
1420.92,0.00195312,9.765625e-04,0.999512,0,0,0,0
1420.93,0.00537109,0.0146484,0.995605,0,0,0,0
1420.94,0.00683594,-0.0146484,0.999512,0,0,0,0
1420.95,0.00585938,0.0146484,1,0,0,0,0
1420.96,0.00292969,-0.0112305,0.997559,0,0,0,0
1420.97,0,0.00390625,0.994629,0,0,0,0
1420.98,-0.00292969,0.00537109,1.0083,0,0,0,0
1420.99,0.00585938,-0.0102539,1.00098,0,0,0,0
1421,0.0078125,0.0239258,0.99707,0,0,0,0
1421.01,0.00585938,-0.0166016,0.998047,0,0,0,0
1421.02,0.0078125,9.765625e-04,0.993652,0,0,0,0
1421.03,0.00390625,-4.882812e-04,1.00049,0,0,0,0
1421.04,0.00244141,-0.00439453,1.00195,0,0,0,0
1421.05,0.00439453,0.019043,1.00732,0,0,0,0
1421.06,0.00878906,-0.00390625,1.00293,0,0,0,0
1421.07,0.0102539,0.00878906,0.991699,0,0,0,0
1421.08,0.00341797,-0.0146484,0.998535,0,0,0,0
1421.09,0.00439453,0,1.00098,0,0,0,0
1421.1,0.00292969,0.00927734,1.00488,0,0,0,0
1421.1,0.00585938,0,1.00293,0,0,0,0
1421.11,0.00537109,0.0151367,1.00244,0,0,0,0
1421.12,0.0078125,-0.0141602,1,0,0,0,0
1421.13,0.00927734,0.00634766,0.992188,0,0,0,0
1421.14,0.00341797,-0.00341797,0.996582,0,0,0,0
1421.15,0.00244141,-0.00341797,1.00293,0,0,0,0
1421.16,0.00146484,0.0126953,1.00195,0,0,0,0
1421.17,0.00341797,-0.00390625,0.999512,0,0,0,0
1421.18,0.00634766,0.012207,1,0,0,0,0
1421.19,0.00244141,-0.0112305,0.996582,0,0,0,0
1421.2,0.00488281,0.00292969,0.994629,0,0,0,0
1421.21,0.00195312,-0.00390625,1.00146,0,0,0,0
1421.22,4.882812e-04,4.882812e-04,1.00146,0,0,0,0
1421.23,0.00244141,0.0180664,1.00342,0,0,0,0
1421.24,0.00976562,-0.0131836,0.99707,0,0,0,0
1421.25,0.00732422,0.0131836,0.990723,0,0,0,0
1421.26,0.00390625,-0.0166016,1.00146,0,0,0,0
1421.27,0.00390625,-0.00146484,1.00195,0,0,0,0
1421.28,-4.882812e-04,0.0175781,1.00195,0,0,0,0
1421.29,0.00244141,-0.0102539,0.999023,0,0,0,0
1421.3,0.00585938,0.0151367,0.998047,0,0,0,0
1421.31,0.00390625,-0.0131836,0.99707,0,0,0,0
1421.32,0.00537109,9.765625e-04,0.995605,0,0,0,0
1421.33,-0.00292969,4.882812e-04,1.00635,0,0,0,0
1421.34,4.882812e-04,0,1.00293,0,0,0,0
1421.35,0.00537109,0.0146484,0.999512,0,0,0,0
1421.36,0.00830078,-0.0126953,0.997559,0,0,0,0
1421.37,0.0126953,0.00146484,0.993652,0,0,0,0
1421.38,0.00830078,-0.00927734,0.995605,0,0,0,0
1421.39,0.0078125,0.00537109,1.00049,0,0,0,0
1421.39,0.00195312,0.00732422,1.01367,0,0,0,0
1421.4,0.00976562,0.00146484,1.00293,0,0,0,0
1421.41,0.0136719,0.00390625,0.996582,0,0,0,0
1421.42,0.0107422,-0.00927734,0.999023,0,0,0,0
1421.43,0.00927734,0.00292969,0.999512,0,0,0,0
1421.44,-4.882812e-04,-0.0078125,1.00195,0,0,0,0
1421.45,-0.00292969,0.015625,1.00244,0,0,0,0
1421.46,-0.00488281,9.765625e-04,1.01123,0,0,0,0
1421.47,0.00244141,0.00390625,0.992676,0,0,0,0
1421.48,0.00292969,0.00146484,0.999023,0,0,0,0
1421.49,0.00634766,-0.0219727,0.995117,0,0,0,0
1421.5,0.00634766,0.0126953,0.996094,0,0,0,0
1421.51,4.882812e-04,-0.00390625,0.992188,0,0,0,0
1421.52,0.00585938,-0.00537109,1.00098,0,0,0,0
1421.53,-4.882812e-04,0.0141602,0.993164,0,0,0,0
1421.54,0.00976562,-0.00439453,1.00586,0,0,0,0
1421.55,0.00292969,0.00878906,0.990723,0,0,0,0
1421.56,0.00878906,-0.00292969,1.00244,0,0,0,0
1421.57,0.00292969,0.00439453,0.991699,0,0,0,0
1421.58,0.00195312,-4.882812e-04,1.00684,0,0,0,0
1421.59,0.00292969,0.00244141,1.00488,0,0,0,0
1421.6,0.00341797,0.00244141,0.989746,0,0,0,0
1421.61,0.0112305,-9.765625e-04,1.01025,0,0,0,0
1421.62,0.00732422,0.00878906,0.984375,0,0,0,0
1421.63,0.00927734,-0.00537109,0.998047,0,0,0,0
1421.64,0.00488281,-4.882812e-04,1.01465,0,0,0,0
1421.65,0.0107422,0.0166016,0.988281,0,0,0,0
1421.66,0.00146484,-0.0102539,0.999023,0,0,0,0
1421.67,0.00341797,-0.00439453,1.01465,0,0,0,0
1421.68,0.00878906,0.0146484,1.00244,0,0,0,0
1421.69,0.0136719,-0.0078125,0.989746,0,0,0,0
1421.7,0.00585938,-0.00830078,0.992188,0,0,0,0
1421.71,-0.00488281,0.00976562,1.00537,-0.183105,-0.12207,0,0
1421.72,0.00390625,0.00878906,1.01123,0,0.244141,0,0
1421.73,0.00683594,0.0131836,1.00928,0,0.366211,0,0
1421.74,0.0219727,-0.0224609,0.989746,-0.12207,0.0610352,0,0
1421.75,0.0249023,-0.0151367,0.983398,0.12207,-0.0610352,0,0
1421.75,0.00683594,0.0078125,1.00098,0,-0.0610352,0,0
1421.76,0,4.882812e-04,1.00146,0,-0.0610352,0,0
1421.77,-0.00195312,0.00927734,1.00488,0.0610352,0.0610352,0,0
1421.78,0,0.00634766,1.00439,0,0,0,0
1421.79,0.0107422,-9.765625e-04,0.996094,0,0,0,0
1421.8,0.0078125,-0.00537109,0.990234,0.0610352,0,0,0
1421.81,0.0102539,-0.00634766,0.996094,0,0,0,0
1421.82,0.00341797,0.0078125,0.998047,-0.0610352,0,0,0
1421.83,0.00292969,0.00244141,1.00098,0,0,0,0
1421.84,4.882812e-04,0.00146484,1.00098,0,-0.0610352,0,0
1421.85,0.00585938,0.00537109,0.998047,0,-0.12207,0,0
1421.86,0.012207,-0.00683594,0.992188,-0.12207,0,0,0
1421.87,0.0078125,-9.765625e-04,0.994141,0,-0.12207,0,0
1421.88,0.0078125,0.0078125,0.994141,0,0,0,0
1421.89,0.00878906,-0.00292969,1.0127,-0.0610352,-0.183105,0,0
1421.9,-4.882812e-04,0.00878906,0.994629,0,-0.183105,0,0
1421.91,0.0078125,0,0.996582,0,0,0,0
1421.92,0.00927734,-0.00634766,1.01318,0,-0.366211,0,0
1421.93,0.00341797,0.0107422,0.99707,0,-0.0610352,0,0
1421.94,0.00244141,-4.882812e-04,0.994141,0,-0.0610352,0,0
1421.95,0,-0.00878906,1.00928,-0.0610352,-0.244141,0,0
1421.96,0.00292969,0.0102539,1.00586,-0.0610352,-0.183105,0,0
1421.97,4.882812e-04,0.00683594,0.993652,0,0,0,0
1421.98,9.765625e-04,-0.0131836,0.995605,0,0,0,0
1421.99,0.00585938,-0.00244141,1.00439,-0.0610352,-0.305176,0,0
1422,0.00244141,0.0151367,1.00635,-0.0610352,0,0,0
1422.01,-0.00585938,0.00341797,1.00098,0,0.12207,0,0
1422.02,-0.00292969,-0.00732422,0.996582,0,-0.12207,0,0
1422.03,0.00488281,0.00195312,0.987305,-0.0610352,0,0,0
1422.04,0.00732422,0.00244141,0.995605,-0.0610352,0,0,0
1422.05,0.00195312,-0.00195312,1.00781,-0.0610352,-0.0610352,0,0
1422.06,0.00146484,0.00683594,1.00195,0,-0.12207,0,0
1422.07,-0.00146484,0.00195312,1.00928,-0.12207,-0.0610352,0,0
1422.07,0.00244141,-0.00244141,1.00049,-0.0610352,0,0,0
1422.08,0.00830078,-0.00439453,0.993164,0,0,0,0
1422.09,0.00878906,-4.882812e-04,0.996582,0,0,0,0
1422.1,0.00390625,0.00537109,0.998047,0,-0.0610352,0,0
1422.11,0.0078125,0.00195312,0.999512,-0.0610352,-0.0610352,0,0
1422.12,0.0161133,0.00146484,0.996582,-0.0610352,0,0,0
1422.13,0.00537109,-0.00341797,0.996094,0,-0.0610352,0,0
1422.14,0.00585938,-0.00195312,0.995117,0,-0.183105,0,0
1422.15,0.00927734,9.765625e-04,0.995605,0,-0.0610352,0,0
1422.16,0.00292969,0.00488281,1.00049,0,0,0,0
1422.17,0.00683594,0.00439453,0.995605,-0.0610352,-0.0610352,0,0
1422.18,0.0102539,-9.765625e-04,0.995605,0,-0.0610352,0,0
1422.19,0.00927734,0.00146484,1.00293,0,-0.183105,0,0
1422.2,0.00683594,-0.00146484,1.00342,0,-0.0610352,0,0
1422.21,0.0078125,-0.00341797,1.00195,0,0,0,0
1422.22,0.0117188,-4.882812e-04,0.996582,0,0,0,0
1422.23,0.00146484,4.882812e-04,1.00195,-0.12207,0,0,0
1422.24,0.00146484,0.0112305,0.998535,-0.0610352,0,0,0
1422.25,-4.882812e-04,0.00927734,1.00098,-0.183105,0,0,0
1422.26,0,0.00830078,1.00732,-0.12207,-0.0610352,0,0
1422.27,0.00195312,0.00927734,0.996582,-0.183105,0,0,0
1422.28,0.00341797,0.00634766,1.00195,-0.183105,-0.12207,0,0
1422.29,0.00830078,-0.00341797,1.00293,-0.244141,-0.0610352,0,0
1422.3,0.00830078,0.00488281,0.995117,-0.12207,0,0,0
1422.31,0.00195312,-0.00341797,0.996094,-0.183105,0.0610352,0,0
1422.31,0,0.00244141,1.00244,-0.0610352,0.0610352,0,0
1422.32,9.765625e-04,0.00537109,0.995117,0,0.0610352,0,0
1422.33,9.765625e-04,4.882812e-04,0.999023,-0.0610352,0,0,0
1422.34,0.00292969,9.765625e-04,1.00098,-0.12207,-0.0610352,0,0
1422.35,0.00878906,-0.00195312,0.998535,-0.183105,-0.0610352,0,0
1422.36,0.00585938,-0.00292969,0.999023,-0.183105,0.0610352,0,0
1422.37,0.00244141,-0.00146484,1,-0.183105,0,0,0
1422.38,-4.882812e-04,-9.765625e-04,1.00098,-0.183105,0,0,0
1422.39,0.00292969,9.765625e-04,1,-0.12207,0,0,0
1422.4,9.765625e-04,-0.00439453,1.00684,-0.183105,0,0,0
1422.41,0.00878906,-0.00878906,0.996094,-0.12207,-0.12207,0,0
1422.42,0.0107422,0.00292969,1.00146,0,0,0,0
1422.43,0.00439453,-0.00878906,0.997559,-0.0610352,0.0610352,0,0
1422.44,4.882812e-04,0.00244141,0.999023,0.0610352,0,0,0
1422.45,0,0.00927734,1.00049,0,0,0,0
1422.46,0.00732422,-0.00439453,1.00195,0,-0.12207,0,0
1422.47,0.0102539,0.00146484,0.996094,0.0610352,0,0,0
1422.48,0.0102539,-0.00634766,0.989746,0,0,0,0
1422.49,0.00195312,-0.00683594,1.00293,0.0610352,0,0,0
1422.5,9.765625e-04,0.00732422,0.995117,0.12207,0.0610352,0,0
1422.51,-4.882812e-04,0.00927734,1.00732,0,0,0,0
1422.52,0.00585938,-0.00292969,0.998535,0,-0.0610352,0,0
1422.53,0.0102539,0.00390625,0.994141,0,-0.12207,0,0
1422.54,0.00390625,-0.00585938,0.99707,0,0,0,0
1422.55,0.00634766,0.00195312,0.999023,0.0610352,0,0,0
1422.56,0.00292969,0.0112305,1.00537,-0.0610352,0.12207,0,0
1422.57,0.00537109,-0.00390625,0.996582,-0.0610352,0,0,0
1422.58,0.00634766,0.00634766,1.00244,-0.0610352,-0.0610352,0,0
1422.59,0.00537109,-4.882812e-04,0.997559,-0.12207,0,0,0
1422.6,0.00927734,0.0078125,1.00049,0,0,0,0
1422.61,0.00537109,0.00683594,0.999512,-0.0610352,0.0610352,0,0
1422.62,0.00195312,-0.00439453,0.995605,0.0610352,0,0,0
1422.63,0.00341797,0.012207,1.00928,0,-0.0610352,0,0
1422.64,0.00292969,-0.00146484,0.999023,-0.0610352,0,0,0
1422.65,0.00439453,0.00146484,0.999512,0,0,0,0
1422.66,0.00195312,0.00634766,1.00342,-0.0610352,0.0610352,0,0
1422.67,0.0078125,-0.00439453,0.994141,0,0,0,0
1422.68,0.00439453,0.0117188,1.00342,0,0,0,0
1422.69,0,-4.882812e-04,1.00049,-0.12207,0,0,0
1422.69,0.0078125,9.765625e-04,1.00244,-0.0610352,-0.0610352,0,0
1422.7,0.00439453,0.0078125,0.998535,-0.12207,0.0610352,0,0
1422.71,0.00585938,-0.0112305,0.996582,-0.183105,0,0,0
1422.72,0.00585938,-0.0112305,0.996582,0,0,0,0
1422.72,0.00439453,0.00292969,1.00684,0,0,0,0
1422.73,4.882812e-04,0.00537109,1.00049,0,0,0,0
1422.74,0.00683594,-9.765625e-04,0.999023,0,0,0,0
1422.75,0.00439453,0.00244141,1.00146,0,0,0,0
1422.76,0.0078125,-0.00439453,0.987793,0,0,0,0
1422.77,0.00732422,0.00439453,1.00391,0,0,0,0
1422.78,0,4.882812e-04,1.00146,0,0,0,0
1422.79,0.00537109,-0.00585938,0.993652,0,0,0,0
1422.8,0.00585938,0.00292969,1.00586,0,0,0,0
1422.81,0.00878906,-0.00732422,0.991211,0,0,0,0
1422.82,0.0078125,-0.00585938,0.996582,0,0,0,0
1422.83,9.765625e-04,0.00488281,1.00635,0,0,0,0
1422.84,0.00488281,-9.765625e-04,0.990234,0,0,0,0
1422.85,0.00488281,0.00146484,1.00391,0,0,0,0
1422.86,0.00292969,-9.765625e-04,1.00146,0,0,0,0
1422.87,0.0078125,-0.00390625,0.991699,0,0,0,0
1422.88,0,0.00683594,1.00684,0,0,0,0
1422.89,0.00146484,-0.00292969,1.00098,0,0,0,0
1422.9,0.00488281,0,1.00049,0,0,0,0
1422.91,0.00390625,0.00390625,1.00244,0,0,0,0
1422.92,0.0078125,-0.00585938,0.996582,0,0,0,0
1422.93,0.00732422,0.00976562,1.00537,0,0,0,0
1422.94,0.00292969,0.0078125,1.00195,0,0,0,0
1422.95,0.00585938,-0.00390625,0.999512,0,0,0,0
1422.96,0.00732422,0.00244141,1.00391,0,0,0,0
1422.97,0.0078125,0.00195312,0.989746,0,0,0,0
1422.98,0.00585938,0.00292969,1.00439,0,0,0,0
1422.99,0.00341797,0.00830078,1.00049,0,0,0,0
1423,0.00488281,0.00488281,0.992188,0,0,0,0
1423,0.00341797,0.00195312,0.998535,0,0,0,0
1423.01,0.00634766,0.00488281,0.990723,0,0,0,0
1423.02,0.00537109,-0.00146484,0.999512,0,0,0,0
1423.03,0.00390625,0.00537109,1.00439,0,0,0,0
1423.04,0.00195312,0.0078125,0.991211,0,0,0,0
1423.05,0.00683594,-4.882812e-04,1.00586,0,0,0,0
1423.06,0.00341797,0.00195312,1.00146,0,0,0,0
1423.07,0.00732422,0.00195312,0.995605,0,0,0,0
1423.08,0.0126953,0,1.00635,0,0,0,0
1423.09,0.0102539,0,0.99707,0,0,0,0
1423.1,0.0205078,-0.00146484,1.00928,0,0,0,0
1423.11,0.0239258,-0.00390625,1.00879,0,0,0,0
1423.12,0.0292969,-0.00537109,1.00049,0,0,0,0
1423.13,0.0283203,0.00195312,1.0127,0,0,0,0
1423.14,0.019043,-0.00439453,1.00586,0,0,0,0
1423.15,0.0268555,0.00439453,1.00537,0,0,0,0
1423.16,0.0458984,4.882812e-04,1.00391,0,0,0,0
1423.17,0.0786133,-0.0175781,0.983398,0,0,0,0
1423.18,0.155762,-0.00634766,1.00586,0.183105,-0.549316,0,0
1423.19,0.223633,-0.0117188,1.00879,0.0610352,-0.610352,0,0
1423.2,0.292969,-0.0117188,0.994141,0,-0.976562,0,0
1423.21,0.317383,0.00439453,0.98877,-0.0610352,-1.2207,0,0
1423.22,0.328613,-0.0112305,0.986328,-0.183105,-1.58691,0,0
1423.23,0.355469,-0.0131836,1.00244,-0.0610352,-2.13623,0,0
1423.24,0.373535,0.0112305,1.04297,0,-2.50244,0,0
1423.25,0.435059,-0.0112305,1.05029,-0.305176,-2.80762,0,0
1423.26,0.529785,-0.0307617,1.04785,-0.12207,-3.41797,0,0
1423.27,0.685059,0,1.02148,-0.0610352,-4.08936,0,0
1423.28,0.845215,-0.0273438,1.01025,-0.305176,-4.69971,0,0
1423.29,1.01074,-0.0292969,0.986816,0,-5.37109,0.366211,0
1423.3,0.995605,0.043457,0.974121,-0.244141,-5.5542,0.305176,0
1423.31,0.887207,0.0556641,1.07324,-1.2207,-6.22559,0.12207,0
1423.32,0.829102,-0.0332031,1.3125,-1.40381,-6.5918,0.427246,0
1423.33,0.993164,0.105469,0.91748,-1.34277,-7.87354,0.305176,0
1423.34,0.944336,-0.132324,1.01758,-1.28174,-7.8125,0.305176,0
1423.35,0.891113,-0.125977,1.08057,0.427246,-7.69043,-0.0610352,0
1423.35,0.88916,0.0981445,0.98291,0.244141,-7.14111,0,0
1423.36,0.928223,0.0366211,0.904297,-1.28174,-6.53076,-0.427246,0
1423.37,0.994141,-0.0898438,0.903809,-0.488281,-5.61523,-0.427246,0
1423.38,0.954102,0.0297852,0.984863,0.610352,-4.88281,-0.610352,0
1423.39,0.890625,0.00244141,1.05762,0.427246,-4.21143,-0.854492,0
1423.4,0.922363,-0.0307617,1.0542,0.793457,-3.96729,-0.793457,0
1423.41,1.03516,-0.00732422,1.00684,0.854492,-3.35693,-0.671387,0
1423.42,1.05029,-0.106445,1.00293,0.366211,-2.74658,-0.854492,0
1423.43,1.0083,-0.0717773,0.985352,0.610352,-2.56348,-0.854492,0
1423.44,1.00244,0.00585938,0.907715,-0.427246,-1.64795,-0.854492,0
1423.45,1.01904,-0.0693359,0.942383,-1.0376,-0.671387,-1.0376,0
1423.46,1.04639,-0.0546875,0.986816,-0.610352,-0.183105,-0.793457,0
1423.47,1.00488,0.0166016,0.971191,-0.610352,0.12207,-0.854492,0
1423.48,0.997559,-0.0419922,1.02783,-1.46484,0.0610352,-0.976562,0
1423.49,0.949219,-0.0825195,0.992676,-1.09863,0.12207,-0.976562,0
1423.5,0.922852,0.0136719,1.01416,-0.915527,0.244141,-0.976562,0
1423.51,0.963867,-0.0571289,1.13623,-1.28174,0,-1.28174,0
1423.52,1.04395,-0.0966797,1.13525,-0.427246,-0.549316,-1.34277,0
1423.53,1.09277,-0.0522461,1.03418,-0.305176,-0.854492,-1.58691,0
1423.54,1.11768,-0.10498,1.03174,-0.549316,-1.2207,-2.0752,0
1423.55,1.08252,-0.0708008,1.06494,-0.366211,-1.2207,-2.44141,0
1423.56,1.07227,-0.0175781,1.05615,-0.915527,-1.09863,-2.80762,0
1423.57,1.07324,-0.0581055,1.08252,-1.58691,-1.15967,-3.11279,0
1423.58,1.04688,-0.0996094,1.0752,-1.46484,-1.40381,-3.35693,0
1423.59,0.983887,-0.10498,1.13916,-1.52588,-1.46484,-3.66211,0
1423.6,0.912109,-0.116211,1.15283,-1.64795,-1.77002,-4.21143,0
1423.61,0.916992,-0.0756836,1.09668,-1.89209,-2.0752,-4.82178,0
1423.62,0.960938,-0.106445,1.05566,-2.68555,-1.83105,-4.94385,0
1423.63,0.987305,-0.20166,1.04932,-2.62451,-1.58691,-4.94385,0
1423.64,0.9375,-0.0883789,1.00928,-2.13623,-1.28174,-5.24902,0
1423.65,0.899902,-0.0625,1.05713,-3.05176,-0.915527,-5.7373,0
1423.66,0.896484,-0.198242,1.10449,-3.11279,-0.732422,-6.16455,0
1423.66,0.918457,-0.114746,1.06104,-2.31934,-0.610352,-6.28662,0
1423.67,0.881836,-0.146973,1.04053,-2.68555,-0.244141,-6.46973,0
1423.68,0.876465,-0.224121,1.02197,-1.58691,-0.305176,-6.71387,1
1423.69,0.890625,-0.106445,1.01367,-0.976562,0,-7.01904,1
1423.7,0.875977,-0.17334,0.956055,-1.58691,0.0610352,-7.38525,1
1423.71,0.85791,-0.225098,0.921875,-0.549316,0.183105,-7.56836,1
1423.72,0.845703,-0.119141,0.937988,-0.0610352,0.549316,-7.99561,1
1423.73,0.869629,-0.201172,0.941895,0,0.366211,-8.42285,1
1423.74,0.88916,-0.182129,0.922363,0.610352,0.183105,-8.8501,1
1423.75,0.875977,-0.125488,0.900879,0.0610352,0,-9.27734,1
1423.76,0.835938,-0.192871,0.884766,-0.488281,0.0610352,-9.70459,1
1423.77,0.828613,-0.156738,0.898438,-0.427246,-0.0610352,-10.1318,1
1423.78,0.875977,-0.149902,0.960938,-1.40381,-0.305176,-10.6201,1
1423.79,0.912598,-0.195801,0.971191,-1.58691,-0.854492,-10.9863,1
1423.8,0.895996,-0.209961,0.941895,-1.64795,-0.976562,-11.4746,1
1423.81,0.893066,-0.191895,0.979004,-1.89209,-0.854492,-12.0239,1
1423.82,0.853027,-0.254883,1.00879,-2.13623,-0.976562,-12.4512,1
1423.83,0.854004,-0.236816,0.992188,-1.89209,-1.34277,-12.8174,1
1423.84,0.855957,-0.205566,0.989258,-2.01416,-1.58691,-13.1226,1
1423.85,0.866211,-0.272461,1.00488,-1.77002,-1.58691,-13.4277,1
1423.86,0.862305,-0.224609,0.999023,-1.0376,-1.70898,-13.6719,1
1423.87,0.819824,-0.27002,1.01904,-0.854492,-1.46484,-13.855,1
1423.88,0.812012,-0.316406,1.02441,-0.0610352,-1.64795,-14.1602,1
1423.89,0.824219,-0.240723,1.02344,0.610352,-1.58691,-14.5264,1
1423.9,0.853516,-0.285156,1.04932,0.854492,-1.40381,-14.7705,1
1423.91,0.834961,-0.283691,1.07275,1.28174,-1.46484,-14.8926,1
1423.92,0.855957,-0.248535,1.07812,1.09863,-1.28174,-14.9536,1
1423.93,0.87793,-0.275391,1.05225,1.15967,-1.09863,-15.0146,1
1423.94,0.92627,-0.254395,1.0127,0.915527,-1.34277,-15.1367,1
1423.95,0.910156,-0.283203,1.05029,0.427246,-0.976562,-15.2588,1
1423.95,0.825195,-0.241699,1.08838,0.244141,-0.671387,-15.3809,1
1423.96,0.8125,-0.1875,1.13184,-0.488281,-0.244141,-15.625,1
1423.97,0.865234,-0.260254,1.15234,-0.610352,-0.488281,-15.625,1
1423.98,0.864258,-0.269531,1.0874,0.0610352,-0.488281,-15.5029,1
1423.99,0.858887,-0.217773,1.02539,0,-0.366211,-15.8081,1
1424,0.817871,-0.253906,1.00977,-0.488281,-0.183105,-15.8081,1
1424.01,0.813477,-0.258789,1.07324,-0.976562,-0.183105,-16.0522,1
1424.02,0.803711,-0.206543,1.11182,-1.34277,0,-16.4185,1
1424.03,0.804688,-0.220703,1.021,-1.77002,0.244141,-16.6626,1
1424.04,0.766113,-0.306641,0.935059,-1.0376,0.183105,-16.7847,1
1424.05,0.818359,-0.237793,0.959473,-0.0610352,0,-17.0288,1
1424.06,0.841797,-0.245605,1.03955,-0.488281,0.12207,-17.2729,1
1424.07,0.779785,-0.319336,0.992676,-0.854492,0.183105,-17.5781,1
1424.08,0.739746,-0.206543,0.930664,-1.46484,0.244141,-18.1885,1
1424.09,0.781738,-0.246582,0.915039,-2.44141,0.183105,-18.7378,1
1424.1,0.825195,-0.320312,0.909668,-1.95312,0.427246,-19.165,1
1424.11,0.778809,-0.283691,0.896973,-1.2207,0.976562,-19.7144,1
1424.12,0.75293,-0.273438,0.904785,-1.34277,1.09863,-20.2637,1
1424.13,0.711426,-0.297852,0.979492,-1.46484,0.915527,-20.6909,1
1424.14,0.727539,-0.314453,0.987793,-1.2207,1.0376,-20.9961,1
1424.15,0.736328,-0.301758,0.910645,-1.34277,1.0376,-21.3623,1
1424.16,0.713867,-0.397949,0.865723,-1.40381,1.34277,-21.7896,1
1424.17,0.708496,-0.42041,0.886719,-0.488281,1.52588,-21.8506,1
1424.18,0.722656,-0.291504,0.975098,-0.732422,1.89209,-22.1558,1
1424.19,0.734375,-0.377441,0.986816,-2.0752,2.19727,-22.2168,1
1424.2,0.697266,-0.457031,0.990723,-1.70898,2.31934,-22.0947,1
1424.21,0.679688,-0.348145,0.960449,-2.01416,2.38037,-22.2778,1
1424.22,0.70166,-0.416016,0.975098,-2.80762,2.62451,-22.3999,1
1424.23,0.722656,-0.453613,1.01367,-2.74658,2.86865,-22.522,1
1424.24,0.637695,-0.391602,1.02539,-3.2959,3.35693,-22.7661,1
1424.25,0.624512,-0.451172,1.01172,-3.60107,3.23486,-22.8882,1
1424.25,0.634277,-0.4375,1.03223,-2.99072,3.05176,-22.9492,1
1424.26,0.691895,-0.405273,1.06689,-3.17383,2.74658,-23.5596,1
1424.27,0.668945,-0.491699,1.04443,-3.05176,2.62451,-23.7427,1
1424.28,0.617676,-0.48291,1.04004,-2.13623,2.44141,-23.6816,1
1424.29,0.589844,-0.41748,1.01465,-2.68555,1.89209,-24.231,1
1424.3,0.597656,-0.507324,1.02393,-2.99072,1.77002,-24.5361,1
1424.31,0.644531,-0.502441,1.07959,-1.70898,1.64795,-24.5972,1
1424.32,0.648438,-0.457031,1.08203,-1.34277,1.89209,-24.8413,1
1424.33,0.580078,-0.531738,1.05566,-0.549316,1.70898,-24.5361,1
1424.34,0.558105,-0.475098,1.06543,-0.549316,1.52588,-24.9634,1
1424.35,0.587891,-0.496094,1.02783,-0.793457,1.58691,-24.9023,1
1424.36,0.605957,-0.469238,1.03027,-0.976562,1.40381,-25.0854,1
1424.37,0.621094,-0.470215,1.00391,-1.34277,1.2207,-25.1465,1
1424.38,0.548828,-0.508301,0.953613,-1.15967,1.52588,-25.0854,1
1424.39,0.499023,-0.447754,0.944336,-0.732422,1.40381,-25.2686,1
1424.4,0.619629,-0.412598,0.94873,-0.976562,0.976562,-25.5127,1
1424.41,0.646484,-0.383301,0.948242,-1.83105,0.732422,-25.7568,1
1424.42,0.530762,-0.613281,0.933105,-1.89209,1.09863,-25.6958,1
1424.43,0.470703,-0.525391,0.924805,0.671387,1.2207,-25.5127,1
1424.44,0.543457,-0.293457,0.949707,-0.183105,0.854492,-26.2451,1
1424.45,0.638184,-0.578125,0.958008,-0.976562,0.366211,-26.1841,1
1424.46,0.588867,-0.55957,0.97998,1.58691,0.488281,-25.9399,1
1424.47,0.505371,-0.318359,0.940918,0.793457,0.671387,-26.6113,1
1424.48,0.521484,-0.640137,0.899414,0.427246,0.244141,-26.9165,1
1424.49,0.601074,-0.591309,0.95166,3.17383,0.12207,-26.5503,1
1424.5,0.609375,-0.291992,1.01074,1.28174,0,-27.2827,1
1424.51,0.614746,-0.578613,0.947754,-0.976562,-0.244141,-27.2827,1
1424.52,0.595703,-0.620117,0.878906,0.488281,-0.671387,-26.7944,1
1424.52,0.598145,-0.336914,0.952148,-0.854492,-0.671387,-27.2827,1
1424.53,0.665039,-0.602539,1.02881,-3.479,-0.854492,-27.4658,1
1424.54,0.686035,-0.669434,1.07422,-2.01416,-1.0376,-26.9775,1
1424.55,0.658203,-0.277832,1.04639,-4.3335,-1.0376,-27.4658,1
1424.56,0.628418,-0.546387,1.06738,-8.05664,-0.976562,-27.832,1
1424.57,0.64209,-0.671387,1.06934,-5.37109,-1.15967,-27.1606,1
1424.58,0.658691,-0.346191,1.05566,-4.94385,-0.915527,-27.4658,1
1424.59,0.616211,-0.568848,1.04395,-6.04248,-0.915527,-28.0151,1
1424.6,0.57373,-0.780762,1.07373,-2.31934,-0.488281,-27.5269,1
1424.61,0.541016,-0.342773,1.07959,-0.12207,-0.244141,-27.6489,1
1424.62,0.581055,-0.508301,1.03662,-2.68555,-0.244141,-28.4424,1
1424.63,0.567871,-0.838379,1.00684,0.610352,-0.244141,-28.0762,1
1424.64,0.525391,-0.432129,0.966309,3.05176,0.549316,-28.0151,1
1424.65,0.461914,-0.556152,0.939941,1.0376,0.793457,-28.3813,1
1424.66,0.446289,-0.774414,1.01953,3.60107,0.793457,-27.4658,1
1424.67,0.452148,-0.42627,1.00146,4.39453,1.46484,-27.1606,1
1424.68,0.509277,-0.569824,0.960938,1.77002,1.83105,-27.2827,1
1424.69,0.561035,-0.724609,0.965332,2.31934,1.95312,-26.9165,1
1424.7,0.513184,-0.524414,0.93457,1.64795,2.68555,-26.7944,1
1424.71,0.434082,-0.62793,0.927734,-0.0610352,3.23486,-26.6113,1
1424.72,0.367188,-0.679688,0.977051,0.183105,2.99072,-26.6113,1
1424.73,0.421875,-0.567871,0.95752,-0.305176,3.54004,-26.9775,1
1424.74,0.381836,-0.588379,1.01562,-1.58691,3.54004,-27.0996,1
1424.75,0.299805,-0.625977,1.07275,-3.17383,3.479,-27.5879,1
1424.76,0.236816,-0.612305,0.987305,-4.39453,3.84521,-27.71,1
1424.77,0.194824,-0.566895,0.941895,-5.12695,3.54004,-27.1606,1
1424.78,0.19043,-0.598145,0.960449,-6.53076,2.86865,-27.832,1
1424.79,0.242188,-0.565918,0.924805,-6.16455,2.62451,-27.8931,1
1424.8,0.258789,-0.578613,0.944336,-5.92041,3.78418,-28.3203,1
1424.81,0.195801,-0.644043,0.969727,-5.24902,3.479,-28.4424,1
1424.81,0.131836,-0.630859,1.00244,-4.82178,3.2959,-28.8086,1
1424.82,0.0634766,-0.698242,0.977539,-3.96729,4.15039,-28.8696,1
1424.83,0.050293,-0.616211,0.939941,-2.74658,4.45557,-28.9307,1
1424.84,0.0517578,-0.628906,0.910645,-2.68555,4.76074,-29.7241,1
1424.85,0.059082,-0.707031,0.925293,-1.15967,4.39453,-29.541,1
1424.86,0.0395508,-0.624512,0.982422,-0.488281,4.94385,-29.7241,1
1424.87,0.00683594,-0.696777,1.02783,-0.488281,5.37109,-29.8462,1
1424.88,-0.00927734,-0.748047,1.04053,0.610352,5.31006,-29.6631,1
1424.89,-0.00878906,-0.66748,0.987305,1.34277,5.37109,-29.6631,1
1424.9,0.0405273,-0.586426,0.947266,0.366211,5.61523,-30.2124,1
1424.91,0.0288086,-0.787109,0.920898,0.183105,5.18799,-30.0903,1
1424.92,0.0571289,-0.751465,0.902344,1.40381,4.69971,-29.6631,1
1424.93,0.0776367,-0.577148,0.918945,0.488281,4.88281,-30.3955,1
1424.94,0.0585938,-0.771484,0.97168,-0.366211,4.94385,-30.5786,1
1424.95,0.0834961,-0.723633,0.966309,0.488281,4.08936,-30.3955,1
1424.96,0.112305,-0.616211,0.925781,-0.976562,3.96729,-31.25,1
1424.97,0.147461,-0.780273,0.913574,-1.52588,3.23486,-31.25,1
1424.98,0.192383,-0.697754,0.978516,-0.671387,2.56348,-31.0059,1
1424.99,0.212891,-0.592285,0.999512,-1.95312,2.68555,-31.6772,1
1425,0.218262,-0.779785,1.01611,-2.38037,2.38037,-31.4331,1
1425.01,0.189941,-0.73584,1.06689,-1.52588,1.83105,-31.0059,1
1425.02,0.217773,-0.624512,1.06299,-2.74658,1.64795,-31.5552,1
1425.03,0.260742,-0.831055,1.06836,-3.05176,1.34277,-31.4331,1
1425.04,0.283691,-0.695801,1.06299,-1.34277,0.366211,-31.189,1
1425.05,0.286133,-0.64502,1.04785,-1.95312,0.793457,-31.6772,1
1425.06,0.26709,-0.831543,1.01562,-0.732422,0.427246,-30.9448,1
1425.07,0.274902,-0.684082,1.03027,0.12207,0,-30.8838,1
1425.08,0.27002,-0.70752,1.03711,-0.610352,0.427246,-31.25,1
1425.09,0.273438,-0.795898,1.0835,0.0610352,0.12207,-30.5176,1
1425.1,0.251465,-0.717285,1.06787,0.305176,0.427246,-30.3345,1
1425.11,0.282227,-0.752441,1.0249,-0.12207,0.915527,-30.3955,1
1425.12,0.245605,-0.751953,0.986816,0.244141,1.15967,-29.6021,1
1425.13,0.237305,-0.668457,1.00293,0,1.28174,-29.4189,1
1425.14,0.20166,-0.65625,1.00049,-0.671387,1.58691,-29.48,1
1425.14,0.217285,-0.783203,0.950684,0.12207,2.44141,-28.9917,1
1425.15,0.20752,-0.617188,0.912109,1.83105,2.38037,-28.6865,1
1425.16,0.176758,-0.660156,0.890137,0.671387,2.2583,-29.4189,1
1425.17,0.166504,-0.794922,0.90918,2.44141,1.95312,-28.6255,1
1425.18,0.169434,-0.560547,0.913574,2.92969,2.74658,-28.8696,1
1425.19,0.158203,-0.747559,0.879883,1.40381,3.17383,-29.0527,1
1425.2,0.165527,-0.749023,0.876953,2.56348,2.68555,-28.9307,1
1425.21,0.195801,-0.629395,0.886719,1.15967,3.41797,-29.4189,1
1425.22,0.293457,-0.693359,0.932617,0.549316,2.68555,-29.2358,1
1425.23,0.407715,-0.676758,0.954102,-0.12207,2.56348,-29.7241,1
1425.24,0.44043,-0.683594,0.964355,-0.0610352,2.01416,-29.6021,1
1425.25,0.375488,-0.640625,0.956543,-0.549316,1.70898,-30.2734,1
1425.26,0.265137,-0.716309,0.939941,-0.305176,1.89209,-30.2124,1
1425.27,0.249023,-0.67041,1.02783,-0.244141,1.34277,-30.3955,1
1425.28,0.332031,-0.675781,1.08301,-0.793457,1.28174,-30.5176,1
1425.29,0.301758,-0.754883,1.00098,-0.671387,0.793457,-29.8462,1
1425.3,0.263672,-0.765625,1.0249,-0.366211,0.244141,-29.8462,1
1425.31,0.300293,-0.617676,1.00977,-0.732422,0.183105,-30.6396,1
1425.32,0.420898,-0.685547,0.970215,-1.40381,0.976562,-30.8838,1
1425.33,0.45459,-0.745605,0.936035,-0.12207,0.244141,-29.8462,1
1425.34,0.365234,-0.713867,0.929688,-0.366211,0,-30.2124,1
1425.35,0.272461,-0.750977,0.92041,0.488281,0,-29.9072,1
1425.36,0.273926,-0.745605,0.984863,1.40381,0.976562,-30.0903,1
1425.37,0.331055,-0.735352,1.01025,2.13623,0.366211,-29.7852,1
1425.38,0.340332,-0.638184,1.06055,1.40381,0,-30.0903,1
1425.39,0.357422,-0.732422,0.998535,0.854492,-0.305176,-30.1514,1
1425.4,0.364258,-0.695312,0.944336,2.2583,0.0610352,-29.6021,1
1425.41,0.359375,-0.643555,0.950684,1.46484,0.12207,-30.2734,1
1425.42,0.418457,-0.841309,0.964844,2.13623,0.0610352,-29.4189,1
1425.43,0.412598,-0.700684,0.999512,2.80762,-0.12207,-29.6021,1
1425.44,0.310059,-0.709473,0.996582,0.671387,0.12207,-29.7241,1
1425.45,0.273438,-0.77832,1.01953,0.854492,0,-29.2358,1
1425.46,0.348145,-0.634766,0.964844,0.244141,0.427246,-29.4189,1
1425.47,0.428223,-0.695312,0.947754,-1.0376,0.793457,-29.6631,1
1425.48,0.388184,-0.809082,0.944824,0.305176,0.610352,-28.7476,1
1425.49,0.354492,-0.634766,0.893555,0.671387,0.427246,-28.7476,1
1425.49,0.300781,-0.680664,0.910645,-0.732422,0.610352,-29.3579,1
1425.5,0.289551,-0.773926,0.979492,0.0610352,0.854492,-28.8086,1
1425.51,0.32959,-0.628418,1.02002,0.366211,1.2207,-28.8086,1
1425.52,0.347168,-0.715332,0.922363,-0.183105,1.34277,-28.9307,1
1425.53,0.343262,-0.858887,0.870605,1.09863,1.15967,-28.5034,1
1425.54,0.316406,-0.690918,0.917969,2.19727,1.2207,-28.5645,1
1425.55,0.262695,-0.70459,1.01807,1.0376,1.58691,-29.2969,1
1425.56,0.268555,-0.784668,1.03369,1.70898,1.83105,-28.8696,1
1425.57,0.32373,-0.724121,0.973633,2.50244,2.2583,-28.2593,1
1425.58,0.325195,-0.755859,0.98291,1.77002,2.13623,-28.4424,1
1425.59,0.338379,-0.864746,1.00146,1.83105,1.70898,-28.1982,1
1425.6,0.29248,-0.78418,0.959961,2.0752,2.44141,-28.1372,1
1425.61,0.270508,-0.633789,0.956055,1.28174,2.13623,-28.4424,1
1425.62,0.274414,-0.782715,0.991699,0,2.56348,-28.9307,1
1425.63,0.280762,-0.749512,0.962402,1.52588,2.2583,-28.1372,1
1425.64,0.246094,-0.637207,1.00635,0.610352,2.62451,-28.6255,1
1425.65,0.236328,-0.845215,1.00049,0,1.52588,-28.6865,1
1425.66,0.233887,-0.811035,0.94043,2.2583,1.52588,-27.9541,1
1425.67,0.290039,-0.631836,0.962402,1.52588,1.83105,-28.7476,1
1425.68,0.31543,-0.757324,0.991699,0.0610352,1.52588,-29.2358,1
1425.69,0.275879,-0.83252,0.976074,0.976562,1.34277,-28.6255,1
1425.7,0.27002,-0.639648,0.914062,1.28174,1.34277,-28.4424,1
1425.71,0.279297,-0.794434,0.956055,0.12207,1.46484,-29.0527,1
1425.72,0.289551,-0.791504,0.973633,1.40381,0.549316,-28.9917,1
1425.73,0.301758,-0.618652,0.938477,1.2207,1.0376,-28.9307,1
1425.74,0.318359,-0.790039,0.958496,0.183105,0.427246,-29.1748,1
1425.75,0.306152,-0.839844,0.973145,1.77002,0.305176,-28.6865,1
1425.76,0.286133,-0.775391,0.929199,2.01416,1.0376,-28.8086,1
1425.77,0.29248,-0.770508,1.03613,2.44141,0.183105,-28.8696,1
1425.78,0.366699,-0.695801,1.04639,1.46484,-0.12207,-29.6021,1
1425.78,0.383301,-0.759277,0.931152,1.28174,-0.183105,-28.7476,1
1425.79,0.303223,-0.774902,1.00146,0.732422,-0.366211,-29.2969,1
1425.8,0.313965,-0.795898,0.988281,0.671387,-0.610352,-29.3579,1
1425.81,0.339355,-0.753418,0.927734,1.70898,-0.12207,-28.6865,1
1425.82,0.321777,-0.783691,1.02246,0.488281,-0.244141,-29.48,1
1425.83,0.345703,-0.832031,1.04297,1.28174,-0.549316,-29.2969,1
1425.84,0.332031,-0.75293,1.01123,2.92969,0.183105,-28.7476,1
1425.85,0.350098,-0.758301,1.03613,2.31934,-0.366211,-29.4189,1
1425.86,0.387695,-0.78125,0.995605,2.19727,-0.549316,-29.2358,1
1425.87,0.347168,-0.733887,1.00049,2.01416,0.366211,-28.6255,1
1425.88,0.242676,-0.802734,0.996582,1.09863,0,-28.6865,1
1425.89,0.302734,-0.82666,0.925781,1.83105,0.366211,-28.5034,1
1425.9,0.32373,-0.745605,0.989746,2.19727,0.610352,-28.5034,1
1425.91,0.330566,-0.81543,1.12354,0.793457,0,-29.3579,1
1425.92,0.32959,-0.694336,1.03906,1.15967,-0.305176,-28.6255,1
1425.93,0.286133,-0.777344,0.870605,1.40381,0.366211,-27.71,1
1425.94,0.265625,-0.87207,0.890625,1.95312,0.305176,-28.1982,1
1425.95,0.299316,-0.758301,0.979004,2.50244,0.488281,-28.3203,1
1425.96,0.313965,-0.825684,1.03955,2.44141,1.0376,-27.9541,1
1425.97,0.297363,-0.770508,1.05029,2.2583,0.366211,-27.9541,1
1425.98,0.262695,-0.768066,1.00977,1.2207,1.0376,-27.9541,1
1425.99,0.254395,-0.875,0.997559,1.77002,1.28174,-27.4658,1
1426,0.318848,-0.702148,0.893066,2.0752,1.2207,-27.0996,1
1426.01,0.305664,-0.79248,0.938477,0.671387,1.09863,-27.5269,1
1426.02,0.286133,-0.776855,1.0127,2.01416,0.915527,-27.3438,1
1426.03,0.234375,-0.631836,1.01367,1.89209,1.70898,-27.6489,1
1426.04,0.291992,-0.80127,0.975586,1.95312,0.854492,-26.6113,1
1426.05,0.335449,-0.871582,1.00684,2.80762,0.427246,-26.5503,1
1426.06,0.314453,-0.732422,0.990234,2.80762,1.0376,-26.6113,1
1426.07,0.277832,-0.736328,0.967285,2.0752,1.77002,-26.4893,1
1426.08,0.270996,-0.776855,0.948242,2.2583,0.976562,-26.062,1
1426.09,0.328613,-0.765137,1.01221,2.19727,0.732422,-25.9399,1
1426.1,0.338867,-0.695312,1.03076,2.68555,1.77002,-25.5737,1
1426.11,0.283203,-0.772461,0.996582,1.83105,1.89209,-25.3906,1
1426.12,0.26123,-0.757324,0.953125,2.86865,0.854492,-24.7192,1
1426.12,0.330566,-0.631836,0.933105,2.31934,0.671387,-25.1465,1
1426.13,0.374512,-0.788574,0.999512,2.44141,1.28174,-24.9634,1
1426.14,0.314453,-0.714355,1.04736,3.23486,0.854492,-24.5972,1
1426.15,0.265625,-0.661133,0.968262,2.50244,1.0376,-24.4751,1
1426.16,0.268066,-0.751465,0.959961,2.92969,1.2207,-23.7427,1
1426.17,0.341797,-0.676758,0.99707,2.50244,0.671387,-23.8647,1
1426.18,0.376465,-0.671875,1.02246,1.40381,0.671387,-23.9868,1
1426.19,0.306641,-0.793945,1.02539,1.40381,0.671387,-23.6816,1
1426.2,0.306641,-0.691406,0.969238,2.62451,0.610352,-22.9492,1
1426.21,0.300293,-0.596191,0.978516,1.58691,1.28174,-23.2544,1
1426.22,0.322754,-0.783691,1.03809,1.40381,0.671387,-23.0103,1
1426.23,0.381836,-0.666016,1.0166,2.74658,0.549316,-22.3999,1
1426.24,0.338867,-0.57666,0.952148,1.28174,1.0376,-22.7051,1
1426.25,0.265625,-0.778809,0.931152,0.793457,0.183105,-22.583,1
1426.26,0.298828,-0.632812,0.974609,2.86865,0.305176,-21.9727,1
1426.27,0.355469,-0.553223,1.03271,1.89209,0.732422,-22.4609,1
1426.28,0.374512,-0.773438,0.962402,2.50244,0.305176,-21.8506,1
1426.29,0.342285,-0.692383,0.931152,3.72314,0.305176,-21.2402,1
1426.3,0.307129,-0.652832,0.992676,2.99072,0.610352,-21.7285,1
1426.31,0.350586,-0.680176,1.05127,2.74658,0.671387,-21.4233,1
1426.32,0.354004,-0.593262,0.984375,2.86865,0.976562,-20.752,1
1426.33,0.354492,-0.610352,0.919434,1.77002,0.854492,-21.1792,1
1426.34,0.349609,-0.644531,0.921387,2.13623,0.671387,-20.3857,1
1426.35,0.371582,-0.602539,0.985352,2.19727,0.915527,-20.0195,1
1426.36,0.370117,-0.623047,1.06543,1.77002,0.915527,-20.0806,1
1426.37,0.315918,-0.614746,1.04102,2.0752,1.0376,-19.5923,1
1426.38,0.318848,-0.551758,0.990234,2.62451,1.40381,-19.2261,1
1426.39,0.388672,-0.59082,0.921875,2.19727,1.15967,-19.2871,1
1426.4,0.441895,-0.606445,0.946289,2.2583,0.732422,-19.2871,1
1426.41,0.366699,-0.625488,1.04004,2.44141,1.52588,-18.9819,1
1426.41,0.288086,-0.582031,1.03516,2.86865,1.40381,-18.6157,1
1426.42,0.313965,-0.619141,0.98877,2.68555,1.28174,-18.6768,1
1426.43,0.35498,-0.569336,0.983887,3.479,1.2207,-18.0054,1
1426.44,0.327637,-0.573242,1.05469,2.44141,1.0376,-18.6157,1
1426.45,0.324707,-0.601074,0.983398,3.60107,1.09863,-17.7612,1
1426.46,0.351562,-0.478516,0.946289,3.479,1.28174,-17.8223,1
1426.47,0.337402,-0.654785,0.983398,3.05176,1.2207,-18.1274,1
1426.48,0.287598,-0.560059,1.01611,4.27246,0.427246,-17.1509,1
1426.49,0.268555,-0.48877,1.00537,3.11279,0.549316,-17.395,1
1426.5,0.275391,-0.562012,0.93457,3.17383,0.244141,-16.9678,1
1426.51,0.333984,-0.444336,0.891113,2.92969,0.244141,-17.1509,1
1426.52,0.370605,-0.517578,0.92627,2.01416,0.427246,-17.1509,1
1426.53,0.306152,-0.544434,0.962891,2.44141,0.244141,-16.4185,1
1426.54,0.242676,-0.491699,0.996582,2.44141,0.488281,-16.2964,1
1426.55,0.21875,-0.519531,0.992676,2.44141,0.427246,-16.1743,1
1426.56,0.263672,-0.540039,0.986328,2.68555,0.183105,-15.8081,1
1426.57,0.3125,-0.474609,0.977539,3.11279,0.488281,-15.4419,1
1426.58,0.269531,-0.480957,1.02441,2.38037,0.732422,-15.564,1
1426.59,0.220215,-0.537598,1.05225,2.99072,0.854492,-14.8315,1
1426.6,0.171875,-0.430176,1.0127,3.72314,1.52588,-14.4043,1
1426.61,0.164551,-0.513672,1.02197,3.2959,2.0752,-14.5874,1
1426.62,0.146484,-0.508789,1.02783,4.57764,2.13623,-13.4888,1
1426.63,0.12793,-0.417969,1.04053,4.08936,2.74658,-13.6719,1
1426.64,0.0893555,-0.484863,1.03467,4.69971,3.54004,-13.0615,1
1426.65,0.00830078,-0.441895,0.991699,5.12695,4.15039,-12.5732,1
1426.66,-0.0449219,-0.383789,0.934082,5.31006,4.76074,-12.3901,1
1426.67,-0.0766602,-0.381348,0.950195,5.12695,5.5542,-12.207,1
1426.68,-0.0180664,-0.344727,0.969727,5.5542,5.61523,-11.7798,1
1426.69,-0.00732422,-0.283203,0.845703,5.24902,6.34766,-11.6577,1
1426.7,-0.0698242,-0.36084,0.794434,4.94385,6.22559,-11.3525,1
1426.71,-0.162109,-0.335938,0.793457,6.22559,6.28662,-10.498,1
1426.72,-0.251465,-0.18457,0.895996,6.16455,6.89697,-10.6812,1
1426.73,-0.231934,-0.235352,0.888184,5.31006,7.32422,-10.8032,1
1426.74,-0.134766,-0.311523,0.930176,7.01904,7.32422,-9.76562,1
1426.75,-0.152832,-0.159668,0.842285,8.30078,7.38525,-9.33838,1
1426.75,-0.0600586,-0.0893555,0.747559,6.71387,6.40869,-9.58252,1
1426.76,-0.141602,-0.288086,0.853027,6.40869,6.28662,-8.78906,1
1426.77,-0.161133,-0.258301,0.941406,8.78906,6.5918,-7.69043,1
1426.78,-0.155273,0.111328,0.899414,8.66699,7.14111,-7.50732,1
1426.79,-0.178711,-0.113281,0.777832,5.31006,6.34766,-7.69043,1
1426.8,-0.168945,-0.33252,0.947754,9.09424,5.49316,-5.61523,1
1426.81,-0.178711,0.194824,0.891113,10.1929,5.24902,-4.82178,1
1426.82,-0.0737305,0.115723,0.864258,5.43213,4.69971,-5.43213,1
1426.83,-0.0737305,-0.335938,0.878906,6.65283,4.21143,-3.66211,1
1426.84,-0.117676,0.0966797,0.975098,10.6201,4.21143,-1.58691,1
1426.85,-0.0957031,0.400391,0.917969,5.79834,3.17383,-2.50244,1
1426.86,-0.0263672,-0.208008,1.0127,5.79834,2.92969,-0.793457,1
1426.87,-0.0800781,0.0507812,0.885742,10.437,2.01416,1.46484,1
1426.88,-0.0141602,0.441895,1.01855,8.05664,1.70898,1.34277,1
1426.89,-0.015625,-0.0717773,0.944336,6.53076,1.89209,2.68555,1
1426.9,-0.046875,0.144531,1.11035,11.7798,1.52588,5.49316,1
1426.91,-0.0869141,0.496582,1.05566,7.99561,0.671387,5.18799,1
1426.92,-0.0766602,-0.0610352,1.11035,8.72803,0.366211,7.32422,1
1426.93,-0.046875,0.249023,1.10547,13.7329,0.244141,9.76562,1
1426.94,0.0444336,0.515625,0.979492,10.376,0.12207,9.64355,1
1426.95,0.109375,0.142578,0.973145,11.3525,-0.305176,12.3291,1
1426.96,0.153809,0.347168,0.976562,13.5498,-0.488281,13.6108,1
1426.97,0.165527,0.569824,0.978027,11.1084,-0.671387,14.1602,1
1426.98,0.100586,0.255371,0.991699,10.376,-0.305176,15.5029,1
1426.99,0.0385742,0.48291,0.967285,12.085,-0.732422,17.1509,1
1427,0.0249023,0.688477,0.978027,9.39941,-0.12207,17.0288,1
1427.01,0.0131836,0.395508,0.999512,8.8501,-0.12207,18.7378,1
1427.02,0.0200195,0.546387,1.01318,10.2539,-1.0376,19.7144,1
1427.03,0.0712891,0.739258,1.04053,7.99561,-0.366211,19.8364,1
1427.04,0.0620117,0.518066,1.0332,7.08008,0.366211,20.813,1
1427.05,0.0551758,0.665527,0.96875,7.20215,0.305176,21.6675,1
1427.06,0.00244141,0.761719,1.0127,5.00488,0.732422,21.6064,1
1427.07,-0.0249023,0.584473,1.04688,4.57764,0.915527,22.3389,1
1427.08,-0.015625,0.71582,1.01611,6.10352,1.64795,23.4375,1
1427.08,0.0107422,0.8125,1.0127,4.88281,2.62451,22.8882,1
1427.09,0.00195312,0.668457,0.978027,4.63867,3.17383,23.3154,1
1427.1,-0.0249023,0.863281,1.03955,5.5542,3.11279,24.292,1
1427.11,-0.0952148,0.794922,1.0874,4.27246,4.27246,24.4751,1
1427.12,-0.0981445,0.693359,0.987793,6.16455,3.96729,25.9399,1
1427.13,-0.0727539,0.820801,0.986816,5.67627,4.08936,25.5127,1
1427.14,-0.0869141,0.73877,0.987793,4.76074,3.17383,26.2451,1
1427.15,-0.0541992,0.778809,0.984375,4.69971,2.62451,27.6489,1
1427.16,-0.0161133,0.759766,0.87207,3.479,2.99072,27.5269,1
1427.17,-0.0371094,0.64209,0.815918,3.84521,2.56348,28.9307,1
1427.18,-0.0698242,0.876953,0.883301,4.27246,1.83105,29.4189,1
1427.19,-0.0317383,0.944824,1.02881,1.89209,1.34277,29.4189,1
1427.2,-0.0195312,0.759277,1.03613,1.46484,1.77002,30.7007,1
1427.21,-0.0463867,0.876465,0.988281,1.28174,0.976562,31.1279,1
1427.22,-0.0649414,0.8125,0.956055,-0.488281,0.854492,30.9448,1
1427.23,-0.0883789,0.890625,0.919434,0.366211,0.427246,32.1045,1
1427.24,-0.0668945,1.01611,0.98877,-1.15967,1.0376,31.311,1
1427.25,0.0170898,0.852539,1.08936,-1.09863,0.732422,31.6162,1
1427.26,-0.0292969,0.852539,1.09961,0.549316,0.732422,32.2876,1
1427.27,-0.0429688,0.939941,1.00488,1.15967,0.610352,32.0435,1
1427.28,-0.0644531,0.866211,0.957031,1.0376,1.15967,31.7993,1
1427.29,-0.101074,1.03809,1.01562,1.58691,1.40381,31.8604,1
1427.3,-0.0419922,0.899902,1.01465,-0.366211,2.0752,30.8228,1
1427.31,-0.0683594,0.796387,1.06641,2.0752,2.56348,32.3486,1
1427.32,-0.115723,0.928711,1.03467,2.13623,2.62451,31.6162,1
1427.33,-0.106934,0.773926,0.893555,1.70898,2.62451,31.0059,1
1427.34,-0.0600586,0.935059,0.808105,3.05176,2.01416,32.0435,1
1427.35,-0.112793,1.06104,0.936523,0.488281,2.62451,31.189,1
1427.36,-0.160156,0.849121,1.0752,-0.549316,2.13623,31.5552,1
1427.37,-0.136719,0.791504,1.0166,1.2207,2.86865,32.5317,1
1427.37,-0.194336,0.94873,0.928223,0.366211,2.74658,31.7383,1
1427.38,-0.132324,0.759277,0.858398,-1.15967,1.77002,31.5552,1
1427.39,-0.0917969,0.959961,0.871582,0.244141,1.83105,32.959,1
1427.4,-0.124023,1.06934,0.963379,-3.17383,2.01416,31.8604,1
1427.41,-0.128906,0.651367,0.942383,-3.11279,1.83105,32.7759,1
1427.42,-0.0932617,0.870117,0.875977,-0.366211,1.70898,33.4473,1
1427.43,-0.0688477,0.902832,0.841309,-2.92969,1.46484,32.8979,1
1427.44,-0.0429688,0.821777,0.882324,-2.01416,0.183105,34.0576,1
1427.45,-0.0541992,0.918457,0.880859,-2.92969,1.2207,33.3862,1
1427.46,-0.09375,0.811035,0.84375,-1.83105,0.732422,34.3628,1
1427.47,-0.128906,0.941406,0.986816,-0.549316,0.244141,34.4238,1
1427.48,-0.0800781,0.875488,0.934082,0.0610352,0.244141,34.0576,1
1427.49,-0.0405273,0.888184,0.937012,2.86865,0.305176,35.2173,1
1427.5,-0.0361328,0.974609,0.942383,2.74658,0.610352,33.9355,1
1427.51,-0.0678711,0.837891,0.937988,3.66211,0.427246,34.0576,1
1427.52,-0.0878906,1.11279,1.03125,5.06592,0.915527,34.4238,1
1427.53,-0.0356445,0.924805,1.0542,3.60107,1.34277,33.2031,1
1427.54,-0.0205078,0.846191,1.0166,6.7749,1.15967,34.1187,1
1427.55,-0.0195312,1.07471,0.983398,5.79834,2.38037,32.4707,1
1427.56,-0.0678711,0.976562,0.977539,5.18799,2.92969,32.8369,1
1427.57,-0.0546875,0.901367,0.981934,4.94385,2.74658,32.7759,1
1427.58,-0.0224609,1.02246,0.957031,4.21143,2.44141,32.7759,1
1427.59,-0.0541992,0.975586,0.980957,1.95312,2.99072,31.6772,1
1427.6,-0.00585938,0.961914,0.959473,1.09863,2.62451,32.0435,1
1427.61,-0.0830078,1.04541,0.995117,0.12207,2.92969,32.1655,1
1427.62,-0.0117188,1.06201,0.9375,-1.52588,2.99072,31.7993,1
1427.63,0.0234375,0.852051,0.849121,-2.38037,2.86865,31.8604,1
1427.64,-0.019043,0.882324,0.940918,-1.58691,2.38037,32.5928,1
1427.65,0.012207,0.914062,0.965332,-3.479,2.0752,31.6772,1
1427.66,0.0703125,0.943359,0.882324,-2.62451,1.28174,32.7148,1
1427.66,-0.0283203,0.942383,0.908203,-4.39453,1.46484,32.4097,1
1427.67,-0.00244141,1.0415,0.932129,-3.66211,0.183105,32.4097,1
1427.68,-0.0351562,1.08594,0.979004,-4.88281,0.976562,32.3486,1
1427.69,-4.882812e-04,0.754395,0.98291,-4.76074,0.488281,32.959,1
1427.7,0.0488281,0.962891,0.87793,-2.80762,-1.09863,33.3252,1
1427.71,0.0751953,1.03174,0.904297,-4.39453,-0.854492,31.9824,1
1427.72,0.0820312,0.799316,0.912598,-1.95312,-0.732422,33.2031,1
1427.73,0.0498047,0.859863,0.916504,0.183105,-0.305176,32.4707,1
1427.74,0.0947266,0.987793,0.912109,0.549316,-0.793457,31.7993,1
1427.75,0.0581055,0.866699,0.865234,1.95312,0.0610352,31.6162,1
1427.76,0.00244141,0.970703,0.986328,3.23486,0.0610352,31.6772,1
1427.77,0.0512695,0.987793,0.992676,1.40381,0.488281,30.2124,1
1427.78,0.137695,0.937988,1.03516,0.976562,0.610352,30.8838,1
1427.79,0.141113,1.00635,0.92627,1.77002,0.366211,30.7007,1
1427.8,0.108887,1.05078,0.88916,0,0.488281,29.0527,1
1427.81,0.00732422,0.915039,1.00146,0.244141,1.2207,29.1138,1
1427.82,0.019043,0.946289,1.00879,1.2207,2.38037,29.3579,1
1427.83,0.0888672,0.965332,0.960938,0.305176,2.19727,28.5645,1
1427.84,0.0688477,0.993164,0.97998,0.0610352,1.28174,28.3813,1
1427.85,0.0830078,0.957031,0.993164,-0.488281,1.70898,28.1982,1
1427.86,0.0952148,0.961914,1.01123,-0.732422,1.95312,27.8931,1
1427.87,0.0327148,0.929688,0.953613,-0.549316,2.80762,28.0151,1
1427.88,0.0175781,0.999512,0.922363,-1.28174,2.31934,27.832,1
1427.89,0.0205078,0.820801,0.827148,-1.77002,2.56348,27.771,1
1427.9,0.0239258,0.843262,0.807129,0.549316,2.13623,28.7476,1
1427.91,0.0175781,0.950195,0.961426,0.305176,1.89209,27.6489,1
1427.92,0.0708008,0.875488,0.964355,0.976562,1.34277,27.771,1
1427.93,0.0229492,0.873047,0.921387,0.793457,2.68555,27.771,1
1427.94,-0.00927734,0.928223,0.825195,-0.610352,1.77002,27.8931,1
1427.95,0.00732422,0.927246,0.814941,-2.0752,1.83105,27.4658,1
1427.95,0.0185547,0.896484,0.904785,-2.13623,2.13623,28.5034,1
1427.96,4.882812e-04,0.956543,1.05518,-2.86865,1.83105,28.1372,1
1427.97,0.0625,0.927246,0.995117,-3.41797,1.40381,27.6489,1
1427.98,0.0341797,0.98877,0.910645,-2.44141,1.64795,28.2593,1
1427.99,-0.00830078,0.924316,0.888184,-3.78418,1.89209,27.4658,1
1428,-0.0605469,0.964355,0.95752,-3.479,0.915527,27.9541,1
1428.01,0.0151367,0.962402,1.06982,-4.3335,1.34277,27.2827,1
1428.02,0.0810547,0.895508,1.00342,-2.92969,1.46484,28.5034,1
1428.03,0.0527344,0.98291,0.998047,-2.56348,1.09863,27.6489,1
1428.04,0.034668,0.90332,0.935547,-2.44141,0,27.6489,1
1428.05,0.00292969,0.944336,0.981445,-1.2207,0.854492,28.1982,1
1428.06,-0.0166016,0.964355,1.01807,-1.40381,1.2207,27.8931,1
1428.07,0.0512695,0.771973,0.966309,-0.12207,1.15967,27.9541,1
1428.08,0.0820312,0.943359,0.956055,0.488281,0.976562,27.9541,1
1428.09,0.0136719,0.99707,0.940918,-1.2207,1.09863,27.2217,1
1428.1,-0.0258789,0.80957,0.975586,-0.610352,0.732422,28.0151,1
1428.11,0.00878906,0.946777,0.999023,0.0610352,0.732422,27.5269,1
1428.12,0.0483398,0.923828,0.90332,-0.976562,1.15967,27.4048,1
1428.13,0.0581055,0.736328,0.882812,0.12207,0.549316,27.9541,1
1428.14,0.0449219,1.00391,0.952637,0.366211,0.427246,27.0386,1
1428.15,0.00488281,0.975098,0.961914,-1.52588,1.83105,27.2217,1
1428.16,-0.0131836,0.744141,0.987793,-1.40381,1.46484,26.6724,1
1428.17,-0.00292969,0.991211,0.984375,-0.488281,0.854492,27.0996,1
1428.18,0.0175781,0.935547,0.955566,-3.05176,1.77002,26.123,1
1428.19,0.0517578,0.764648,0.94043,-2.19727,1.83105,26.6113,1
1428.2,0.00634766,1.04492,0.969727,-2.0752,2.74658,26.3672,1
1428.21,-0.0302734,0.945312,0.998047,-5.12695,2.62451,25.3906,1
1428.22,-0.0463867,0.760254,0.991211,-3.66211,2.31934,26.6113,1
1428.23,-0.0576172,1.00098,0.933105,-4.21143,2.62451,25.9399,1
1428.24,-0.0566406,0.84668,0.972168,-7.44629,2.44141,25.0854,1
1428.24,-0.0668945,0.728516,0.937988,-5.61523,2.56348,26.4282,1
1428.25,-0.00341797,0.980957,0.875,-6.28662,2.68555,25.7568,1
1428.26,-0.019043,0.857422,0.893555,-8.36182,2.68555,25.6348,1
1428.27,-0.0654297,0.608398,0.912598,-7.44629,1.46484,26.1841,1
1428.28,-0.0634766,0.856934,0.914551,-5.49316,2.13623,26.1841,1
1428.29,-0.0673828,0.786621,0.833008,-7.56836,2.50244,25.1465,1
1428.3,-0.101074,0.470215,0.863281,-4.88281,1.83105,26.123,1
1428.31,-0.0620117,0.896484,0.821777,-3.479,1.09863,25.2686,1
1428.32,-0.119141,0.714844,0.870117,-5.49316,2.01416,25.2075,1
1428.33,-0.0634766,0.514648,0.886719,-2.86865,1.09863,25.6348,1
1428.34,-0.0795898,0.791016,0.878418,-3.60107,1.15967,24.4141,1
1428.35,-0.0893555,0.584961,0.882324,-4.39453,1.46484,23.9868,1
1428.36,-0.0864258,0.595703,0.896484,-2.86865,1.28174,23.8647,1
1428.37,-0.0927734,0.702148,0.94873,-4.76074,1.70898,21.9116,1
1428.38,-0.0859375,0.522949,1.00684,-5.61523,1.77002,21.2402,1
1428.39,-0.0698242,0.629883,0.977051,-5.24902,1.95312,20.874,1
1428.4,-0.132812,0.717285,0.963379,-8.30078,2.0752,18.6768,1
1428.41,-0.121094,0.489746,0.98584,-9.33838,2.62451,17.5171,1
1428.42,-0.112305,0.550781,1.02979,-8.23975,3.23486,16.9067,1
1428.43,-0.11377,0.62793,1.04053,-10.8643,3.41797,13.9771,1
1428.44,-0.0996094,0.356445,1.02783,-11.9019,2.92969,13.0615,1
1428.45,-0.0830078,0.482422,0.995605,-11.2915,2.50244,12.146,1
1428.46,-0.11377,0.412598,0.933594,-13.916,3.11279,9.58252,1
1428.47,-0.105469,0.1875,0.893555,-13.2446,2.74658,8.30078,1
1428.48,-0.112305,0.277832,0.878906,-12.6953,3.23486,6.7749,1
1428.49,-0.140625,0.274414,0.915527,-14.5264,2.50244,4.57764,1
1428.5,-0.119629,0.0791016,0.859375,-15.3198,2.13623,3.35693,1
1428.51,-0.123535,0.0522461,0.839355,-14.4043,1.52588,2.44141,1
1428.52,-0.104492,0.13623,0.814941,-15.1978,0.732422,0.244141,1
1428.53,-0.126465,-0.121582,0.861328,-15.8691,0.671387,-1.52588,1
1428.54,-0.150391,-0.110352,0.92041,-13.9771,-0.305176,-2.01416,1
1428.54,-0.12207,0.0952148,0.850586,-15.3198,-0.915527,-4.39453,1
1428.55,-0.139648,-0.197266,0.885742,-16.5405,-1.15967,-5.85938,1
1428.56,-0.110352,-0.188965,0.989746,-14.7095,-2.19727,-6.7749,1
1428.57,-0.154297,-0.0800781,1.0415,-16.1743,-1.77002,-9.21631,1
1428.58,-0.111816,-0.354492,1.05029,-15.625,-2.2583,-10.3149,1
1428.59,-0.0722656,-0.173828,1.02148,-12.8784,-2.0752,-11.1084,1
1428.6,-0.078125,-0.109375,1.05029,-14.1602,-1.2207,-13.6108,1
1428.61,-0.0996094,-0.437012,1.09814,-12.9395,-1.46484,-14.5874,1
1428.62,-0.11377,-0.36377,1.14307,-9.64355,-0.305176,-14.7095,1
1428.63,-0.147949,-0.260742,1.10938,-9.94873,0.12207,-16.3574,1
1428.64,-0.132812,-0.500488,1.13965,-9.15527,0.549316,-17.5781,1
1428.65,-0.0961914,-0.379395,1.0752,-6.04248,0.549316,-17.1509,1
1428.66,-0.090332,-0.366699,1.05859,-7.20215,1.46484,-18.8599,1
1428.67,-0.103027,-0.603516,1.09961,-6.04248,1.2207,-18.6768,1
1428.68,-0.133301,-0.507812,1.11572,-4.02832,1.70898,-18.3716,1
1428.69,-0.132812,-0.42041,1.09619,-4.3335,2.38037,-19.043,1
1428.7,-0.140137,-0.551758,1.07812,-4.15039,2.31934,-19.2871,1
1428.71,-0.0908203,-0.547852,1.09277,-2.80762,1.95312,-18.6768,1
1428.72,-0.0791016,-0.467773,1.09521,-2.74658,2.50244,-19.043,1
1428.73,-0.0917969,-0.677246,1.08984,-2.38037,2.99072,-18.7988,1
1428.74,-0.11377,-0.595703,1.08643,0.549316,2.74658,-17.8223,1
1428.75,-0.110352,-0.458008,1.07422,-0.12207,3.2959,-18.6768,1
1428.76,-0.097168,-0.641602,1.08936,0.427246,3.54004,-17.8833,1
1428.77,-0.120605,-0.458008,1.125,1.77002,2.92969,-17.5171,1
1428.78,-0.146484,-0.585449,1.04785,0.366211,2.86865,-18.1274,1
1428.79,-0.125488,-0.681641,0.983398,3.54004,1.83105,-16.6626,1
1428.8,-0.114746,-0.429688,0.930176,4.15039,1.58691,-17.334,1
1428.81,-0.11084,-0.481445,0.943848,3.78418,1.2207,-17.9443,1
1428.82,-0.123047,-0.501953,0.962891,5.18799,0.976562,-17.0898,1
1428.83,-0.149902,-0.512207,0.935547,4.94385,0.183105,-17.5171,1
1428.84,-0.113281,-0.587402,0.910645,5.5542,-0.976562,-17.2119,1
1428.85,-0.104492,-0.431641,0.98584,5.61523,-1.46484,-17.334,1
1428.86,-0.109375,-0.489258,0.963379,3.84521,-1.46484,-18.1274,1
1428.87,-0.128418,-0.503418,0.890137,4.3335,-1.70898,-17.4561,1
1428.88,-0.117676,-0.422852,0.866699,2.74658,-1.64795,-17.8833,1
1428.89,-0.119141,-0.479004,0.943848,1.52588,-1.77002,-17.8223,1
1428.89,-0.108398,-0.524414,0.970215,0.854492,-1.58691,-17.6392,1
1428.9,-0.110352,-0.408203,0.962891,1.15967,-1.52588,-17.0288,1
1428.91,-0.129395,-0.445801,0.922852,-0.488281,-0.976562,-17.9443,1
1428.92,-0.130371,-0.527832,0.898926,0.183105,-1.2207,-17.0898,1
1428.93,-0.0864258,-0.380371,0.941895,-0.671387,-1.0376,-17.334,1
1428.94,-0.0737305,-0.476074,0.973145,-2.0752,-0.12207,-17.7612,1
1428.95,-0.0991211,-0.505371,0.997559,-0.732422,0.12207,-16.4795,1
1428.96,-0.134277,-0.360352,1.01123,-1.15967,0.549316,-17.1509,1
1428.97,-0.109375,-0.521973,1.02295,-1.64795,0.976562,-17.0898,1
1428.98,-0.105469,-0.556152,1.0249,0.0610352,1.34277,-15.9302,1
1428.99,-0.0844727,-0.354492,0.971191,-0.427246,1.83105,-16.1133,1
1429,-0.0820312,-0.527344,0.947266,-1.34277,2.74658,-16.7236,1
1429.01,-0.0981445,-0.572266,0.979492,1.15967,2.68555,-15.564,1
1429.02,-0.117188,-0.432129,1.00488,1.28174,2.62451,-15.9912,1
1429.03,-0.11084,-0.53125,1.0332,0.793457,2.74658,-16.1133,1
1429.04,-0.102539,-0.468262,1.03564,1.70898,3.17383,-15.1367,1
1429.05,-0.141602,-0.463379,0.967285,0.610352,3.2959,-16.2354,1
1429.06,-0.12793,-0.629395,0.894043,1.64795,2.62451,-16.1133,1
1429.07,-0.131348,-0.482422,0.87793,2.62451,2.0752,-15.9912,1
1429.08,-0.142578,-0.499023,0.980957,0.549316,2.01416,-17.2729,1
1429.09,-0.124512,-0.538574,0.983887,0.305176,1.40381,-17.0288,1
1429.1,-0.150391,-0.511719,0.92627,-0.183105,1.40381,-17.5781,1
1429.11,-0.152344,-0.537109,0.880371,-0.854492,0.976562,-18.3716,1
1429.12,-0.165527,-0.537109,0.939453,-1.83105,0.793457,-19.2871,1
1429.13,-0.131836,-0.584473,1.0249,-2.80762,0.488281,-19.7144,1
1429.14,-0.116699,-0.498047,1.01855,-3.41797,0.305176,-20.0195,1
1429.15,-0.141113,-0.54248,0.954102,-5.00488,0.549316,-21.2402,1
1429.16,-0.16748,-0.634277,0.931152,-4.21143,0.366211,-21.2402,1
1429.17,-0.167969,-0.527344,0.966797,-4.57764,0.549316,-22.1558,1
1429.18,-0.141602,-0.657715,1.02686,-5.7373,0.915527,-23.1934,1
1429.19,-0.149414,-0.647949,1.03613,-3.72314,0.671387,-22.3999,1
1429.2,-0.103516,-0.5,0.955566,-3.90625,0.549316,-23.6816,1
1429.2,-0.136719,-0.660156,0.876465,-4.02832,0.671387,-24.5972,1
1429.21,-0.196777,-0.76709,0.934082,-1.77002,0.549316,-24.0479,1
1429.22,-0.145508,-0.593262,1.0249,-0.915527,0.427246,-24.6582,1
1429.23,-0.112305,-0.729492,1.06738,-1.40381,0.976562,-25.6348,1
1429.24,-0.129883,-0.714355,1.02197,1.09863,0.549316,-24.4751,1
1429.25,-0.144043,-0.460449,0.955078,-0.549316,0.610352,-25.9399,1
1429.26,-0.202148,-0.783203,0.956543,-1.64795,0.732422,-25.8789,1
1429.27,-0.153809,-0.816406,1.00049,1.0376,0.793457,-25.1465,1
1429.28,-0.124512,-0.502441,1.01807,-0.305176,1.09863,-26.1841,1
1429.29,-0.118652,-0.722656,1.01123,-2.62451,1.09863,-26.6113,1
1429.3,-0.157715,-0.734375,0.985352,-0.915527,0.610352,-25.5127,1
1429.31,-0.161133,-0.51709,0.952637,-2.31934,1.15967,-26.4282,1
1429.32,-0.177246,-0.772949,1.00488,-3.90625,1.09863,-26.9775,1
1429.33,-0.149414,-0.782227,1.02295,-1.77002,0.549316,-25.9399,1
1429.34,-0.110352,-0.527344,0.930664,-2.62451,0.732422,-26.7944,1
1429.35,-0.132812,-0.719727,0.928711,-3.90625,0.732422,-27.4048,1
1429.36,-0.172363,-0.77832,0.937988,-1.58691,0.0610352,-26.5503,1
1429.37,-0.175781,-0.616211,0.960449,-1.83105,0,-27.3438,1
1429.38,-0.163574,-0.771484,1.02686,-2.56348,0.12207,-27.8931,1
1429.39,-0.140625,-0.743164,0.990723,-0.976562,-0.0610352,-27.0386,1
1429.4,-0.13623,-0.675293,0.975098,-1.46484,-0.0610352,-27.8931,1
1429.41,-0.125977,-0.750977,0.945312,-0.793457,-0.732422,-28.0762,1
1429.42,-0.181152,-0.725586,0.989258,0,-0.366211,-28.1372,1
1429.43,-0.162598,-0.749512,1.01514,-0.183105,-0.366211,-28.3813,1
1429.44,-0.13623,-0.855957,1.04688,-0.183105,-0.0610352,-28.2593,1
1429.45,-0.125,-0.724609,1.05957,0.610352,-0.366211,-27.5879,1
1429.46,-0.134277,-0.73584,1.00928,-1.28174,0,-28.6865,1
1429.47,-0.181152,-0.848633,0.994141,0,-0.0610352,-27.832,1
1429.48,-0.15625,-0.658203,0.97168,0,0.0610352,-27.71,1
1429.49,-0.15332,-0.813965,0.97168,-1.95312,0.549316,-28.6865,1
1429.49,-0.140137,-0.842285,1.03857,0,0,-27.2827,1
1429.5,-0.131836,-0.626953,0.991211,-0.244141,0.244141,-28.2593,1
1429.51,-0.145996,-0.774414,0.935547,-0.244141,0.671387,-28.1372,1
1429.52,-0.146484,-0.763184,0.963867,1.15967,0.244141,-27.5879,1
1429.53,-0.126465,-0.688477,0.975586,0.610352,0.427246,-28.3203,1
1429.54,-0.111816,-0.867188,0.92334,1.0376,0.793457,-27.8931,1
1429.55,-0.129883,-0.774902,0.949707,2.62451,0.732422,-27.2217,1
1429.56,-0.137207,-0.685547,0.95166,1.46484,0.854492,-28.3203,1
1429.57,-0.128906,-0.777832,0.937012,1.34277,1.09863,-28.1372,1
1429.58,-0.158203,-0.705078,0.96875,1.34277,1.0376,-27.5269,1
1429.59,-0.134766,-0.824219,1.00488,0.183105,1.46484,-28.2593,1
1429.6,-0.151855,-0.764648,1.01904,0.915527,1.64795,-27.3438,1
1429.61,-0.135254,-0.674805,0.983398,-0.488281,1.89209,-28.1372,1
1429.62,-0.141113,-0.846191,0.928223,-0.183105,1.89209,-27.9541,1
1429.63,-0.150391,-0.781738,0.964355,0.915527,1.34277,-27.771,1
1429.64,-0.104004,-0.743164,1.02881,-0.0610352,1.70898,-28.6255,1
1429.65,-0.103516,-0.869141,1.01562,-0.0610352,1.95312,-28.3813,1
1429.66,-0.122559,-0.74707,0.998047,0.671387,0.854492,-27.832,1
1429.67,-0.115234,-0.743652,0.937988,-0.793457,1.15967,-29.48,1
1429.68,-0.0820312,-0.874512,0.924316,1.0376,1.2207,-28.3813,1
1429.69,-0.0849609,-0.701172,1.00049,1.40381,0.488281,-28.8086,1
1429.7,-0.0537109,-0.751465,1.02393,-0.793457,0,-29.9683,1
1429.71,-0.050293,-0.820312,1.03027,0.671387,0,-28.6255,1
1429.72,-0.0981445,-0.69873,1.00439,0.732422,-0.12207,-29.1748,1
1429.73,-0.097168,-0.763672,0.922363,0.671387,-0.427246,-29.7241,1
1429.74,-0.0722656,-0.801758,0.887207,2.44141,-0.244141,-29.0527,1
1429.75,-0.0668945,-0.797852,0.980469,2.92969,-0.732422,-29.3579,1
1429.76,-0.0351562,-0.757324,1.01367,2.74658,-1.28174,-29.4189,1
1429.77,-0.0151367,-0.771973,0.967773,2.38037,-0.915527,-29.3579,1
1429.78,-0.0195312,-0.731934,0.933594,3.05176,-1.0376,-28.7476,1
1429.78,0.0375977,-0.720703,0.887695,1.95312,-1.15967,-29.2969,1
1429.79,0.0649414,-0.851074,0.900391,2.56348,-1.09863,-28.5645,1
1429.8,0.0595703,-0.724609,0.950195,3.05176,-1.0376,-27.9541,1
1429.81,0.043457,-0.70166,1.01709,0.915527,-1.09863,-28.8696,1
1429.82,0.0576172,-0.835449,0.979004,1.70898,-0.793457,-27.6489,1
1429.83,0.125,-0.681641,0.912109,2.50244,-0.732422,-27.3438,1
1429.84,0.155762,-0.779785,0.893555,1.15967,-0.305176,-28.1982,1
1429.85,0.140137,-0.89502,0.937012,2.74658,-0.427246,-26.6113,1
1429.86,0.126465,-0.681152,1.08008,2.13623,-0.610352,-26.7334,1
1429.87,0.128906,-0.707031,1.02539,-0.244141,-0.305176,-27.1606,1
1429.88,0.17334,-0.770996,0.962402,0.12207,0.0610352,-26.001,1
1429.89,0.155762,-0.746094,0.961914,-0.671387,0.183105,-26.3672,1
1429.9,0.138184,-0.871094,0.975098,-0.610352,0.549316,-25.9399,1
1429.91,0.115723,-0.710449,1.02783,-0.12207,0.854492,-25.4517,1
1429.92,0.123535,-0.706543,1.00732,-2.01416,0.976562,-26.5503,1
1429.93,0.179199,-0.822754,0.977539,-0.549316,0.854492,-25.3906,1
1429.94,0.183105,-0.598145,1.01807,-0.12207,0.549316,-25.6348,1
1429.95,0.170898,-0.736816,1.0166,-1.83105,1.0376,-26.3062,1
1429.96,0.122559,-0.874512,0.996094,0.610352,1.15967,-25.2075,1
1429.97,0.11084,-0.711426,0.936523,1.58691,1.28174,-25.5127,1
1429.98,0.137207,-0.661621,0.981445,1.2207,0.793457,-26.3672,1
1429.99,0.184082,-0.73584,0.964844,2.19727,0.305176,-26.4282,1
1430,0.215332,-0.728027,0.949219,3.60107,0.366211,-26.001,1
1430.01,0.188477,-0.631836,0.943848,3.11279,0.12207,-26.5503,1
1430.02,0.123047,-0.878906,0.920898,2.86865,0.854492,-26.6113,1
1430.03,0.11377,-0.757324,0.940918,5.5542,0.488281,-25.8179,1
1430.04,0.190918,-0.525879,0.981934,3.479,0.12207,-27.3438,1
1430.05,0.297363,-0.804199,0.97168,2.44141,0,-26.9775,1
1430.06,0.216797,-0.782715,0.961426,3.96729,0.0610352,-26.1841,1
1430.07,0.122559,-0.584961,0.929688,2.31934,0.366211,-26.8555,1
1430.08,0.125,-0.803711,0.929688,0.671387,0.671387,-27.2217,1
1430.09,0.171875,-0.773926,0.927734,2.86865,0.488281,-26.1841,1
1430.1,0.232422,-0.529297,0.956055,1.0376,0.244141,-27.4048,1
1430.11,0.265137,-0.726074,0.954102,-1.28174,0.12207,-27.771,1
1430.12,0.199707,-0.803711,0.972168,0.0610352,0.671387,-26.6724,1
1430.13,0.119141,-0.724609,1.01562,0,0.732422,-26.9775,1
1430.14,0.121094,-0.79541,0.96875,0.244141,0.183105,-26.9165,1
1430.14,0.205566,-0.724121,0.994141,0.732422,0.366211,-27.1606,1
1430.15,0.255371,-0.730957,1.03271,0.549316,1.0376,-27.5269,1
1430.16,0.248047,-0.733398,1.00146,0.549316,0.549316,-27.4658,1
1430.17,0.206055,-0.796387,0.963867,0.732422,0.183105,-27.2217,1
1430.18,0.173828,-0.722656,0.970215,0.976562,0.244141,-27.0996,1
1430.19,0.188477,-0.775391,0.974121,0.244141,0.366211,-27.832,1
1430.2,0.228027,-0.742676,1.0083,1.09863,0,-27.4048,1
1430.21,0.248047,-0.70459,1.0498,0.366211,-0.183105,-27.832,1
1430.22,0.202148,-0.817383,0.990723,0.976562,0,-27.5269,1
1430.23,0.240234,-0.707031,0.92041,1.89209,-0.12207,-26.9775,1
1430.24,0.234863,-0.790527,0.932617,0.549316,0.12207,-28.0762,1
1430.25,0.258301,-0.789551,1.00879,1.64795,-0.854492,-27.5879,1
1430.26,0.279297,-0.626465,0.998047,0.671387,-0.610352,-28.0762,1
1430.27,0.277344,-0.807617,0.978027,-0.0610352,-0.549316,-27.9541,1
1430.28,0.239258,-0.837402,0.958496,1.34277,-0.854492,-27.2217,1
1430.29,0.237793,-0.686035,0.992188,1.0376,-0.976562,-27.5269,1
1430.3,0.286621,-0.746582,0.990723,0.244141,-0.793457,-28.0151,1
1430.31,0.337402,-0.740723,0.962402,0.732422,-0.915527,-27.5269,1
1430.32,0.325684,-0.728027,0.977051,0.244141,-0.366211,-27.5879,1
1430.33,0.253906,-0.778809,1.02734,0.671387,-0.427246,-27.2827,1
1430.34,0.312012,-0.758301,0.98877,0.732422,-0.549316,-27.2827,1
1430.35,0.290527,-0.718262,0.978516,0.915527,-0.549316,-26.6724,1
1430.36,0.314453,-0.750977,1.0127,-0.427246,-1.09863,-27.5269,1
1430.37,0.314941,-0.702148,0.964355,-0.0610352,-0.854492,-26.9775,1
1430.38,0.317871,-0.746094,0.993164,-0.793457,0,-27.3438,1
1430.39,0.296875,-0.77002,0.983887,0.610352,-1.09863,-26.6724,1
1430.4,0.350098,-0.586914,0.980957,-0.183105,-0.915527,-27.3438,1
1430.41,0.30127,-0.817383,1.01904,-0.976562,-0.305176,-26.9165,1
1430.42,0.310547,-0.825195,1.04297,0.793457,-1.09863,-26.4893,1
1430.43,0.30957,-0.701172,0.981934,0.610352,-0.366211,-26.8555,1
1430.44,0.323242,-0.81543,1.00586,0.366211,-0.549316,-26.8555,1
1430.45,0.305664,-0.750977,1.04199,0.915527,-0.366211,-26.3672,1
1430.46,0.331543,-0.65918,0.986328,0.0610352,-0.305176,-26.6113,1
1430.46,0.35498,-0.790039,0.997559,0.366211,-0.366211,-26.2451,1
1430.47,0.360352,-0.729004,1.01562,1.40381,-0.732422,-25.3906,1
1430.48,0.327637,-0.712402,0.992676,0.183105,-0.366211,-26.001,1
1430.49,0.289062,-0.884766,1.01172,0.854492,-0.12207,-25.4517,1
1430.5,0.361328,-0.637207,1.02588,1.95312,-0.854492,-25.1465,1
1430.51,0.437988,-0.647949,0.999023,-0.671387,-0.488281,-25.8789,1
1430.52,0.407227,-0.898438,0.986328,0.915527,-0.610352,-24.231,1
1430.53,0.301758,-0.625,0.984375,2.31934,-0.427246,-24.1089,1
1430.54,0.331543,-0.65918,0.972168,0.12207,0.183105,-24.9023,1
1430.55,0.397949,-0.767578,0.968262,1.40381,-0.0610352,-23.6206,1
1430.56,0.396973,-0.671387,1.04443,1.15967,0.0610352,-23.7427,1
1430.57,0.363281,-0.685547,1.03809,0.915527,-0.610352,-23.1934,1
1430.58,0.355469,-0.658203,0.984863,1.09863,0,-22.644,1
1430.59,0.353027,-0.679688,0.970215,2.01416,0.488281,-22.2778,1
1430.6,0.42041,-0.599121,1.04785,1.58691,-0.0610352,-22.2778,1
1430.61,0.477051,-0.728516,1.06934,1.64795,0,-21.5454,1
1430.62,0.402832,-0.720703,1.04346,3.41797,-0.0610352,-20.3857,1
1430.63,0.344727,-0.603027,0.958008,3.41797,0.0610352,-20.3857,1
1430.64,0.374512,-0.628906,0.953125,2.99072,0.488281,-20.1416,1
1430.65,0.458984,-0.59668,0.988281,3.96729,0,-19.2261,1
1430.66,0.468262,-0.550293,0.987793,4.08936,-0.183105,-18.9819,1
1430.67,0.460449,-0.590332,0.946289,4.39453,-0.366211,-18.3105,1
1430.68,0.439941,-0.639648,0.95752,5.31006,-0.183105,-17.5171,1
1430.69,0.404297,-0.502441,1.00391,5.18799,-0.488281,-16.9678,1
1430.7,0.456543,-0.501465,0.98584,3.60107,-0.488281,-17.2119,1
1430.71,0.51416,-0.579102,0.903809,4.69971,-0.488281,-15.8081,1
1430.72,0.540527,-0.412109,0.88623,4.69971,-0.976562,-15.5029,1
1430.73,0.507812,-0.48877,0.924316,2.62451,-1.09863,-15.3198,1
1430.74,0.464355,-0.550781,1.00391,3.90625,-1.34277,-13.5498,1
1430.74,0.445801,-0.326172,0.98877,3.72314,-0.732422,-13.2446,1
1430.75,0.475098,-0.475586,0.953125,2.92969,-0.732422,-12.8174,1
1430.76,0.494629,-0.539062,0.962402,5.06592,-0.915527,-11.5356,1
1430.77,0.458008,-0.262207,1.02539,5.37109,-0.549316,-10.9253,1
1430.78,0.409668,-0.356934,1.00391,3.479,0.12207,-10.6812,1
1430.79,0.307617,-0.446289,0.931152,5.37109,0.427246,-8.54492,1
1430.8,0.223633,-0.237305,0.937012,5.79834,0.915527,-7.69043,1
1430.81,0.199219,-0.34082,1.00488,5.31006,1.28174,-7.14111,1
1430.82,0.173828,-0.291504,1.04297,8.78906,1.83105,-4.82178,1
1430.83,0.0834961,-0.0161133,0.97998,8.78906,3.11279,-4.5166,1
1430.84,0.0527344,-0.220215,0.95752,8.54492,3.2959,-3.23486,1
1430.85,-0.00292969,-0.269043,0.94873,11.8408,4.02832,-0.976562,1
1430.86,0.00878906,0.0131836,0.942871,13.6719,4.94385,0.12207,1
1430.87,-0.0107422,0.0595703,0.9375,13.6108,5.67627,0.976562,1
1430.88,-0.00537109,-0.0214844,0.885742,15.4419,5.79834,2.86865,1
1430.89,-0.00683594,0.0834961,0.881348,17.2729,5.67627,4.45557,1
1430.9,-0.0791016,0.203613,0.890137,18.3105,5.98145,5.79834,1
1430.91,-0.171875,0.29834,0.853027,19.5923,5.85938,7.50732,1
1430.92,-0.15625,0.354004,0.84668,19.9585,5.5542,8.72803,1
1430.93,-0.132324,0.318848,0.869629,21.6675,5.5542,11.0474,1
1430.94,-0.0541992,0.507324,0.930664,22.522,4.94385,12.6343,1
1430.95,-4.882812e-04,0.518066,0.912598,21.1182,4.27246,13.6108,1
1430.96,-0.00585938,0.361816,0.916016,21.2402,4.02832,15.686,1
1430.97,-0.0898438,0.564453,0.932617,22.0337,3.479,17.7002,1
1430.98,-0.119629,0.70752,0.943359,19.9585,3.2959,18.6768,1
1430.99,-0.102539,0.519531,0.944824,18.7988,2.86865,20.1416,1
1431,-0.0541992,0.619141,1.00391,18.9819,1.89209,22.1558,1
1431.01,0.0131836,0.789062,1.06689,16.4795,1.95312,22.8882,1
1431.02,0.0419922,0.712402,1.08545,14.2212,1.70898,24.4141,1
1431.03,0.0473633,0.743652,1.01562,12.9395,0.915527,26.4893,1
1431.04,0.0688477,0.788574,1.00684,9.76562,0.12207,26.7334,1
1431.04,0.0322266,0.638672,1.10498,7.93457,0.305176,27.5879,1
1431.05,0.0634766,0.864258,1.13135,7.69043,0.183105,28.9917,1
1431.06,0.112793,0.956543,1.1792,4.27246,-0.12207,27.832,1
1431.07,0.0927734,0.769043,1.16748,4.15039,-0.366211,28.5034,1
1431.08,0.0449219,0.9375,1.19092,4.76074,-0.427246,28.6865,1
1431.09,-0.00195312,1.03857,1.22363,2.50244,-0.244141,28.0762,1
1431.1,0.00683594,0.803711,1.18994,1.83105,0.183105,28.1982,1
1431.11,0.0585938,0.783691,1.15381,3.23486,0.427246,29.1138,1
1431.12,0.0727539,0.918457,1.11035,1.0376,0.427246,27.5879,1
1431.13,0.0649414,0.851562,1.12695,-0.305176,0.671387,27.4658,1
1431.14,0.0131836,0.899902,1.1709,-0.793457,1.52588,26.7334,1
1431.15,0.0219727,0.926758,1.09961,-2.68555,1.83105,25.5127,1
1431.16,0.00488281,0.833984,1.01416,-3.23486,2.31934,25.2686,1
1431.17,-0.00195312,0.905762,0.983887,-2.74658,2.92969,25.6958,1
1431.18,0.00585938,0.869141,0.96582,-4.3335,3.11279,24.292,1
1431.19,0.0297852,0.795898,0.968262,-4.82178,2.80762,24.4751,1
1431.2,0.0214844,0.806641,0.938965,-5.61523,3.66211,24.1699,1
1431.21,-0.00585938,0.709473,0.839844,-6.04248,3.66211,23.9868,1
1431.22,-0.00585938,0.70752,0.808594,-4.88281,3.35693,23.9258,1
1431.23,0.0292969,0.765625,0.833008,-4.76074,3.11279,23.6816,1
1431.24,0.0336914,0.691406,0.847656,-4.76074,2.99072,23.6816,1
1431.25,0.0185547,0.635254,0.766113,-3.84521,2.86865,24.4141,1
1431.26,0.0268555,0.740234,0.720703,-2.80762,2.0752,24.6582,1
1431.27,0.0473633,0.675293,0.729492,-2.74658,2.13623,24.292,1
1431.28,0.0527344,0.67627,0.784668,-0.183105,1.70898,25.6958,1
1431.29,0.0356445,0.751465,0.855469,-0.12207,1.40381,25.2075,1
1431.3,0.0444336,0.692383,0.847168,0.244141,1.28174,25.4517,1
1431.31,0.0449219,0.69043,0.838867,1.58691,0.976562,26.3672,1
1431.32,0.0170898,0.78125,0.858398,1.83105,0.671387,25.6958,1
1431.33,0.0581055,0.859375,0.90625,1.95312,0.305176,25.8789,1
1431.34,0.0517578,0.789551,0.984375,2.38037,1.40381,26.062,1
1431.35,0.0161133,0.89209,0.998047,2.74658,0.976562,26.4893,1
1431.36,0.00878906,0.806152,0.981934,2.01416,1.09863,26.001,1
1431.37,0.0327148,0.776367,0.963867,3.41797,0.854492,26.4893,1
1431.38,0.034668,0.854492,0.950195,3.41797,1.77002,26.2451,1
1431.39,0.0253906,0.932617,1.03418,2.62451,1.89209,25.7568,1
1431.39,0.0244141,0.889648,1.10156,0.915527,2.44141,25.1465,1
1431.4,-0.0117188,1.00195,1.13379,1.64795,2.92969,26.3062,1
1431.41,-0.0170898,0.90332,1.13379,0,3.11279,25.1465,1
1431.42,-0.0209961,0.768555,1.02295,1.0376,2.68555,26.001,1
1431.43,0.00830078,0.996094,0.956543,0.183105,2.74658,25.3296,1
1431.44,0.0180664,0.90332,0.940918,-1.40381,3.54004,25.2075,1
1431.45,0.00244141,0.835938,1.00439,-0.793457,3.17383,25.9399,1
1431.46,-0.0170898,0.947266,1.04346,-2.13623,2.80762,25.4517,1
1431.47,-0.0258789,0.785156,1.0127,-3.11279,2.68555,25.6348,1
1431.48,0.00927734,0.859863,0.92627,-2.56348,2.62451,26.3062,1
1431.49,0.0078125,0.900879,0.890137,-3.96729,2.74658,25.8179,1
1431.5,-0.00830078,0.779297,0.930664,-4.08936,2.13623,26.4282,1
1431.51,0.00927734,0.916016,0.923828,-3.41797,1.64795,26.7944,1
1431.52,0,0.749023,0.891113,-3.90625,2.0752,26.6724,1
1431.53,-0.0263672,0.735352,0.88916,-1.40381,0.854492,27.832,1
1431.54,-0.0292969,0.838379,0.864258,-2.0752,1.0376,27.1606,1
1431.55,-0.0195312,0.770508,0.878418,-1.15967,0.610352,28.1982,1
1431.56,0.0229492,0.909668,0.928223,-1.40381,0.244141,27.8931,1
1431.57,0.0117188,0.775391,0.937988,-1.40381,0,28.1372,1
1431.58,0.0185547,0.800293,0.943848,0.854492,-0.244141,29.0527,1
1431.59,-0.0415039,0.92334,0.939941,0.732422,0.488281,28.2593,1
1431.6,-0.027832,0.750977,0.943359,1.40381,0.12207,28.5034,1
1431.61,0.00732422,0.968262,0.980957,2.38037,-0.12207,29.0527,1
1431.61,0.0488281,0.852051,0.95752,-0.12207,0.244141,28.1372,1
1431.62,0.0375977,0.683105,0.927734,1.58691,0,28.9307,1
1431.63,0.00634766,1.02051,0.942383,2.44141,0.671387,28.5034,1
1431.64,-0.0488281,0.949219,1.01074,0.244141,1.52588,27.8931,1
1431.65,-0.0180664,0.822754,1.02246,1.70898,0.732422,28.9917,1
1431.66,0.0371094,0.984863,1.02588,0.793457,1.40381,27.771,1
1431.67,0.0307617,0.810547,0.971191,0.183105,1.46484,27.832,1
1431.68,-0.00292969,0.827148,0.960449,1.77002,1.95312,28.5034,1
1431.69,-0.0136719,1.02148,0.932617,0.244141,2.13623,27.4048,1
1431.7,-0.0288086,0.967773,1.00732,-1.40381,2.44141,27.2827,1
1431.71,0.0249023,0.82373,1.00732,-1.40381,2.80762,27.5269,1
1431.72,-0.00195312,0.915527,0.979004,-0.732422,2.50244,28.0151,1
1431.73,-0.0131836,0.843262,0.941406,-1.52588,2.62451,27.2217,1
1431.74,0.00341797,0.875488,0.890625,0.12207,2.2583,28.1982,1
1431.75,-0.0078125,0.996094,0.978516,-0.549316,2.92969,27.5269,1
1431.76,-0.0292969,0.809082,1.02148,-1.52588,2.99072,27.5269,1
1431.77,-0.0410156,0.763672,0.960449,-0.0610352,2.31934,28.3813,1
1431.78,-0.0644531,0.98877,0.93457,0.427246,2.38037,28.5645,1
1431.79,-0.0385742,0.898926,0.912109,-0.915527,2.38037,27.6489,1
1431.8,-0.0102539,0.8125,0.932617,0.793457,2.0752,29.1748,1
1431.81,-0.0268555,0.938477,0.976074,0.305176,2.2583,28.5645,1
1431.82,-0.0517578,0.80127,0.942871,-0.549316,2.13623,28.8696,1
1431.83,-0.0683594,0.855957,0.894043,1.2207,1.89209,29.7852,1
1431.84,-0.0458984,0.950195,0.919434,0.549316,2.01416,29.1138,1
1431.85,-0.0366211,0.861328,0.994141,0.244141,1.40381,29.1748,1
1431.86,-0.0380859,0.822266,0.96582,0,1.28174,29.6631,1
1431.87,-0.0410156,0.937012,0.890625,0,1.58691,30.3955,1
1431.88,-0.0869141,0.947266,0.904785,-1.0376,1.64795,30.0293,1
1431.89,-0.0981445,0.822266,0.975586,-1.15967,0.915527,29.7852,1
1431.9,-0.0668945,0.93457,0.997559,0.366211,1.15967,31.0059,1
1431.91,-0.0449219,0.875977,0.952148,-0.732422,1.70898,30.2124,1
1431.92,-0.0688477,0.800781,0.88916,0.732422,0.854492,31.0669,1
1431.92,-0.0644531,1.02832,0.90625,0.427246,1.28174,30.5786,1
1431.93,-0.0800781,0.90625,0.976074,-0.610352,1.77002,30.1514,1
1431.94,-0.0966797,0.866699,1.02246,0.915527,1.77002,31.25,1
1431.95,-0.0761719,1,1.01514,0.12207,1.83105,30.4565,1
1431.96,-0.0712891,0.895508,0.943848,-0.12207,1.70898,30.6396,1
1431.97,-0.103027,0.966797,0.985352,0.854492,1.40381,31.25,1
1431.98,-0.0869141,0.944824,1.02051,0,1.52588,30.3345,1
1431.99,-0.0791016,0.893066,0.935059,0.549316,1.95312,31.1279,1
1432,-0.0947266,0.939453,0.966797,0.305176,1.34277,31.1279,1
1432.01,-0.0610352,0.960938,0.968262,-0.671387,1.2207,30.3955,1
1432.02,-0.0766602,0.999512,0.990234,-0.183105,1.77002,31.311,1
1432.03,-0.0751953,0.900391,0.98584,-0.244141,2.2583,30.9448,1
1432.04,-0.0527344,0.852051,0.953125,0,1.52588,31.0669,1
1432.05,-0.0664062,0.937988,0.962402,-0.854492,0.976562,30.7007,1
1432.06,-0.0639648,0.874512,0.938965,-0.793457,1.89209,31.1279,1
1432.07,-0.0834961,1.03467,0.96875,-0.854492,2.01416,31.1279,1
1432.08,-0.0874023,0.84082,0.984375,-2.74658,1.70898,30.3955,1
1432.09,-0.0844727,0.755371,0.941406,-0.488281,0.854492,31.4331,1
1432.1,-0.0629883,1.04102,0.900391,-2.13623,1.15967,30.4565,1
1432.11,-0.0864258,0.799805,0.871582,-4.27246,0.976562,30.1514,1
1432.12,-0.0419922,0.814941,0.99707,-3.17383,0.549316,30.7007,1
1432.13,0.0102539,0.968262,0.974609,-4.88281,1.28174,29.3579,1
1432.14,-0.0537109,0.734863,0.952148,-5.61523,0.732422,29.7241,1
1432.15,-0.0712891,0.803711,0.945801,-4.15039,0.244141,29.3579,1
1432.16,-0.0830078,0.942383,0.943848,-6.10352,1.0376,27.5879,1
1432.17,-0.111816,0.703613,1.00391,-6.65283,1.89209,27.2217,1
1432.18,-0.0683594,0.688477,0.902832,-6.22559,1.46484,26.7944,1
1432.19,-0.0800781,0.727051,0.849609,-7.08008,1.64795,25.4517,1
1432.2,-0.0771484,0.602539,0.865723,-7.08008,1.2207,24.292,1
1432.21,-0.132812,0.616211,0.936035,-6.7749,1.40381,23.4985,1
1432.22,-0.119629,0.702148,1.04443,-8.30078,1.28174,21.7285,1
1432.23,-0.0913086,0.608398,0.970215,-10.5591,1.46484,20.0806,1
1432.24,-0.134766,0.422363,0.905762,-10.7422,1.40381,19.4092,1
1432.25,-0.0922852,0.575684,0.913086,-11.0474,0.671387,17.395,1
1432.26,-0.100586,0.498535,0.924316,-13.4888,1.40381,15.1978,1
1432.27,-0.0976562,0.325684,1.01025,-13.3057,0.732422,14.2822,1
1432.28,-0.114258,0.504883,0.913574,-14.7095,0.305176,11.9629,1
1432.28,-0.117188,0.298828,0.851074,-17.7612,0.610352,9.09424,1
1432.29,-0.0932617,0.0546875,0.803711,-16.5405,0,7.62939,1
1432.3,-0.0830078,0.315918,0.836426,-16.7847,-0.305176,4.88281,1
1432.31,-0.0717773,0.0576172,0.91748,-19.3481,-0.427246,2.0752,1
1432.32,-0.118164,0.0107422,0.947266,-17.5171,-1.28174,0.549316,1
1432.33,-0.0996094,0.179199,0.855469,-19.3481,-0.793457,-3.23486,1
1432.34,-0.120117,-0.150391,0.764648,-19.8364,-1.40381,-5.24902,1
1432.35,-0.0981445,-0.148438,0.809082,-17.7002,-2.2583,-7.50732,1
1432.36,-0.090332,-0.0390625,0.849121,-18.8599,-1.52588,-11.1084,1
1432.37,-0.0644531,-0.203125,0.966797,-17.7612,-1.46484,-12.9395,1
1432.38,-0.163086,-0.150391,1.01074,-17.1509,-1.34277,-15.564,1
1432.39,-0.149902,-0.271484,1.00684,-16.9678,-0.854492,-18.6768,1
1432.4,-0.150391,-0.270508,1.01074,-14.8926,-0.244141,-20.752,1
1432.41,-0.0805664,-0.208984,1.04736,-15.0757,0.793457,-23.6816,1
1432.42,-0.105469,-0.433105,1.11035,-15.3809,1.64795,-25.5127,1
1432.43,-0.155273,-0.47998,1.11523,-14.3433,2.56348,-26.9775,1
1432.44,-0.175293,-0.452637,1.13232,-15.3809,3.479,-28.8086,1
1432.45,-0.23877,-0.666992,1.13477,-16.1743,4.82178,-30.2734,1
1432.46,-0.210938,-0.753906,1.0835,-15.9302,4.69971,-31.8604,1
1432.47,-0.200684,-0.708496,1.04395,-16.3574,5.92041,-33.0811,1
1432.48,-0.25,-0.694824,1.1582,-17.2729,5.79834,-34.2407,1
1432.49,-0.223145,-0.823242,1.11523,-17.334,5.98145,-34.9121,1
1432.5,-0.228516,-0.852539,1.04102,-15.3198,6.10352,-34.729,1
1432.51,-0.195312,-0.760254,1.00342,-15.2588,5.37109,-36.6211,1
1432.52,-0.174316,-0.930664,0.960938,-14.3433,5.67627,-37.3535,1
1432.53,-0.183105,-1.06592,1.0874,-11.5356,4.88281,-37.9639,1
1432.54,-0.152344,-0.85498,1.00342,-9.27734,4.57764,-38.208,1
1432.55,-0.144043,-1.03125,0.999023,-8.30078,5.12695,-38.7573,1
1432.56,-0.213379,-0.998047,1.09326,-5.7373,3.479,-39.3066,1
1432.57,-0.217285,-0.931641,1.00293,-4.76074,3.72314,-39.978,1
1432.58,-0.140625,-1.05566,0.908691,-2.38037,3.35693,-39.7949,1
1432.58,-0.23584,-1.00049,1.02979,-1.64795,2.0752,-40.7715,1
1432.59,-0.0629883,-0.908203,1.04102,0.610352,2.56348,-39.7339,1
1432.6,-0.22998,-0.983887,1.18066,0,2.0752,-40.8325,1
1432.61,-0.20166,-1.01855,1.00049,1.28174,0.976562,-41.0767,1
1432.62,-0.204102,-1.06738,0.944824,2.74658,2.19727,-40.9546,1
1432.63,-0.233887,-1.00391,0.988281,3.35693,0.854492,-41.5039,1
1432.64,-0.171875,-0.939941,0.983398,2.62451,1.15967,-41.8701,1
1432.65,-0.17334,-1.09082,1.03809,2.74658,1.15967,-40.8325,1
1432.66,-0.115234,-1.07373,0.956543,3.479,1.70898,-39.7339,1
1432.67,-0.207031,-0.884766,1.13867,0.854492,1.28174,-41.2598,1
1432.68,-0.145996,-1.24658,1.00879,1.34277,1.70898,-40.3442,1
1432.69,-0.220703,-0.911133,0.992188,4.63867,2.19727,-39.4897,1
1432.7,-0.119629,-0.699219,0.737305,0.366211,1.52588,-40.8325,1
1432.71,-0.242676,-1.19775,1.0083,-0.183105,1.2207,-41.0156,1
1432.72,-0.112793,-0.771973,0.933105,3.17383,1.15967,-40.2222,1
1432.73,-0.13623,-0.848145,0.946777,0.549316,1.09863,-40.4663,1
1432.74,-0.112793,-1.05469,0.787598,2.50244,-0.0610352,-40.4053,1
1432.75,-0.177246,-0.856445,0.791992,2.68555,0.671387,-40.7104,1
1432.76,-0.128418,-0.740234,0.851074,1.83105,0.549316,-40.8936,1
1432.77,-0.152344,-1.12354,0.901855,-0.12207,0.610352,-41.1987,1
1432.78,-0.0913086,-0.77002,0.947754,3.11279,-0.244141,-40.6494,1
1432.79,-0.134766,-0.753418,0.894043,-0.488281,0.793457,-41.8701,1
1432.8,-0.0922852,-1.14014,0.789551,0.854492,-0.244141,-40.9546,1
1432.81,-0.133301,-0.855957,0.76709,2.31934,-0.366211,-40.2832,1
1432.82,-0.120117,-0.864258,0.963867,-0.732422,0.488281,-40.8936,1
1432.83,-0.0869141,-0.96875,0.991699,-0.549316,0.12207,-40.4663,1
1432.84,-0.0859375,-1.04883,0.97998,0.183105,1.34277,-39.917,1
1432.85,-0.0996094,-0.893066,0.923828,0.610352,0.610352,-39.7339,1
1432.86,-0.153809,-1.08301,0.978516,-1.52588,1.58691,-40.2832,1
1432.86,-0.0214844,-0.870605,0.916992,0.427246,1.34277,-38.5132,1
1432.87,-0.0957031,-1.12256,1.00293,-2.2583,2.92969,-38.7573,1
1432.88,-0.116211,-1.21387,1.06738,1.0376,2.44141,-37.7197,1
1432.89,-0.0898438,-0.743164,0.979004,0.488281,3.2959,-37.7197,1
1432.9,-0.171875,-1.06299,1.05762,-1.09863,3.90625,-37.3535,1
1432.91,-0.0732422,-0.983887,0.996582,0.305176,2.56348,-37.4756,1
1432.92,-0.0219727,-1.06396,0.898438,-0.12207,4.08936,-36.7432,1
1432.93,-0.0522461,-1.00293,0.952637,1.89209,3.60107,-36.377,1
1432.94,-0.118652,-1.04053,0.975098,0.244141,3.66211,-37.0483,1
1432.95,-0.0585938,-1.06836,0.934082,3.17383,3.41797,-35.5225,1
1432.96,-0.109863,-0.795898,1.02148,3.35693,3.60107,-36.438,1
1432.97,-0.0371094,-1.05322,0.904785,1.77002,2.86865,-36.438,1
1432.98,-0.0581055,-1.0957,0.943848,6.40869,3.479,-34.79,1
1432.99,-0.128906,-0.659668,0.952637,5.49316,3.2959,-36.1328,1
1433,-0.120605,-1.05322,0.918945,4.15039,2.74658,-36.3159,1
1433.01,-0.0595703,-0.869141,0.879395,8.42285,2.01416,-35.1562,1
1433.02,-0.0957031,-0.588379,0.935059,5.67627,1.40381,-36.499,1
1433.03,-0.0649414,-0.921387,0.86377,5.7373,1.09863,-35.8887,1
1433.04,-0.0839844,-0.830078,0.859863,8.54492,1.2207,-34.9121,1
1433.05,-0.130371,-0.796875,0.850586,8.05664,0.549316,-35.4614,1
1433.06,-0.164551,-0.808105,0.873047,10.2539,-0.0610352,-34.4238,1
1433.07,-0.13623,-0.525879,0.901367,9.58252,0.366211,-34.5459,1
1433.08,-0.207031,-0.848633,0.983398,7.99561,0,-33.9966,1
1433.09,-0.203613,-0.614258,0.949707,10.7422,-0.915527,-32.5317,1
1433.1,-0.157227,-0.59375,0.917969,7.26318,0,-32.8369,1
1433.11,-0.170898,-0.810547,0.924316,10.0708,-0.427246,-30.1514,1
1433.12,-0.147461,-0.464844,0.888184,9.33838,-0.488281,-29.9683,1
1433.13,-0.146973,-0.686035,0.866699,7.62939,-0.244141,-29.0527,1
1433.14,-0.17627,-0.789062,0.983887,9.15527,-0.305176,-27.1606,1
1433.15,-0.142578,-0.429199,0.969727,7.62939,-0.244141,-26.8555,1
1433.16,-0.205078,-0.874023,0.967773,4.3335,0.366211,-25.2686,1
1433.17,-0.138672,-0.765137,0.942871,6.7749,0.0610352,-23.0713,1
1433.18,-0.135742,-0.392578,0.937988,1.58691,0.854492,-23.6206,1
1433.18,-0.139648,-1.00488,1.03613,-0.915527,1.09863,-21.5454,1
1433.19,-0.163574,-0.661133,1.06787,1.70898,0.732422,-19.8975,1
1433.2,-0.115234,-0.61377,1.02051,-4.5166,1.64795,-20.2026,1
1433.21,-0.09375,-1.10596,1.03906,-4.21143,1.28174,-17.7612,1
1433.22,-0.0800781,-0.689453,0.986328,-3.479,1.58691,-17.0898,1
1433.23,-0.0830078,-0.73291,0.986328,-8.48389,1.64795,-17.4561,1
1433.24,-0.0307617,-1.05957,1.0166,-6.95801,0.732422,-15.625,1
1433.25,-0.0629883,-0.811523,1.05518,-6.46973,1.2207,-15.1367,1
1433.26,-0.0610352,-0.856934,1.06006,-8.36182,1.40381,-15.0146,1
1433.27,-0.0942383,-1.08789,1.03906,-6.5918,1.58691,-13.6719,1
1433.28,-0.0756836,-0.92334,1.05713,-4.76074,1.34277,-13.3667,1
1433.29,-0.0756836,-0.776367,1.00146,-4.69971,0.488281,-13.6108,1
1433.3,-0.078125,-1.06738,1.01123,-3.479,0.732422,-13.0615,1
1433.31,-0.0561523,-0.735352,0.997559,0.244141,-0.549316,-12.4512,1
1433.32,-0.0581055,-0.932617,0.956055,-1.34277,0.366211,-12.7563,1
1433.33,-0.0170898,-1.14307,0.959961,2.92969,-0.610352,-12.207,1
1433.34,0.0361328,-0.837891,0.969727,5.06592,-0.244141,-12.3901,1
1433.35,0.105469,-0.780273,0.981934,4.94385,-0.793457,-13.0005,1
1433.36,0.0893555,-0.939453,0.981934,4.94385,-1.46484,-12.8784,1
1433.37,0.114258,-0.933594,0.913574,7.01904,-2.13623,-12.207,1
1433.38,0.0942383,-0.724121,0.881348,7.32422,-2.56348,-12.5122,1
1433.39,0.170898,-0.886719,0.876953,6.7749,-2.56348,-13.0005,1
1433.4,0.157227,-0.741699,0.960938,7.62939,-3.66211,-12.146,1
1433.41,0.157227,-0.697754,1.00928,5.24902,-2.92969,-12.5732,1
1433.42,0.124023,-0.858887,0.985352,5.31006,-3.96729,-11.6577,1
1433.43,0.197754,-0.707031,0.945801,5.61523,-4.08936,-11.6577,1
1433.44,0.253906,-0.582031,0.894043,4.08936,-3.96729,-11.9019,1
1433.44,0.261719,-0.697754,0.907227,3.54004,-3.90625,-11.4136,1
1433.45,0.248047,-0.572266,0.938477,4.21143,-4.15039,-10.376,1
1433.46,0.21875,-0.474609,0.96582,2.99072,-3.17383,-10.5591,1
1433.47,0.208496,-0.680664,0.966797,3.17383,-2.19727,-10.0098,1
1433.48,0.203613,-0.604492,0.953125,5.24902,-2.01416,-9.39941,1
1433.49,0.17334,-0.440918,0.959473,5.00488,-1.58691,-9.76562,1
1433.5,0.195801,-0.59082,0.972656,4.88281,-0.915527,-9.82666,1
1433.51,0.234863,-0.48584,0.977051,6.95801,-0.671387,-8.97217,1
1433.52,0.248535,-0.449707,0.975586,5.5542,0.12207,-10.2539,1
1433.53,0.212891,-0.588867,0.975098,6.10352,0.305176,-9.46045,1
1433.54,0.199707,-0.405273,1.04736,5.24902,0.671387,-10.0708,1
1433.55,0.181152,-0.399414,1.04932,3.17383,1.52588,-10.6812,1
1433.56,0.154785,-0.431152,0.998535,2.68555,1.52588,-10.437,1
1433.57,0.165039,-0.442871,0.952637,1.46484,1.89209,-11.6577,1
1433.58,0.18457,-0.416992,0.973633,1.34277,1.58691,-12.0239,1
1433.59,0.200684,-0.392578,1.02344,0.0610352,1.77002,-13.4277,1
1433.6,0.190918,-0.505859,1.00879,-0.366211,1.58691,-13.9771,1
1433.61,0.164062,-0.390137,1.03564,-0.610352,1.64795,-14.5264,1
1433.62,0.138672,-0.439941,1.02295,-2.56348,1.95312,-16.1743,1
1433.63,0.131348,-0.512695,1.01953,-2.01416,1.64795,-16.4795,1
1433.64,0.163574,-0.407227,0.994629,-1.58691,1.28174,-17.2119,1
1433.65,0.184082,-0.533203,1.01221,-1.89209,1.15967,-18.6157,1
1433.66,0.183594,-0.512695,1.0498,0.0610352,0.427246,-18.4326,1
1433.67,0.142578,-0.459961,1.07422,-0.488281,0.732422,-19.8364,1
1433.68,0.141602,-0.565918,1.05664,-0.0610352,0.183105,-19.9585,1
1433.69,0.177734,-0.54248,1.03125,1.0376,0,-20.2637,1
1433.7,0.20166,-0.551758,1.01562,1.52588,-0.12207,-20.6909,1
1433.71,0.199707,-0.489746,1.02197,1.70898,-0.549316,-20.874,1
1433.72,0.196777,-0.537109,1.06787,0.854492,-0.244141,-21.6064,1
1433.73,0.185059,-0.590332,1.1084,1.52588,-0.610352,-21.0571,1
1433.74,0.17627,-0.469727,1.01465,1.52588,-1.09863,-20.874,1
1433.75,0.196289,-0.576172,0.942871,0.488281,-1.15967,-21.3013,1
1433.76,0.227539,-0.568359,0.96875,1.40381,-1.09863,-20.5078,1
1433.77,0.237305,-0.483398,1.01074,0.671387,-0.671387,-21.0571,1
1433.78,0.235352,-0.590332,1.03906,0.854492,-0.854492,-20.3857,1
1433.79,0.239258,-0.512695,1.02686,1.09863,-1.28174,-19.8364,1
1433.8,0.208496,-0.543457,0.967285,0.305176,-0.671387,-20.0806,1
1433.81,0.221191,-0.608398,0.942871,1.95312,-0.671387,-19.043,1
1433.82,0.270996,-0.463379,0.960938,2.92969,-0.732422,-18.8599,1
1433.83,0.322754,-0.480957,0.965332,2.38037,-0.671387,-18.8599,1
1433.83,0.288574,-0.526855,0.975098,3.05176,-0.793457,-17.7612,1
1433.84,0.257324,-0.444824,0.977539,3.05176,-0.793457,-16.9067,1
1433.85,0.254883,-0.453125,0.987305,2.86865,-0.610352,-16.7847,1
1433.86,0.282227,-0.498047,0.983398,3.96729,-0.427246,-15.9302,1
1433.87,0.338379,-0.396973,0.98291,5.31006,-0.793457,-14.9536,1
1433.88,0.345703,-0.424316,0.946777,4.63867,-0.671387,-14.9536,1
1433.89,0.345215,-0.426758,0.958496,5.67627,-1.15967,-13.2446,1
1433.9,0.294922,-0.253418,0.98291,5.18799,-0.915527,-13.0005,1
1433.91,0.337402,-0.370117,0.955078,4.15039,-0.671387,-12.6343,1
1433.92,0.379883,-0.412598,0.935547,6.10352,-0.793457,-10.8032,1
1433.93,0.403809,-0.220215,0.95166,6.40869,-1.2207,-10.376,1
1433.94,0.387695,-0.347168,1.00146,5.85938,-1.40381,-10.0098,1
1433.95,0.385254,-0.291016,1.00732,7.87354,-1.83105,-8.11768,1
1433.96,0.371582,-0.15625,1.00146,6.83594,-1.52588,-7.87354,1
1433.97,0.394043,-0.320801,1.00342,6.40869,-1.70898,-7.01904,1
1433.98,0.446777,-0.144043,0.996094,7.62939,-1.89209,-5.37109,1
1433.99,0.449707,-0.0400391,1.05127,5.92041,-1.77002,-5.37109,1
1434,0.421875,-0.287109,1.08301,5.98145,-2.31934,-4.27246,1
1434.01,0.459473,-0.0673828,1.00342,8.66699,-2.56348,-2.62451,1
1434.02,0.489258,0.0732422,0.972168,5.98145,-2.2583,-2.74658,1
1434.03,0.450195,-0.21582,1.00342,6.34766,-2.19727,-1.52588,1
1434.04,0.450684,0.00195312,1.10742,9.46045,-1.89209,-0.244141,1
1434.05,0.473633,0.100098,1.05664,8.42285,-1.64795,0,1
1434.06,0.509766,-0.130371,0.98584,9.8877,-2.19727,1.46484,1
1434.07,0.512207,0.100586,0.969727,11.5356,-2.01416,2.50244,1
1434.08,0.483398,0.195312,0.903809,10.1318,-2.01416,3.05176,1
1434.09,0.464355,0.143555,0.975098,9.94873,-1.89209,4.02832,1
1434.1,0.462402,0.130859,1.08789,10.5591,-1.89209,5.24902,1
1434.11,0.45752,0.23291,1.0415,11.4746,-2.31934,6.22559,1
1434.12,0.456055,0.208008,0.988281,11.8408,-1.70898,7.14111,1
1434.13,0.422363,0.29541,0.988281,12.085,-2.01416,8.17871,1
1434.14,0.441406,0.367188,1.08252,11.2915,-1.52588,8.91113,1
1434.15,0.425293,0.351562,0.887695,11.5967,-1.83105,10.2539,1
1434.16,0.428711,0.434082,1.04785,11.8408,-1.83105,10.8032,1
1434.17,0.387695,0.422852,1.1543,11.7188,-1.46484,11.6577,1
1434.18,0.384277,0.343262,1.02686,11.3525,-1.58691,12.9395,1
1434.19,0.374512,0.30127,0.882812,10.437,-1.46484,13.4888,1
1434.2,0.398438,0.586914,1.1499,10.3149,-1.46484,13.9771,1
1434.21,0.424805,0.655762,1.00977,8.91113,-0.427246,14.9536,1
1434.22,0.404297,0.477539,0.904785,9.09424,-0.366211,15.5029,1
1434.22,0.350098,0.59082,1.08691,9.52148,-0.12207,15.9912,1
1434.23,0.358887,0.483887,1.14404,7.87354,-0.183105,16.7236,1
1434.24,0.329102,0.473145,1.0249,7.87354,-0.732422,17.5171,1
1434.25,0.376953,0.59668,0.950195,5.98145,-0.183105,17.395,1
1434.26,0.368652,0.678711,1.02979,4.94385,0,17.8833,1
1434.27,0.425781,0.724121,1.04199,3.72314,0.671387,18.2495,1
1434.28,0.384766,0.603027,0.974609,3.17383,0.12207,18.9209,1
1434.29,0.393066,0.52002,1.05762,3.17383,-0.671387,19.2261,1
1434.3,0.425293,0.694824,1.13086,2.38037,-0.732422,19.3481,1
1434.31,0.370117,0.623047,1.02344,0.976562,-0.0610352,19.104,1
1434.32,0.355469,0.618164,0.977051,0.976562,0.12207,19.4702,1
1434.33,0.400391,0.695801,0.941406,-0.244141,0.610352,18.9819,1
1434.34,0.509766,0.489746,1.00879,-0.732422,0.305176,19.5312,1
1434.35,0.561035,0.582031,1.11328,0.549316,-0.427246,19.4092,1
1434.36,0.42041,0.646484,1.0835,-1.09863,-0.183105,18.8599,1
1434.37,0.376953,0.57373,0.935059,-1.0376,-0.305176,19.104,1
1434.38,0.34668,0.787598,0.896973,-1.58691,0.854492,18.6768,1
1434.39,0.470215,0.538086,0.994141,-3.41797,0.915527,18.1885,1
1434.4,0.523926,0.47998,1.06787,-0.732422,0,18.8599,1
1434.41,0.514648,0.687012,1.05225,-1.09863,0,17.8223,1
1434.42,0.427246,0.450195,1.02197,-1.0376,0.244141,17.2729,1
1434.43,0.396484,0.506348,0.959473,1.09863,0.183105,17.1509,1
1434.44,0.440918,0.709961,0.957031,-0.488281,0.732422,16.4185,1
1434.45,0.470703,0.474121,1.04395,-2.19727,0.549316,16.1133,1
1434.46,0.532715,0.441895,1.02246,-0.732422,0.549316,16.5405,1
1434.47,0.497559,0.599121,0.996582,-1.70898,0.427246,15.3809,1
1434.48,0.418945,0.432129,0.981934,-2.01416,0.305176,14.9536,1
1434.49,0.390625,0.494141,0.922852,-0.488281,0.0610352,14.9536,1
1434.5,0.415039,0.664551,0.955078,-1.89209,0.427246,13.855,1
1434.51,0.443359,0.381836,0.975098,-3.17383,0.732422,13.6719,1
1434.51,0.507812,0.363281,0.978516,-1.2207,0.366211,13.916,1
1434.52,0.476562,0.535645,0.972168,-1.52588,0,12.8174,1
1434.53,0.449707,0.379883,0.93457,-1.46484,-0.305176,12.2681,1
1434.54,0.407227,0.430176,0.954102,-0.427246,0,12.146,1
1434.55,0.428711,0.515625,0.996582,-1.2207,0.488281,11.5356,1
1434.56,0.45166,0.311035,0.987793,-0.854492,0.793457,11.5356,1
1434.57,0.438965,0.397949,0.969727,1.0376,0.305176,11.2915,1
1434.58,0.370605,0.456543,0.995605,0.366211,0.488281,10.498,1
1434.59,0.32666,0.370605,1.0542,0.549316,0.610352,10.376,1
1434.6,0.268555,0.46875,1.04834,0.427246,1.2207,10.3149,1
1434.61,0.21875,0.480469,1.02588,-0.671387,2.01416,9.52148,1
1434.62,0.143555,0.347168,1.00293,-0.610352,2.2583,9.58252,1
1434.63,0.0541992,0.416992,1.0127,0.671387,2.44141,9.82666,1
1434.64,-0.0463867,0.492676,1.01953,-0.366211,3.11279,9.15527,1
1434.65,-0.0771484,0.354004,1.0376,-0.854492,3.66211,9.15527,1
1434.66,-0.00732422,0.37207,0.969238,-0.244141,4.27246,9.39941,1
1434.67,0.0195312,0.416992,0.931152,-0.671387,5.00488,9.15527,1
1434.68,-0.0893555,0.26416,0.939453,-0.854492,5.24902,9.21631,1
1434.69,-0.179688,0.359375,0.863281,0.12207,5.18799,9.46045,1
1434.7,-0.223633,0.381836,0.893066,-1.52588,6.22559,8.48389,1
1434.71,-0.151367,0.227539,0.929199,-0.671387,6.04248,9.52148,1
1434.72,-0.0390625,0.401367,0.880859,-0.549316,5.00488,9.21631,1
1434.73,-0.124023,0.351562,0.827148,-2.31934,4.94385,8.91113,1
1434.74,-0.126465,0.26123,0.825195,-1.95312,4.39453,9.39941,1
1434.75,-0.273438,0.349121,0.832031,-1.70898,5.18799,9.46045,1
1434.76,-0.242188,0.379395,0.947266,-2.2583,3.96729,9.64355,1
1434.77,-0.240234,0.227051,0.900879,-2.56348,3.479,9.70459,1
1434.78,-0.216309,0.320312,0.887695,-0.732422,2.68555,10.5591,1
1434.79,-0.255859,0.371094,0.969727,-2.13623,2.99072,9.52148,1
1434.79,-0.251953,0.232422,0.961426,-1.64795,2.68555,9.8877,1
1434.8,-0.312988,0.313965,0.924805,-0.183105,3.23486,10.1929,1
1434.81,-0.417969,0.355957,0.921387,0,3.66211,9.70459,1
1434.82,-0.418457,0.298828,1.00146,0.488281,4.02832,9.52148,1
1434.83,-0.343262,0.342773,1.05762,1.46484,4.15039,10.2539,1
1434.84,-0.319336,0.374512,1.03564,1.46484,4.57764,10.0098,1
1434.85,-0.354004,0.342773,1.01025,1.83105,4.57764,10.1929,1
1434.86,-0.366699,0.383789,1.05029,1.95312,4.69971,10.0098,1
1434.87,-0.344727,0.351562,0.972656,1.95312,4.88281,10.0708,1
1434.88,-0.313477,0.354004,0.970703,1.58691,3.90625,10.3149,1
1434.89,-0.27832,0.330078,0.945312,1.09863,3.11279,10.3149,1
1434.9,-0.269043,0.378418,0.97998,1.83105,3.2959,10.9863,1
1434.91,-0.244141,0.404297,1.05518,1.52588,2.74658,10.5591,1
1434.92,-0.210938,0.415039,1.01025,0.610352,2.01416,10.437,1
1434.93,-0.271484,0.35791,0.981934,0,1.95312,10.6812,1
1434.94,-0.309082,0.372559,0.994141,0.12207,1.0376,11.2305,1
1434.95,-0.28418,0.428711,0.958008,-0.488281,1.15967,10.7422,1
1434.96,-0.251953,0.406738,0.977539,0.12207,0.732422,11.2305,1
1434.97,-0.29834,0.469727,1.06885,0.12207,0.488281,11.1694,1
1434.98,-0.328613,0.444824,1.10645,-0.549316,-0.183105,10.9863,1
1434.99,-0.326172,0.410156,1.04736,0.366211,0,11.9629,1
1435,-0.339844,0.443848,1.00537,1.09863,0.732422,11.8408,1
1435.01,-0.323242,0.430664,1.07812,0.915527,0,11.3525,1
1435.02,-0.32373,0.410645,1.13086,1.70898,0.305176,11.9019,1
1435.03,-0.374512,0.505859,1.10107,2.13623,0.671387,12.3901,1
1435.04,-0.408203,0.449707,1.04932,1.0376,1.64795,11.3525,1
1435.05,-0.390137,0.458984,1.05273,1.89209,2.2583,12.3901,1
1435.06,-0.357422,0.494629,1.07666,0.976562,2.80762,11.9629,1
1435.07,-0.359863,0.359863,1.02881,0.854492,2.2583,12.207,1
1435.08,-0.395508,0.466797,0.96875,1.52588,2.62451,13.0615,1
1435.09,-0.415527,0.560547,0.952148,-0.0610352,3.23486,12.2681,1
1435.1,-0.35791,0.459961,1.00049,-1.52588,2.92969,12.207,1
1435.11,-0.311035,0.400879,0.942383,-1.77002,2.44141,13.0005,1
1435.12,-0.377441,0.40625,0.865723,-2.50244,2.19727,13.2446,1
1435.13,-0.383301,0.450684,0.817871,-2.62451,1.89209,13.5498,1
1435.14,-0.309082,0.476562,0.873047,-2.86865,1.89209,13.6719,1
1435.14,-0.308594,0.485352,0.924316,-2.86865,1.09863,14.0381,1
1435.15,-0.339355,0.422363,0.914551,-2.86865,0.488281,13.855,1
1435.16,-0.366211,0.338379,0.887207,-1.70898,0.183105,14.5264,1
1435.17,-0.397949,0.421875,0.893555,0.488281,0,15.5029,1
1435.18,-0.300293,0.513672,0.967285,0.793457,0.12207,14.6484,1
1435.19,-0.30957,0.426758,0.983398,1.40381,0.366211,14.7095,1
1435.2,-0.398926,0.349121,1.00244,3.41797,0.12207,15.4419,1
1435.21,-0.415527,0.544922,0.959473,4.63867,0.12207,15.564,1
1435.22,-0.414551,0.550781,0.979492,3.479,1.09863,14.8926,1
1435.23,-0.419434,0.405762,1.02783,4.45557,1.09863,15.5029,1
1435.24,-0.38916,0.575195,1.03613,5.18799,0.915527,15.564,1
1435.25,-0.354492,0.457031,0.971191,3.96729,1.58691,14.8926,1
1435.26,-0.431641,0.374512,0.994141,5.92041,1.28174,16.1133,1
1435.27,-0.352051,0.698242,1.0332,5.18799,1.77002,15.3198,1
1435.28,-0.334961,0.588867,1.04639,2.44141,2.68555,14.7705,1
1435.29,-0.346191,0.368652,1.00586,3.60107,2.19727,15.9912,1
1435.3,-0.361816,0.606445,0.956055,4.08936,1.40381,15.9912,1
1435.31,-0.32373,0.618164,0.955078,1.77002,1.89209,15.3809,1
1435.32,-0.299805,0.46582,0.972656,1.95312,1.83105,16.6016,1
1435.33,-0.308594,0.604004,1.00781,2.0752,1.46484,16.7847,1
1435.34,-0.303711,0.590332,1.01025,0.854492,1.2207,16.1743,1
1435.35,-0.288086,0.505859,0.994629,1.64795,0.976562,16.8457,1
1435.36,-0.295898,0.641602,0.987305,2.01416,0.854492,17.4561,1
1435.37,-0.296387,0.594238,0.987793,0.793457,0.549316,16.7847,1
1435.37,-0.278809,0.519043,1.00195,1.77002,0,17.8223,1
1435.38,-0.30957,0.671387,0.958984,1.95312,0,18.2495,1
1435.39,-0.339355,0.63916,0.962891,0.671387,0.0610352,17.8223,1
1435.4,-0.347168,0.522949,0.996094,1.15967,-0.427246,18.7988,1
1435.41,-0.293945,0.627441,1.01611,2.01416,-0.427246,19.2261,1
1435.42,-0.308594,0.689941,0.977051,1.40381,-0.0610352,19.165,1
1435.43,-0.329102,0.647949,0.938965,0.854492,-0.0610352,19.165,1
1435.44,-0.340332,0.647461,0.932129,0.488281,-0.427246,19.7754,1
1435.45,-0.293945,0.665527,0.958008,0.0610352,-0.549316,20.0806,1
1435.46,-0.263672,0.570801,0.964355,0.183105,-0.183105,20.3857,1
1435.47,-0.318848,0.745117,0.967773,0.793457,-0.549316,21.1182,1
1435.48,-0.299316,0.726562,0.947754,-1.09863,0.305176,20.0195,1
1435.49,-0.324219,0.59668,0.919434,-0.12207,0.488281,21.4233,1
1435.5,-0.279297,0.696777,0.896973,-0.0610352,0.244141,21.4844,1
1435.51,-0.30957,0.676758,0.900391,-0.915527,0.305176,20.813,1
1435.52,-0.331543,0.671875,0.985352,0.915527,0.427246,21.8506,1
1435.53,-0.320312,0.733887,1.02148,1.83105,1.09863,21.9116,1
1435.54,-0.300293,0.67041,0.963379,1.95312,0.671387,21.7285,1
1435.55,-0.298828,0.757324,0.928223,2.92969,0.793457,22.7051,1
1435.56,-0.372559,0.754395,0.966309,2.13623,1.15967,22.2778,1
1435.57,-0.305664,0.567871,1.00732,3.479,1.09863,23.0713,1
1435.58,-0.280762,0.725586,1.03418,5.06592,1.0376,23.6206,1
1435.59,-0.264648,0.788574,0.987305,2.99072,1.2207,22.583,1
1435.6,-0.276367,0.644043,0.937012,2.80762,0.976562,23.5596,1
1435.61,-0.290527,0.746094,0.921387,2.80762,0.915527,24.4141,1
1435.62,-0.270996,0.798828,0.965332,1.2207,0.915527,23.8037,1
1435.63,-0.218262,0.722656,0.966797,0.549316,0.976562,24.0479,1
1435.64,-0.231934,0.746582,0.951172,0.976562,0.915527,25.0854,1
1435.65,-0.27002,0.726074,0.973633,-0.244141,0.488281,24.4751,1
1435.66,-0.246582,0.70166,0.960938,-0.12207,0,24.9023,1
1435.67,-0.208496,0.816895,0.945312,-0.793457,0.610352,25.1465,1
1435.68,-0.195312,0.745605,0.92334,-2.0752,0.427246,24.5361,1
1435.68,-0.174316,0.710938,0.903809,-1.40381,0.0610352,25.2686,1
1435.69,-0.181641,0.856445,0.932129,-1.15967,0,25.8179,1
1435.7,-0.180664,0.703125,0.957031,-2.19727,0,25.2075,1
1435.71,-0.185547,0.684082,0.947266,-0.427246,0.12207,26.3062,1
1435.72,-0.18457,0.835938,0.915527,-0.732422,0.549316,25.8789,1
1435.73,-0.217285,0.742676,0.896484,-0.854492,0.732422,25.4517,1
1435.74,-0.185059,0.833984,0.905762,0.549316,0.488281,26.4282,1
1435.75,-0.174805,0.799316,0.922852,0.183105,1.28174,25.6958,1
1435.76,-0.215332,0.769043,0.979492,1.40381,0.427246,26.5503,1
1435.77,-0.211426,0.766113,1,1.2207,0.549316,26.062,1
1435.78,-0.192871,0.806152,0.915527,2.56348,1.28174,27.2827,1
1435.79,-0.236816,0.861328,0.924805,2.01416,1.77002,26.9775,1
1435.8,-0.203613,0.769531,0.954102,1.58691,1.09863,26.4893,1
1435.81,-0.192383,0.800781,0.971191,2.62451,1.34277,27.71,1
1435.82,-0.188477,0.822266,0.954102,2.01416,1.40381,27.4048,1
1435.83,-0.197266,0.766602,0.952148,1.40381,1.09863,27.3438,1
1435.84,-0.181641,0.890137,0.901855,1.34277,1.46484,28.0151,1
1435.85,-0.229492,0.896973,0.956055,0.244141,2.0752,28.1372,1
1435.86,-0.190918,0.78125,0.953613,0.366211,1.46484,28.5645,1
1435.87,-0.155273,0.79248,0.90918,0.610352,1.58691,28.9917,1
1435.88,-0.230469,0.887207,0.916992,0.244141,0.976562,29.541,1
1435.89,-0.211914,0.76709,0.964844,-0.915527,1.09863,28.5645,1
1435.9,-0.196777,0.85791,0.895508,0.427246,1.46484,30.0903,1
1435.91,-0.216797,0.883789,0.905273,-1.28174,1.77002,29.6021,1
1435.92,-0.210449,0.726074,0.876465,-0.732422,0.976562,30.1514,1
1435.93,-0.165527,0.953613,0.882324,0,0.976562,30.5176,1
1435.94,-0.190918,0.82373,0.913574,-1.28174,1.83105,30.5176,1
1435.95,-0.233398,0.810059,0.981934,0.549316,0.488281,31.5552,1
1435.96,-0.188477,0.889648,0.9375,-0.183105,1.40381,30.7007,1
1435.97,-0.224121,0.773926,0.979004,0.854492,1.64795,31.9214,1
1435.98,-0.234375,0.928711,0.957031,1.0376,1.15967,31.4941,1
1435.99,-0.224121,0.945312,0.923828,-0.366211,1.52588,31.0669,1
1436,-0.228516,0.792969,0.951172,1.0376,1.89209,32.5317,1
1436.01,-0.196289,0.856934,0.955078,1.70898,1.89209,32.4707,1
1436.02,-0.169434,0.980469,0.935059,1.58691,1.89209,32.2876,1
1436.03,-0.212891,0.875,0.980469,0.549316,2.50244,31.9824,1
1436.04,-0.229004,0.824707,0.914062,0.976562,1.58691,33.0811,1
1436.04,-0.219727,0.869629,0.928711,0.549316,1.70898,32.7759,1
1436.05,-0.233887,0.906738,0.964355,0,2.44141,32.5317,1
1436.06,-0.202637,0.938477,0.942871,0.244141,2.62451,33.2031,1
1436.07,-0.20166,0.90332,0.936035,-0.244141,2.74658,33.0811,1
1436.08,-0.226074,0.925293,0.94043,-0.244141,1.89209,33.5693,1
1436.09,-0.227539,0.915527,0.904785,-0.976562,2.2583,33.1421,1
1436.1,-0.27832,0.845703,0.927246,-0.12207,2.0752,34.1797,1
1436.11,-0.225586,0.885742,0.989258,-0.366211,1.83105,33.9355,1
1436.12,-0.168457,0.898438,0.959961,-0.305176,2.50244,33.8135,1
1436.13,-0.210938,0.932129,0.899902,0.305176,2.44141,34.729,1
1436.14,-0.243164,0.975586,0.939453,-0.671387,2.0752,33.8745,1
1436.15,-0.269043,0.916016,0.959961,-0.305176,1.95312,34.729,1
1436.16,-0.225098,0.919922,0.98291,-0.366211,2.44141,34.729,1
1436.17,-0.23877,0.935547,0.94043,0.183105,2.19727,35.4614,1
1436.18,-0.243652,0.95459,0.953613,-0.305176,2.0752,35.2173,1
1436.19,-0.22168,0.894531,1.02588,0.305176,1.28174,35.5225,1
1436.2,-0.195312,1.00391,0.978027,1.34277,2.31934,35.9497,1
1436.21,-0.191895,1.00781,1.02051,-0.366211,1.89209,35.7666,1
1436.22,-0.200195,0.822754,0.966309,0,1.28174,36.1328,1
1436.23,-0.0986328,1.0498,0.905273,0.427246,1.46484,36.6821,1
1436.24,-0.152344,1.03955,0.960449,-0.793457,1.34277,36.9873,1
1436.25,-0.156738,0.856934,0.964844,-0.976562,0.183105,36.9873,1
1436.26,-0.137695,1.03223,0.976562,-0.427246,0.183105,37.7808,1
1436.27,-0.153809,0.912598,0.908691,-2.86865,0.976562,36.9263,1
1436.28,-0.164551,0.905273,0.927246,-1.15967,-0.183105,38.3911,1
1436.29,-0.195312,1.14893,1.00098,-2.74658,0,37.1704,1
1436.3,-0.172852,0.874512,0.997559,-2.92969,-0.305176,37.7197,1
1436.31,-0.135742,0.944824,0.995605,-0.427246,0.0610352,38.8184,1
1436.32,-0.125977,0.991699,0.931152,-2.62451,-0.12207,37.5977,1
1436.33,-0.139648,0.930664,0.89502,-1.89209,-0.427246,38.6353,1
1436.34,-0.150879,1.00146,1.00635,-2.2583,0,38.147,1
1436.34,-0.101562,0.95459,0.930176,-2.38037,-0.366211,38.0249,1
1436.35,-0.129395,0.993164,0.987305,-1.52588,-0.732422,38.8794,1
1436.36,-0.177734,0.976562,0.977539,-2.68555,-0.854492,37.7197,1
1436.37,-0.172852,0.891113,0.991699,-1.2207,0,38.3911,1
1436.38,-0.124023,1.14307,0.98291,-1.46484,0.610352,37.8418,1
1436.39,-0.151367,0.928223,0.949219,-3.35693,0.610352,37.9028,1
1436.4,-0.12793,0.97168,0.919434,-2.01416,-0.427246,37.9639,1
1436.41,-0.114258,1.08057,0.94043,-2.56348,0.549316,37.7808,1
1436.42,-0.151367,0.812012,1.02637,-2.19727,0.549316,37.4756,1
1436.43,-0.12793,1.11914,1.04443,-0.671387,0.244141,37.6587,1
1436.44,-0.130371,1.0332,0.959961,-3.23486,1.15967,36.9873,1
1436.45,-0.150391,0.886719,0.974121,-1.28174,0.915527,37.9028,1
1436.46,-0.152344,1.0498,0.898926,-2.68555,1.2207,36.8042,1
1436.47,-0.151855,0.972656,0.950684,-2.62451,1.46484,37.2314,1
1436.48,-0.13623,0.955078,0.998535,-2.19727,1.52588,36.9263,1
1436.49,-0.0537109,1.01318,0.976074,-0.671387,1.77002,37.2314,1
1436.5,-0.0664062,0.902344,0.92041,-2.31934,2.01416,36.499,1
1436.51,-0.165527,0.958008,0.949707,-0.244141,1.28174,37.5366,1
1436.52,-0.12793,1.04443,0.967285,-2.2583,1.95312,35.7056,1
1436.53,-0.124512,0.938965,0.946289,-1.09863,3.05176,37.0483,1
1436.54,-0.109375,0.931152,0.893555,-1.40381,2.50244,36.6821,1
1436.55,-0.0927734,0.905273,0.90332,-1.58691,2.0752,36.499,1
1436.56,-0.148926,0.933594,0.912598,-0.610352,2.19727,36.9263,1
1436.57,-0.174316,0.99707,0.980469,-0.0610352,3.23486,36.3159,1
1436.58,-0.12793,0.94043,0.941895,-0.0610352,2.44141,36.3159,1
1436.59,-0.11084,0.963379,0.969238,0.305176,2.44141,36.499,1
1436.6,-0.126465,0.946289,0.978516,-0.732422,2.2583,36.1938,1
1436.61,-0.115723,0.977539,0.919922,-0.488281,3.05176,36.9873,1
1436.62,-0.152344,0.931152,0.848633,-1.0376,3.35693,36.6211,1
1436.63,-0.141602,0.962402,0.933105,-0.0610352,2.80762,37.2314,1
1436.63,-0.0825195,0.980469,0.937012,-1.28174,3.05176,35.6445,1
1436.64,-0.11084,0.861328,0.950684,-0.732422,3.23486,37.0483,1
1436.65,-0.0908203,1.00439,0.936523,-1.40381,2.74658,36.377,1
1436.66,-0.114258,0.993164,0.898438,-3.66211,2.50244,35.8887,1
1436.67,-0.130371,0.787109,0.853516,-2.99072,2.86865,36.6821,1
1436.68,-0.105957,1.10156,0.875977,-1.77002,2.80762,37.1704,1
1436.69,-0.154297,0.885742,0.962891,-5.24902,2.80762,36.2549,1
1436.7,-0.108398,0.818359,0.96582,-1.83105,2.01416,37.3535,1
1436.71,-0.11377,1.14795,0.949219,-3.23486,3.05176,36.5601,1
1436.72,-0.148438,0.802246,0.928711,-3.96729,2.0752,36.9873,1
1436.73,-0.0869141,0.914551,0.92041,-2.44141,1.15967,37.7197,1
1436.74,-0.0708008,0.947754,0.888672,-3.17383,2.01416,36.9263,1
1436.75,-0.0258789,0.984863,0.887207,-2.56348,1.52588,37.9028,1
1436.76,-0.0649414,0.895996,0.878418,-2.99072,1.64795,37.3535,1
1436.77,-0.059082,0.943848,0.885742,-1.70898,0.610352,37.6587,1
1436.78,-0.0678711,0.950195,0.977539,-2.13623,1.52588,37.6587,1
1436.79,-0.0400391,0.975586,0.934082,-1.2207,0.915527,37.9028,1
1436.8,-0.0795898,0.845703,0.90332,-3.05176,1.09863,36.9873,1
1436.81,-0.0429688,0.994629,0.88916,-0.793457,0.366211,37.7808,1
1436.82,-0.090332,0.887207,0.938965,-3.23486,1.52588,36.6821,1
1436.83,-0.065918,0.915527,0.967773,0.183105,1.0376,37.9028,1
1436.84,-0.0424805,1.14844,0.935059,-1.77002,1.58691,36.438,1
1436.85,-0.0722656,0.760742,0.927246,-1.52588,1.40381,36.9263,1
1436.86,0.034668,0.931152,0.88916,0.915527,0.732422,37.1704,1
1436.87,-0.0180664,1.0752,0.916992,-1.2207,1.64795,36.6821,1
1436.88,0.00683594,0.754883,1.00342,-1.70898,1.09863,36.8042,1
1436.89,0.0566406,1.04639,0.879883,0.976562,1.52588,36.8652,1
1436.9,0.00976562,1.06299,0.894531,-1.28174,1.89209,36.499,1
1436.91,-0.0102539,0.737793,0.956055,-0.244141,1.09863,36.0107,1
1436.92,0.0844727,1.16455,0.988281,1.64795,1.15967,35.9497,1
1436.92,-0.00292969,1.03662,0.98291,-1.77002,2.31934,35.7056,1
1436.93,0.0600586,0.724121,0.951172,-0.244141,1.2207,35.7666,1
1436.94,0.0566406,1.00293,0.904297,0.976562,1.83105,35.7666,1
1436.95,0.0629883,1.19287,0.970215,-1.15967,2.0752,34.729,1
1436.96,0.0214844,0.648438,0.973633,-2.0752,2.56348,34.6069,1
1436.97,0.0517578,1.00439,0.969238,2.01416,1.95312,34.9731,1
1436.98,0.0302734,1.13037,0.92627,-1.95312,2.62451,33.8135,1
1436.99,0.00244141,0.777832,0.916992,-1.40381,2.31934,34.1187,1
1437,0.0209961,0.970703,0.948242,-0.610352,2.56348,33.8135,1
1437.01,-0.0166016,1.10059,0.939453,-2.31934,3.35693,33.6914,1
1437.02,0.0629883,0.758301,0.983887,-3.41797,2.68555,33.2642,1
1437.03,0.0693359,0.958496,0.868164,-1.52588,2.56348,33.8745,1
1437.04,0.00878906,0.986816,0.927246,-3.96729,3.05176,33.3252,1
1437.05,-0.0161133,0.849121,0.933105,-3.84521,2.01416,33.1421,1
1437.06,0.0229492,0.963379,0.905273,-3.479,2.62451,32.959,1
1437.07,-0.0131836,0.96582,0.93457,-3.84521,2.86865,32.6538,1
1437.08,0.0522461,0.875977,0.9375,-4.15039,2.19727,32.4097,1
1437.09,0.0429688,0.842773,0.88623,-2.92969,2.13623,33.3862,1
1437.1,0.03125,1.02881,0.941406,-3.05176,2.01416,32.7148,1
1437.11,-0.015625,0.778809,0.907227,-3.90625,2.38037,32.3486,1
1437.12,-0.00439453,0.900391,0.929688,-1.40381,1.52588,32.5928,1
1437.13,-0.0283203,0.985352,0.927246,-3.23486,2.0752,31.7383,1
1437.14,-0.0131836,0.76416,0.901855,-3.17383,1.58691,31.7993,1
1437.15,0.0288086,0.952148,0.885742,-2.62451,1.58691,32.1045,1
1437.16,0.027832,1.00879,0.916016,-4.21143,2.13623,31.189,1
1437.17,0.0136719,0.849609,0.935547,-4.5166,1.46484,31.311,1
1437.18,0.0117188,0.862793,0.890625,-2.86865,1.46484,31.9214,1
1437.19,-9.765625e-04,0.896484,0.932129,-4.02832,1.52588,30.7007,1
1437.2,0.0234375,0.800781,0.880371,-3.05176,1.46484,30.8838,1
1437.2,0.0078125,0.86377,0.911133,-2.31934,2.31934,30.4565,1
1437.21,-0.0112305,0.923828,0.92627,-2.68555,1.46484,30.0903,1
1437.22,0.00146484,0.881836,0.904785,-2.01416,1.95312,29.9683,1
1437.23,-0.0117188,0.964355,0.94043,-1.09863,2.19727,29.9072,1
1437.24,-0.0556641,0.922363,0.978516,-0.427246,2.31934,29.9072,1
1437.25,0.0141602,0.750488,0.984863,0.0610352,2.2583,29.2969,1
1437.26,0.0161133,0.903809,0.95459,1.58691,2.50244,29.9683,1
1437.27,-0.0478516,0.95459,0.992188,0.610352,2.50244,28.8086,1
1437.28,0.00341797,0.805664,0.968262,1.28174,2.0752,28.8696,1
1437.29,-0.0180664,0.95459,0.951172,3.72314,2.80762,29.6631,1
1437.3,-0.0463867,0.973145,1.0415,2.01416,2.99072,28.5034,1
1437.31,0.050293,0.770996,0.974609,3.23486,2.2583,28.8696,1
1437.32,0.0380859,1.01123,1.00586,4.15039,2.99072,29.2969,1
1437.33,0.0131836,0.97998,1.03369,1.89209,2.74658,28.6865,1
1437.34,0.00683594,0.818359,1.01611,2.31934,1.83105,29.2969,1
1437.35,0.0117188,0.905273,1.04834,1.64795,2.38037,29.2358,1
1437.36,0.00732422,0.883789,0.970703,-0.610352,2.68555,29.48,1
1437.37,0.0517578,0.890625,0.938965,-2.74658,2.13623,28.8696,1
1437.38,0.0517578,0.959473,0.96582,-2.80762,1.77002,30.3955,1
1437.39,0.0756836,0.925293,0.922852,-4.45557,0.976562,29.9683,1
1437.4,0.11084,0.651367,0.952637,-3.96729,0.427246,30.5786,1
1437.41,-0.015625,0.928223,0.961914,-3.54004,0.305176,30.4565,1
1437.42,0.0527344,0.964355,0.922852,-6.22559,0.427246,30.3345,1
1437.43,0.00195312,0.657715,0.950684,-5.49316,0.0610352,31.4331,1
1437.44,0.0537109,0.950195,0.898926,-4.76074,-0.488281,31.7993,1
1437.45,0.09375,0.997559,0.937988,-7.62939,-0.854492,30.7007,1
1437.46,0.0483398,0.582031,1.00635,-6.7749,-0.610352,30.8838,1
1437.47,0.0932617,1.00537,0.85791,-3.2959,-1.09863,31.25,1
1437.48,0.0141602,0.965332,0.896484,-7.20215,0.366211,30.3345,1
1437.49,0.0864258,0.56543,0.898438,-5.31006,-0.915527,31.25,1
1437.5,0.145508,0.960449,0.910156,-3.41797,0,31.189,1
1437.51,0.081543,0.842773,0.953125,-6.46973,0.671387,30.2124,1
1437.52,0.100586,0.584473,0.90918,-3.35693,0.366211,30.8838,1
1437.53,0.0766602,0.913574,0.912598,-1.77002,1.2207,29.7852,1
1437.54,0.0439453,0.909668,0.949707,-2.56348,1.77002,29.2969,1
1437.55,0.0454102,0.700195,1.0498,-1.15967,1.52588,29.7241,1
1437.56,0.081543,0.893066,0.969238,0.427246,1.83105,29.8462,1
1437.57,0.0458984,0.907715,0.961914,-0.0610352,2.68555,29.1748,1
1437.58,0.0258789,0.633789,1.01514,0.976562,2.80762,29.6021,1
1437.59,0.019043,0.845703,0.989258,3.84521,2.50244,30.5176,1
1437.59,0.0209961,0.936035,1.02393,0.732422,3.11279,29.1748,1
1437.6,0.0678711,0.564941,0.995117,2.13623,3.11279,30.2734,1
1437.61,-0.00683594,0.985352,1.02002,4.45557,3.60107,30.6396,1
1437.62,0.0107422,0.987793,1.04053,0.0610352,4.5166,29.3579,1
1437.63,0.00927734,0.532715,0.999023,1.64795,4.21143,31.3721,1
1437.64,0.00683594,1.03906,1.01025,3.11279,3.90625,31.5552,1
1437.65,-0.0180664,0.891113,0.957031,-1.40381,4.08936,30.8228,1
1437.66,0.00830078,0.555664,0.987793,1.09863,3.72314,32.3486,1
1437.67,0.0366211,0.965332,0.958984,0.0610352,3.96729,31.8604,1
1437.68,0.0151367,0.855469,0.945801,-3.35693,3.11279,32.2876,1
1437.69,-0.00732422,0.644043,0.953613,-2.80762,2.68555,33.2642,1
1437.7,-0.0751953,0.989746,0.918457,-2.74658,2.92969,33.7524,1
1437.71,-0.0078125,0.85791,0.969238,-5.98145,2.74658,32.8979,1
1437.72,0.0668945,0.563965,0.949707,-4.15039,1.77002,34.668,1
1437.73,0.119141,0.902832,0.924805,-2.80762,0.305176,35.1562,1
1437.74,0.0947266,0.959473,0.936035,-6.22559,0,34.4238,1
1437.75,0.0893555,0.662598,0.928223,-5.43213,-0.305176,35.0952,1
1437.76,0.0771484,0.900879,0.928711,-2.86865,-0.12207,35.7056,1
1437.77,0.074707,0.91748,0.966797,-4.76074,-0.732422,34.79,1
1437.78,0.0766602,0.705566,0.95459,-2.56348,-1.40381,35.8276,1
1437.79,0.0673828,0.883789,0.986328,-0.610352,-0.427246,35.9497,1
1437.8,0.116211,0.882812,1.03857,-1.40381,-1.2207,35.4614,1
1437.81,0.153809,0.717773,0.984863,-0.244141,-1.70898,36.1328,1
1437.82,0.129883,0.868164,0.973145,1.09863,-1.89209,36.6211,1
1437.83,0.125,0.90332,0.960938,0.183105,-1.64795,35.4004,1
1437.84,0.115723,0.778809,0.961914,0.732422,-1.77002,35.7056,1
1437.85,0.0810547,0.950195,1.00146,1.89209,-1.77002,36.2549,1
1437.86,0.123535,0.922852,1.02295,0.671387,-1.28174,35.4614,1
1437.87,0.130371,0.756348,1.04248,1.70898,-1.70898,36.0107,1
1437.88,0.120117,0.858398,1.01221,1.83105,-1.40381,35.7056,1
1437.88,0.103516,0.936523,0.978516,-0.0610352,-1.2207,34.79,1
1437.89,0.0649414,0.784668,0.995605,-0.610352,-0.488281,35.3394,1
1437.9,0.105957,0.983887,1.01074,-0.12207,-0.427246,35.2783,1
1437.91,0.0800781,0.925781,1.04102,-2.31934,-0.244141,33.9966,1
1437.92,0.0673828,0.851074,1.09033,-0.366211,-0.610352,34.5459,1
1437.93,0.0649414,1.05713,1.07422,-1.34277,0.732422,33.6914,1
1437.94,0.0327148,0.750977,0.993652,-2.62451,1.09863,34.2407,1
1437.95,0.0234375,0.79248,0.97998,-1.0376,1.15967,34.3628,1
1437.96,0.0712891,1.021,0.944824,-3.2959,1.46484,33.02,1
1437.97,0.109375,0.716309,0.955078,-3.11279,1.95312,33.8745,1
1437.98,0.0556641,0.8125,0.904297,-1.64795,2.01416,33.5083,1
1437.99,0.0498047,0.950684,0.93457,-3.479,2.01416,32.3486,1
1438,0.0131836,0.859863,0.901855,-3.35693,3.41797,32.5928,1
1438.01,0.0166016,0.817383,0.979492,-2.80762,3.54004,33.0811,1
1438.02,0.0532227,0.867676,0.907715,-3.41797,3.17383,32.2266,1
1438.03,0.0742188,0.742188,0.886719,-3.60107,3.54004,32.4097,1
1438.04,0.0297852,0.768066,0.928223,-1.83105,4.08936,32.8979,1
1438.05,-0.0307617,0.931152,0.959961,-3.17383,4.39453,31.4331,1
1438.06,-0.0146484,0.815918,0.963867,-2.92969,4.88281,32.1655,1
1438.07,-0.0078125,0.755859,0.928711,-1.95312,5.18799,32.2876,1
1438.08,-0.019043,0.941406,0.941406,-1.95312,4.57764,32.0435,1
1438.09,0.0175781,0.700684,0.933594,-2.86865,5.67627,31.4941,1
1438.1,-0.0151367,0.797363,0.873047,-0.854492,5.7373,32.5317,1
1438.11,-0.0371094,0.937012,0.917969,-2.80762,6.04248,31.7993,1
1438.12,-0.0288086,0.732422,0.920898,-2.44141,5.61523,32.3486,1
1438.13,-0.0488281,0.880859,0.920898,-0.732422,6.46973,33.1421,1
1438.14,-0.0981445,0.864258,0.957031,-2.86865,6.40869,32.1655,1
1438.15,-0.0566406,0.683105,0.928711,-2.0752,5.5542,32.8369,1
1438.16,-0.0722656,0.914062,0.923828,-0.427246,6.5918,33.4473,1
1438.17,-0.0991211,0.806641,0.949219,-2.50244,6.95801,32.959,1
1438.18,-0.0107422,0.688477,0.893555,-1.09863,5.61523,33.8135,1
1438.18,-0.0444336,0.827148,0.887207,-1.28174,6.04248,34.3018,1
1438.19,-0.0678711,0.78418,0.858398,-1.28174,5.31006,34.729,1
1438.2,-0.0688477,0.825684,0.896484,-1.64795,4.94385,34.8511,1
1438.21,-0.0400391,0.844238,0.891113,-1.28174,4.88281,35.5835,1
1438.22,-0.0668945,0.772461,0.910156,-1.77002,5.00488,35.7666,1
1438.23,-0.0610352,0.734375,0.908691,-1.52588,3.479,35.9497,1
1438.24,-0.03125,0.855469,0.899902,-0.854492,3.78418,36.1938,1
1438.25,-0.0341797,0.851074,0.906738,-0.732422,4.02832,36.6211,1
1438.26,-0.0209961,0.80127,0.931641,-0.671387,2.86865,36.9873,1
1438.27,-0.019043,0.869141,0.935547,-0.12207,1.95312,37.6587,1
1438.28,-0.0229492,0.861816,0.916992,-0.854492,2.01416,37.5977,1
1438.29,-0.0126953,0.734863,0.903809,-0.549316,1.70898,37.9639,1
1438.3,0.0283203,0.906738,0.910156,0,0.854492,38.3301,1
1438.31,0.0332031,0.851562,0.897949,-0.793457,1.0376,38.0859,1
1438.32,0.0141602,0.758301,0.952148,0.488281,0.305176,39.1235,1
1438.33,0.0288086,0.913574,0.955566,0,-0.366211,38.5132,1
1438.34,0.0317383,0.826172,0.902832,-0.305176,-0.244141,38.6963,1
1438.35,0.0356445,0.956055,0.92041,-0.0610352,-0.427246,38.7573,1
1438.36,0.0532227,0.906738,0.931641,-1.58691,-0.305176,37.9028,1
1438.37,0.00830078,0.833984,0.971191,0,-0.915527,39.0625,1
1438.38,0.0463867,0.89209,0.991699,0.305176,-0.671387,38.3301,1
1438.39,0.0395508,0.834473,0.916016,0.549316,-0.488281,37.8418,1
1438.4,-0.00585938,0.936523,1.01758,0.976562,-0.793457,38.0859,1
1438.41,0.0219727,0.783691,1.0791,0,-0.427246,37.3535,1
1438.42,0.078125,0.979004,0.964355,1.83105,-0.427246,38.0249,1
1438.43,0.0551758,1.03662,0.941406,-0.610352,0,36.8652,1
1438.44,0.00634766,0.776855,1.00439,0.244141,-0.854492,37.1704,1
1438.45,0.0527344,1.01318,1.04785,1.70898,-0.305176,36.8042,1
1438.46,0.0410156,0.991211,1.02197,-0.244141,0.549316,35.9497,1
1438.47,0.0478516,0.811035,1.04932,0.793457,0,36.7432,1
1438.48,0.0864258,1.04785,1.01221,0.488281,0,35.5835,1
1438.49,0.0766602,0.922852,1.00098,-1.40381,0.854492,35.0342,1
1438.5,0.0664062,0.756348,1.03662,0.610352,1.0376,35.9497,1
1438.51,0.121582,1.05225,1.02197,-0.366211,0.610352,34.668,1
1438.52,0.124512,0.869141,0.937012,-2.0752,0.732422,34.79,1
1438.53,0.151367,0.766113,0.9375,-0.12207,0.671387,35.2783,1
1438.54,0.136719,1.01709,0.990723,-1.0376,0.976562,34.2407,1
1438.54,0.112793,0.84082,0.976562,-2.68555,1.64795,33.9355,1
1438.55,0.109863,0.754395,0.949707,-1.58691,1.64795,34.3628,1
1438.56,0.0898438,0.986328,0.941895,-3.54004,1.83105,33.5083,1
1438.57,0.15332,0.788086,0.88916,-5.79834,1.89209,33.3252,1
1438.58,0.192871,0.686035,0.887207,-4.02832,1.70898,34.1797,1
1438.59,0.194824,0.999512,0.920898,-3.72314,1.40381,33.3252,1
1438.6,0.166016,0.867676,0.980469,-5.18799,2.31934,32.6538,1
1438.61,0.0834961,0.735352,0.956543,-3.2959,2.13623,33.5083,1
1438.62,0.0825195,0.960449,0.946289,-3.90625,2.0752,32.6538,1
1438.63,0.114258,0.762695,0.897461,-4.82178,2.0752,32.3486,1
1438.64,0.189941,0.824707,0.916992,-2.68555,2.13623,33.3252,1
1438.65,0.210449,0.950195,0.996582,-4.21143,2.56348,32.1045,1
1438.66,0.188965,0.744629,1.021,-3.66211,1.64795,32.5317,1
1438.67,0.0932617,0.912598,0.962891,-1.70898,1.95312,33.2031,1
1438.68,0.0644531,0.959961,0.983887,-3.72314,2.13623,32.2266,1
1438.69,0.168945,0.64209,0.969238,-2.2583,1.77002,32.8979,1
1438.7,0.253906,0.91748,0.969238,-0.0610352,1.77002,33.02,1
1438.71,0.192383,0.904297,0.98877,-1.40381,1.70898,32.4707,1
1438.72,0.106445,0.680664,0.973633,-0.488281,0.915527,32.8979,1
1438.73,0.0820312,0.850098,0.983887,1.0376,1.2207,33.4473,1
1438.74,0.135254,0.936523,0.949707,-0.0610352,1.64795,32.7148,1
1438.75,0.180664,0.733398,0.976074,-0.366211,0.976562,33.02,1
1438.76,0.166504,0.799316,1.01025,1.46484,0.549316,33.9355,1
1438.77,0.132812,0.876465,1.00146,-0.0610352,0.671387,32.5928,1
1438.78,0.114258,0.712891,0.882324,-0.183105,0.549316,33.5083,1
1438.79,0.121094,0.843262,0.897461,0.0610352,0.183105,33.6914,1
1438.8,0.120605,0.953613,0.993164,-1.46484,0,32.959,1
1438.81,0.125488,0.75293,1.02295,-1.0376,0.427246,33.4473,1
1438.82,0.128418,0.823242,1.01123,-0.0610352,0.549316,33.6304,1
1438.83,0.131348,0.95752,0.943359,-1.15967,0.12207,32.7148,1
1438.84,0.09375,0.737793,0.931152,-2.13623,0.610352,32.4097,1
1438.85,0.0722656,0.867676,0.981445,-0.976562,0.305176,33.0811,1
1438.85,0.114258,0.90332,0.99707,-3.35693,1.0376,32.0435,1
1438.86,0.151855,0.755859,0.944336,-3.17383,0.671387,32.8369,1
1438.87,0.166016,0.901855,0.976074,-2.44141,0.793457,32.5317,1
1438.88,0.102539,0.914062,0.978027,-3.54004,1.15967,31.6772,1
1438.89,0.0805664,0.734863,0.97168,-2.99072,0.976562,32.1655,1
1438.9,0.101562,0.821289,0.931641,-2.13623,1.34277,31.7383,1
1438.91,0.10498,0.880859,0.90625,-2.13623,1.89209,31.4331,1
1438.92,0.104004,0.827148,0.969727,-1.89209,1.89209,31.3721,1
1438.93,0.111816,0.813477,1.00928,-0.854492,1.89209,31.4331,1
1438.94,0.102051,0.846191,0.97998,-0.488281,2.38037,31.4941,1
1438.95,0.097168,0.759766,0.960938,0,2.68555,31.4331,1
1438.96,0.0825195,0.830566,0.93457,1.15967,2.2583,31.5552,1
1438.97,0.0810547,0.789551,0.96582,1.40381,2.62451,31.0059,1
1438.98,0.0693359,0.852051,0.984375,1.89209,2.92969,31.6162,1
1438.99,0.0844727,0.775391,0.969727,0.610352,3.17383,31.1279,1
1439,0.0883789,0.79541,0.936035,0.427246,2.56348,31.9824,1
1439.01,0.105957,0.887207,0.938477,-0.244141,2.74658,31.9214,1
1439.02,0.0620117,0.873047,0.966309,-0.976562,3.35693,31.311,1
1439.03,0.0380859,0.771484,0.992676,-0.610352,3.41797,31.4331,1
1439.04,0.0649414,0.84375,1.00195,0.183105,3.23486,32.1045,1
1439.05,0.0737305,0.826172,0.939941,-1.58691,3.23486,31.4941,1
1439.06,0.0698242,0.707031,0.907227,-1.40381,2.68555,32.7759,1
1439.07,0.059082,0.895508,0.944336,-2.13623,2.80762,32.4707,1
1439.07,0.0444336,0.848633,0.965332,-3.60107,3.11279,32.0435,1
1439.08,0.0288086,0.78418,0.969727,-2.80762,2.80762,32.7759,1
1439.09,0.0297852,0.842285,0.959961,-2.19727,2.2583,32.8979,1
1439.1,0.0522461,0.891113,0.945312,-2.86865,2.2583,32.1045,1
1439.11,0.0571289,0.778809,0.934082,-3.17383,2.31934,32.7759,1
1439.12,0.0375977,0.766602,0.952637,-2.56348,1.77002,33.7524,1
1439.13,0.0751953,0.911621,0.928223,-3.05176,1.34277,33.2031,1
1439.14,0.0380859,0.77832,0.916016,-2.86865,1.95312,33.3862,1
1439.15,0.0112305,0.766113,0.973145,-0.915527,1.52588,33.6914,1
1439.16,0.0356445,0.875977,0.976074,-1.28174,0.976562,32.8979,1
1439.17,0.0688477,0.8125,0.939941,-0.671387,1.34277,33.4473,1
1439.18,0.0737305,0.887207,0.944336,-0.12207,1.34277,33.7524,1
1439.19,0.0249023,0.828125,0.94873,-1.0376,1.46484,33.2031,1
1439.2,-9.765625e-04,0.77002,0.973145,0.183105,1.40381,34.668,1
1439.21,0.0200195,0.825684,0.947266,0.549316,1.77002,34.3018,1
1439.22,0.0341797,0.807617,0.931152,0.915527,0.976562,34.3628,1
1439.23,0.0488281,0.791016,0.979492,1.46484,0.610352,34.2407,1
1439.24,0.0664062,0.934082,0.97998,2.13623,0.854492,34.1797,1
1439.25,0.0253906,0.905762,0.973145,1.2207,1.28174,34.2407,1
1439.26,-0.0458984,0.808105,0.987305,1.70898,1.40381,34.8511,1
1439.27,-0.00634766,0.979492,0.990234,1.52588,1.09863,34.668,1
1439.28,0.0292969,0.807617,1.00635,1.15967,1.89209,35.0342,1
1439.29,0.0449219,0.842773,1.02539,2.62451,1.09863,35.4614,1
1439.3,0.03125,0.949219,1.0332,0.549316,0.854492,34.2407,1
1439.31,0.00341797,0.825195,1.01318,0.610352,1.58691,34.79,1
1439.32,-0.0478516,0.959961,0.990723,0.366211,2.2583,35.2173,1
1439.33,-0.0366211,0.909668,0.962402,-1.64795,2.2583,34.4849,1
1439.34,-0.00732422,0.806152,0.971191,-0.915527,1.89209,35.5835,1
1439.35,0.0195312,0.976562,1.00537,-1.15967,2.0752,35.1562,1
1439.36,0.00683594,0.887695,1.01807,-2.86865,2.50244,34.668,1
1439.37,-0.0175781,0.821777,0.995605,-2.44141,2.01416,35.4004,1
1439.37,-0.0268555,0.901367,0.958496,-3.35693,2.2583,35.2173,1
1439.38,-0.0556641,0.924805,0.921875,-3.90625,2.0752,35.5835,1
1439.39,-0.0371094,0.775391,0.914551,-4.88281,2.2583,35.0342,1
1439.4,0.0170898,0.916016,0.89502,-2.80762,1.52588,36.2549,1
1439.41,0.0249023,0.94873,0.938965,-4.45557,2.19727,35.2783,1
1439.42,-0.00439453,0.753418,0.924805,-3.66211,1.34277,35.8276,1
1439.43,9.765625e-04,0.918945,0.931152,-2.01416,1.95312,35.9497,1
1439.44,-0.0356445,0.854492,0.922363,-2.74658,2.92969,35.4004,1
1439.45,-0.0239258,0.783203,0.946777,-1.09863,1.89209,36.0107,1
1439.46,-0.012207,0.9375,0.947266,-0.610352,2.50244,35.7666,1
1439.47,-0.0166016,0.861328,0.958008,-0.915527,2.62451,35.5225,1
1439.48,-0.00732422,0.82959,0.960449,-0.183105,2.62451,36.0107,1
1439.49,-0.0317383,0.894043,0.924316,-0.12207,2.92969,36.0718,1
1439.5,-0.0185547,0.859375,0.95459,-0.244141,2.86865,35.5225,1
1439.51,-0.0249023,0.904297,0.937988,0.12207,3.60107,35.9497,1
1439.52,-0.0341797,0.922852,0.962891,0.0610352,3.60107,36.1328,1
1439.53,-0.00390625,0.846191,0.95166,-0.366211,3.72314,35.7666,1
1439.54,-0.0151367,0.87793,0.916992,0.793457,3.41797,36.8652,1
1439.55,-0.0356445,0.890625,0.964844,-0.0610352,3.60107,35.9497,1
1439.56,-0.0493164,0.893555,0.929688,0.244141,3.54004,36.499,1
1439.57,-0.0571289,0.925293,0.980957,0.305176,3.66211,36.7432,1
1439.58,-0.065918,0.912109,0.983398,-0.12207,4.02832,36.1328,1
1439.59,-0.0385742,0.92041,0.932617,0.488281,4.08936,37.4756,1
1439.6,-0.0302734,0.862793,0.895508,-0.427246,4.15039,37.1094,1
1439.61,-0.0249023,0.77002,0.889648,-0.305176,3.11279,37.3535,1
1439.62,-0.0126953,1.01074,0.866211,-0.305176,3.72314,37.7197,1
1439.63,-0.0786133,0.800781,0.913574,-1.77002,4.3335,37.5366,1
1439.64,-0.0625,0.805664,0.911621,0.12207,3.17383,38.3301,1
1439.65,-0.019043,1.03369,0.873047,-1.28174,3.60107,37.9028,1
1439.66,-0.065918,0.824219,0.902344,-2.2583,3.17383,38.3301,1
1439.66,-0.0708008,0.962891,0.94043,-1.0376,2.56348,38.8794,1
1439.67,-0.0639648,0.945312,0.890625,-2.44141,3.479,38.6963,1
1439.68,-0.0908203,0.772949,0.904785,-1.83105,2.92969,39.2456,1
1439.69,-0.0610352,0.84375,0.936523,-1.58691,2.19727,39.3066,1
1439.7,-0.0566406,0.924805,0.945801,-1.83105,2.80762,39.3066,1
1439.71,-0.0551758,0.946289,0.917969,-2.56348,2.86865,39.5508,1
1439.72,-0.0517578,0.898926,0.864746,-2.99072,2.80762,39.4897,1
1439.73,-0.0878906,0.951172,0.890625,-2.99072,2.0752,39.978,1
1439.74,-0.100586,0.98291,0.962891,-2.80762,2.2583,39.856,1
1439.75,-0.0595703,0.866699,0.972168,-2.0752,2.99072,40.1001,1
1439.76,-0.0791016,0.928711,0.920898,-1.0376,2.38037,40.7104,1
1439.77,-0.0644531,0.889648,0.94873,-1.89209,1.95312,39.7949,1
1439.78,-0.0605469,0.891602,0.962402,-0.0610352,1.89209,40.7715,1
1439.79,-0.0639648,1.03857,0.908203,-0.0610352,2.68555,40.1001,1
1439.8,-0.0854492,0.926758,0.916016,-0.488281,2.38037,40.2832,1
1439.81,-0.0644531,0.828613,1,0.671387,1.64795,40.7715,1
1439.82,-0.0195312,1.0459,0.958984,1.58691,2.01416,41.0156,1
1439.83,-0.0234375,0.916016,0.97168,0.610352,2.62451,40.6494,1
1439.84,-0.0410156,0.914551,0.953613,2.13623,1.89209,41.2598,1
1439.85,-0.0317383,0.984863,0.970703,0.915527,1.95312,40.3442,1
1439.86,-0.0874023,0.856934,0.981934,1.95312,2.13623,41.3818,1
1439.87,0.00146484,0.958984,0.965332,0.671387,1.77002,40.4663,1
1439.88,0.0410156,0.915527,0.890137,0.549316,1.70898,41.3208,1
1439.89,0.0693359,1.06055,0.956055,0,1.15967,40.9546,1
1439.9,0.0708008,1.00391,0.980469,-0.915527,1.0376,40.9546,1
1439.91,0.0405273,0.979492,0.990234,-0.183105,1.52588,41.4429,1
1439.92,-0.00439453,0.912598,1.02832,-1.70898,1.52588,40.5273,1
1439.93,0.0268555,0.797852,0.92334,-1.95312,1.0376,40.7104,1
1439.94,0.0654297,0.978516,0.882812,-2.19727,1.34277,41.0156,1
1439.95,0.103516,1.0542,0.918945,-4.21143,1.77002,40.1611,1
1439.96,0.097168,0.869629,0.963379,-4.39453,1.15967,40.7104,1
1439.96,0.0776367,0.978027,0.95752,-3.90625,1.70898,39.856,1
1439.97,0.0366211,0.949707,0.897461,-3.17383,1.58691,40.2222,1
1439.98,0.0698242,0.931641,0.880859,-3.84521,1.89209,38.7573,1
1439.99,0.0620117,0.832031,0.9375,-2.13623,2.2583,40.1611,1
1440,0.13916,0.945801,1.00684,-2.0752,2.13623,39.3066,1
1440.01,0.14502,0.871582,0.934082,-3.2959,1.95312,38.8794,1
1440.02,0.102051,0.862793,0.939941,-2.0752,1.64795,39.2456,1
1440.03,0.0581055,1.06738,0.932129,-2.50244,2.0752,38.5742,1
1440.04,0.120117,0.90918,0.91748,-2.50244,2.56348,38.208,1
1440.05,0.186035,0.950195,0.939453,0,2.19727,39.0625,1
1440.06,0.15625,1.0166,0.953613,-0.549316,1.95312,37.7808,1
1440.07,0.0551758,0.814941,1.02393,0.427246,2.44141,38.269,1
1440.08,-0.00146484,0.92334,0.944824,1.52588,2.44141,38.6353,1
1440.09,0.0200195,0.974609,0.95459,-0.183105,2.92969,37.9028,1
1440.1,0.135742,0.879395,0.954102,-0.366211,2.19727,38.269,1
1440.11,0.17334,0.916504,0.989258,0.366211,2.50244,38.6353,1
1440.12,0.153809,1.03711,0.96875,-0.549316,2.2583,37.6587,1
1440.13,0.0922852,0.923828,0.973145,-0.610352,2.2583,38.0859,1
1440.14,0.0507812,1.00537,0.897949,-0.488281,2.2583,38.208,1
1440.14,0.0751953,0.866211,0.851074,-2.0752,2.19727,38.4521,1
1440.15,0.119629,0.794922,0.879883,-1.64795,1.64795,39.0015,1
1440.16,0.159668,0.962402,0.972656,-2.01416,1.28174,38.7573,1
1440.17,0.166016,0.880859,0.988281,-2.2583,1.89209,38.269,1
1440.18,0.132812,0.929688,0.941895,-0.915527,1.52588,38.8184,1
1440.19,0.0727539,1.02246,0.911621,-2.13623,1.77002,37.9028,1
1440.2,0.0454102,0.924316,0.967773,-2.92969,0.976562,38.269,1
1440.21,0.0727539,0.869141,1.01221,-1.64795,1.28174,38.9404,1
1440.22,0.165039,1.05322,0.97168,-1.64795,1.77002,38.5742,1
1440.23,0.139648,0.877441,0.977539,-2.74658,1.40381,38.6963,1
1440.24,0.119629,0.842773,0.953125,-1.64795,0.671387,38.6963,1
1440.25,0.126465,1.06982,0.940918,-1.58691,0.793457,39.1235,1
1440.26,0.0942383,0.875488,0.996094,-2.2583,1.15967,38.6963,1
1440.27,0.160645,0.910645,0.986816,0,-0.12207,39.1846,1
1440.28,0.121582,1.05566,1.00488,-0.610352,1.0376,38.4521,1
1440.29,0.105957,0.894043,0.995117,-1.28174,0.732422,38.0859,1
1440.3,0.174805,0.949219,0.916016,-0.915527,0.793457,38.7573,1
1440.31,0.12207,0.984863,0.941406,-1.2207,0.610352,39.0015,1
1440.32,0.134277,0.9375,1.00146,-1.77002,0,38.6353,1
1440.33,0.174316,0.85791,1.00732,-0.610352,0.610352,39.1235,1
1440.34,0.146484,0.908203,0.954102,-0.427246,0.671387,38.7573,1
1440.35,0.0952148,0.924316,0.933594,-0.915527,0.305176,38.3301,1
1440.36,0.115723,0.878418,0.888672,-1.34277,0.0610352,37.7808,1
1440.37,0.124512,1.03711,0.97168,-0.183105,0.915527,38.9404,1
1440.38,0.171875,0.923828,0.985352,-2.13623,1.0376,37.5366,1
1440.39,0.191895,0.878906,0.914551,-0.732422,0.549316,38.3911,1
1440.4,0.129883,0.992676,0.977539,-1.2207,0.549316,37.9028,1
1440.41,0.119629,0.941406,0.951172,-2.13623,1.0376,36.9263,1
1440.42,0.132324,0.852539,0.944336,-1.64795,0.671387,37.5366,1
1440.43,0.144531,0.976562,0.949707,-1.70898,1.46484,36.9873,1
1440.44,0.171387,0.952637,0.952148,-3.2959,1.40381,36.3159,1
1440.45,0.106934,0.94043,0.984375,-2.50244,1.64795,36.8042,1
1440.46,0.121094,0.993652,1.0083,-3.479,1.70898,35.7056,1
1440.47,0.169434,0.901855,0.927734,-3.66211,2.13623,35.6445,1
1440.47,0.21875,0.871094,0.92041,-3.35693,2.13623,35.7056,1
1440.48,0.161133,1.01123,0.960938,-3.78418,2.01416,35.2173,1
1440.49,0.12207,0.831055,0.978027,-4.5166,2.62451,34.668,1
1440.5,0.110352,0.89502,0.950195,-2.2583,3.05176,35.4614,1
1440.51,0.162109,0.963379,0.915527,-4.3335,3.41797,34.1187,1
1440.52,0.185059,0.838867,0.916992,-4.15039,2.80762,34.9121,1
1440.53,0.219238,0.867188,0.959961,-3.23486,2.86865,34.4238,1
1440.54,0.194824,1.02344,0.926758,-2.74658,3.2959,34.1187,1
1440.55,0.112793,0.837402,0.917969,-3.35693,3.78418,33.2642,1
1440.56,0.0771484,0.894043,0.879883,-1.77002,3.17383,33.9966,1
1440.57,0.0478516,0.993652,0.931152,-3.23486,4.3335,33.3862,1
1440.58,0.148438,0.768555,0.951172,-2.80762,3.60107,34.0576,1
1440.59,0.177734,0.894043,0.936523,-1.58691,3.54004,33.9355,1
1440.6,0.152832,0.965332,0.956543,-2.19727,3.479,33.0811,1
1440.61,0.0942383,0.79541,0.978027,-1.95312,3.72314,32.7759,1
1440.62,0.0712891,0.932617,0.888672,-0.915527,3.72314,33.2642,1
1440.63,0.059082,0.941895,0.837891,-2.56348,4.21143,32.7148,1
1440.64,0.0717773,0.827148,0.900879,-2.44141,3.35693,33.5693,1
1440.65,0.134766,0.92041,0.959961,-2.0752,3.35693,33.7524,1
1440.66,0.175781,0.826172,0.92041,-2.50244,4.02832,33.3252,1
1440.67,0.126953,0.783691,0.90332,-1.83105,2.80762,33.5083,1
1440.68,0.0913086,0.943848,0.877441,-2.13623,2.74658,32.7759,1
1440.68,0.0561523,0.898438,0.87207,-3.11279,3.2959,32.5317,1
1440.69,0.0712891,0.827148,0.905273,-1.52588,3.54004,33.3252,1
1440.7,0.10498,0.917969,0.933594,-2.0752,3.05176,32.3486,1
1440.71,0.121582,0.835449,0.910645,-2.31934,2.99072,32.7759,1
1440.72,0.0976562,0.774902,0.924805,-1.34277,2.62451,33.2642,1
1440.73,0.118164,0.854004,0.917969,-1.77002,2.0752,32.7148,1
1440.74,0.132324,0.838867,0.886719,-2.19727,2.31934,32.4707,1
1440.75,0.108887,0.82373,0.939941,-2.0752,2.0752,32.2876,1
1440.76,0.0976562,0.893066,0.947266,-2.0752,1.89209,31.9214,1
1440.77,0.0986328,0.792969,0.956055,-2.50244,2.44141,31.6162,1
1440.78,0.106934,0.764648,0.955078,-1.46484,1.89209,32.1045,1
1440.79,0.154297,0.90625,0.945312,-2.01416,1.28174,30.9448,1
1440.8,0.126465,0.774902,0.992676,-2.80762,1.95312,30.0903,1
1440.81,0.115723,0.79834,1.01904,-1.89209,1.52588,30.4565,1
1440.82,0.0957031,0.854492,0.990234,-3.66211,2.13623,28.9917,1
1440.83,0.0996094,0.758789,0.968262,-4.15039,1.83105,28.8086,1
1440.84,0.124512,0.679688,0.954102,-3.84521,1.95312,28.2593,1
1440.85,0.112793,0.765137,1.01611,-3.78418,1.95312,27.6489,1
1440.86,0.106445,0.794434,1.01855,-4.69971,2.0752,26.3062,1
1440.87,0.122559,0.642578,0.959473,-5.24902,2.01416,25.3296,1
1440.88,0.10791,0.801758,0.927734,-4.39453,1.15967,25.4517,1
1440.89,0.105469,0.663574,0.937988,-6.53076,1.40381,23.8647,1
1440.9,0.0859375,0.510254,0.979004,-4.69971,1.15967,24.1699,1
1440.91,0.0683594,0.76416,1,-4.94385,1.2207,22.9492,1
1440.92,0.0786133,0.587402,0.974609,-6.89697,1.40381,21.3623,1
1440.93,0.103027,0.543457,0.972656,-5.31006,0.793457,21.4233,1
1440.94,0.100098,0.765137,0.979004,-6.65283,0.976562,19.7144,1
1440.95,0.0771484,0.499023,0.958008,-7.8125,1.2207,19.2871,1
1440.96,0.0581055,0.45459,0.915527,-5.12695,0.915527,19.4702,1
1440.97,0.0654297,0.657715,0.937012,-5.85938,0.854492,17.8833,1
1440.98,0.0600586,0.466797,0.982422,-6.7749,0.793457,16.8457,1
1440.99,0.0576172,0.388184,0.990234,-5.5542,0.549316,16.6016,1
1441,0.0380859,0.519531,0.986328,-5.85938,0.915527,15.5029,1
1441.01,0.0317383,0.410156,0.982422,-7.01904,1.2207,14.2822,1
1441.02,0.0449219,0.364258,0.959473,-6.22559,0.976562,14.2822,1
1441.03,0.0527344,0.428223,0.975586,-7.14111,0.732422,13.0005,1
1441.04,0.046875,0.296387,0.97998,-7.75146,0.732422,12.207,1
1441.04,0.0317383,0.30957,0.973145,-7.44629,0.610352,11.9019,1
1441.05,0.0263672,0.300293,0.957031,-9.0332,0.732422,10.376,1
1441.06,0.0366211,0.177246,0.983887,-9.64355,0.427246,9.82666,1
1441.07,0.0473633,0.222656,1.01172,-10.3149,0,9.21631,1
1441.08,0.0498047,0.169434,1.00879,-12.146,0.0610352,7.62939,1
1441.09,0.0493164,0.126465,1.00391,-12.3901,-0.0610352,7.01904,1
1441.1,0.0375977,0.0820312,0.993164,-13.5498,0.183105,5.43213,1
1441.11,0.0219727,0.0253906,0.975586,-13.9771,0.0610352,4.3335,1
1441.12,0.00732422,0.00292969,0.950684,-14.7095,0,3.11279,1
1441.13,0.0200195,-0.0952148,0.963867,-15.1367,-0.183105,1.95312,1
1441.14,0.027832,-0.103027,0.985352,-15.0757,-0.366211,0.793457,1
1441.15,0.0415039,-0.149414,1.00195,-16.0522,-0.244141,-1.0376,1
1441.16,0.0200195,-0.21582,0.994141,-16.1743,-0.366211,-2.50244,1
1441.17,-0.0112305,-0.303223,0.944824,-16.6626,-0.244141,-4.02832,1
1441.18,-0.046875,-0.368164,0.916504,-16.0522,-0.427246,-5.43213,1
1441.19,-0.0498047,-0.327148,0.915039,-15.7471,-0.610352,-6.95801,1
1441.2,-0.0131836,-0.399902,0.953125,-15.3198,-0.488281,-8.36182,1
1441.21,0.00585938,-0.446289,0.993164,-13.9771,-0.732422,-9.76562,1
1441.22,-0.0078125,-0.506836,1.01123,-13.1226,-0.366211,-11.2915,1
1441.23,-0.0415039,-0.538086,1.01953,-11.7798,-0.12207,-12.5732,1
1441.24,-0.0541992,-0.484375,1.02197,-11.4746,0.183105,-14.1602,1
1441.25,-0.0512695,-0.548828,1.01416,-10.9863,0.610352,-15.5029,1
1441.26,-0.0146484,-0.61084,0.999023,-9.70459,1.0376,-16.2964,1
1441.27,-0.0517578,-0.685059,1.0708,-8.42285,1.40381,-17.4561,1
1441.28,-0.0371094,-0.654785,1.1333,-7.01904,1.34277,-18.6157,1
1441.29,-0.0356445,-0.638184,1.07861,-6.40869,2.13623,-19.6533,1
1441.3,-0.0917969,-0.67627,1.10596,-5.12695,2.19727,-20.0195,1
1441.31,-0.112305,-0.653809,1.10352,-5.06592,2.01416,-21.3013,1
1441.32,-0.081543,-0.706543,1.06152,-4.08936,2.86865,-21.6064,1
1441.33,-0.0673828,-0.681152,1.06445,-2.68555,2.92969,-21.8506,1
1441.33,-0.0693359,-0.698242,1.11572,-2.80762,2.56348,-23.1323,1
1441.34,-0.0913086,-0.726562,1.07568,-1.2207,2.68555,-22.8882,1
1441.35,-0.133789,-0.638672,1.06934,-0.366211,3.11279,-23.3154,1
1441.36,-0.13916,-0.650879,1.04297,-0.732422,3.05176,-24.1699,1
1441.37,-0.0898438,-0.741699,1.07275,0,2.92969,-24.1699,1
1441.38,-0.0776367,-0.700684,1.10693,1.83105,2.80762,-23.6816,1
1441.39,-0.0908203,-0.655273,1.06543,2.50244,2.68555,-23.9868,1
1441.4,-0.151367,-0.702637,0.993652,3.23486,2.19727,-24.231,1
1441.41,-0.154297,-0.643555,1.02783,3.84521,1.52588,-24.0479,1
1441.42,-0.129883,-0.64209,1.01465,2.92969,1.77002,-24.7803,1
1441.43,-0.0981445,-0.659668,0.980957,3.17383,1.40381,-24.292,1
1441.44,-0.0976562,-0.620117,0.949219,2.80762,0.854492,-24.4751,1
1441.45,-0.107422,-0.603516,0.916992,2.2583,0.427246,-24.5361,1
1441.46,-0.13623,-0.642578,0.937012,1.83105,-0.0610352,-24.7803,1
1441.47,-0.128418,-0.598145,0.95752,1.58691,-0.793457,-24.9634,1
1441.48,-0.090332,-0.589844,0.926758,-0.12207,-0.671387,-25.8789,1
1441.49,-0.0947266,-0.72998,0.911621,-0.366211,-0.793457,-25.6958,1
1441.5,-0.113281,-0.652344,0.945801,-0.488281,-1.40381,-25.6348,1
1441.51,-0.120117,-0.614258,1.02783,-2.50244,-1.28174,-26.7334,1
1441.52,-0.0952148,-0.683105,1.05029,-3.23486,-0.976562,-26.7334,1
1441.53,-0.0830078,-0.655273,0.994629,-3.35693,-0.610352,-26.5503,1
1441.54,-0.0698242,-0.703125,0.888672,-3.84521,-0.305176,-26.6113,1
1441.55,-0.0537109,-0.726074,0.899902,-3.78418,-0.244141,-26.6724,1
1441.56,-0.0800781,-0.696777,1.01611,-4.21143,0.183105,-27.0386,1
1441.57,-0.0932617,-0.711426,1.0957,-4.5166,0.671387,-27.2217,1
1441.58,-0.117676,-0.765625,1.03662,-3.60107,0.549316,-26.8555,1
1441.59,-0.105957,-0.699707,0.929199,-2.44141,1.0376,-26.6724,1
1441.6,-0.0952148,-0.718262,0.921875,-2.68555,1.83105,-27.771,1
1441.61,-0.105957,-0.766602,0.964355,-1.15967,2.01416,-27.2827,1
1441.62,-0.106934,-0.688477,0.984375,-0.12207,1.83105,-26.9165,1
1441.63,-0.132324,-0.763184,0.964844,0.12207,1.95312,-27.71,1
1441.64,-0.145508,-0.737793,0.925781,1.83105,1.95312,-27.2217,1
1441.65,-0.130371,-0.772461,0.92334,1.64795,2.38037,-28.1372,1
1441.66,-0.122559,-0.791016,0.917969,2.86865,2.13623,-27.5269,1
1441.67,-0.128418,-0.782715,0.96875,2.2583,2.31934,-28.3813,1
1441.68,-0.154297,-0.687012,0.929199,2.0752,2.31934,-28.1372,1
1441.69,-0.149902,-0.698242,0.901855,0.488281,2.92969,-28.7476,1
1441.7,-0.148926,-0.791016,0.929688,0.305176,2.13623,-28.9917,1
1441.71,-0.168945,-0.746582,0.933594,0,1.77002,-29.2969,1
1441.72,-0.152344,-0.775879,0.932129,-0.366211,2.56348,-29.541,1
1441.72,-0.201172,-0.694824,0.95459,-0.854492,2.56348,-29.48,1
1441.73,-0.203125,-0.702148,1.00342,-2.92969,1.64795,-31.0059,1
1441.74,-0.164551,-0.805176,0.956055,-2.80762,1.58691,-31.0059,1
1441.75,-0.155762,-0.828613,0.959961,-2.19727,1.70898,-30.9448,1
1441.76,-0.148926,-0.767578,0.959473,-2.31934,0.610352,-31.5552,1
1441.77,-0.147461,-0.734375,1.0249,-3.2959,1.34277,-32.4707,1
1441.78,-0.183105,-0.742676,1.02588,-3.23486,1.28174,-32.2266,1
1441.79,-0.157227,-0.844238,0.965332,-3.35693,0.854492,-32.8369,1
1441.8,-0.100586,-0.900391,1.02686,-2.2583,0.671387,-32.959,1
1441.81,-0.0981445,-0.836914,1.07227,-1.70898,1.52588,-32.7148,1
1441.82,-0.104004,-0.807617,1.0918,-2.2583,1.40381,-33.2642,1
1441.83,-0.132812,-0.854492,1.021,-1.83105,0.915527,-33.2031,1
1441.84,-0.134277,-0.770996,0.972656,-0.732422,1.2207,-32.7759,1
1441.85,-0.13916,-0.884277,1.04834,-0.793457,1.2207,-33.6304,1
1441.86,-0.106445,-0.878906,1.07227,1.46484,0.854492,-32.6538,1
1441.87,-0.0717773,-0.682129,1.02539,0.976562,0.427246,-33.1421,1
1441.88,-0.059082,-0.84668,0.959961,1.2207,0.305176,-33.02,1
1441.89,-0.0830078,-0.832031,0.898438,4.08936,0,-32.2266,1
1441.9,-0.0605469,-0.757324,0.825195,4.82178,0.549316,-32.7148,1
1441.91,-0.0712891,-0.880371,0.830078,5.5542,0.549316,-33.02,1
1441.92,-0.03125,-0.79541,0.8125,6.5918,0.0610352,-31.9824,1
1441.93,-0.0112305,-0.724121,0.893066,4.82178,-0.0610352,-33.02,1
1441.94,0.00390625,-0.813477,0.96582,4.27246,-0.0610352,-32.6538,1
1441.95,4.882812e-04,-0.697754,0.90918,4.57764,0.12207,-31.8604,1
1441.96,0.00195312,-0.780273,0.816406,3.05176,0.183105,-32.4707,1
1441.97,0.0756836,-0.835449,0.828613,2.74658,-0.183105,-31.7993,1
1441.98,0.0947266,-0.680176,0.952148,1.2207,0.549316,-31.6772,1
1441.99,0.0600586,-0.762695,1,-1.15967,0.793457,-31.7993,1
1442,0.0751953,-0.865723,1.00977,-1.34277,0.12207,-31.0059,1
1442.01,0.0786133,-0.770996,0.972168,-1.58691,0.427246,-30.8838,1
1442.01,0.138184,-0.866699,0.960449,-2.74658,1.15967,-31.311,1
1442.02,0.157715,-0.769043,1.00781,-2.86865,0.854492,-30.4565,1
1442.03,0.134277,-0.75,1.021,-5.06592,1.58691,-31.0669,1
1442.04,0.0981445,-0.932617,1.06299,-4.63867,1.52588,-30.1514,1
1442.05,0.104492,-0.776367,1.02637,-2.68555,1.64795,-29.541,1
1442.06,0.137207,-0.852051,1.01562,-2.80762,2.2583,-30.2734,1
1442.07,0.165039,-0.911621,1.05225,-0.183105,1.89209,-29.1748,1
1442.08,0.0654297,-0.806641,1.07129,0.732422,2.68555,-29.2969,1
1442.09,0.0146484,-0.84668,1.07275,1.89209,2.92969,-29.0527,1
1442.1,0.0292969,-0.73291,0.946289,4.08936,2.86865,-28.6865,1
1442.11,0.0742188,-0.806152,0.855469,5.49316,2.44141,-29.541,1
1442.12,0.163086,-0.727539,0.881348,7.8125,0.915527,-29.2358,1
1442.13,0.114258,-0.716797,0.955566,6.10352,1.64795,-29.9683,1
1442.14,0.0488281,-0.879883,1.0083,6.46973,1.2207,-29.0527,1
1442.15,0.0126953,-0.779297,0.949219,7.20215,1.34277,-28.7476,1
1442.16,0.0732422,-0.658203,0.855469,5.79834,0.610352,-29.2358,1
1442.17,0.13623,-0.836426,0.862305,4.39453,-0.366211,-29.541,1
1442.18,0.191406,-0.835449,0.970703,4.63867,-0.549316,-28.9917,1
1442.19,0.145996,-0.51709,0.979492,2.86865,-0.244141,-29.2358,1
1442.2,0.125488,-0.741699,0.909668,0,-0.244141,-29.9072,1
1442.21,0.17627,-0.745605,0.881836,1.83105,-1.28174,-28.6865,1
1442.22,0.234863,-0.552734,0.970215,-0.732422,-0.976562,-29.8462,1
1442.23,0.196777,-0.78125,1.06201,-2.01416,-1.40381,-29.0527,1
1442.24,0.146484,-0.759766,1.05713,-0.732422,-1.52588,-27.9541,1
1442.25,0.177734,-0.624023,0.92041,-1.64795,-1.09863,-28.4424,1
1442.26,0.202637,-0.825684,0.896484,-1.58691,-0.732422,-28.1372,1
1442.27,0.197266,-0.731445,1.05322,0.427246,-0.793457,-27.5879,1
1442.28,0.254395,-0.585938,1.06592,0,-0.305176,-27.4658,1
1442.28,0.281738,-0.698242,0.972168,0.244141,0.183105,-26.9165,1
1442.3,0.26416,-0.723633,0.916992,0.671387,-0.488281,-26.062,1
1442.3,0.189941,-0.771973,0.989258,1.58691,0.366211,-25.7568,1
1442.31,0.170898,-0.700684,1.03369,2.50244,1.09863,-24.9634,1
1442.32,0.212402,-0.67334,0.98877,2.0752,1.89209,-25.0244,1
1442.33,0.260742,-0.652344,0.933594,2.50244,1.09863,-24.231,1
1442.34,0.290039,-0.664551,0.952148,1.83105,1.09863,-24.231,1
1442.35,0.235352,-0.740234,1.06689,2.44141,1.58691,-23.6206,1
1442.36,0.202148,-0.719238,1.08838,3.05176,1.64795,-23.3765,1
1442.37,0.234375,-0.69873,0.989258,3.23486,1.70898,-23.1934,1
1442.38,0.252441,-0.601562,0.928711,3.11279,1.2207,-22.7661,1
1442.39,0.264648,-0.640625,1.021,2.0752,1.09863,-23.1323,1
1442.4,0.262695,-0.671387,0.987305,3.479,0.549316,-22.2778,1
1442.41,0.30957,-0.622559,0.948242,4.39453,0.671387,-22.644,1
1442.42,0.320801,-0.666016,0.96582,5.18799,0.549316,-22.3999,1
1442.43,0.275879,-0.620605,0.998535,5.24902,-0.0610352,-21.8506,1
1442.44,0.215332,-0.583008,0.982422,4.76074,-0.549316,-21.5454,1
1442.45,0.241211,-0.538086,0.984863,4.94385,-0.366211,-21.4233,1
1442.46,0.338867,-0.511719,0.944336,4.94385,-0.183105,-21.7285,1
1442.47,0.382324,-0.569336,0.918945,6.04248,-0.549316,-20.874,1
1442.48,0.368164,-0.460938,0.895996,5.85938,-1.28174,-20.3857,1
1442.49,0.312012,-0.477539,0.865723,5.49316,-1.52588,-19.5312,1
1442.5,0.307129,-0.441895,0.894531,5.5542,-1.46484,-18.6768,1
1442.51,0.326172,-0.373047,0.916992,5.5542,-1.34277,-18.3105,1
1442.52,0.379883,-0.400391,0.865723,5.00488,-0.732422,-18.0664,1
1442.53,0.415039,-0.452637,0.819824,5.7373,-0.732422,-16.6626,1
1442.54,0.379883,-0.355957,0.86377,6.53076,-1.09863,-15.5029,1
1442.55,0.447754,-0.306641,0.947266,6.22559,-1.15967,-15.2588,1
1442.56,0.462402,-0.372559,1.00488,6.71387,0.12207,-13.9771,1
1442.57,0.400879,-0.337402,1.02832,7.69043,0.305176,-12.5122,1
1442.58,0.367676,-0.42041,0.947266,8.17871,0.854492,-11.4136,1
1442.59,0.357422,-0.334473,0.943359,9.82666,0.427246,-9.64355,1
1442.59,0.455078,-0.205566,1.0835,9.33838,0.854492,-9.46045,1
1442.6,0.504883,-0.345703,1.08887,10.376,1.46484,-8.11768,1
1442.61,0.527832,-0.251465,1.0542,12.146,0.610352,-6.5918,1
1442.62,0.495117,-0.162109,1.01221,11.2915,0.854492,-5.98145,1
1442.63,0.400879,-0.334473,0.98584,11.8408,0.671387,-4.08936,1
1442.64,0.414062,-0.130859,1.01221,12.8784,0.732422,-3.05176,1
1442.65,0.481445,0.0561523,1.01123,10.9863,0.915527,-2.86865,1
1442.66,0.500977,-0.182129,1.01758,9.8877,0.549316,-1.52588,1
1442.67,0.491699,-0.104004,0.941406,11.2915,-0.610352,0,1
1442.68,0.522461,0.177734,0.888184,9.52148,-0.549316,0.366211,1
1442.69,0.475098,-0.046875,0.87793,7.62939,-0.12207,0.671387,1
1442.7,0.476562,0.0732422,0.835938,9.21631,-0.976562,2.01416,1
1442.71,0.500488,0.250488,0.86084,6.53076,-0.915527,1.89209,1
1442.72,0.524902,0.0913086,0.989746,5.85938,-2.31934,3.05176,1
1442.73,0.474121,0.125,1.02344,7.20215,-1.83105,4.08936,1
1442.74,0.443848,0.213867,0.925781,7.62939,-2.38037,4.5166,1
1442.75,0.490723,0.205078,0.892578,7.14111,-2.19727,4.63867,1
1442.76,0.506836,0.126465,0.98291,7.56836,-2.50244,5.61523,1
1442.77,0.530762,0.188965,1.04736,8.36182,-2.62451,6.16455,1
1442.78,0.513672,0.231934,1.01367,8.36182,-2.38037,6.28662,1
1442.79,0.470215,0.197266,1.01562,9.33838,-2.0752,7.14111,1
1442.8,0.481934,0.181641,1.01465,10.0708,-1.64795,7.50732,1
1442.81,0.522461,0.230469,1.02441,10.498,-1.70898,8.23975,1
1442.82,0.525879,0.255371,1.08691,9.82666,-1.15967,8.30078,1
1442.83,0.48877,0.228027,1.11426,9.70459,-0.732422,8.66699,1
1442.84,0.44043,0.295898,1.10303,9.8877,-0.12207,9.15527,1
1442.85,0.424805,0.339355,1.04688,8.17871,0.488281,8.91113,1
1442.86,0.462891,0.244141,1.04834,7.01904,0.366211,9.46045,1
1442.87,0.489746,0.351562,1.03516,6.10352,0.183105,9.8877,1
1442.88,0.472656,0.399902,1.02637,3.66211,0.549316,9.46045,1
1442.88,0.445312,0.312012,1.00049,2.2583,0.976562,9.58252,1
1442.89,0.44873,0.34375,1.0293,1.46484,0.976562,9.8877,1
1442.9,0.431641,0.343262,1.02734,0.732422,0.976562,9.52148,1
1442.91,0.437988,0.308105,1.02295,1.34277,1.09863,9.76562,1
1442.92,0.444336,0.350098,0.905762,2.01416,1.58691,9.82666,1
1442.93,0.443848,0.380371,0.856934,0.915527,1.64795,9.33838,1
1442.94,0.48291,0.331543,0.893555,0.244141,0.915527,9.64355,1
1442.95,0.434082,0.304199,0.981934,0.976562,0.793457,10.0098,1
1442.96,0.397461,0.330566,0.979492,2.19727,0.183105,10.1318,1
1442.97,0.425293,0.32959,0.891113,3.60107,0.12207,10.376,1
1442.98,0.465332,0.341309,0.823242,4.21143,0,10.6201,1
1442.99,0.519043,0.345215,0.90625,4.76074,0.0610352,10.9253,1
1443,0.439941,0.382324,1.05078,5.49316,0.488281,11.1694,1
1443.01,0.396484,0.358887,1.09766,6.10352,0.671387,11.5356,1
1443.02,0.411621,0.347168,1.03418,7.32422,0.976562,12.207,1
1443.03,0.474609,0.383789,0.972168,6.95801,0.671387,12.4512,1
1443.04,0.535156,0.394043,0.991699,6.71387,0.488281,13.1836,1
1443.05,0.478516,0.360352,0.994629,5.98145,1.28174,13.3667,1
1443.06,0.429199,0.416992,0.980469,6.28662,1.2207,14.4043,1
1443.07,0.410156,0.512695,1.04199,4.57764,1.15967,14.0381,1
1443.08,0.428711,0.348633,1.06396,4.57764,0.854492,14.9536,1
1443.09,0.481934,0.538086,1.05176,5.79834,0.549316,15.8691,1
1443.1,0.498047,0.450195,0.96875,2.56348,0.671387,15.4419,1
1443.11,0.523926,0.272461,0.925781,2.56348,0,16.1743,1
1443.12,0.461914,0.555664,0.987305,2.56348,0.793457,16.1133,1
1443.13,0.42041,0.519043,1.06738,0.488281,0.793457,15.5029,1
1443.14,0.442871,0.363281,1.09766,1.2207,0,16.2964,1
1443.15,0.500488,0.457031,1.00781,1.89209,-0.0610352,16.7236,1
1443.16,0.52832,0.537598,0.957031,1.09863,-0.305176,16.5405,1
1443.17,0.479492,0.401855,0.911621,0.183105,-0.427246,15.8691,1
1443.18,0.485352,0.417969,0.906738,1.95312,-0.610352,16.2354,1
1443.18,0.492676,0.496582,1.00732,1.58691,0.244141,15.3809,1
1443.19,0.515137,0.407227,1.0542,3.05176,0.244141,16.1133,1
1443.2,0.459473,0.525879,1.03516,3.84521,0.305176,15.9302,1
1443.21,0.453613,0.534668,0.915527,3.90625,0.0610352,15.8691,1
1443.22,0.475098,0.480957,0.880859,4.21143,0.488281,15.8081,1
1443.23,0.52832,0.416992,0.946289,5.31006,0.976562,15.7471,1
1443.24,0.505371,0.538574,0.98584,6.53076,1.2207,16.1133,1
1443.25,0.432617,0.575684,1.00195,5.31006,1.64795,15.5029,1
1443.26,0.413574,0.474609,0.958984,5.24902,2.0752,16.3574,1
1443.27,0.495117,0.568848,0.936035,5.24902,2.99072,16.6626,1
1443.28,0.57373,0.636719,0.998535,3.72314,3.11279,16.5405,1
1443.29,0.518555,0.452637,0.998535,3.35693,3.41797,16.6626,1
1443.3,0.414551,0.616211,0.959473,4.3335,3.479,17.0898,1
1443.31,0.339844,0.652344,0.96582,1.95312,4.57764,16.9067,1
1443.32,0.458496,0.458008,0.935059,1.95312,4.76074,18.0664,1
1443.33,0.502441,0.533691,0.882324,1.46484,4.82178,18.3716,1
1443.34,0.472168,0.647461,0.919434,0.976562,4.08936,18.9819,1
1443.35,0.363281,0.582031,0.924805,-1.28174,4.5166,18.7378,1
1443.36,0.437012,0.473145,0.881836,-0.915527,4.08936,19.3481,1
1443.37,0.385254,0.67041,0.86084,-0.244141,4.39453,19.7144,1
1443.38,0.387695,0.587402,0.850098,-0.793457,3.72314,19.7754,1
1443.39,0.342285,0.606445,0.845703,0.976562,2.74658,20.6909,1
1443.4,0.336914,0.625488,0.853516,0.183105,3.2959,20.752,1
1443.41,0.325684,0.503418,0.848633,0.12207,2.74658,21.4844,1
1443.42,0.341309,0.541016,0.846191,0.488281,2.38037,22.0947,1
1443.43,0.336426,0.632324,0.905273,1.40381,1.77002,21.7285,1
1443.44,0.437012,0.643066,0.937988,1.58691,1.52588,21.7285,1
1443.45,0.478027,0.564941,0.924316,3.17383,1.40381,22.644,1
1443.46,0.466309,0.637207,0.912109,4.15039,0.854492,22.2168,1
1443.47,0.416016,0.756836,0.991699,5.18799,1.15967,22.2778,1
1443.48,0.422852,0.759277,0.936035,4.5166,1.46484,21.7285,1
1443.49,0.478516,0.605957,0.946777,5.31006,1.0376,22.0947,1
1443.5,0.544434,0.649414,1.03662,5.67627,0.976562,22.9492,1
1443.51,0.560547,0.692871,1.05273,3.54004,0.549316,22.644,1
1443.52,0.498535,0.539062,1.00781,3.54004,0.244141,23.5596,1
1443.53,0.453125,0.703613,0.999023,4.27246,0.488281,23.0103,1
1443.54,0.384277,0.801758,1.04004,1.52588,1.0376,22.1558,1
1443.54,0.459473,0.611328,1.07959,1.28174,1.09863,23.0713,1
1443.55,0.503906,0.73584,0.976562,1.40381,1.09863,22.9492,1
1443.56,0.483887,0.808105,0.940918,0.244141,1.83105,22.7661,1
1443.57,0.466309,0.681641,0.948242,-0.0610352,1.83105,22.3389,1
1443.58,0.479004,0.696289,0.99707,1.40381,1.95312,22.522,1
1443.59,0.436035,0.75293,0.973633,1.09863,2.62451,21.8506,1
1443.6,0.400391,0.620605,0.938477,0.854492,2.44141,21.3013,1
1443.61,0.398438,0.678711,0.92334,1.46484,2.0752,21.7285,1
1443.62,0.455566,0.66748,0.936035,0.671387,2.31934,21.1792,1
1443.63,0.453125,0.648926,0.92627,0.366211,1.95312,21.5454,1
1443.64,0.421387,0.68457,0.956055,-0.427246,1.46484,21.0571,1
1443.65,0.397461,0.702637,0.929199,-1.15967,1.70898,20.874,1
1443.66,0.399902,0.666504,0.933594,-1.0376,1.46484,21.4233,1
1443.67,0.450684,0.652344,0.933105,-0.793457,1.15967,21.3623,1
1443.68,0.489258,0.749512,0.930664,-0.854492,0.793457,21.2402,1
1443.69,0.449219,0.620117,0.882324,-1.58691,1.28174,20.9961,1
1443.7,0.425293,0.676758,0.914551,-0.12207,0.488281,20.9351,1
1443.71,0.456543,0.784668,0.996094,-0.732422,0.488281,20.2637,1
1443.72,0.501465,0.592773,0.975586,-0.244141,0.549316,20.6909,1
1443.73,0.542969,0.614746,0.944336,0.793457,0.244141,20.5078,1
1443.74,0.478516,0.814941,0.98291,1.15967,0.305176,19.8364,1
1443.75,0.446777,0.783691,1.04102,1.09863,0.915527,19.8975,1
1443.76,0.425293,0.66748,1.02832,1.83105,0.549316,19.8975,1
1443.77,0.471191,0.686523,1.01855,2.86865,-0.427246,20.5078,1
1443.78,0.537598,0.755859,1.08594,2.2583,-0.305176,20.4468,1
1443.79,0.521973,0.654297,1.02588,1.0376,-0.610352,19.8975,1
1443.8,0.422852,0.662598,0.979492,2.56348,-0.610352,20.5688,1
1443.81,0.445801,0.877441,1.01172,1.95312,-0.488281,19.7754,1
1443.82,0.458008,0.760254,1.07422,0.427246,0,19.2871,1
1443.83,0.459473,0.600586,1.04395,1.46484,-0.488281,19.8975,1
1443.84,0.503418,0.825684,1.00732,2.01416,-0.305176,19.9585,1
1443.84,0.523438,0.804688,0.982422,0.488281,0.366211,18.7988,1
1443.85,0.42041,0.550293,0.97168,1.46484,0.549316,19.3481,1
1443.86,0.418945,0.837402,0.94873,2.56348,0.549316,19.2261,1
1443.87,0.458008,0.837891,1.00098,-0.549316,0.793457,18.1885,1
1443.88,0.516113,0.465332,1.07617,0.549316,0.488281,19.2261,1
1443.89,0.482422,0.854004,1.08008,2.31934,0.488281,19.165,1
1443.9,0.451172,0.879883,0.995117,-0.854492,0.305176,18.1274,1
1443.91,0.412109,0.550293,0.98877,0.549316,0.366211,18.7988,1
1443.92,0.425293,0.804199,1.03076,2.31934,0.427246,19.043,1
1443.93,0.464355,0.811523,1.00977,-0.366211,0.488281,18.1885,1
1443.94,0.454102,0.62793,0.959961,0,0.671387,19.3481,1
1443.95,0.451172,0.810547,0.96875,-0.732422,0.915527,18.9819,1
1443.96,0.459473,0.703613,1.01123,-2.13623,0.610352,18.9819,1
1443.97,0.460449,0.661621,1.01221,0.366211,1.2207,19.7754,1
1443.98,0.432129,0.785156,0.951172,0,1.2207,18.6157,1
1443.99,0.421875,0.680176,0.904297,0,1.2207,19.104,1
1444,0.397949,0.75293,0.943359,0,1.89209,19.4702,1
1444.01,0.467773,0.818848,0.963379,-1.0376,1.46484,19.3481,1
1444.02,0.487793,0.6875,1.03906,-0.244141,1.64795,19.9585,1
1444.03,0.43457,0.744141,1.021,0.427246,1.40381,19.5923,1
1444.04,0.364258,0.758301,0.955566,0.0610352,1.2207,19.5312,1
1444.05,0.430176,0.680664,0.991699,0.366211,1.40381,19.8975,1
1444.06,0.450684,0.727539,0.931152,-0.12207,1.70898,19.8975,1
1444.07,0.402832,0.743164,0.839844,-1.46484,2.31934,19.8364,1
1444.08,0.401367,0.708008,0.86377,-2.44141,1.77002,20.5078,1
1444.09,0.45459,0.610352,0.983887,-2.44141,1.58691,20.3857,1
1444.1,0.461914,0.690918,0.900391,-1.46484,1.89209,20.3247,1
1444.11,0.409668,0.760742,0.873047,-2.56348,2.2583,19.5312,1
1444.12,0.390625,0.735352,0.865234,-2.99072,2.38037,19.5923,1
1444.13,0.471191,0.796875,0.814941,-2.31934,2.99072,20.0195,1
1444.13,0.483398,0.694336,0.974609,-1.89209,3.23486,19.8364,1
1444.14,0.446289,0.629883,1.0249,-0.12207,2.0752,19.8975,1
1444.15,0.387695,0.76416,0.997559,0.244141,2.38037,19.3481,1
1444.16,0.324219,0.701172,0.977051,0.976562,2.56348,19.5923,1
1444.17,0.349121,0.777344,0.931641,1.40381,1.95312,19.5923,1
1444.18,0.405273,0.786621,0.928711,0.244141,2.68555,19.8975,1
1444.19,0.456055,0.751465,0.964844,0.854492,2.62451,21.1792,1
1444.2,0.430664,0.797852,0.990723,0.488281,1.46484,20.5078,1
1444.21,0.394531,0.696289,0.972168,1.15967,0.854492,21.1182,1
1444.22,0.26416,0.779297,0.948242,2.80762,1.2207,21.4844,1
1444.23,0.283203,0.856445,0.907715,1.64795,1.15967,21.4233,1
1444.24,0.367676,0.755859,0.908203,1.40381,1.2207,22.0947,1
1444.25,0.421875,0.766113,0.939453,1.64795,0.549316,21.7896,1
1444.26,0.510742,0.866699,1.01172,2.50244,0.549316,21.6675,1
1444.27,0.399902,0.893555,1.08643,3.60107,1.28174,20.9351,1
1444.28,0.286621,0.839355,0.984863,4.76074,0.488281,21.0571,1
1444.29,0.339844,0.86377,0.971191,5.49316,0.549316,21.8506,1
1444.3,0.383301,0.694824,1.0708,4.5166,0.610352,22.2778,1
1444.31,0.419434,0.777344,1.02393,4.69971,0.183105,22.7661,1
1444.32,0.398926,0.827637,1.01025,2.56348,0.610352,22.1558,1
1444.32,0.369629,0.742188,0.983887,2.50244,0.183105,22.644,1
1444.33,0.336426,0.954102,1.04102,2.01416,0.12207,21.9116,1
1444.34,0.449707,0.98877,1.0835,0.610352,0.427246,21.4844,1
1444.35,0.375977,0.719727,1.05371,1.46484,0.671387,22.2168,1
1444.36,0.339355,0.958008,0.991699,3.41797,0.488281,22.522,1
1444.37,0.274414,0.902344,0.977539,0.427246,1.0376,21.5454,1
1444.38,0.327148,0.628906,0.986328,1.77002,1.40381,22.522,1
1444.39,0.411621,0.883789,0.972168,2.56348,1.40381,22.0947,1
1444.4,0.431641,0.939941,1.0293,0.305176,1.40381,20.874,1
1444.41,0.35498,0.747559,1.0625,1.15967,1.2207,21.1792,1
1444.42,0.258301,0.923828,0.986816,1.64795,1.83105,21.0571,1
1444.43,0.280762,0.886719,1.00781,0.0610352,2.01416,20.4468,1
1444.44,0.358398,0.671387,0.974609,0.244141,1.95312,21.0571,1
1444.45,0.364258,0.893066,0.950684,0,1.40381,21.4844,1
1444.46,0.349609,0.89209,0.958984,-2.68555,1.70898,21.3623,1
1444.47,0.364746,0.691406,0.95752,-2.86865,1.40381,20.752,1
1444.48,0.359863,0.918457,0.98291,-1.2207,1.64795,21.0571,1
1444.49,0.328125,0.984375,0.955566,-3.41797,1.95312,19.6533,1
1444.5,0.304199,0.642578,0.95459,-3.479,1.2207,19.8975,1
1444.51,0.362305,0.753906,0.971191,-0.488281,1.95312,20.5078,1
1444.52,0.427246,0.986328,0.875488,-2.68555,2.13623,19.4702,1
1444.53,0.362793,0.588379,0.963867,-3.90625,1.58691,19.2261,1
1444.54,0.283203,0.605957,1.00439,-1.15967,0.549316,19.7754,1
1444.55,0.38623,0.865723,0.976562,-2.62451,0.427246,18.4937,1
1444.56,0.404785,0.567871,0.92041,-3.84521,0.549316,17.8833,1
1444.57,0.362305,0.8125,0.946777,-2.74658,-0.610352,17.9443,1
1444.58,0.265137,0.897461,1.01709,-6.71387,-0.488281,17.0288,1
1444.59,0.347168,0.349121,0.933594,-7.14111,-1.28174,17.1509,1
1444.6,0.429688,0.641113,0.958496,-4.02832,-1.46484,16.6016,1
1444.61,0.431152,0.896973,1.00098,-8.05664,-2.01416,14.4653,1
1444.61,0.425781,0.477539,1.04199,-8.66699,-2.92969,13.5498,1
1444.62,0.453613,0.547852,0.977539,-5.7373,-2.99072,12.8174,1
1444.63,0.406738,0.840332,0.95752,-6.71387,-2.38037,10.9253,1
1444.64,0.440918,0.535645,0.994629,-8.78906,-2.38037,9.33838,1
1444.65,0.472168,0.562988,1.05908,-5.06592,-3.11279,8.72803,1
1444.66,0.476074,0.694824,1.1001,-6.53076,-2.74658,6.46973,1
1444.67,0.408203,0.409668,1.07764,-6.22559,-2.44141,5.98145,1
1444.68,0.526855,0.528809,1.0874,-4.63867,-2.0752,5.00488,1
1444.69,0.600586,0.488281,1.104,-5.06592,-2.2583,3.17383,1
1444.7,0.542969,0.612305,1.03857,-2.74658,-2.74658,1.46484,1
1444.71,0.451172,0.70166,1.07666,-3.90625,-2.0752,-0.793457,1
1444.72,0.43457,0.390625,1.19189,-2.62451,-2.2583,-0.488281,1
1444.73,0.509766,0.544922,1.12598,-0.488281,-1.83105,-0.793457,1
1444.74,0.489258,0.608887,1.05713,-2.86865,-1.28174,-2.44141,1
1444.75,0.397949,0.246582,1.07959,-2.38037,-1.15967,-2.44141,1
1444.76,0.455078,0.354492,1.05078,-1.28174,-1.46484,-2.68555,1
1444.77,0.44873,0.541504,1.02539,-4.02832,-1.52588,-3.84521,1
1444.78,0.417969,0.165527,1.09473,-5.31006,-1.2207,-3.72314,1
1444.79,0.341797,0.347656,1.08057,-2.86865,-0.854492,-3.11279,1
1444.8,0.352539,0.555664,1.06689,-6.46973,-0.0610352,-3.78418,1
1444.81,0.30957,-0.0141602,1.03516,-8.17871,-0.183105,-3.23486,1
1444.82,0.369141,0.116699,1.00928,-4.76074,-0.244141,-2.01416,1
1444.83,0.39502,0.516602,1.01172,-7.38525,0.549316,-3.05176,1
1444.84,0.360352,0.0356445,1.09814,-9.94873,0.732422,-2.99072,1
1444.85,0.33252,-0.0405273,1.0376,-5.92041,0.488281,-1.40381,1
1444.86,0.276367,0.372559,0.946289,-7.32422,1.15967,-1.89209,1
1444.87,0.285645,-0.00927734,0.925781,-9.94873,1.28174,-1.89209,1
1444.88,0.351562,-0.110352,0.974609,-6.34766,1.15967,-0.488281,1
1444.89,0.375,0.246582,1.03027,-6.7749,1.46484,-0.915527,1
1444.9,0.333496,-0.0078125,1.02246,-8.60596,1.46484,-0.976562,1
1444.91,0.302734,-0.129395,0.935547,-5.61523,0.976562,0,1
1444.92,0.318359,0.178223,0.92041,-5.49316,1.46484,-0.305176,1
1444.93,0.332031,-0.0551758,0.982422,-7.20215,1.34277,-0.427246,1
1444.94,0.350586,-0.184082,0.97998,-3.90625,1.15967,0.976562,1
1444.95,0.348145,0.169922,0.958984,-3.41797,0.976562,0.305176,1
1444.96,0.337891,0,0.986816,-5.24902,1.15967,0,1
1444.96,0.338379,-0.208008,1.00195,-2.50244,0.549316,0.732422,1
1444.97,0.311035,0.0751953,0.914551,-0.915527,0.244141,0.915527,1
1444.98,0.32666,-0.0180664,0.979492,-1.46484,0.183105,0.244141,1
1444.99,0.340332,-0.147949,1.06299,1.09863,-0.12207,1.2207,1
1445,0.323242,0.11377,1.07031,1.34277,0,0.915527,1
1445.01,0.310547,-0.0488281,1.02588,-0.488281,-0.0610352,0.793457,1
1445.02,0.304199,-0.0751953,1.04053,1.15967,-0.732422,1.77002,1
1445.03,0.338379,0.185059,1.10596,0.183105,-0.671387,1.0376,1
1445.04,0.343262,-0.0136719,1.16211,-1.58691,-0.549316,0.671387,1
1445.05,0.334473,-0.0825195,1.16406,0.305176,-1.0376,1.89209,1
1445.06,0.308105,0.138184,1.0708,-0.12207,-0.915527,1.40381,1
1445.07,0.304688,0.0493164,1.14941,-1.40381,-1.0376,0.671387,1
1445.08,0.30957,-0.0258789,1.19873,0,-1.0376,1.52588,1
1445.09,0.328613,0.115234,1.15625,0.427246,-1.2207,1.40381,1
1445.1,0.321777,0.0415039,1.20508,-0.366211,-1.0376,0.854492,1
1445.11,0.308105,0.012207,1.17871,0,-1.64795,1.40381,1
1445.12,0.311523,0.0722656,1.12793,-0.305176,-1.0376,1.34277,1
1445.13,0.300781,0.0605469,1.10645,-0.976562,-1.40381,0.854492,1
1445.14,0.334961,0.0463867,1.07129,-0.671387,-1.46484,0.915527,1
1445.15,0.337891,0.0966797,1.07324,-0.671387,-1.2207,0.793457,1
1445.16,0.32373,0.0244141,1.17334,-0.732422,-1.09863,0.610352,1
1445.17,0.317871,0.0527344,1.08496,0.671387,-1.34277,1.15967,1
1445.18,0.338379,0.111816,0.973145,0.366211,-0.671387,0.732422,1
1445.19,0.357422,0.0297852,0.969238,-0.244141,-0.793457,0.366211,1
1445.2,0.368164,0.0175781,1.07568,0.12207,-0.488281,0.732422,1
1445.21,0.318848,0.102051,1.13428,0.183105,0.183105,0.610352,1
1445.22,0.298828,0.0756836,1.08252,-0.244141,0.549316,0.244141,1
1445.23,0.325684,0.0258789,1.08691,-0.305176,0.793457,0.305176,1
1445.24,0.291016,0.104492,1.12305,-0.244141,0.671387,0.854492,1
1445.25,0.215332,0.0864258,1.05957,-1.46484,1.58691,0.427246,1
1445.26,0.138184,0.0561523,1.07471,-1.15967,1.34277,0.671387,1
1445.27,0.0512695,0.112793,1.06055,-1.52588,2.0752,0.549316,1
1445.28,0.00341797,0.0527344,1.021,-1.09863,2.44141,0.976562,1
1445.29,-0.0605469,0.0991211,0.958984,-0.976562,2.01416,0.976562,1
1445.3,-0.0209961,0.117188,0.875,-1.34277,2.31934,0.732422,1
1445.31,0.0288086,0.0419922,0.824707,-0.915527,2.80762,1.40381,1
1445.32,-0.081543,0.0703125,0.837402,-0.0610352,2.2583,1.64795,1
1445.33,-0.114746,0.0957031,0.760254,-0.305176,2.62451,1.09863,1
1445.34,-0.274902,0.0869141,0.850586,0.671387,2.86865,1.64795,1
1445.35,-0.344727,0.0805664,0.984863,1.28174,3.54004,1.28174,1
1445.36,-0.322266,0.0532227,0.911621,2.2583,3.96729,1.83105,1
1445.37,-0.347656,0.176758,0.893066,3.17383,3.84521,2.68555,1
1445.38,-0.340332,0.168945,0.896973,1.58691,3.84521,1.70898,1
1445.38,-0.256348,0.188965,0.959961,1.95312,3.90625,3.05176,1
1445.39,-0.224121,0.296875,1.03516,1.34277,4.45557,3.2959,1
1445.4,-0.214355,0.191895,0.98291,0.244141,4.27246,3.05176,1
1445.41,-0.207031,0.253418,0.880371,1.46484,4.69971,4.45557,1
1445.42,-0.217773,0.311035,0.906738,0.12207,5.00488,4.15039,1
1445.43,-0.177246,0.168457,0.89209,0.244141,3.90625,4.57764,1
1445.44,-0.172852,0.236816,0.862305,2.01416,4.08936,5.98145,1
1445.45,-0.168945,0.363281,0.919434,2.01416,3.96729,6.22559,1
1445.46,-0.131348,0.296387,0.921387,1.2207,3.41797,5.92041,1
1445.47,-0.123535,0.26709,0.892578,2.74658,2.86865,7.50732,1
1445.48,-0.145508,0.370117,0.976074,2.56348,1.83105,8.17871,1
1445.49,-0.143555,0.31543,0.941406,0.976562,1.70898,7.87354,1
1445.5,-0.137695,0.314453,0.991699,1.52588,1.77002,9.52148,1
1445.51,-0.156738,0.45166,0.999023,-0.183105,1.70898,8.97217,1
1445.52,-0.120605,0.314941,0.952637,-1.46484,1.77002,9.21631,1
1445.53,-0.152344,0.321289,1.05566,0.366211,1.64795,10.437,1
1445.54,-0.193848,0.470703,1.10986,0.610352,1.77002,9.8877,1
1445.55,-0.127441,0.409668,1.03809,0.488281,2.62451,9.76562,1
1445.56,-0.162109,0.34082,1.00195,1.40381,2.92969,10.3149,1
1445.57,-0.213379,0.338379,1.06055,2.62451,2.99072,10.8643,1
1445.58,-0.210938,0.470703,1.10693,3.17383,2.99072,10.9863,1
1445.59,-0.221191,0.404297,0.995605,3.35693,3.78418,10.8032,1
1445.6,-0.220215,0.375488,0.981445,5.5542,4.08936,11.3525,1
1445.61,-0.214844,0.500977,0.917969,6.53076,4.21143,11.6577,1
1445.62,-0.162598,0.421387,0.903809,6.10352,3.66211,12.146,1
1445.63,-0.185547,0.38623,0.881836,7.32422,3.11279,13.3667,1
1445.64,-0.175781,0.539551,0.872559,8.05664,2.50244,13.916,1
1445.65,-0.157715,0.626465,0.875977,7.14111,2.50244,13.855,1
1445.66,-0.171387,0.527832,0.912598,6.7749,2.62451,14.5874,1
1445.67,-0.191895,0.56543,0.911133,7.26318,1.83105,16.1743,1
1445.68,-0.188477,0.665527,0.921387,6.40869,1.83105,16.4185,1
1445.68,-0.148438,0.61084,0.966309,5.43213,1.58691,16.8457,1
1445.69,-0.137207,0.538574,0.982422,6.10352,1.15967,17.8833,1
1445.7,-0.190918,0.72998,0.948242,6.71387,1.34277,18.6157,1
1445.71,-0.23584,0.786621,0.96875,5.49316,1.83105,18.6768,1
1445.72,-0.227051,0.623047,0.993164,5.92041,1.95312,19.4092,1
1445.73,-0.226562,0.615234,1.03809,7.62939,1.58691,20.3857,1
1445.74,-0.234375,0.72168,1.03955,8.23975,2.0752,20.2637,1
1445.75,-0.307617,0.718262,1.02148,8.17871,3.05176,20.3857,1
1445.76,-0.310547,0.780273,0.990723,8.05664,3.35693,20.5688,1
1445.77,-0.303223,0.804688,1.01514,6.10352,3.66211,20.4468,1
1445.78,-0.28125,0.693848,1.03564,5.5542,3.60107,21.1792,1
1445.79,-0.273926,0.699707,0.966797,5.5542,3.479,21.7896,1
1445.8,-0.261719,0.774414,0.889648,4.69971,3.60107,21.8506,1
1445.81,-0.283691,0.855957,0.912109,2.31934,3.60107,21.7285,1
1445.82,-0.316406,0.78418,0.935547,0.915527,3.72314,21.9116,1
1445.83,-0.306152,0.76416,0.986816,1.46484,3.23486,22.644,1
1445.84,-0.245605,0.724609,0.975098,1.0376,2.86865,22.3999,1
1445.85,-0.297363,0.818359,0.946289,2.62451,2.0752,24.0479,1
1445.86,-0.335449,0.90332,0.990234,2.01416,1.70898,23.4985,1
1445.87,-0.282227,0.781738,1.07275,2.13623,1.46484,23.8647,1
1445.88,-0.271484,0.711914,1.03711,4.27246,1.77002,24.8413,1
1445.89,-0.294434,0.858887,0.995117,5.49316,1.2207,24.5361,1
1445.9,-0.287598,0.924805,0.970703,5.24902,1.58691,23.9868,1
1445.91,-0.258301,0.977539,0.984863,4.39453,1.34277,24.292,1
1445.92,-0.281738,0.797363,1.01562,3.84521,1.52588,24.5361,1
1445.93,-0.251465,0.665527,1.04004,5.24902,1.09863,25.1465,1
1445.94,-0.20752,0.906738,0.952637,5.00488,0.793457,24.9023,1
1445.95,-0.208496,0.872559,0.858887,1.64795,0.854492,23.5596,1
1445.96,-0.205566,0.766113,0.806641,1.40381,0.305176,24.5972,1
1445.97,-0.28125,0.890625,0.839844,0.610352,0.854492,23.8037,1
1445.98,-0.30127,0.729004,1.02441,-0.244141,0.671387,23.1323,1
1445.99,-0.258301,0.814941,1.01465,0.488281,0.305176,24.1089,1
1446,-0.229004,1.02979,0.919434,-0.976562,0.427246,23.8647,1
1446.01,-0.229004,0.796875,1.00586,-1.70898,0.488281,23.7427,1
1446.02,-0.180176,0.815918,0.934082,-0.0610352,0.244141,24.231,1
1446.03,-0.25293,0.912598,0.950195,-0.671387,1.2207,23.0713,1
1446.04,-0.334961,0.819336,0.95166,-1.15967,0,22.7661,1
1446.04,-0.30127,0.861328,0.951172,0.183105,0,24.0479,1
1446.05,-0.283691,1.03223,1.01318,0.427246,0.549316,23.8037,1
1446.06,-0.21582,0.77002,1.0249,-1.40381,0.427246,22.8271,1
1446.07,-0.188477,0.866699,0.913086,1.77002,-0.732422,24.6582,1
1446.08,-0.261719,1.0542,0.856445,-0.793457,-0.549316,23.4985,1
1446.09,-0.271484,0.66748,0.834473,-2.13623,-1.34277,23.4375,1
1446.1,-0.269043,0.806641,0.911621,1.58691,-0.854492,25.2686,1
1446.11,-0.193359,1.10791,0.983887,-1.40381,-0.549316,23.4985,1
1446.12,-0.182617,0.782715,0.980957,-2.13623,-1.58691,23.8647,1
1446.13,-0.222656,0.925781,0.951172,0.488281,-1.34277,24.353,1
1446.14,-0.25,1.10645,0.947754,-2.0752,-0.366211,22.8271,1
1446.15,-0.217285,0.700684,0.874023,-1.28174,-0.793457,23.8647,1
1446.16,-0.208984,0.84082,0.996582,2.50244,-1.0376,24.5361,1
1446.17,-0.205078,1.18945,1.05225,1.0376,-0.732422,23.1934,1
1446.18,-0.227539,0.926758,1.05811,0.427246,0.427246,22.8882,1
1446.19,-0.230469,0.906738,1.05127,2.01416,0.427246,22.644,1
1446.2,-0.250488,0.989258,0.983887,1.58691,0.976562,21.9116,1
1446.21,-0.257324,0.833496,1.02197,1.28174,0.610352,22.3999,1
1446.21,-0.209473,1.01514,1.01855,1.70898,0.732422,22.9492,1
1446.23,-0.209961,1.01367,0.952148,-0.549316,1.70898,21.6064,1
1446.24,-0.252441,0.885254,0.984863,-0.305176,1.34277,22.0947,1
1446.25,-0.195801,0.987793,0.959961,-0.183105,0.427246,22.4609,1
1446.25,-0.245117,0.827637,0.947266,-2.01416,0.854492,21.7896,1
1446.26,-0.23877,0.905762,0.915527,-1.2207,0.183105,22.3389,1
1446.27,-0.225098,0.950684,0.970215,-2.86865,1.2207,21.6064,1
1446.28,-0.202637,0.827148,1.01465,-2.13623,0.488281,22.522,1
1446.29,-0.137207,0.917969,0.906738,-3.11279,0.0610352,21.4233,1
1446.3,-0.186035,0.915039,0.887207,-2.56348,0.244141,22.1558,1
1446.31,-0.250977,0.967285,0.96875,-3.72314,0.671387,21.3013,1
1446.32,-0.260742,0.858398,0.904785,-3.479,0.549316,21.6675,1
1446.33,-0.213379,0.838379,0.98291,-1.58691,0.671387,22.1558,1
1446.34,-0.267578,1.00488,0.973145,-2.0752,1.15967,20.9961,1
1446.35,-0.235352,0.854004,0.937012,-1.83105,1.52588,21.3013,1
1446.36,-0.248535,0.823242,0.98291,-0.610352,1.40381,21.3013,1
1446.37,-0.210938,0.802246,1.01367,-1.40381,0.915527,20.2026,1
1446.38,-0.15625,0.779785,0.84668,-0.549316,1.64795,20.6299,1
1446.39,-0.272461,0.994629,0.852051,-2.50244,2.86865,19.6533,1
1446.4,-0.270996,1.0708,0.963867,-3.66211,2.62451,19.5312,1
1446.41,-0.267578,0.860352,0.955078,-4.57764,3.72314,19.7754,1
1446.42,-0.27832,0.760254,0.895996,-3.17383,2.13623,20.6299,1
1446.43,-0.200684,0.696777,0.858398,-3.90625,2.56348,18.9819,1
1446.44,-0.228027,0.810059,0.852539,-3.05176,2.56348,20.0806,1
1446.45,-0.260742,0.958008,0.842773,-5.85938,3.05176,18.9209,1
1446.46,-0.340332,0.725098,0.911621,-7.01904,2.92969,18.9819,1
1446.47,-0.276367,0.813965,0.952637,-5.00488,2.19727,20.1416,1
1446.48,-0.270996,0.94043,0.86377,-5.92041,2.50244,18.9819,1
1446.49,-0.304199,0.836426,0.879395,-5.12695,2.2583,19.5923,1
1446.5,-0.352539,0.807617,0.936035,-3.23486,3.2959,19.6533,1
1446.51,-0.313965,0.765137,0.95752,-2.92969,3.66211,19.2261,1
1446.52,-0.284668,0.820312,0.912598,-2.13623,3.60107,19.4702,1
1446.53,-0.255371,0.783691,0.830078,-3.41797,2.92969,19.043,1
1446.54,-0.32666,0.741699,0.901367,-2.0752,2.0752,20.2637,1
1446.55,-0.282227,0.69873,0.887207,-1.95312,1.89209,19.8364,1
1446.56,-0.269531,0.860352,0.958496,0,1.15967,20.5078,1
1446.57,-0.296875,0.897949,0.902344,-1.95312,2.13623,19.2261,1
1446.57,-0.299316,0.706055,0.836914,-0.427246,1.95312,19.9585,1
1446.58,-0.316406,0.995605,0.925293,0,1.83105,19.4702,1
1446.59,-0.25293,0.646973,0.978027,-2.38037,2.31934,18.6768,1
1446.6,-0.23584,0.599609,0.908203,0.610352,1.0376,20.3857,1
1446.61,-0.239746,0.939453,0.929199,-0.976562,1.15967,18.6768,1
1446.62,-0.297852,0.625977,0.878906,-3.2959,0.488281,18.6157,1
1446.63,-0.288574,0.524902,0.983887,1.40381,0.427246,19.6533,1
1446.64,-0.238281,1.08301,0.927734,0.12207,0.427246,17.5781,1
1446.65,-0.26123,0.679688,0.910156,-3.2959,1.09863,16.8457,1
1446.66,-0.325195,0.65332,0.867188,-0.732422,0.793457,18.0054,1
1446.67,-0.281738,0.935059,0.94043,-3.41797,1.15967,15.9302,1
1446.68,-0.226074,0.534668,0.921875,-4.08936,0.366211,16.7847,1
1446.69,-0.21582,0.536621,1.0127,-1.2207,0.0610352,16.8457,1
1446.7,-0.230957,1.06396,0.92627,-2.62451,-0.183105,15.4419,1
1446.71,-0.324707,0.71582,0.896484,-6.89697,0.732422,13.6719,1
1446.72,-0.349609,0.608398,0.972168,-3.479,0.244141,15.2588,1
1446.73,-0.257812,0.997559,0.933594,-4.45557,1.34277,13.6719,1
1446.74,-0.266602,0.635254,0.900879,-5.5542,0.915527,13.5498,1
1446.75,-0.224121,0.522949,1.0083,-0.12207,-0.0610352,14.2822,1
1446.76,-0.277832,0.997559,1.02637,1.34277,0.305176,13.3667,1
1446.77,-0.279297,0.732422,1.02783,-0.244141,0.305176,11.9019,1
1446.78,-0.275879,0.566895,0.999512,2.74658,0.549316,12.3291,1
1446.79,-0.237793,0.938965,0.977051,3.78418,1.28174,11.5967,1
1446.8,-0.280762,0.611328,0.935547,1.40381,1.52588,10.1318,1
1446.81,-0.22998,0.568848,0.999023,6.04248,-0.12207,11.4746,1
1446.82,-0.252441,1.09375,1.01611,5.24902,0.610352,10.2539,1
1446.83,-0.240234,0.725586,1.0791,1.58691,0,9.27734,1
1446.84,-0.255371,0.593262,1.06787,4.02832,-0.0610352,10.3149,1
1446.85,-0.245605,0.836914,0.915039,0.488281,0.183105,8.23975,1
1446.86,-0.262207,0.551758,0.875977,-1.77002,-0.427246,7.99561,1
1446.87,-0.307129,0.580566,0.993652,-0.976562,-0.793457,7.99561,1
1446.88,-0.321777,0.786621,1.08691,-3.78418,-0.976562,6.46973,1
1446.89,-0.233398,0.689453,1.08301,-5.98145,-0.732422,5.61523,1
1446.9,-0.295898,0.559082,1.05713,-7.56836,-0.793457,4.94385,1
1446.91,-0.341309,0.479492,0.963379,-7.62939,-1.0376,4.27246,1
1446.92,-0.253906,0.645996,0.933594,-8.60596,-1.64795,3.479,1
1446.92,-0.341797,0.348633,0.994629,-10.437,-0.854492,1.95312,1
1446.93,-0.331055,0.312012,1.08398,-8.78906,-2.38037,1.64795,1
1446.94,-0.354004,0.498047,1.11914,-11.1084,-2.13623,-0.183105,1
1446.95,-0.297363,0.427246,1.00244,-13.6108,-2.62451,-1.09863,1
1446.96,-0.318848,0.156738,0.92041,-14.1602,-2.38037,-2.2583,1
1446.97,-0.312988,0.285156,0.910645,-12.2681,-2.56348,-2.80762,1
1446.98,-0.338379,0.208984,0.956543,-13.6108,-1.89209,-5.67627,1
1446.99,-0.322266,0.0288086,1.00049,-11.5967,-2.68555,-5.7373,1
1447,-0.333984,0.217773,0.958008,-11.4746,-2.50244,-6.5918,1
1447.01,-0.416504,0.0708008,0.967285,-14.4653,-2.56348,-8.8501,1
1447.02,-0.380371,-0.104004,0.949707,-12.9395,-2.62451,-9.0332,1
1447.03,-0.277832,-0.0141602,0.896484,-11.5356,-2.0752,-10.0098,1
1447.04,-0.356934,-0.0961914,0.925781,-11.8408,-2.0752,-11.7188,1
1447.05,-0.401367,-0.132324,1.00098,-10.376,-2.19727,-12.0239,1
1447.06,-0.340332,-0.046875,1.06787,-10.437,-1.46484,-12.7563,1
1447.07,-0.39209,-0.259277,0.999512,-9.94873,-1.2207,-13.3667,1
1447.08,-0.410156,-0.140137,1.02832,-8.48389,-1.09863,-14.1602,1
1447.09,-0.31543,-0.255859,1.10107,-8.97217,0.244141,-14.6484,1
1447.1,-0.287109,-0.110352,1.02295,-7.08008,0.244141,-13.3057,1
1447.11,-0.378906,-0.159668,0.920898,-9.64355,0.854492,-15.3809,1
1447.12,-0.35791,-0.541016,1.0293,-6.28662,0.976562,-14.5874,1
1447.13,-0.382812,-0.152344,1.04834,-3.23486,1.40381,-13.9771,1
1447.14,-0.31543,-0.138672,1.06836,-6.5918,2.13623,-15.9302,1
1447.15,-0.291504,-0.436035,0.910645,-4.3335,2.38037,-13.7329,1
1447.16,-0.342773,-0.205566,0.901367,-3.2959,3.05176,-13.4888,1
1447.17,-0.376465,-0.29834,0.926758,-5.18799,2.80762,-14.0991,1
1447.18,-0.299316,-0.392578,1.05127,-2.31934,3.54004,-12.2681,1
1447.19,-0.291504,-0.199707,0.987305,-2.92969,4.02832,-12.6953,1
1447.2,-0.293945,-0.411133,0.977539,-3.90625,4.27246,-12.8174,1
1447.21,-0.256348,-0.416016,0.978516,-2.31934,3.84521,-11.0474,1
1447.22,-0.260742,-0.263672,0.939453,-2.68555,4.08936,-11.2305,1
1447.22,-0.302734,-0.280762,0.916992,-3.90625,4.5166,-11.4746,1
1447.23,-0.282227,-0.317871,0.95752,-4.45557,4.94385,-11.3525,1
1447.24,-0.238281,-0.334473,0.949219,-4.76074,4.5166,-10.7422,1
1447.25,-0.219238,-0.364746,0.876465,-5.06592,3.78418,-10.5591,1
1447.26,-0.316406,-0.350586,0.904297,-5.37109,3.479,-10.6201,1
1447.27,-0.29834,-0.367676,0.882324,-4.94385,3.17383,-10.7422,1
1447.28,-0.307617,-0.384766,0.875977,-5.18799,3.479,-11.5356,1
1447.29,-0.27002,-0.382324,0.871094,-5.49316,2.2583,-11.7798,1
1447.3,-0.218262,-0.474121,0.842773,-6.10352,1.70898,-12.0239,1
1447.31,-0.270508,-0.478516,0.904297,-5.18799,0.976562,-11.7188,1
1447.32,-0.240234,-0.38623,0.87207,-5.49316,0.12207,-12.9395,1
1447.33,-0.413574,-0.572754,0.916992,-5.92041,0.183105,-13.916,1
1447.34,-0.333984,-0.45166,0.951172,-4.57764,-1.15967,-13.7329,1
1447.35,-0.319336,-0.432129,0.911621,-6.71387,-0.0610352,-15.7471,1
1447.36,-0.215332,-0.597656,0.924316,-6.46973,-1.0376,-15.625,1
1447.37,-0.250488,-0.561035,0.922852,-6.04248,-1.0376,-15.9912,1
1447.38,-0.26416,-0.58252,0.990723,-7.44629,-1.95312,-16.9678,1
1447.39,-0.243164,-0.641602,0.986328,-7.26318,-1.40381,-16.9067,1
1447.4,-0.225586,-0.557129,1.01904,-7.69043,-0.671387,-17.6392,1
1447.41,-0.195312,-0.594238,0.962891,-9.09424,-0.732422,-18.5547,1
1447.42,-0.192871,-0.757812,0.992676,-8.66699,-0.610352,-18.8599,1
1447.43,-0.203125,-0.722168,1.02197,-6.71387,-0.915527,-18.2495,1
1447.44,-0.199219,-0.594238,1.01514,-6.22559,-1.0376,-19.4092,1
1447.45,-0.218262,-0.657715,1.04004,-6.46973,-0.732422,-19.8975,1
1447.46,-0.19873,-0.682617,0.989258,-5.7373,-0.732422,-19.9585,1
1447.47,-0.195312,-0.723145,0.887695,-4.94385,-0.427246,-20.0195,1
1447.48,-0.203125,-0.672363,0.900391,-3.41797,0.0610352,-19.165,1
1447.49,-0.225586,-0.59375,1.0127,-5.12695,0.549316,-21.1792,1
1447.5,-0.178223,-0.775879,0.990234,-4.21143,1.40381,-20.6909,1
1447.5,-0.208008,-0.717285,1.01709,-2.01416,1.58691,-20.5078,1
1447.51,-0.217773,-0.658203,0.926758,-2.99072,1.2207,-21.6675,1
1447.52,-0.16748,-0.675781,0.913086,-2.86865,1.46484,-21.3623,1
1447.53,-0.169434,-0.647461,0.945801,-3.17383,1.64795,-21.9116,1
1447.54,-0.154785,-0.645996,0.942383,-2.86865,1.89209,-22.2168,1
1447.55,-0.128418,-0.705566,0.925781,-2.19727,2.13623,-21.9727,1
1447.56,-0.132324,-0.772949,0.920898,-1.52588,1.77002,-22.1558,1
1447.57,-0.135254,-0.721191,0.926758,-0.427246,1.64795,-21.9727,1
1447.58,-0.133301,-0.664062,1.00732,-0.549316,2.2583,-22.522,1
1447.59,-0.106445,-0.768555,0.994141,-0.793457,2.56348,-22.8882,1
1447.6,-0.100098,-0.791016,0.975098,0.488281,2.74658,-22.3999,1
1447.61,-0.121094,-0.728516,0.931641,-0.610352,2.44141,-22.9492,1
1447.62,-0.0795898,-0.726074,0.887695,-1.15967,2.2583,-22.522,1
1447.63,-0.100586,-0.544434,0.913574,-2.01416,1.77002,-23.0103,1
1447.64,-0.0942383,-0.71875,0.886719,-2.68555,1.83105,-23.8037,1
1447.65,-0.142578,-0.630859,0.839844,-0.12207,1.46484,-22.522,1
1447.66,-0.151855,-0.692871,0.899414,-3.11279,0.610352,-24.6582,1
1447.67,-0.122559,-0.876465,1.00586,-1.64795,0.305176,-23.6206,1
1447.68,-0.0795898,-0.635742,1.00293,-0.793457,0.488281,-23.6206,1
1447.69,-0.0751953,-0.753418,0.931641,-2.56348,0.732422,-24.8413,1
1447.7,-0.0932617,-0.868652,0.94873,-0.427246,0,-23.8647,1
1447.71,-0.117188,-0.714844,0.961426,0.244141,0,-23.9258,1
1447.72,-0.102051,-0.627441,0.94043,-1.09863,-0.671387,-24.4751,1
1447.73,-0.0834961,-0.831543,0.962402,-0.793457,-0.427246,-24.5361,1
1447.74,-0.0864258,-0.766113,0.966797,1.89209,-0.732422,-23.3765,1
1447.75,-0.101074,-0.802734,0.961426,0.549316,-0.671387,-25.0244,1
1447.76,-0.109375,-1.00732,0.98584,2.56348,-1.0376,-23.9868,1
1447.77,-0.117188,-0.659668,1.00977,2.99072,-0.793457,-23.6816,1
1447.78,-0.0683594,-0.76123,0.996094,-0.671387,-0.366211,-24.8413,1
1447.79,-0.0805664,-0.916016,1.01465,0.732422,-0.488281,-23.4375,1
1447.8,-0.11377,-0.677246,0.98877,0.0610352,-0.427246,-23.9868,1
1447.81,-0.0976562,-0.883301,0.985352,-1.09863,-0.366211,-24.353,1
1447.82,-0.111816,-0.84668,0.999023,1.09863,-0.915527,-23.1323,1
1447.82,-0.0795898,-0.674805,1.00391,-0.793457,-0.244141,-24.5972,1
1447.83,-0.0893555,-0.925293,1.01514,-1.15967,-0.0610352,-24.1089,1
1447.84,-0.100586,-0.937988,1.01904,1.15967,-0.244141,-23.1323,1
1447.85,-0.110352,-0.746582,0.972168,0.854492,-0.427246,-24.231,1
1447.86,-0.108398,-0.844238,0.954102,0,-0.12207,-24.7803,1
1447.87,-0.0805664,-0.953613,1.02295,1.52588,-0.0610352,-24.231,1
1447.88,-0.117188,-0.687988,1.07471,2.38037,-0.366211,-23.9258,1
1447.89,-0.0717773,-0.787109,1.02637,0.305176,-0.12207,-25.0854,1
1447.9,-0.103516,-0.940918,0.95459,3.35693,-0.244141,-23.1934,1
1447.91,-0.126953,-0.708008,0.921875,4.15039,-0.244141,-23.9258,1
1447.92,-0.0927734,-0.785156,0.910645,2.56348,-0.183105,-25.0854,1
1447.93,-0.0878906,-0.901367,0.98877,3.66211,0.0610352,-24.1699,1
1447.94,-0.10498,-0.759766,1.00732,3.23486,-0.183105,-24.1699,1
1447.95,-0.119141,-0.836914,0.995605,1.77002,-0.12207,-25.0244,1
1447.96,-0.112793,-0.826172,0.939453,2.80762,0.12207,-24.1699,1
1447.97,-0.078125,-0.673828,0.896973,2.44141,0.793457,-24.4141,1
1447.98,-0.0820312,-0.742188,0.877441,1.09863,0.976562,-24.5361,1
1447.99,-0.100586,-0.831543,0.925781,0.793457,0.854492,-24.231,1
1448,-0.126465,-0.799316,0.993164,1.0376,1.2207,-23.9868,1
1448.01,-0.122559,-0.746094,1.0332,0.488281,1.52588,-24.231,1
1448.02,-0.0927734,-0.85791,0.974121,0.488281,1.34277,-24.4751,1
1448.03,-0.108398,-0.789551,0.918457,1.46484,1.15967,-24.1089,1
1448.04,-0.0961914,-0.762207,0.925781,0.610352,1.70898,-24.4751,1
1448.05,-0.110352,-0.864746,0.994629,0.244141,2.68555,-24.4751,1
1448.06,-0.109863,-0.776367,0.998535,0.793457,2.31934,-23.8647,1
1448.07,-0.118164,-0.684082,0.993164,-0.549316,2.31934,-24.5972,1
1448.08,-0.120117,-0.838867,0.979004,-0.610352,2.2583,-24.5361,1
1448.08,-0.125,-0.799316,0.945801,0.305176,1.83105,-24.0479,1
1448.09,-0.118164,-0.687012,0.922363,-0.671387,1.89209,-24.7803,1
1448.1,-0.132812,-0.867188,0.983887,-0.915527,2.50244,-25.2686,1
1448.11,-0.136719,-0.73877,1.01172,0.793457,1.83105,-24.5361,1
1448.12,-0.117188,-0.76123,0.973145,-0.549316,1.89209,-26.001,1
1448.13,-0.121094,-0.830078,0.963379,0.793457,1.2207,-25.0854,1
1448.14,-0.131836,-0.763672,0.928711,0.854492,0.732422,-25.3906,1
1448.15,-0.100098,-0.793945,0.918945,0.610352,0.854492,-26.123,1
1448.16,-0.126465,-0.802246,0.95459,1.58691,1.28174,-25.3906,1
1448.17,-0.158691,-0.77832,0.995117,1.40381,0.488281,-25.6958,1
1448.18,-0.0957031,-0.760742,0.958008,1.09863,0.366211,-26.062,1
1448.19,-0.12207,-0.805176,0.932129,1.58691,1.2207,-25.7568,1
1448.2,-0.133789,-0.861328,0.967773,1.64795,0.793457,-25.8789,1
1448.21,-0.10791,-0.751465,0.948242,1.77002,0.549316,-25.8179,1
1448.22,-0.126465,-0.727539,0.928223,0.915527,1.0376,-25.8179,1
1448.23,-0.152832,-0.824707,0.916016,0.793457,0.854492,-25.8789,1
1448.24,-0.157715,-0.734863,0.944824,1.77002,0.976562,-25.2075,1
1448.25,-0.148926,-0.80957,0.982422,0.549316,1.52588,-26.3062,1
1448.26,-0.155273,-0.836426,0.967285,1.95312,1.15967,-25.3906,1
1448.27,-0.103027,-0.811523,0.930176,1.2207,1.52588,-26.062,1
1448.28,-0.102051,-0.901855,0.98291,1.83105,1.2207,-25.8179,1
1448.29,-0.10498,-0.739258,0.975098,1.58691,1.28174,-25.5737,1
1448.3,-0.0893555,-0.749512,0.974609,0,1.77002,-26.1841,1
1448.31,-0.0996094,-0.817871,0.94043,0.976562,1.28174,-25.2075,1
1448.32,-0.0664062,-0.75293,0.909668,0.793457,1.64795,-25.5737,1
1448.33,-0.0917969,-0.850098,0.947266,0.549316,1.15967,-25.8179,1
1448.34,-0.0703125,-0.91748,1.03809,1.09863,1.09863,-25.5737,1
1448.35,-0.0380859,-0.742676,0.969727,1.40381,0.610352,-25.2686,1
1448.36,-0.0449219,-0.821777,0.933594,-0.366211,1.09863,-26.3672,1
1448.37,-0.0625,-0.832031,0.907227,1.64795,0.488281,-24.9634,1
1448.37,-0.0708008,-0.670898,0.920898,0.427246,0.488281,-25.8789,1
1448.38,-0.0644531,-0.937012,0.95459,0.488281,0.427246,-25.6348,1
1448.39,-0.0478516,-0.780762,1.02051,2.50244,-0.488281,-25.0244,1
1448.4,0.0131836,-0.757812,1.0166,1.09863,0.12207,-26.1841,1
1448.41,0.0732422,-0.898438,0.938477,1.89209,-0.488281,-25.4517,1
1448.42,0.0444336,-0.779785,0.896484,2.68555,-0.793457,-25.0244,1
1448.43,0.0234375,-0.805664,0.941406,1.09863,-0.488281,-25.8789,1
1448.44,-0.0205078,-0.924805,0.97998,1.95312,-0.732422,-25.0244,1
1448.45,0.00292969,-0.809082,1.01367,2.01416,-0.244141,-24.7192,1
1448.46,0.0136719,-0.758789,1.0332,0.488281,-0.610352,-25.3906,1
1448.47,0.0527344,-0.887207,0.971191,0.183105,-0.976562,-25.0854,1
1448.48,0.0400391,-0.782715,0.926758,1.46484,-1.28174,-24.0479,1
1448.49,0.0371094,-0.726074,0.966309,-0.183105,-0.671387,-24.8413,1
1448.5,0.0546875,-0.865723,0.980469,-0.915527,-0.549316,-24.7803,1
1448.51,0.015625,-0.835449,0.958496,0.671387,0,-23.3765,1
1448.52,-0.00976562,-0.742676,1.01172,-0.183105,-0.610352,-23.9868,1
1448.53,0.0141602,-0.879883,0.978516,-0.183105,-0.305176,-24.231,1
1448.54,0.0351562,-0.774902,0.9375,1.40381,-0.0610352,-23.5596,1
1448.55,0.0620117,-0.72168,0.960938,0.549316,-0.183105,-24.353,1
1448.56,0.0742188,-0.87793,0.937012,0.732422,-0.12207,-23.9868,1
1448.57,0.0332031,-0.783203,0.981445,1.70898,0.12207,-22.9492,1
1448.58,-0.03125,-0.811035,0.944824,1.15967,1.15967,-23.4375,1
1448.59,-0.0322266,-0.78125,0.911133,1.77002,1.09863,-22.8882,1
1448.6,-0.0322266,-0.719238,0.918457,1.2207,0.915527,-23.1934,1
1448.61,-0.00634766,-0.866211,0.969727,1.09863,1.15967,-23.6816,1
1448.62,-0.0229492,-0.724609,1.01562,2.56348,0.976562,-22.8882,1
1448.63,-0.0498047,-0.779297,0.95459,0.366211,2.2583,-24.1089,1
1448.64,-0.0693359,-0.933105,0.975098,2.13623,2.13623,-22.2168,1
1448.65,-0.114746,-0.664062,0.97998,2.86865,1.77002,-22.644,1
1448.66,-0.0825195,-0.771973,0.996094,0.671387,2.19727,-24.1699,1
1448.67,-0.0859375,-0.872559,0.991699,2.86865,2.2583,-23.0103,1
1448.68,-0.149902,-0.717773,0.919922,2.44141,2.62451,-23.6816,1
1448.69,-0.167969,-0.835449,0.935547,1.46484,2.56348,-24.353,1
1448.7,-0.169922,-0.861816,0.948242,2.38037,2.38037,-23.8037,1
1448.71,-0.106445,-0.765137,1.01807,2.68555,2.62451,-23.9258,1
1448.71,-0.157227,-0.740234,1.00928,2.19727,2.62451,-24.7192,1
1448.72,-0.172363,-0.83252,0.922363,2.50244,2.50244,-24.8413,1
1448.73,-0.17334,-0.6875,0.942871,3.2959,2.80762,-24.8413,1
1448.74,-0.183105,-0.736816,0.865234,1.95312,2.50244,-25.3906,1
1448.75,-0.202148,-0.878906,0.919922,2.01416,1.83105,-25.8789,1
1448.76,-0.185547,-0.720215,0.946777,2.86865,2.01416,-25.8789,1
1448.77,-0.171387,-0.750488,0.97168,1.09863,2.86865,-27.4658,1
1448.78,-0.22168,-0.919434,1.00098,1.52588,2.0752,-27.2827,1
1448.79,-0.163574,-0.677734,0.973633,2.19727,1.46484,-26.7944,1
1448.8,-0.172363,-0.752441,0.993652,0,2.50244,-28.6255,1
1448.81,-0.146484,-0.867188,0.970703,1.77002,2.31934,-27.1606,1
1448.82,-0.158691,-0.681641,0.942871,1.09863,2.31934,-27.9541,1
1448.83,-0.183594,-0.968262,0.990723,-0.732422,2.19727,-28.8696,1
1448.84,-0.166992,-0.825684,1.00488,1.58691,1.40381,-27.832,1
1448.85,-0.151367,-0.648438,0.986328,-0.854492,2.56348,-29.48,1
1448.86,-0.166016,-0.947266,0.994629,-0.610352,2.0752,-28.7476,1
1448.87,-0.160156,-0.8125,0.968262,0.671387,1.28174,-28.6255,1
1448.88,-0.130859,-0.717773,0.928711,-0.732422,2.2583,-29.541,1
1448.89,-0.165039,-0.868652,0.962402,-0.793457,2.0752,-29.2358,1
1448.9,-0.162598,-0.821777,1.02295,-0.366211,1.52588,-29.2358,1
1448.91,-0.143066,-0.755859,0.982422,-1.2207,1.77002,-29.7241,1
1448.92,-0.134277,-0.916504,0.972168,-1.09863,2.01416,-29.541,1
1448.93,-0.164551,-0.815918,0.972656,0,0.976562,-29.2969,1
1448.94,-0.149414,-0.83252,0.967773,-1.2207,1.52588,-30.3345,1
1448.95,-0.14502,-0.908691,0.98291,0.0610352,1.58691,-29.48,1
1448.96,-0.138184,-0.783691,1.00146,-0.12207,1.2207,-29.7241,1
1448.97,-0.117188,-0.879883,0.969727,-0.793457,1.46484,-30.2734,1
1448.98,-0.143555,-0.835449,1.00244,0.610352,1.34277,-29.3579,1
1448.99,-0.180664,-0.81543,0.998047,-0.183105,1.34277,-30.0903,1
1449,-0.134277,-0.885254,0.977539,0,1.0376,-30.1514,1
1449.01,-0.15332,-0.870605,0.925293,0.915527,1.77002,-29.7852,1
1449.02,-0.132324,-0.852051,0.930664,0.915527,1.28174,-30.0293,1
1449.03,-0.136719,-0.851562,0.973145,0.244141,0.915527,-30.7617,1
1449.04,-0.0878906,-0.867188,0.936523,1.28174,1.2207,-29.6631,1
1449.05,-0.168457,-0.75293,0.953125,0.793457,0.732422,-29.9683,1
1449.06,-0.145996,-0.882812,0.928223,0,0.549316,-30.8228,1
1449.07,-0.129883,-0.827148,0.908691,1.46484,1.09863,-29.6021,1
1449.07,-0.170898,-0.82373,0.94873,0.732422,1.0376,-30.3345,1
1449.08,-0.148438,-0.916016,0.965332,0.610352,0,-30.4565,1
1449.09,-0.0854492,-0.870117,0.968262,1.0376,1.0376,-30.3955,1
1449.1,-0.119629,-0.820312,0.923828,1.77002,1.2207,-29.7852,1
1449.11,-0.132324,-0.90918,0.938477,0.610352,0.671387,-30.8838,1
1449.12,-0.112793,-0.899902,0.929199,1.70898,0,-29.9072,1
1449.13,-0.078125,-0.771484,0.95166,0.732422,0.610352,-30.2734,1
1449.14,-0.0966797,-0.86084,0.974609,0,0.854492,-30.5176,1
1449.15,-0.0761719,-0.875,0.977539,0.427246,0.12207,-30.0293,1
1449.16,-0.0527344,-0.841309,0.924805,0.549316,0.732422,-30.0293,1
1449.17,-0.110352,-0.987793,0.914551,1.0376,0.854492,-29.6631,1
1449.18,-0.0917969,-0.888184,0.964355,0.549316,0,-29.9072,1
1449.19,-0.0830078,-0.789062,0.967285,0.0610352,0.427246,-29.8462,1
1449.2,-0.0820312,-0.83252,0.990234,-1.2207,0.976562,-30.2734,1
1449.21,-0.0703125,-0.913574,0.974121,-0.732422,0.0610352,-29.9683,1
1449.22,-0.0610352,-0.824707,0.918945,-0.0610352,0.183105,-29.3579,1
1449.23,-0.0571289,-0.922363,0.922852,0,0.183105,-29.6021,1
1449.24,-0.081543,-0.946289,0.93457,0.549316,0.366211,-29.541,1
1449.25,-0.027832,-0.86084,0.974121,0.183105,0.366211,-29.4189,1
1449.26,-0.0458984,-0.874023,0.997559,-0.244141,0.0610352,-29.2969,1
1449.27,-0.034668,-0.928711,0.973145,-1.09863,0,-29.9072,1
1449.28,0.0195312,-0.800293,0.902344,0.366211,-0.0610352,-28.5034,1
1449.29,-0.0366211,-0.932617,0.978027,-0.793457,0.366211,-29.6631,1
1449.3,0.015625,-0.890625,0.941406,1.70898,-0.488281,-28.0151,1
1449.31,0.0126953,-0.664551,0.937012,0.366211,0.12207,-28.9307,1
1449.32,-0.00878906,-0.972168,0.962402,0.793457,0.427246,-28.0762,1
1449.33,-0.0581055,-0.95459,0.96582,3.05176,-0.305176,-27.4658,1
1449.34,0.0151367,-0.775879,0.94873,2.92969,-0.366211,-28.2593,1
1449.35,0.0629883,-0.939941,0.959961,3.2959,0.0610352,-27.71,1
1449.36,0.0830078,-0.87793,0.902832,4.15039,-0.244141,-27.0386,1
1449.37,0.0908203,-0.822754,0.878418,3.23486,0.0610352,-26.8555,1
1449.38,-0.0131836,-1.0127,1.01318,2.86865,0.488281,-26.7334,1
1449.39,-0.015625,-0.821777,1.04932,4.27246,-0.366211,-25.8179,1
1449.4,0.0395508,-0.724609,1.00342,2.44141,0.610352,-26.4893,1
1449.41,0.0522461,-1.03076,0.921387,3.54004,0,-25.3906,1
1449.42,0.124512,-0.714844,0.897461,4.39453,-0.732422,-25.6958,1
1449.42,0.123535,-0.769043,1.01221,-0.366211,0.0610352,-26.6113,1
1449.43,0.0229492,-1.08008,1.00732,1.2207,0,-24.231,1
1449.44,-0.03125,-0.802246,1.0249,1.28174,-0.0610352,-24.7192,1
1449.45,0.0249023,-0.811035,1.01074,-0.305176,0.427246,-25.3296,1
1449.46,0.0844727,-0.871094,0.958496,0.305176,0.183105,-24.5972,1
1449.47,0.103027,-0.846191,0.971191,-0.183105,0,-24.8413,1
1449.48,0.0288086,-0.810059,1.00342,-0.12207,-0.244141,-24.5361,1
1449.49,0.0795898,-0.827637,0.976562,-0.610352,0.793457,-24.9634,1
1449.5,0.0874023,-0.859375,0.970703,0.488281,0.793457,-24.0479,1
1449.51,0.0957031,-0.765625,0.9375,0.549316,0.0610352,-24.1089,1
1449.52,0.043457,-0.915039,0.904785,0.915527,0.488281,-23.8647,1
1449.53,0.00439453,-0.816895,0.993164,1.89209,0.12207,-24.292,1
1449.54,0.0605469,-0.847168,0.950684,1.2207,1.2207,-24.292,1
1449.55,0.0844727,-0.807129,0.944336,2.68555,0.732422,-23.4375,1
1449.56,0.0610352,-0.79834,0.987305,1.15967,0.427246,-24.6582,1
1449.57,0.0820312,-0.796875,0.978027,2.31934,0.793457,-23.6206,1
1449.58,0.0415039,-0.834473,0.978516,1.83105,1.09863,-23.8647,1
1449.59,0.0629883,-0.822266,0.994141,2.50244,0.610352,-23.3765,1
1449.6,0.0732422,-0.693848,0.960938,1.0376,0.976562,-24.231,1
1449.61,0.0825195,-0.953613,0.993164,1.34277,1.28174,-23.7427,1
1449.62,0.0576172,-0.725098,1.0166,3.23486,0.671387,-23.4375,1
1449.63,0.10791,-0.744141,1.0083,0.976562,1.52588,-24.6582,1
1449.64,0.131836,-0.883301,0.932617,3.479,1.2207,-22.9492,1
1449.65,0.0893555,-0.684082,0.94043,3.54004,1.40381,-23.7427,1
1449.66,0.14209,-0.73584,0.936035,3.11279,1.0376,-23.9258,1
1449.67,0.125,-0.845703,0.952148,3.84521,1.52588,-23.4985,1
1449.68,0.0839844,-0.781738,0.973633,4.94385,0.976562,-22.8271,1
1449.69,0.0561523,-0.70752,0.939453,4.21143,0.976562,-23.6816,1
1449.7,0.0913086,-0.78125,0.910156,4.3335,1.52588,-23.6206,1
1449.71,0.112793,-0.716797,0.911133,5.31006,1.28174,-22.9492,1
1449.72,0.132324,-0.667969,0.942871,3.66211,0.488281,-23.8647,1
1449.72,0.120605,-0.806641,0.939941,4.15039,0.427246,-23.1323,1
1449.73,0.0834961,-0.65332,0.946777,5.18799,0.915527,-22.4609,1
1449.74,0.106934,-0.766602,0.967773,2.80762,1.15967,-23.7427,1
1449.75,0.10498,-0.8125,0.95752,4.45557,0.976562,-22.4609,1
1449.76,0.124512,-0.612305,0.934082,3.41797,1.2207,-22.7661,1
1449.77,0.097168,-0.762695,0.973145,2.56348,1.2207,-23.0103,1
1449.78,0.111328,-0.749023,0.95166,3.72314,1.2207,-22.4609,1
1449.79,0.11084,-0.706543,0.927734,3.84521,1.52588,-22.644,1
1449.8,0.0830078,-0.760742,0.96875,3.41797,1.28174,-22.8882,1
1449.81,0.0742188,-0.700684,0.952148,3.96729,0.915527,-22.2168,1
1449.82,0.081543,-0.709473,0.936035,3.72314,1.46484,-22.3389,1
1449.83,0.078125,-0.666992,0.90918,3.54004,1.28174,-22.522,1
1449.84,0.113281,-0.762207,0.87793,3.05176,1.28174,-23.0103,1
1449.85,0.0917969,-0.65918,0.934082,3.35693,0.976562,-22.4609,1
1449.86,0.0932617,-0.652832,0.958008,1.46484,1.0376,-23.4985,1
1449.87,0.0927734,-0.69873,0.959961,1.64795,1.64795,-22.8271,1
1449.88,0.0771484,-0.629395,0.928223,0.854492,1.46484,-22.7661,1
1449.89,0.0786133,-0.779297,0.901367,0.488281,1.52588,-23.1934,1
1449.9,0.0717773,-0.752441,0.956055,0.671387,1.28174,-22.8882,1
1449.91,0.0805664,-0.662109,0.958008,-0.366211,1.70898,-23.0713,1
1449.92,0.0986328,-0.681152,0.974121,-1.64795,1.77002,-23.9868,1
1449.93,0.100098,-0.763672,0.966797,-1.28174,1.58691,-23.4375,1
1449.94,0.0522461,-0.585449,0.967285,-1.40381,1.46484,-23.4985,1
1449.95,0.0649414,-0.817871,0.98877,-2.80762,1.77002,-24.292,1
1449.96,0.0585938,-0.826172,1,0.610352,1.70898,-22.7661,1
1449.96,0.0708008,-0.585449,1.01953,-0.793457,2.2583,-24.4141,1
1449.97,0.0698242,-0.839844,1.0127,-2.38037,2.31934,-24.6582,1
1449.98,0.0229492,-0.80127,1.01953,-0.488281,1.89209,-23.5596,1
1449.99,-0.00830078,-0.560059,0.939941,-1.95312,2.0752,-24.5361,1
1450,0.0332031,-0.730957,0.943359,-3.479,2.13623,-25.5737,1
1450.01,0.0644531,-0.770996,0.946289,-2.01416,2.0752,-24.8413,1
1450.02,0.0507812,-0.609863,0.961914,-2.62451,1.89209,-25.1465,1
1450.03,0.00292969,-0.831543,0.982422,-3.72314,1.46484,-25.7568,1
1450.04,0.00537109,-0.796875,0.978516,-1.52588,1.40381,-24.9634,1
1450.05,0.0161133,-0.595703,0.91748,-3.05176,2.01416,-26.4893,1
1450.06,0.043457,-0.810547,0.943359,-3.66211,1.46484,-26.5503,1
1450.07,0.0107422,-0.777832,0.992188,-2.01416,0.671387,-25.7568,1
1450.08,0.0200195,-0.725098,1.03174,-2.62451,1.0376,-26.7334,1
1450.09,-0.00878906,-0.868652,0.986816,-1.70898,1.77002,-26.4893,1
1450.1,-0.00146484,-0.76709,1.02051,-0.488281,0.915527,-26.3062,1
1450.11,-0.0146484,-0.729004,0.981445,-0.610352,1.34277,-26.9165,1
1450.12,-0.00683594,-0.826172,1.00146,0.244141,1.09863,-26.7334,1
1450.13,-0.0107422,-0.848633,1.04199,0.0610352,1.40381,-27.1606,1
1450.14,0.00976562,-0.816406,1.02393,-0.183105,1.46484,-26.8555,1
1450.15,-0.0131836,-0.75,1.02686,-0.671387,1.09863,-26.7334,1
1450.16,-0.0078125,-0.775879,1.02246,-1.09863,0.976562,-27.0386,1
1450.17,0.00244141,-0.784668,1.021,-0.488281,1.46484,-26.6113,1
1450.18,-0.0161133,-0.795898,0.997559,-0.427246,1.46484,-26.7944,1
1450.19,0.00390625,-0.838867,0.997559,0.0610352,1.0376,-26.5503,1
1450.2,-0.00292969,-0.763184,1.00537,0.549316,1.2207,-26.3062,1
1450.21,-0.00830078,-0.784668,1.02197,-0.793457,1.0376,-27.2827,1
1450.22,0.00390625,-0.855469,0.981934,0,0.610352,-26.3672,1
1450.23,-0.00439453,-0.844238,0.993164,0.488281,0.488281,-26.3672,1
1450.24,0.0249023,-0.837891,1.01758,1.77002,0.427246,-26.062,1
1450.25,0.0410156,-0.728027,0.974121,2.56348,1.2207,-26.062,1
1450.26,-0.0419922,-0.783691,1.01074,2.50244,0.793457,-26.1841,1
1450.27,-0.019043,-0.885742,1.03271,3.17383,0.305176,-26.123,1
1450.28,-0.00927734,-0.792969,1.02148,4.15039,0.732422,-25.5737,1
1450.29,-0.00537109,-0.86377,1.02002,4.3335,0.549316,-25.7568,1
1450.3,0.0761719,-0.819824,0.969727,5.7373,0,-25.3906,1
1450.3,0.0922852,-0.689453,0.956055,4.76074,0.305176,-25.6348,1
1450.31,0.00830078,-0.992188,0.984375,3.35693,0.854492,-25.7568,1
1450.32,-0.0429688,-0.881836,1.01367,5.5542,0.12207,-24.353,1
1450.33,-0.00292969,-0.592773,1.04541,2.99072,0.610352,-25.7568,1
1450.34,0.0615234,-0.875977,0.97168,2.01416,0.854492,-25.0854,1
1450.35,0.0932617,-0.812988,0.912109,3.72314,0.12207,-24.8413,1
1450.36,0.0771484,-0.644043,0.901367,1.46484,0.305176,-25.9399,1
1450.37,0.0488281,-0.896973,0.943359,0,0.366211,-25.6348,1
1450.38,0.0273438,-0.878418,1.00684,1.40381,0.610352,-24.4141,1
1450.39,-0.0151367,-0.65625,1.02295,0.183105,1.15967,-25.0854,1
1450.4,0.0161133,-0.803223,0.921387,-1.77002,0.976562,-25.9399,1
1450.41,0.0566406,-0.803223,0.883301,-0.183105,0.549316,-24.9634,1
1450.42,0.0356445,-0.691406,0.929688,-1.46484,0.549316,-26.1841,1
1450.43,0.0395508,-0.937988,0.940918,-1.77002,1.28174,-25.9399,1
1450.44,0,-0.691895,0.996094,0.0610352,1.46484,-25.3906,1
1450.45,-0.0478516,-0.668945,0.98584,-2.68555,2.13623,-26.7944,1
1450.46,-0.0537109,-0.960938,0.90625,-1.52588,1.46484,-25.6348,1
1450.47,-0.0166016,-0.691406,0.920898,-0.0610352,1.15967,-25.7568,1
1450.48,0.0239258,-0.796875,0.958984,-1.89209,1.70898,-27.2827,1
1450.49,0.0654297,-0.916504,0.932617,0.854492,1.28174,-26.062,1
1450.5,0.034668,-0.629395,0.895508,1.40381,1.77002,-26.7944,1
1450.51,-0.0200195,-0.791504,0.874512,-0.183105,1.77002,-27.2827,1
1450.52,-0.0463867,-0.970703,0.927734,1.77002,1.58691,-26.2451,1
1450.53,-0.00146484,-0.676758,0.94873,1.89209,1.40381,-26.7334,1
1450.54,0.0380859,-0.876465,0.994629,-0.12207,1.70898,-27.6489,1
1450.55,0.0776367,-0.847656,0.916504,2.01416,0.732422,-26.7334,1
1450.56,0.0639648,-0.634766,0.908203,1.09863,1.15967,-27.6489,1
1450.57,0.0625,-0.84375,0.915039,0.183105,0.610352,-28.0151,1
1450.58,0.0913086,-0.796387,0.897949,1.77002,0.244141,-26.8555,1
1450.59,0.0727539,-0.717773,0.953125,0.732422,0,-27.832,1
1450.59,0.144531,-0.871582,0.954102,0.305176,-0.549316,-27.8931,1
1450.6,0.186523,-0.86084,0.897461,1.46484,-0.244141,-27.1606,1
1450.61,0.131348,-0.8125,0.931641,0,-0.427246,-27.771,1
1450.62,0.135742,-0.829102,0.999023,-0.488281,-0.976562,-27.5879,1
1450.63,0.139648,-0.702637,0.915527,0,-0.12207,-26.7334,1
1450.64,0.145508,-0.759766,0.922363,-1.15967,0.183105,-27.3438,1
1450.65,0.163574,-0.852051,0.979492,-0.12207,-0.305176,-26.8555,1
1450.66,0.149414,-0.796387,0.898926,0.549316,0,-26.4282,1
1450.67,0.134766,-0.846191,0.916016,0.915527,0.305176,-26.2451,1
1450.68,0.0800781,-0.797363,1.03564,1.40381,0.366211,-26.123,1
1450.69,0.10498,-0.916016,1.00293,1.09863,1.09863,-25.6348,1
1450.7,0.0639648,-0.754883,0.95166,1.40381,0.854492,-25.0244,1
1450.71,0.0375977,-0.926758,0.941895,0.366211,2.0752,-24.9023,1
1450.72,-0.0439453,-0.947754,1.01611,2.56348,1.46484,-23.9868,1
1450.73,-0.0380859,-0.710938,1.03516,1.83105,2.2583,-24.353,1
1450.74,-0.00634766,-0.824219,0.96875,1.64795,3.35693,-24.292,1
1450.75,-0.0175781,-0.838379,0.962891,3.17383,3.23486,-23.6206,1
1450.76,-0.0244141,-0.748535,0.87793,3.54004,4.08936,-23.4375,1
1450.77,-0.0322266,-0.856934,0.905273,2.68555,4.3335,-24.1699,1
1450.78,-0.0620117,-0.849121,0.896973,3.96729,3.78418,-23.0713,1
1450.79,-0.0390625,-0.740234,0.894043,2.38037,4.63867,-24.292,1
1450.8,-0.0800781,-0.872559,0.930664,2.50244,4.45557,-24.1089,1
1450.81,-0.100586,-0.796387,0.916992,3.78418,4.69971,-23.7427,1
1450.82,-0.0864258,-0.638184,0.878418,2.99072,4.94385,-24.6582,1
1450.83,-0.125488,-0.710938,0.837891,1.95312,4.45557,-25.3906,1
1450.84,-0.12793,-0.721191,0.817383,2.74658,3.78418,-24.6582,1
1450.85,-0.120117,-0.719727,0.882812,2.0752,3.84521,-25.2075,1
1450.86,-0.109863,-0.833008,0.934082,1.52588,3.35693,-25.9399,1
1450.87,-0.0625,-0.838867,0.942383,1.95312,3.41797,-26.062,1
1450.88,-0.100586,-0.742188,0.917969,1.15967,3.54004,-26.6113,1
1450.88,-0.115723,-0.833008,0.897949,0.0610352,3.17383,-26.7944,1
1450.89,-0.118652,-0.779785,0.936035,0.732422,3.2959,-26.5503,1
1450.9,-0.0922852,-0.73877,0.981934,-1.09863,3.479,-27.8931,1
1450.91,-0.046875,-0.911133,0.93457,-1.09863,3.41797,-27.71,1
1450.92,-0.105957,-0.77002,0.947266,-0.305176,3.11279,-26.7944,1
1450.93,-0.133301,-0.800781,0.990723,-2.56348,2.74658,-28.6865,1
1450.94,-0.0957031,-0.897949,0.981445,-1.77002,3.17383,-28.0151,1
1450.95,-0.100098,-0.779297,1.01465,-2.13623,3.35693,-28.2593,1
1450.96,-0.0874023,-0.898438,1.03027,-3.17383,2.2583,-28.9917,1
1450.97,-0.0620117,-0.828125,0.984375,-1.34277,2.74658,-28.0151,1
1450.98,-0.0644531,-0.761719,0.992676,-2.68555,2.74658,-29.2969,1
1450.99,-0.0258789,-1.05859,0.96875,-2.62451,2.19727,-29.48,1
1451,-0.0102539,-0.880371,1.00293,-0.305176,1.34277,-28.7476,1
1451.01,-0.0327148,-0.834473,1.02197,-1.83105,1.95312,-30.0903,1
1451.02,0.0131836,-0.942383,1.05566,-1.40381,1.0376,-29.8462,1
1451.03,0.0717773,-0.835938,0.976562,-1.15967,0.793457,-29.8462,1
1451.04,0.0839844,-0.859375,0.956055,-2.0752,0.427246,-30.1514,1
1451.05,0.0332031,-0.999512,1.03516,-1.40381,-0.305176,-30.0903,1
1451.06,0.0258789,-0.888672,1.0498,0.366211,-0.427246,-29.7241,1
1451.07,0.0444336,-0.777344,1.06689,-0.549316,-0.488281,-31.0059,1
1451.08,0.0942383,-1.06006,1.00781,0.0610352,-0.793457,-30.0293,1
1451.09,0.127441,-0.927734,1.03516,2.01416,-1.64795,-29.8462,1
1451.1,0.0786133,-0.804688,1,0.610352,-1.0376,-30.3955,1
1451.11,0.0249023,-1.01611,0.978516,1.52588,-1.0376,-29.6631,1
1451.12,-0.00683594,-0.904785,0.96582,4.45557,-0.549316,-28.5034,1
1451.13,0.0585938,-0.770508,0.895508,3.23486,-0.183105,-30.0293,1
1451.14,0.0507812,-1.0127,0.91748,3.05176,0,-29.6631,1
1451.15,0.0258789,-0.902344,1.03076,4.39453,-0.12207,-28.3813,1
1451.16,-0.0107422,-0.744629,1.02295,3.11279,0,-28.2593,1
1451.17,-0.034668,-1.01416,0.956055,3.54004,0.915527,-27.8931,1
1451.18,-0.0195312,-0.863281,0.941895,5.37109,1.15967,-27.2217,1
1451.19,-0.027832,-0.82959,0.783691,3.05176,1.52588,-28.0151,1
1451.2,-0.0854492,-0.96582,0.920898,2.62451,1.0376,-27.4658,1
1451.21,-0.0693359,-0.817871,1.1123,1.46484,2.0752,-27.6489,1
1451.21,-0.015625,-0.902344,1.06641,-0.366211,3.17383,-28.0151,1
1451.22,-0.0117188,-0.92627,0.894043,1.52588,2.38037,-26.3672,1
1451.23,-0.0629883,-0.716797,0.969238,0.671387,2.2583,-27.5269,1
1451.24,-0.0786133,-0.894531,0.930176,-0.549316,2.62451,-27.832,1
1451.25,-0.117676,-0.973633,0.951172,1.28174,2.99072,-26.8555,1
1451.26,-0.0537109,-0.87207,0.942383,0.976562,2.86865,-27.4658,1
1451.27,-0.0214844,-0.91748,0.918945,1.28174,3.54004,-28.1372,1
1451.28,-0.0556641,-0.866699,0.965332,2.31934,2.38037,-28.5034,1
1451.29,-0.0737305,-0.855469,0.902832,2.31934,1.28174,-28.8086,1
1451.3,-0.0917969,-0.911621,0.853516,2.50244,1.70898,-28.9917,1
1451.31,-0.0708008,-0.753418,0.878418,3.23486,1.83105,-28.5034,1
1451.32,-0.0410156,-0.822266,0.900391,1.89209,2.2583,-29.541,1
1451.33,-0.0771484,-0.997559,0.970703,2.80762,1.09863,-29.2969,1
1451.34,-0.0517578,-0.905762,0.995605,3.05176,0.854492,-29.541,1
1451.35,-0.10791,-0.898438,0.962402,1.64795,1.15967,-30.3345,1
1451.36,-0.0952148,-0.869141,0.95166,1.0376,0.488281,-30.3955,1
1451.37,-0.0546875,-0.776367,0.95459,-0.0610352,0.854492,-30.4565,1
1451.38,-0.102539,-0.948242,0.974609,-1.0376,0.976562,-30.4565,1
1451.39,-0.0771484,-0.913086,0.984375,0,0.305176,-29.4189,1
1451.4,-0.0844727,-0.779297,1.03857,-1.52588,0.793457,-30.5786,1
1451.41,-0.0581055,-1.03564,0.979492,-1.28174,1.58691,-30.3345,1
1451.42,-0.105469,-0.96582,1,0.427246,1.15967,-29.8462,1
1451.43,-0.0668945,-0.751953,0.957031,-1.34277,1.46484,-31.1279,1
1451.44,-0.0483398,-1.0415,0.954102,-1.52588,2.01416,-30.7617,1
1451.45,-0.0966797,-0.838867,0.930664,0,0.488281,-30.6396,1
1451.46,-0.0751953,-0.854492,0.973633,-1.58691,1.28174,-31.0059,1
1451.47,-0.046875,-0.911133,0.965332,0.12207,1.28174,-30.2124,1
1451.48,-0.0708008,-0.92041,0.990723,-0.854492,1.64795,-31.6772,1
1451.49,-0.043457,-0.958496,0.982422,0.793457,0.549316,-30.2734,1
1451.5,-0.0864258,-0.789551,0.989746,0,0.0610352,-31.25,1
1451.51,-0.0556641,-1.05322,0.960938,-0.610352,0.732422,-31.25,1
1451.52,-0.00195312,-0.877441,0.959473,1.58691,0.183105,-30.7617,1
1451.53,-0.00878906,-0.890625,0.977051,-0.549316,0.732422,-31.7993,1
1451.54,0.0761719,-1.09424,0.998535,1.28174,-0.12207,-30.5786,1
1451.55,-0.0244141,-0.815918,1.01953,2.80762,0.183105,-30.6396,1
1451.55,-0.00537109,-0.860352,0.98584,0.671387,0.915527,-31.7383,1
1451.56,-0.00585938,-0.996582,0.945801,2.80762,0.366211,-30.2734,1
1451.57,0.012207,-0.897461,0.838379,2.56348,0.793457,-30.7617,1
1451.58,0.0317383,-0.773926,0.980469,0.427246,-0.305176,-31.4941,1
1451.59,0.046875,-1.04199,1.0293,0.610352,0.183105,-30.7007,1
1451.6,0.0161133,-1.02344,0.958984,3.23486,-0.366211,-29.8462,1
1451.61,0.019043,-0.849121,0.94043,2.50244,0,-30.6396,1
1451.62,0.015625,-0.941895,0.873047,1.77002,0.366211,-30.7617,1
1451.63,0.0253906,-1.04297,0.977051,2.92969,0.12207,-29.4189,1
1451.64,0.0224609,-0.752441,1.02588,2.38037,0,-29.6021,1
1451.65,0.102051,-0.945801,0.934082,-0.488281,0.732422,-29.6021,1
1451.66,0.0488281,-1.12744,0.905762,1.46484,0.671387,-28.0762,1
1451.67,0.0131836,-0.669922,0.972656,0.549316,0.549316,-29.1748,1
1451.68,-0.00927734,-1.00977,0.950684,-1.0376,1.89209,-28.8696,1
1451.69,-0.0292969,-0.986328,0.989746,2.80762,1.40381,-27.771,1
1451.7,0.00341797,-0.598633,0.962891,0.671387,2.19727,-28.7476,1
1451.71,0.027832,-0.953613,0.862305,-0.915527,1.77002,-28.5034,1
1451.72,0.0078125,-0.996582,0.915039,0.915527,1.70898,-27.9541,1
1451.73,0.00732422,-0.788086,0.952148,0.793457,1.89209,-28.0151,1
1451.74,0.0356445,-1.00098,0.956055,-0.671387,1.58691,-28.5034,1
1451.75,0.012207,-0.995605,0.915039,2.13623,1.95312,-27.0996,1
1451.75,-0.00292969,-0.806152,0.929688,1.64795,2.50244,-27.832,1
1451.76,-0.00634766,-0.995605,0.980469,1.95312,2.68555,-27.3438,1
1451.77,0.00146484,-0.835449,0.915527,3.2959,2.38037,-27.0386,1
1451.78,0.0634766,-0.756836,0.924316,1.89209,2.2583,-27.771,1
1451.79,0.00927734,-0.877441,0.868164,1.77002,2.38037,-27.71,1
1451.8,0.0166016,-0.993652,0.910645,2.68555,2.31934,-27.2217,1
1451.81,-0.0473633,-0.689453,0.968262,1.77002,1.34277,-27.9541,1
1451.82,-0.0146484,-1.01855,0.983398,-0.854492,1.89209,-28.1982,1
1451.83,0.0195312,-0.951172,0.907715,3.66211,1.64795,-26.4282,1
1451.84,-0.046875,-0.777344,0.920898,0.671387,1.89209,-28.3813,1
1451.85,-0.00488281,-1.02295,0.936523,0.915527,1.15967,-27.2827,1
1451.86,-0.0522461,-0.785645,0.964844,2.0752,2.31934,-27.0996,1
1451.87,-0.059082,-0.891602,0.948242,-0.366211,2.2583,-27.9541,1
1451.88,-0.0112305,-0.956543,0.928711,2.19727,1.83105,-26.8555,1
1451.89,-0.0981445,-0.791992,0.909668,1.89209,2.86865,-27.6489,1
1451.9,-0.0927734,-0.967773,0.948242,1.15967,2.01416,-27.771,1
1451.91,-0.107422,-0.821777,0.946777,2.92969,2.38037,-26.7334,1
1451.92,-0.0678711,-0.786133,0.933105,1.0376,2.92969,-27.9541,1
1451.93,-0.0585938,-1.0166,0.907227,1.95312,2.56348,-27.2217,1
1451.94,-0.0405273,-0.826172,0.883789,2.56348,2.31934,-27.5269,1
1451.95,-0.110352,-0.896484,0.947754,0.244141,2.56348,-28.4424,1
1451.96,-0.114258,-0.869629,0.994141,1.89209,2.56348,-26.9775,1
1451.97,-0.0620117,-0.731445,0.970215,-0.244141,3.23486,-28.1982,1
1451.98,-0.0205078,-1.04639,0.95752,0.366211,2.62451,-27.1606,1
1451.99,-0.13623,-0.909668,0.981934,2.01416,2.38037,-27.5879,1
1452,-0.0708008,-0.891602,0.937988,-0.549316,2.68555,-29.1138,1
1452.01,-0.0683594,-0.889648,0.937988,1.46484,3.60107,-27.5269,1
1452.02,-0.0869141,-0.793457,0.955078,0,3.05176,-28.6865,1
1452.03,-0.0371094,-1.06201,0.96875,0,1.89209,-28.5034,1
1452.04,-0.0507812,-0.897461,0.958008,2.01416,2.01416,-28.0762,1
1452.05,-0.074707,-0.789062,0.984863,-0.183105,2.38037,-29.48,1
1452.06,-0.0380859,-0.962891,0.975586,-0.0610352,1.83105,-29.1748,1
1452.07,-0.00585938,-0.846191,0.941895,0.854492,1.58691,-28.6255,1
1452.08,0.00488281,-0.970703,0.965332,-0.12207,1.34277,-29.48,1
1452.09,-0.0385742,-0.84375,1.00391,1.28174,0.549316,-28.9917,1
1452.1,-0.0439453,-0.81543,0.929199,0.0610352,1.64795,-30.0293,1
1452.11,-0.0473633,-0.978516,0.946777,1.0376,1.0376,-29.2358,1
1452.11,-0.0258789,-0.906738,0.945312,0.976562,0.244141,-29.541,1
1452.12,-0.0556641,-0.929688,0.977051,0.305176,0.732422,-29.6631,1
1452.13,-0.106445,-0.865723,1.01221,1.09863,0.915527,-29.2358,1
1452.14,-0.129395,-0.884277,0.990234,1.34277,1.40381,-29.9683,1
1452.15,-0.097168,-0.960449,0.963379,0.732422,0.732422,-30.3345,1
1452.16,-0.0327148,-0.807617,0.92627,2.68555,0.366211,-28.7476,1
1452.17,-0.121582,-0.995117,1.00342,0.366211,1.15967,-29.9683,1
1452.18,-0.0922852,-1.06299,1.04004,2.80762,0.488281,-29.2358,1
1452.19,-0.10498,-0.750488,0.98584,2.2583,1.83105,-29.6631,1
1452.2,-0.111328,-1.0415,1.04346,0.244141,1.2207,-30.2734,1
1452.21,-0.119629,-0.843262,0.937012,3.17383,0.366211,-29.0527,1
1452.22,-0.118652,-0.765137,0.92334,1.09863,2.01416,-29.8462,1
1452.23,-0.179199,-1.03467,1,1.95312,1.15967,-29.1138,1
1452.24,-0.125488,-0.859863,0.993652,2.80762,2.2583,-29.48,1
1452.25,-0.0849609,-0.845215,0.935547,2.13623,2.68555,-29.0527,1
1452.26,-0.100586,-0.972168,0.9375,1.77002,2.38037,-29.6021,1
1452.27,-0.0678711,-0.852539,0.928223,3.78418,2.13623,-28.4424,1
1452.28,-0.157715,-0.755859,0.947754,2.56348,2.68555,-30.0903,1
1452.29,-0.160645,-1.02051,0.86377,1.70898,2.31934,-29.8462,1
1452.3,-0.174316,-0.890137,0.873047,4.76074,2.92969,-28.2593,1
1452.31,-0.186035,-0.68457,0.980957,1.89209,2.80762,-30.0903,1
1452.32,-0.0634766,-1.0249,0.926758,1.77002,3.23486,-29.7852,1
1452.33,-0.111328,-0.853027,0.933594,4.5166,3.23486,-28.6255,1
1452.34,-0.147949,-0.794922,0.909668,1.34277,2.62451,-30.3955,1
1452.35,-0.101074,-0.948242,0.872559,2.31934,2.86865,-29.541,1
1452.36,-0.17041,-0.862793,0.928711,2.56348,4.27246,-29.3579,1
1452.37,-0.14209,-0.817383,0.979004,1.0376,2.99072,-30.2734,1
1452.38,-0.128418,-0.904297,0.929199,0.427246,3.35693,-30.2734,1
1452.39,-0.12207,-0.871582,0.93457,1.70898,3.96729,-29.541,1
1452.4,-0.14502,-0.830078,0.90625,0.12207,3.84521,-30.6396,1
1452.41,-0.12793,-0.936523,0.929688,-0.12207,3.54004,-30.9448,1
1452.42,-0.135254,-0.841309,0.90918,0.671387,3.23486,-30.2734,1
1452.42,-0.117676,-0.797852,0.883301,-0.366211,3.35693,-31.25,1
1452.43,-0.178711,-0.908691,0.913086,-0.610352,2.01416,-31.5552,1
1452.44,-0.129395,-0.871582,0.90332,0,1.89209,-31.5552,1
1452.45,-0.135254,-0.749023,0.939453,0.305176,2.62451,-31.311,1
1452.46,-0.151367,-0.987793,0.960449,-1.83105,2.68555,-33.02,1
1452.47,-0.106934,-0.995117,0.891602,1.15967,1.40381,-31.4331,1
1452.48,-0.137207,-0.776855,0.92627,0.244141,2.2583,-32.3486,1
1452.49,-0.154297,-0.956055,0.949707,-1.15967,1.28174,-33.2031,1
1452.5,-0.136719,-0.879883,0.949707,1.34277,1.52588,-31.9214,1
1452.51,-0.147949,-0.752441,0.973145,-0.610352,1.46484,-33.3862,1
1452.52,-0.152832,-1.03613,0.919922,-0.488281,0.854492,-33.2031,1
1452.53,-0.152344,-0.868164,0.917969,1.09863,1.09863,-32.7759,1
1452.54,-0.15918,-0.90332,0.970703,-0.732422,1.2207,-34.0576,1
1452.55,-0.160645,-1.0249,0.961914,0.793457,0.488281,-32.7759,1
1452.56,-0.149414,-0.911133,0.977051,0.671387,0.183105,-33.2642,1
1452.57,-0.168457,-0.878906,0.981934,0.0610352,0.427246,-33.9355,1
1452.58,-0.229004,-0.913086,0.984375,-0.183105,0.732422,-33.9355,1
1452.59,-0.208008,-0.914062,0.990234,0.427246,0.976562,-33.2642,1
1452.6,-0.151367,-0.787109,0.952637,0.183105,1.15967,-33.5693,1
1452.61,-0.141602,-1.0752,1.02197,-0.671387,0.976562,-34.2407,1
1452.62,-0.131348,-1.05957,0.991699,1.64795,0,-33.3252,1
1452.63,-0.196777,-0.957031,0.99707,0.976562,1.15967,-33.9355,1
1452.64,-0.204102,-0.844238,0.980957,0.976562,0.549316,-33.6914,1
1452.65,-0.18457,-0.830078,0.998535,0,1.46484,-34.4849,1
1452.66,-0.168945,-0.952637,0.997559,0.183105,1.28174,-33.9355,1
1452.67,-0.137207,-0.968262,0.94873,0.793457,0.12207,-33.4473,1
1452.68,-0.152344,-1.02148,0.991211,0.915527,0.671387,-34.0576,1
1452.69,-0.135254,-0.929199,0.975586,2.01416,0.854492,-33.4473,1
1452.7,-0.13623,-0.966797,0.961914,0.366211,1.34277,-34.4238,1
1452.71,-0.132324,-1.06396,0.981934,1.70898,0.0610352,-33.4473,1
1452.71,-0.103516,-0.788574,0.949219,1.89209,0.12207,-33.2642,1
1452.72,-0.0966797,-0.992188,0.943359,0.976562,1.52588,-33.9355,1
1452.73,-0.102539,-0.885742,0.92041,3.2959,0.915527,-33.02,1
1452.74,-0.0483398,-0.819336,0.851562,0.976562,1.2207,-34.1187,1
1452.75,-0.0830078,-1.1748,0.919922,1.58691,1.28174,-32.7148,1
1452.76,-0.0893555,-0.808594,0.999512,2.56348,1.15967,-32.5317,1
1452.77,-0.10498,-0.941406,0.973145,0.366211,2.56348,-32.959,1
1452.78,-0.11084,-1.12744,0.925781,4.57764,2.2583,-31.189,1
1452.79,-0.0966797,-0.77002,0.869141,5.18799,2.31934,-32.1655,1
1452.8,-0.0361328,-0.94873,0.856445,2.99072,2.92969,-32.4707,1
1452.81,-0.102051,-1.1333,1.04736,4.69971,1.83105,-30.9448,1
1452.82,-0.0717773,-0.87793,1.05225,3.41797,2.19727,-31.8604,1
1452.83,-0.00537109,-0.960449,1.00049,2.68555,2.92969,-31.1279,1
1452.84,-0.0839844,-1.06006,0.959473,3.90625,2.68555,-30.8228,1
1452.85,-0.00292969,-0.869141,0.878906,3.23486,1.58691,-31.0669,1
1452.86,0.0253906,-0.801758,0.882324,1.46484,1.95312,-31.5552,1
1452.87,-0.019043,-0.959961,0.982422,-0.0610352,1.58691,-31.7993,1
1452.88,0.0185547,-0.958496,1.00488,0.12207,1.28174,-31.4941,1
1452.89,-0.00927734,-0.877441,0.934082,-0.854492,1.15967,-31.6772,1
1452.9,-0.0141602,-0.894531,0.859375,-0.732422,0.854492,-31.6162,1
1452.91,-0.0136719,-0.80127,0.878418,-0.976562,-0.244141,-32.1045,1
1452.92,0.0424805,-0.895508,0.87793,-0.244141,0.427246,-31.0669,1
1452.93,0.0605469,-0.902344,0.926758,-1.15967,0.12207,-32.3486,1
1452.94,-0.00244141,-1.04785,0.95459,0.0610352,-0.305176,-31.189,1
1452.95,0.0117188,-0.913574,0.900391,2.62451,0.244141,-30.1514,1
1452.96,-0.106934,-0.813965,0.92041,0.854492,-0.183105,-31.4331,1
1452.97,-0.0668945,-1.06787,0.798828,2.80762,0.671387,-30.0293,1
1452.98,-0.0507812,-0.893555,1.04443,3.54004,0.732422,-30.7007,1
1452.99,0.0629883,-0.848633,0.923828,2.80762,-0.0610352,-29.7852,1
1453,0.0449219,-0.938965,0.955078,1.95312,0.976562,-29.6021,1
1453.01,-0.0986328,-1.15674,0.938477,3.23486,1.09863,-28.5034,1
1453.02,-0.0766602,-0.728027,0.917969,3.84521,1.46484,-28.6255,1
1453.03,-0.0639648,-0.900391,0.933105,-0.427246,2.50244,-29.1138,1
1453.04,-0.00830078,-1.02295,0.985352,1.28174,1.52588,-27.832,1
1453.05,-0.0273438,-0.77002,1.03906,-0.549316,1.89209,-28.3813,1
1453.06,0.00537109,-1.01025,0.881836,-1.89209,2.44141,-28.0151,1
1453.07,-0.0219727,-0.974609,0.90625,0.12207,3.11279,-26.9165,1
1453.08,-0.122559,-0.726562,0.928223,-1.64795,2.92969,-27.8931,1
1453.09,-0.0224609,-1.16895,0.983887,-3.90625,3.11279,-27.832,1
1453.1,-0.105469,-0.927734,0.999512,1.89209,3.78418,-25.9399,1
1453.1,-0.0703125,-0.706055,1.0083,-2.92969,3.479,-28.2593,1
1453.11,-0.0415039,-1.11621,0.919434,-1.0376,2.92969,-27.2217,1
1453.12,-0.0595703,-0.906738,0.839355,0.915527,3.96729,-26.7334,1
1453.13,-0.0419922,-0.85498,0.922363,-0.183105,3.05176,-27.8931,1
1453.14,-0.120605,-1.16943,0.983887,-0.732422,3.05176,-27.5879,1
1453.15,-0.0458984,-0.745605,0.954102,2.80762,3.11279,-26.4893,1
1453.16,-0.147949,-0.85791,1.00879,-1.70898,3.72314,-27.771,1
1453.17,-0.0732422,-1.13477,1.01318,1.2207,2.74658,-27.4658,1
1453.18,-0.0883789,-0.680664,0.843262,2.68555,3.23486,-27.2217,1
1453.19,-0.141113,-0.872559,0.974609,-0.915527,3.11279,-28.7476,1
1453.2,-0.0834961,-1.13623,0.943848,1.40381,2.31934,-28.4424,1
1453.21,-0.0566406,-0.769531,0.86377,2.74658,3.11279,-28.3813,1
1453.22,-0.138184,-0.900391,0.955078,-1.64795,2.0752,-29.3579,1
1453.23,-0.0849609,-1.07959,1.02344,0.854492,1.09863,-28.6865,1
1453.24,-0.128418,-0.761719,1.0708,1.77002,2.80762,-28.9307,1
1453.25,-0.112793,-0.947266,0.943848,-0.12207,1.77002,-29.9683,1
1453.26,-0.097168,-1.01855,0.872559,1.46484,0.12207,-29.0527,1
1453.27,-0.104004,-0.893066,0.955566,2.68555,0.976562,-30.0903,1
1453.28,-0.10498,-0.814941,0.955078,1.70898,0.488281,-30.8838,1
1453.29,-0.0874023,-1.14209,0.969727,3.17383,0,-30.2734,1
1453.3,-0.148438,-0.845703,1.00049,4.76074,-1.15967,-30.4565,1
1453.31,-0.0917969,-0.833984,0.966309,2.62451,-0.732422,-31.3721,1
1453.32,-0.130371,-1.08594,0.966309,4.02832,-0.0610352,-30.1514,1
1453.33,-0.107422,-0.919922,1.02783,4.02832,-1.64795,-31.189,1
1453.34,-0.0986328,-0.89209,0.998535,4.02832,-1.89209,-30.9448,1
1453.35,-0.0854492,-0.911621,0.973633,4.15039,-0.915527,-31.311,1
1453.36,-0.0839844,-0.972168,0.973633,3.66211,-1.70898,-31.6162,1
1453.37,-0.0834961,-0.882324,1.00049,4.08936,-2.44141,-30.7617,1
1453.38,-0.0209961,-0.904785,0.977051,1.77002,-1.40381,-31.311,1
1453.39,0.0595703,-0.972656,0.976074,0.488281,-1.34277,-31.4331,1
1453.39,0.0649414,-0.872559,1.0249,-0.427246,-2.19727,-30.8838,1
1453.4,0.0571289,-0.79541,0.961914,-2.44141,-2.0752,-30.9448,1
1453.41,0.0703125,-1.00488,0.978516,-3.41797,-1.83105,-30.7617,1
1453.42,0.0620117,-0.860352,1.00684,-1.70898,-1.89209,-29.6631,1
1453.43,0.043457,-0.821289,1.02148,-3.66211,-0.549316,-30.4565,1
1453.44,0.0825195,-1.07227,0.9375,-1.89209,-1.09863,-29.1748,1
1453.45,0.123047,-0.844727,0.991699,0.671387,-0.793457,-28.6865,1
1453.46,0.105957,-0.910645,1.05273,0.427246,-0.305176,-28.6865,1
1453.47,0.124512,-0.993164,0.964844,3.41797,-0.671387,-27.3438,1
1453.48,0.115723,-0.837891,0.982422,4.39453,0.427246,-27.5879,1
1453.49,0.0688477,-1.01855,1.07471,5.00488,0.610352,-27.0386,1
1453.5,0.0957031,-0.95752,0.914062,8.17871,0.671387,-25.6958,1
1453.51,0.133301,-0.801758,0.895996,6.7749,1.58691,-26.4282,1
1453.52,0.109375,-1.08252,1.09277,7.62939,1.52588,-25.5737,1
1453.53,0.100098,-0.902344,1.0498,9.8877,1.0376,-24.5972,1
1453.54,0.109375,-0.638672,0.931641,7.44629,1.34277,-24.9634,1
1453.55,0.140137,-0.88623,0.846191,4.88281,1.52588,-25.1465,1
1453.56,0.172852,-0.917969,0.785645,5.18799,1.15967,-24.4141,1
1453.57,0.130371,-0.78125,0.902344,3.2959,1.2207,-24.6582,1
1453.58,0.109863,-0.913574,1.05371,2.2583,0.793457,-24.5361,1
1453.59,0.118652,-0.682129,0.954102,1.28174,0.854492,-24.8413,1
1453.6,0.126465,-0.69873,0.85498,-1.46484,0.488281,-25.7568,1
1453.61,0.134766,-0.833496,0.944336,-0.488281,-0.183105,-24.5972,1
1453.62,0.177734,-0.730957,0.850098,-0.976562,-0.549316,-25.7568,1
1453.63,0.175781,-0.758789,0.937012,-1.28174,0.244141,-25.5127,1
1453.64,0.100586,-0.939941,1.02881,-0.732422,0.549316,-25.3906,1
1453.65,0.120117,-0.911621,0.918945,1.46484,-0.793457,-24.7803,1
1453.66,0.106445,-0.86377,0.995605,2.2583,-0.244141,-25.2686,1
1453.67,0.124023,-0.807129,1.05713,2.56348,-0.671387,-25.2075,1
1453.67,0.169434,-0.874512,1.01953,3.41797,-0.366211,-25.2075,1
1453.68,0.182617,-0.822266,0.955566,4.88281,-0.305176,-24.5361,1
1453.69,0.19043,-0.77002,1.02002,5.00488,-0.183105,-24.5972,1
1453.7,0.191406,-0.901367,0.986816,4.69971,0.12207,-24.4141,1
1453.71,0.166504,-0.853516,1.04053,5.43213,0,-23.4985,1
1453.72,0.142578,-0.80957,1.03613,3.96729,-0.12207,-24.1089,1
1453.73,0.189453,-0.830566,0.939453,3.60107,-0.305176,-23.7427,1
1453.74,0.20166,-0.689453,0.961426,3.66211,0.244141,-23.5596,1
1453.75,0.251465,-0.735352,0.967773,1.77002,0.549316,-24.4141,1
1453.76,0.28418,-0.772949,0.9375,2.99072,0.671387,-22.7051,1
1453.77,0.243164,-0.712402,0.946289,1.52588,0.793457,-23.3154,1
1453.78,0.232422,-0.772461,0.897949,1.15967,0.244141,-23.0103,1
1453.79,0.221191,-0.705078,0.907227,1.34277,1.0376,-22.8882,1
1453.8,0.220703,-0.698242,1.00586,1.40381,1.15967,-23.2544,1
1453.81,0.275879,-0.677734,0.950684,1.40381,1.46484,-23.4985,1
1453.82,0.297852,-0.701172,0.943359,1.2207,1.2207,-23.2544,1
1453.83,0.223633,-0.811035,1.00391,2.31934,1.15967,-22.522,1
1453.84,0.224121,-0.68457,0.969727,3.78418,0.915527,-22.1558,1
1453.85,0.237305,-0.659668,0.913086,3.60107,2.01416,-22.644,1
1453.86,0.245117,-0.728516,0.970703,4.21143,1.52588,-22.0947,1
1453.87,0.266602,-0.732422,1.03857,4.94385,0.854492,-22.0337,1
1453.88,0.298828,-0.647461,0.993164,5.67627,1.0376,-21.5454,1
1453.89,0.335938,-0.632812,0.947754,5.12695,1.28174,-21.5454,1
1453.9,0.304199,-0.758301,0.921875,5.06592,0.976562,-21.4844,1
1453.91,0.278809,-0.632812,0.956543,4.94385,0.488281,-21.2402,1
1453.92,0.254395,-0.69043,0.975586,4.27246,0.793457,-21.3013,1
1453.93,0.272461,-0.668457,0.977539,4.39453,0.244141,-20.874,1
1453.94,0.303711,-0.606934,0.946777,3.23486,-0.0610352,-21.4233,1
1453.95,0.328125,-0.647461,0.994141,2.56348,-0.427246,-21.4844,1
1453.96,0.346191,-0.637695,0.95166,2.19727,-0.854492,-21.3623,1
1453.96,0.349609,-0.598145,0.919434,2.01416,-1.09863,-21.0571,1
1453.97,0.314941,-0.725098,0.991699,0.732422,-1.15967,-21.6675,1
1453.98,0.336914,-0.638672,1.00488,1.83105,-1.83105,-20.813,1
1453.99,0.36084,-0.633301,1.02051,-0.244141,-1.46484,-21.6675,1
1454,0.353027,-0.748535,1.02051,0.488281,-2.50244,-20.9351,1
1454.01,0.356934,-0.573242,1.00488,0.12207,-2.0752,-21.6675,1
1454.02,0.378418,-0.611328,0.995117,0,-1.52588,-21.6675,1
1454.03,0.463867,-0.647461,0.978027,1.15967,-1.77002,-21.5454,1
1454.04,0.481934,-0.629883,0.973145,0.915527,-1.58691,-21.7896,1
1454.05,0.401855,-0.739258,0.998535,1.09863,-1.52588,-21.2402,1
1454.06,0.350098,-0.753906,1.07129,1.28174,-1.70898,-21.1182,1
1454.07,0.386719,-0.569824,1.01953,0.366211,-1.77002,-21.3013,1
1454.08,0.464844,-0.638672,0.998535,-1.2207,-1.2207,-21.6675,1
1454.09,0.513184,-0.682617,1.00146,-0.366211,-1.40381,-21.2402,1
1454.1,0.51123,-0.617676,1.00342,-0.610352,-0.854492,-21.6064,1
1454.11,0.470215,-0.668945,0.966797,-0.244141,-0.488281,-20.9961,1
1454.12,0.397949,-0.69043,1.02051,-0.610352,-0.427246,-21.1792,1
1454.13,0.405273,-0.650879,1.06787,0.12207,-0.12207,-20.9351,1
1454.14,0.415527,-0.568359,1.02686,-0.183105,0.366211,-21.3013,1
1454.15,0.50293,-0.649414,0.973145,-0.366211,0,-21.4844,1
1454.16,0.501953,-0.699707,0.983887,0.0610352,0.488281,-21.2402,1
1454.17,0.404297,-0.717285,0.965332,0.732422,1.34277,-20.6299,1
1454.18,0.355957,-0.659668,0.952637,0,1.58691,-20.6909,1
1454.19,0.375,-0.682617,0.990723,-0.427246,1.77002,-20.752,1
1454.2,0.407227,-0.611816,1.01514,-0.305176,1.70898,-20.5688,1
1454.21,0.414062,-0.678711,1.0293,-0.183105,1.52588,-20.813,1
1454.22,0.425781,-0.667969,0.95166,0.671387,1.64795,-20.3247,1
1454.23,0.423828,-0.695801,0.928223,0.0610352,2.01416,-20.6909,1
1454.24,0.365234,-0.736816,1.0415,-0.244141,1.95312,-20.5688,1
1454.25,0.322266,-0.71582,1.09521,0,1.52588,-20.4468,1
1454.25,0.365723,-0.65625,0.95752,0.427246,1.52588,-20.5078,1
1454.26,0.424316,-0.567383,0.97998,-0.427246,1.09863,-21.3623,1
1454.27,0.410645,-0.630859,0.972168,-1.64795,1.2207,-21.6064,1
1454.28,0.380371,-0.775879,0.954102,-0.671387,0.915527,-20.9351,1
1454.29,0.344727,-0.657715,0.946289,0.732422,0.732422,-20.6909,1
1454.3,0.369629,-0.714844,0.976562,0.0610352,0.854492,-21.6675,1
1454.31,0.40332,-0.715332,1.02637,1.09863,0.244141,-21.0571,1
1454.32,0.394531,-0.620117,1.02539,-0.0610352,0.671387,-21.6064,1
1454.33,0.356445,-0.703613,0.91748,-0.671387,0.549316,-21.3623,1
1454.34,0.344727,-0.688477,0.915039,-0.305176,0,-21.1792,1
1454.35,0.341309,-0.675781,0.995117,0,0,-21.1182,1
1454.36,0.391602,-0.658691,1.01562,1.09863,0.183105,-20.5078,1
1454.37,0.381348,-0.589844,0.97168,0.915527,0.488281,-20.6299,1
1454.38,0.38916,-0.706543,0.960449,0.488281,0.183105,-20.6299,1
1454.39,0.356445,-0.72168,1.01807,2.0752,0,-19.4702,1
1454.4,0.349121,-0.609375,1.03076,2.38037,0.183105,-19.5312,1
1454.41,0.386719,-0.712402,0.976562,1.89209,0.793457,-19.7144,1
1454.42,0.388672,-0.684082,0.930664,3.2959,0.732422,-18.4937,1
1454.43,0.367188,-0.613281,0.962891,2.86865,0.732422,-18.4326,1
1454.44,0.383789,-0.687012,1.01074,2.99072,0.366211,-18.0664,1
1454.45,0.385742,-0.648438,1.01172,4.02832,0.671387,-17.2729,1
1454.46,0.355957,-0.578613,0.999023,3.23486,0.976562,-17.5781,1
1454.47,0.366699,-0.71875,0.963867,2.92969,0.793457,-17.0898,1
1454.48,0.364258,-0.657715,0.958984,3.54004,0.488281,-16.1133,1
1454.49,0.374512,-0.578613,0.962891,2.2583,0.0610352,-16.5405,1
1454.5,0.395508,-0.694336,0.983887,1.89209,0.244141,-16.4795,1
1454.51,0.368164,-0.506348,1.00293,2.01416,-0.183105,-16.1743,1
1454.52,0.396973,-0.59668,0.975098,-0.549316,0.12207,-16.8457,1
1454.53,0.390625,-0.681641,0.936523,0.732422,-0.0610352,-15.5029,1
1454.54,0.399902,-0.521484,0.932617,0.305176,0,-16.2354,1
1454.55,0.440918,-0.644531,0.956543,-0.915527,-0.12207,-16.4795,1
1454.56,0.370117,-0.64502,1.00293,-0.854492,-0.0610352,-16.0522,1
1454.57,0.375977,-0.617188,0.96875,-1.40381,0.732422,-16.3574,1
1454.58,0.38916,-0.622559,0.955078,-1.15967,0.976562,-16.2964,1
1454.59,0.404297,-0.614746,0.956055,-1.34277,0.671387,-16.6016,1
1454.6,0.411133,-0.687988,1.00928,-0.671387,0.671387,-16.6626,1
1454.61,0.405762,-0.612793,1.05078,0.305176,0.915527,-16.2354,1
1454.61,0.354492,-0.606445,0.96875,-0.671387,1.40381,-16.9067,1
1454.62,0.367188,-0.740723,0.990234,-0.244141,1.52588,-16.9067,1
1454.63,0.342773,-0.624023,1.05469,0.305176,1.46484,-16.7236,1
1454.64,0.373047,-0.632812,1.04443,-1.09863,1.64795,-17.8223,1
1454.65,0.347656,-0.697754,0.994141,0.183105,1.52588,-17.0898,1
1454.66,0.314941,-0.619141,0.989746,0,1.58691,-17.8223,1
1454.67,0.325195,-0.695801,0.995117,-0.305176,1.64795,-18.3716,1
1454.68,0.351562,-0.678223,0.995117,0.305176,1.52588,-18.1274,1
1454.69,0.313965,-0.664062,0.95752,-0.488281,1.77002,-18.7378,1
1454.7,0.272461,-0.660156,0.948242,-0.976562,1.40381,-18.8599,1
1454.71,0.251465,-0.65625,0.962891,-1.40381,1.40381,-19.165,1
1454.72,0.286621,-0.663574,0.953125,-0.915527,0.793457,-18.8599,1
1454.73,0.28418,-0.568848,0.919922,-0.671387,0.549316,-19.165,1
1454.74,0.257324,-0.660645,0.903809,-1.34277,1.0376,-20.1416,1
1454.75,0.272949,-0.686035,0.933594,-0.488281,1.09863,-19.4092,1
1454.76,0.244629,-0.578125,0.976562,-1.28174,1.09863,-19.7144,1
1454.77,0.225586,-0.737793,0.98584,-2.13623,0.366211,-20.0195,1
1454.78,0.245117,-0.753906,0.986816,-0.488281,0.305176,-19.165,1
1454.79,0.23584,-0.574707,1.01855,-0.732422,1.09863,-19.7144,1
1454.8,0.274902,-0.719727,0.946289,-1.15967,1.64795,-19.8364,1
1454.81,0.247559,-0.755859,0.953125,-0.305176,1.46484,-19.2261,1
1454.82,0.222168,-0.625488,1.03564,-0.488281,1.0376,-19.165,1
1454.83,0.240234,-0.719238,1.01709,-1.46484,1.70898,-19.5923,1
1454.84,0.239746,-0.763672,0.964844,0,1.89209,-18.4937,1
1454.85,0.258301,-0.67041,0.995605,-0.854492,2.31934,-19.2261,1
1454.86,0.260254,-0.728027,0.992188,-1.46484,2.0752,-19.043,1
1454.87,0.23877,-0.672363,1.00439,-1.2207,2.13623,-18.9209,1
1454.88,0.239258,-0.626953,0.985352,-1.95312,2.44141,-19.2261,1
1454.89,0.273438,-0.776367,0.932129,-1.83105,2.44141,-19.104,1
1454.9,0.272949,-0.739746,0.987305,-0.610352,2.01416,-18.6157,1
1454.91,0.273438,-0.629395,1.03125,-2.2583,1.64795,-19.7144,1
1454.92,0.250488,-0.803711,0.985352,-2.50244,1.89209,-19.4702,1
1454.93,0.199707,-0.731934,1.02051,-1.09863,1.34277,-18.9209,1
1454.93,0.216309,-0.624512,1.02393,-1.95312,1.34277,-19.9585,1
1454.94,0.254395,-0.740234,0.956543,-1.52588,1.46484,-19.6533,1
1454.95,0.291016,-0.70166,0.982422,-0.183105,1.2207,-19.3481,1
1454.96,0.269043,-0.702148,0.984863,-1.15967,0.488281,-20.2637,1
1454.97,0.248047,-0.774414,0.98584,0.305176,0.427246,-19.4702,1
1454.98,0.222656,-0.597656,0.993652,0.732422,0.549316,-19.7144,1
1454.99,0.273438,-0.700684,0.976074,-1.09863,0.183105,-20.5688,1
1455,0.263184,-0.836914,0.961426,0.427246,0.366211,-19.2871,1
1455.01,0.217773,-0.600098,1.0166,0.976562,0.12207,-19.5923,1
1455.02,0.26709,-0.660645,0.976562,-0.732422,-0.0610352,-20.2637,1
1455.03,0.322754,-0.722168,0.959473,0.610352,-0.183105,-19.165,1
1455.04,0.296387,-0.763672,1.02686,0.671387,0.0610352,-19.2261,1
1455.05,0.229004,-0.732422,1.04297,1.58691,0,-18.3105,1
1455.06,0.270508,-0.683105,1.00439,1.28174,0.12207,-18.3105,1
1455.07,0.255371,-0.775879,0.997559,1.52588,0,-18.2495,1
1455.08,0.259277,-0.655762,0.972656,2.38037,-0.305176,-17.6392,1
1455.09,0.294922,-0.672852,1.03271,1.52588,0.427246,-18.1885,1
1455.1,0.323242,-0.749512,1.07812,2.38037,0.549316,-17.334,1
1455.11,0.281738,-0.692383,0.97998,1.83105,0.610352,-17.1509,1
1455.12,0.227051,-0.734863,0.957031,1.70898,0.12207,-16.6626,1
1455.13,0.221191,-0.779297,1.00391,1.70898,0.610352,-16.6016,1
1455.14,0.306641,-0.617676,1.0083,1.64795,1.0376,-16.3574,1
1455.15,0.325195,-0.688477,0.981934,-0.732422,1.34277,-17.334,1
1455.16,0.269043,-0.836426,0.967773,0.244141,0.610352,-16.0522,1
1455.17,0.208496,-0.57373,1.00098,0.366211,0.305176,-16.6016,1
1455.18,0.273438,-0.702637,0.98291,-1.09863,0.732422,-17.0898,1
1455.19,0.30957,-0.817383,0.973633,0.671387,0.793457,-16.4795,1
1455.2,0.255859,-0.642578,1.00342,0.244141,0.732422,-17.4561,1
1455.21,0.265137,-0.785156,0.982422,-0.732422,0.793457,-17.8833,1
1455.22,0.223145,-0.724609,0.97998,0.427246,0.671387,-17.1509,1
1455.22,0.265625,-0.637695,0.970703,-0.793457,0,-18.3105,1
1455.23,0.292969,-0.804199,0.984863,-0.366211,-0.0610352,-18.6157,1
1455.24,0.279297,-0.769531,0.974121,1.2207,0.305176,-18.3716,1
1455.25,0.270996,-0.754883,0.957031,0.305176,0.244141,-19.4702,1
1455.26,0.217285,-0.763184,0.987793,0.427246,-0.183105,-19.2871,1
1455.27,0.231445,-0.656738,1.02295,-0.244141,0,-19.7754,1
1455.28,0.265137,-0.708496,0.972656,-0.488281,0,-20.1416,1
1455.29,0.269531,-0.786621,0.887207,0,-0.305176,-20.3247,1
1455.3,0.266602,-0.792969,0.943848,0.366211,-0.610352,-20.752,1
1455.31,0.258789,-0.800293,1.0459,0.549316,-0.244141,-20.9961,1
1455.32,0.234863,-0.720215,1.02539,1.15967,-0.0610352,-20.6299,1
1455.33,0.252441,-0.706543,0.997559,0,-0.488281,-21.2402,1
1455.34,0.308105,-0.758301,0.932129,-0.183105,-0.366211,-20.813,1
1455.35,0.243164,-0.757812,0.972656,-0.610352,0.549316,-21.1792,1
1455.36,0.220703,-0.884277,0.97998,-0.488281,0.12207,-21.3013,1
1455.37,0.232422,-0.81543,1.02197,1.2207,0.12207,-20.6299,1
1455.38,0.256348,-0.658691,1.06396,-0.305176,0.366211,-21.3013,1
1455.39,0.296387,-0.827637,1.0249,-1.52588,0.854492,-21.4233,1
1455.4,0.209473,-0.785156,0.98877,0.183105,1.15967,-20.1416,1
1455.41,0.200195,-0.727051,0.919434,-0.488281,1.0376,-20.874,1
1455.42,0.217773,-0.88623,0.967773,-0.0610352,0.976562,-21.1792,1
1455.43,0.255859,-0.746094,1.02686,0.610352,1.09863,-20.9961,1
1455.44,0.259277,-0.760254,1.07324,0,1.28174,-21.0571,1
1455.45,0.232422,-0.867676,1.02783,-0.0610352,1.15967,-20.9351,1
1455.46,0.229492,-0.803223,0.950195,0.427246,1.52588,-20.3857,1
1455.47,0.196289,-0.790527,0.880859,-0.915527,2.0752,-20.9961,1
1455.48,0.165039,-0.779297,0.912598,-0.427246,1.64795,-20.2026,1
1455.49,0.138184,-0.73291,0.966309,-0.976562,2.01416,-20.9351,1
1455.5,0.206055,-0.802734,0.989746,-0.366211,1.89209,-20.813,1
1455.5,0.165039,-0.687988,0.951172,-0.366211,2.31934,-20.5688,1
1455.51,0.0776367,-0.897949,0.975098,-1.0376,2.56348,-20.6909,1
1455.52,-0.0332031,-0.879395,1.00586,1.15967,2.44141,-19.3481,1
1455.53,-0.0444336,-0.640137,0.92627,-0.366211,2.99072,-20.874,1
1455.54,-0.00439453,-0.964355,0.901367,-0.12207,3.90625,-20.0806,1
1455.55,0.0219727,-0.841309,0.984863,3.05176,4.15039,-19.5312,1
1455.56,0.065918,-0.585938,0.937988,0.244141,4.3335,-21.3013,1
1455.57,0.00732422,-0.957031,0.935547,0,4.39453,-20.2026,1
1455.58,-0.0400391,-0.846191,0.938477,2.74658,4.39453,-19.2871,1
1455.59,-0.0664062,-0.650391,0.887695,0.183105,4.76074,-21.1182,1
1455.6,-0.0507812,-0.904785,0.868164,-0.793457,4.94385,-21.3623,1
1455.61,-0.0429688,-0.743164,0.88916,1.2207,4.21143,-20.5688,1
1455.62,-0.0166016,-0.602051,0.899414,-0.793457,3.66211,-21.9727,1
1455.63,-0.00146484,-0.850098,0.899414,-0.427246,3.479,-22.0947,1
1455.64,0.0131836,-0.76416,0.836426,1.28174,2.74658,-21.9116,1
1455.65,-0.00146484,-0.788574,0.88623,0,2.74658,-23.1323,1
1455.66,-0.034668,-0.844238,0.90625,0.488281,2.13623,-22.4609,1
1455.67,-0.00341797,-0.783691,0.96582,0,2.19727,-23.0103,1
1455.68,0.0136719,-0.821777,0.912109,-0.183105,2.68555,-23.2544,1
1455.69,0.0205078,-0.794434,0.883789,-0.488281,1.40381,-23.4375,1
1455.7,-0.00244141,-0.85498,0.941406,-0.488281,1.34277,-23.5596,1
1455.71,-0.0371094,-0.804688,0.991211,-0.183105,1.40381,-23.1934,1
1455.72,-0.0244141,-0.91748,1.01416,-1.89209,2.13623,-24.231,1
1455.73,0.00976562,-0.880859,1.02393,-0.488281,1.95312,-22.8271,1
1455.74,-0.0175781,-0.807617,1.01514,-1.64795,2.2583,-23.5596,1
1455.75,0.00439453,-0.997559,0.994629,-1.46484,1.95312,-23.3765,1
1455.76,-0.0107422,-0.846191,1.03955,-0.0610352,2.2583,-22.8271,1
1455.77,0.0219727,-0.779297,1.00391,-1.0376,2.62451,-23.6206,1
1455.78,0.00488281,-0.928223,0.966309,-0.793457,2.2583,-23.2544,1
1455.79,-9.765625e-04,-0.861816,0.974121,0.244141,1.89209,-22.7661,1
1455.79,-0.00585938,-0.936523,0.963867,-0.732422,2.56348,-23.6206,1
1455.8,-0.00244141,-0.904297,0.97168,1.09863,2.0752,-22.3999,1
1455.81,0.0366211,-0.82666,0.999023,0.0610352,1.95312,-23.6206,1
1455.82,0.0644531,-0.868164,0.969727,1.09863,2.01416,-22.8882,1
1455.83,0.0756836,-0.835449,0.908691,1.34277,1.77002,-23.0713,1
1455.84,0.130371,-1.01855,0.935059,0.671387,1.52588,-23.5596,1
1455.85,0.0854492,-0.775391,1.00537,1.89209,1.15967,-22.3999,1
1455.86,0.0458984,-0.805664,1.01855,-1.09863,1.28174,-23.5596,1
1455.87,0.0786133,-1.04395,0.947754,1.0376,0.610352,-22.2778,1
1455.88,0.0991211,-0.812012,0.970215,2.62451,1.40381,-22.522,1
1455.89,0.15332,-0.777344,1.01074,0.0610352,0.610352,-23.4985,1
1455.9,0.149902,-1.02734,0.955566,0.305176,0.427246,-22.583,1
1455.91,0.0722656,-0.834961,0.979004,2.19727,0.366211,-21.7896,1
1455.92,0.09375,-0.865234,0.966309,-0.0610352,0.610352,-23.4375,1
1455.93,0.158203,-0.989746,0.93457,1.46484,0.366211,-22.1558,1
1455.94,0.148438,-0.726074,0.966797,1.83105,0.0610352,-22.2778,1
1455.95,0.125,-0.779297,0.944336,-0.427246,0.366211,-23.0713,1
1455.96,0.124023,-1.05713,0.94043,1.52588,0.671387,-21.7896,1
1455.97,0.12793,-0.77002,0.925293,2.50244,0.0610352,-21.9727,1
1455.98,0.228027,-0.848145,0.882324,0,0.244141,-22.522,1
1455.99,0.151855,-1.01416,1.01562,1.40381,-0.305176,-21.4844,1
1456,0.0976562,-0.785156,1.01758,0.732422,-0.0610352,-22.1558,1
1456.01,0.101074,-0.789551,0.918457,1.40381,0.671387,-21.1182,1
1456.02,0.152832,-0.922363,0.92627,1.0376,0.366211,-21.6675,1
1456.03,0.191895,-0.943359,0.904297,2.44141,-0.12207,-20.9351,1
1456.04,0.0981445,-0.842285,1.02539,2.92969,0.854492,-20.6299,1
1456.05,0.0449219,-0.822754,1.05811,1.83105,0.305176,-21.1182,1
1456.06,0.144531,-0.913574,0.904297,1.64795,0.549316,-20.6909,1
1456.07,0.10498,-0.895508,0.897949,3.05176,1.52588,-19.6533,1
1456.08,0.0385742,-0.824219,0.927734,1.58691,0.915527,-20.6299,1
1456.08,0.0737305,-0.873535,0.959473,1.89209,1.2207,-20.1416,1
1456.09,0.046875,-0.875488,1.02637,2.74658,2.01416,-19.6533,1
1456.1,0.0878906,-0.814941,0.973145,1.95312,0.793457,-20.0806,1
1456.11,0.0976562,-0.911621,0.902832,0.610352,1.40381,-20.5078,1
1456.12,0.0537109,-0.868164,0.993652,2.13623,1.2207,-18.8599,1
1456.13,0.0234375,-0.859375,1.01025,0,1.52588,-20.0806,1
1456.14,0.0439453,-0.88623,0.921387,1.89209,1.15967,-18.6157,1
1456.15,0.0673828,-0.762207,0.916992,1.28174,1.46484,-20.0195,1
1456.16,0.120117,-0.984375,0.937988,1.40381,1.09863,-19.9585,1
1456.17,0.0874023,-0.848633,1.01074,2.86865,1.28174,-19.104,1
1456.18,0.0341797,-0.770996,1.04004,0.183105,0.915527,-20.2637,1
1456.19,0.0419922,-1.00879,0.918945,1.34277,0.671387,-18.9209,1
1456.2,0.0336914,-0.844727,0.959473,3.60107,1.58691,-19.104,1
1456.21,0.0947266,-0.789062,0.90332,1.40381,0.915527,-20.752,1
1456.22,0.130371,-0.958984,0.922852,2.68555,0.732422,-19.3481,1
1456.23,0.0805664,-0.900391,1.04541,2.56348,0.915527,-19.5312,1
1456.24,0.0927734,-0.827148,1.06689,2.01416,0.793457,-19.5923,1
1456.25,0.104004,-0.828125,0.925293,1.34277,1.46484,-19.7754,1
1456.26,0.0927734,-0.835938,0.943359,2.13623,0.366211,-19.104,1
1456.27,0.105957,-0.907227,0.941406,1.64795,0.12207,-20.0195,1
1456.28,0.134766,-0.810547,0.98584,2.74658,0.427246,-19.6533,1
1456.29,0.168457,-0.830566,1.03027,1.64795,1.09863,-20.3857,1
1456.3,0.194824,-0.833008,1.01172,1.70898,-0.12207,-19.7144,1
1456.31,0.142578,-0.765625,0.95752,1.46484,-0.488281,-19.4702,1
1456.32,0.102051,-0.979492,0.94043,1.28174,0.305176,-19.7754,1
1456.33,0.117676,-0.883301,0.961914,2.86865,-0.0610352,-19.7754,1
1456.34,0.201172,-0.641113,0.983398,1.89209,0.183105,-20.3857,1
1456.35,0.223633,-0.95166,1.00586,0.305176,0.244141,-20.3857,1
1456.36,0.203125,-0.839355,0.960449,2.80762,-0.854492,-19.2261,1
1456.37,0.173828,-0.696777,0.976074,1.09863,0.366211,-20.4468,1
1456.38,0.128906,-0.926758,0.989258,2.01416,-0.183105,-19.6533,1
1456.39,0.152344,-0.797852,0.963379,2.56348,-0.244141,-19.6533,1
1456.39,0.146973,-0.729492,0.98584,1.34277,0,-20.2637,1
1456.4,0.193848,-0.921875,0.986328,1.46484,-0.0610352,-19.8975,1
1456.41,0.231934,-0.757324,1.00098,2.50244,-0.0610352,-18.9819,1
1456.42,0.180176,-0.773438,0.993652,-0.305176,0,-20.4468,1
1456.43,0.0869141,-0.981934,1.00342,0.0610352,0.0610352,-19.6533,1
1456.44,0.109863,-0.712402,0.949707,1.70898,0.244141,-18.8599,1
1456.45,0.20752,-0.610352,0.943359,-0.915527,0.183105,-20.2637,1
1456.46,0.297363,-0.953125,0.957031,-1.28174,-0.183105,-19.8364,1
1456.47,0.197754,-0.839844,0.984863,0.915527,0.183105,-18.7378,1
1456.48,0.0610352,-0.667969,1.02002,-0.732422,0.305176,-19.8364,1
1456.49,0.0986328,-0.895996,0.988281,-0.793457,0.12207,-19.5923,1
1456.5,0.166504,-0.722168,0.885254,1.0376,0.549316,-18.5547,1
1456.51,0.195312,-0.751465,0.926758,-1.95312,0.732422,-20.0195,1
1456.52,0.136719,-0.876953,1.00781,-0.549316,0,-18.7378,1
1456.53,0.0449219,-0.674805,0.999023,0.12207,1.52588,-18.3716,1
1456.54,-0.0478516,-0.716797,0.946777,-1.83105,1.28174,-19.4092,1
1456.55,-0.0268555,-0.914062,0.865723,-1.15967,1.34277,-18.4326,1
1456.56,-0.050293,-0.688965,0.982422,0.915527,1.46484,-17.2119,1
1456.57,-0.0317383,-0.669922,1.03662,-1.89209,2.0752,-19.043,1
1456.58,0.0214844,-0.927246,0.936523,0.183105,2.92969,-17.4561,1
1456.59,0.0219727,-0.700195,0.916504,2.13623,3.41797,-17.395,1
1456.6,-0.034668,-0.681641,0.866211,0,3.11279,-18.5547,1
1456.61,-0.104492,-0.852051,0.92334,1.52588,3.23486,-17.1509,1
1456.62,-0.181152,-0.678711,0.9375,2.44141,3.60107,-16.9067,1
1456.63,-0.194824,-0.708496,0.984375,1.28174,4.3335,-17.7002,1
1456.64,-0.202637,-0.727539,0.983887,2.74658,4.21143,-16.7847,1
1456.65,-0.243164,-0.644043,0.89502,3.23486,5.37109,-16.8457,1
1456.66,-0.285645,-0.676758,0.846191,4.57764,5.49316,-16.3574,1
1456.67,-0.384766,-0.580566,0.942871,4.82178,5.5542,-16.7236,1
1456.68,-0.34668,-0.626465,0.912109,4.69971,6.22559,-16.6626,1
1456.69,-0.257812,-0.736328,0.90332,7.01904,6.46973,-16.1133,1
1456.7,-0.242676,-0.57373,0.878906,8.72803,5.61523,-16.1743,1
1456.71,-0.243164,-0.512207,0.831543,8.23975,5.98145,-16.6626,1
1456.72,-0.333496,-0.604492,0.836426,8.60596,5.5542,-16.7236,1
1456.73,-0.371582,-0.587402,0.813965,9.8877,5.24902,-15.8081,1
1456.74,-0.331543,-0.459961,0.811523,8.97217,5.00488,-16.3574,1
1456.75,-0.33252,-0.398926,0.894043,7.87354,5.24902,-16.2964,1
1456.76,-0.337891,-0.466797,0.98291,6.28662,4.88281,-16.7236,1
1456.77,-0.332031,-0.494629,0.835449,7.01904,3.96729,-15.3198,1
1456.78,-0.330566,-0.512207,0.880371,7.08008,4.15039,-15.2588,1
1456.79,-0.291016,-0.544434,0.942871,7.44629,3.17383,-14.8315,1
1456.8,-0.257812,-0.328613,0.913574,7.93457,3.11279,-13.916,1
1456.81,-0.303711,-0.437988,0.931152,5.7373,3.23486,-14.3433,1
1456.82,-0.341309,-0.469238,0.986816,7.32422,2.01416,-12.207,1
1456.83,-0.383789,-0.463379,0.965332,5.85938,2.99072,-12.5732,1
1456.84,-0.357422,-0.621582,1.03027,7.38525,2.56348,-11.1694,1
1456.85,-0.320801,-0.362793,1.04932,9.21631,2.80762,-9.70459,1
1456.86,-0.344727,-0.296875,0.978516,6.89697,2.62451,-9.76562,1
1456.86,-0.340332,-0.431152,0.922363,7.01904,2.2583,-7.99561,1
1456.87,-0.318848,-0.257324,1.04785,7.14111,2.19727,-6.5918,1
1456.88,-0.320312,-0.342285,1.06494,5.92041,2.01416,-6.40869,1
1456.89,-0.276367,-0.403809,1.03955,7.87354,1.15967,-4.02832,1
1456.9,-0.288086,-0.24707,1.03809,8.05664,0.488281,-2.92969,1
1456.91,-0.269531,-0.32373,0.980957,6.65283,0.793457,-2.68555,1
1456.92,-0.249023,-0.265137,0.99707,7.44629,0.671387,-0.366211,1
1456.93,-0.225586,-0.162109,1.01025,5.98145,1.0376,0.0610352,1
1456.94,-0.287598,-0.296875,0.967285,5.5542,0.488281,1.15967,1
1456.95,-0.312988,-0.201172,1.02002,6.89697,-0.0610352,3.11279,1
1456.96,-0.290527,-0.118164,1.10791,6.7749,0.366211,3.60107,1
1456.97,-0.256836,-0.146484,1.08252,7.08008,0.183105,4.69971,1
1456.98,-0.260254,-0.0561523,1.03174,7.01904,-0.183105,5.79834,1
1456.99,-0.266113,-0.0366211,0.98584,6.46973,-0.0610352,6.65283,1
1457,-0.282715,-0.0322266,1.00146,7.44629,0.12207,8.05664,1
1457.01,-0.316895,0.0600586,1.02539,8.17871,0,8.54492,1
1457.02,-0.28125,0.0878906,1.04541,8.60596,-0.427246,9.09424,1
1457.03,-0.243652,0.0585938,1.03613,9.82666,-0.366211,10.1929,1
1457.04,-0.240234,0.145996,1.0166,10.5591,-0.732422,10.8643,1
1457.05,-0.279297,0.195312,1.02051,10.3149,-0.793457,11.4136,1
1457.06,-0.30127,0.175781,1.02539,10.9253,-0.366211,12.2681,1
1457.07,-0.315918,0.246582,1.00586,12.0239,-0.610352,13.0615,1
1457.08,-0.271484,0.364746,0.999512,12.146,-0.671387,13.4277,1
1457.09,-0.260254,0.350098,1.00635,11.9019,-0.671387,14.0381,1
1457.1,-0.275879,0.353516,1.00146,12.3291,-0.915527,15.0146,1
1457.11,-0.270508,0.406738,0.998535,12.3901,-0.610352,15.8081,1
1457.12,-0.265137,0.460938,0.99707,11.9019,-0.488281,16.4185,1
1457.13,-0.289551,0.460938,0.970215,10.9253,-0.427246,16.8457,1
1457.14,-0.290527,0.492676,0.984863,10.498,-0.671387,17.5781,1
1457.15,-0.255859,0.537598,0.970215,9.82666,-0.488281,18.1274,1
1457.15,-0.237305,0.566406,0.93457,8.8501,-0.610352,18.6157,1
1457.16,-0.236328,0.609375,0.921387,7.56836,-0.549316,19.104,1
1457.17,-0.265625,0.648438,0.998047,6.83594,-0.183105,19.8975,1
1457.18,-0.305176,0.617676,1.04102,6.46973,0.12207,20.2637,1
1457.19,-0.275391,0.615723,0.995605,6.34766,0.366211,20.874,1
1457.2,-0.282715,0.763672,1.01221,5.61523,0.549316,21.0571,1
1457.21,-0.288086,0.719238,1.04248,4.02832,0.732422,20.874,1
1457.22,-0.279785,0.647949,1.04541,4.88281,0.976562,22.2168,1
1457.23,-0.238281,0.756836,1.04932,4.76074,1.40381,22.3389,1
1457.24,-0.273926,0.72998,0.983398,3.96729,1.95312,22.0947,1
1457.25,-0.325684,0.742188,0.938477,4.08936,1.89209,23.0713,1
1457.26,-0.324707,0.774902,1.04834,3.78418,2.01416,23.2544,1
1457.27,-0.249512,0.725586,1.05371,3.35693,2.44141,23.2544,1
1457.28,-0.207031,0.750488,1.00342,3.60107,2.68555,24.1089,1
1457.29,-0.219238,0.82373,0.970703,2.0752,2.62451,23.9868,1
1457.3,-0.228027,0.740723,0.896484,0.732422,2.50244,24.0479,1
1457.31,-0.233398,0.757324,0.938965,1.64795,1.89209,25.3906,1
1457.32,-0.236328,0.833496,1.00732,0.732422,1.89209,25.2075,1
1457.33,-0.162598,0.823242,1.07861,0.549316,1.15967,25.6958,1
1457.34,-0.165039,0.820801,1.00439,0.183105,1.34277,25.9399,1
1457.35,-0.17334,0.84082,0.853027,0.915527,0.549316,26.9165,1
1457.36,-0.101074,0.812012,0.87793,1.34277,0.305176,26.9775,1
1457.37,-0.152344,0.734863,1.01416,2.44141,0.0610352,27.2827,1
1457.38,-0.115723,0.837402,1.02539,4.15039,0,28.3203,1
1457.39,-0.174805,0.916992,1.0083,3.41797,0.366211,27.5879,1
1457.4,-0.138184,0.751953,0.946289,4.3335,0.0610352,28.1982,1
1457.41,-0.116211,0.975098,0.929199,5.7373,-0.12207,28.6865,1
1457.42,-0.0742188,0.913574,0.979492,3.23486,0.610352,27.71,1
1457.43,-0.0957031,0.709961,0.976074,4.57764,0.12207,28.6865,1
1457.44,-0.151855,0.960449,0.953613,4.94385,0.244141,28.5645,1
1457.44,-0.108398,0.97168,0.924805,2.13623,0.549316,27.71,1
1457.45,-0.0820312,0.686523,0.919922,1.89209,0.427246,28.1982,1
1457.46,-0.0869141,0.838379,0.925293,2.99072,0.427246,28.6865,1
1457.47,-0.0888672,0.944824,0.909668,0.976562,1.09863,27.5879,1
1457.48,-0.128906,0.847656,0.933594,0.305176,1.28174,28.1982,1
1457.49,-0.119141,0.919434,0.871094,0.12207,0.427246,28.1982,1
1457.5,-0.112793,0.883789,0.970215,0,0.793457,27.71,1
1457.51,-0.0957031,0.785645,0.952637,1.34277,0.732422,28.8696,1
1457.52,-0.131836,0.927734,0.937012,3.2959,0.244141,29.2969,1
1457.53,-0.140625,1.03662,0.898926,1.77002,0.671387,28.3813,1
1457.54,-0.135254,0.748047,0.932617,2.0752,0.732422,29.3579,1
1457.55,-0.193848,0.901855,1.00146,4.63867,0.183105,29.8462,1
1457.56,-0.0839844,0.95459,0.990234,3.72314,0.244141,29.3579,1
1457.57,-0.132324,0.939941,1.04883,5.5542,-0.12207,31.0059,1
1457.58,-0.0922852,1.05615,1.0166,3.96729,-0.366211,30.0293,1
1457.59,-0.0986328,0.902344,0.890625,3.479,0,30.0903,1
1457.6,-0.146973,0.984863,0.904785,4.5166,0.244141,31.0669,1
1457.61,-0.119141,1.01367,0.93457,2.62451,0,30.0903,1
1457.62,-0.0786133,0.856934,1.04736,2.2583,-0.305176,30.5176,1
1457.63,-0.0986328,0.911133,1.03613,2.13623,-0.305176,31.189,1
1457.64,-0.0981445,0.990723,0.909668,0,0.12207,30.0293,1
1457.65,-0.132812,0.895996,0.865234,-1.40381,0.0610352,30.1514,1
1457.66,-0.115723,0.983398,0.998535,-1.28174,0.12207,30.3955,1
1457.67,-0.097168,0.963867,0.94043,-2.68555,0.488281,29.9072,1
1457.68,-0.0766602,0.96582,0.922363,-0.915527,0.793457,31.0059,1
1457.69,-0.0981445,0.995605,0.913086,-1.70898,1.52588,29.541,1
1457.7,-0.129395,0.730469,0.884277,-0.549316,1.40381,30.3955,1
1457.71,-0.0703125,0.900391,0.980469,0.671387,1.15967,30.0903,1
1457.72,-0.0693359,0.954102,0.897949,-1.2207,2.62451,28.8696,1
1457.73,-0.0307617,0.822266,0.813965,-0.549316,2.86865,29.7852,1
1457.73,-0.0439453,0.999512,0.808594,-1.0376,2.99072,28.8086,1
1457.74,-0.0751953,0.879395,0.855469,-1.2207,3.05176,29.1748,1
1457.75,-0.107422,0.879395,0.879395,0.0610352,3.35693,29.541,1
1457.76,-0.0375977,1.01221,0.890625,-0.12207,3.96729,29.1748,1
1457.77,-0.0351562,0.867676,0.92627,-1.64795,4.39453,28.0762,1
1457.78,-0.0336914,0.79541,0.919434,-0.793457,3.78418,29.1138,1
1457.79,-0.0805664,1.03271,0.852051,-1.2207,4.02832,28.8086,1
1457.8,-0.0869141,1.03516,0.924805,-2.13623,3.84521,28.5034,1
1457.81,-0.0908203,0.732422,0.900391,-0.549316,3.90625,29.2969,1
1457.82,-0.0209961,0.996094,0.866211,1.77002,2.74658,29.7852,1
1457.83,0.0126953,1.11768,0.908691,-1.0376,2.0752,29.541,1
1457.84,-9.765625e-04,0.72998,0.937012,-1.64795,1.70898,30.2734,1
1457.85,0.00488281,0.964355,0.812988,-0.427246,0.793457,31.4331,1
1457.86,-0.0498047,0.995117,0.855957,-3.72314,1.28174,29.9072,1
1457.87,-9.765625e-04,0.755371,0.789062,-2.38037,0.549316,31.7383,1
1457.88,-0.027832,1.00684,0.904297,-1.52588,0.305176,31.9214,1
1457.89,0.0546875,1.01855,0.980469,-4.08936,-1.28174,31.4941,1
1457.9,0.0673828,0.856934,0.976562,-2.92969,-0.976562,32.5928,1
1457.91,-0.00634766,0.880859,0.894043,-2.50244,-1.58691,32.5928,1
1457.92,0.012207,1.06299,0.825195,-2.44141,-2.31934,31.7993,1
1457.93,0.0654297,0.996582,0.881348,-3.05176,-1.64795,31.7383,1
1457.94,0.0766602,0.957031,0.982422,-0.610352,-1.83105,32.1045,1
1457.95,0.11377,1.11426,1.06689,-0.549316,-1.58691,31.0059,1
1457.96,0.0883789,0.815918,1.04297,-0.183105,-0.854492,30.6396,1
1457.97,0.0942383,1.12012,0.941895,1.34277,-1.46484,30.2734,1
1457.98,0.104492,1.12646,0.913086,-1.40381,-0.305176,29.2358,1
1457.99,0.116211,0.867676,1.05127,-1.15967,-0.244141,29.2358,1
1458,0.148926,0.956055,1.08105,0.305176,0.183105,29.9072,1
1458.01,0.105957,1.13965,1.00049,-0.610352,-0.183105,28.8086,1
1458.01,0.115723,0.896973,0.989258,-1.52588,0.488281,28.7476,1
1458.02,0.131348,0.925293,0.929688,0.732422,0.366211,29.1748,1
1458.03,0.164062,1.2207,0.989258,-0.305176,-0.0610352,27.771,1
1458.04,0.145996,0.986328,1.01318,-0.976562,0.427246,27.0996,1
1458.05,0.105469,0.950195,1.04053,0.854492,0.732422,27.5269,1
1458.06,0.074707,1.12451,1.021,-1.09863,1.28174,26.2451,1
1458.07,0.117676,0.81543,0.925781,-1.64795,1.52588,26.8555,1
1458.08,0.186523,0.951172,0.911621,0.244141,0.976562,27.71,1
1458.09,0.165039,1.10352,0.959961,-2.44141,1.0376,26.062,1
1458.1,0.119629,0.802734,0.994629,-2.86865,0.732422,26.123,1
1458.11,0.0864258,1.01221,1.04199,-1.0376,1.83105,26.2451,1
1458.12,0.10498,1.02881,0.909668,-5.37109,1.52588,25.0244,1
1458.13,0.14502,0.748047,0.848145,-4.3335,0.915527,26.5503,1
1458.14,0.177734,1.05518,0.88623,-3.66211,0.366211,26.062,1
1458.15,0.197754,0.926758,0.954102,-5.12695,0.793457,26.001,1
1458.16,0.255371,0.714844,0.984375,-4.39453,-0.0610352,25.6348,1
1458.17,0.209961,0.916992,0.846191,-3.05176,0.0610352,25.9399,1
1458.18,0.151855,0.935059,0.84668,-5.31006,-0.488281,24.8413,1
1458.19,0.206055,0.766113,0.856934,-5.49316,-0.671387,25.6958,1
1458.2,0.288086,0.928711,0.918945,-4.63867,-0.671387,26.4282,1
1458.21,0.375,0.917969,0.994141,-5.79834,-0.793457,25.5127,1
1458.22,0.303223,0.746094,0.996094,-5.06592,-1.46484,25.6958,1
1458.23,0.239258,0.985352,0.945801,-3.72314,-1.15967,25.6958,1
1458.24,0.296387,0.952637,0.916016,-5.5542,-0.976562,24.4141,1
1458.25,0.304688,0.687988,1.00732,-2.99072,-1.70898,25.7568,1
1458.26,0.425293,1.05176,1.03271,-1.89209,-1.89209,24.9023,1
1458.27,0.382812,0.916016,0.987305,-3.78418,-1.34277,24.292,1
1458.28,0.289062,0.730957,1.0083,-0.610352,-1.52588,24.7803,1
1458.29,0.3125,1.02295,1.04639,-0.305176,-1.83105,23.6206,1
1458.3,0.374023,0.82666,1.00098,-0.488281,-1.64795,23.5596,1
1458.31,0.432129,0.776855,1.0293,1.58691,-1.52588,23.6816,1
1458.32,0.391113,1.05225,0.994141,1.58691,-1.64795,23.0103,1
1458.33,0.329102,0.84375,0.96582,0,-1.28174,22.7661,1
1458.34,0.316895,0.828613,0.945801,2.0752,-1.28174,23.3154,1
1458.35,0.328613,0.988281,1.00049,0.549316,-1.09863,22.2778,1
1458.35,0.378418,0.76416,1.00635,-0.0610352,-0.610352,21.8506,1
1458.36,0.344238,0.92334,0.955078,0.671387,-0.671387,21.7896,1
1458.37,0.296875,0.957031,0.966309,-2.01416,-0.0610352,20.752,1
1458.38,0.302246,0.834961,1.04248,-1.58691,-0.671387,21.1792,1
1458.39,0.302246,0.918945,0.941895,-1.52588,0.244141,21.0571,1
1458.4,0.366699,0.935059,0.945312,-2.80762,0.0610352,20.0806,1
1458.41,0.361328,0.788574,0.96875,-2.68555,0.12207,20.3247,1
1458.42,0.343262,0.887695,0.969238,-2.50244,-0.0610352,19.7144,1
1458.43,0.299805,0.910156,0.974609,-3.84521,-0.12207,18.9819,1
1458.44,0.324219,0.82666,0.955566,-3.11279,0.488281,19.165,1
1458.45,0.311523,0.942383,0.950195,-3.2959,0,18.9209,1
1458.46,0.32959,0.786133,0.956543,-4.27246,0.488281,19.043,1
1458.47,0.400391,0.772949,0.97168,-2.86865,-0.549316,19.165,1
1458.48,0.387695,0.887695,0.947754,-2.01416,-0.366211,18.7988,1
1458.49,0.313477,0.898926,0.931152,-2.31934,-0.488281,17.8223,1
1458.5,0.236816,0.842285,0.942383,-2.62451,-0.0610352,18.0664,1
1458.51,0.321289,0.75293,0.940918,-2.68555,0,18.5547,1
1458.52,0.462891,0.88916,0.975586,-1.2207,-0.854492,18.9209,1
1458.53,0.409668,0.858887,0.98877,-1.58691,-0.488281,17.8223,1
1458.54,0.335449,0.776855,0.994141,0.305176,-1.0376,18.0054,1
1458.55,0.262695,0.922852,0.955566,0.732422,-0.12207,17.4561,1
1458.56,0.260742,0.817871,0.932617,-0.549316,-0.427246,17.2119,1
1458.57,0.341309,0.751953,0.99707,0.488281,-0.610352,17.7612,1
1458.58,0.407715,0.979004,1.02881,0,-0.183105,16.9067,1
1458.59,0.370117,0.782715,1.02588,-1.15967,0.12207,16.6626,1
1458.6,0.32666,0.725586,0.946289,0.671387,-0.183105,16.6016,1
1458.61,0.29248,1.00684,0.998047,0.488281,0,15.8691,1
1458.62,0.286621,0.728027,1.06787,-0.183105,0.610352,15.3809,1
1458.63,0.318848,0.774414,1.01855,1.58691,0.0610352,15.4419,1
1458.64,0.30957,0.831543,0.962402,0,0.854492,14.8315,1
1458.65,0.341797,0.667969,0.879395,-1.0376,0.183105,14.6484,1
1458.66,0.369629,0.797363,0.956543,-0.732422,0.0610352,15.0146,1
1458.67,0.318359,0.845215,1.09082,-2.68555,0.305176,13.5498,1
1458.68,0.254395,0.637207,1.04443,-3.05176,0.549316,13.4888,1
1458.69,0.263184,0.696777,0.989746,-2.44141,0.976562,13.3057,1
1458.69,0.353516,0.768555,0.970703,-4.21143,0.915527,12.2681,1
1458.7,0.354492,0.600586,1.01611,-5.24902,0.793457,12.146,1
1458.71,0.314453,0.626465,1.00781,-5.00488,0.0610352,12.146,1
1458.72,0.282227,0.649414,0.988281,-6.89697,0.488281,10.8643,1
1458.73,0.279297,0.584473,0.959473,-7.01904,-0.0610352,10.437,1
1458.74,0.311035,0.608398,0.991211,-7.56836,-0.244141,9.70459,1
1458.75,0.305664,0.538574,1.0498,-8.91113,-0.793457,8.54492,1
1458.76,0.276855,0.456543,1.05371,-9.0332,-0.549316,8.60596,1
1458.77,0.234375,0.484375,0.973633,-10.0708,-0.671387,7.69043,1
1458.78,0.245605,0.404785,0.922363,-11.5356,-0.976562,6.65283,1
1458.79,0.275879,0.351562,0.961914,-12.085,-1.15967,5.7373,1
1458.8,0.263672,0.353516,1.03467,-12.6343,-1.2207,4.76074,1
1458.81,0.166992,0.310059,1.0415,-13.7939,-1.0376,3.17383,1
1458.82,0.0268555,0.21875,0.965332,-13.6719,-0.732422,2.19727,1
1458.83,-0.03125,0.25,0.970215,-12.8174,-0.366211,1.58691,1
1458.84,-0.0654297,0.208496,1.00635,-13.9771,0.427246,-0.244141,1
1458.85,-0.00683594,0.0849609,1.00195,-14.2212,0.915527,-1.15967,1
1458.86,0.0102539,0.0200195,0.970703,-13.855,1.77002,-1.77002,1
1458.87,-0.0429688,0.0483398,0.97998,-14.5264,2.0752,-3.41797,1
1458.88,-0.120605,-0.0874023,0.948242,-15.0146,3.35693,-5.12695,1
1458.89,-0.241211,-0.0869141,0.917969,-13.7939,4.45557,-5.7373,1
1458.89,-0.277344,-0.0981445,0.991699,-14.4043,5.24902,-7.20215,1
1458.91,-0.345215,-0.181641,1.01953,-14.3433,6.16455,-7.75146,1
1458.92,-0.290039,-0.185059,0.929199,-14.0381,6.71387,-8.66699,1
1458.93,-0.286133,-0.293945,0.911133,-14.1602,7.75146,-9.64355,1
1458.93,-0.244141,-0.349609,0.896484,-12.6953,7.56836,-9.82666,1
1458.94,-0.205078,-0.319336,0.925781,-12.146,7.69043,-10.7422,1
1458.95,-0.213867,-0.400391,0.950195,-11.6577,7.87354,-11.3525,1
1458.96,-0.174316,-0.415527,0.931641,-10.9863,7.50732,-12.085,1
1458.97,-0.230469,-0.460938,0.88916,-9.8877,7.50732,-12.3291,1
1458.98,-0.178223,-0.391602,0.991699,-8.97217,6.71387,-12.8784,1
1458.99,-0.130371,-0.447266,0.960449,-9.39941,6.65283,-14.2822,1
1459,-0.0883789,-0.544434,1.03516,-7.20215,5.67627,-13.7939,1
1459.01,-0.0649414,-0.387207,1.03467,-6.40869,4.88281,-14.4043,1
1459.02,-0.081543,-0.490723,1.02539,-6.89697,4.27246,-15.3809,1
1459.03,-0.0952148,-0.572266,1.04346,-4.69971,2.99072,-14.5874,1
1459.04,-0.108887,-0.461426,1.1084,-4.5166,1.70898,-15.4419,1
1459.05,-0.0756836,-0.549316,1.08057,-4.63867,1.46484,-15.9302,1
1459.06,-0.0400391,-0.53125,1.10547,-3.479,0.854492,-15.564,1
1459.07,-0.0141602,-0.503906,1.11328,-3.54004,0.427246,-16.1133,1
1459.08,-0.103516,-0.611328,1.12891,-3.479,0.0610352,-15.8691,1
1459.09,-0.130859,-0.624023,1.16943,-2.74658,-0.488281,-15.8081,1
1459.1,-0.158691,-0.537109,1.09473,-2.56348,0.0610352,-15.564,1
1459.11,-0.189453,-0.519531,1.13818,-3.60107,0.0610352,-15.9302,1
1459.12,-0.163086,-0.614746,1.14111,-4.88281,-0.305176,-16.2354,1
1459.13,-0.143555,-0.670898,1.20947,-4.08936,0.610352,-15.3809,1
1459.14,-0.182617,-0.551758,1.2085,-4.27246,0.488281,-15.1367,1
1459.15,-0.179688,-0.661621,1.14453,-5.61523,0.610352,-15.9302,1
1459.16,-0.192871,-0.620605,1.0791,-4.15039,0.671387,-14.8315,1
1459.17,-0.163086,-0.574707,1.02588,-4.39453,1.34277,-15.8081,1
1459.18,-0.148926,-0.587402,0.972656,-4.3335,1.46484,-15.9912,1
1459.19,-0.15625,-0.592773,1.01758,-4.21143,1.70898,-16.2354,1
1459.2,-0.141602,-0.665527,0.991699,-3.84521,1.95312,-16.2964,1
1459.21,-0.133789,-0.669434,0.856445,-2.19727,1.70898,-16.1743,1
1459.22,-0.101562,-0.637207,0.788574,-0.915527,1.52588,-16.6626,1
1459.23,-0.111816,-0.631836,0.806152,0.12207,1.77002,-17.2729,1
1459.24,-0.106445,-0.593262,0.885254,0.671387,1.58691,-17.7002,1
1459.25,-0.09375,-0.601562,0.885254,0.366211,1.2207,-18.4937,1
1459.25,-0.0859375,-0.661621,0.794434,1.77002,0.793457,-18.1274,1
1459.26,-0.0991211,-0.632812,0.776855,2.2583,0.671387,-18.6768,1
1459.27,-0.0976562,-0.665039,0.848633,1.46484,1.09863,-19.4702,1
1459.28,-0.132324,-0.609375,0.900879,0.915527,1.40381,-19.3481,1
1459.29,-0.112305,-0.68457,0.895996,-0.732422,1.15967,-20.2637,1
1459.3,-0.114258,-0.625488,0.886719,-1.40381,1.0376,-20.0195,1
1459.31,-0.129883,-0.75293,0.961426,-4.5166,1.83105,-21.1792,1
1459.32,-0.160156,-0.77002,0.996094,-4.27246,1.46484,-20.813,1
1459.33,-0.176758,-0.603027,0.952148,-6.22559,2.0752,-21.7896,1
1459.34,-0.20459,-0.849121,0.910645,-6.7749,2.80762,-22.3389,1
1459.35,-0.200684,-0.801758,0.914551,-5.31006,1.89209,-22.3389,1
1459.36,-0.168457,-0.638184,0.975586,-7.14111,1.40381,-24.1089,1
1459.37,-0.17041,-0.85791,1.02002,-7.14111,1.89209,-23.9258,1
1459.38,-0.195312,-0.883789,1.04639,-4.88281,2.19727,-23.6816,1
1459.39,-0.162598,-0.730957,0.972656,-4.02832,2.31934,-24.4751,1
1459.4,-0.170898,-0.831055,0.887207,-4.57764,2.50244,-25.7568,1
1459.41,-0.208984,-0.98584,0.944824,-3.41797,2.01416,-25.2075,1
1459.42,-0.182129,-0.784668,1.11523,-2.50244,1.89209,-25.6958,1
1459.43,-0.159668,-0.755371,1.10596,-4.3335,2.50244,-27.0386,1
1459.44,-0.129883,-0.964355,0.947266,-2.38037,2.50244,-25.8179,1
1459.45,-0.151855,-0.799805,0.904785,-0.915527,1.52588,-26.2451,1
1459.46,-0.169434,-0.922852,1.01025,-1.77002,2.13623,-27.2217,1
1459.47,-0.149902,-0.875,1.06641,0.549316,1.89209,-26.001,1
1459.48,-0.166504,-0.774902,1.0249,-0.305176,2.2583,-27.2217,1
1459.49,-0.125,-0.995117,0.955566,0.244141,2.13623,-27.0386,1
1459.5,-0.150879,-0.991211,0.966797,2.31934,2.56348,-26.6724,1
1459.51,-0.156738,-0.833008,0.973145,2.19727,2.50244,-27.2217,1
1459.52,-0.175293,-0.89209,0.984375,1.28174,2.01416,-27.71,1
1459.53,-0.157715,-0.708984,0.991699,1.95312,2.31934,-27.1606,1
1459.54,-0.134766,-0.824707,0.876465,0,2.80762,-28.1372,1
1459.55,-0.19043,-0.998535,0.865723,0.305176,1.40381,-28.0151,1
1459.56,-0.164062,-0.762207,0.901855,-0.12207,1.0376,-28.2593,1
1459.57,-0.215332,-0.8125,1.01318,-2.44141,1.77002,-29.3579,1
1459.58,-0.168457,-0.813477,1.00879,-1.89209,0.549316,-28.7476,1
1459.59,-0.133789,-0.764648,0.888184,-3.17383,0.793457,-29.9683,1
1459.6,-0.0888672,-0.966309,0.833008,-1.52588,0.610352,-29.0527,1
1459.61,-0.132812,-0.841309,0.884766,-0.12207,0.12207,-29.6631,1
1459.61,-0.157715,-0.845215,0.913086,-0.854492,0.0610352,-30.8228,1
1459.62,-0.19043,-1.01465,1.0166,1.09863,0.183105,-29.4189,1
1459.63,-0.210938,-0.837402,1.02295,0.610352,-0.671387,-30.7617,1
1459.64,-0.149414,-0.859863,0.897949,0.12207,-0.488281,-30.6396,1
1459.65,-0.147949,-0.892578,0.891602,0.793457,0,-30.2734,1
1459.66,-0.184082,-1.03369,0.981934,-0.0610352,-0.854492,-31.1279,1
1459.67,-0.145996,-0.864746,1.04541,0.976562,-1.0376,-30.0293,1
1459.68,-0.197754,-0.765625,1.03955,-1.52588,-0.366211,-31.189,1
1459.69,-0.193359,-1.06934,0.998047,-2.2583,-0.732422,-30.8228,1
1459.7,-0.16748,-0.979492,0.969727,-0.915527,-1.09863,-30.3955,1
1459.71,-0.143066,-0.891602,0.977051,-2.62451,-0.12207,-31.3721,1
1459.72,-0.121094,-0.948242,0.992188,-2.68555,-0.427246,-30.5786,1
1459.73,-0.163574,-1.00293,1.03027,-1.89209,0.0610352,-30.4565,1
1459.74,-0.128418,-0.888184,1.02246,-0.915527,0.244141,-30.1514,1
1459.75,-0.137207,-1.06689,0.944824,0.183105,0.793457,-30.0903,1
1459.76,-0.157227,-0.903809,0.97168,2.01416,-0.244141,-29.7852,1
1459.77,-0.147461,-0.886719,0.987305,0.183105,0.12207,-30.7617,1
1459.78,-0.163574,-1.04785,1.00684,1.34277,0.366211,-30.0293,1
1459.79,-0.0947266,-1.04492,0.977051,2.74658,0.488281,-29.6631,1
1459.8,-0.0761719,-0.93457,0.972656,3.66211,0.244141,-29.541,1
1459.81,-0.130859,-0.977051,1.03027,3.2959,0.732422,-29.8462,1
1459.82,-0.130859,-0.839355,0.966797,2.99072,0.610352,-29.48,1
1459.83,-0.134277,-0.976074,0.945801,1.2207,0.427246,-29.9683,1
1459.84,-0.0888672,-1.04248,0.92627,2.2583,0.793457,-29.1138,1
1459.85,-0.0957031,-0.922363,0.928223,1.70898,0.793457,-29.7241,1
1459.86,-0.107422,-0.88623,0.999512,1.64795,0.488281,-29.7852,1
1459.87,-0.104492,-0.89502,0.96582,0.0610352,0.610352,-29.9683,1
1459.88,-0.0947266,-1.06201,0.916992,1.15967,0.671387,-29.0527,1
1459.89,-0.129883,-0.902832,0.916504,1.83105,0.793457,-28.9917,1
1459.9,-0.123047,-0.896484,0.919922,0,1.09863,-30.5176,1
1459.9,-0.120117,-1.09766,0.974609,1.34277,1.58691,-28.9917,1
1459.91,-0.109863,-0.751953,0.959473,0.793457,0.793457,-29.2358,1
1459.92,-0.108887,-1.05078,0.967285,-1.83105,1.34277,-29.6631,1
1459.93,-0.0654297,-1.02246,0.949219,2.2583,1.28174,-28.1982,1
1459.94,-0.0844727,-0.734863,0.894531,-0.488281,1.70898,-29.8462,1
1459.95,-0.0791016,-1.07178,0.904297,-0.12207,1.40381,-28.8696,1
1459.96,-0.105469,-0.821777,0.968262,0.610352,1.0376,-29.1138,1
1459.97,-0.0751953,-0.907227,0.936523,-0.671387,1.95312,-29.6021,1
1459.98,-0.097168,-1.05518,0.939453,1.09863,1.2207,-28.6865,1
1459.99,-0.0981445,-0.894531,0.894531,0.793457,1.09863,-29.4189,1
1460,-0.11377,-0.990723,0.958008,0.488281,1.40381,-29.2358,1
1460.01,-0.0805664,-1.02637,0.962891,0.488281,1.40381,-29.2969,1
1460.02,-0.0400391,-0.817383,0.921875,2.19727,1.58691,-28.1372,1
1460.03,-0.127441,-0.875,0.981934,0,1.83105,-29.6631,1
1460.04,-0.0688477,-1.16455,0.929688,2.44141,1.0376,-28.6255,1
1460.05,-0.0771484,-0.716797,0.851562,4.15039,1.70898,-28.6865,1
1460.06,-0.0249023,-0.984375,0.932617,-0.305176,1.2207,-30.2124,1
1460.07,-0.00976562,-1.14404,0.980957,2.92969,0.183105,-28.5645,1
1460.08,0.0283203,-0.664551,0.945312,2.2583,0.915527,-29.2969,1
1460.09,0.0322266,-0.95459,0.919922,-0.305176,0.244141,-30.2124,1
1460.1,0.0302734,-1.11182,0.865723,3.66211,-0.183105,-28.7476,1
1460.11,0.0400391,-0.747559,0.898926,2.62451,-0.12207,-29.541,1
1460.12,0.0288086,-0.948242,0.977051,0.12207,-0.488281,-29.7852,1
1460.13,0.0493164,-1.15723,1.00098,1.28174,0,-28.5645,1
1460.14,0.0766602,-0.824219,0.939453,1.89209,-0.183105,-28.3813,1
1460.15,0.0874023,-0.87207,0.915527,-1.15967,0.183105,-29.2358,1
1460.16,0.0800781,-1.12109,0.937012,0.366211,-0.183105,-27.8931,1
1460.17,0.0834961,-0.831055,1.00537,1.40381,-0.427246,-27.2827,1
1460.18,0.0722656,-0.890625,1.00977,-0.976562,-0.12207,-28.2593,1
1460.18,0.0917969,-1.17236,0.922363,0.854492,0,-26.5503,1
1460.19,0.0849609,-0.88623,0.983887,1.40381,0.12207,-27.0386,1
1460.2,0.134766,-0.884766,0.95166,-2.0752,0,-27.9541,1
1460.21,0.119629,-1.08447,1.00732,-0.305176,-0.305176,-26.2451,1
1460.22,0.11084,-0.95166,1.02246,0.915527,-0.183105,-26.123,1
1460.23,0.148926,-0.79248,0.961914,0.732422,0,-26.4282,1
1460.24,0.135254,-1.09229,0.927734,0.427246,0.0610352,-26.6113,1
1460.25,0.145996,-0.911133,0.932617,2.99072,-0.854492,-25.6348,1
1460.26,0.173828,-0.815918,0.921875,1.0376,-0.366211,-26.3062,1
1460.27,0.133301,-1.09375,0.999512,0.976562,-0.854492,-25.5737,1
1460.28,0.160156,-0.904785,0.916016,3.2959,-0.549316,-24.6582,1
1460.29,0.119141,-0.831543,0.883789,2.0752,-0.183105,-25.2686,1
1460.3,0.123535,-1.02783,0.921875,3.11279,-1.15967,-24.5972,1
1460.31,0.144531,-0.762695,0.922363,4.21143,-0.854492,-24.6582,1
1460.32,0.138184,-0.819336,0.893555,3.60107,0,-24.5361,1
1460.33,0.171875,-0.976074,0.98291,4.76074,-0.854492,-24.0479,1
1460.34,0.23877,-0.774902,0.957031,4.82178,-0.671387,-23.9258,1
1460.35,0.121582,-1.04443,0.904785,3.96729,-0.183105,-23.1323,1
1460.36,0.110352,-0.999512,0.880859,5.67627,-0.915527,-22.3999,1
1460.37,0.100098,-0.706055,0.946289,4.69971,0.244141,-22.3999,1
1460.38,0.167969,-0.888184,0.986328,2.31934,0.183105,-23.3154,1
1460.39,0.260742,-0.942383,1.00244,4.69971,-0.366211,-21.2402,1
1460.4,0.254395,-0.713379,1.01465,3.84521,0,-21.6064,1
1460.41,0.202148,-0.935547,0.868164,1.83105,0,-21.0571,1
1460.42,0.153809,-1.07178,0.82959,4.02832,0.671387,-19.4092,1
1460.43,0.166504,-0.707031,1.00146,2.01416,0.12207,-20.2637,1
1460.44,0.219727,-0.874023,1.05859,0.366211,0.488281,-20.0806,1
1460.45,0.249512,-0.931641,0.982422,2.44141,0.244141,-18.7988,1
1460.46,0.280273,-0.772461,0.990723,1.52588,0.671387,-19.4092,1
1460.47,0.25293,-0.858887,0.916016,0,0.366211,-18.9819,1
1460.48,0.192383,-0.999023,0.88623,1.58691,0.671387,-17.5171,1
1460.49,0.231934,-0.806641,1.00732,2.44141,0,-17.4561,1
1460.5,0.307617,-0.835938,1.03467,0.976562,0.427246,-18.3716,1
1460.51,0.330566,-0.928711,1.01709,2.0752,0.183105,-17.1509,1
1460.52,0.301758,-0.816406,1.00586,1.95312,0.12207,-17.2729,1
1460.53,0.273926,-0.810547,0.968262,0.183105,-0.244141,-18.0054,1
1460.54,0.285156,-0.92627,0.978027,1.09863,-0.183105,-17.0288,1
1460.55,0.262207,-0.804688,0.994629,1.58691,-0.488281,-16.7847,1
1460.56,0.280762,-0.821777,0.976074,0.793457,-0.183105,-17.334,1
1460.57,0.306152,-0.80957,1.00879,1.83105,-0.610352,-16.4795,1
1460.57,0.355957,-0.760254,1.0376,0.427246,-1.09863,-17.1509,1
1460.58,0.307129,-0.818359,0.981445,0.183105,-1.46484,-16.9067,1
1460.59,0.252441,-0.865234,0.977539,0.549316,-1.28174,-16.6016,1
1460.6,0.253418,-0.808594,0.950195,0.793457,-1.83105,-16.1743,1
1460.61,0.279785,-0.704102,0.963867,0.305176,-1.77002,-16.6626,1
1460.62,0.31543,-0.76709,0.987305,-0.0610352,-1.15967,-17.0288,1
1460.63,0.362793,-0.755371,0.930664,1.64795,-2.0752,-15.9912,1
1460.64,0.351074,-0.685547,0.978516,1.09863,-2.44141,-16.4795,1
1460.65,0.32959,-0.829102,0.991699,1.40381,-2.68555,-15.9302,1
1460.66,0.335449,-0.819336,0.951172,2.56348,-2.01416,-15.0146,1
1460.67,0.293945,-0.685547,0.930664,2.2583,-2.0752,-15.1367,1
1460.68,0.334961,-0.799316,1.00586,1.89209,-1.89209,-15.4419,1
1460.69,0.373047,-0.714844,1.00635,3.66211,-2.01416,-14.5874,1
1460.7,0.417969,-0.604492,0.982422,2.74658,-1.34277,-14.7705,1
1460.71,0.339844,-0.765137,1.0249,1.64795,-1.58691,-14.5264,1
1460.72,0.318359,-0.80127,0.987793,3.17383,-1.34277,-12.9395,1
1460.73,0.353516,-0.650879,1.01465,3.41797,-0.610352,-13.0005,1
1460.74,0.369629,-0.703125,1.01953,1.64795,-0.671387,-13.4888,1
1460.75,0.359375,-0.782715,1.03809,2.56348,-0.610352,-12.4512,1
1460.76,0.297852,-0.594727,1.03418,2.2583,-0.183105,-12.207,1
1460.77,0.271973,-0.58252,0.988281,0.732422,0,-12.6953,1
1460.78,0.277832,-0.674805,0.979492,1.64795,0,-12.207,1
1460.79,0.341309,-0.549316,0.921875,2.92969,-0.183105,-11.5967,1
1460.8,0.36084,-0.654785,0.98291,2.74658,0.244141,-12.207,1
1460.81,0.289062,-0.665039,1.04883,4.15039,-0.0610352,-11.1084,1
1460.82,0.233887,-0.547363,0.985352,3.78418,0.244141,-11.2915,1
1460.83,0.224121,-0.640625,0.979004,3.54004,0.610352,-11.4746,1
1460.84,0.286621,-0.569824,1.02783,4.76074,0.183105,-10.6812,1
1460.85,0.304199,-0.581543,0.95166,4.27246,0.793457,-11.3525,1
1460.85,0.287598,-0.544922,0.937988,5.5542,0.183105,-10.1929,1
1460.86,0.255371,-0.471191,1.02979,4.3335,0.488281,-10.9863,1
1460.87,0.244141,-0.598145,1.05029,5.24902,0.854492,-10.1929,1
1460.88,0.230469,-0.436523,1.04053,5.7373,0.793457,-9.82666,1
1460.89,0.25293,-0.474121,1.01953,4.27246,0.854492,-10.6201,1
1460.9,0.28125,-0.557617,1.0376,5.37109,0.732422,-9.46045,1
1460.91,0.282227,-0.370117,1.01025,5.18799,0.976562,-9.82666,1
1460.92,0.273926,-0.42627,0.958496,4.02832,1.2207,-10.0708,1
1460.93,0.330078,-0.446289,0.961426,5.31006,0.610352,-8.97217,1
1460.94,0.350586,-0.285156,0.966797,4.27246,0.366211,-9.27734,1
1460.95,0.302246,-0.378906,1.02051,3.05176,0.244141,-9.39941,1
1460.96,0.241699,-0.472656,1.05273,4.15039,0.610352,-8.60596,1
1460.97,0.253906,-0.276855,1.02295,5.24902,0.488281,-8.17871,1
1460.98,0.34082,-0.337891,1.00049,4.21143,0.427246,-8.91113,1
1460.99,0.360352,-0.373047,1.00049,6.22559,-0.610352,-7.50732,1
1461,0.325684,-0.179688,1.07129,5.67627,-1.09863,-7.62939,1
1461.01,0.28418,-0.326172,1.06055,4.88281,-0.976562,-7.75146,1
1461.02,0.284668,-0.290527,1.02881,7.38525,-1.15967,-6.10352,1
1461.03,0.289062,-0.108398,1.00635,6.65283,-1.34277,-6.34766,1
1461.04,0.312988,-0.279297,1.03076,5.67627,-1.95312,-6.10352,1
1461.05,0.298828,-0.220215,1.07861,7.69043,-2.31934,-4.63867,1
1461.06,0.295898,-0.113281,1.05225,6.89697,-1.89209,-4.88281,1
1461.07,0.282715,-0.204102,0.94043,6.89697,-1.95312,-4.15039,1
1461.08,0.260254,-0.0942383,0.883301,6.89697,-1.70898,-3.17383,1
1461.09,0.236328,-0.0673828,0.954102,4.94385,-1.70898,-3.11279,1
1461.1,0.17627,-0.105957,1.07275,4.88281,-1.64795,-1.89209,1
1461.11,0.134277,0.0214844,1.11133,4.88281,-0.915527,-1.46484,1
1461.12,0.0805664,-0.0273438,1.06689,4.45557,-0.0610352,-0.915527,1
1461.13,0.0683594,-0.065918,1.02148,6.04248,0.427246,0.488281,1
1461.14,0.0507812,0.0683594,1.04297,6.46973,1.15967,0.976562,1
1461.15,0.0493164,-0.0195312,1.08496,6.28662,2.01416,1.09863,1
1461.15,0.0498047,0.0107422,1.08447,8.23975,2.68555,2.74658,1
1461.16,0.0351562,0.129883,1.0752,8.11768,3.96729,2.99072,1
1461.17,0.0288086,0.0712891,1.07178,7.99561,4.5166,3.479,1
1461.18,0.0126953,0.0917969,1.07715,9.58252,5.00488,5.00488,1
1461.19,0.0297852,0.209473,0.987305,9.94873,5.5542,5.49316,1
1461.2,0.0224609,0.257812,0.881836,9.46045,5.61523,6.16455,1
1461.21,0.0209961,0.273438,0.863281,8.42285,5.61523,6.83594,1
1461.22,0.0336914,0.285156,0.954102,8.60596,5.43213,7.93457,1
1461.23,0.0170898,0.37207,0.960938,8.66699,4.82178,8.72803,1
1461.24,0.0219727,0.496094,0.995117,8.60596,4.45557,9.76562,1
1461.25,0.0634766,0.408691,0.902832,7.62939,4.08936,10.1318,1
1461.26,0.0908203,0.356934,0.899902,10.0708,3.78418,12.3291,1
1461.27,0.104004,0.626953,0.928223,9.8877,3.2959,12.9395,1
1461.28,0.065918,0.498535,0.944336,8.8501,3.2959,13.5498,1
1461.29,0.0307617,0.44043,0.942871,10.6812,2.44141,15.5029,1
1461.3,0.0126953,0.698242,0.95166,10.498,2.31934,16.3574,1
1461.31,0.0375977,0.528809,0.973633,8.72803,1.89209,16.9067,1
1461.32,0.0375977,0.59375,0.944336,10.9863,1.09863,19.2871,1
1461.33,-0.0102539,0.83252,0.95166,9.70459,1.15967,19.6533,1
1461.34,-4.882812e-04,0.600586,0.97168,7.87354,1.0376,20.2637,1
1461.35,-0.0161133,0.547852,0.92627,9.39941,1.0376,22.3999,1
1461.36,-0.0292969,0.861328,0.937988,8.48389,0.549316,22.8271,1
1461.37,0.00244141,0.700195,1.01123,5.43213,0.549316,22.644,1
1461.38,-0.0283203,0.614258,1.03369,7.38525,0.366211,24.9023,1
1461.39,-0.0634766,0.780273,0.944824,6.71387,0.854492,24.7803,1
1461.4,-0.0698242,0.758301,0.938477,5.98145,0.610352,25.2075,1
1461.41,-0.0756836,0.721191,1.05811,6.65283,1.09863,25.8789,1
1461.42,-0.0727539,0.87207,1.00781,7.50732,1.46484,26.6724,1
1461.43,-0.0703125,0.812988,1.05322,5.61523,1.58691,25.9399,1
1461.44,-0.119141,0.78125,1.05322,6.5918,1.28174,27.2217,1
1461.44,-0.0976562,0.879883,1.02051,6.34766,2.2583,26.9775,1
1461.45,-0.0585938,0.883789,1.08154,5.67627,2.68555,27.0386,1
1461.46,-0.0507812,0.796875,1.1001,5.00488,3.17383,26.6113,1
1461.47,-0.0351562,0.836914,0.99707,5.24902,2.80762,27.4658,1
1461.48,-0.0561523,1.01172,0.980469,3.05176,3.11279,27.0386,1
1461.49,-0.0634766,0.89209,0.95459,1.15967,3.90625,27.0386,1
1461.5,-0.0737305,0.879883,1.05127,0.854492,3.17383,27.5879,1
1461.51,-0.0263672,0.936035,1.07227,-0.244141,3.11279,27.2217,1
1461.52,-0.0405273,0.753418,0.95166,-0.915527,4.08936,27.0996,1
1461.53,-0.0610352,0.926758,0.851562,-0.183105,3.479,27.5269,1
1461.54,-0.0253906,1.01611,0.867676,-2.92969,3.72314,26.2451,1
1461.55,-0.0302734,0.793945,0.950195,-2.50244,4.08936,27.771,1
1461.56,-0.0410156,0.836914,1.04785,-1.83105,3.35693,27.832,1
1461.57,-0.0161133,0.878906,0.991699,-3.2959,2.92969,26.9165,1
1461.58,-0.0214844,0.818848,0.866699,-3.17383,3.2959,28.0762,1
1461.59,-0.0327148,0.787109,0.812012,-3.2959,3.41797,28.0151,1
1461.6,-0.0615234,1.07031,0.833008,-3.17383,2.80762,28.0762,1
1461.61,-0.0473633,0.911133,0.974121,-4.63867,3.41797,27.71,1
1461.62,-0.0976562,0.803223,1.06836,-2.2583,2.0752,28.8086,1
1461.63,-0.0483398,0.804199,0.989746,-1.89209,2.0752,28.3813,1
1461.64,-0.0239258,1.07422,0.875977,-1.2207,1.2207,28.8086,1
1461.65,-0.0908203,0.838867,0.958496,-2.50244,1.77002,28.6865,1
1461.66,-0.0722656,0.919922,1.0166,0.976562,0.915527,29.9072,1
1461.67,-0.0957031,0.907715,0.922363,-0.488281,1.09863,29.2358,1
1461.68,-0.106445,0.728027,0.90625,1.58691,-0.366211,30.5786,1
1461.69,-0.0874023,1.08447,0.950684,1.28174,-0.610352,29.9072,1
1461.7,-0.0517578,0.851074,0.897461,-0.488281,-0.305176,30.3345,1
1461.71,-0.101074,0.845703,0.989258,2.0752,-0.732422,31.4331,1
1461.72,-0.0791016,1.06689,1.05908,0.549316,-0.610352,30.3345,1
1461.73,-0.0429688,0.937988,0.960449,-0.732422,-0.915527,30.8838,1
1461.74,-0.0878906,0.790039,0.90332,0.610352,-0.976562,31.7993,1
1461.75,-0.0961914,1.25244,0.930664,-0.732422,-1.46484,30.5176,1
1461.75,-0.0874023,0.848633,1.03613,-4.15039,-0.366211,29.6631,1
1461.76,-0.143555,0.775391,1.07031,0,0.0610352,31.189,1
1461.77,0.00341797,1.21777,0.966797,-2.50244,0.488281,29.3579,1
1461.78,-0.09375,1.01758,0.920898,-4.69971,0.915527,29.2969,1
1461.79,-0.0410156,0.862305,1.05664,-2.99072,0.915527,29.2969,1
1461.8,-0.0761719,1.0293,1.03809,-2.92969,2.56348,28.7476,1
1461.81,-0.0307617,1.01465,1.04395,-3.96729,2.0752,28.0151,1
1461.82,-0.108398,0.88623,0.967773,-2.86865,3.2959,28.0762,1
1461.83,-0.0649414,1.05469,0.971191,-1.34277,3.479,27.9541,1
1461.84,-0.0761719,0.927246,0.979492,-2.38037,3.41797,27.3438,1
1461.85,-0.0424805,0.858398,1.0127,0.244141,2.44141,27.9541,1
1461.86,-9.765625e-04,1.08838,0.976562,-0.244141,3.479,27.2827,1
1461.87,-0.0273438,0.961914,0.961426,-0.915527,3.96729,27.3438,1
1461.88,-0.0527344,0.794434,0.890625,0.305176,3.41797,27.771,1
1461.89,0.00195312,1.0083,0.839844,1.83105,3.2959,27.9541,1
1461.9,-0.0463867,0.887695,0.914551,-0.183105,2.92969,27.5879,1
1461.91,0.0297852,0.744141,0.919922,1.46484,1.64795,28.9307,1
1461.92,0.105957,1.03662,0.899902,0,1.2207,28.4424,1
1461.93,0.0200195,0.92041,0.913574,-0.976562,1.46484,29.48,1
1461.94,0.0463867,0.875,0.866699,-1.40381,0.183105,29.7852,1
1461.95,-0.0498047,0.862305,0.876465,-1.83105,-0.305176,29.6021,1
1461.96,0.00732422,0.88623,0.89502,-2.62451,-1.15967,29.4189,1
1461.97,0.185059,0.979004,0.87793,-2.50244,-0.854492,29.6631,1
1461.98,0.169922,0.911621,0.940918,-1.46484,-0.12207,29.7241,1
1461.99,0.142578,0.978027,1.01465,-1.28174,-0.732422,28.6255,1
1462,0.0532227,1.00244,0.999512,-0.366211,-0.305176,28.7476,1
1462.01,0.0126953,0.90625,0.955078,-1.0376,0.12207,27.0996,1
1462.02,0.109375,0.822266,0.853516,1.70898,0.244141,27.832,1
1462.03,0.178223,1.0166,0.910645,1.89209,1.28174,26.6724,1
1462.04,0.226562,0.95752,0.964844,0.610352,0.915527,26.062,1
1462.05,0.158203,0.82373,0.999023,1.83105,1.34277,25.8179,1
1462.06,0.126953,0.978516,1.00879,2.31934,2.13623,25.1465,1
1462.07,0.107422,0.956055,0.861816,0.793457,2.86865,23.6816,1
1462.08,0.204102,0.882812,0.882812,1.2207,2.80762,23.9868,1
1462.09,0.208496,0.943359,0.96582,0.488281,2.56348,23.3765,1
1462.1,0.19043,0.987305,0.989258,-0.305176,2.99072,23.0103,1
1462.11,0.173828,0.73877,0.922363,-1.15967,3.35693,23.0103,1
1462.11,0.138184,0.858887,0.88623,-0.12207,2.62451,23.0103,1
1462.12,0.176758,1.06982,0.874023,-2.62451,2.62451,21.6064,1
1462.13,0.0869141,0.629395,0.974121,-2.68555,2.86865,22.2168,1
1462.14,0.181152,0.958008,1.02148,-0.244141,1.70898,21.9116,1
1462.15,0.23291,1.01855,0.920898,-2.62451,2.31934,21.4233,1
1462.16,0.17334,0.616699,0.875488,-1.40381,1.34277,21.9116,1
1462.17,0.135742,0.962891,0.921387,0.610352,0.732422,22.0337,1
1462.18,0.11377,0.979492,0.939941,-1.95312,0.915527,20.9961,1
1462.19,0.126465,0.667969,0.978027,-1.83105,0.793457,21.2402,1
1462.2,0.186035,0.833496,0.910156,0.610352,-0.488281,21.3623,1
1462.21,0.188965,0.792969,0.916992,-0.976562,-0.854492,20.6909,1
1462.22,0.243164,0.682617,0.90625,0.976562,-2.2583,20.9961,1
1462.23,0.164062,0.969727,0.962891,0.305176,-1.2207,20.1416,1
1462.24,0.196777,0.808105,1.02686,-1.52588,-2.13623,19.2261,1
1462.25,0.182129,0.751465,1.05615,0.366211,-2.2583,19.4702,1
1462.26,0.263672,0.953613,1.00195,-0.427246,-2.19727,17.7612,1
1462.27,0.321777,0.719238,1.02783,-0.976562,-2.01416,17.2119,1
1462.28,0.352051,0.729004,1.06738,0.976562,-2.68555,16.7847,1
1462.29,0.274414,0.912109,1.08838,0.366211,-2.68555,15.686,1
1462.3,0.258789,0.79834,1.04248,-1.40381,-2.38037,14.2212,1
1462.31,0.249512,0.694336,1.05762,-1.28174,-1.77002,13.7939,1
1462.32,0.320312,0.792969,1.03711,-1.83105,-2.0752,12.7563,1
1462.33,0.379395,0.698242,1.01807,-2.74658,-2.38037,12.3291,1
1462.34,0.391113,0.676758,1.05225,-2.38037,-2.80762,11.5356,1
1462.35,0.38916,0.854004,1.05713,-2.62451,-3.05176,10.2539,1
1462.36,0.319336,0.710938,0.998535,-3.90625,-2.68555,9.46045,1
1462.37,0.286621,0.70752,1.01855,-2.80762,-3.11279,9.21631,1
1462.38,0.427734,0.660645,1.00977,-3.96729,-2.86865,8.30078,1
1462.39,0.444336,0.501465,1.0415,-3.35693,-3.17383,8.48389,1
1462.4,0.437012,0.671387,1.04346,-3.17383,-3.66211,7.75146,1
1462.4,0.44873,0.642578,1.00586,-4.69971,-3.11279,6.89697,1
1462.41,0.52002,0.54834,0.973633,-4.15039,-3.479,6.71387,1
1462.42,0.454102,0.603027,0.981934,-4.02832,-2.86865,6.10352,1
1462.43,0.453613,0.496094,0.976562,-3.78418,-3.17383,6.16455,1
1462.44,0.456055,0.476562,0.996582,-3.41797,-2.56348,6.5918,1
1462.45,0.544434,0.547363,0.970215,-4.5166,-2.68555,6.22559,1
1462.46,0.55127,0.479004,0.943359,-5.67627,-2.56348,6.34766,1
1462.47,0.542969,0.549316,0.993164,-6.34766,-2.56348,5.85938,1
1462.48,0.544922,0.487305,1.02832,-7.01904,-1.58691,5.92041,1
1462.49,0.541504,0.369141,1.01367,-6.16455,-0.732422,5.98145,1
1462.5,0.506348,0.476562,0.982422,-5.49316,-0.915527,6.10352,1
1462.51,0.519043,0.442383,1.00293,-6.65283,-0.610352,5.79834,1
1462.52,0.564453,0.330078,0.979492,-6.22559,-0.488281,6.71387,1
1462.53,0.549805,0.40625,0.978027,-6.53076,0,6.53076,1
1462.54,0.544922,0.282715,1.0166,-6.95801,0.610352,6.71387,1
1462.55,0.537109,0.259277,0.9375,-4.88281,0.976562,7.32422,1
1462.56,0.540039,0.419434,0.996582,-4.15039,0.488281,6.83594,1
1462.57,0.509766,0.305664,0.984375,-4.69971,0.427246,6.95801,1
1462.58,0.476074,0.334961,0.98877,-3.41797,0.183105,8.05664,1
1462.59,0.494141,0.274902,0.911133,-4.02832,0.366211,8.11768,1
1462.6,0.525879,0.19043,0.914551,-2.31934,-0.0610352,8.54492,1
1462.61,0.501465,0.357422,1.1792,-1.89209,-0.183105,8.30078,1
1462.62,0.485352,0.309082,1.03174,-3.54004,0,8.30078,1
1462.63,0.505371,0.331543,0.930664,-3.96729,-0.671387,8.54492,1
1462.64,0.48584,0.350586,0.983887,-5.31006,-0.305176,8.54492,1
1462.64,0.447754,0.259766,1.12793,-5.18799,-0.610352,8.97217,1
1462.65,0.446777,0.325684,1.10938,-4.82178,-0.305176,9.21631,1
1462.66,0.498047,0.294922,1.0542,-4.88281,-0.549316,8.97217,1
1462.67,0.509766,0.293945,1.07812,-4.21143,-1.40381,8.97217,1
1462.68,0.476074,0.355469,1.00586,-4.39453,-0.976562,8.42285,1
1462.69,0.430664,0.239258,1.02881,-3.54004,-0.610352,8.72803,1
1462.7,0.421387,0.296387,1.05566,-2.74658,-0.427246,8.72803,1
1462.71,0.45166,0.272461,1.01758,-3.11279,-0.427246,8.30078,1
1462.72,0.496582,0.186035,1.02441,-1.28174,-0.427246,8.72803,1
1462.73,0.52832,0.364258,0.986328,-0.12207,-0.488281,8.36182,1
1462.74,0.438477,0.269531,0.884766,-1.40381,-0.366211,8.23975,1
1462.75,0.46875,0.0693359,0.896484,0.0610352,-0.549316,8.48389,1
1462.76,0.452637,0.244629,1.00586,1.77002,-0.488281,8.36182,1
1462.77,0.502441,0.380859,0.966309,0.549316,-0.549316,7.62939,1
1462.78,0.473633,0.209961,0.912598,-0.366211,-0.732422,7.14111,1
1462.79,0.45752,0.20166,1.00244,1.09863,-0.305176,7.93457,1
1462.8,0.47168,0.327637,1.06006,0.0610352,0,7.50732,1
1462.81,0.48584,0.146484,1.03369,0.0610352,-0.427246,7.69043,1
1462.82,0.547852,0.269043,0.953613,0.976562,-1.2207,7.20215,1
1462.83,0.505859,0.381836,0.950195,-1.40381,-0.854492,6.46973,1
1462.84,0.506348,0.158203,1.02832,-2.80762,-0.671387,6.53076,1
1462.85,0.436523,0.0932617,0.952637,-0.793457,-0.244141,7.20215,1
1462.86,0.418945,0.393555,0.960449,-0.854492,-0.671387,6.34766,1
1462.87,0.450195,0.278809,1.09375,-3.11279,-0.427246,5.37109,1
1462.88,0.389648,0.0341797,1.06592,-1.0376,-0.427246,6.34766,1
1462.89,0.313477,0.350098,0.956543,-0.366211,-0.671387,5.67627,1
1462.9,0.189453,0.358887,0.947754,-2.80762,0.305176,4.57764,1
1462.91,0.114746,0.0214844,1.02002,-1.83105,1.09863,4.63867,1
1462.92,0.0717773,0.247559,0.994141,0.915527,1.64795,5.24902,1
1462.93,-9.765625e-04,0.324707,1.05908,-0.915527,2.50244,4.08936,1
1462.94,-0.0483398,0.0712891,1.00928,-0.610352,2.56348,4.15039,1
1462.95,-0.0629883,0.244629,0.938965,0.854492,3.2959,4.08936,1
1462.96,-0.0571289,0.291504,1.0332,-0.610352,5.18799,3.05176,1
1462.97,-0.0498047,0.0185547,0.984375,-0.732422,5.00488,3.54004,1
1462.98,-0.229492,0.136719,0.874023,0.793457,4.82178,4.15039,1
1462.98,-0.203613,0.283691,0.912598,-0.854492,5.37109,2.68555,1
1462.99,-0.205078,0.0317383,0.979492,-2.19727,7.01904,1.83105,1
1463,-0.142578,0.166992,0.975098,-0.12207,6.71387,3.35693,1
1463.01,-0.146973,0.207031,0.932617,-3.41797,6.65283,1.58691,1
1463.02,-0.311523,-0.0126953,0.822754,-2.68555,5.92041,2.80762,1
1463.03,-0.687988,0.101562,0.871582,-2.19727,6.16455,2.44141,1
1463.04,-0.566895,0.364258,0.799316,-4.27246,6.65283,1.58691,1
1463.05,-0.409668,-0.160645,0.90332,-5.5542,7.93457,1.70898,1
1463.06,-0.445801,-0.0996094,0.969727,-1.64795,5.92041,2.86865,1
1463.07,-0.665039,0.266113,0.960449,-4.69971,4.39453,0.366211,1
1463.08,-0.621094,-0.0629883,0.777344,-5.7373,6.40869,1.58691,1
1463.09,-0.370117,-0.0664062,0.944824,-2.56348,6.10352,2.50244,1
1463.1,-0.810547,0.146484,1.30176,-5.5542,4.5166,-0.671387,1
1463.11,-0.549805,0.0405273,0.843262,-5.24902,7.62939,-0.244141,1
1463.12,-0.342773,-0.106934,0.66748,-2.44141,5.06592,2.44141,1
1463.13,-0.92334,0.0253906,1.36572,-4.27246,5.5542,-1.34277,1
1463.14,-0.736328,0.0541992,1.1499,-5.24902,7.44629,-1.52588,1
1463.15,-0.35791,-0.118652,0.60498,-2.2583,6.34766,1.2207,1
1463.16,-0.615723,-0.00195312,1.05713,-2.80762,4.76074,-0.244141,1
1463.17,-0.976074,0.081543,1.46777,-5.43213,4.69971,-2.74658,1
1463.18,-0.730469,-0.147461,0.826172,-3.96729,7.14111,-1.77002,1
1463.19,-0.318359,-0.109375,0.602051,-0.183105,5.31006,0.366211,1
1463.2,-0.501465,0.0463867,1.28613,-1.52588,0.0610352,-0.12207,1
1463.21,-1.22559,-0.00537109,1.53418,-4.63867,3.84521,-4.15039,1
1463.22,-0.59082,-0.10791,0.689453,-2.0752,7.87354,-3.66211,1
1463.23,-0.299316,-0.0253906,0.710449,1.09863,-0.671387,1.83105,1
1463.24,-1.06885,0.0283203,1.57959,-2.92969,6.5918,-4.69971,1
1463.25,-0.645508,0.0537109,1.06104,-3.84521,3.05176,-2.68555,1
1463.26,-0.755371,-0.12793,0.793457,-0.305176,3.2959,-0.488281,1
1463.27,-0.938477,-0.0996094,1.35498,-1.58691,6.28662,-5.18799,1
1463.27,-0.533203,0.108887,1.09766,-2.62451,1.15967,-2.44141,1
1463.28,-0.905273,-0.0541992,0.945312,-1.83105,3.35693,-0.671387,1
1463.29,-1.10254,0.00976562,1.23438,-4.82178,5.5542,-5.92041,1
1463.3,-0.604492,-0.0717773,0.962402,-4.21143,3.35693,-3.60107,1
1463.31,-0.719727,-0.113281,0.606934,-0.488281,3.05176,-0.976562,1
1463.32,-0.942383,0.0112305,0.984863,-2.2583,2.01416,-3.72314,1
1463.33,-0.828613,-0.141113,1.22266,-3.17383,1.77002,-4.76074,1
1463.34,-0.843262,-0.19873,0.803223,0.0610352,4.08936,-2.74658,1
1463.35,-0.750488,0.0185547,0.620117,0.427246,1.2207,-2.2583,1
1463.36,-0.927246,0.114258,1.07568,-2.44141,-0.12207,-4.27246,1
1463.37,-1.06348,-0.130859,1.11963,-4.39453,2.86865,-5.79834,1
1463.38,-0.581543,-0.267578,0.756836,-0.793457,2.38037,-2.80762,1
1463.39,-0.755859,-0.287109,1.14209,0.366211,0.183105,-5.12695,1
1463.4,-0.626465,-0.0253906,0.993652,2.62451,-1.28174,-4.08936,1
1463.41,-0.758789,0.158691,1.03125,-0.12207,-0.305176,-4.08936,1
1463.42,-0.43457,-0.0117188,1.00635,-5.12695,-0.244141,-6.40869,1
1463.43,-0.455566,-0.385742,0.928711,-3.66211,1.0376,-4.88281,1
1463.44,-0.5625,-0.322754,1.0376,-0.610352,-1.09863,-3.78418,1
1463.45,-0.598145,-0.156738,0.875977,-1.83105,-1.95312,-5.43213,1
1463.46,-0.586914,-0.121094,0.930176,-1.58691,0.183105,-5.24902,1
1463.47,-0.503906,-0.106934,1.02686,-3.11279,-1.15967,-5.85938,1
1463.48,-0.442383,-0.334473,0.99707,-2.86865,-1.95312,-5.85938,1
1463.49,-0.437012,-0.17041,0.859375,-1.34277,-0.915527,-5.43213,1
1463.5,-0.45459,-0.179199,0.827148,-3.41797,-0.366211,-6.40869,1
1463.51,-0.47168,-0.321289,0.847656,-3.23486,-1.77002,-5.7373,1
1463.52,-0.471191,-0.286621,0.939941,-2.2583,-1.58691,-6.22559,1
1463.53,-0.40918,-0.311035,1.01758,-1.77002,-1.64795,-7.32422,1
1463.54,-0.375488,-0.26416,0.940918,-1.46484,-1.64795,-7.87354,1
1463.55,-0.372559,-0.275879,0.856445,-2.44141,-1.09863,-7.93457,1
1463.56,-0.400879,-0.344238,0.927246,-3.78418,-1.77002,-8.17871,1
1463.56,-0.381348,-0.428223,0.964844,-4.21143,-1.89209,-8.36182,1
1463.57,-0.377441,-0.391602,0.961426,-2.86865,-1.40381,-8.36182,1
1463.58,-0.371094,-0.288086,0.97998,-3.84521,-1.52588,-9.82666,1
1463.59,-0.32959,-0.455566,0.978027,-5.00488,-1.28174,-10.9253,1
1463.6,-0.250488,-0.415527,0.965332,-3.60107,-1.64795,-9.8877,1
1463.61,-0.27832,-0.335938,0.915039,-4.94385,-1.28174,-11.6577,1
1463.62,-0.328125,-0.54248,0.843262,-4.08936,-0.915527,-11.7188,1
1463.63,-0.34668,-0.433594,0.885742,-1.89209,-0.549316,-11.7188,1
1463.64,-0.289062,-0.393066,0.88623,-3.41797,-0.915527,-13.4888,1
1463.65,-0.28125,-0.575684,0.953125,-2.62451,-1.28174,-13.3667,1
1463.66,-0.299805,-0.455566,0.935059,-1.52588,-1.34277,-13.4277,1
1463.67,-0.312012,-0.402832,0.90332,-1.77002,-0.549316,-14.4043,1
1463.68,-0.322754,-0.542969,0.85791,-0.793457,-0.488281,-14.5264,1
1463.69,-0.321289,-0.565918,0.9375,1.28174,-0.793457,-14.5264,1
1463.7,-0.319336,-0.508789,1.03906,1.58691,-1.15967,-15.4419,1
1463.71,-0.307129,-0.563965,1.02637,1.64795,-0.671387,-15.7471,1
1463.72,-0.3125,-0.540527,0.989258,1.83105,-0.671387,-15.8081,1
1463.73,-0.310059,-0.587402,0.95459,1.15967,0,-16.6016,1
1463.74,-0.342285,-0.602051,0.968262,1.15967,0.305176,-16.4795,1
1463.75,-0.397461,-0.545898,1.02783,0.366211,0.244141,-16.7847,1
1463.76,-0.375488,-0.49707,1.021,-0.488281,0.671387,-16.9067,1
1463.77,-0.370117,-0.564453,1.0459,-1.64795,1.28174,-17.6392,1
1463.78,-0.381348,-0.541504,0.991211,-1.77002,1.15967,-17.6392,1
1463.79,-0.379395,-0.526367,0.952148,-3.2959,0.671387,-18.4326,1
1463.8,-0.402344,-0.608887,1.0083,-3.78418,0.427246,-18.7378,1
1463.81,-0.391602,-0.558594,1.02588,-4.02832,0.549316,-18.9819,1
1463.82,-0.39209,-0.626465,1.10449,-5.24902,1.28174,-20.2026,1
1463.83,-0.310059,-0.649414,0.986816,-3.479,1.0376,-19.2261,1
1463.84,-0.300781,-0.556641,0.955078,-3.11279,0.12207,-20.1416,1
1463.85,-0.338867,-0.583984,0.951172,-2.74658,-0.305176,-20.752,1
1463.86,-0.383789,-0.634766,0.942871,-2.01416,0.244141,-20.813,1
1463.87,-0.370605,-0.737305,0.993652,-1.28174,0.183105,-21.2402,1
1463.88,-0.302246,-0.777344,1.01758,0.427246,-0.12207,-21.3013,1
1463.89,-0.310547,-0.586914,1.01807,1.46484,-0.366211,-21.4844,1
1463.89,-0.368652,-0.67334,0.979004,0,-0.610352,-22.7051,1
1463.9,-0.350098,-0.770508,0.928711,1.15967,-1.28174,-21.9116,1
1463.91,-0.274902,-0.554688,0.911621,0.244141,-0.915527,-21.9116,1
1463.92,-0.34375,-0.703125,1.02588,-2.62451,-0.488281,-23.6206,1
1463.93,-0.34082,-0.765625,1.08936,-1.52588,-1.09863,-22.2168,1
1463.94,-0.329102,-0.59668,1.01221,-1.64795,-0.12207,-22.2168,1
1463.95,-0.336914,-0.700195,0.888672,-2.92969,-0.305176,-22.7661,1
1463.96,-0.395996,-0.840332,0.932617,-2.31934,-0.244141,-22.8882,1
1463.97,-0.414062,-0.634766,1.01807,-1.70898,0.183105,-22.644,1
1463.98,-0.352051,-0.646973,1.09375,-3.54004,1.52588,-23.6816,1
1463.99,-0.336426,-0.770508,1.08252,-2.86865,0.549316,-23.2544,1
1464,-0.335938,-0.684082,0.897461,-1.95312,0.854492,-22.7051,1
1464.01,-0.411621,-0.720703,0.945801,-1.77002,1.2207,-23.1323,1
1464.02,-0.327148,-0.767578,0.98584,-0.427246,0.915527,-23.1323,1
1464.03,-0.304199,-0.629395,0.922363,1.46484,1.2207,-22.7051,1
1464.04,-0.367676,-0.635742,0.919434,0.488281,1.28174,-24.0479,1
1464.05,-0.394043,-0.807617,0.916504,1.2207,1.0376,-23.8647,1
1464.06,-0.351562,-0.67334,0.94043,2.62451,1.77002,-23.2544,1
1464.07,-0.300293,-0.664551,0.958008,0.427246,1.70898,-25.1465,1
1464.08,-0.295898,-0.844238,0.90918,1.15967,1.15967,-24.5972,1
1464.09,-0.370605,-0.722656,0.898438,2.62451,1.40381,-23.8037,1
1464.1,-0.388184,-0.556641,0.955566,0.732422,1.40381,-25.0244,1
1464.11,-0.327148,-0.722168,1.02979,-1.64795,1.70898,-26.001,1
1464.12,-0.244141,-0.777344,0.980469,0.549316,1.15967,-24.1699,1
1464.13,-0.355957,-0.62207,0.877441,0.0610352,0.671387,-25.2075,1
1464.14,-0.431152,-0.79248,0.829102,-1.0376,0.488281,-26.4282,1
1464.15,-0.413574,-0.768066,0.914062,0.976562,0.915527,-25.0854,1
1464.16,-0.335449,-0.622559,1.01807,-0.366211,1.15967,-26.2451,1
1464.17,-0.277832,-0.796387,1.03223,-1.09863,1.2207,-26.4282,1
1464.18,-0.298828,-0.769043,0.979004,1.46484,1.28174,-25.0854,1
1464.19,-0.344727,-0.62793,0.886719,1.2207,1.46484,-25.6958,1
1464.2,-0.373047,-0.766113,0.838379,1.34277,1.28174,-26.123,1
1464.21,-0.333008,-0.714844,0.870605,2.62451,1.46484,-25.3906,1
1464.22,-0.345215,-0.639648,0.953125,1.34277,2.01416,-26.4282,1
1464.23,-0.314941,-0.807129,0.95752,1.2207,2.13623,-26.7334,1
1464.24,-0.348633,-0.743164,0.875488,3.2959,1.89209,-25.3296,1
1464.24,-0.34082,-0.533203,0.868164,1.95312,1.34277,-26.6113,1
1464.25,-0.330566,-0.750977,0.853027,0.427246,1.64795,-27.2217,1
1464.26,-0.294434,-0.740723,0.882324,2.01416,1.28174,-26.001,1
1464.27,-0.297363,-0.700195,0.955566,0.183105,1.34277,-27.2827,1
1464.28,-0.326172,-0.85791,0.988281,0.488281,1.52588,-26.7334,1
1464.29,-0.316406,-0.703613,0.930176,1.40381,2.0752,-25.9399,1
1464.3,-0.317871,-0.695312,0.902344,-0.183105,2.56348,-27.0386,1
1464.31,-0.319336,-0.758301,0.866211,-0.366211,2.19727,-26.6113,1
1464.32,-0.261719,-0.720703,0.873535,-0.671387,2.62451,-26.4282,1
1464.33,-0.284668,-0.75293,0.921875,-0.305176,3.2959,-26.3062,1
1464.34,-0.319336,-0.790039,0.87793,-0.244141,3.11279,-26.6724,1
1464.35,-0.345215,-0.796387,0.910156,0.610352,3.60107,-26.3062,1
1464.36,-0.311035,-0.648438,0.913574,0.854492,4.02832,-25.8179,1
1464.37,-0.275879,-0.758789,0.90918,-0.305176,4.08936,-26.9775,1
1464.38,-0.250488,-0.756836,0.874512,1.09863,3.23486,-25.8789,1
1464.39,-0.286133,-0.658203,0.833008,1.09863,3.41797,-25.9399,1
1464.4,-0.336914,-0.753418,0.843262,0.915527,3.66211,-26.4893,1
1464.41,-0.31543,-0.736328,0.842773,1.95312,3.479,-25.8179,1
1464.42,-0.251465,-0.703613,0.885742,0.610352,4.27246,-26.7334,1
1464.43,-0.205566,-0.802246,0.938965,0.671387,4.08936,-26.5503,1
1464.44,-0.234375,-0.797363,0.88623,1.34277,3.66211,-26.062,1
1464.45,-0.257812,-0.714355,0.822266,1.77002,3.2959,-25.9399,1
1464.46,-0.291016,-0.700195,0.79834,1.46484,4.21143,-26.001,1
1464.47,-0.295898,-0.660156,0.886719,0.854492,4.15039,-26.4893,1
1464.48,-0.22998,-0.758789,0.92041,0.732422,4.15039,-26.7334,1
1464.49,-0.233887,-0.775879,0.878906,1.95312,3.78418,-26.001,1
1464.5,-0.257812,-0.702148,0.870117,1.52588,2.86865,-26.4893,1
1464.51,-0.26416,-0.79834,0.845215,1.0376,3.41797,-27.0386,1
1464.52,-0.232422,-0.685059,0.862793,2.01416,2.99072,-26.062,1
1464.53,-0.230469,-0.749023,0.891602,0.0610352,3.41797,-27.8931,1
1464.54,-0.17334,-0.891113,0.867188,1.15967,2.74658,-26.7944,1
1464.55,-0.181641,-0.666016,0.907715,1.34277,2.38037,-26.7944,1
1464.56,-0.199219,-0.728027,0.936035,-0.793457,2.38037,-27.9541,1
1464.57,-0.175293,-0.883301,0.910156,0.854492,2.31934,-26.4893,1
1464.58,-0.17627,-0.647949,0.836914,1.77002,2.56348,-26.6724,1
1464.59,-0.221191,-0.817383,0.868164,-0.610352,2.01416,-28.0151,1
1464.6,-0.209961,-0.933105,0.897461,1.34277,1.2207,-26.7334,1
1464.61,-0.192871,-0.631836,0.918945,0.976562,1.95312,-27.0996,1
1464.61,-0.160156,-0.801758,0.972656,-1.09863,2.2583,-28.0151,1
1464.62,-0.142578,-0.879395,0.959473,0.671387,1.58691,-26.8555,1
1464.63,-0.149414,-0.666992,0.915039,0.549316,1.52588,-27.2827,1
1464.64,-0.1875,-0.871094,0.929688,-0.671387,1.40381,-27.5879,1
1464.65,-0.1875,-0.852051,0.940918,1.34277,0.915527,-26.3062,1
1464.66,-0.138672,-0.664551,0.94873,0.12207,1.2207,-27.4658,1
1464.67,-0.121094,-0.905273,0.941406,-0.427246,1.40381,-27.4048,1
1464.68,-0.120605,-0.769043,0.944336,1.58691,0.244141,-25.9399,1
1464.69,-0.136719,-0.72998,0.986816,-0.305176,0.915527,-27.2217,1
1464.7,-0.115234,-0.956055,0.931152,1.34277,0.854492,-25.8789,1
1464.71,-0.15625,-0.820312,0.930176,2.80762,0.549316,-25.8789,1
1464.72,-0.138672,-0.803711,0.947266,2.19727,0.366211,-26.3062,1
1464.73,-0.147461,-0.726562,0.896973,2.2583,0.549316,-25.5737,1
1464.74,-0.120117,-0.79541,0.978516,1.15967,0.915527,-26.2451,1
1464.75,-0.142578,-0.887207,1.02197,2.0752,0.671387,-25.4517,1
1464.76,-0.144043,-0.794434,0.958008,3.17383,0.671387,-24.7192,1
1464.77,-0.157227,-0.86377,0.972656,3.17383,0.854492,-25.0854,1
1464.78,-0.175781,-0.845215,0.919922,4.02832,0.549316,-24.7803,1
1464.79,-0.152832,-0.674316,0.906738,2.62451,-0.0610352,-25.2075,1
1464.8,-0.135742,-0.945801,1.01367,2.01416,0.244141,-25.2686,1
1464.81,-0.155273,-0.871094,1.03174,4.21143,-0.305176,-23.8647,1
1464.81,-0.142578,-0.737793,1.00391,2.2583,0.244141,-25.0244,1
1464.82,-0.160156,-1.03516,1.0249,2.86865,0.549316,-24.1089,1
1464.83,-0.167969,-0.756836,0.998047,5.61523,0,-23.0103,1
1464.84,-0.145508,-0.642578,0.960938,2.31934,0.12207,-24.9634,1
1464.85,-0.121094,-1.02734,1.01318,3.41797,0,-23.9258,1
1464.86,-0.160645,-0.813477,1.00195,5.43213,0,-23.0103,1
1464.87,-0.169434,-0.739258,0.989258,3.05176,0.671387,-24.1699,1
1464.88,-0.156738,-0.90332,1.00244,4.3335,0.366211,-23.2544,1
1464.89,-0.178223,-0.712891,1.0166,5.37109,0.0610352,-23.0103,1
1464.9,-0.155273,-0.63916,0.928223,3.78418,-0.427246,-23.8037,1
1464.91,-0.13916,-0.829102,0.976562,3.41797,-0.488281,-23.6816,1
1464.92,-0.112793,-0.810547,1.01953,5.49316,-0.183105,-22.2778,1
1464.93,-0.114746,-0.699707,0.971191,5.67627,0.427246,-22.4609,1
1464.94,-0.139648,-0.876953,0.978027,6.16455,-0.0610352,-22.8882,1
1464.95,-0.183594,-0.770996,0.950684,9.15527,-0.427246,-21.4233,1
1464.96,-0.174316,-0.582031,0.928711,7.69043,-0.12207,-22.2778,1
1464.97,-0.135254,-0.856445,0.971191,7.08008,0.0610352,-22.522,1
1464.98,-0.097168,-0.786133,0.98291,9.58252,0.610352,-20.9961,1
1464.99,-0.100098,-0.589844,0.927246,8.05664,1.0376,-21.4844,1
1465,-0.179688,-0.828613,0.918945,6.65283,0.732422,-21.6064,1
1465.01,-0.199707,-0.785156,0.995117,9.21631,0.610352,-19.8975,1
1465.02,-0.162598,-0.507324,0.970215,7.8125,1.52588,-20.752,1
1465.03,-0.135254,-0.740234,0.930176,5.61523,1.95312,-21.5454,1
1465.04,-0.138672,-0.769531,0.899414,7.26318,1.77002,-19.8975,1
1465.05,-0.14209,-0.554688,0.925781,5.7373,2.0752,-20.5078,1
1465.06,-0.150391,-0.696289,0.944824,3.78418,2.44141,-21.1182,1
1465.07,-0.129883,-0.679688,0.943848,4.76074,2.19727,-20.0806,1
1465.08,-0.134766,-0.506836,0.946289,2.92969,2.86865,-20.752,1
1465.09,-0.128418,-0.730469,0.935059,1.40381,3.11279,-21.1792,1
1465.1,-0.130859,-0.670898,0.950684,3.479,3.35693,-19.5312,1
1465.11,-0.132812,-0.471191,0.945312,1.28174,3.90625,-21.1182,1
1465.12,-0.125,-0.792969,0.931152,1.0376,3.78418,-20.813,1
1465.13,-0.14502,-0.632324,0.943848,4.3335,3.41797,-19.7144,1
1465.14,-0.116699,-0.458008,0.929199,2.13623,3.78418,-21.6675,1
1465.14,-0.10791,-0.79541,0.919922,3.2959,3.96729,-20.813,1
1465.15,-0.103516,-0.586426,0.895996,5.67627,3.66211,-20.3247,1
1465.16,-0.0966797,-0.492676,0.896484,3.35693,3.72314,-21.7285,1
1465.17,-0.11377,-0.773438,0.895996,4.27246,3.60107,-21.0571,1
1465.18,-0.129883,-0.549316,0.930664,6.04248,3.05176,-20.752,1
1465.19,-0.120605,-0.519043,0.902832,3.78418,3.2959,-22.3389,1
1465.2,-0.122559,-0.72168,0.889648,4.94385,3.05176,-21.4844,1
1465.21,-0.123535,-0.532715,0.904785,5.85938,2.56348,-21.5454,1
1465.22,-0.10498,-0.540527,0.902344,3.41797,2.68555,-23.1323,1
1465.23,-0.115234,-0.669922,0.910156,4.45557,2.01416,-22.0947,1
1465.24,-0.140137,-0.510254,0.916016,4.02832,1.58691,-22.1558,1
1465.25,-0.107422,-0.532227,0.93457,1.89209,1.64795,-23.4375,1
1465.26,-0.112305,-0.648926,0.942871,2.31934,1.64795,-23.0103,1
1465.27,-0.0859375,-0.518555,0.9375,2.38037,1.0376,-22.8882,1
1465.28,-0.0761719,-0.631836,0.905273,0.549316,0.854492,-24.1089,1
1465.29,-0.0898438,-0.712402,0.94043,2.13623,0.488281,-22.9492,1
1465.3,-0.106445,-0.509277,0.97168,0.671387,0.244141,-23.9868,1
1465.31,-0.115234,-0.671875,0.956055,-1.15967,0.488281,-24.5972,1
1465.32,-0.139648,-0.633301,1.00879,-0.0610352,0,-23.2544,1
1465.33,-0.112793,-0.533691,0.981934,-1.70898,0.305176,-24.7192,1
1465.34,-0.0859375,-0.66748,0.919922,-1.70898,0.366211,-24.4751,1
1465.35,-0.0976562,-0.649902,0.945312,-1.15967,-0.244141,-24.4141,1
1465.36,-0.0810547,-0.633301,0.935547,-2.01416,-0.976562,-25.0244,1
1465.37,-0.112305,-0.682617,0.973145,-2.31934,-0.366211,-25.1465,1
1465.38,-0.128906,-0.666992,1.03955,-2.19727,-0.0610352,-25.0244,1
1465.39,-0.117188,-0.661133,1.03027,-3.479,0.12207,-26.1841,1
1465.4,-0.151367,-0.672852,0.995605,-2.92969,0.244141,-25.2075,1
1465.41,-0.133789,-0.748535,1.03857,-3.84521,0,-26.001,1
1465.42,-0.132324,-0.698242,1.01807,-2.50244,0,-25.4517,1
1465.43,-0.120605,-0.611816,0.961914,-3.72314,0.915527,-26.2451,1
1465.44,-0.141602,-0.733887,0.96875,-3.78418,1.15967,-26.3062,1
1465.45,-0.157227,-0.618164,1.02881,-3.66211,1.09863,-26.123,1
1465.46,-0.151855,-0.678223,1.05713,-4.45557,1.95312,-26.9775,1
1465.47,-0.137207,-0.786621,1.0166,-2.74658,1.64795,-26.1841,1
1465.48,-0.144531,-0.755859,0.969727,-1.58691,1.95312,-26.4893,1
1465.49,-0.123535,-0.71875,1.01562,-0.793457,1.70898,-26.6724,1
1465.49,-0.146973,-0.711914,1.00195,-0.854492,1.83105,-27.2217,1
1465.5,-0.119629,-0.743164,0.991211,0.0610352,1.70898,-27.0386,1
1465.51,-0.141602,-0.660156,0.987793,0.976562,1.64795,-26.8555,1
1465.52,-0.143066,-0.760254,0.953125,1.15967,2.13623,-27.6489,1
1465.53,-0.168457,-0.723145,0.98877,3.23486,1.40381,-26.9165,1
1465.54,-0.141602,-0.708008,0.996094,2.56348,1.52588,-28.1372,1
1465.55,-0.132324,-0.796387,0.978027,3.78418,1.64795,-27.4048,1
1465.56,-0.106445,-0.644043,0.997559,3.66211,0.915527,-27.6489,1
1465.57,-0.0966797,-0.779785,0.955566,2.44141,1.28174,-28.6255,1
1465.58,-0.125488,-0.769531,0.97168,4.15039,1.2207,-27.2827,1
1465.59,-0.135742,-0.65332,0.973633,3.41797,1.40381,-28.0151,1
1465.6,-0.149414,-0.760742,0.965332,2.68555,1.40381,-28.3813,1
1465.61,-0.14209,-0.736816,0.979492,3.05176,0.793457,-28.0151,1
1465.62,-0.152832,-0.691406,0.933594,2.01416,0.976562,-28.6255,1
1465.63,-0.134766,-0.727539,0.945801,1.09863,0.854492,-28.7476,1
1465.64,-0.144043,-0.768066,0.963379,0.732422,0.793457,-29.0527,1
1465.65,-0.129395,-0.632812,0.947266,0.183105,0.549316,-28.9307,1
1465.66,-0.142578,-0.700195,0.945312,-1.15967,1.15967,-29.6631,1
1465.67,-0.170898,-0.806641,0.967285,-0.610352,0.793457,-29.4189,1
1465.68,-0.144531,-0.700684,0.965332,-1.0376,0.488281,-29.48,1
1465.69,-0.163574,-0.771973,0.981445,-1.52588,1.2207,-29.9072,1
1465.7,-0.17627,-0.840332,0.990723,-0.915527,0.793457,-29.6631,1
1465.71,-0.143066,-0.750488,1.00146,-0.854492,0.793457,-30.2734,1
1465.72,-0.135254,-0.753418,0.992676,-0.793457,1.15967,-30.5786,1
1465.73,-0.156738,-0.824707,0.990234,0.854492,0.793457,-30.0293,1
1465.74,-0.165527,-0.71582,0.96582,1.83105,0.488281,-30.2124,1
1465.75,-0.154785,-0.759277,0.925781,1.40381,1.09863,-31.0059,1
1465.76,-0.166504,-0.850098,0.949707,2.62451,1.15967,-30.3955,1
1465.77,-0.172363,-0.733887,0.963867,2.38037,0.488281,-30.5786,1
1465.78,-0.145996,-0.808594,0.919434,1.28174,0.915527,-31.5552,1
1465.78,-0.140625,-0.830078,0.942383,2.0752,1.34277,-31.189,1
1465.79,-0.166992,-0.71582,0.929199,1.95312,0.854492,-31.3721,1
1465.8,-0.162109,-0.814453,0.916504,0.915527,0.793457,-32.2876,1
1465.81,-0.192383,-0.785645,0.975586,1.95312,0.488281,-31.311,1
1465.82,-0.19043,-0.71875,0.982422,0.427246,0.976562,-32.4707,1
1465.83,-0.163086,-0.862305,0.957031,-0.183105,1.28174,-32.5928,1
1465.84,-0.160156,-0.777344,0.959473,0.366211,0.976562,-31.7993,1
1465.85,-0.15625,-0.75293,0.944824,-1.70898,1.0376,-33.3252,1
1465.86,-0.164551,-0.84375,0.919922,-0.976562,1.15967,-32.5928,1
1465.87,-0.18457,-0.773926,0.949219,-1.46484,1.46484,-33.02,1
1465.88,-0.163574,-0.858887,0.991699,-2.2583,1.40381,-33.8135,1
1465.89,-0.153809,-0.849609,0.967773,-1.40381,1.40381,-32.8979,1
1465.9,-0.171387,-0.812012,0.993164,-1.70898,1.64795,-33.2031,1
1465.91,-0.172363,-0.835449,0.991211,-1.34277,1.77002,-33.3252,1
1465.92,-0.171387,-0.870605,0.972168,-0.671387,2.44141,-33.5083,1
1465.93,-0.1875,-0.760742,0.979492,0.610352,2.01416,-33.02,1
1465.94,-0.15625,-0.824707,0.931641,0,2.2583,-34.2407,1
1465.95,-0.163574,-0.879883,0.966309,1.28174,1.64795,-34.1797,1
1465.96,-0.142578,-0.79834,0.915527,1.95312,1.64795,-33.9355,1
1465.97,-0.17627,-0.893555,0.937988,1.52588,1.83105,-34.79,1
1465.98,-0.191406,-0.818359,0.949219,2.74658,0.610352,-34.2407,1
1465.99,-0.154785,-0.787109,0.922852,1.95312,1.77002,-35.1562,1
1466,-0.137695,-0.802734,0.93457,3.35693,1.40381,-34.1187,1
1466.01,-0.178223,-0.783691,0.943359,3.17383,0.671387,-34.8511,1
1466.02,-0.121094,-0.916504,0.91748,3.90625,1.2207,-34.668,1
1466.03,-0.212891,-0.823242,0.969727,4.88281,1.15967,-34.4238,1
1466.04,-0.200195,-0.918457,0.908203,3.54004,1.58691,-35.7056,1
1466.05,-0.167969,-0.768066,0.925293,5.67627,1.0376,-34.3018,1
1466.06,-0.191406,-0.792969,0.927246,3.17383,1.64795,-36.0718,1
1466.07,-0.139648,-0.894043,0.958496,4.57764,1.0376,-34.79,1
1466.07,-0.168457,-0.731934,0.927246,4.27246,1.52588,-34.729,1
1466.08,-0.168945,-0.88916,0.935547,3.23486,1.95312,-35.3394,1
1466.09,-0.199219,-0.771973,0.92041,3.78418,1.70898,-34.5459,1
1466.1,-0.22998,-0.836426,0.900391,2.19727,2.56348,-35.2783,1
1466.11,-0.169434,-0.897949,0.925293,2.0752,1.83105,-34.79,1
1466.12,-0.142578,-0.718262,0.97168,1.15967,2.0752,-35.0952,1
1466.13,-0.147949,-0.932129,0.914551,0,2.80762,-35.7666,1
1466.14,-0.182617,-0.78418,0.916992,1.95312,2.62451,-34.1187,1
1466.15,-0.199707,-0.724609,0.933105,-1.09863,3.35693,-35.8887,1
1466.16,-0.161621,-0.995117,0.925781,-0.12207,3.54004,-34.4238,1
1466.17,-0.203613,-0.716309,0.984863,0.244141,3.54004,-34.3628,1
1466.18,-0.184082,-0.854004,0.980469,-2.92969,3.96729,-36.0107,1
1466.19,-0.200195,-0.951172,0.975586,-0.793457,3.90625,-34.1797,1
1466.2,-0.189941,-0.725098,0.936035,-1.83105,4.27246,-35.2173,1
1466.21,-0.136719,-0.862793,0.933105,-2.01416,4.45557,-34.8511,1
1466.22,-0.144043,-0.862305,0.984375,-0.488281,3.72314,-34.729,1
1466.23,-0.17041,-0.842773,0.941895,-0.244141,4.08936,-35.4004,1
1466.24,-0.20459,-0.77832,0.887695,1.77002,4.21143,-34.4238,1
1466.25,-0.208496,-0.851074,0.915527,0.0610352,4.15039,-36.1938,1
1466.26,-0.133301,-1.00684,0.936035,2.92969,3.2959,-35.0342,1
1466.27,-0.147461,-0.727051,0.922852,4.02832,3.78418,-35.0952,1
1466.28,-0.18457,-0.896484,0.974609,2.19727,3.41797,-36.6211,1
1466.29,-0.164551,-0.868164,0.929199,5.61523,2.92969,-35.0342,1
1466.3,-0.166504,-0.710449,0.90332,3.90625,3.11279,-37.0483,1
1466.31,-0.244141,-0.969727,0.897461,4.08936,1.77002,-36.5601,1
1466.32,-0.163574,-0.781738,0.918945,5.67627,1.64795,-36.0107,1
1466.33,-0.177246,-0.769531,0.95752,3.54004,2.13623,-37.3535,1
1466.34,-0.171875,-0.971191,0.990723,3.84521,1.09863,-36.9263,1
1466.35,-0.177246,-0.825684,0.92334,4.02832,1.09863,-36.7432,1
1466.36,-0.193848,-0.869141,0.953613,2.50244,1.34277,-37.8418,1
1466.37,-0.233887,-0.885254,0.979492,2.86865,0.488281,-37.4756,1
1466.38,-0.166016,-0.725586,0.941895,2.38037,0.305176,-37.6587,1
1466.39,-0.177246,-0.862305,0.937012,1.46484,0.488281,-38.3911,1
1466.39,-0.20166,-0.936035,0.945801,2.62451,-0.305176,-37.5366,1
1466.4,-0.192871,-0.774902,0.981445,1.95312,-0.244141,-37.7808,1
1466.41,-0.155762,-0.894043,0.995117,0.549316,0.305176,-38.3911,1
1466.42,-0.142578,-0.919922,0.97998,2.13623,-0.0610352,-37.0483,1
1466.43,-0.190918,-0.773438,0.93457,1.58691,-0.610352,-37.9028,1
1466.44,-0.173828,-0.937988,0.910645,0.671387,0.12207,-38.0249,1
1466.45,-0.22168,-0.942871,0.991699,1.28174,-0.183105,-37.4756,1
1466.46,-0.157227,-0.779297,0.980469,0.244141,-0.427246,-37.8418,1
1466.47,-0.129883,-0.783203,0.978516,-1.15967,0.12207,-37.9639,1
1466.48,-0.152832,-0.925293,1.01758,-1.64795,-0.183105,-37.7197,1
1466.49,-0.19043,-0.836426,0.943848,-0.12207,-0.12207,-36.438,1
1466.5,-0.165039,-0.869629,0.938965,-1.89209,0.427246,-37.4756,1
1466.51,-0.147461,-0.949219,0.99707,-1.09863,0.305176,-36.7432,1
1466.52,-0.156738,-0.863281,1.0127,-1.40381,0,-37.0483,1
1466.53,-0.164062,-0.978027,1.00195,-1.46484,0,-36.9263,1
1466.54,-0.14209,-0.873047,1.0332,-0.671387,0.671387,-36.3159,1
1466.55,-0.147949,-0.84082,0.992676,-1.46484,1.2207,-36.6821,1
1466.56,-0.149902,-0.893066,0.974121,-0.854492,0.976562,-35.8276,1
1466.57,-0.161133,-0.844727,0.999512,-0.427246,0.915527,-35.4614,1
1466.58,-0.162598,-1.01172,1.03857,-0.305176,1.52588,-35.7666,1
1466.59,-0.104492,-0.886719,0.991699,1.52588,1.52588,-34.668,1
1466.6,-0.11377,-0.919922,1.01172,0.488281,2.19727,-35.7666,1
1466.61,-0.130371,-0.967285,1.00342,2.56348,1.2207,-34.5459,1
1466.62,-0.125,-0.810059,0.944336,3.05176,1.95312,-34.6069,1
1466.63,-0.102051,-0.923828,0.928711,3.479,2.44141,-35.0342,1
1466.64,-0.107422,-0.87793,0.9375,5.24902,1.70898,-34.3018,1
1466.64,-0.081543,-0.777344,0.899414,5.37109,1.77002,-34.729,1
1466.65,-0.0839844,-0.818359,0.884277,5.06592,1.46484,-34.79,1
1466.66,-0.0996094,-1.01953,0.870117,5.12695,1.15967,-34.8511,1
1466.67,-0.0341797,-0.739746,0.836426,7.38525,0.12207,-33.8135,1
1466.68,0.00830078,-0.609375,0.88623,3.23486,0.976562,-35.8887,1
1466.69,0.0898438,-1.00684,0.806641,3.17383,-0.244141,-34.9121,1
1466.7,0.0444336,-0.704102,0.89502,4.02832,-1.15967,-34.9121,1
1466.71,0.101074,-0.642578,0.939941,-0.12207,-0.427246,-36.6211,1
1466.72,0.0512695,-1.08154,0.986328,1.0376,-0.12207,-34.9731,1
1466.73,0.0366211,-0.751465,0.964355,2.31934,-1.0376,-35.0342,1
1466.74,0.0708008,-0.729492,0.904297,-1.58691,-0.488281,-35.7666,1
1466.75,0.10791,-1.06201,1.00537,-1.70898,-0.671387,-34.729,1
1466.76,0.0986328,-0.874023,1.09863,-1.0376,-1.09863,-33.9966,1
1466.77,0.121094,-0.80957,0.997559,-2.68555,-0.12207,-34.5459,1
1466.78,0.0429688,-1.01367,0.998047,-2.56348,0,-34.3628,1
1466.79,0.0263672,-0.894531,0.994141,-0.366211,0,-33.4473,1
1466.8,0.0771484,-0.683105,0.979004,-1.09863,0.0610352,-33.8135,1
1466.81,0.0947266,-0.981445,1.04785,-1.95312,0.305176,-33.6304,1
1466.82,0.0986328,-0.959473,1.04932,0.488281,-0.366211,-32.4707,1
1466.83,0.0141602,-0.845703,0.999023,-0.183105,1.0376,-33.2031,1
1466.84,-0.0327148,-0.97998,1.01172,0.671387,0.915527,-32.5317,1
1466.85,-0.0292969,-0.827637,1.03467,1.95312,0.610352,-32.2876,1
1466.86,0.0419922,-0.822266,0.966797,2.13623,1.28174,-32.5928,1
1466.87,0.0644531,-0.878906,0.950195,3.35693,1.2207,-31.7383,1
1466.88,-0.0395508,-0.95752,1.03809,2.86865,0.976562,-32.6538,1
1466.89,0.0263672,-0.822754,0.950195,5.12695,1.34277,-30.7007,1
1466.9,-0.0332031,-0.732422,1.00635,2.68555,1.83105,-32.2266,1
1466.91,-0.0131836,-1.02637,0.977539,3.05176,0.366211,-31.9214,1
1466.92,0.00634766,-0.864258,0.868652,6.04248,1.58691,-31.0669,1
1466.93,-0.0546875,-0.67627,0.981934,4.27246,1.70898,-32.5928,1
1466.93,0.0249023,-0.831055,0.888184,3.2959,1.15967,-32.2266,1
1466.94,0.00634766,-0.925781,0.874023,5.31006,2.01416,-31.1279,1
1466.95,-0.0395508,-0.718262,0.904785,4.39453,0.610352,-31.9214,1
1466.96,0.0205078,-0.759766,0.957031,1.95312,1.2207,-32.8369,1
1466.97,-0.0112305,-0.855469,0.944336,3.17383,1.46484,-31.4941,1
1466.98,-9.765625e-04,-0.76709,0.90332,2.74658,0.732422,-32.1655,1
1466.99,0.0253906,-0.786621,0.837402,1.95312,1.28174,-32.4707,1
1467,-0.0136719,-0.8125,0.925781,1.89209,1.58691,-32.0435,1
1467.01,-0.0249023,-0.719238,1.00732,0.915527,1.09863,-32.5317,1
1467.02,0.00390625,-0.797852,0.989746,0.305176,1.52588,-32.7148,1
1467.03,0.012207,-0.874512,0.980957,1.0376,1.46484,-32.1045,1
1467.04,-0.0229492,-0.745605,0.951172,0.488281,1.09863,-32.7759,1
1467.05,-0.0112305,-0.819824,0.960449,-0.12207,2.01416,-32.8369,1
1467.06,-0.00146484,-0.82959,1.04736,0,1.95312,-32.5317,1
1467.07,-0.0205078,-0.776367,1.08545,0,1.58691,-32.8979,1
1467.08,0.0131836,-0.80957,0.977051,0.732422,2.31934,-32.5928,1
1467.09,-0.00244141,-0.837402,0.978516,1.2207,2.19727,-32.6538,1
1467.1,0.00830078,-0.724609,0.965332,0.671387,1.58691,-33.4473,1
1467.11,0.0361328,-0.890625,0.927734,0.793457,2.74658,-32.6538,1
1467.12,-0.034668,-0.908691,1.06348,2.80762,2.68555,-32.0435,1
1467.13,-0.0595703,-0.756348,1.05127,1.89209,2.50244,-33.02,1
1467.14,0.0214844,-0.833008,1.00195,1.52588,3.05176,-33.6304,1
1467.15,-0.0283203,-0.808105,0.951172,3.54004,2.0752,-32.3486,1
1467.16,-0.0454102,-0.753906,0.970703,2.44141,1.52588,-33.6914,1
1467.17,0.0419922,-0.806641,0.961426,2.74658,1.58691,-33.6914,1
1467.18,0.0205078,-0.796387,0.978027,2.74658,1.95312,-33.6304,1
1467.19,0.0263672,-0.834961,0.982422,3.2959,0.793457,-33.3252,1
1467.2,-0.0498047,-0.713379,0.919922,3.23486,0.915527,-33.2642,1
1467.21,-0.0419922,-0.873535,0.964844,1.64795,1.46484,-34.3628,1
1467.22,-0.0356445,-0.871094,0.979004,3.41797,0.732422,-33.5083,1
1467.23,0.0766602,-0.688477,0.946289,2.13623,0.549316,-34.668,1
1467.24,0.0546875,-0.811035,0.956543,1.40381,0.732422,-34.5459,1
1467.25,0.00830078,-0.820312,0.958496,2.19727,0.366211,-33.8135,1
1467.26,-0.00146484,-0.713867,0.90332,1.83105,0.671387,-33.9355,1
1467.27,-0.0249023,-0.79541,0.990723,0.488281,0.915527,-34.6069,1
1467.28,-4.882812e-04,-0.842773,0.960938,1.40381,0.488281,-33.7524,1
1467.28,0.00341797,-0.822754,1.0166,0.671387,0.732422,-34.5459,1
1467.29,0.00488281,-0.838867,1,1.09863,0.366211,-33.9966,1
1467.3,0.0327148,-0.860352,0.942871,0.427246,1.2207,-34.79,1
1467.31,0.0214844,-0.658203,0.945312,0.610352,0.427246,-34.1187,1
1467.32,-0.00146484,-0.723633,0.943848,-0.793457,0.610352,-34.79,1
1467.33,0.0126953,-0.894531,0.934082,0.305176,0.793457,-34.2407,1
1467.34,0.0527344,-0.665527,0.929199,2.31934,0.366211,-33.2031,1
1467.35,0.050293,-0.839355,0.969727,-0.305176,1.15967,-34.668,1
1467.36,0.0327148,-0.921387,0.963379,1.70898,0.244141,-33.2031,1
1467.37,0.00390625,-0.756348,0.926758,1.77002,2.2583,-33.3862,1
1467.38,0.0185547,-0.807129,0.966309,0.854492,1.64795,-33.6914,1
1467.39,0.00537109,-0.836914,0.971191,1.0376,1.40381,-33.8135,1
1467.4,0.0541992,-0.708496,0.921875,1.83105,2.38037,-32.8979,1
1467.41,0.0136719,-0.744141,0.963379,0.793457,2.50244,-33.2031,1
1467.42,0.0185547,-0.851562,0.970215,1.95312,2.2583,-33.1421,1
1467.43,0.0576172,-0.66748,0.929199,2.50244,2.99072,-32.0435,1
1467.44,0.0634766,-0.787598,0.928223,0.732422,3.35693,-32.959,1
1467.45,0.00390625,-0.921387,0.88623,2.44141,2.99072,-31.6772,1
1467.46,0.012207,-0.6875,0.928223,2.50244,3.35693,-31.8604,1
1467.47,0.0302734,-0.708008,0.916504,0.793457,4.15039,-32.7148,1
1467.48,0.0288086,-0.961914,0.888672,2.19727,4.27246,-31.5552,1
1467.49,0.0488281,-0.706055,0.933594,3.54004,3.2959,-31.6772,1
1467.5,0.0151367,-0.683105,0.930176,1.89209,4.5166,-32.6538,1
1467.51,0.0498047,-0.906738,0.96875,3.96729,4.57764,-30.8228,1
1467.52,0.00732422,-0.601074,0.949219,3.96729,3.84521,-31.189,1
1467.53,0.0703125,-0.741699,0.88916,1.77002,4.15039,-31.4331,1
1467.54,-0.00732422,-1.00684,0.953125,4.15039,4.39453,-30.1514,1
1467.55,-0.0161133,-0.594727,0.957031,4.5166,3.66211,-30.7617,1
1467.56,0.0332031,-0.654785,0.946289,1.52588,4.21143,-31.8604,1
1467.57,0.0205078,-0.87207,0.927246,3.23486,3.84521,-30.6396,1
1467.58,0.0786133,-0.540527,0.887695,3.54004,3.2959,-30.8228,1
1467.59,0.0517578,-0.598633,0.898926,1.58691,3.41797,-31.0669,1
1467.6,0.0336914,-0.763672,0.919922,2.86865,2.50244,-29.9072,1
1467.61,0.0522461,-0.628906,0.866699,3.60107,2.44141,-29.541,1
1467.61,0.0361328,-0.619141,0.870605,2.74658,2.2583,-30.2124,1
1467.62,0.0322266,-0.758301,0.912109,3.66211,1.70898,-29.8462,1
1467.63,0.0380859,-0.603516,0.90918,5.24902,1.2207,-28.7476,1
1467.64,0.0419922,-0.571289,0.86084,3.41797,0.671387,-29.4189,1
1467.65,0.0551758,-0.59668,0.867188,3.84521,0.12207,-28.3813,1
1467.66,-0.00390625,-0.52002,0.924316,3.60107,0.305176,-27.71,1
1467.67,0.00976562,-0.571777,0.962891,2.99072,-0.183105,-27.3438,1
1467.68,-0.0126953,-0.580078,0.968262,4.88281,-0.671387,-25.8789,1
1467.69,-0.0161133,-0.546875,1.01221,5.79834,-0.549316,-25.3296,1
1467.7,-0.00927734,-0.606445,0.990723,7.08008,-0.854492,-24.1699,1
1467.71,9.765625e-04,-0.508789,0.962891,7.69043,-0.793457,-23.1323,1
1467.72,-0.00976562,-0.60498,1.06348,7.08008,-1.0376,-22.4609,1
1467.73,-0.0166016,-0.498047,1.10059,8.48389,-0.976562,-20.3247,1
1467.74,-0.0146484,-0.452637,1.05273,8.11768,-0.0610352,-19.7144,1
1467.75,-0.0205078,-0.51416,1.0459,9.46045,0,-17.8833,1
1467.76,-0.03125,-0.340332,1.01807,10.6812,-0.366211,-15.9302,1
1467.77,-0.0102539,-0.322266,1.02393,9.94873,0.0610352,-15.1978,1
1467.78,-0.00634766,-0.324219,1.05371,11.1084,0,-12.8174,1
1467.79,-0.019043,-0.260254,1.04053,11.4136,0.427246,-11.3525,1
1467.8,-0.0253906,-0.190918,1.03271,11.7188,0.12207,-9.58252,1
1467.81,-0.0302734,-0.129883,1.00439,11.9629,0.244141,-7.8125,1
1467.82,-0.0444336,-0.11377,0.994629,12.6343,0.244141,-6.10352,1
1467.83,-0.0351562,-0.0102539,0.983398,13.7329,0.183105,-4.3335,1
1467.84,-0.0258789,0.0507812,0.937988,14.0381,0.549316,-2.74658,1
1467.85,-0.0195312,0.0927734,0.904297,14.7095,0.244141,-0.732422,1
1467.86,-0.0444336,0.183594,0.894043,15.2588,0,1.09863,1
1467.87,-0.0634766,0.202637,0.891602,15.0146,-0.12207,2.56348,1
1467.88,-0.09375,0.231934,0.939941,16.7236,0,5.18799,1
1467.89,-0.0942383,0.365723,0.966797,16.7847,0.305176,6.5918,1
1467.9,-0.0957031,0.323242,0.900879,16.7236,0.244141,8.17871,1
1467.9,-0.0800781,0.366699,0.890625,17.2119,0.12207,10.498,1
1467.91,-0.121094,0.454102,0.955078,17.2729,0.183105,12.0239,1
1467.92,-0.0991211,0.515625,0.999023,17.1509,0.488281,13.7329,1
1467.93,-0.138184,0.505859,1.01367,16.9678,0.549316,15.5029,1
1467.94,-0.149902,0.420898,0.982422,17.2729,0.732422,16.7847,1
1467.95,-0.196777,0.677734,0.977051,17.7612,0.793457,18.7988,1
1467.96,-0.169922,0.727539,1.01074,14.7705,1.2207,19.4092,1
1467.97,-0.173828,0.61377,1.04785,14.5264,0.915527,21.6675,1
1467.98,-0.128906,0.749512,1.05322,13.7329,0.793457,23.2544,1
1467.99,-0.129395,0.646484,1.04443,11.4136,1.28174,23.5596,1
1468,-0.145508,0.717285,1.03711,10.9863,0.854492,25.6348,1
1468.01,-0.17334,0.893066,1.02588,8.8501,1.70898,26.4893,1
1468.02,-0.191895,0.833008,1.08936,6.89697,1.2207,27.5269,1
1468.03,-0.212891,0.747559,1.14307,6.5918,1.40381,28.7476,1
1468.04,-0.143066,0.822754,1.08105,6.40869,1.2207,30.0293,1
1468.05,-0.13623,0.870117,1.09814,4.69971,0.854492,30.7007,1
1468.06,-0.147949,0.937988,1.08203,3.479,0.793457,31.4331,1
1468.07,-0.135254,0.948242,1.1084,2.31934,1.46484,32.1655,1
1468.08,-0.176758,0.894531,1.17529,2.13623,0.549316,33.6914,1
1468.09,-0.140625,0.794922,1.11963,1.28174,0,33.5693,1
1468.1,-0.115234,0.870605,1.09473,2.2583,-0.0610352,34.9121,1
1468.11,-0.127441,1.12305,1.08594,0.610352,0.427246,35.2783,1
1468.12,-0.116699,0.925293,1.05078,-1.28174,0.12207,35.4614,1
1468.13,-0.0825195,0.822266,1.09082,-0.427246,-1.0376,36.7432,1
1468.14,-0.0522461,0.876465,1.01172,-0.976562,-0.12207,36.5601,1
1468.15,-0.12207,0.854492,0.99707,-0.976562,-0.427246,36.9873,1
1468.16,-0.129395,0.996582,1.09814,-0.793457,-0.183105,37.4146,1
1468.17,-0.03125,1.04053,1.02881,-3.41797,0.12207,36.6821,1
1468.18,-0.0541992,0.775879,0.977051,-4.57764,0.244141,37.1704,1
1468.19,-0.0610352,0.836426,0.945312,-3.23486,0.366211,37.5366,1
1468.2,-0.0307617,0.82373,0.952637,-4.88281,1.64795,35.7056,1
1468.21,-0.0205078,0.865234,0.930664,-3.54004,2.56348,36.8652,1
1468.22,-0.0478516,0.918457,0.873535,-6.22559,3.05176,35.2783,1
1468.23,-0.0634766,0.746094,0.865234,-6.10352,3.41797,35.9497,1
1468.24,-0.0483398,0.735352,0.841309,-5.31006,4.63867,35.4004,1
1468.25,0.0307617,0.802734,0.823242,-4.69971,4.76074,34.729,1
1468.26,0.0151367,0.723633,0.805176,-3.41797,5.00488,34.6069,1
1468.27,0.0449219,0.878906,0.819824,-1.95312,4.39453,34.79,1
1468.28,0.0761719,0.774414,0.866699,-1.95312,5.79834,34.9121,1
1468.29,-0.0541992,0.697754,0.842285,0,5.24902,35.1562,1
1468.3,0.00146484,0.702637,0.882324,1.28174,5.00488,34.6069,1
1468.31,-0.0102539,0.699219,0.853027,4.08936,5.37109,35.7056,1
1468.32,0.019043,0.874512,0.900391,5.24902,4.63867,35.5835,1
1468.33,0.0195312,0.904297,0.905273,4.39453,5.06592,35.5835,1
1468.34,0.0307617,0.798828,0.913086,4.39453,5.5542,36.8652,1
1468.35,-0.00439453,0.771484,0.939941,5.18799,4.82178,37.7808,1
1468.35,0.0375977,0.818359,0.947754,5.00488,4.27246,36.9263,1
1468.36,-0.0322266,0.885254,0.967285,5.7373,4.21143,37.9639,1
1468.37,-0.0605469,1.12598,1.01074,3.78418,4.69971,38.208,1
1468.38,-0.0756836,0.822266,0.981934,0.305176,4.3335,38.9404,1
1468.39,-0.0927734,0.79248,1.03955,2.86865,2.99072,40.5273,1
1468.4,-0.0366211,1.05273,0.976562,1.52588,3.35693,40.0391,1
1468.41,-0.0893555,0.89502,1.00732,0.183105,2.50244,40.5884,1
1468.42,-0.0981445,1.01074,1.07471,0.244141,1.70898,41.4429,1
1468.43,-0.0761719,1.0166,0.983398,-2.2583,2.0752,41.5039,1
1468.44,-0.0522461,0.82373,0.980469,-1.77002,1.09863,43.0908,1
1468.45,-0.0458984,0.887207,0.949707,-1.34277,0.366211,42.7246,1
1468.46,-0.0551758,1.0415,0.998047,-0.732422,0.183105,43.7622,1
1468.47,-0.00439453,0.847168,0.954102,-2.50244,0.12207,43.457,1
1468.48,0.0839844,0.69043,0.843262,-1.58691,-1.09863,44.4336,1
1468.49,0.127441,1.09619,0.848145,-2.19727,-1.2207,43.7622,1
1468.5,0.09375,1.06787,0.910645,-4.08936,-0.427246,42.7246,1
1468.51,0.00537109,0.748535,1.02734,-1.40381,-0.427246,43.5791,1
1468.52,0.0683594,0.96875,1.11426,0.549316,-0.732422,43.7012,1
1468.53,0.0927734,0.98584,0.957031,-1.89209,-0.976562,43.2739,1
1468.54,0.129883,0.717773,0.858887,-2.01416,-1.40381,44.0674,1
1468.55,0.229004,0.918457,0.861328,-0.976562,-1.40381,44.1284,1
1468.56,0.26123,1.00391,1.0415,-2.38037,-0.976562,42.7856,1
1468.57,0.186035,0.771973,1.03906,-1.77002,-0.854492,42.9688,1
1468.58,0.125,0.89209,0.957031,-0.12207,-0.854492,43.2739,1
1468.58,0.0893555,1.00098,0.942871,-2.99072,-0.976562,41.9922,1
1468.59,0.225098,0.771973,0.967773,-2.50244,-0.671387,43.0298,1
1468.6,0.331055,1.02686,0.975098,-0.610352,0.366211,42.7246,1
1468.61,0.271484,0.984863,1.02637,-2.50244,1.40381,41.0767,1
1468.62,0.140137,0.70459,1.01611,-0.366211,1.15967,41.5039,1
1468.63,0.138672,1.02832,1.0083,0.244141,1.46484,40.4053,1
1468.64,0.15918,0.883789,0.949219,-1.77002,1.83105,40.4663,1
1468.65,0.245605,0.737305,0.980957,0.427246,1.77002,41.3818,1
1468.66,0.270996,1.05664,0.979492,0.244141,2.31934,40.5273,1
1468.67,0.202148,0.921387,0.917969,-1.70898,2.62451,40.1001,1
1468.68,0.198242,0.554688,0.949707,-0.488281,2.80762,40.1611,1
1468.69,0.17334,1.00098,0.862793,2.0752,1.95312,40.7104,1
1468.7,0.191406,1.07275,0.87793,-1.46484,2.68555,39.7339,1
1468.71,0.103027,0.722656,0.952637,-1.58691,2.0752,40.2222,1
1468.72,0.112793,0.775391,0.927246,-0.183105,2.2583,40.9546,1
1468.73,0.200195,1.03418,0.848145,-2.01416,2.31934,40.9546,1
1468.74,0.185547,0.819824,0.917969,-3.05176,2.50244,40.4663,1
1468.75,0.116699,0.975098,1.02588,-1.52588,1.34277,40.3442,1
1468.76,0.0795898,1.03369,1.15283,-2.38037,2.13623,39.917,1
1468.77,0.197266,0.904785,1,-1.58691,1.28174,40.7104,1
1468.78,0.230957,0.865234,0.940918,-1.95312,1.77002,40.8325,1
1468.79,0.150879,1.03467,0.99707,-2.19727,0.549316,41.0767,1
1468.8,0.188477,0.867676,1.09961,-3.23486,0.610352,40.4053,1
1468.81,0.226074,0.899902,1.08398,-1.2207,0.366211,41.2598,1
1468.82,0.208984,1.01904,1.00684,-2.74658,0.244141,40.4663,1
1468.83,0.255859,0.908691,1.00732,-4.02832,-0.976562,40.4663,1
1468.84,0.270508,0.772461,1.00049,-3.54004,-0.976562,41.2598,1
1468.85,0.240723,0.893555,1.05273,-2.56348,-1.58691,41.626,1
1468.86,0.279785,0.859375,0.97998,-4.27246,-1.95312,40.1611,1
1468.87,0.279297,0.794922,0.900391,-3.479,-1.64795,40.2222,1
1468.88,0.248047,0.845703,0.973145,-3.54004,-0.976562,39.5508,1
1468.89,0.316895,0.704102,0.935547,-4.08936,-1.95312,38.5742,1
1468.89,0.316406,0.722168,0.921875,-2.74658,-2.0752,38.6353,1
1468.9,0.300781,0.807617,0.880859,-4.3335,-0.610352,37.1094,1
1468.91,0.322266,0.629395,0.859375,-4.82178,-0.549316,36.2549,1
1468.92,0.34668,0.725586,0.867188,-4.5166,-0.305176,35.4614,1
1468.93,0.413086,0.759766,0.869629,-5.92041,-0.0610352,33.6304,1
1468.94,0.394531,0.48291,0.917969,-5.7373,0.183105,32.8979,1
1468.95,0.394531,0.724121,0.881348,-4.39453,0.0610352,31.6162,1
1468.96,0.433105,0.800781,0.918457,-7.38525,1.46484,29.48,1
1468.97,0.403809,0.373535,0.928223,-7.50732,1.95312,28.2593,1
1468.98,0.514648,0.722168,0.878418,-4.3335,1.89209,27.0386,1
1468.99,0.424316,0.744141,0.964355,-8.72803,2.80762,24.231,1
1469,0.458008,0.254883,1.05469,-7.38525,2.13623,23.6816,1
1469.01,0.516602,0.638672,0.900879,-5.85938,2.80762,21.7896,1
1469.02,0.530762,0.610352,0.936035,-9.70459,3.17383,19.165,1
1469.03,0.473633,0.229004,1.02197,-8.97217,2.74658,17.4561,1
1469.04,0.489258,0.503906,1.04883,-7.62939,2.62451,15.686,1
1469.05,0.469238,0.589355,1.03809,-11.5356,2.50244,12.8784,1
1469.06,0.451172,0.168945,1.02881,-13.0005,1.89209,11.2915,1
1469.07,0.472656,0.326172,0.921875,-11.5967,1.0376,10.1318,1
1469.08,0.58252,0.529297,0.951172,-14.9536,0.427246,6.83594,1
1469.09,0.625,-0.0419922,1.01953,-15.9302,-0.549316,5.5542,1
1469.1,0.604004,0.243164,1.04199,-12.6953,-1.34277,3.2959,1
1469.11,0.573242,0.403809,0.935547,-16.8457,-2.38037,0.244141,1
1469.12,0.611328,-0.0302734,0.856445,-15.9912,-3.35693,-1.34277,1
1469.13,0.500977,0.0327148,0.863281,-12.3291,-4.3335,-3.2959,1
1469.14,0.526855,0.195801,0.913574,-12.4512,-5.49316,-5.67627,1
1469.15,0.544922,-0.115234,0.972656,-11.1694,-5.98145,-7.26318,1
1469.16,0.516113,-0.102539,0.904297,-7.50732,-6.10352,-8.66699,1
1469.17,0.480957,0.0976562,0.933594,-7.44629,-6.71387,-11.1084,1
1469.18,0.48877,-0.184082,0.983887,-7.38525,-6.65283,-12.3291,1
1469.19,0.469238,-0.164551,0.948242,-4.02832,-6.5918,-12.6343,1
1469.2,0.423828,-0.0078125,0.906738,-4.15039,-5.61523,-14.2822,1
1469.21,0.428711,-0.26709,0.920898,-3.2959,-4.82178,-14.4653,1
1469.22,0.412109,-0.274902,0.984375,-0.976562,-3.66211,-14.4043,1
1469.23,0.40332,-0.205078,1.07227,-2.19727,-3.11279,-15.1978,1
1469.24,0.418945,-0.282715,1.19922,-3.66211,-1.83105,-14.8315,1
1469.25,0.50293,-0.235352,1.04639,-5.24902,-0.793457,-14.6484,1
1469.25,0.476562,-0.244629,1.01172,-7.56836,0.12207,-14.4043,1
1469.26,0.511719,-0.289551,1.14893,-8.91113,0.793457,-13.916,1
1469.27,0.481934,-0.25,1.25244,-9.21631,2.01416,-13.0615,1
1469.28,0.48291,-0.186523,1.31396,-10.1318,2.86865,-12.3901,1
1469.29,0.487793,-0.13916,1.23682,-11.5967,3.05176,-11.5356,1
1469.3,0.501953,-0.279785,1.13232,-12.146,2.68555,-10.6812,1
1469.31,0.525391,-0.311523,1.03076,-8.91113,2.31934,-9.0332,1
1469.32,0.500488,-0.152344,1.10889,-7.50732,2.19727,-9.15527,1
1469.33,0.464844,-0.463867,1.17334,-6.10352,1.89209,-8.42285,1
1469.34,0.43457,-0.321289,1.08887,-1.58691,0.854492,-7.20215,1
1469.35,0.453613,-0.107422,0.967285,-1.95312,0.305176,-7.56836,1
1469.36,0.507324,-0.360352,0.977539,-0.488281,-0.854492,-6.89697,1
1469.37,0.458984,-0.231445,0.98584,2.74658,-0.915527,-5.85938,1
1469.38,0.373047,-0.285156,0.930664,3.05176,-0.915527,-5.67627,1
1469.39,0.349121,-0.40625,0.935059,5.85938,-2.2583,-4.88281,1
1469.4,0.436035,-0.129395,0.895508,6.71387,-2.74658,-5.06592,1
1469.41,0.427734,-0.290039,0.933594,5.06592,-2.68555,-5.24902,1
1469.42,0.374023,-0.373047,0.892578,6.46973,-2.92969,-4.5166,1
1469.43,0.446289,-0.153809,0.841309,5.67627,-2.99072,-5.00488,1
1469.44,0.418945,-0.291504,0.937012,4.08936,-2.56348,-4.82178,1
1469.45,0.454102,-0.147461,0.931641,3.41797,-3.17383,-4.5166,1
1469.46,0.410156,-0.0805664,0.984375,-0.366211,-2.2583,-5.43213,1
1469.47,0.445801,-0.226074,1.10938,-2.44141,-1.64795,-5.37109,1
1469.48,0.508301,-0.152832,1.06055,-2.44141,-0.549316,-5.06592,1
1469.49,0.463867,-0.178711,1.00488,-3.2959,0.12207,-5.43213,1
1469.5,0.485352,-0.181641,1.02588,-3.17383,0.671387,-5.67627,1
1469.51,0.510254,-0.0874023,1.14307,-4.39453,2.44141,-6.65283,1
1469.52,0.477051,-0.185059,1.13232,-5.31006,3.54004,-6.7749,1
1469.53,0.478027,-0.188477,1.13965,-5.12695,4.21143,-7.01904,1
1469.54,0.481934,-0.213379,1.10449,-5.18799,4.76074,-7.62939,1
1469.54,0.501953,-0.255371,1.06152,-3.54004,5.18799,-7.32422,1
1469.55,0.495605,-0.130371,1.0332,-3.11279,5.37109,-7.87354,1
1469.56,0.462402,-0.294434,1.00732,-3.479,5.37109,-8.30078,1
1469.57,0.430176,-0.305176,1.01709,-1.28174,4.94385,-8.11768,1
1469.58,0.366211,-0.140137,0.992676,-1.83105,4.63867,-9.0332,1
1469.59,0.328613,-0.473633,0.875977,-0.793457,3.72314,-8.97217,1
1469.6,0.503418,-0.316406,0.851074,3.17383,2.13623,-9.09424,1
1469.61,0.519531,-0.0253906,0.92041,1.64795,1.58691,-10.2539,1
1469.62,0.376953,-0.379883,0.769531,0,0.427246,-10.437,1
1469.63,0.341309,-0.595703,0.788086,3.05176,-0.366211,-9.8877,1
1469.64,0.391602,-0.0805664,0.866211,4.76074,-0.793457,-10.1929,1
1469.65,0.505371,-0.114258,0.856934,0.732422,-1.28174,-11.6577,1
1469.66,0.486816,-0.614746,0.876465,1.15967,-2.0752,-11.1084,1
1469.67,0.449707,-0.279297,0.897461,2.31934,-2.56348,-10.3149,1
1469.68,0.425781,-0.130371,0.972656,-2.50244,-3.05176,-11.5356,1
1469.69,0.408691,-0.475586,1.03711,-3.72314,-3.66211,-11.6577,1
1469.7,0.445312,-0.317871,1.0752,-2.01416,-2.68555,-11.1084,1
1469.71,0.45752,-0.138672,1.08887,-5.00488,-2.86865,-11.7798,1
1469.72,0.538574,-0.479492,1.13184,-6.46973,-3.05176,-11.3525,1
1469.73,0.512695,-0.380859,1.12646,-4.39453,-2.01416,-10.8643,1
1469.74,0.496094,-0.160645,1.15186,-7.01904,-0.915527,-11.9019,1
1469.75,0.445312,-0.525391,1.24512,-8.36182,-0.488281,-11.9019,1
1469.76,0.436523,-0.458984,1.16943,-5.79834,0,-11.1084,1
1469.77,0.47168,-0.234863,1.03223,-6.7749,1.2207,-11.9019,1
1469.78,0.43457,-0.493652,1.06006,-7.14111,1.64795,-11.9019,1
1469.79,0.475586,-0.518555,1.04834,-4.21143,1.64795,-11.2915,1
1469.8,0.445801,-0.255859,1.06152,-4.21143,1.28174,-12.0239,1
1469.81,0.40332,-0.518555,1.00781,-5.85938,0.976562,-12.6343,1
1469.82,0.40332,-0.490234,0.976562,-2.31934,0.427246,-12.146,1
1469.83,0.41748,-0.239258,0.964355,-2.86865,0.854492,-13.3057,1
1469.83,0.412109,-0.559082,0.981445,-3.35693,0.0610352,-13.5498,1
1469.84,0.408203,-0.546875,1.01709,0.0610352,-1.15967,-13.1226,1
1469.85,0.435059,-0.250488,1.07227,-0.610352,-1.58691,-14.0381,1
1469.86,0.392578,-0.499512,1.06055,-1.77002,-2.01416,-14.6484,1
1469.87,0.438965,-0.614746,0.964844,1.58691,-2.44141,-14.0991,1
1469.88,0.483887,-0.299805,0.98291,2.2583,-2.68555,-14.8926,1
1469.89,0.508789,-0.478516,0.963867,-0.610352,-2.74658,-15.686,1
1469.9,0.54248,-0.736816,0.995117,1.40381,-2.50244,-14.5264,1
1469.91,0.508301,-0.373047,1.02734,1.95312,-2.0752,-14.7095,1
1469.92,0.49707,-0.300781,0.991699,-1.70898,-1.89209,-15.8081,1
1469.93,0.49707,-0.682617,0.999512,-1.52588,-1.77002,-14.6484,1
1469.94,0.557129,-0.371582,0.998535,-0.183105,-1.52588,-14.4043,1
1469.95,0.598633,-0.294434,0.982422,-4.5166,-0.427246,-14.9536,1
1469.96,0.502441,-0.738281,1.04932,-4.21143,0.488281,-14.2212,1
1469.97,0.387207,-0.369141,1.08252,-2.50244,1.40381,-13.9771,1
1469.98,0.274414,-0.251953,1.12354,-6.65283,2.62451,-15.0757,1
1469.99,0.298828,-0.73584,1.08154,-6.5918,3.60107,-14.7705,1
1470,0.143555,-0.524902,1.04297,-2.86865,5.43213,-13.3667,1
1470.01,-0.0307617,-0.397461,1.10742,-5.79834,6.22559,-14.5874,1
1470.02,-0.0576172,-0.67041,1.10938,-6.16455,7.50732,-14.8926,1
1470.03,-0.0429688,-0.576172,1.00928,-2.80762,9.94873,-13.9771,1
1470.04,-0.0170898,-0.491699,0.850586,-2.80762,9.8877,-14.7705,1
1470.05,-0.0605469,-0.652344,0.769531,-1.89209,9.15527,-15.3198,1
1470.06,-0.148438,-0.5625,0.848145,0.915527,10.1318,-15.0757,1
1470.07,-0.194824,-0.460938,0.790527,0.12207,11.2305,-17.0898,1
1470.08,-0.236328,-0.575195,0.606934,0.732422,10.498,-16.6016,1
1470.09,-0.322754,-0.646973,0.708496,1.46484,9.82666,-17.6392,1
1470.1,-0.239258,-0.441406,0.725586,1.83105,8.42285,-19.3481,1
1470.11,-0.20752,-0.503906,0.737793,0.976562,8.97217,-20.3247,1
1470.12,-0.227539,-0.599121,0.737793,1.28174,6.65283,-21.0571,1
1470.13,-0.240723,-0.427246,0.640137,0,5.79834,-22.3389,1
1470.14,-0.208496,-0.52002,0.881348,-1.83105,6.65283,-23.8647,1
1470.14,-0.310059,-0.64209,1.02051,-2.80762,4.94385,-23.8647,1
1470.15,-0.242676,-0.720703,0.973145,-4.15039,4.57764,-24.9634,1
1470.16,-0.199219,-0.637207,1.02441,-4.82178,4.69971,-24.8413,1
1470.17,-0.140137,-0.601074,1.01318,-7.8125,4.94385,-26.123,1
1470.18,-0.11084,-0.795898,1.06445,-8.91113,4.5166,-25.6348,1
1470.19,-0.180664,-0.746582,1.09424,-7.87354,4.5166,-24.5972,1
1470.2,-0.191895,-0.688477,1.06787,-9.70459,5.43213,-26.3062,1
1470.21,-0.218262,-0.839844,1.01953,-8.48389,5.67627,-25.8789,1
1470.22,-0.192383,-0.754883,1.00439,-7.32422,4.94385,-26.001,1
1470.23,-0.178711,-0.723145,1.14746,-8.30078,4.57764,-27.0996,1
1470.24,-0.0839844,-0.798828,1.14404,-8.42285,4.02832,-26.7944,1
1470.25,-0.0800781,-0.806641,1.11572,-6.16455,4.21143,-25.8789,1
1470.26,-0.108887,-0.656738,1.01758,-5.31006,3.54004,-26.062,1
1470.27,-0.0717773,-0.931641,0.948242,-5.24902,2.80762,-26.6113,1
1470.28,-0.0864258,-0.919922,1.03369,-1.58691,2.44141,-25.4517,1
1470.29,-0.114746,-0.65332,1.07764,-2.13623,2.01416,-26.5503,1
1470.3,-0.0927734,-0.878418,1.08838,-2.50244,1.95312,-26.6113,1
1470.31,-0.0805664,-0.795898,1.04639,-0.366211,1.40381,-25.7568,1
1470.32,-0.0922852,-0.787109,0.889648,0,1.15967,-26.001,1
1470.33,-0.130371,-0.901855,0.929688,1.46484,0,-25.8789,1
1470.34,-0.143066,-0.706543,1.04199,3.23486,1.0376,-25.3296,1
1470.35,-0.123047,-0.821289,0.960449,2.86865,2.44141,-25.9399,1
1470.36,-0.189453,-0.897461,0.89209,5.7373,1.0376,-24.1699,1
1470.37,-0.179199,-0.687012,0.906738,4.69971,1.52588,-25.2075,1
1470.38,-0.177734,-0.87793,1.06836,3.11279,1.95312,-25.0244,1
1470.39,-0.267578,-0.983398,1.00391,4.57764,2.99072,-24.353,1
1470.4,-0.263672,-0.587891,0.970703,4.45557,2.56348,-24.1699,1
1470.41,-0.29834,-0.821289,0.963379,0.854492,3.60107,-25.5127,1
1470.41,-0.303223,-1.02539,0.90918,3.90625,2.80762,-23.8647,1
1470.42,-0.316406,-0.526367,0.964844,3.479,2.80762,-24.353,1
1470.43,-0.310059,-0.697266,1.05127,0.12207,2.99072,-26.062,1
1470.44,-0.31543,-0.837402,0.934082,1.46484,1.95312,-25.2686,1
1470.45,-0.340332,-0.546875,0.88623,1.95312,1.52588,-25.2075,1
1470.46,-0.362793,-0.777832,0.993652,-1.77002,1.89209,-27.5879,1
1470.47,-0.259277,-0.931152,0.89209,2.31934,1.83105,-25.6348,1
1470.48,-0.296387,-0.582031,0.868652,1.09863,1.28174,-27.4048,1
1470.49,-0.335938,-0.906738,0.95459,0.183105,0,-28.4424,1
1470.5,-0.348145,-0.716797,0.984863,4.88281,-0.427246,-27.0386,1
1470.51,-0.246094,-0.378906,0.913086,2.13623,0,-28.8696,1
1470.52,-0.254883,-0.899902,0.89209,0.854492,-0.915527,-29.1138,1
1470.53,-0.311523,-0.925293,0.802246,5.98145,-2.01416,-27.1606,1
1470.54,-0.350098,-0.528809,0.891602,4.82178,-1.46484,-27.832,1
1470.55,-0.296387,-0.845215,0.909668,2.0752,-0.732422,-28.8696,1
1470.56,-0.217773,-0.964355,0.901855,3.41797,-1.40381,-28.1372,1
1470.57,-0.266113,-0.774902,1.08203,3.479,-1.0376,-28.8086,1
1470.58,-0.208984,-0.771973,1.05664,1.58691,-0.915527,-28.3813,1
1470.59,-0.229492,-0.905762,0.995117,1.95312,0,-27.0996,1
1470.6,-0.228516,-0.656738,0.913574,0.549316,-0.671387,-26.3672,1
1470.61,-0.310547,-0.884766,0.946289,-1.83105,1.09863,-26.2451,1
1470.62,-0.459961,-1.02588,0.951172,0.610352,1.09863,-25.0244,1
1470.63,-0.365723,-0.640625,1.04102,-0.12207,1.58691,-26.062,1
1470.64,-0.266602,-0.842285,1.1377,-2.19727,2.31934,-26.062,1
1470.65,-0.260254,-1.04688,1.06934,-0.12207,1.15967,-24.7192,1
1470.66,-0.269531,-0.731934,0.947266,-0.671387,0.854492,-25.2686,1
1470.67,-0.268066,-0.825684,0.95459,-1.58691,2.80762,-25.4517,1
1470.68,-0.297852,-0.82959,1.02246,0.12207,2.50244,-24.4751,1
1470.69,-0.288086,-0.766113,0.958496,0.183105,2.2583,-25.0854,1
1470.7,-0.273438,-0.773438,0.937012,0.549316,1.95312,-25.2075,1
1470.7,-0.30957,-0.82959,0.922363,0.366211,1.70898,-25.4517,1
1470.71,-0.258301,-0.79248,0.953125,1.70898,1.58691,-24.6582,1
1470.72,-0.263672,-0.759766,0.958008,0.549316,1.28174,-26.2451,1
1470.73,-0.272949,-0.995117,0.882324,1.95312,0.549316,-25.8179,1
1470.74,-0.28125,-0.737305,0.925293,4.15039,0.244141,-25.2686,1
1470.75,-0.272949,-0.722168,1.00342,1.34277,0.0610352,-26.6113,1
1470.76,-0.225586,-0.991699,1.06885,2.19727,0,-25.9399,1
1470.77,-0.225098,-0.834961,1.00781,4.02832,-0.183105,-24.9023,1
1470.78,-0.241211,-0.757324,0.925781,2.62451,0.12207,-26.123,1
1470.79,-0.277832,-0.894531,0.900879,2.31934,-0.610352,-26.123,1
1470.8,-0.283691,-0.881836,0.910156,3.78418,-0.427246,-25.5127,1
1470.81,-0.276367,-0.781738,0.956055,2.68555,-0.244141,-25.9399,1
1470.82,-0.292969,-0.972168,1.02734,1.15967,-0.549316,-26.7334,1
1470.83,-0.255371,-0.873535,0.987793,3.17383,-0.854492,-24.9634,1
1470.84,-0.28418,-0.820312,1.06348,1.09863,0.12207,-26.6113,1
1470.85,-0.26709,-0.855469,1.02832,1.77002,-0.549316,-25.8789,1
1470.86,-0.270508,-0.803223,0.958008,1.40381,-0.183105,-25.8789,1
1470.87,-0.288086,-0.821289,0.965332,0.976562,-0.793457,-25.9399,1
1470.88,-0.282227,-0.872559,1.00977,-0.671387,-0.915527,-27.0996,1
1470.89,-0.257812,-1.0332,0.994141,0.854492,-0.366211,-25.8179,1
1470.9,-0.309082,-0.723145,1.02002,0.793457,-0.732422,-25.9399,1
1470.91,-0.283203,-0.864746,1.00488,-1.89209,-0.610352,-27.3438,1
1470.92,-0.276855,-0.978027,0.94043,1.09863,-0.549316,-25.6348,1
1470.93,-0.286621,-0.658203,0.971191,0.12207,-0.488281,-26.9775,1
1470.94,-0.266113,-0.916992,0.984863,-2.13623,-0.793457,-27.5269,1
1470.95,-0.209473,-0.915527,0.984375,1.09863,-0.244141,-25.8179,1
1470.96,-0.23877,-0.713867,0.917969,0.427246,0.366211,-26.4282,1
1470.97,-0.259766,-0.873047,0.935059,-0.0610352,0,-26.6724,1
1470.98,-0.306152,-0.894531,0.912109,1.64795,-0.12207,-25.7568,1
1470.99,-0.317383,-0.793457,0.918945,1.52588,0.549316,-26.4893,1
1471,-0.276367,-0.837402,0.934082,0.793457,0.793457,-27.2217,1
1471.01,-0.231445,-0.81543,0.9375,1.40381,1.34277,-26.3062,1
1471.02,-0.263672,-0.806641,0.967285,0.915527,1.2207,-26.4282,1
1471.03,-0.294922,-0.875977,0.953125,1.52588,1.89209,-25.8789,1
1471.04,-0.288086,-0.791016,0.937988,1.89209,2.38037,-25.9399,1
1471.04,-0.306152,-0.772461,0.953125,1.89209,3.05176,-25.8789,1
1471.05,-0.268555,-0.841797,0.924316,1.77002,3.11279,-26.123,1
1471.06,-0.323242,-0.926758,0.943848,1.95312,2.99072,-26.3062,1
1471.07,-0.29248,-0.844727,0.938965,2.44141,3.90625,-26.062,1
1471.08,-0.299805,-0.821289,1.01465,2.13623,4.39453,-26.5503,1
1471.09,-0.253418,-0.809082,0.920898,2.44141,3.96729,-25.9399,1
1471.1,-0.239258,-0.673828,0.951172,2.62451,4.08936,-26.3062,1
1471.11,-0.352051,-0.818848,0.871582,3.23486,4.69971,-26.3672,1
1471.12,-0.314941,-0.75,0.849121,3.35693,4.21143,-26.6724,1
1471.13,-0.248535,-0.710938,0.850586,2.0752,4.88281,-27.3438,1
1471.14,-0.214355,-0.905762,0.941895,1.83105,4.08936,-27.6489,1
1471.15,-0.243652,-0.80957,0.916016,2.31934,2.80762,-28.1372,1
1471.16,-0.286133,-0.694336,0.882812,1.64795,3.90625,-28.7476,1
1471.17,-0.233398,-0.837891,0.809082,0.488281,3.78418,-29.2358,1
1471.18,-0.167969,-0.728027,0.876953,1.34277,2.44141,-28.8696,1
1471.19,-0.125977,-0.731445,0.89209,-0.427246,2.38037,-30.6396,1
1471.2,-0.189941,-1.08008,0.923828,1.40381,2.19727,-29.2969,1
1471.21,-0.1875,-0.76123,0.930176,2.0752,1.09863,-29.8462,1
1471.22,-0.163086,-0.818359,0.925293,-2.01416,1.46484,-32.1655,1
1471.23,-0.124512,-1.06982,0.899414,0.610352,1.34277,-30.2734,1
1471.24,-0.135254,-0.650391,0.911133,0.549316,0.12207,-31.25,1
1471.25,-0.135742,-0.740723,0.977539,-2.38037,0,-32.5317,1
1471.26,-0.141602,-1.02295,0.969238,-0.549316,0.183105,-31.1279,1
1471.27,-0.178711,-0.80957,0.913086,-0.0610352,0.183105,-30.9448,1
1471.28,-0.133789,-0.853516,0.964355,-2.0752,-0.0610352,-32.2266,1
1471.29,-0.128906,-1.06982,0.986816,-1.28174,0.0610352,-31.6162,1
1471.3,-0.15332,-0.758789,0.982422,-0.244141,-0.732422,-31.6162,1
1471.31,-0.181641,-0.780273,0.936523,-4.21143,-0.488281,-33.7524,1
1471.32,-0.175781,-1.12061,0.92041,-1.58691,-0.244141,-31.5552,1
1471.33,-0.150879,-0.658691,0.962891,0.427246,-0.854492,-31.8604,1
1471.34,-0.131836,-0.885254,1.01172,-3.2959,-0.366211,-33.2031,1
1471.35,-0.142578,-1.26709,1.09814,1.15967,-1.09863,-31.1279,1
1471.36,-0.144531,-0.671875,1.05469,2.01416,-0.915527,-31.5552,1
1471.37,-0.152344,-0.969238,0.947754,-2.0752,-0.244141,-32.959,1
1471.37,-0.123047,-1.104,0.94873,2.62451,-1.15967,-31.189,1
1471.38,-0.161621,-0.737305,0.969238,1.83105,-0.793457,-33.2031,1
1471.39,-0.126953,-1.01758,0.973633,0.488281,-1.09863,-32.6538,1
1471.4,-0.146973,-0.947266,1.021,2.68555,-1.40381,-31.5552,1
1471.41,-0.141113,-0.751465,1.06689,0.183105,-1.2207,-32.7759,1
1471.42,-0.11084,-1.05518,1.04004,-0.549316,-0.793457,-32.4097,1
1471.43,-0.0893555,-0.910645,0.956543,1.89209,-1.2207,-30.9448,1
1471.44,-0.144043,-0.835449,0.992676,-1.15967,-1.52588,-32.8369,1
1471.45,-0.163086,-1.1792,1.02686,-0.183105,-1.77002,-31.7993,1
1471.46,-0.10498,-0.848633,1.00977,2.13623,-1.0376,-31.0669,1
1471.47,-0.10791,-0.797852,1.03564,-0.915527,-0.427246,-32.4707,1
1471.48,-0.0913086,-1.1123,0.998535,0.915527,-1.2207,-30.9448,1
1471.49,-0.160156,-0.877441,1.02393,1.70898,-1.09863,-31.0669,1
1471.5,-0.102051,-0.749023,1.00732,-0.610352,-0.671387,-31.4941,1
1471.51,-0.134277,-1.10059,1.00293,0,-0.0610352,-30.0903,1
1471.52,-0.109375,-0.910645,1.00977,2.68555,-0.427246,-29.6021,1
1471.53,-0.121582,-0.826172,1.00732,0.12207,0.183105,-31.3721,1
1471.54,-0.0712891,-1.14307,0.97168,1.83105,0.610352,-29.6021,1
1471.55,-0.128906,-0.794434,0.97168,3.60107,-0.183105,-29.2358,1
1471.56,-0.123535,-0.816895,1.02637,0.793457,0.793457,-30.3955,1
1471.57,-0.0913086,-0.96582,0.952637,2.2583,0.854492,-28.7476,1
1471.58,-0.138672,-0.817871,0.956055,1.77002,1.09863,-29.2969,1
1471.59,-0.090332,-0.900879,0.975098,0.488281,0.549316,-28.9917,1
1471.6,-0.0805664,-0.888672,0.973633,1.09863,0.915527,-28.1372,1
1471.61,-0.134277,-0.927734,1.01904,0.976562,1.77002,-28.6255,1
1471.62,-0.090332,-0.821289,0.972168,2.44141,1.09863,-27.6489,1
1471.63,-0.13623,-0.946289,0.922852,1.52588,1.89209,-28.3203,1
1471.64,-0.111328,-0.918945,0.979492,4.27246,1.46484,-27.2217,1
1471.65,-0.130371,-0.762207,0.956543,3.60107,2.62451,-28.1982,1
1471.66,-0.111816,-0.906738,0.930176,4.69971,2.31934,-27.2827,1
1471.66,-0.12207,-0.794922,0.934082,5.61523,1.83105,-27.4658,1
1471.67,-0.110352,-0.874512,0.887695,5.18799,2.38037,-27.9541,1
1471.68,-0.0849609,-0.896484,0.964844,6.46973,2.31934,-27.3438,1
1471.69,-0.0722656,-0.785156,0.92334,5.67627,2.13623,-27.5269,1
1471.7,-0.0805664,-0.959473,0.937012,5.61523,2.31934,-27.3438,1
1471.71,-0.121582,-0.713867,0.939941,7.62939,1.34277,-27.0386,1
1471.72,-0.0996094,-0.733887,0.884766,3.96729,1.95312,-28.6865,1
1471.73,-0.0776367,-0.925293,0.869629,6.28662,1.2207,-26.9775,1
1471.74,-0.0600586,-0.648926,0.869629,3.479,0.915527,-28.7476,1
1471.75,-0.0664062,-0.966309,0.930664,1.83105,0.793457,-28.5645,1
1471.76,-0.0898438,-0.774902,0.972656,3.66211,0.793457,-27.0996,1
1471.77,-0.0864258,-0.651367,0.979492,-0.793457,0.488281,-29.3579,1
1471.78,-0.0537109,-1.0083,0.920898,-0.0610352,0.244141,-27.771,1
1471.79,-0.0297852,-0.736816,0.924316,1.46484,0.305176,-27.6489,1
1471.8,-0.00195312,-0.818359,0.942871,-1.64795,0.427246,-28.9917,1
1471.81,0.0288086,-0.971191,0.956543,0.610352,0.0610352,-27.5269,1
1471.82,-0.00976562,-0.735352,0.96875,0.305176,0.12207,-28.0151,1
1471.83,-0.0141602,-0.812012,0.92041,-1.58691,-0.366211,-28.6255,1
1471.84,0.0195312,-0.851562,0.953613,-0.244141,-0.671387,-27.0996,1
1471.85,-0.0219727,-0.77832,0.958008,-0.12207,0,-27.2827,1
1471.86,-9.765625e-04,-0.895508,0.959473,0,-0.305176,-27.4048,1
1471.87,0.0258789,-0.844238,0.983887,1.2207,-0.671387,-26.4893,1
1471.88,0.0307617,-0.856934,0.992188,0.366211,-0.427246,-27.2217,1
1471.89,0.0585938,-0.777832,0.957031,0.915527,-0.732422,-26.3062,1
1471.9,0.0546875,-0.807129,0.997559,-0.427246,-0.488281,-26.8555,1
1471.91,0.0932617,-0.874512,0.978027,0.671387,-0.549316,-25.9399,1
1471.92,0.0834961,-0.766602,0.897461,1.52588,0,-25.3906,1
1471.92,0.0986328,-0.870117,0.946777,1.15967,0,-26.1841,1
1471.94,0.12793,-0.897949,1.02979,2.44141,-0.732422,-24.8413,1
1471.95,0.160156,-0.74707,1.04443,2.38037,-0.305176,-24.4751,1
1471.95,0.123535,-0.843262,1.05029,1.40381,-0.183105,-25.0244,1
1471.96,0.111816,-0.83252,1.00586,3.2959,-0.12207,-23.9868,1
1471.97,0.152832,-0.699707,0.930176,3.05176,0.305176,-24.1699,1
1471.98,0.168945,-0.801758,0.988281,2.92969,-0.427246,-24.353,1
1471.99,0.204102,-0.820312,1.0083,4.45557,-0.610352,-23.3765,1
1472,0.21582,-0.665527,1.0293,5.06592,-0.305176,-22.9492,1
1472.01,0.184082,-0.743164,1.00244,3.72314,-0.183105,-23.8647,1
1472.02,0.154785,-0.855957,0.952148,5.18799,-0.610352,-22.3389,1
1472.03,0.137695,-0.625488,0.907227,6.34766,-0.610352,-21.7896,1
1472.04,0.132324,-0.696777,0.952637,5.49316,-0.366211,-22.7051,1
1472.05,0.274902,-0.847168,1.00146,8.11768,-0.549316,-21.3623,1
1472.06,0.328125,-0.5,0.984375,8.60596,-0.244141,-20.9961,1
1472.07,0.209473,-0.689453,0.911621,4.69971,-0.0610352,-21.1182,1
1472.08,0.11084,-0.870117,0.929688,6.83594,-0.488281,-19.043,1
1472.09,0.0898438,-0.488281,0.976074,6.10352,0.0610352,-19.2261,1
1472.1,0.201172,-0.559082,0.97998,3.11279,0,-19.8364,1
1472.11,0.246582,-0.722656,0.940918,4.3335,-0.244141,-18.4937,1
1472.12,0.271484,-0.492676,0.905273,4.76074,-0.12207,-18.0664,1
1472.13,0.234863,-0.457031,0.883789,2.44141,-0.0610352,-18.2495,1
1472.14,0.189453,-0.75293,0.979492,2.2583,-0.244141,-17.8223,1
1472.15,0.167969,-0.664551,0.990234,4.21143,-0.488281,-16.4185,1
1472.16,0.16748,-0.548828,0.994629,2.0752,-0.488281,-17.8833,1
1472.17,0.242188,-0.725098,1.0415,1.83105,-0.610352,-17.395,1
1472.18,0.286133,-0.527832,1.00732,2.44141,-0.976562,-16.9678,1
1472.19,0.28418,-0.593262,0.974609,0.610352,-0.732422,-17.6392,1
1472.2,0.290527,-0.644531,1.01318,1.70898,-1.46484,-16.6016,1
1472.21,0.209961,-0.633301,1.04883,1.09863,-0.854492,-17.4561,1
1472.22,0.181152,-0.705566,1.0332,2.31934,-1.2207,-16.7236,1
1472.23,0.219727,-0.502441,1.07617,2.01416,-1.2207,-17.5781,1
1472.24,0.29834,-0.69043,1.06934,0.732422,-0.732422,-18.1885,1
1472.25,0.291016,-0.647461,1.04297,2.86865,-1.46484,-17.2119,1
1472.26,0.276367,-0.527832,0.964355,1.0376,-1.2207,-18.7988,1
1472.27,0.299316,-0.755859,0.990723,1.34277,-1.34277,-18.2495,1
1472.28,0.279297,-0.537109,1.05713,2.19727,-1.40381,-18.3716,1
1472.28,0.291992,-0.52832,1.05225,0.0610352,-1.15967,-19.3481,1
1472.29,0.274414,-0.729492,0.996582,0.671387,-1.09863,-19.104,1
1472.3,0.275879,-0.560547,1.03711,0.854492,-1.46484,-19.4092,1
1472.31,0.302246,-0.637695,1.08984,0,-1.0376,-20.5078,1
1472.32,0.348145,-0.636719,1.02783,2.01416,-1.70898,-19.5923,1
1472.33,0.423828,-0.515625,1.00293,1.2207,-1.58691,-21.0571,1
1472.34,0.361816,-0.634766,1.04639,0.183105,-0.854492,-21.3623,1
1472.35,0.256348,-0.599121,1.05859,1.0376,-1.0376,-20.5078,1
1472.36,0.282227,-0.636719,1.08154,0.793457,-0.854492,-21.6675,1
1472.37,0.359863,-0.583008,1.01318,2.50244,-0.976562,-21.0571,1
1472.38,0.400879,-0.608887,0.993164,2.31934,-0.244141,-21.7896,1
1472.39,0.383789,-0.660645,1.01172,2.50244,-0.976562,-21.8506,1
1472.4,0.344238,-0.623047,0.985352,2.2583,-0.671387,-21.6675,1
1472.41,0.332031,-0.585449,1.01123,1.46484,-0.488281,-22.2778,1
1472.42,0.317871,-0.655762,1.04199,1.70898,-0.305176,-22.1558,1
1472.43,0.310547,-0.602539,0.988281,2.74658,-0.183105,-21.6064,1
1472.44,0.32373,-0.563965,0.935547,1.58691,-0.366211,-22.2168,1
1472.45,0.329102,-0.660645,0.973633,1.77002,-0.366211,-22.0947,1
1472.46,0.318848,-0.49707,0.919922,1.77002,-0.305176,-22.0337,1
1472.47,0.320801,-0.700195,0.914551,0.12207,-0.305176,-22.583,1
1472.48,0.327148,-0.755859,1.04932,2.44141,-0.610352,-21.6064,1
1472.49,0.27002,-0.485352,1.08887,1.15967,0,-22.4609,1
1472.5,0.260254,-0.702637,1.02588,-1.64795,0.366211,-22.8271,1
1472.51,0.254883,-0.688477,0.954102,-0.366211,0.12207,-21.3623,1
1472.52,0.227539,-0.619629,0.96582,-2.2583,0.732422,-22.7661,1
1472.53,0.208984,-0.811523,0.995117,-1.28174,0.976562,-22.3389,1
1472.54,0.110352,-0.731445,1.11328,-0.244141,2.13623,-22.522,1
1472.55,0.0424805,-0.614258,1.10498,-0.976562,1.95312,-22.7051,1
1472.56,-0.0244141,-0.676758,0.966309,-2.13623,2.74658,-22.9492,1
1472.57,-0.0375977,-0.708008,0.868164,-1.46484,2.50244,-22.2778,1
1472.58,-0.0219727,-0.731445,0.956055,-1.34277,3.17383,-22.8882,1
1472.59,-0.0463867,-0.742676,0.991699,0.244141,4.08936,-22.4609,1
1472.6,-0.0786133,-0.71582,1.02979,1.0376,4.21143,-22.8271,1
1472.61,-0.0551758,-0.649902,0.966309,0.915527,4.21143,-23.6816,1
1472.62,-0.111328,-0.676758,0.883789,1.2207,5.43213,-23.3765,1
1472.63,-0.141113,-0.702637,0.86084,1.34277,4.39453,-23.6816,1
1472.63,-0.150391,-0.746094,0.830078,1.95312,4.63867,-24.292,1
1472.64,-0.193848,-0.62793,0.925293,3.66211,5.18799,-23.7427,1
1472.65,-0.200684,-0.718262,0.945801,2.31934,5.12695,-25.6958,1
1472.66,-0.165039,-0.759277,0.946289,4.08936,4.94385,-24.7192,1
1472.67,-0.148926,-0.557129,0.983887,2.99072,4.76074,-25.6348,1
1472.68,-0.103027,-0.714844,0.921875,0.976562,4.08936,-26.7334,1
1472.69,-0.147949,-0.706055,0.922363,2.2583,3.96729,-25.5127,1
1472.7,-0.20166,-0.592285,0.862793,1.40381,3.72314,-26.2451,1
1472.71,-0.203613,-0.794922,0.903809,0.366211,3.479,-27.4658,1
1472.72,-0.164062,-0.687988,1.02539,2.01416,3.05176,-26.2451,1
1472.73,-0.160156,-0.716309,1.10205,-1.0376,3.23486,-28.3203,1
1472.74,-0.155762,-0.925293,1.06982,0.0610352,2.80762,-27.3438,1
1472.75,-0.138672,-0.616699,0.97168,0.793457,2.92969,-27.6489,1
1472.76,-0.131348,-0.696289,0.92041,-2.31934,2.86865,-29.3579,1
1472.77,-0.135742,-0.872559,0.887695,-0.366211,2.01416,-27.71,1
1472.78,-0.120605,-0.624023,1.00879,-0.305176,1.64795,-28.5034,1
1472.79,-0.102539,-0.797363,1.09766,-1.83105,2.13623,-29.0527,1
1472.8,-0.101562,-0.850098,1.12158,0,1.46484,-27.8931,1
1472.81,-0.0947266,-0.726562,1.0376,-0.549316,1.2207,-28.7476,1
1472.82,-0.0654297,-0.852539,0.966797,-0.427246,1.0376,-28.8696,1
1472.83,-0.0629883,-0.859863,0.973145,0.610352,0.549316,-28.5645,1
1472.84,-0.0488281,-0.72168,0.981445,0.366211,0.732422,-28.8086,1
1472.85,-0.059082,-0.815918,1.04932,-1.2207,0.732422,-29.2358,1
1472.86,0.0146484,-0.861816,1.11768,-0.976562,-0.0610352,-28.4424,1
1472.87,0.15332,-0.856934,1.07715,-1.89209,0,-28.8086,1
1472.88,0.186035,-0.844727,1.03467,-1.34277,-0.732422,-28.2593,1
1472.89,0.191895,-0.71582,1.07764,-2.13623,-1.40381,-28.7476,1
1472.9,0.127441,-0.817871,1.03857,-2.86865,-1.58691,-29.1138,1
1472.91,0.138184,-0.891602,1.01758,-1.34277,-1.58691,-27.9541,1
1472.92,0.142578,-0.78125,1.07324,-1.89209,-1.83105,-28.0762,1
1472.92,0.15625,-0.921387,1.07715,-3.05176,-2.0752,-28.6255,1
1472.93,0.172363,-0.921387,1.14697,-0.915527,-2.38037,-27.4658,1
1472.94,0.198242,-0.643555,1.05615,-0.854492,-2.44141,-28.0762,1
1472.95,0.264648,-0.822266,0.940918,-1.77002,-2.01416,-28.3203,1
1472.96,0.244629,-0.858398,0.965332,-0.12207,-2.44141,-27.0996,1
1472.97,0.154297,-0.808594,0.978516,-0.488281,-1.0376,-26.9165,1
1472.98,0.0566406,-0.880371,0.941895,-0.915527,-1.0376,-26.9775,1
1472.99,-0.0200195,-0.866211,0.991211,0.183105,-0.549316,-25.7568,1
1473,-0.0522461,-0.666504,0.979492,0.549316,0.0610352,-25.7568,1
1473.01,-0.0253906,-0.787598,0.911621,-0.488281,0.244141,-26.6113,1
1473.02,0.0107422,-0.836426,0.870117,1.77002,1.34277,-24.5361,1
1473.03,-0.0424805,-0.763672,0.974121,0.976562,2.0752,-25.0854,1
1473.04,-0.0205078,-0.772949,0.835938,0.915527,2.44141,-24.7192,1
1473.05,-0.0405273,-0.736816,0.918457,1.28174,3.60107,-24.1699,1
1473.06,-0.0859375,-0.822754,1.06934,1.0376,3.54004,-24.4141,1
1473.07,-0.0688477,-0.723145,1.00537,2.99072,3.66211,-23.4985,1
1473.08,-0.162109,-0.660156,0.701172,2.01416,4.94385,-23.8037,1
1473.09,-0.223145,-0.862305,0.768555,1.2207,4.39453,-24.6582,1
1473.1,-0.201172,-0.737793,0.909668,3.35693,5.43213,-23.4375,1
1473.11,-0.162598,-0.60498,0.931641,1.77002,5.92041,-24.4751,1
1473.12,-0.13916,-0.844238,0.92041,0.732422,4.57764,-25.0244,1
1473.13,-0.134766,-0.703613,0.855469,2.2583,4.69971,-24.1089,1
1473.14,-0.152832,-0.607422,0.825195,0.12207,4.3335,-25.8179,1
1473.15,-0.165039,-0.835938,0.856934,-0.183105,4.08936,-26.3062,1
1473.16,-0.169434,-0.638672,0.89502,1.0376,4.02832,-25.6958,1
1473.17,-0.204102,-0.620117,0.925293,-1.77002,4.08936,-27.6489,1
1473.18,-0.186523,-0.855957,0.919434,-1.77002,2.92969,-27.3438,1
1473.19,-0.200684,-0.755859,0.978027,0.244141,3.17383,-26.3672,1
1473.2,-0.168945,-0.810059,1.03027,-2.01416,3.479,-28.8696,1
1473.2,-0.146484,-0.839844,0.953613,-0.305176,3.17383,-27.5269,1
1473.21,-0.140625,-0.742676,0.95166,-1.0376,3.54004,-28.4424,1
1473.22,-0.17041,-0.804688,0.935547,0.0610352,3.05176,-27.6489,1
1473.23,-0.167969,-0.733887,0.958496,-0.244141,3.2959,-28.3203,1
1473.24,-0.170898,-0.890137,1.05225,-0.12207,3.2959,-28.6255,1
1473.25,-0.18457,-0.805664,0.97998,1.64795,3.2959,-27.5269,1
1473.26,-0.181152,-0.663086,0.932129,0.427246,2.92969,-28.8086,1
1473.27,-0.14209,-0.796387,0.897949,-0.12207,3.2959,-29.1138,1
1473.28,-0.14209,-0.821777,0.883301,1.83105,3.35693,-27.9541,1
1473.29,-0.130859,-0.739258,0.901367,1.58691,2.62451,-28.6255,1
1473.3,-0.154785,-0.844238,1.00342,1.46484,2.50244,-28.9917,1
1473.31,-0.154297,-0.866211,1.00391,2.50244,2.74658,-28.5034,1
1473.32,-0.16748,-0.749023,0.943848,3.05176,2.92969,-28.4424,1
1473.33,-0.172363,-0.825195,0.925293,1.2207,2.86865,-29.6631,1
1473.34,-0.149902,-0.894531,0.945801,2.0752,2.56348,-28.8086,1
1473.35,-0.134766,-0.671875,0.977539,2.38037,3.11279,-28.5645,1
1473.36,-0.117676,-0.740234,1.00586,0.244141,2.86865,-29.7852,1
1473.37,-0.145508,-0.953613,0.904785,2.01416,2.38037,-28.6865,1
1473.38,-0.155762,-0.756836,0.929199,3.66211,2.13623,-28.3203,1
1473.39,-0.15332,-0.771973,0.925293,1.40381,1.83105,-30.0293,1
1473.4,-0.127441,-0.962891,0.910645,2.31934,1.95312,-29.48,1
1473.41,-0.125488,-0.629883,0.939941,2.56348,1.64795,-29.48,1
1473.42,-0.13623,-0.860352,0.957031,-0.183105,2.19727,-30.4565,1
1473.43,-0.130859,-0.894531,0.929688,2.86865,1.46484,-28.7476,1
1473.44,-0.163086,-0.684082,0.918457,1.70898,1.89209,-29.9683,1
1473.45,-0.161133,-0.875977,0.981934,0.976562,0.976562,-30.5176,1
1473.46,-0.147461,-0.858398,0.974609,2.68555,1.09863,-29.2969,1
1473.47,-0.120605,-0.749023,0.929688,1.58691,1.15967,-30.3345,1
1473.48,-0.126953,-0.91748,0.935059,0.976562,1.2207,-30.6396,1
1473.49,-0.160645,-0.811523,0.907715,3.17383,0.854492,-29.541,1
1473.5,-0.14502,-0.788086,0.907227,1.15967,0.549316,-31.4331,1
1473.51,-0.131348,-0.90332,0.980957,2.56348,0.488281,-30.2124,1
1473.52,-0.143066,-0.789551,1.02588,1.15967,0.488281,-31.189,1
1473.53,-0.0810547,-0.884277,0.968262,0.915527,0.732422,-30.7007,1
1473.54,-0.105957,-0.831055,0.988281,0.854492,0.427246,-30.7007,1
1473.54,-0.0825195,-0.930664,0.933594,0.427246,-0.305176,-31.189,1
1473.55,-0.121094,-0.694336,0.917969,2.38037,-0.549316,-30.3345,1
1473.56,-0.100586,-0.908691,0.949219,0,0.305176,-31.9824,1
1473.57,-0.0678711,-0.89502,0.935059,3.78418,-0.671387,-30.4565,1
1473.58,-0.11377,-0.692383,0.995117,0.671387,-0.244141,-32.3486,1
1473.59,-0.0683594,-1.06201,0.958984,0.488281,-0.610352,-31.1279,1
1473.6,-0.0849609,-0.899414,0.991211,2.62451,-0.793457,-30.2734,1
1473.61,-0.0991211,-0.776367,1.0332,0,-0.976562,-32.1655,1
1473.62,-0.0917969,-0.971191,0.947266,1.15967,-0.793457,-31.0669,1
1473.63,-0.0654297,-0.702148,0.907715,2.38037,-0.854492,-30.9448,1
1473.64,-0.0561523,-0.905762,0.979492,-0.305176,-0.915527,-31.7383,1
1473.65,0.0292969,-0.932129,0.977539,1.70898,-1.34277,-30.6396,1
1473.66,0.0473633,-0.833984,1.02734,0.12207,-0.12207,-31.6162,1
1473.67,0.00439453,-1.01221,0.997559,1.2207,-1.09863,-30.5786,1
1473.68,0.00244141,-0.83252,0.902832,1.28174,-1.95312,-30.9448,1
1473.69,-0.0336914,-0.942871,0.973145,0,-0.732422,-31.5552,1
1473.7,-0.00244141,-0.79834,1.00146,0.915527,-1.34277,-30.0903,1
1473.71,0.0205078,-0.809082,0.974121,-1.95312,-0.793457,-30.9448,1
1473.72,0.0244141,-1.12207,1.1001,-0.732422,-1.83105,-29.48,1
1473.73,0.0366211,-0.765137,1.05518,1.58691,-1.28174,-28.9917,1
1473.74,0.0317383,-0.847168,0.974121,-1.58691,-0.671387,-30.3955,1
1473.75,0.0170898,-1.05762,0.960938,1.70898,-1.64795,-28.9307,1
1473.76,0.0224609,-0.723145,1.00244,0.915527,-1.2207,-30.2124,1
1473.77,0.0488281,-0.942383,0.942871,0.12207,-0.793457,-29.1748,1
1473.78,0.0288086,-1.02979,0.992676,2.74658,-0.671387,-28.1982,1
1473.78,0.0751953,-0.819336,1.01953,1.95312,-0.366211,-28.7476,1
1473.79,0.046875,-0.850586,0.944336,2.44141,0,-27.8931,1
1473.8,-0.0307617,-0.936035,1,2.44141,0,-27.5879,1
1473.81,0.0175781,-0.751953,0.967773,2.92969,-0.610352,-27.4048,1
1473.82,0.0185547,-0.887695,0.979492,0.976562,0.915527,-27.6489,1
1473.83,0.012207,-1.02979,0.995117,2.68555,0.427246,-26.4282,1
1473.84,0.0498047,-0.664062,0.998047,3.54004,0.549316,-26.8555,1
1473.85,0.0883789,-0.783203,0.924805,1.0376,1.2207,-27.5269,1
1473.86,0.074707,-0.989258,0.938965,3.35693,0.427246,-25.8179,1
1473.87,0.03125,-0.746582,0.955566,2.74658,0.366211,-26.6724,1
1473.88,0.0478516,-0.944824,1.00488,0.915527,0.610352,-26.6724,1
1473.89,0.0571289,-0.915527,1.02686,2.86865,1.0376,-25.5127,1
1473.9,0.0512695,-0.700684,1.021,2.0752,1.34277,-26.2451,1
1473.91,0.0742188,-0.959961,0.971191,1.15967,0.793457,-26.6113,1
1473.92,0.112793,-0.736816,0.96582,3.84521,0.244141,-25.7568,1
1473.93,0.11084,-0.730957,0.956055,0.610352,1.40381,-26.6113,1
1473.94,0.0820312,-0.996094,0.98291,1.40381,0.0610352,-25.7568,1
1473.95,0.0712891,-0.802734,0.988281,2.13623,0.793457,-25.6348,1
1473.96,0.0615234,-0.766113,1.00488,1.34277,0.976562,-26.1841,1
1473.97,0.103027,-0.857422,0.969238,0.915527,0.366211,-26.3672,1
1473.98,0.12207,-0.767578,0.949219,1.2207,0.0610352,-25.9399,1
1473.99,0.121582,-0.750488,0.964844,0.12207,0.183105,-26.4282,1
1474,0.0917969,-0.807617,0.934082,0.610352,0.12207,-26.123,1
1474.01,0.117188,-0.819336,0.927734,1.2207,0.366211,-26.2451,1
1474.02,0.150879,-0.725586,0.927246,1.28174,0,-26.2451,1
1474.03,0.15332,-0.883789,1.01025,0.671387,-0.183105,-26.6113,1
1474.04,0.111328,-0.801758,1.02441,2.31934,-0.305176,-25.2686,1
1474.05,0.0981445,-0.757812,1.00342,0.915527,-0.12207,-26.2451,1
1474.06,0.112305,-0.907715,0.946777,2.01416,0.12207,-25.6348,1
1474.07,0.171387,-0.69873,0.976074,3.17383,-0.12207,-25.6958,1
1474.07,0.203613,-0.743652,0.969238,2.13623,0.183105,-26.3672,1
1474.08,0.180176,-0.816406,0.999023,3.84521,-0.244141,-24.9023,1
1474.09,0.14502,-0.724609,0.976074,2.99072,0,-25.6958,1
1474.1,0.153809,-0.843262,0.931641,2.68555,0.183105,-25.2686,1
1474.11,0.146973,-0.802246,0.948242,2.74658,0.12207,-24.9634,1
1474.12,0.175781,-0.752441,1.01025,1.64795,-0.366211,-25.3906,1
1474.13,0.175781,-0.773438,1.01758,1.40381,0.183105,-25.4517,1
1474.14,0.184082,-0.768066,0.977539,1.77002,0.244141,-25.2075,1
1474.15,0.19873,-0.726074,0.963379,1.89209,0,-25.0244,1
1474.16,0.200684,-0.65625,0.983887,0.488281,0,-25.4517,1
1474.17,0.182617,-0.81543,1.00635,-0.0610352,-0.305176,-25.4517,1
1474.18,0.191895,-0.755859,0.979004,1.09863,-0.305176,-24.5972,1
1474.19,0.20459,-0.691895,0.964355,-0.427246,-0.305176,-25.6958,1
1474.2,0.225586,-0.858887,0.975098,-0.793457,-0.366211,-25.7568,1
1474.21,0.217285,-0.706543,1.0083,0.305176,-0.549316,-24.8413,1
1474.22,0.175293,-0.669434,1.01367,-1.28174,-0.305176,-26.001,1
1474.23,0.213379,-0.81543,0.96875,-0.12207,-0.427246,-25.5737,1
1474.24,0.239746,-0.708008,0.955078,1.64795,-0.488281,-24.8413,1
1474.25,0.27832,-0.69043,0.978516,0.610352,-0.671387,-25.8789,1
1474.26,0.288086,-0.814453,1.01416,1.0376,-0.854492,-25.5737,1
1474.27,0.261719,-0.717285,0.942383,1.95312,-0.610352,-25.0244,1
1474.28,0.251953,-0.649902,0.846191,1.2207,-0.671387,-25.8179,1
1474.29,0.308594,-0.789062,0.951172,1.2207,-0.976562,-25.8179,1
1474.3,0.319824,-0.717285,1.04834,1.89209,-0.976562,-25.4517,1
1474.31,0.274414,-0.6875,0.966797,1.28174,-0.183105,-25.7568,1
1474.32,0.25,-0.84082,0.93457,1.95312,0.0610352,-25.0244,1
1474.33,0.279297,-0.685059,0.983398,2.31934,-0.671387,-24.9634,1
1474.34,0.330078,-0.632324,0.970703,0,0,-25.6348,1
1474.35,0.275879,-0.739258,1.02881,-0.427246,0.12207,-24.9634,1
1474.36,0.233398,-0.655762,1.06494,0,0.0610352,-24.5361,1
1474.37,0.256836,-0.742188,0.91748,-0.12207,0.793457,-24.5972,1
1474.38,0.283691,-0.82959,0.936523,0.610352,0.305176,-24.0479,1
1474.39,0.319336,-0.717773,1.03613,0.427246,0.0610352,-24.292,1
1474.4,0.282227,-0.731445,1.04248,-0.427246,0.976562,-24.4141,1
1474.41,0.225098,-0.723145,1.01611,0.427246,1.46484,-23.5596,1
1474.42,0.193359,-0.627441,0.95752,0,1.28174,-23.9258,1
1474.42,0.239746,-0.776855,0.947266,0.366211,1.52588,-23.5596,1
1474.43,0.22168,-0.741699,1.01074,2.2583,1.52588,-22.583,1
1474.44,0.240723,-0.657227,0.979492,1.64795,1.70898,-23.1934,1
1474.45,0.174805,-0.773438,0.939453,2.2583,2.13623,-23.0103,1
1474.46,0.166992,-0.700195,0.92334,3.54004,2.2583,-22.2168,1
1474.47,0.203125,-0.645508,0.942871,2.74658,2.2583,-22.8882,1
1474.48,0.217773,-0.739746,0.966797,3.11279,2.38037,-22.3389,1
1474.49,0.202637,-0.6875,0.953125,4.08936,2.44141,-21.3623,1
1474.5,0.165527,-0.663086,0.937012,3.72314,2.68555,-21.3623,1
1474.51,0.125488,-0.729004,0.940918,3.17383,2.74658,-21.0571,1
1474.52,0.149902,-0.630859,0.943848,3.35693,2.50244,-20.5688,1
1474.53,0.133301,-0.535645,0.969727,2.0752,2.92969,-21.1182,1
1474.54,0.15625,-0.63916,0.98291,2.62451,2.80762,-20.6909,1
1474.55,0.171387,-0.516113,0.897461,3.90625,2.74658,-19.7754,1
1474.56,0.179199,-0.546875,0.854492,2.50244,2.74658,-20.4468,1
1474.57,0.101074,-0.726074,0.925781,3.66211,2.62451,-19.043,1
1474.58,0.0546875,-0.52832,0.974121,4.63867,2.80762,-18.3105,1
1474.59,0.0478516,-0.486328,0.984375,3.23486,2.80762,-18.6768,1
1474.6,0.0771484,-0.598633,0.983887,4.3335,2.86865,-17.9443,1
1474.61,0.0888672,-0.417969,0.917969,6.22559,2.50244,-16.9067,1
1474.62,0.0805664,-0.411621,0.889648,5.67627,2.50244,-16.9678,1
1474.63,0.0488281,-0.516602,0.943359,7.14111,1.95312,-15.625,1
1474.64,0.0541992,-0.384277,0.940918,8.42285,1.89209,-14.3433,1
1474.65,0.0473633,-0.401367,0.908203,8.05664,2.01416,-14.0991,1
1474.66,0.0263672,-0.39502,0.937988,9.39941,0.976562,-12.7563,1
1474.67,0.0522461,-0.213379,0.949219,9.52148,0.732422,-12.3291,1
1474.68,0.0693359,-0.289551,0.9375,8.78906,0.549316,-11.6577,1
1474.69,0.0795898,-0.320801,0.918457,10.3149,-0.610352,-9.52148,1
1474.7,0.0869141,-0.198242,0.949219,10.1929,-0.793457,-8.78906,1
1474.71,0.0302734,-0.219238,0.996582,10.6201,-0.854492,-7.62939,1
1474.72,0.0375977,-0.153809,0.995605,11.1694,-1.15967,-6.28662,1
1474.73,0.0375977,-0.113281,0.947754,10.9863,-1.70898,-5.18799,1
1474.74,0.0947266,-0.0556641,0.983887,10.8032,-2.38037,-4.02832,1
1474.75,0.10791,-0.019043,1.03369,10.498,-2.80762,-2.74658,1
1474.75,0.103027,-0.0673828,1.07764,11.1694,-2.74658,-1.2207,1
1474.76,0.097168,-0.00244141,1.0752,12.5732,-2.50244,0.732422,1
1474.77,0.0698242,0.00292969,1.04639,12.2681,-2.19727,1.77002,1
1474.78,0.0493164,0.0449219,1.09863,13.2446,-2.68555,3.66211,1
1474.79,0.0581055,0.163086,1.16357,13.5498,-2.68555,4.88281,1
1474.8,0.0864258,0.156738,1.15039,13.9771,-2.19727,6.28662,1
1474.81,0.112305,0.192383,1.08008,14.7705,-1.83105,7.99561,1
1474.82,0.119629,0.223145,1.03857,14.4653,-1.58691,9.33838,1
1474.83,0.0883789,0.322266,1.02393,14.4043,-1.46484,10.9253,1
1474.84,0.0698242,0.342773,1.1084,13.9771,-0.671387,11.8408,1
1474.85,0.0498047,0.368652,1.11816,15.0757,-0.0610352,13.6108,1
1474.86,0.0698242,0.470703,1.06445,14.6484,0.12207,14.3433,1
1474.87,0.11084,0.405273,0.986816,13.6108,0.366211,15.0146,1
1474.88,0.114746,0.518066,0.978516,13.5498,0.549316,16.7847,1
1474.89,0.0927734,0.632812,1.03076,11.3525,1.34277,17.0898,1
1474.9,0.0541992,0.584961,1.04395,10.437,2.01416,18.0664,1
1474.91,0.0424805,0.532227,1.02197,9.94873,2.44141,19.104,1
1474.92,0.03125,0.601562,0.962402,9.27734,2.31934,19.4702,1
1474.93,0.0576172,0.681641,0.937012,7.62939,2.38037,19.7144,1
1474.94,0.105957,0.801758,0.92627,5.61523,3.2959,20.4468,1
1474.95,0.0791016,0.776367,1.00781,3.41797,3.60107,21.0571,1
1474.96,0.0517578,0.652344,1.06494,2.99072,3.66211,21.5454,1
1474.97,0.0292969,0.624023,1.01123,3.84521,3.66211,22.644,1
1474.98,0.0410156,0.82373,0.977539,4.02832,3.96729,22.8271,1
1474.99,0.0429688,0.836426,0.938965,1.83105,4.21143,22.4609,1
1475,0.0419922,0.814453,1.06689,2.38037,3.84521,23.8647,1
1475.01,0.0507812,0.869629,1.05957,1.64795,4.3335,24.0479,1
1475.02,0.0258789,0.59375,0.973145,2.19727,3.84521,25.3296,1
1475.03,-0.00878906,0.757324,1.01318,4.3335,2.99072,25.6958,1
1475.04,-0.00634766,0.945312,1.0166,3.05176,3.54004,25.9399,1
1475.04,0.0751953,0.754883,0.958008,2.38037,3.84521,26.3672,1
1475.05,0.0385742,0.8125,0.960938,2.56348,2.99072,27.4658,1
1475.06,0.0527344,0.851074,0.93457,-0.366211,2.2583,26.7334,1
1475.07,0.0239258,0.764648,0.908203,-0.488281,2.68555,28.3203,1
1475.08,0.00585938,0.947266,0.946777,-0.854492,2.80762,28.3203,1
1475.09,0.0585938,0.828125,0.92627,-3.41797,1.77002,28.0151,1
1475.1,0.0532227,0.713379,0.956543,-2.13623,0.549316,29.6021,1
1475.11,0.0922852,0.931641,0.961914,-2.99072,0.671387,29.2358,1
1475.12,0.0200195,0.763184,0.928223,-4.3335,0.732422,29.1748,1
1475.13,0.0644531,0.787598,0.956543,-1.77002,0.244141,30.2734,1
1475.14,0.113281,0.982422,0.937988,-1.83105,0.305176,29.6631,1
1475.15,0.129395,0.661133,1.02002,-0.671387,0,29.9072,1
1475.16,0.131836,0.914551,1.07666,2.99072,-0.610352,30.3955,1
1475.17,0.121094,0.982422,1.14355,1.40381,0,29.3579,1
1475.18,0.105957,0.753906,1.01611,3.41797,0,30.6396,1
1475.19,0.106445,0.961914,1.05273,4.63867,0.12207,30.3345,1
1475.2,0.17334,0.941406,1.06934,3.11279,0.244141,29.541,1
1475.21,0.224609,0.737305,1.03809,4.08936,0.0610352,30.3345,1
1475.22,0.128418,0.93457,1.04541,4.82178,-0.244141,30.5786,1
1475.23,0.110352,0.939453,1.00293,1.64795,-0.488281,29.6631,1
1475.24,0.0722656,0.794434,0.937988,0.732422,-0.366211,30.8228,1
1475.25,0.124512,0.904785,0.899414,-1.34277,-0.12207,30.5176,1
1475.26,0.179688,0.841797,0.92041,-4.3335,-0.244141,30.2734,1
1475.27,0.130859,0.804199,0.96582,-4.3335,-0.366211,31.0059,1
1475.28,0.0854492,0.988281,0.974121,-5.61523,0,29.9072,1
1475.29,0.0888672,0.870605,0.905762,-7.62939,0.915527,29.6631,1
1475.3,0.135254,0.753906,0.876465,-7.08008,0.854492,30.0293,1
1475.31,0.168457,0.875,0.838379,-6.34766,0.488281,29.9072,1
1475.32,0.181641,0.89209,0.88916,-5.61523,0.549316,29.0527,1
1475.32,0.172852,0.757812,0.966797,-3.72314,1.34277,29.0527,1
1475.33,0.154297,0.825684,1.02686,-1.83105,1.58691,28.7476,1
1475.34,0.195801,0.89502,0.963379,-2.01416,1.0376,27.9541,1
1475.35,0.226074,0.748047,0.887695,-0.671387,1.28174,28.7476,1
1475.36,0.25,0.824707,0.91748,1.70898,1.46484,28.6255,1
1475.37,0.26416,0.869629,0.983887,2.68555,1.89209,28.0151,1
1475.38,0.265137,0.70752,1.03613,4.94385,2.19727,28.1982,1
1475.39,0.226074,0.906738,0.995117,7.01904,1.95312,28.6865,1
1475.4,0.200195,0.928711,1.0127,5.00488,2.44141,27.5879,1
1475.41,0.265137,0.819824,0.995117,5.43213,2.44141,28.3813,1
1475.42,0.202637,0.856445,1.04639,5.98145,3.479,28.8696,1
1475.43,0.154785,0.875,1.04541,4.69971,2.62451,28.5645,1
1475.44,0.149414,0.760254,0.949707,3.72314,2.50244,29.4189,1
1475.45,0.116699,0.994141,0.921387,3.41797,2.50244,29.8462,1
1475.46,0.100586,1.01416,1.00781,-0.427246,1.95312,29.1748,1
1475.47,0.074707,0.765625,1.04346,0.305176,1.52588,30.5176,1
1475.48,0.0605469,0.983887,1.02734,1.0376,1.46484,30.6396,1
1475.49,0.0634766,0.901855,0.979492,-1.34277,1.46484,30.5786,1
1475.5,0.118652,0.800781,0.901367,-1.15967,0.671387,31.311,1
1475.51,0.0917969,1.07324,0.953613,-1.77002,0.793457,31.4941,1
1475.52,0.0791016,0.836426,0.95166,-3.60107,0.671387,31.1279,1
1475.53,0.137207,0.864258,0.926758,-1.0376,-0.366211,32.8369,1
1475.54,0.11377,0.913086,0.937988,-1.83105,-0.12207,31.7383,1
1475.55,0.168945,0.800781,0.89209,-0.915527,-1.09863,32.3486,1
1475.56,0.168945,0.923828,0.929199,-0.0610352,-0.366211,32.8369,1
1475.56,0.157227,0.848145,0.948242,-1.46484,-0.488281,32.1045,1
1475.57,0.26709,0.797852,0.941406,0.305176,-1.52588,33.2642,1
1475.58,0.23877,0.974121,1.03223,0.671387,-1.15967,32.7759,1
1475.59,0.269531,0.884277,1.0249,-0.244141,-1.70898,32.4097,1
1475.6,0.228516,0.82373,1.00391,1.15967,-0.427246,33.1421,1
1475.61,0.23584,1.05469,0.958496,0.427246,-0.488281,32.2876,1
1475.62,0.317383,0.862793,0.994629,-0.610352,0,31.9824,1
1475.63,0.328125,0.862305,1.04053,1.95312,-0.183105,32.1045,1
1475.64,0.234375,0.987305,1.09766,1.77002,0.488281,31.189,1
1475.65,0.193848,0.862305,1.02734,1.89209,0.793457,30.6396,1
1475.66,0.243164,0.921875,0.958496,2.31934,1.46484,31.0059,1
1475.67,0.302246,0.904785,0.906738,2.0752,2.19727,30.5786,1
1475.68,0.297363,0.903809,0.969238,2.01416,2.01416,30.5786,1
1475.69,0.19873,0.837402,0.953613,1.70898,2.31934,29.6021,1
1475.7,0.175293,0.964844,0.95166,2.92969,3.11279,30.0903,1
1475.71,0.15625,0.919922,0.952148,1.28174,3.66211,29.1748,1
1475.72,0.194336,0.777832,0.946777,1.15967,2.38037,29.6631,1
1475.73,0.250977,0.875,0.851074,1.34277,2.74658,29.8462,1
1475.74,0.221191,0.913086,0.879395,0,3.2959,29.4189,1
1475.75,0.160645,0.781738,0.876953,0,3.54004,29.3579,1
1475.76,0.117676,1.00244,0.913574,0.12207,3.66211,29.4189,1
1475.77,0.0849609,0.879883,0.915039,-2.80762,3.66211,28.8086,1
1475.78,0.161621,0.775391,0.900391,-1.64795,2.99072,29.7852,1
1475.79,0.244141,0.937988,0.850586,-2.74658,3.35693,28.8696,1
1475.8,0.224609,0.841797,0.84082,-2.56348,3.2959,30.0293,0
1475.81,0.20459,0.851562,0.913574,-2.62451,2.68555,29.2358,0
1475.82,0.140137,0.85791,0.945801,-2.68555,2.86865,29.1138,0
1475.83,0.155762,0.780762,0.889648,-2.38037,2.62451,29.7241,0
1475.84,0.226562,0.81543,0.881348,-2.13623,1.77002,29.6631,0
1475.85,0.311035,0.904785,0.866211,-2.13623,1.15967,29.6631,0
1475.86,0.279297,0.796387,0.930176,-1.95312,1.58691,30.2124,0
1475.87,0.203125,0.827148,0.988281,-1.15967,0.427246,30.0293,0
1475.88,0.241699,0.861816,0.981445,-1.52588,0.427246,29.2358,0
1475.89,0.274414,0.803223,0.970215,-0.671387,0.610352,29.541,0
1475.9,0.31543,0.837402,1.01514,-0.610352,-0.12207,29.1748,0
1475.91,0.371582,0.880859,0.983398,-1.46484,-0.244141,28.7476,0
1475.92,0.321289,0.773926,0.987305,-0.549316,-0.427246,29.6021,0
1475.93,0.308594,0.800781,0.969238,0,-0.915527,28.6255,0
1475.94,0.294922,0.814453,0.994629,-0.610352,-0.732422,27.2827,0
1475.95,0.305176,0.856445,1.0293,0.12207,0.12207,27.5879,0
1475.95,0.365723,0.929688,0.987793,-1.09863,0,26.3672,0
1475.96,0.380371,0.822754,0.98877,-1.0376,-0.427246,25.9399,0
1475.97,0.353516,0.812988,1.07031,0,0,25.6348,0
1475.98,0.318848,0.868164,1.00439,0.610352,0.488281,25.2075,0
1475.99,0.293945,0.899902,0.917969,-0.488281,0.488281,24.0479,0
1476,0.335449,0.709473,0.927246,-0.915527,0.549316,23.2544,0
1476.01,0.382812,0.822266,0.915039,0.915527,0.854492,23.4375,0
1476.02,0.362305,0.937988,1.05762,0,1.15967,22.583,0
1476.03,0.321289,0.734375,1.03516,-0.366211,1.0376,22.0337,0
1476.04,0.291992,0.928223,0.919922,1.2207,1.46484,22.0947,0
1476.05,0.295898,0.922852,0.951172,-0.549316,2.74658,20.874,0
1476.06,0.364746,0.69873,0.994629,0.183105,1.89209,21.2402,0
1476.07,0.391602,0.854492,0.988281,2.01416,1.77002,21.6064,0
1476.08,0.345703,0.977539,0.942383,0.976562,2.01416,20.9961,0
1476.09,0.291992,0.736328,0.9375,-0.0610352,2.13623,20.874,0
1476.1,0.24707,0.762207,0.933594,0.427246,2.01416,21.4844,0
1476.11,0.314453,0.813965,0.936035,0.183105,1.89209,21.8506,0
1476.12,0.361328,0.902832,0.908691,-0.305176,1.46484,21.4844,0
1476.13,0.288086,0.754883,0.876465,-1.70898,1.58691,21.8506,0
1476.14,0.271973,0.842285,0.912109,-1.34277,1.09863,21.7285,0
1476.15,0.279785,0.810547,0.896484,-3.60107,1.28174,21.1182,0
1476.16,0.265137,0.600586,0.875977,-1.70898,1.28174,22.7051,0
1476.17,0.293457,0.865234,0.849121,-1.95312,1.2207,22.1558,0
1476.18,0.319824,0.818359,0.820312,-4.69971,0.488281,21.9116,0
1476.19,0.348633,0.587891,0.858398,-4.69971,-0.0610352,22.583,0
1476.2,0.332031,0.755371,0.884766,-4.5166,-0.427246,22.1558,0
1476.21,0.314941,0.697266,0.875,-5.85938,-0.0610352,21.3623,0
1476.22,0.366699,0.620605,0.899902,-5.61523,-0.488281,21.6064,0
1476.23,0.413086,0.758301,0.898926,-6.95801,-0.0610352,20.5688,0
1476.24,0.480957,0.536621,0.931152,-8.54492,-0.366211,20.2637,0
1476.24,0.512695,0.467285,0.948242,-6.5918,-0.549316,19.7144,0
1476.25,0.592773,0.770508,0.861328,-8.05664,-0.671387,17.5171,0
1476.26,0.543457,0.40332,0.967285,-10.9863,-0.549316,16.7236,0
1476.27,0.463379,0.320312,1.00684,-10.0098,-1.15967,16.4795,0
1476.28,0.520996,0.59668,0.998535,-12.5122,-0.732422,14.5264,0
1476.29,0.606934,0.355469,0.916016,-15.9912,-0.854492,12.8784,0
1476.3,0.597656,0.0708008,0.961426,-15.8691,-0.854492,11.2305,0
1476.31,0.562988,0.344238,0.942871,-15.1978,-1.64795,9.52148,0
1476.32,0.638184,0.305664,0.942383,-18.3105,-1.15967,7.08008,0
1476.33,0.797852,0.0791016,0.92627,-17.7612,-1.58691,5.43213,0
1476.34,0.832031,0.226562,0.936523,-16.7236,-1.70898,3.35693,0
1476.35,0.734375,0.267578,0.907715,-17.2119,-2.19727,0.732422,0
1476.36,0.633301,0.145508,0.866699,-16.0522,-2.38037,-1.40381,0
1476.37,0.602051,-0.0102539,1.00342,-13.855,-2.99072,-3.35693,0
1476.38,0.655273,0.0410156,1.22363,-10.8643,-3.96729,-5.31006,0
1476.39,0.728516,0.149902,0.802246,-10.8643,-4.94385,-8.05664,0
1476.4,0.658203,-0.137695,0.932617,-8.48389,-4.82178,-9.15527,0
1476.41,0.67334,-0.0200195,1.02197,-5.49316,-5.18799,-11.1084,0
1476.42,0.612305,0.0712891,1.22656,-5.98145,-4.27246,-13.0005,0
1476.43,0.527832,-0.00585938,1.10498,-6.83594,-4.02832,-14.2212,0
1476.44,0.470215,-0.211914,1.02002,-7.20215,-3.41797,-15.3809,0
1476.45,0.407227,-0.220215,1.14209,-5.98145,-2.62451,-15.564,0
1476.46,0.349121,-0.14502,1.18311,-7.50732,-1.89209,-17.334,0
1476.47,0.323242,-0.215332,1.22656,-8.72803,-0.366211,-17.5171,0
1476.48,0.254395,-0.273926,1.18115,-9.76562,0,-17.7612,0
1476.49,0.23291,-0.246582,1.16504,-10.8643,0.915527,-17.7612,0
1476.5,0.17627,-0.290527,1.13818,-12.4512,2.50244,-18.1885,0
1476.51,0.106445,-0.371094,1.10449,-12.6343,4.15039,-17.5781,0
1476.52,0.0541992,-0.367676,1.12842,-12.2681,4.76074,-16.7236,0
1476.53,0.0268555,-0.418945,1.06104,-12.3901,5.37109,-16.3574,0
1476.54,0.0322266,-0.491211,1.02051,-10.5591,6.10352,-15.3198,0
1476.55,-0.00439453,-0.373047,0.949707,-9.15527,6.16455,-15.2588,0
1476.56,-0.0371094,-0.474121,0.918945,-7.69043,7.50732,-14.6484,0
1476.57,-0.152344,-0.521973,0.935547,-4.69971,7.01904,-13.7329,0
1476.57,-0.113281,-0.344238,0.922363,-3.41797,6.83594,-13.6108,0
1476.58,-0.115723,-0.480469,0.911621,-2.56348,7.44629,-12.9395,0
1476.59,-0.11377,-0.442383,0.965332,0.305176,6.46973,-11.5967,0
1476.6,-0.167969,-0.334473,0.995605,0.671387,6.16455,-12.3901,0
1476.61,-0.314941,-0.449219,0.867188,3.17383,6.10352,-11.0474,0
1476.62,-0.412109,-0.331055,0.883301,3.78418,6.10352,-10.8643,0
1476.63,-0.253906,-0.27832,0.850586,4.15039,6.5918,-9.58252,0
1476.64,-0.143066,-0.375488,1.00098,3.96729,5.12695,-9.52148,0
1476.65,-0.0986328,-0.419922,0.922363,4.94385,2.80762,-9.27734,0
1476.66,-0.152832,-0.290039,0.90625,5.67627,3.78418,-9.0332,0
1476.67,-0.245117,-0.348633,0.99707,4.45557,3.41797,-9.70459,0
1476.68,-0.219727,-0.335449,1.0166,4.45557,3.23486,-8.97217,0
1476.69,-0.186035,-0.260254,0.950195,3.23486,2.86865,-8.23975,0
1476.7,-0.140137,-0.314453,1.03857,1.83105,2.13623,-7.56836,0
1476.71,-0.177734,-0.299805,1.1333,0.549316,1.83105,-7.08008,0
1476.72,-0.257324,-0.334473,1.12061,-0.427246,2.0752,-6.46973,0
1476.73,-0.342285,-0.265137,1.1709,-1.09863,1.95312,-5.79834,0
1476.74,-0.286621,-0.307617,1.21484,-2.92969,1.64795,-6.40869,0
1476.75,-0.164551,-0.32373,1.15869,-1.95312,2.0752,-4.88281,0
1476.76,-0.152832,-0.227539,1.146,-2.56348,1.89209,-4.94385,0
1476.77,-0.198242,-0.316406,1.15576,-3.35693,1.70898,-5.31006,0
1476.78,-0.240723,-0.34668,1.13916,-1.95312,2.31934,-4.08936,0
1476.79,-0.294434,-0.288086,1.10352,-1.2207,2.99072,-3.96729,0
1476.8,-0.259277,-0.356445,1.06738,-1.0376,2.44141,-4.63867,0
1476.81,-0.222656,-0.35498,1.0293,0.915527,2.38037,-4.02832,0
1476.82,-0.237793,-0.211426,1.02148,1.46484,2.44141,-4.27246,0
1476.83,-0.290527,-0.30957,1.02393,1.15967,2.74658,-4.88281,0
1476.84,-0.296875,-0.360352,0.954102,2.74658,2.31934,-4.15039,0
1476.85,-0.313477,-0.283203,0.9375,3.72314,1.52588,-4.15039,0
1476.86,-0.272461,-0.255371,0.981934,4.21143,0.671387,-4.69971,0
1476.87,-0.231445,-0.255859,0.946289,4.5166,0.549316,-5.24902,0
1476.88,-0.227051,-0.193848,0.876953,4.39453,0.244141,-5.24902,0
1476.89,-0.244629,-0.236328,0.838867,2.92969,0.12207,-6.28662,0
1476.9,-0.270508,-0.260254,0.904297,3.05176,-0.549316,-5.92041,0
1476.91,-0.263184,-0.171387,0.969238,2.01416,-0.732422,-6.5918,0
1476.92,-0.262695,-0.313477,0.90625,1.28174,-0.427246,-7.14111,0
1476.92,-0.265137,-0.214355,0.884766,2.38037,-0.793457,-6.53076,0
1476.93,-0.272461,-0.11084,0.90625,0,-0.549316,-7.99561,0
1476.94,-0.279297,-0.28418,0.973633,-0.915527,-0.610352,-7.93457,0
1476.95,-0.299316,-0.241699,1.0542,-0.183105,-0.732422,-7.44629,0
1476.96,-0.318359,-0.220215,1.03076,-0.793457,-0.549316,-8.05664,0
1476.97,-0.302734,-0.278809,0.960449,0,-0.366211,-7.8125,0
1476.98,-0.29541,-0.193359,0.905762,0.244141,0.0610352,-7.8125,0
1476.99,-0.310059,-0.219238,0.972656,-0.366211,0,-8.30078,0
1477,-0.289062,-0.325195,1.12012,0,0.12207,-8.54492,0
1477.01,-0.273926,-0.317871,1.06543,1.89209,0.610352,-7.8125,0
1477.02,-0.28418,-0.241211,0.917969,2.31934,1.09863,-7.87354,0
1477.03,-0.321777,-0.280762,0.874023,1.52588,0.671387,-8.42285,0
1477.04,-0.296387,-0.271484,0.974121,1.52588,0.915527,-8.11768,0
1477.05,-0.302246,-0.22168,1.08496,1.46484,1.40381,-7.93457,0
1477.06,-0.301758,-0.270996,1.06592,1.28174,1.64795,-8.30078,0
1477.07,-0.32666,-0.268066,0.973145,1.77002,1.70898,-7.87354,0
1477.08,-0.327637,-0.247559,0.902832,1.46484,1.58691,-7.56836,0
1477.09,-0.294434,-0.295898,0.949707,0.732422,1.46484,-8.11768,0
1477.1,-0.282227,-0.256348,0.998535,1.2207,1.28174,-7.44629,0
1477.11,-0.289551,-0.191895,1.02979,0.549316,2.0752,-7.87354,0
1477.12,-0.319336,-0.254883,0.995117,-0.12207,1.64795,-8.17871,0
1477.13,-0.300781,-0.291016,0.940918,0.610352,1.46484,-7.69043,0
1477.14,-0.275391,-0.218262,0.933105,0.732422,1.34277,-7.44629,0
1477.15,-0.267578,-0.266602,0.947754,0.183105,1.15967,-8.05664,0
1477.16,-0.325195,-0.290039,1.01367,1.46484,1.09863,-7.44629,0
1477.17,-0.314941,-0.139648,1.0752,1.15967,0.854492,-7.62939,0
1477.18,-0.312012,-0.297363,0.98877,0.183105,1.15967,-8.05664,0
1477.19,-0.331055,-0.341797,0.903809,2.19727,0.671387,-6.7749,0
1477.2,-0.310547,-0.17334,0.95166,1.89209,0.549316,-7.38525,0
1477.21,-0.289551,-0.231934,1.021,1.09863,0.366211,-7.87354,0
1477.21,-0.278809,-0.297363,1,2.01416,0.183105,-6.95801,0
1477.22,-0.312988,-0.156738,0.966309,1.89209,0,-6.7749,0
1477.23,-0.334473,-0.249023,0.950195,0.915527,0.244141,-7.26318,0
1477.24,-0.304688,-0.258789,0.933594,1.70898,0.183105,-6.89697,0
1477.25,-0.308105,-0.186035,0.953125,1.34277,0.12207,-7.08008,0
1477.26,-0.317383,-0.27832,1.01562,1.0376,0,-6.95801,0
1477.27,-0.34375,-0.148926,1.0332,1.2207,-0.671387,-6.34766,0
1477.28,-0.375488,-0.169434,0.964355,-0.488281,0,-7.32422,0
1477.29,-0.398438,-0.29248,0.951172,0.366211,0.0610352,-6.46973,0
1477.3,-0.365234,-0.15625,0.958008,0.549316,0.12207,-6.28662,0
1477.31,-0.359375,-0.195801,1.02441,-1.15967,0,-7.20215,0
1477.32,-0.368164,-0.266602,1.07861,-0.305176,-0.244141,-6.22559,0
1477.33,-0.384277,-0.137207,1.09326,0.12207,0,-6.10352,0
1477.34,-0.413574,-0.213867,0.98584,-0.488281,0.183105,-6.7749,0
1477.35,-0.40625,-0.287598,0.918945,0.915527,0.183105,-6.22559,0
1477.36,-0.416992,-0.173828,0.973633,1.89209,0,-6.10352,0
1477.37,-0.358398,-0.1875,1.01855,1.34277,0.183105,-6.65283,0
1477.38,-0.330078,-0.214355,1.04736,1.58691,0.12207,-6.22559,0
1477.39,-0.379395,-0.206055,1.0293,1.46484,-0.0610352,-6.04248,0
1477.4,-0.388184,-0.240234,0.928223,2.19727,-0.183105,-6.10352,0
1477.41,-0.384766,-0.162598,0.95459,2.62451,-0.610352,-5.85938,0
1477.42,-0.361328,-0.168945,1.02734,1.77002,-0.610352,-6.34766,0
1477.43,-0.316406,-0.178711,1.04834,1.46484,-0.671387,-5.98145,0
1477.44,-0.359375,-0.237305,0.986328,1.77002,-0.427246,-5.7373,0
1477.45,-0.395508,-0.128906,0.852539,2.50244,-0.305176,-5.12695,0
1477.46,-0.387207,-0.140625,0.891602,0.915527,-0.305176,-6.28662,0
1477.46,-0.344727,-0.274414,0.967773,2.01416,-0.183105,-5.49316,0
1477.47,-0.336914,-0.090332,1.05176,2.13623,-0.0610352,-5.00488,0
1477.48,-0.397461,-0.121094,1.06006,0.12207,0.366211,-5.79834,0
1477.49,-0.381836,-0.19873,0.972168,0.793457,1.0376,-5.24902,0
1477.5,-0.427734,-0.234375,0.913574,2.0752,1.52588,-4.88281,0
1477.51,-0.442383,-0.109863,0.938477,3.05176,1.0376,-4.39453,0
1477.52,-0.435059,-0.104492,1.00684,1.52588,1.77002,-5.24902,0
1477.53,-0.398438,-0.140625,1.01611,1.83105,2.0752,-4.15039,0
1477.54,-0.402832,-0.0864258,1.02441,0.793457,2.01416,-4.69971,0
1477.55,-0.481445,-0.279785,0.929688,1.15967,2.13623,-4.57764,0
1477.56,-0.515137,-0.120605,0.871094,3.23486,2.62451,-3.60107,0
1477.57,-0.490234,0.0458984,0.966309,1.15967,3.35693,-4.63867,0
1477.58,-0.446289,-0.164551,1.10693,-0.488281,3.17383,-5.00488,0
1477.59,-0.472168,-0.0932617,1.1001,1.46484,3.54004,-3.2959,0
1477.6,-0.521973,-0.0732422,0.958008,0.366211,3.35693,-4.39453,0
1477.61,-0.47998,-0.219727,0.819824,1.0376,2.56348,-4.15039,0
1477.62,-0.536133,-0.0361328,0.776367,2.01416,2.99072,-3.54004,0
1477.63,-0.561523,-0.0195312,0.853027,0.305176,2.62451,-4.57764,0
1477.64,-0.543945,-0.105957,0.95166,0.183105,1.89209,-4.57764,0
1477.65,-0.555176,-0.125977,0.991699,0.12207,2.0752,-4.08936,0
1477.66,-0.415527,-0.10791,1.02002,1.58691,1.77002,-3.60107,0
1477.67,-0.546387,-0.11084,0.904785,0.915527,2.19727,-4.63867,0
1477.68,-0.525391,-0.0981445,0.763672,2.62451,1.34277,-3.11279,0
1477.69,-0.583008,0.00292969,0.885742,0.732422,1.28174,-4.45557,0
1477.7,-0.540527,-0.142578,1.09424,0,0.976562,-4.27246,0
1477.71,-0.520508,-0.10791,1.06201,1.0376,1.83105,-3.41797,0
1477.72,-0.555176,-0.078125,0.984375,0.732422,1.89209,-3.78418,0
1477.73,-0.644531,-0.17334,0.920898,1.15967,1.52588,-3.78418,0
1477.74,-0.676758,0.00634766,0.87793,2.01416,1.28174,-3.05176,0
1477.75,-0.641602,-0.0273438,0.974121,-0.183105,1.58691,-4.5166,0
1477.76,-0.580078,-0.224121,1.06787,1.0376,1.64795,-3.11279,0
1477.77,-0.480957,-0.0629883,1.07031,2.01416,1.28174,-2.68555,0
1477.78,-0.566406,-0.0883789,1.02002,1.0376,1.95312,-3.72314,0
1477.78,-0.622559,-0.144043,0.884277,2.19727,1.58691,-2.80762,0
1477.79,-0.569336,0.0078125,0.804688,1.95312,1.34277,-3.17383,0
1477.8,-0.547852,-0.0639648,0.956543,0.671387,1.52588,-3.90625,0
1477.81,-0.569336,-0.0952148,1.06592,1.77002,1.28174,-2.62451,0
1477.82,-0.4375,-0.0297852,0.976562,0.915527,1.58691,-3.05176,0
1477.83,-0.496582,-0.185059,1.0127,1.40381,0.488281,-3.11279,0
1477.84,-0.493652,-0.0952148,0.976562,3.479,0.183105,-2.13623,0
1477.85,-0.518066,0.135742,0.918945,2.0752,0,-2.68555,0
1477.86,-0.509277,-0.106445,1.02441,-0.610352,-0.12207,-3.66211,0
1477.87,-0.414062,-0.157715,1.00244,1.77002,-0.427246,-1.52588,0
1477.88,-0.417969,0.0151367,0.939453,1.2207,-0.366211,-2.0752,0
1477.89,-0.465332,-0.154297,0.981445,0.427246,-1.2207,-2.86865,0
1477.9,-0.378418,-0.104004,0.979492,2.50244,-1.52588,-1.28174,0
1477.91,-0.409668,0.0844727,0.983887,1.15967,-1.09863,-2.13623,0
1477.92,-0.483398,-0.103516,0.96875,-0.671387,-1.70898,-2.62451,0
1477.93,-0.425293,-0.104004,0.989746,0.671387,-1.89209,-0.915527,0
1477.94,-0.380859,0.0458984,1.03613,0.244141,-1.89209,-1.34277,0
1477.95,-0.397949,-0.156738,1.04297,0,-2.13623,-1.89209,0
1477.96,-0.430176,-0.043457,1.0083,1.95312,-2.62451,-0.549316,0
1477.97,-0.445801,0.0693359,0.965332,0.488281,-1.70898,-1.64795,0
1477.98,-0.406738,-0.0883789,0.973145,-0.12207,-2.01416,-1.58691,0
1477.99,-0.36377,-0.0273438,0.942383,0.427246,-2.68555,-0.610352,0
1478,-0.386719,-0.0317383,0.973633,-0.0610352,-2.56348,-1.15967,0
1478.01,-0.378418,-0.0874023,1.01123,0.549316,-2.68555,-0.915527,0
1478.02,-0.368164,-0.00244141,0.996582,1.0376,-2.31934,-0.915527,0
1478.03,-0.395508,-0.0776367,0.999023,1.2207,-1.83105,-1.40381,0
1478.04,-0.435547,-0.0136719,0.991699,2.01416,-1.95312,-0.549316,0
1478.05,-0.418457,0.081543,0.959473,0.610352,-1.52588,-0.976562,0
1478.06,-0.398438,-0.100586,0.994629,-0.183105,-1.0376,-1.52588,0
1478.07,-0.368652,-0.059082,1.02588,1.77002,-1.34277,-0.244141,0
1478.07,-0.389648,0.0732422,1.02783,0.671387,-1.0376,-1.0376,0
1478.08,-0.415527,-0.0483398,0.964844,0.183105,-0.671387,-1.09863,0
1478.09,-0.437988,0.0166016,0.942383,0.915527,-0.610352,-0.366211,0
1478.1,-0.40625,0.0664062,0.995117,-0.12207,-0.488281,-0.976562,0
1478.11,-0.34375,-0.0209961,1.02197,-0.671387,-0.305176,-1.0376,0
1478.12,-0.369629,-0.0527344,1.02734,0,-0.366211,-0.488281,0
1478.13,-0.384277,0.0288086,0.997559,0.244141,-0.244141,-0.488281,0
1478.14,-0.424805,-0.00488281,1.00537,-0.244141,0.244141,-0.915527,0
1478.15,-0.399902,0.027832,0.992188,0.427246,0.244141,0,0
1478.16,-0.372559,0.0893555,0.95752,-0.671387,0.610352,-0.793457,0
1478.17,-0.384766,-0.0615234,0.955078,-0.915527,0.183105,-0.854492,0
1478.18,-0.407715,0.027832,0.952637,0.305176,0.12207,0.366211,0
1478.19,-0.410645,0.0498047,1.00977,-0.671387,0.549316,-0.549316,0
1478.2,-0.367676,-0.0639648,1.00342,0.244141,0.488281,0,0
1478.21,-0.363281,0.046875,0.977539,1.0376,0.610352,0.305176,0
1478.22,-0.381836,0.00341797,0.95166,0.732422,0.793457,-0.366211,0
1478.23,-0.380371,0.00244141,0.930664,1.83105,0.610352,0.610352,0
1478.24,-0.366211,0.0463867,0.972168,1.28174,0.488281,0.244141,0
1478.25,-0.376953,-0.0356445,0.95459,1.46484,0.427246,0.305176,0
1478.26,-0.40625,0.0253906,0.95459,2.2583,0.305176,0.854492,0
1478.27,-0.394043,0.00878906,0.958984,1.95312,0.549316,0.366211,0
1478.28,-0.337402,0.0410156,0.962891,2.2583,0.244141,0.915527,0
1478.29,-0.340332,0.0766602,0.95752,1.40381,0.366211,0.610352,0
1478.3,-0.386719,0.015625,0.933105,1.28174,0.244141,0.976562,0
1478.31,-0.395996,0.0932617,0.929688,1.28174,0.244141,1.28174,0
1478.32,-0.420898,0.00146484,0.996094,0.671387,0.12207,0.732422,0
1478.33,-0.341797,0.0351562,1.04541,2.13623,0,1.89209,0
1478.34,-0.356934,0.121094,1.05322,1.15967,0.0610352,1.0376,0
1478.35,-0.381836,-0.00146484,0.984375,1.2207,0,1.09863,0
1478.36,-0.391602,0.12207,0.95752,1.70898,-0.0610352,1.83105,0
1478.36,-0.399414,0.0336914,0.973633,0.427246,0.305176,0.854492,0
1478.37,-0.347656,0.0078125,0.981445,2.0752,-0.0610352,2.19727,0
1478.38,-0.380371,0.15332,1.02148,1.28174,0,1.46484,0
1478.39,-0.362305,0.00830078,0.972168,0.793457,0,1.34277,0
1478.4,-0.397949,0.0717773,1.00684,2.0752,-0.427246,2.44141,0
1478.41,-0.350586,0.134766,1.00781,0.976562,-0.366211,1.95312,0
1478.42,-0.355957,0.0483398,1.0083,1.15967,-0.427246,2.2583,0
1478.43,-0.375977,0.0522461,0.98584,1.95312,-0.549316,2.62451,0
1478.44,-0.384766,0.143066,0.916504,2.13623,-0.488281,2.80762,0
1478.45,-0.372559,0.0463867,0.946289,1.64795,-0.366211,2.38037,0
1478.46,-0.368164,0.03125,0.998535,3.11279,-0.915527,3.54004,0
1478.47,-0.371582,0.195312,1.01953,2.44141,-1.2207,3.35693,0
1478.48,-0.345215,0.130371,1.03857,1.09863,-0.854492,2.80762,0
1478.49,-0.36084,0.0854492,1.02734,1.77002,-1.0376,3.78418,0
1478.5,-0.36377,0.202637,0.990723,1.58691,-1.2207,4.21143,0
1478.51,-0.365723,0.158203,0.963867,0.244141,-1.40381,3.78418,0
1478.52,-0.388672,0.0859375,0.950195,0.671387,-1.52588,4.39453,0
1478.53,-0.37207,0.208008,0.984863,1.15967,-1.52588,5.06592,0
1478.54,-0.35498,0.180664,1.04053,0.12207,-1.2207,4.39453,0
1478.55,-0.336426,0.135254,1.0498,0.915527,-1.58691,5.37109,0
1478.56,-0.373047,0.206055,1.03662,0.732422,-1.64795,5.43213,0
1478.57,-0.365723,0.119141,1.01562,0.732422,-1.2207,5.37109,0
1478.58,-0.383301,0.207031,1.01953,1.64795,-1.28174,6.46973,0
1478.59,-0.355469,0.256348,0.995117,0.610352,-1.0376,6.04248,0
1478.6,-0.366211,0.150879,1.00049,0.549316,-1.28174,6.40869,0
1478.61,-0.367188,0.19043,1.02539,1.34277,-1.70898,7.32422,0
1478.62,-0.353027,0.270508,1.01758,0.488281,-1.15967,6.83594,0
1478.63,-0.339355,0.142578,0.999023,0.427246,-0.732422,7.26318,0
1478.64,-0.330566,0.246582,0.986816,1.28174,-1.0376,8.36182,0
1478.65,-0.331543,0.255859,1,-0.12207,-0.915527,7.26318,0
1478.66,-0.331055,0.148926,1.01855,0.854492,-0.671387,8.23975,0
1478.67,-0.32373,0.250488,0.985352,1.89209,-0.854492,9.09424,0
1478.68,-0.312988,0.221191,0.976074,1.2207,-0.732422,8.48389,0
1478.69,-0.32959,0.199219,0.96582,1.89209,-0.976562,8.97217,0
1478.7,-0.345215,0.289551,0.955566,1.95312,-0.427246,9.27734,0
1478.71,-0.354492,0.219238,0.982422,1.09863,-0.305176,9.0332,0
1478.71,-0.314941,0.147461,1.00439,2.01416,-0.366211,9.70459,0
1478.72,-0.314941,0.337402,1.04932,2.56348,-0.12207,10.0708,0
1478.73,-0.314941,0.261719,1.00342,1.0376,0.610352,8.97217,0
1478.74,-0.34082,0.157227,0.941895,2.68555,0.427246,10.6201,0
1478.75,-0.311523,0.349609,0.929688,2.13623,0.183105,10.3149,0
1478.76,-0.294434,0.221191,0.946777,0.732422,0.488281,9.64355,0
1478.77,-0.299805,0.279785,0.979004,2.13623,0.488281,11.4136,0
1478.78,-0.299316,0.277832,1.00391,0.244141,0.793457,10.1318,0
1478.79,-0.313477,0.195312,1.01465,1.28174,0.549316,11.2305,0
1478.8,-0.305664,0.359375,0.971191,1.15967,0.854492,11.2305,0
1478.81,-0.300781,0.279785,0.956055,0.305176,1.0376,10.9863,0
1478.82,-0.288574,0.301758,0.966309,0.610352,0.793457,11.5356,0
1478.83,-0.287109,0.290527,0.948242,-0.12207,1.09863,11.1694,0
1478.84,-0.275391,0.274414,0.95459,0.305176,1.2207,12.146,0
1478.85,-0.301758,0.315918,0.980957,-0.244141,1.0376,11.9629,0
1478.86,-0.302246,0.277344,0.978516,-0.427246,0.976562,11.8408,0
1478.87,-0.300781,0.380859,0.966797,-0.549316,1.40381,12.3901,0
1478.88,-0.278809,0.271973,0.958008,-1.52588,1.46484,11.8408,0
1478.89,-0.273438,0.259277,0.957031,-0.427246,0.732422,12.8174,0
1478.9,-0.268555,0.356934,0.945801,-0.854492,0.915527,12.6343,0
1478.91,-0.287598,0.239746,0.937988,-0.976562,1.34277,12.5732,0
1478.92,-0.288574,0.306152,0.944336,0.12207,0.854492,13.5498,0
1478.93,-0.273438,0.353516,0.956543,-1.0376,1.2207,12.6953,0
1478.94,-0.279785,0.205078,0.966309,-0.488281,1.09863,13.3667,0
1478.95,-0.269531,0.325195,0.960938,0.366211,0.610352,13.9771,0
1478.96,-0.252441,0.279297,0.938477,-0.671387,0.915527,12.9395,0
1478.97,-0.253418,0.183105,0.941895,0.732422,0.549316,14.2212,0
1478.98,-0.270508,0.368652,0.954102,0.915527,0.366211,14.1602,0
1478.99,-0.267578,0.297363,0.959473,-0.427246,0.732422,13.3057,0
1479,-0.26709,0.209961,0.976562,0.915527,0.427246,14.4653,0
1479.01,-0.254395,0.391602,0.970215,0.854492,0,14.4653,0
1479.02,-0.240723,0.247559,0.954102,-0.366211,0.305176,13.7329,0
1479.03,-0.244141,0.23584,0.972168,1.58691,-0.0610352,15.1978,0
1479.04,-0.245117,0.361816,0.99707,0.854492,-0.0610352,14.2822,0
1479.04,-0.231934,0.231445,0.995117,0.549316,-0.12207,13.916,0
1479.05,-0.236816,0.30127,0.996094,2.0752,-0.427246,15.1367,0
1479.06,-0.259277,0.355469,1.00244,0.610352,-0.244141,14.0991,0
1479.07,-0.250977,0.259277,0.98877,0.549316,-0.244141,14.4653,0
1479.08,-0.246094,0.292969,0.989746,1.15967,-0.183105,14.8315,0
1479.09,-0.224121,0.325684,0.987305,0.793457,-0.244141,14.4653,0
1479.1,-0.212402,0.297363,1.00049,0.305176,-0.366211,14.4653,0
1479.11,-0.234863,0.306641,1.00586,0.0610352,-0.488281,14.6484,0
1479.12,-0.242188,0.335938,0.999512,-0.610352,-0.671387,14.4043,0
1479.13,-0.23291,0.303711,0.98291,-0.854492,-0.488281,14.5264,0
1479.14,-0.214355,0.32373,0.976074,-0.976562,-0.488281,14.7095,0
1479.15,-0.225098,0.310059,0.993652,-1.34277,-0.366211,14.3433,0
1479.16,-0.222656,0.304688,0.993164,-1.28174,-0.183105,14.4653,0
1479.17,-0.25,0.304688,1.00146,-1.2207,-0.0610352,14.4653,0
1479.18,-0.222656,0.309082,0.984863,-1.58691,-0.183105,14.2212,0
1479.19,-0.22168,0.251953,0.979004,-1.52588,-0.366211,14.1602,0
1479.2,-0.207031,0.308594,0.976074,-0.976562,-0.671387,14.6484,0
1479.21,-0.19873,0.289551,0.990234,-1.40381,-0.427246,14.0991,0
1479.22,-0.190918,0.256348,0.985352,-0.549316,-0.305176,14.3433,0
1479.23,-0.179199,0.32959,0.984863,-0.488281,-0.244141,14.4043,0
1479.24,-0.181641,0.251465,1.00195,-0.915527,-0.427246,13.916,0
1479.25,-0.17627,0.256348,1.01221,0.0610352,-0.549316,14.5264,0
1479.25,-0.175293,0.326172,1.01709,-0.305176,-0.305176,14.0991,0
1479.26,-0.163574,0.238281,1.00537,-0.732422,-0.0610352,13.855,0
1479.27,-0.154297,0.258301,0.996582,-0.12207,-0.488281,14.3433,0
1479.28,-0.172363,0.288574,0.977539,-0.732422,-0.183105,13.9771,0
1479.29,-0.181641,0.253906,0.984863,-0.610352,-0.244141,14.1602,0
1479.3,-0.172363,0.269531,1.01025,-0.488281,-0.12207,14.0991,0
1479.31,-0.15625,0.272949,1.00098,-0.488281,0,14.0991,0
1479.32,-0.136719,0.259277,0.991211,-0.915527,0.12207,13.9771,0
1479.33,-0.13916,0.223145,0.972656,-0.915527,0,14.0991,0
1479.34,-0.144043,0.263672,0.977051,-0.671387,0,14.4043,0
1479.35,-0.146484,0.273926,1.00146,-1.15967,0,13.855,0
1479.36,-0.141602,0.243164,1.01807,-0.671387,-0.0610352,14.0381,0
1479.37,-0.155762,0.299805,1.01172,-0.793457,0,13.9771,0
1479.38,-0.143066,0.268066,0.986328,-1.52588,-0.12207,13.7329,0
1479.39,-0.15332,0.280762,0.994629,-1.64795,0,14.0381,0
1479.4,-0.130371,0.268066,0.990723,-2.19727,0.12207,13.6108,0
1479.41,-0.146973,0.266602,0.981934,-2.01416,0,13.7329,0
1479.42,-0.131836,0.247559,0.983398,-2.13623,0.244141,13.3057,0
1479.43,-0.135742,0.231445,0.956055,-1.64795,0,13.6108,0
1479.44,-0.133301,0.28418,0.947754,-2.0752,-0.12207,13.4277,0
1479.45,-0.126465,0.20459,0.973633,-2.50244,0,13.0615,0
1479.46,-0.131348,0.270996,1.00488,-1.77002,-0.305176,13.6719,0
1479.47,-0.132812,0.270996,0.994629,-3.17383,0.183105,12.7563,0
1479.48,-0.143066,0.19043,0.980469,-2.38037,-0.0610352,13.2446,0
1479.49,-0.136719,0.28125,0.964844,-2.56348,0,13.1836,0
1479.5,-0.140137,0.15918,0.973145,-2.86865,0,12.5732,0
1479.51,-0.125488,0.203613,0.977539,-1.40381,-0.0610352,13.4277,0
1479.52,-0.116211,0.240234,0.967285,-2.44141,0.305176,12.4512,0
1479.53,-0.106934,0.14502,0.990234,-2.01416,0,12.6343,0
1479.54,-0.097168,0.277344,0.990234,-1.64795,-0.0610352,12.9395,0
1479.55,-0.111328,0.214844,0.984863,-3.11279,0.244141,11.7798,0
1479.56,-0.119629,0.152344,0.993652,-2.0752,0.0610352,12.5122,0
1479.57,-0.12207,0.262207,0.972168,-2.31934,0.427246,12.207,0
1479.58,-0.118652,0.138672,0.977051,-2.62451,0.671387,11.6577,0
1479.59,-0.134766,0.194824,0.980957,-1.52588,0.305176,12.3901,0
1479.6,-0.114746,0.216797,0.991211,-2.44141,0.427246,11.2915,0
1479.61,-0.118164,0.131348,0.991211,-2.01416,0.183105,11.4746,0
1479.62,-0.11084,0.208496,0.990723,-1.52588,0,11.6577,0
1479.62,-0.105469,0.184082,0.96582,-2.2583,0.244141,10.9253,0
1479.63,-0.102051,0.13916,0.962891,-1.58691,0.0610352,11.1694,0
1479.64,-0.106445,0.194336,0.957031,-1.40381,0.183105,10.9863,0
1479.65,-0.111816,0.169922,0.990234,-1.58691,0.12207,10.6812,0
1479.66,-0.11377,0.164551,1.01123,-1.40381,0.183105,10.6812,0
1479.67,-0.126465,0.171387,1.021,-1.52588,0.366211,10.2539,0
1479.68,-0.127441,0.136719,1.00928,-1.70898,0.549316,10.0708,0
1479.69,-0.118164,0.178711,1.00244,-1.52588,0.488281,10.3149,0
1479.7,-0.116699,0.159668,0.995117,-2.19727,0.488281,9.76562,0
1479.71,-0.108398,0.133789,0.999512,-1.46484,0.244141,10.1318,0
1479.72,-0.107422,0.220215,0.99707,-1.89209,0.366211,9.82666,0
1479.73,-0.117188,0.097168,0.979004,-2.19727,0.549316,9.52148,0
1479.74,-0.115723,0.139648,0.983398,-1.2207,0.427246,10.0708,0
1479.75,-0.121094,0.16748,0.990234,-2.01416,0.549316,9.27734,0
1479.76,-0.107422,0.090332,0.989258,-1.70898,0.549316,9.27734,0
1479.77,-0.109863,0.180176,1.00244,-1.34277,0.427246,9.52148,0
1479.78,-0.110352,0.146973,0.981445,-2.19727,0.549316,8.66699,0
1479.79,-0.121094,0.100586,0.989258,-1.46484,0.244141,9.15527,0
1479.8,-0.119141,0.18457,0.981934,-1.64795,0.244141,9.09424,0
1479.81,-0.12207,0.119141,0.999512,-2.0752,0.305176,8.54492,0
1479.82,-0.12207,0.108887,0.995605,-1.40381,0.12207,8.91113,0
1479.83,-0.116211,0.150391,0.987793,-1.58691,0.12207,8.60596,0
1479.84,-0.106934,0.0844727,0.988281,-1.77002,0.0610352,8.42285,0
1479.85,-0.104492,0.102539,0.975098,-1.15967,0,8.66699,0
1479.86,-0.0991211,0.174805,0.955078,-1.52588,0,8.30078,0
1479.87,-0.111328,0.0947266,0.966309,-1.70898,0.12207,7.93457,0
1479.88,-0.11377,0.119629,0.979004,-1.0376,-0.0610352,8.36182,0
1479.89,-0.123535,0.135742,1.01172,-1.28174,0.0610352,7.87354,0
1479.9,-0.119141,0.0805664,1.01367,-1.15967,0.183105,7.8125,0
1479.91,-0.12207,0.111816,0.998535,-0.793457,0.244141,7.93457,0
1479.92,-0.112305,0.108887,0.982422,-0.976562,0.244141,7.56836,0
1479.93,-0.10791,0.0849609,0.992676,-0.915527,0.305176,7.50732,0
1479.94,-0.109375,0.124023,0.988281,-0.793457,0.366211,7.44629,0
1479.95,-0.107422,0.102051,0.983887,-1.15967,0.793457,7.14111,0
1479.96,-0.109863,0.0976562,0.973633,-0.793457,0.793457,7.32422,0
1479.96,-0.106934,0.117188,0.969727,-1.15967,0.671387,6.95801,0
1479.97,-0.111328,0.0791016,0.984863,-1.0376,0.549316,6.89697,0
1479.98,-0.112305,0.125977,0.98877,-0.793457,0.488281,7.14111,0
1479.99,-0.119629,0.0795898,0.986328,-1.2207,0.793457,6.53076,0
1480,-0.11084,0.0966797,0.989746,-0.732422,0.549316,6.83594,0
1480.01,-0.109375,0.105469,0.992188,-1.15967,0.854492,6.40869,0
1480.02,-0.111816,0.0585938,0.988281,-0.732422,0.976562,6.71387,0
1480.03,-0.115723,0.118164,0.990234,-0.610352,0.854492,6.65283,0
1480.04,-0.11084,0.081543,0.993652,-1.15967,1.09863,6.04248,0
1480.05,-0.118164,0.0805664,0.996094,-0.488281,1.0376,6.5918,0
1480.06,-0.118652,0.124023,0.989258,-0.793457,0.915527,6.46973,0
1480.07,-0.109375,0.0600586,0.993164,-1.2207,0.732422,6.16455,0
1480.08,-0.117676,0.0908203,0.975586,-0.427246,0.793457,6.5918,0
1480.09,-0.120117,0.116699,0.962402,-0.732422,1.0376,6.22559,0
1480.1,-0.109863,0.0610352,0.988281,-0.488281,0.793457,6.10352,0
1480.11,-0.109863,0.0834961,1.01318,-0.305176,0.732422,6.22559,0
1480.12,-0.10791,0.105469,1.01465,-0.549316,0.854492,6.10352,0
1480.13,-0.119629,0.0712891,1.01758,-0.671387,1.0376,6.10352,0
1480.14,-0.130371,0.0766602,1.00781,-0.610352,0.915527,6.10352,0
1480.15,-0.125,0.104492,0.991699,-0.549316,0.854492,6.10352,0
1480.16,-0.12207,0.101074,1.00732,-0.915527,0.854492,5.79834,0
1480.17,-0.109863,0.0708008,0.984863,-0.854492,0.793457,5.98145,0
1480.18,-0.120605,0.097168,0.982422,-0.793457,0.610352,6.04248,0
1480.19,-0.123047,0.0917969,0.981934,-1.09863,0.488281,5.79834,0
1480.2,-0.121582,0.0893555,0.992188,-0.854492,0.366211,5.98145,0
1480.21,-0.114258,0.10498,1.00342,-1.0376,0.244141,5.79834,0
1480.22,-0.0957031,0.0644531,1.00586,-0.915527,0.0610352,5.61523,0
1480.23,-0.0922852,0.0932617,0.994141,-0.366211,0,5.7373,0
1480.24,-0.0947266,0.0761719,0.979004,-0.549316,0.0610352,5.49316,0
1480.25,-0.104004,0.0366211,0.96875,-0.0610352,-0.244141,5.49316,0
1480.26,-0.104004,0.0991211,0.97168,0,-0.305176,5.61523,0
1480.27,-0.0917969,0.0649414,0.983887,-0.488281,-0.244141,5.12695,0
1480.28,-0.081543,0.0649414,0.993164,-0.427246,-0.549316,5.37109,0
1480.29,-0.100586,0.0483398,0.994629,-0.732422,-0.610352,5.06592,0
1480.29,-0.0952148,0.0527344,0.992676,-0.366211,-0.671387,5.37109,0
1480.3,-0.0888672,0.121094,0.996582,-0.549316,-0.854492,5.24902,0
1480.31,-0.0913086,0.0390625,0.999512,-1.34277,-0.793457,4.63867,0
1480.32,-0.0874023,0.0620117,1.00049,-0.549316,-0.976562,5.37109,0
1480.33,-0.090332,0.0878906,0.996094,-1.28174,-0.671387,4.76074,0
1480.34,-0.0844727,0.0307617,0.99707,-1.15967,-0.915527,4.69971,0
1480.35,-0.0864258,0.0722656,0.972168,-0.915527,-1.0376,4.82178,0
1480.36,-0.0634766,0.0541992,0.987305,-1.2207,-0.976562,4.39453,0
1480.37,-0.0737305,0.0473633,0.991211,-0.915527,-1.0376,4.63867,0
1480.38,-0.0644531,0.090332,0.997559,-1.28174,-0.915527,4.39453,0
1480.39,-0.0708008,0.0532227,1.00439,-1.46484,-0.854492,4.21143,0
1480.4,-0.0649414,0.0449219,1.00781,-1.09863,-0.854492,4.3335,0
1480.41,-0.0742188,0.0654297,0.996582,-1.2207,-0.915527,4.15039,0
1480.42,-0.0566406,0.0302734,0.985352,-1.15967,-0.854492,3.84521,0
1480.43,-0.0507812,0.0327148,0.986328,-0.488281,-0.671387,4.02832,0
1480.44,-0.0581055,0.0722656,0.98877,-0.854492,-0.732422,3.72314,0
1480.45,-0.0678711,-0.0117188,0.998047,-0.854492,-0.549316,3.479,0
1480.46,-0.0654297,0.0458984,1.02832,-0.12207,-0.488281,4.08936,0
1480.47,-0.0688477,0.0717773,1.02051,-1.09863,-0.244141,3.2959,0
1480.48,-0.0546875,-0.00634766,1.02051,-0.976562,-0.183105,3.17383,0
1480.49,-0.0571289,0.0751953,1.01318,-0.427246,-0.12207,3.66211,0
1480.5,-0.0678711,0.0439453,1.00635,-1.46484,0.0610352,2.86865,0
1480.51,-0.0678711,0.012207,1.00537,-0.854492,0,3.35693,0
1480.52,-0.0625,0.0751953,0.979492,-1.09863,0.305176,3.05176,0
1480.53,-0.074707,0.00634766,1,-1.28174,0.244141,2.74658,0
1480.54,-0.0698242,0.0380859,1.00977,-0.854492,0.305176,3.05176,0
1480.55,-0.0683594,0.0224609,1.01416,-1.09863,0.488281,2.68555,0
1480.56,-0.0595703,0.0112305,0.994629,-0.549316,0.488281,2.99072,0
1480.57,-0.0678711,0.0244141,1.00049,-0.610352,0.610352,2.68555,0
1480.58,-0.0668945,-0.0112305,0.986816,-0.183105,0.732422,2.74658,0
1480.58,-0.0742188,0.0405273,1.00488,0.0610352,0.793457,2.92969,0
1480.59,-0.0805664,-0.00537109,1.00586,-0.305176,0.854492,2.50244,0
1480.6,-0.0751953,0.00292969,0.995117,0.305176,0.549316,2.99072,0
1480.61,-0.0771484,0.0175781,0.987305,0.12207,0.671387,2.56348,0
1480.62,-0.078125,-0.00878906,0.98584,0.427246,0.610352,2.56348,0
1480.63,-0.0771484,0.0307617,0.979492,0.427246,0.610352,2.50244,0
1480.64,-0.0566406,0.00195312,0.98584,0.12207,0.732422,2.2583,0
1480.65,-0.0610352,0.00927734,0.993164,0.549316,0.610352,2.56348,0
1480.66,-0.065918,0.0405273,0.987793,0,0.732422,2.0752,0
1480.67,-0.0766602,-0.0175781,0.985352,0.183105,0.671387,2.0752,0
1480.68,-0.0849609,0.0507812,0.985352,0.366211,0.549316,2.31934,0
1480.69,-0.074707,0.0200195,0.98291,-0.305176,0.488281,1.58691,0
1480.7,-0.0673828,-0.0224609,0.977051,0.244141,0.366211,2.01416,0
1480.71,-0.0668945,0.0439453,0.983398,0.488281,0.366211,1.89209,0
1480.72,-0.0825195,0.0117188,0.976562,0.0610352,0.183105,1.40381,0
1480.73,-0.0786133,-0.00830078,0.969238,0.549316,0.183105,1.70898,0
1480.74,-0.078125,0.0668945,1.00342,0.244141,0.12207,1.58691,0
1480.75,-0.0717773,0.00732422,1.01514,-0.183105,0.12207,0.976562,0
1480.76,-0.0712891,-0.00244141,0.996582,0.244141,0,1.52588,0
1480.77,-0.0751953,0.0395508,1.00195,0,-0.12207,1.28174,0
1480.78,-0.0703125,-0.0151367,0.989258,-0.305176,0,0.854492,0
1480.79,-0.0678711,0.0136719,0.966797,0.427246,0,1.52588,0
1480.8,-0.0771484,0.0561523,1.00098,-0.305176,0,0.915527,0
1480.81,-0.0712891,-0.0146484,0.987305,-0.427246,-0.0610352,0.854492,0
1480.82,-0.0756836,0.0292969,0.98291,-0.12207,-0.0610352,1.2207,0
1480.83,-0.0864258,0.00439453,1.01221,-0.549316,0,0.732422,0
1480.84,-0.0742188,-0.00488281,1.00391,-0.366211,0,0.915527,0
1480.85,-0.0756836,0.0253906,0.991211,-0.366211,0.12207,0.854492,0
1480.86,-0.0668945,0.00830078,1.01953,-0.732422,0.0610352,0.732422,0
1480.87,-0.0722656,4.882812e-04,0.997559,-0.549316,0.0610352,0.793457,0
1480.87,-0.0722656,0.0292969,0.979492,-0.671387,0.0610352,0.732422,0
1480.88,-0.090332,-0.0219727,0.987793,-0.671387,0.12207,0.427246,0
1480.89,-0.074707,0.0146484,0.993652,-0.183105,0.0610352,0.732422,0
1480.9,-0.0844727,-0.00927734,0.994141,-0.549316,0.183105,0.305176,0
1480.91,-0.0756836,-0.03125,1.01953,-0.12207,-0.0610352,0.549316,0
1480.92,-0.0771484,0.0136719,0.991699,-0.244141,0,0.427246,0
1480.93,-0.0732422,-0.0356445,0.981934,-0.488281,-0.0610352,0.12207,0
1480.94,-0.0820312,-0.00390625,1.00098,0,-0.244141,0.549316,0
1480.95,-0.0605469,0.0200195,1.01318,-0.610352,-0.0610352,0.183105,0
1480.96,-0.0654297,-0.0375977,1.01367,-0.488281,0,0.12207,0
1480.97,-0.0742188,-0.0112305,1.00732,-0.12207,-0.0610352,0.305176,0
1480.98,-0.0732422,0.00292969,0.991699,-0.427246,0,0,0
1480.99,-0.0727539,-0.043457,0.994629,-0.488281,0.0610352,0,0
1481,-0.0625,-0.0258789,1.00537,-0.12207,0,0.0610352,0
1481.01,-0.0556641,0.0126953,1.01074,-0.244141,0,-0.12207,0
1481.02,-0.0625,-0.0439453,0.993652,-0.305176,0.0610352,-0.427246,0
1481.03,-0.0732422,-0.015625,1.00391,0.183105,-0.183105,-0.0610352,0
1481.04,-0.0600586,-0.0185547,1.01025,-0.244141,-0.0610352,-0.427246,0
1481.05,-0.0673828,-0.065918,1.01465,0.183105,-0.12207,-0.183105,0
1481.06,-0.0473633,-0.00195312,1.00293,0.366211,0,-0.305176,0
1481.07,-0.0527344,-0.0336914,0.988281,0.12207,0,-0.671387,0
1481.08,-0.0605469,-0.03125,0.989746,0.488281,-0.12207,-0.366211,0
1481.09,-0.0693359,-0.00341797,1.00488,0.0610352,-0.244141,-0.549316,0
1481.1,-0.0664062,-0.0380859,1.02979,0,-0.183105,-0.488281,0
1481.11,-0.0664062,0.00634766,1.01562,0.12207,-0.183105,-0.366211,0
1481.12,-0.0717773,0.00341797,1.00781,-0.366211,-0.0610352,-0.732422,0
1481.13,-0.0825195,-0.0253906,1.00244,-0.183105,-0.12207,-0.549316,0
1481.14,-0.0678711,0.0170898,0.991211,-0.427246,0,-0.610352,0
1481.15,-0.0742188,-0.0322266,0.98584,-0.732422,0.0610352,-0.915527,0
1481.16,-0.0800781,-0.0234375,0.996094,-0.305176,0.0610352,-0.610352,0
1481.16,-0.0883789,0.0141602,0.998535,-0.549316,0,-0.976562,0
1481.17,-0.0810547,-0.0327148,1.00049,-0.732422,0,-1.2207,0
1481.18,-0.0952148,-0.0219727,0.997559,-0.183105,-0.0610352,-0.854492,0
1481.19,-0.081543,0.00195312,1.00342,-0.366211,0,-0.976562,0
1481.2,-0.0830078,-0.0185547,0.983398,-0.610352,0,-1.09863,0
1481.21,-0.0732422,-0.0244141,0.999023,-0.427246,-0.12207,-1.09863,0
1481.22,-0.0800781,-0.0239258,1,-0.366211,-0.183105,-1.15967,0
1481.23,-0.0703125,-0.0209961,0.999023,-0.244141,-0.427246,-1.09863,0
1481.24,-0.0732422,-0.0512695,0.991211,-0.244141,-0.366211,-1.2207,0
1481.25,-0.0683594,-0.0253906,0.985352,0.0610352,-0.488281,-0.976562,0
1481.26,-0.0610352,-0.0249023,0.982422,-0.12207,-0.427246,-1.34277,0
1481.27,-0.0620117,-0.0639648,0.98291,0.305176,-0.305176,-1.09863,0
1481.28,-0.0673828,0.00390625,1.00146,0.488281,-0.366211,-0.976562,0
1481.29,-0.0820312,-0.0483398,0.998535,-0.0610352,-0.183105,-1.58691,0
1481.3,-0.0810547,-0.0493164,0.983398,0.488281,-0.183105,-0.976562,0
1481.31,-0.103027,0.0078125,0.98877,0.0610352,0,-1.28174,0
1481.32,-0.0996094,-0.0405273,0.989746,-0.305176,0.12207,-1.52588,0
1481.33,-0.109375,-0.0273438,1.00146,0,0,-1.28174,0
1481.34,-0.0991211,0.0161133,1.00391,-0.305176,0.0610352,-1.46484,0
1481.35,-0.0961914,-0.0253906,0.98584,-0.671387,0.305176,-1.70898,0
1481.36,-0.0869141,-0.0229492,0.995605,-0.305176,0.0610352,-1.46484,0
1481.37,-0.081543,0.00390625,0.998047,-0.610352,0,-1.64795,0
1481.38,-0.0712891,-0.0439453,1.00195,-0.793457,0,-1.83105,0
1481.39,-0.0839844,-0.0283203,1.00098,-0.305176,-0.12207,-1.52588,0
1481.4,-0.0810547,-0.0102539,0.996582,-0.549316,0,-1.70898,0
1481.41,-0.0820312,-0.0683594,0.991211,-0.427246,-0.0610352,-1.77002,0
1481.42,-0.081543,-0.0166016,0.966797,0.0610352,-0.12207,-1.28174,0
1481.43,-0.0795898,-0.0107422,0.987305,-0.427246,0.183105,-1.83105,0
1481.44,-0.0947266,-0.0561523,1.00195,-0.12207,0.0610352,-1.70898,0
1481.45,-0.101074,-0.00830078,0.981445,0.12207,0.12207,-1.46484,0
1481.45,-0.108887,-0.0205078,1.00635,0,0.12207,-1.83105,0
1481.46,-0.107422,-0.0419922,1.02051,0.427246,0.244141,-1.70898,0
1481.47,-0.0893555,0.00830078,1.00342,0.305176,0.366211,-1.77002,0
1481.48,-0.0791016,-0.0351562,1.00684,-0.366211,0.610352,-2.13623,0
1481.49,-0.081543,-0.050293,0.998535,-0.0610352,0.549316,-1.64795,0
1481.5,-0.0805664,0.0249023,0.986816,-0.610352,0.488281,-1.70898,0
1481.51,-0.0893555,-0.0527344,0.983887,-1.2207,0.610352,-2.13623,0
1481.52,-0.0810547,-0.0317383,0.972656,-0.427246,0.488281,-1.40381,0
1481.53,-0.090332,0.0117188,0.962402,-1.28174,0.549316,-1.95312,0
1481.54,-0.0966797,-0.0795898,0.975098,-1.15967,0.488281,-1.95312,0
1481.55,-0.100586,-0.00488281,0.991211,-0.244141,0.488281,-1.28174,0
1481.56,-0.109863,0.0283203,1.01074,-1.0376,0.610352,-2.01416,0
1481.57,-0.100098,-0.0791016,1.01416,-0.793457,0.732422,-2.01416,0
1481.58,-0.100586,0.00341797,1.00488,0,0.549316,-1.34277,0
1481.59,-0.0825195,-0.00439453,0.993652,-0.915527,0.671387,-2.0752,0
1481.6,-0.0805664,-0.0693359,0.98877,-0.305176,0.549316,-1.52588,0
1481.61,-0.081543,0.00927734,0.986816,0,0.427246,-1.28174,0
1481.62,-0.0888672,-0.0263672,0.986816,-0.671387,0.610352,-1.89209,0
1481.63,-0.0981445,-0.0473633,1.00635,-0.244141,0.549316,-1.52588,0
1481.64,-0.104004,-0.00683594,0.988281,-0.12207,0.854492,-1.52588,0
1481.65,-0.100098,-0.0273438,0.985352,-0.427246,0.976562,-1.83105,0
1481.66,-0.101074,-0.0351562,0.967285,0,0.976562,-1.58691,0
1481.67,-0.0932617,-0.0166016,0.972656,-0.0610352,0.976562,-1.70898,0
1481.68,-0.0927734,-0.0429688,0.962891,0,0.732422,-1.77002,0
1481.69,-0.0839844,-0.0224609,0.967285,0.244141,0.610352,-1.46484,0
1481.7,-0.0932617,-0.0288086,0.98584,0,0.366211,-1.70898,0
1481.71,-0.100586,-0.046875,0.979492,0.183105,0.244141,-1.58691,0
1481.72,-0.10498,-0.00927734,0.983887,0.12207,0.366211,-1.58691,0
1481.73,-0.109375,-0.0151367,0.987305,-0.244141,0.488281,-1.89209,0
1481.74,-0.102539,-0.0195312,0.999512,-0.305176,0.610352,-1.89209,0
1481.75,-0.0961914,0.0180664,1.01025,-0.671387,0.671387,-1.77002,0
1481.75,-0.0854492,-0.0219727,0.995117,-1.15967,0.732422,-2.0752,0
1481.76,-0.0825195,-0.0209961,1,-0.915527,0.793457,-1.64795,0
1481.77,-0.097168,-4.882812e-04,1.00439,-1.2207,0.671387,-1.77002,0
1481.78,-0.104492,-0.0336914,1.00977,-1.28174,0.732422,-1.89209,0
1481.79,-0.116211,0.00488281,1.01416,-0.915527,0.976562,-1.58691,0
