t_s,time_local,lat_deg,lon_deg,east_m,north_m,speed_mps,a_long_g,a_lat_g,yaw_rate_dps,a_lat_kin_g,in_gates
1859.8,2026-08-15T15:23:07.240,33.6525851,-117.3018434,56.638,-26.8153,0.0089408,-0.059,0.004,0,0,0
1859.84,2026-08-15T15:23:07.280,33.6525851,-117.3018434,56.638,-26.8153,0.0089408,-0.059,0.004,0,0,0
1859.88,2026-08-15T15:23:07.320,33.6525851,-117.3018434,56.638,-26.8153,0.0178816,-0.059,0.004,0,0,0
1859.92,2026-08-15T15:23:07.360,33.6525851,-117.3018434,56.638,-26.8153,0.0268224,-0.059,0.004,0,0,0
1859.96,2026-08-15T15:23:07.400,33.6525851,-117.3018434,56.638,-26.8153,0.0089408,-0.059,0.004,0,0,0
1860,2026-08-15T15:23:07.440,33.6525851,-117.3018434,56.638,-26.8153,0.0357632,-0.059,0.004,0,0,0
1860.04,2026-08-15T15:23:07.480,33.6525851,-117.3018434,56.638,-26.8153,0.022352,-0.059,0.004,0,0,0
1860.08,2026-08-15T15:23:07.520,33.6525851,-117.3018434,56.638,-26.8153,0.0089408,-0.058,0.004,0,0,0
1860.12,2026-08-15T15:23:07.560,33.6525851,-117.3018434,56.638,-26.8153,0.0089408,-0.058,0.004,0,0,0
1860.16,2026-08-15T15:23:07.600,33.6525851,-117.3018434,56.638,-26.8153,0.0044704,-0.059,0.004,0,0,0
1860.2,2026-08-15T15:23:07.640,33.6525851,-117.3018434,56.638,-26.8153,0.022352,-0.059,0.004,0,0,0
1860.24,2026-08-15T15:23:07.680,33.6525851,-117.3018434,56.638,-26.8153,0.0134112,-0.058,0.004,0,0,0
1860.28,2026-08-15T15:23:07.720,33.6525851,-117.3018434,56.638,-26.8153,0.0178816,-0.058,0.004,0,0,0
1860.32,2026-08-15T15:23:07.760,33.6525851,-117.3018434,56.638,-26.8153,0.0044704,-0.059,0.004,0,0,0
1860.36,2026-08-15T15:23:07.800,33.6525851,-117.3018434,56.638,-26.8153,0.0089408,-0.059,0.004,-0.01,-1.590687e-07,0
1860.4,2026-08-15T15:23:07.840,33.6525851,-117.3018434,56.638,-26.8153,0.0044704,-0.06,0.004,0,0,0
1860.44,2026-08-15T15:23:07.880,33.6525851,-117.3018434,56.638,-26.8153,0.0268224,-0.059,0.005,0,0,0
1860.48,2026-08-15T15:23:07.920,33.6525851,-117.3018434,56.638,-26.8153,0.022352,-0.059,0.005,0,0,0
1860.52,2026-08-15T15:23:07.960,33.6525851,-117.3018434,56.638,-26.8153,0.0089408,-0.058,0.004,0,0,0
1860.56,2026-08-15T15:23:08.000,33.6525851,-117.3018434,56.638,-26.8153,0.0089408,-0.057,0.004,0,0,0
1860.6,2026-08-15T15:23:08.040,33.6525851,-117.3018434,56.638,-26.8153,0,-0.057,0.004,0,0,0
1860.64,2026-08-15T15:23:08.080,33.6525851,-117.3018434,56.638,-26.8153,0.0089408,-0.058,0.004,0,0,0
1860.68,2026-08-15T15:23:08.120,33.6525851,-117.3018434,56.638,-26.8153,0.0134112,-0.058,0.004,0,0,0
1860.72,2026-08-15T15:23:08.160,33.6525852,-117.3018434,56.638,-26.8042,0.022352,-0.059,0.005,0,0,0
1860.76,2026-08-15T15:23:08.200,33.6525852,-117.3018434,56.638,-26.8042,0.022352,-0.059,0.005,0,0,0
1860.8,2026-08-15T15:23:08.240,33.6525852,-117.3018434,56.638,-26.8042,0.0134112,-0.059,0.006,0,0,0
1860.84,2026-08-15T15:23:08.280,33.6525852,-117.3018434,56.638,-26.8042,0.0402336,-0.059,0.006,0,0,0
1860.88,2026-08-15T15:23:08.320,33.6525852,-117.3018434,56.638,-26.8042,0.0134112,-0.059,0.005,0,0,0
1860.92,2026-08-15T15:23:08.360,33.6525852,-117.3018434,56.638,-26.8042,0.0178816,-0.06,0.005,0,0,0
1860.96,2026-08-15T15:23:08.400,33.6525852,-117.3018434,56.638,-26.8042,0.022352,-0.06,0.004,0,0,0
1861,2026-08-15T15:23:08.440,33.6525852,-117.3018434,56.638,-26.8042,0.0178816,-0.06,0.004,0,0,0
1861.04,2026-08-15T15:23:08.480,33.6525852,-117.3018434,56.638,-26.8042,0.0044704,-0.059,0.004,0,0,0
1861.08,2026-08-15T15:23:08.520,33.6525852,-117.3018434,56.638,-26.8042,0.0089408,-0.058,0.005,0,0,0
1861.12,2026-08-15T15:23:08.560,33.6525852,-117.3018434,56.638,-26.8042,0.0134112,-0.057,0.006,0,0,0
1861.16,2026-08-15T15:23:08.600,33.6525853,-117.3018434,56.638,-26.7931,0.0178816,-0.057,0.006,0,0,0
1861.2,2026-08-15T15:23:08.640,33.6525853,-117.3018434,56.638,-26.7931,0.0268224,-0.057,0.006,0,0,0
1861.24,2026-08-15T15:23:08.680,33.6525853,-117.3018434,56.638,-26.7931,0.0357632,-0.058,0.005,-0.01,-6.362748e-07,0
1861.28,2026-08-15T15:23:08.720,33.6525853,-117.3018434,56.638,-26.7931,0.022352,-0.059,0.004,-0.01,-3.976718e-07,0
1861.32,2026-08-15T15:23:08.760,33.6525853,-117.3018434,56.638,-26.7931,0.0089408,-0.06,0.003,-0.02,-3.181374e-07,0
1861.36,2026-08-15T15:23:08.800,33.6525853,-117.3018434,56.638,-26.7931,0.0178816,-0.059,0.003,-0.02,-6.362748e-07,0
1861.4,2026-08-15T15:23:08.840,33.6525853,-117.3018434,56.638,-26.7931,0.0134112,-0.059,0.003,-0.02,-4.772061e-07,0
1861.44,2026-08-15T15:23:08.880,33.6525855,-117.3018434,56.638,-26.7708,0.022352,-0.058,0.004,-0.01,-3.976718e-07,0
1861.48,2026-08-15T15:23:08.920,33.6525855,-117.3018434,56.638,-26.7708,0.0134112,-0.057,0.004,-0.01,-2.386031e-07,0
1861.52,2026-08-15T15:23:08.960,33.6525855,-117.3018434,56.638,-26.7708,0.0357632,-0.057,0.005,0,0,0
1861.56,2026-08-15T15:23:09.000,33.6525855,-117.3018434,56.638,-26.7708,0.0089408,-0.057,0.006,0,0,0
1861.6,2026-08-15T15:23:09.040,33.6525855,-117.3018434,56.638,-26.7708,0.0134112,-0.058,0.007,0,0,0
1861.64,2026-08-15T15:23:09.080,33.6525855,-117.3018434,56.638,-26.7708,0.022352,-0.058,0.007,0,0,0
1861.68,2026-08-15T15:23:09.120,33.6525856,-117.3018434,56.638,-26.7597,0.0178816,-0.058,0.007,0,0,0
1861.72,2026-08-15T15:23:09.160,33.6525856,-117.3018434,56.638,-26.7597,0.0178816,-0.053,0.005,0,0,0
1861.76,2026-08-15T15:23:09.200,33.6525856,-117.3018434,56.638,-26.7597,0.0044704,-0.034,0.003,0,0,0
1861.8,2026-08-15T15:23:09.240,33.6525856,-117.3018435,56.6287,-26.7597,0.044704,0.004,0,0.03,2.386031e-06,0
1861.84,2026-08-15T15:23:09.280,33.6525855,-117.3018435,56.6287,-26.7708,0.0938784,0.095,0.001,0.06,1.002133e-05,0
1861.88,2026-08-15T15:23:09.320,33.6525854,-117.3018436,56.6194,-26.7819,0.245872,0.223,0.001,0.09,3.936950e-05,0
1861.92,2026-08-15T15:23:09.360,33.6525852,-117.3018438,56.6009,-26.8042,0.536448,0.38,0.002,0.08,7.635298e-05,0
1861.96,2026-08-15T15:23:09.400,33.6525847,-117.3018440,56.5824,-26.8598,0.934314,0.553,0.002,-0.01,-1.662268e-05,0
1862,2026-08-15T15:23:09.440,33.6525842,-117.3018443,56.5547,-26.9154,1.35006,0.715,-0.002,-0.18,-4.323487e-04,0
1862.04,2026-08-15T15:23:09.480,33.6525835,-117.3018448,56.5084,-26.9932,1.73899,0.831,-0.01,-0.41,-0.00126849,0
1862.08,2026-08-15T15:23:09.520,33.6525828,-117.3018454,56.4528,-27.071,2.13685,0.905,-0.021,-0.67,-0.00254717,0
1862.12,2026-08-15T15:23:09.560,33.6525819,-117.3018460,56.3973,-27.1711,2.48554,0.931,-0.033,-0.99,-0.00437789,0
1862.16,2026-08-15T15:23:09.600,33.6525809,-117.3018467,56.3325,-27.2823,2.82529,0.92,-0.041,-1.38,-0.00693667,0
1862.2,2026-08-15T15:23:09.640,33.6525798,-117.3018474,56.2677,-27.4046,3.14716,0.894,-0.044,-1.91,-0.0106945,0
1862.24,2026-08-15T15:23:09.680,33.6525787,-117.3018483,56.1844,-27.5269,3.46009,0.865,-0.05,-2.72,-0.0167442,0
1862.28,2026-08-15T15:23:09.720,33.6525774,-117.3018492,56.1011,-27.6715,3.79537,0.841,-0.059,-3.74,-0.0252542,0
1862.32,2026-08-15T15:23:09.760,33.6525761,-117.3018502,56.0085,-27.8161,4.153,0.826,-0.074,-4.93,-0.0364265,0
1862.36,2026-08-15T15:23:09.800,33.6525745,-117.3018512,55.916,-27.994,4.52852,0.815,-0.091,-6.22,-0.0501135,0
1862.4,2026-08-15T15:23:09.840,33.6525730,-117.3018524,55.8049,-28.1608,4.81015,0.8,-0.113,-7.58,-0.0648689,0
1862.44,2026-08-15T15:23:09.880,33.6525713,-117.3018536,55.6938,-28.3498,5.12755,0.785,-0.136,-8.81,-0.08037,0
1862.48,2026-08-15T15:23:09.920,33.6525696,-117.3018551,55.555,-28.5388,5.42707,0.769,-0.161,-9.9,-0.0955892,0
1862.52,2026-08-15T15:23:09.960,33.6525678,-117.3018565,55.4254,-28.739,5.75788,0.759,-0.182,-10.81,-0.110738,0
1862.56,2026-08-15T15:23:10.000,33.6525659,-117.3018581,55.2773,-28.9502,6.05292,0.753,-0.194,-11.57,-0.124597,0
1862.6,2026-08-15T15:23:10.040,33.6525640,-117.3018598,55.12,-29.1615,6.37032,0.753,-0.196,-12.16,-0.137817,0
1862.64,2026-08-15T15:23:10.080,33.6525620,-117.3018615,54.9626,-29.3839,6.72348,0.752,-0.195,-12.85,-0.153711,0
1862.68,2026-08-15T15:23:10.120,33.6525598,-117.3018635,54.7775,-29.6285,7.04088,0.75,-0.191,-13.67,-0.171239,0
1862.72,2026-08-15T15:23:10.160,33.6525576,-117.3018654,54.6016,-29.8732,7.32252,0.75,-0.192,-14.64,-0.190726,0
1862.76,2026-08-15T15:23:10.200,33.6525554,-117.3018675,54.4073,-30.1178,7.64885,0.749,-0.2,-15.74,-0.214195,0
1862.8,2026-08-15T15:23:10.240,33.6525530,-117.3018697,54.2036,-30.3847,7.9439,0.747,-0.215,-17.01,-0.240407,1
1862.84,2026-08-15T15:23:10.280,33.6525505,-117.3018720,53.9907,-30.6626,8.2613,0.739,-0.245,-18.24,-0.268091,1
1862.88,2026-08-15T15:23:10.320,33.6525481,-117.3018744,53.7686,-30.9295,8.57423,0.719,-0.285,-19.43,-0.296399,1
1862.92,2026-08-15T15:23:10.360,33.6525457,-117.3018769,53.5372,-31.1964,8.83798,0.682,-0.336,-20.61,-0.32407,1
1862.96,2026-08-15T15:23:10.400,33.6525432,-117.3018796,53.2873,-31.4744,9.09279,0.637,-0.391,-21.73,-0.351532,1
1863,2026-08-15T15:23:10.440,33.6525406,-117.3018824,53.0281,-31.7635,9.27161,0.586,-0.44,-22.78,-0.375766,1
1863.04,2026-08-15T15:23:10.480,33.6525381,-117.3018852,52.769,-32.0415,9.48619,0.541,-0.469,-23.71,-0.400158,1
1863.08,2026-08-15T15:23:10.520,33.6525356,-117.3018884,52.4728,-32.3194,9.68736,0.512,-0.485,-24.49,-0.422087,1
1863.12,2026-08-15T15:23:10.560,33.6525331,-117.3018915,52.1858,-32.5974,9.90194,0.497,-0.489,-25.16,-0.44324,1
1863.16,2026-08-15T15:23:10.600,33.6525305,-117.3018947,51.8896,-32.8865,10.0852,0.497,-0.483,-25.74,-0.461852,1
1863.2,2026-08-15T15:23:10.640,33.6525280,-117.3018981,51.5749,-33.1645,10.349,0.513,-0.482,-26.25,-0.48332,1
1863.24,2026-08-15T15:23:10.680,33.6525253,-117.3019015,51.2602,-33.4648,10.6127,0.533,-0.49,-26.76,-0.505268,1
1863.28,2026-08-15T15:23:10.720,33.6525227,-117.3019053,50.9085,-33.7539,10.881,0.547,-0.512,-27.24,-0.52733,1
1863.32,2026-08-15T15:23:10.760,33.6525201,-117.3019091,50.5568,-34.043,11.1402,0.55,-0.543,-27.62,-0.547427,1
1863.36,2026-08-15T15:23:10.800,33.6525175,-117.3019130,50.1958,-34.3321,11.3459,0.538,-0.571,-27.94,-0.563992,1
1863.4,2026-08-15T15:23:10.840,33.6525150,-117.3019171,49.8163,-34.6101,11.4934,0.51,-0.582,-28.27,-0.578073,1
1863.44,2026-08-15T15:23:10.880,33.6525125,-117.3019213,49.4275,-34.8881,11.6409,0.48,-0.584,-28.62,-0.592742,1
1863.48,2026-08-15T15:23:10.920,33.6525099,-117.3019255,49.0388,-35.1772,11.8287,0.455,-0.587,-29.05,-0.611351,1
1863.52,2026-08-15T15:23:10.960,33.6525075,-117.3019299,48.6315,-35.444,11.9986,0.439,-0.617,-29.5,-0.629737,1
1863.56,2026-08-15T15:23:11.000,33.6525050,-117.3019343,48.2243,-35.722,12.2265,0.427,-0.653,-29.84,-0.649099,1
1863.6,2026-08-15T15:23:11.040,33.6525027,-117.3019391,47.78,-35.9778,12.4143,0.417,-0.693,-29.96,-0.661717,1
1863.64,2026-08-15T15:23:11.080,33.6525004,-117.3019439,47.3357,-36.2335,12.5842,0.397,-0.712,-29.78,-0.666742,1
1863.68,2026-08-15T15:23:11.120,33.6524982,-117.3019488,46.8821,-36.4781,12.7183,0.368,-0.712,-29.41,-0.665475,1
1863.72,2026-08-15T15:23:11.160,33.6524959,-117.3019538,46.4193,-36.7339,12.839,0.338,-0.699,-28.98,-0.661969,1
1863.76,2026-08-15T15:23:11.200,33.6524937,-117.3019589,45.9473,-36.9785,12.9731,0.302,-0.695,-28.62,-0.660574,1
1863.8,2026-08-15T15:23:11.240,33.6524917,-117.3019640,45.4752,-37.2009,13.058,0.267,-0.694,-28.4,-0.659788,1
1863.84,2026-08-15T15:23:11.280,33.6524897,-117.3019692,44.9939,-37.4233,13.1698,0.243,-0.703,-28.32,-0.663561,1
1863.88,2026-08-15T15:23:11.320,33.6524879,-117.3019745,44.5034,-37.6234,13.3039,0.222,-0.712,-28.28,-0.669371,1
1863.92,2026-08-15T15:23:11.360,33.6524861,-117.3019800,43.9943,-37.8236,13.3844,0.197,-0.72,-28.25,-0.672706,1
1863.96,2026-08-15T15:23:11.400,33.6524843,-117.3019855,43.4852,-38.0237,13.4559,0.18,-0.732,-28.22,-0.675582,1
1864,2026-08-15T15:23:11.440,33.6524827,-117.3019910,42.9761,-38.2017,13.59,0.155,-0.742,-28.23,-0.682557,1
1864.04,2026-08-15T15:23:11.480,33.6524811,-117.3019967,42.4485,-38.3796,13.6437,0.126,-0.748,-28.36,-0.688407,1
1864.08,2026-08-15T15:23:11.520,33.6524795,-117.3020024,41.9209,-38.5575,13.6705,0.101,-0.752,-28.6,-0.695598,1
1864.12,2026-08-15T15:23:11.560,33.6524781,-117.3020080,41.4026,-38.7132,13.7152,0.079,-0.747,-28.92,-0.705681,1
1864.16,2026-08-15T15:23:11.600,33.6524768,-117.3020139,40.8565,-38.8577,13.7644,0.064,-0.737,-29.25,-0.716292,1
1864.2,2026-08-15T15:23:11.640,33.6524756,-117.3020197,40.3197,-38.9911,13.818,0.061,-0.741,-29.49,-0.724984,1
1864.24,2026-08-15T15:23:11.680,33.6524744,-117.3020255,39.7828,-39.1246,13.8851,0.065,-0.756,-29.59,-0.730973,1
1864.28,2026-08-15T15:23:11.720,33.6524733,-117.3020315,39.2274,-39.2469,13.9253,0.074,-0.773,-29.54,-0.731852,1
1864.32,2026-08-15T15:23:11.760,33.6524724,-117.3020374,38.6813,-39.347,14.0058,0.086,-0.793,-29.34,-0.731097,1
1864.36,2026-08-15T15:23:11.800,33.6524715,-117.3020434,38.126,-39.447,14.0773,0.102,-0.803,-28.98,-0.725815,1
1864.4,2026-08-15T15:23:11.840,33.6524709,-117.3020496,37.5521,-39.5138,14.1667,0.121,-0.805,-28.52,-0.718831,1
1864.44,2026-08-15T15:23:11.880,33.6524702,-117.3020558,36.9782,-39.5916,14.2874,0.144,-0.804,-27.98,-0.711229,1
1864.48,2026-08-15T15:23:11.920,33.6524696,-117.3020620,36.4044,-39.6583,14.3455,0.164,-0.797,-27.38,-0.698808,1
1864.52,2026-08-15T15:23:11.960,33.6524691,-117.3020681,35.8398,-39.7139,14.4662,0.182,-0.787,-26.74,-0.688216,1
1864.56,2026-08-15T15:23:12.000,33.6524688,-117.3020745,35.2474,-39.7473,14.569,0.192,-0.774,-26.19,-0.678851,1
1864.6,2026-08-15T15:23:12.040,33.6524684,-117.3020809,34.655,-39.7917,14.6584,0.192,-0.758,-25.77,-0.672064,1
1864.64,2026-08-15T15:23:12.080,33.6524683,-117.3020872,34.0719,-39.8029,14.7344,0.188,-0.737,-25.51,-0.668732,1
1864.68,2026-08-15T15:23:12.120,33.6524683,-117.3020937,33.4702,-39.8029,14.8238,0.185,-0.719,-25.45,-0.671208,1
1864.72,2026-08-15T15:23:12.160,33.6524682,-117.3021002,32.8686,-39.814,14.9445,0.183,-0.707,-25.57,-0.679864,1
1864.76,2026-08-15T15:23:12.200,33.6524683,-117.3021066,32.2762,-39.8029,15.0071,0.188,-0.7,-25.8,-0.688852,1
1864.8,2026-08-15T15:23:12.240,33.6524684,-117.3021133,31.6561,-39.7917,15.11,0.198,-0.701,-26.05,-0.700292,1
1864.84,2026-08-15T15:23:12.280,33.6524688,-117.3021198,31.0544,-39.7473,15.2396,0.206,-0.708,-26.26,-0.711994,1
1864.88,2026-08-15T15:23:12.320,33.6524691,-117.3021265,30.4343,-39.7139,15.3603,0.211,-0.723,-26.37,-0.720639,1
1864.92,2026-08-15T15:23:12.360,33.6524696,-117.3021332,29.8141,-39.6583,15.5123,0.212,-0.737,-26.35,-0.727218,1
1864.96,2026-08-15T15:23:12.400,33.6524702,-117.3021401,29.1755,-39.5916,15.5972,0.208,-0.748,-26.2,-0.727038,1
1865,2026-08-15T15:23:12.440,33.6524709,-117.3021468,28.5553,-39.5138,15.6553,0.205,-0.752,-25.93,-0.722226,1
1865.04,2026-08-15T15:23:12.480,33.6524715,-117.3021535,27.9351,-39.447,15.7179,0.204,-0.753,-25.56,-0.714767,1
1865.08,2026-08-15T15:23:12.520,33.6524725,-117.3021604,27.2965,-39.3358,15.8118,0.203,-0.751,-25.14,-0.707221,1
1865.12,2026-08-15T15:23:12.560,33.6524734,-117.3021672,26.6671,-39.2358,15.8967,0.207,-0.743,-24.68,-0.69801,1
1865.16,2026-08-15T15:23:12.600,33.6524745,-117.3021739,26.0469,-39.1135,16.0219,0.216,-0.731,-24.08,-0.686403,1
1865.2,2026-08-15T15:23:12.640,33.6524757,-117.3021808,25.4083,-38.98,16.1292,0.227,-0.716,-23.33,-0.669478,1
1865.24,2026-08-15T15:23:12.680,33.6524770,-117.3021878,24.7603,-38.8355,16.2588,0.244,-0.699,-22.33,-0.645932,1
1865.28,2026-08-15T15:23:12.720,33.6524785,-117.3021947,24.1217,-38.6687,16.4153,0.261,-0.676,-20.97,-0.612429,1
1865.32,2026-08-15T15:23:12.760,33.6524800,-117.3022016,23.483,-38.5019,16.5673,0.267,-0.642,-19.01,-0.560328,1
1865.36,2026-08-15T15:23:12.800,33.6524815,-117.3022088,22.8166,-38.3351,16.7104,0.257,-0.596,-16.59,-0.49322,1
1865.4,2026-08-15T15:23:12.840,33.6524830,-117.3022158,22.1687,-38.1683,16.7864,0.226,-0.528,-13.68,-0.408555,1
1865.44,2026-08-15T15:23:12.880,33.6524847,-117.3022227,21.53,-37.9793,16.8176,0.17,-0.43,-10.33,-0.309082,1
1865.48,2026-08-15T15:23:12.920,33.6524862,-117.3022298,20.8728,-37.8125,16.8221,0.1,-0.3,-6.39,-0.191245,1
1865.52,2026-08-15T15:23:12.960,33.6524878,-117.3022368,20.2249,-37.6346,16.7774,0.035,-0.146,-2.08,-0.0620864,1
1865.56,2026-08-15T15:23:13.000,33.6524892,-117.3022438,19.577,-37.4789,16.7238,-0.011,0.018,2.29,0.0681362,1
1865.6,2026-08-15T15:23:13.040,33.6524907,-117.3022507,18.9383,-37.3121,16.7327,-0.03,0.184,6.51,0.193801,1
1865.64,2026-08-15T15:23:13.080,33.6524920,-117.3022579,18.2719,-37.1675,16.7595,-0.025,0.341,10.33,0.308014,1
1865.68,2026-08-15T15:23:13.120,33.6524933,-117.3022650,17.6147,-37.023,16.8489,-0.007,0.478,13.43,0.402584,1
1865.72,2026-08-15T15:23:13.160,33.6524944,-117.3022722,16.9483,-36.9007,16.916,0.012,0.577,15.75,0.474009,1
1865.76,2026-08-15T15:23:13.200,33.6524955,-117.3022794,16.2819,-36.7784,16.9249,0.018,0.638,17.65,0.531472,1
1865.8,2026-08-15T15:23:13.240,33.6524964,-117.3022866,15.6154,-36.6783,16.916,0.006,0.672,19.32,0.581451,1
1865.84,2026-08-15T15:23:13.280,33.6524974,-117.3022939,14.9397,-36.5671,16.8936,-0.01,0.701,21,0.631177,1
1865.88,2026-08-15T15:23:13.320,33.6524983,-117.3023011,14.2733,-36.467,16.8445,-0.022,0.731,22.85,0.684781,1
1865.92,2026-08-15T15:23:13.360,33.6524989,-117.3023083,13.6069,-36.4003,16.8311,-0.031,0.766,24.68,0.739035,1
1865.96,2026-08-15T15:23:13.400,33.6524994,-117.3023155,12.9405,-36.3447,16.8668,-0.033,0.802,26.28,0.788618,1
1866,2026-08-15T15:23:13.440,33.6524999,-117.3023228,12.2648,-36.2891,16.8758,-0.041,0.832,27.6,0.828668,1
1866.04,2026-08-15T15:23:13.480,33.6525002,-117.3023301,11.5891,-36.2557,16.8936,-0.064,0.851,28.75,0.864111,1
1866.08,2026-08-15T15:23:13.520,33.6525005,-117.3023374,10.9134,-36.2224,16.8176,-0.095,0.867,29.77,0.890743,1
1866.12,2026-08-15T15:23:13.560,33.6525006,-117.3023446,10.247,-36.2113,16.7551,-0.125,0.883,30.88,0.920517,1
1866.16,2026-08-15T15:23:13.600,33.6525006,-117.3023518,9.58053,-36.2113,16.688,-0.141,0.894,32.08,0.952461,1
1866.2,2026-08-15T15:23:13.640,33.6525005,-117.3023590,8.9141,-36.2224,16.6254,-0.14,0.914,33.18,0.981425,1
1866.24,2026-08-15T15:23:13.680,33.6525002,-117.3023661,8.25693,-36.2557,16.5762,-0.124,0.944,33.97,1.00182,1
1866.28,2026-08-15T15:23:13.720,33.6524999,-117.3023732,7.59975,-36.2891,16.6165,-0.104,0.974,34.43,1.01785,1
1866.32,2026-08-15T15:23:13.760,33.6524993,-117.3023804,6.93332,-36.3558,16.6388,-0.092,0.998,34.62,1.02484,1
1866.36,2026-08-15T15:23:13.800,33.6524986,-117.3023874,6.2854,-36.4337,16.5852,-0.084,1.002,34.64,1.02213,1
1866.4,2026-08-15T15:23:13.840,33.6524977,-117.3023946,5.61897,-36.5337,16.4779,-0.077,0.989,34.57,1.01347,1
1866.44,2026-08-15T15:23:13.880,33.6524968,-117.3024015,4.98031,-36.6338,16.3974,-0.069,0.971,34.42,1.00414,1
1866.48,2026-08-15T15:23:13.920,33.6524958,-117.3024084,4.34164,-36.745,16.4555,-0.055,0.971,34.11,0.998625,1
1866.52,2026-08-15T15:23:13.960,33.6524946,-117.3024154,3.69373,-36.8784,16.469,-0.04,0.976,33.62,0.985081,1
1866.56,2026-08-15T15:23:14.000,33.6524934,-117.3024225,3.03655,-37.0119,16.469,-0.032,1.001,33.02,0.967501,1
1866.6,2026-08-15T15:23:14.040,33.6524918,-117.3024293,2.40714,-37.1898,16.4511,-0.027,1.016,32.44,0.949475,1
1866.64,2026-08-15T15:23:14.080,33.6524903,-117.3024362,1.76848,-37.3566,16.4645,-0.027,1.024,31.91,0.934724,1
1866.68,2026-08-15T15:23:14.120,33.6524885,-117.3024431,1.12982,-37.5567,16.4466,-0.034,1.015,31.51,0.922004,1
1866.72,2026-08-15T15:23:14.160,33.6524867,-117.3024498,0.509667,-37.7569,16.4019,-0.043,1.004,31.23,0.911327,1
1866.76,2026-08-15T15:23:14.200,33.6524847,-117.3024565,-0.110484,-37.9793,16.384,-0.05,0.982,30.98,0.903047,1
1866.8,2026-08-15T15:23:14.240,33.6524827,-117.3024631,-0.721379,-38.2017,16.3527,-0.06,0.977,30.66,0.892012,1
1866.84,2026-08-15T15:23:14.280,33.6524805,-117.3024697,-1.33227,-38.4463,16.3438,-0.073,0.992,30.19,0.877858,1
1866.88,2026-08-15T15:23:14.320,33.6524783,-117.3024762,-1.93391,-38.6909,16.3304,-0.087,1.007,29.49,0.856799,1
1866.92,2026-08-15T15:23:14.360,33.6524759,-117.3024826,-2.5263,-38.9578,16.2767,-0.11,1.004,28.54,0.826474,1
1866.96,2026-08-15T15:23:14.400,33.6524732,-117.3024889,-3.10942,-39.258,16.2276,-0.135,0.979,27.46,0.792797,1
1867,2026-08-15T15:23:14.440,33.6524707,-117.3024951,-3.68329,-39.536,16.1158,-0.153,0.927,26.14,0.74949,1
1867.04,2026-08-15T15:23:14.480,33.6524681,-117.3025012,-4.24791,-39.8251,16.0532,-0.163,0.86,24.47,0.698882,1
1867.08,2026-08-15T15:23:14.520,33.6524655,-117.3025073,-4.81252,-40.1142,15.9727,-0.168,0.804,22.24,0.632008,1
1867.12,2026-08-15T15:23:14.560,33.6524627,-117.3025134,-5.37714,-40.4256,15.9549,-0.167,0.751,19.35,0.549265,1
1867.16,2026-08-15T15:23:14.600,33.6524598,-117.3025193,-5.92324,-40.748,15.937,-0.171,0.693,15.61,0.442606,1
1867.2,2026-08-15T15:23:14.640,33.6524570,-117.3025252,-6.46934,-41.0594,15.8923,-0.185,0.631,11.69,0.330528,1
1867.24,2026-08-15T15:23:14.680,33.6524541,-117.3025310,-7.00619,-41.3818,15.7805,-0.203,0.558,7.99,0.224324,1
1867.28,2026-08-15T15:23:14.720,33.6524512,-117.3025368,-7.54304,-41.7043,15.6777,-0.219,0.475,4.87,0.135837,1
1867.32,2026-08-15T15:23:14.760,33.6524483,-117.3025426,-8.07989,-42.0268,15.5749,-0.234,0.376,2.34,0.0648409,1
1867.36,2026-08-15T15:23:14.800,33.6524454,-117.3025482,-8.59822,-42.3492,15.4765,-0.24,0.269,0.46,0.012666,1
1867.4,2026-08-15T15:23:14.840,33.6524426,-117.3025539,-9.12581,-42.6606,15.4184,-0.244,0.155,-1.2,-0.0329177,1
1867.44,2026-08-15T15:23:14.880,33.6524398,-117.3025597,-9.66266,-42.9719,15.3782,-0.251,0.021,-3.02,-0.0826266,1
1867.48,2026-08-15T15:23:14.920,33.6524370,-117.3025654,-10.1903,-43.2833,15.3111,-0.262,-0.123,-4.98,-0.135658,1
1867.52,2026-08-15T15:23:14.960,33.6524344,-117.3025711,-10.7178,-43.5724,15.1994,-0.275,-0.247,-7.15,-0.193348,1
1867.56,2026-08-15T15:23:15.000,33.6524319,-117.3025769,-11.2547,-43.8504,15.0652,-0.289,-0.344,-9.27,-0.248465,1
1867.6,2026-08-15T15:23:15.040,33.6524294,-117.3025826,-11.7823,-44.1283,14.9714,-0.293,-0.409,-11.5,-0.306315,1
1867.64,2026-08-15T15:23:15.080,33.6524270,-117.3025883,-12.3099,-44.3952,14.8998,-0.284,-0.448,-13.61,-0.360785,1
1867.68,2026-08-15T15:23:15.120,33.6524246,-117.3025941,-12.8467,-44.6621,14.8507,-0.27,-0.485,-15.62,-0.412701,1
1867.72,2026-08-15T15:23:15.160,33.6524223,-117.3025999,-13.3836,-44.9178,14.8238,-0.249,-0.519,-17.46,-0.460483,1
1867.76,2026-08-15T15:23:15.200,33.6524201,-117.3026057,-13.9204,-45.1625,14.7657,-0.226,-0.531,-19.18,-0.503862,1
1867.8,2026-08-15T15:23:15.240,33.6524181,-117.3026116,-14.4665,-45.3849,14.73,-0.205,-0.54,-20.61,-0.540117,1
1867.84,2026-08-15T15:23:15.280,33.6524160,-117.3026174,-15.0034,-45.6184,14.6987,-0.193,-0.547,-21.89,-0.572443,1
1867.88,2026-08-15T15:23:15.320,33.6524140,-117.3026233,-15.5495,-45.8408,14.654,-0.186,-0.557,-23.14,-0.603291,1
1867.92,2026-08-15T15:23:15.360,33.6524122,-117.3026292,-16.0956,-46.0409,14.6048,-0.192,-0.595,-24.5,-0.636605,1
1867.96,2026-08-15T15:23:15.400,33.6524104,-117.3026351,-16.6417,-46.2411,14.5512,-0.21,-0.648,-26.06,-0.674653,1
1868,2026-08-15T15:23:15.440,33.6524088,-117.3026411,-17.197,-46.419,14.4886,-0.23,-0.71,-27.85,-0.717892,1
1868.04,2026-08-15T15:23:15.480,33.6524073,-117.3026470,-17.7431,-46.5858,14.3992,-0.24,-0.765,-29.62,-0.758806,1
1868.08,2026-08-15T15:23:15.520,33.6524060,-117.3026529,-18.2892,-46.7303,14.3455,-0.243,-0.812,-31.19,-0.796049,1
1868.12,2026-08-15T15:23:15.560,33.6524047,-117.3026589,-18.8446,-46.8749,14.3053,-0.232,-0.846,-32.34,-0.823085,1
1868.16,2026-08-15T15:23:15.600,33.6524036,-117.3026650,-19.4092,-46.9972,14.2829,-0.205,-0.867,-33.04,-0.839587,1
1868.2,2026-08-15T15:23:15.640,33.6524026,-117.3026710,-19.9646,-47.1084,14.2472,-0.17,-0.872,-33.29,-0.843822,1
1868.24,2026-08-15T15:23:15.680,33.6524017,-117.3026769,-20.5107,-47.2084,14.2561,-0.127,-0.871,-33.23,-0.842829,1
1868.28,2026-08-15T15:23:15.720,33.6524009,-117.3026830,-21.0753,-47.2974,14.3008,-0.079,-0.86,-32.96,-0.838603,1
1868.32,2026-08-15T15:23:15.760,33.6524001,-117.3026891,-21.6399,-47.3864,14.3276,-0.033,-0.854,-32.52,-0.82896,1
1868.36,2026-08-15T15:23:15.800,33.6523997,-117.3026954,-22.223,-47.4308,14.3992,0.005,-0.857,-32.02,-0.820289,1
1868.4,2026-08-15T15:23:15.840,33.6523991,-117.3027016,-22.7969,-47.4976,14.4752,0.029,-0.861,-31.56,-0.812772,1
1868.44,2026-08-15T15:23:15.880,33.6523987,-117.3027078,-23.3708,-47.542,14.4796,0.037,-0.865,-31.21,-0.804006,1
1868.48,2026-08-15T15:23:15.920,33.6523985,-117.3027141,-23.9539,-47.5643,14.5109,0.043,-0.87,-30.99,-0.800064,1
1868.52,2026-08-15T15:23:15.960,33.6523985,-117.3027203,-24.5278,-47.5643,14.502,0.051,-0.862,-30.9,-0.797249,1
1868.56,2026-08-15T15:23:16.000,33.6523983,-117.3027266,-25.1109,-47.5865,14.5556,0.062,-0.851,-30.81,-0.797868,1
1868.6,2026-08-15T15:23:16.040,33.6523985,-117.3027329,-25.694,-47.5643,14.6182,0.078,-0.845,-30.66,-0.797397,1
1868.64,2026-08-15T15:23:16.080,33.6523986,-117.3027393,-26.2864,-47.5532,14.7568,0.095,-0.844,-30.41,-0.798393,1
1868.68,2026-08-15T15:23:16.120,33.6523989,-117.3027459,-26.8973,-47.5198,14.8641,0.107,-0.846,-30.1,-0.796,1
1868.72,2026-08-15T15:23:16.160,33.6523993,-117.3027522,-27.4804,-47.4753,14.9177,0.115,-0.844,-29.84,-0.791972,1
1868.76,2026-08-15T15:23:16.200,33.6523999,-117.3027588,-28.0913,-47.4086,14.9893,0.119,-0.836,-29.71,-0.792302,1
1868.8,2026-08-15T15:23:16.240,33.6524005,-117.3027651,-28.6745,-47.3419,15.0563,0.125,-0.825,-29.73,-0.796383,1
1868.84,2026-08-15T15:23:16.280,33.6524012,-117.3027716,-29.2761,-47.264,15.11,0.133,-0.814,-29.84,-0.802177,1
1868.88,2026-08-15T15:23:16.320,33.6524021,-117.3027782,-29.887,-47.164,15.1815,0.141,-0.808,-29.93,-0.808405,1
1868.92,2026-08-15T15:23:16.360,33.6524029,-117.3027846,-30.4794,-47.075,15.2664,0.149,-0.813,-29.9,-0.812113,1
1868.96,2026-08-15T15:23:16.400,33.6524041,-117.3027911,-31.081,-46.9416,15.3379,0.159,-0.82,-29.71,-0.810733,1
1869,2026-08-15T15:23:16.440,33.6524053,-117.3027976,-31.6826,-46.8081,15.4497,0.169,-0.826,-29.32,-0.805921,1
1869.04,2026-08-15T15:23:16.480,33.6524067,-117.3028043,-32.3028,-46.6525,15.6017,0.179,-0.827,-28.81,-0.799693,1
1869.08,2026-08-15T15:23:16.520,33.6524082,-117.3028107,-32.8952,-46.4857,15.6822,0.189,-0.822,-28.27,-0.788751,1
1869.12,2026-08-15T15:23:16.560,33.6524097,-117.3028173,-33.5061,-46.3189,15.7895,0.197,-0.814,-27.78,-0.780383,1
1869.16,2026-08-15T15:23:16.600,33.6524114,-117.3028239,-34.117,-46.1299,15.8699,0.204,-0.81,-27.38,-0.773066,1
1869.2,2026-08-15T15:23:16.640,33.6524132,-117.3028304,-34.7186,-45.9297,15.9504,0.213,-0.808,-27.1,-0.76904,1
1869.24,2026-08-15T15:23:16.680,33.6524151,-117.3028371,-35.3388,-45.7184,16.1113,0.224,-0.804,-26.86,-0.76992,1
1869.28,2026-08-15T15:23:16.720,33.6524172,-117.3028436,-35.9404,-45.4849,16.2186,0.243,-0.796,-26.53,-0.765525,1
1869.32,2026-08-15T15:23:16.760,33.6524193,-117.3028502,-36.5513,-45.2514,16.3438,0.264,-0.784,-25.99,-0.755731,1
1869.36,2026-08-15T15:23:16.800,33.6524215,-117.3028569,-37.1714,-45.0068,16.5092,0.282,-0.774,-25.07,-0.736357,1
1869.4,2026-08-15T15:23:16.840,33.6524240,-117.3028635,-37.7823,-44.7288,16.6388,0.291,-0.76,-23.66,-0.7004,1
1869.44,2026-08-15T15:23:16.880,33.6524264,-117.3028701,-38.3932,-44.4619,16.7461,0.286,-0.738,-21.48,-0.639966,1
1869.48,2026-08-15T15:23:16.920,33.6524289,-117.3028768,-39.0134,-44.1839,16.84,0.261,-0.704,-18.69,-0.559963,1
1869.52,2026-08-15T15:23:16.960,33.6524316,-117.3028833,-39.615,-43.8837,16.9249,0.214,-0.642,-14.96,-0.450471,1
1869.56,2026-08-15T15:23:17.000,33.6524343,-117.3028900,-40.2352,-43.5835,17.0009,0.14,-0.542,-10.58,-0.320012,1
1869.6,2026-08-15T15:23:17.040,33.6524369,-117.3028967,-40.8553,-43.2944,17.0546,0.047,-0.406,-5.63,-0.170827,1
1869.64,2026-08-15T15:23:17.080,33.6524394,-117.3029032,-41.457,-43.0164,16.9339,-0.049,-0.227,-0.39,-0.0117498,1
1869.68,2026-08-15T15:23:17.120,33.6524419,-117.3029097,-42.0586,-42.7384,16.764,-0.142,0.01,5.33,0.158969,1
1869.72,2026-08-15T15:23:17.160,33.6524443,-117.3029163,-42.6695,-42.4715,16.6031,-0.209,0.261,10.8,0.319022,1
1869.76,2026-08-15T15:23:17.200,33.6524465,-117.3029228,-43.2711,-42.2269,16.5137,-0.244,0.498,15.87,0.46626,1
1869.8,2026-08-15T15:23:17.240,33.6524485,-117.3029295,-43.8913,-42.0045,16.5002,-0.251,0.701,20.18,0.592407,1
1869.84,2026-08-15T15:23:17.280,33.6524505,-117.3029362,-44.5114,-41.7821,16.5002,-0.24,0.844,23.48,0.689282,1
1869.88,2026-08-15T15:23:17.320,33.6524525,-117.3029429,-45.1316,-41.5597,16.4779,-0.216,0.909,25.49,0.747274,1
1869.92,2026-08-15T15:23:17.360,33.6524541,-117.3029496,-45.7517,-41.3818,16.4108,-0.196,0.915,26.5,0.773722,1
1869.96,2026-08-15T15:23:17.400,33.6524558,-117.3029563,-46.3719,-41.1928,16.3483,-0.172,0.868,26.81,0.779788,1
1870,2026-08-15T15:23:17.440,33.6524574,-117.3029630,-46.992,-41.0149,16.2544,-0.142,0.793,26.7,0.772129,1
1870.04,2026-08-15T15:23:17.480,33.6524590,-117.3029698,-47.6215,-40.837,16.2499,-0.113,0.737,26.36,0.762087,1
1870.08,2026-08-15T15:23:17.520,33.6524605,-117.3029765,-48.2416,-40.6702,16.2678,-0.085,0.721,25.93,0.75048,1
1870.12,2026-08-15T15:23:17.560,33.6524618,-117.3029834,-48.8803,-40.5256,16.308,-0.067,0.752,25.4,0.736959,1
1870.16,2026-08-15T15:23:17.600,33.6524629,-117.3029903,-49.5189,-40.4033,16.2857,-0.062,0.798,24.88,0.720882,1
1870.2,2026-08-15T15:23:17.640,33.6524639,-117.3029972,-50.1576,-40.2921,16.2454,-0.065,0.837,24.45,0.706673,1
1870.24,2026-08-15T15:23:17.680,33.6524650,-117.3030041,-50.7963,-40.1698,16.1918,-0.063,0.848,24.18,0.696562,1
1870.28,2026-08-15T15:23:17.720,33.6524659,-117.3030111,-51.4442,-40.0697,16.2007,-0.045,0.832,24.05,0.693199,1
1870.32,2026-08-15T15:23:17.760,33.6524665,-117.3030179,-52.0736,-40.003,16.241,-0.01,0.798,23.99,0.693187,1
1870.36,2026-08-15T15:23:17.800,33.6524673,-117.3030250,-52.7308,-39.9141,16.3125,0.035,0.772,23.83,0.691596,1
1870.4,2026-08-15T15:23:17.840,33.6524679,-117.3030321,-53.3879,-39.8473,16.4511,0.081,0.763,23.5,0.687813,1
1870.44,2026-08-15T15:23:17.880,33.6524684,-117.3030392,-54.0451,-39.7917,16.5405,0.111,0.755,23.07,0.678897,1
1870.48,2026-08-15T15:23:17.920,33.6524689,-117.3030464,-54.7115,-39.7362,16.6031,0.125,0.739,22.69,0.670241,1
1870.52,2026-08-15T15:23:17.960,33.6524690,-117.3030537,-55.3872,-39.725,16.6388,0.128,0.726,22.48,0.665468,1
1870.56,2026-08-15T15:23:18.000,33.6524693,-117.3030609,-56.0537,-39.6917,16.6791,0.125,0.721,22.49,0.667374,1
1870.6,2026-08-15T15:23:18.040,33.6524695,-117.3030681,-56.7201,-39.6694,16.7148,0.127,0.719,22.68,0.674455,1
1870.64,2026-08-15T15:23:18.080,33.6524695,-117.3030754,-57.3958,-39.6694,16.8132,0.134,0.727,22.97,0.687099,1
1870.68,2026-08-15T15:23:18.120,33.6524694,-117.3030828,-58.0807,-39.6806,16.916,0.142,0.733,23.28,0.70063,1
1870.72,2026-08-15T15:23:18.160,33.6524691,-117.3030901,-58.7564,-39.7139,17.0233,0.148,0.74,23.52,0.712343,1
1870.76,2026-08-15T15:23:18.200,33.6524689,-117.3030975,-59.4413,-39.7362,17.1038,0.141,0.744,23.68,0.720579,1
1870.8,2026-08-15T15:23:18.240,33.6524684,-117.3031048,-60.117,-39.7917,17.1663,0.12,0.76,23.73,0.724742,1
1870.84,2026-08-15T15:23:18.280,33.6524681,-117.3031122,-60.802,-39.8251,17.1887,0.083,0.776,23.64,0.722934,1
1870.88,2026-08-15T15:23:18.320,33.6524675,-117.3031196,-61.4869,-39.8918,17.135,0.03,0.787,23.39,0.713056,1
1870.92,2026-08-15T15:23:18.360,33.6524666,-117.3031268,-62.1533,-39.9919,17.0635,-0.027,0.787,22.91,0.695508,1
1870.96,2026-08-15T15:23:18.400,33.6524659,-117.3031342,-62.8383,-40.0697,17.0278,-0.086,0.764,21.96,0.66527,1
1871,2026-08-15T15:23:18.440,33.6524651,-117.3031414,-63.5047,-40.1587,16.9652,-0.142,0.72,20.48,0.618154,1
1871.04,2026-08-15T15:23:18.480,33.6524642,-117.3031486,-64.1712,-40.2588,16.9026,-0.183,0.655,18.38,0.552722,1
1871.08,2026-08-15T15:23:18.520,33.6524633,-117.3031557,-64.8283,-40.3588,16.7953,-0.211,0.578,15.55,0.46465,1
1871.12,2026-08-15T15:23:18.560,33.6524624,-117.3031628,-65.4855,-40.4589,16.7416,-0.218,0.477,11.71,0.34879,1
1871.16,2026-08-15T15:23:18.600,33.6524613,-117.3031699,-66.1427,-40.5812,16.7059,-0.202,0.362,7.27,0.216079,1
1871.2,2026-08-15T15:23:18.640,33.6524604,-117.3031770,-66.7999,-40.6813,16.6791,-0.173,0.226,2.37,0.070328,1
1871.24,2026-08-15T15:23:18.680,33.6524594,-117.3031841,-67.457,-40.7925,16.7282,-0.147,0.055,-2.85,-0.084821,1
1871.28,2026-08-15T15:23:18.720,33.6524586,-117.3031912,-68.1142,-40.8815,16.7327,-0.133,-0.131,-7.77,-0.231311,1
1871.32,2026-08-15T15:23:18.760,33.6524579,-117.3031984,-68.7806,-40.9593,16.7238,-0.142,-0.3,-11.85,-0.352583,1
1871.36,2026-08-15T15:23:18.800,33.6524573,-117.3032056,-69.4471,-41.026,16.6478,-0.171,-0.435,-15.12,-0.447833,1
1871.4,2026-08-15T15:23:18.840,33.6524568,-117.3032125,-70.0857,-41.0816,16.4868,-0.207,-0.54,-17.62,-0.516835,1
1871.44,2026-08-15T15:23:18.880,33.6524563,-117.3032196,-70.7429,-41.1372,16.3751,-0.237,-0.606,-19.36,-0.564023,1
1871.48,2026-08-15T15:23:18.920,33.6524560,-117.3032266,-71.3908,-41.1706,16.308,-0.255,-0.656,-20.74,-0.601753,1
1871.52,2026-08-15T15:23:18.960,33.6524557,-117.3032335,-72.0295,-41.2039,16.2499,-0.258,-0.698,-22.08,-0.638349,1
1871.56,2026-08-15T15:23:19.000,33.6524556,-117.3032405,-72.6774,-41.215,16.2186,-0.25,-0.733,-23.28,-0.671746,1
1871.6,2026-08-15T15:23:19.040,33.6524555,-117.3032474,-73.3161,-41.2262,16.1471,-0.237,-0.761,-24.3,-0.698086,1
1871.64,2026-08-15T15:23:19.080,33.6524555,-117.3032543,-73.9547,-41.2262,16.089,-0.226,-0.775,-25.14,-0.719618,1
1871.68,2026-08-15T15:23:19.120,33.6524557,-117.3032613,-74.6026,-41.2039,16.0756,-0.214,-0.772,-25.75,-0.736464,1
1871.72,2026-08-15T15:23:19.160,33.6524560,-117.3032681,-75.2321,-41.1706,16.0219,-0.206,-0.756,-26.04,-0.742273,1
1871.76,2026-08-15T15:23:19.200,33.6524563,-117.3032750,-75.8707,-41.1372,15.9683,-0.204,-0.744,-26.19,-0.744049,1
1871.8,2026-08-15T15:23:19.240,33.6524567,-117.3032818,-76.5001,-41.0927,15.8967,-0.204,-0.744,-26.3,-0.743828,1
1871.84,2026-08-15T15:23:19.280,33.6524573,-117.3032885,-77.1203,-41.026,15.8386,-0.208,-0.765,-26.49,-0.746462,1
1871.88,2026-08-15T15:23:19.320,33.6524580,-117.3032952,-77.7404,-40.9482,15.7716,-0.213,-0.796,-26.81,-0.752281,1
1871.92,2026-08-15T15:23:19.360,33.6524588,-117.3033019,-78.3606,-40.8592,15.7179,-0.216,-0.824,-27.32,-0.763984,1
1871.96,2026-08-15T15:23:19.400,33.6524597,-117.3033086,-78.9807,-40.7591,15.6688,-0.215,-0.846,-28.01,-0.780829,1
1872,2026-08-15T15:23:19.440,33.6524608,-117.3033152,-79.5916,-40.6368,15.6196,-0.211,-0.852,-28.75,-0.798942,1
1872.04,2026-08-15T15:23:19.480,33.6524619,-117.3033217,-80.1933,-40.5145,15.5883,-0.206,-0.847,-29.41,-0.815646,1
1872.08,2026-08-15T15:23:19.520,33.6524631,-117.3033283,-80.8042,-40.3811,15.5391,-0.205,-0.843,-30,-0.829384,1
1872.12,2026-08-15T15:23:19.560,33.6524644,-117.3033347,-81.3965,-40.2365,15.4631,-0.206,-0.847,-30.52,-0.839634,1
1872.16,2026-08-15T15:23:19.600,33.6524659,-117.3033410,-81.9797,-40.0697,15.4005,-0.206,-0.855,-30.95,-0.848017,1
1872.2,2026-08-15T15:23:19.640,33.6524674,-117.3033474,-82.572,-39.9029,15.3469,-0.201,-0.861,-31.38,-0.856804,1
1872.24,2026-08-15T15:23:19.680,33.6524691,-117.3033536,-83.1459,-39.7139,15.2754,-0.181,-0.869,-31.78,-0.863681,1
1872.28,2026-08-15T15:23:19.720,33.6524709,-117.3033598,-83.7198,-39.5138,15.2441,-0.144,-0.874,-32.02,-0.868421,1
1872.32,2026-08-15T15:23:19.760,33.6524728,-117.3033659,-84.2844,-39.3025,15.2798,-0.094,-0.878,-32.03,-0.87073,1
1872.36,2026-08-15T15:23:19.800,33.6524749,-117.3033721,-84.8583,-39.069,15.3379,-0.042,-0.886,-31.74,-0.866129,1
1872.4,2026-08-15T15:23:19.840,33.6524771,-117.3033782,-85.4229,-38.8244,15.4184,0.002,-0.902,-31.19,-0.855585,1
1872.44,2026-08-15T15:23:19.880,33.6524793,-117.3033843,-85.9875,-38.5797,15.4989,0.035,-0.916,-30.44,-0.83937,1
1872.48,2026-08-15T15:23:19.920,33.6524817,-117.3033904,-86.5521,-38.3129,15.5257,0.051,-0.918,-29.57,-0.816791,1
1872.52,2026-08-15T15:23:19.960,33.6524843,-117.3033963,-87.0982,-38.0237,15.5168,0.059,-0.904,-28.43,-0.784849,1
1872.56,2026-08-15T15:23:20.000,33.6524869,-117.3034023,-87.6536,-37.7346,15.5838,0.067,-0.876,-27.19,-0.753861,1
1872.6,2026-08-15T15:23:20.040,33.6524895,-117.3034082,-88.1997,-37.4455,15.633,0.08,-0.838,-25.61,-0.712295,1
1872.64,2026-08-15T15:23:20.080,33.6524923,-117.3034141,-88.7458,-37.1342,15.6509,0.105,-0.788,-23.22,-0.64656,1
1872.68,2026-08-15T15:23:20.120,33.6524951,-117.3034200,-89.2919,-36.8228,15.7492,0.143,-0.737,-19.9,-0.557597,1
1872.72,2026-08-15T15:23:20.160,33.6524981,-117.3034258,-89.8287,-36.4893,15.9191,0.186,-0.664,-15.57,-0.440976,1
1872.76,2026-08-15T15:23:20.200,33.6525012,-117.3034319,-90.3934,-36.1446,16.089,0.234,-0.545,-10.08,-0.288534,1
1872.8,2026-08-15T15:23:20.240,33.6525042,-117.3034379,-90.9487,-35.811,16.2588,0.281,-0.357,-3.43,-0.0992184,1
1872.84,2026-08-15T15:23:20.280,33.6525073,-117.3034440,-91.5133,-35.4663,16.4377,0.32,-0.119,3.19,0.0932909,1
1872.88,2026-08-15T15:23:20.320,33.6525102,-117.3034504,-92.1057,-35.1438,16.6165,0.35,0.14,9.19,0.271683,1
1872.92,2026-08-15T15:23:20.360,33.6525130,-117.3034568,-92.6981,-34.8325,16.7461,0.369,0.389,13.97,0.416216,1
1872.96,2026-08-15T15:23:20.400,33.6525157,-117.3034634,-93.309,-34.5322,16.8802,0.374,0.583,17.17,0.515652,1
1873,2026-08-15T15:23:20.440,33.6525184,-117.3034700,-93.9199,-34.232,17.0278,0.374,0.71,18.62,0.564086,1
1873.04,2026-08-15T15:23:20.480,33.6525210,-117.3034768,-94.5493,-33.9429,17.1574,0.363,0.765,18.97,0.579065,1
1873.08,2026-08-15T15:23:20.520,33.6525236,-117.3034836,-95.1787,-33.6538,17.2736,0.347,0.754,18.56,0.570387,1
1873.12,2026-08-15T15:23:20.560,33.6525261,-117.3034904,-95.8081,-33.3758,17.3988,0.339,0.706,17.73,0.548828,1
1873.16,2026-08-15T15:23:20.600,33.6525287,-117.3034975,-96.4653,-33.0867,17.5061,0.337,0.641,16.72,0.520755,1
1873.2,2026-08-15T15:23:20.640,33.6525312,-117.3035045,-97.1132,-32.8087,17.7073,0.339,0.561,15.45,0.48673,1
1873.24,2026-08-15T15:23:20.680,33.6525337,-117.3035117,-97.7796,-32.5307,17.8861,0.352,0.488,14,0.445504,1
1873.28,2026-08-15T15:23:20.720,33.6525361,-117.3035189,-98.4461,-32.2639,18.0336,0.367,0.434,12.57,0.403298,1
1873.32,2026-08-15T15:23:20.760,33.6525386,-117.3035263,-99.131,-31.9859,18.1945,0.373,0.391,11.29,0.365463,1
1873.36,2026-08-15T15:23:20.800,33.6525410,-117.3035338,-99.8252,-31.719,18.3733,0.374,0.362,10.42,0.340615,1
1873.4,2026-08-15T15:23:20.840,33.6525434,-117.3035413,-100.519,-31.4521,18.5164,0.368,0.354,10.14,0.334043,1
1873.44,2026-08-15T15:23:20.880,33.6525457,-117.3035489,-101.223,-31.1964,18.6729,0.359,0.358,10.43,0.3465,1
1873.48,2026-08-15T15:23:20.920,33.6525480,-117.3035565,-101.926,-30.9406,18.7846,0.352,0.375,11.19,0.373974,1
1873.52,2026-08-15T15:23:20.960,33.6525503,-117.3035643,-102.648,-30.6849,18.9321,0.349,0.404,12.25,0.412614,1
1873.56,2026-08-15T15:23:21.000,33.6525525,-117.3035721,-103.37,-30.4403,19.0931,0.353,0.438,13.32,0.452469,1
1873.6,2026-08-15T15:23:21.040,33.6525547,-117.3035801,-104.111,-30.1956,19.2451,0.358,0.472,14.25,0.487913,1
1873.64,2026-08-15T15:23:21.080,33.6525569,-117.3035881,-104.851,-29.951,19.4597,0.342,0.506,15,0.51932,1
1873.68,2026-08-15T15:23:21.120,33.6525589,-117.3035962,-105.601,-29.7286,19.6116,0.303,0.532,15.49,0.540473,1
1873.72,2026-08-15T15:23:21.160,33.6525609,-117.3036045,-106.369,-29.5062,19.6608,0.23,0.553,15.79,0.552322,1
1873.76,2026-08-15T15:23:21.200,33.6525628,-117.3036125,-107.11,-29.2949,19.5848,0.115,0.564,16.06,0.559595,1
1873.8,2026-08-15T15:23:21.240,33.6525647,-117.3036206,-107.859,-29.0837,19.4686,-0.015,0.569,16.34,0.565972,1
1873.84,2026-08-15T15:23:21.280,33.6525664,-117.3036286,-108.6,-28.8946,19.3077,-0.144,0.575,16.71,0.574003,1
1873.88,2026-08-15T15:23:21.320,33.6525681,-117.3036365,-109.331,-28.7056,19.1423,-0.266,0.587,17.28,0.588498,1
1873.92,2026-08-15T15:23:21.360,33.6525696,-117.3036444,-110.062,-28.5388,18.9858,-0.355,0.6,18.05,0.609697,1
1873.96,2026-08-15T15:23:21.400,33.6525711,-117.3036523,-110.794,-28.372,18.8427,-0.405,0.615,18.96,0.63561,1
1874,2026-08-15T15:23:21.440,33.6525725,-117.3036601,-111.516,-28.2164,18.6773,-0.431,0.634,19.92,0.661931,1
1874.04,2026-08-15T15:23:21.480,33.6525738,-117.3036678,-112.228,-28.0718,18.5656,-0.431,0.66,20.68,0.683073,1
1874.08,2026-08-15T15:23:21.520,33.6525749,-117.3036757,-112.959,-27.9495,18.4628,-0.42,0.693,21.09,0.692758,1
1874.12,2026-08-15T15:23:21.560,33.6525760,-117.3036835,-113.681,-27.8272,18.3286,-0.414,0.723,21.16,0.690008,1
1874.16,2026-08-15T15:23:21.600,33.6525770,-117.3036912,-114.394,-27.716,18.1275,-0.412,0.742,20.97,0.676307,1
1874.2,2026-08-15T15:23:21.640,33.6525778,-117.3036988,-115.098,-27.627,17.9576,-0.414,0.75,20.7,0.661343,1
1874.24,2026-08-15T15:23:21.680,33.6525784,-117.3037064,-115.801,-27.5603,17.8369,-0.417,0.752,20.5,0.650551,1
1874.28,2026-08-15T15:23:21.720,33.6525792,-117.3037140,-116.504,-27.4713,17.6626,-0.414,0.746,20.44,0.642307,1
1874.32,2026-08-15T15:23:21.760,33.6525798,-117.3037214,-117.189,-27.4046,17.5106,-0.406,0.746,20.54,0.639895,1
1874.36,2026-08-15T15:23:21.800,33.6525802,-117.3037289,-117.884,-27.3602,17.4077,-0.399,0.76,20.77,0.643261,1
1874.4,2026-08-15T15:23:21.840,33.6525806,-117.3037363,-118.569,-27.3157,17.3317,-0.39,0.781,21.12,0.651245,1
1874.44,2026-08-15T15:23:21.880,33.6525808,-117.3037437,-119.254,-27.2934,17.1797,-0.382,0.796,21.68,0.66265,1
1874.48,2026-08-15T15:23:21.920,33.6525810,-117.3037510,-119.929,-27.2712,17.0143,-0.377,0.799,22.39,0.677763,1
1874.52,2026-08-15T15:23:21.960,33.6525810,-117.3037582,-120.596,-27.2712,16.8758,-0.375,0.794,23.26,0.698363,1
1874.56,2026-08-15T15:23:22.000,33.6525808,-117.3037654,-121.262,-27.2934,16.7551,-0.371,0.794,24.18,0.720793,1
1874.6,2026-08-15T15:23:22.040,33.6525808,-117.3037725,-121.919,-27.2934,16.6344,-0.369,0.795,25.16,0.744603,1
1874.64,2026-08-15T15:23:22.080,33.6525806,-117.3037795,-122.567,-27.3157,16.4645,-0.369,0.802,26.12,0.76512,1
1874.68,2026-08-15T15:23:22.120,33.6525802,-117.3037865,-123.215,-27.3602,16.2991,-0.366,0.824,27.1,0.785852,1
1874.72,2026-08-15T15:23:22.160,33.6525796,-117.3037934,-123.854,-27.4269,16.2141,-0.359,0.847,28.01,0.808008,1
1874.76,2026-08-15T15:23:22.200,33.6525790,-117.3038003,-124.492,-27.4936,16.1203,-0.353,0.869,28.9,0.828855,1
1874.8,2026-08-15T15:23:22.240,33.6525782,-117.3038071,-125.122,-27.5825,15.9906,-0.339,0.892,29.67,0.844095,1
1874.84,2026-08-15T15:23:22.280,33.6525774,-117.3038138,-125.742,-27.6715,15.8207,-0.321,0.909,30.33,0.853705,1
1874.88,2026-08-15T15:23:22.320,33.6525765,-117.3038204,-126.353,-27.7716,15.6732,-0.3,0.919,30.97,0.863591,1
1874.92,2026-08-15T15:23:22.360,33.6525755,-117.3038269,-126.954,-27.8828,15.6732,-0.277,0.932,31.6,0.881158,1
1874.96,2026-08-15T15:23:22.400,33.6525743,-117.3038336,-127.575,-28.0162,15.6509,-0.252,0.945,32.23,0.897444,1
1875,2026-08-15T15:23:22.440,33.6525729,-117.3038401,-128.176,-28.1719,15.5749,-0.233,0.96,32.9,0.911651,1
1875.04,2026-08-15T15:23:22.480,33.6525715,-117.3038466,-128.778,-28.3276,15.5123,-0.216,0.972,33.52,0.925099,1
1875.08,2026-08-15T15:23:22.520,33.6525699,-117.3038530,-129.37,-28.5055,15.4586,-0.205,0.981,34,0.935101,1
1875.12,2026-08-15T15:23:22.560,33.6525682,-117.3038593,-129.953,-28.6945,15.3916,-0.197,0.985,34.32,0.939808,1
1875.16,2026-08-15T15:23:22.600,33.6525664,-117.3038655,-130.527,-28.8946,15.3201,-0.191,0.987,34.47,0.939529,1
1875.2,2026-08-15T15:23:22.640,33.6525646,-117.3038716,-131.092,-29.0948,15.1949,-0.187,0.986,34.49,0.932393,1
1875.24,2026-08-15T15:23:22.680,33.6525626,-117.3038777,-131.657,-29.3172,15.0921,-0.185,0.991,34.44,0.924741,1
1875.28,2026-08-15T15:23:22.720,33.6525605,-117.3038837,-132.212,-29.5507,15.025,-0.185,0.993,34.42,0.920098,1
1875.32,2026-08-15T15:23:22.760,33.6525583,-117.3038895,-132.749,-29.7953,14.8686,-0.188,0.995,34.47,0.911839,1
1875.36,2026-08-15T15:23:22.800,33.6525561,-117.3038953,-133.286,-30.04,14.8373,-0.193,0.991,34.61,0.913616,1
1875.4,2026-08-15T15:23:22.840,33.6525537,-117.3039010,-133.813,-30.3068,14.8104,-0.196,0.98,34.83,0.917761,1
1875.44,2026-08-15T15:23:22.880,33.6525513,-117.3039066,-134.332,-30.5737,14.7255,-0.195,0.964,35.08,0.919047,1
1875.48,2026-08-15T15:23:22.920,33.6525486,-117.3039121,-134.841,-30.8739,14.6093,-0.19,0.952,35.29,0.917252,1
1875.52,2026-08-15T15:23:22.960,33.6525461,-117.3039174,-135.331,-31.1519,14.4796,-0.182,0.94,35.42,0.912461,1
1875.56,2026-08-15T15:23:23.000,33.6525434,-117.3039227,-135.822,-31.4521,14.4349,-0.172,0.935,35.44,0.910157,1
1875.6,2026-08-15T15:23:23.040,33.6525405,-117.3039279,-136.303,-31.7746,14.3679,-0.165,0.938,35.39,0.904651,1
1875.64,2026-08-15T15:23:23.080,33.6525376,-117.3039329,-136.766,-32.0971,14.2963,-0.162,0.946,35.34,0.898876,1
1875.68,2026-08-15T15:23:23.120,33.6525346,-117.3039379,-137.229,-32.4306,14.2248,-0.166,0.951,35.36,0.894885,1
1875.72,2026-08-15T15:23:23.160,33.6525315,-117.3039427,-137.673,-32.7753,14.1533,-0.175,0.956,35.56,0.895421,1
1875.76,2026-08-15T15:23:23.200,33.6525284,-117.3039474,-138.108,-33.1201,14.0952,-0.184,0.962,35.91,0.900522,1
1875.8,2026-08-15T15:23:23.240,33.6525251,-117.3039521,-138.543,-33.487,13.9924,-0.188,0.966,36.37,0.905404,1
1875.84,2026-08-15T15:23:23.280,33.6525219,-117.3039565,-138.95,-33.8428,13.8672,-0.187,0.964,36.88,0.909887,1
1875.88,2026-08-15T15:23:23.320,33.6525185,-117.3039608,-139.348,-34.2209,13.7465,-0.18,0.956,37.33,0.912973,1
1875.92,2026-08-15T15:23:23.360,33.6525151,-117.3039651,-139.746,-34.5989,13.7107,-0.167,0.944,37.64,0.91816,1
1875.96,2026-08-15T15:23:23.400,33.6525115,-117.3039692,-140.126,-34.9992,13.6884,-0.156,0.946,37.81,0.920803,1
1876,2026-08-15T15:23:23.440,33.6525080,-117.3039732,-140.496,-35.3884,13.6124,-0.15,0.966,37.9,0.91787,1
1876.04,2026-08-15T15:23:23.480,33.6525044,-117.3039770,-140.848,-35.7887,13.514,-0.15,0.997,37.99,0.913402,1
1876.08,2026-08-15T15:23:23.520,33.6525007,-117.3039806,-141.181,-36.2002,13.3978,-0.153,1.023,38.15,0.90936,1
1876.12,2026-08-15T15:23:23.560,33.6524969,-117.3039841,-141.505,-36.6227,13.2816,-0.15,1.008,38.36,0.906434,1
1876.16,2026-08-15T15:23:23.600,33.6524931,-117.3039875,-141.82,-37.0452,13.2369,-0.137,0.965,38.46,0.905738,1
1876.2,2026-08-15T15:23:23.640,33.6524893,-117.3039908,-142.125,-37.4678,13.134,-0.119,0.91,38.28,0.894496,1
1876.24,2026-08-15T15:23:23.680,33.6524855,-117.3039941,-142.43,-37.8903,13.0849,-0.102,0.867,37.72,0.87811,1
1876.28,2026-08-15T15:23:23.720,33.6524816,-117.3039972,-142.717,-38.324,13.0759,-0.095,0.864,36.77,0.85541,1
1876.32,2026-08-15T15:23:23.760,33.6524776,-117.3040001,-142.986,-38.7688,12.991,-0.109,0.907,35.75,0.826278,1
1876.36,2026-08-15T15:23:23.800,33.6524735,-117.3040028,-143.236,-39.2247,12.906,-0.132,0.967,35,0.803655,1
1876.4,2026-08-15T15:23:23.840,33.6524695,-117.3040053,-143.467,-39.6694,12.7809,-0.148,1.002,34.77,0.790631,1
1876.44,2026-08-15T15:23:23.880,33.6524653,-117.3040077,-143.689,-40.1365,12.6512,-0.148,1.011,34.94,0.786437,1
1876.48,2026-08-15T15:23:23.920,33.6524613,-117.3040101,-143.911,-40.5812,12.5886,-0.122,0.995,35.26,0.789714,1
1876.52,2026-08-15T15:23:23.960,33.6524572,-117.3040122,-144.106,-41.0371,12.5663,-0.085,0.975,35.18,0.786523,1
1876.56,2026-08-15T15:23:24.000,33.6524531,-117.3040143,-144.3,-41.493,12.611,-0.049,0.969,34.56,0.77541,1
1876.6,2026-08-15T15:23:24.040,33.6524488,-117.3040162,-144.476,-41.9712,12.6512,-0.036,0.993,33.41,0.752,1
1876.64,2026-08-15T15:23:24.080,33.6524444,-117.3040179,-144.633,-42.4604,12.6021,-0.047,1.027,32.06,0.718809,1
1876.68,2026-08-15T15:23:24.120,33.6524400,-117.3040193,-144.763,-42.9497,12.5395,-0.072,1.037,30.9,0.68936,1
1876.72,2026-08-15T15:23:24.160,33.6524357,-117.3040207,-144.893,-43.4278,12.4322,-0.086,0.995,30.32,0.670633,1
1876.76,2026-08-15T15:23:24.200,33.6524315,-117.3040219,-145.004,-43.8948,12.3338,-0.078,0.925,30.16,0.661817,1
1876.8,2026-08-15T15:23:24.240,33.6524271,-117.3040232,-145.124,-44.3841,12.3696,-0.041,0.856,30.12,0.662856,1
1876.84,2026-08-15T15:23:24.280,33.6524228,-117.3040244,-145.235,-44.8622,12.4814,0.004,0.834,29.76,0.66085,1
1876.88,2026-08-15T15:23:24.320,33.6524183,-117.3040253,-145.318,-45.3626,12.5395,0.035,0.863,29.09,0.64898,1
1876.92,2026-08-15T15:23:24.360,33.6524137,-117.3040259,-145.374,-45.8741,12.5797,0.036,0.924,28.23,0.631815,1
1876.96,2026-08-15T15:23:24.400,33.6524093,-117.3040265,-145.429,-46.3634,12.535,0.011,0.957,27.57,0.61485,1
1877,2026-08-15T15:23:24.440,33.6524047,-117.3040269,-145.466,-46.8749,12.4322,-0.023,0.936,27.5,0.608259,1
1877.04,2026-08-15T15:23:24.480,33.6524003,-117.3040273,-145.503,-47.3641,12.3472,-0.049,0.868,28.08,0.616844,1
1877.08,2026-08-15T15:23:24.520,33.6523959,-117.3040277,-145.541,-47.8534,12.3562,-0.053,0.804,28.98,0.637076,1
1877.12,2026-08-15T15:23:24.560,33.6523913,-117.3040278,-145.55,-48.3649,12.4188,-0.049,0.778,29.94,0.661514,1
1877.16,2026-08-15T15:23:24.600,33.6523869,-117.3040280,-145.568,-48.8541,12.4635,-0.053,0.785,30.76,0.682078,1
1877.2,2026-08-15T15:23:24.640,33.6523824,-117.3040278,-145.55,-49.3545,12.4411,-0.075,0.808,31.46,0.696349,1
1877.24,2026-08-15T15:23:24.680,33.6523779,-117.3040275,-145.522,-49.8549,12.3383,-0.113,0.822,32.29,0.708813,1
1877.28,2026-08-15T15:23:24.720,33.6523735,-117.3040271,-145.485,-50.3441,12.2355,-0.14,0.81,33.53,0.7299,1
1877.32,2026-08-15T15:23:24.760,33.6523692,-117.3040266,-145.439,-50.8223,12.1058,-0.144,0.793,35,0.753827,1
1877.36,2026-08-15T15:23:24.800,33.6523649,-117.3040260,-145.383,-51.3004,12.079,-0.111,0.794,36.44,0.783102,1
1877.4,2026-08-15T15:23:24.840,33.6523605,-117.3040253,-145.318,-51.7897,12.1863,-0.05,0.807,37.48,0.812606,1
1877.44,2026-08-15T15:23:24.880,33.6523560,-117.3040244,-145.235,-52.2901,12.2981,0.025,0.827,37.93,0.829905,1
1877.48,2026-08-15T15:23:24.920,33.6523517,-117.3040234,-145.143,-52.7682,12.3964,0.088,0.847,37.68,0.831028,1
1877.52,2026-08-15T15:23:24.960,33.6523472,-117.3040222,-145.031,-53.2686,12.4679,0.136,0.849,36.86,0.817633,1
1877.56,2026-08-15T15:23:25.000,33.6523427,-117.3040209,-144.911,-53.769,12.5618,0.161,0.836,35.8,0.8001,1
1877.6,2026-08-15T15:23:25.040,33.6523383,-117.3040193,-144.763,-54.2582,12.6065,0.166,0.819,34.74,0.779173,1
1877.64,2026-08-15T15:23:25.080,33.6523340,-117.3040178,-144.624,-54.7363,12.6691,0.161,0.805,33.84,0.762755,1
1877.68,2026-08-15T15:23:25.120,33.6523295,-117.3040161,-144.467,-55.2367,12.7049,0.149,0.798,33.21,0.750668,1
1877.72,2026-08-15T15:23:25.160,33.6523251,-117.3040142,-144.291,-55.726,12.7675,0.14,0.795,33.01,0.749823,1
1877.76,2026-08-15T15:23:25.200,33.6523208,-117.3040123,-144.115,-56.2041,12.8345,0.136,0.805,33.08,0.755359,1
1877.8,2026-08-15T15:23:25.240,33.6523165,-117.3040102,-143.921,-56.6823,12.8703,0.136,0.816,33.35,0.763646,1
1877.84,2026-08-15T15:23:25.280,33.6523122,-117.3040080,-143.717,-57.1604,12.9105,0.142,0.811,33.68,0.773613,1
1877.88,2026-08-15T15:23:25.320,33.6523079,-117.3040056,-143.495,-57.6385,12.9418,0.146,0.806,33.95,0.781705,1
1877.92,2026-08-15T15:23:25.360,33.6523037,-117.3040031,-143.264,-58.1056,13.0357,0.143,0.799,34.06,0.789927,1
1877.96,2026-08-15T15:23:25.400,33.6522994,-117.3040006,-143.032,-58.5837,13.1117,0.135,0.803,34.05,0.794299,1
1878,2026-08-15T15:23:25.440,33.6522952,-117.3039978,-142.773,-59.0507,13.1564,0.128,0.822,33.93,0.794198,1
1878.04,2026-08-15T15:23:25.480,33.6522910,-117.3039950,-142.514,-59.5177,13.1743,0.12,0.851,33.72,0.790355,1
1878.08,2026-08-15T15:23:25.520,33.6522869,-117.3039920,-142.236,-59.9736,13.1922,0.122,0.866,33.42,0.784387,1
1878.12,2026-08-15T15:23:25.560,33.6522830,-117.3039889,-141.949,-60.4073,13.2592,0.128,0.863,33.04,0.77941,1
1878.16,2026-08-15T15:23:25.600,33.6522788,-117.3039856,-141.644,-60.8743,13.3397,0.132,0.837,32.64,0.774647,1
1878.2,2026-08-15T15:23:25.640,33.6522748,-117.3039822,-141.329,-61.3191,13.3933,0.13,0.813,32.27,0.768945,1
1878.24,2026-08-15T15:23:25.680,33.6522708,-117.3039788,-141.014,-61.7639,13.4827,0.11,0.809,32.01,0.767842,1
1878.28,2026-08-15T15:23:25.720,33.6522669,-117.3039753,-140.69,-62.1975,13.5185,0.077,0.819,31.9,0.767233,1
1878.32,2026-08-15T15:23:25.760,33.6522632,-117.3039716,-140.348,-62.6089,13.4917,0.039,0.841,31.98,0.767631,1
1878.36,2026-08-15T15:23:25.800,33.6522595,-117.3039678,-139.996,-63.0204,13.4827,0,0.85,32.25,0.773599,1
1878.4,2026-08-15T15:23:25.840,33.6522559,-117.3039639,-139.635,-63.4207,13.447,-0.032,0.84,32.75,0.783509,1
1878.44,2026-08-15T15:23:25.880,33.6522523,-117.3039600,-139.274,-63.821,13.4425,-0.05,0.831,33.39,0.798555,1
1878.48,2026-08-15T15:23:25.920,33.6522487,-117.3039560,-138.904,-64.2213,13.4425,-0.063,0.829,34.15,0.816731,1
1878.52,2026-08-15T15:23:25.960,33.6522453,-117.3039518,-138.515,-64.5993,13.4738,-0.071,0.835,35,0.839008,1
1878.56,2026-08-15T15:23:26.000,33.6522420,-117.3039476,-138.126,-64.9663,13.4201,-0.072,0.849,35.82,0.855246,1
1878.6,2026-08-15T15:23:26.040,33.6522388,-117.3039432,-137.719,-65.3221,13.4112,-0.075,0.869,36.5,0.870901,1
1878.64,2026-08-15T15:23:26.080,33.6522357,-117.3039388,-137.312,-65.6668,13.4246,-0.079,0.881,37.05,0.884908,1
1878.68,2026-08-15T15:23:26.120,33.6522327,-117.3039343,-136.895,-66.0004,13.3933,-0.085,0.895,37.49,0.89333,1
1878.72,2026-08-15T15:23:26.160,33.6522298,-117.3039298,-136.479,-66.3229,13.3173,-0.097,0.903,37.89,0.897739,1
1878.76,2026-08-15T15:23:26.200,33.6522271,-117.3039252,-136.053,-66.6231,13.2324,-0.108,0.905,38.36,0.903078,1
1878.8,2026-08-15T15:23:26.240,33.6522244,-117.3039205,-135.618,-66.9233,13.1474,-0.11,0.902,38.89,0.909678,1
1878.84,2026-08-15T15:23:26.280,33.6522218,-117.3039158,-135.183,-67.2124,13.0983,-0.1,0.893,39.49,0.920258,1
1878.88,2026-08-15T15:23:26.320,33.6522194,-117.3039110,-134.739,-67.4793,13.0849,-0.074,0.887,40,0.931188,1
1878.92,2026-08-15T15:23:26.360,33.6522169,-117.3039060,-134.276,-67.7573,13.1609,-0.039,0.896,40.26,0.942684,1
1878.96,2026-08-15T15:23:26.400,33.6522147,-117.3039010,-133.813,-68.0019,13.2234,-0.005,0.917,40.21,0.945991,1
1879,2026-08-15T15:23:26.440,33.6522126,-117.3038958,-133.332,-68.2354,13.2324,0.022,0.939,39.9,0.939333,1
1879.04,2026-08-15T15:23:26.480,33.6522106,-117.3038906,-132.851,-68.4578,13.2458,0.039,0.951,39.43,0.929208,1
1879.08,2026-08-15T15:23:26.520,33.6522086,-117.3038854,-132.369,-68.6802,13.2503,0.041,0.951,38.92,0.917499,1
1879.12,2026-08-15T15:23:26.560,33.6522068,-117.3038801,-131.879,-68.8803,13.219,0.037,0.945,38.46,0.904514,1
1879.16,2026-08-15T15:23:26.600,33.6522052,-117.3038748,-131.388,-69.0583,13.21,0.031,0.943,38.09,0.895206,1
1879.2,2026-08-15T15:23:26.640,33.6522036,-117.3038693,-130.879,-69.2362,13.2234,0.023,0.949,37.75,0.888116,1
1879.24,2026-08-15T15:23:26.680,33.6522021,-117.3038639,-130.379,-69.403,13.2547,0.02,0.962,37.35,0.880785,1
1879.28,2026-08-15T15:23:26.720,33.6522007,-117.3038583,-129.861,-69.5586,13.2547,0.021,0.972,36.88,0.869702,1
1879.32,2026-08-15T15:23:26.760,33.6521995,-117.3038527,-129.343,-69.6921,13.2637,0.025,0.975,36.3,0.856602,1
1879.36,2026-08-15T15:23:26.800,33.6521983,-117.3038472,-128.833,-69.8255,13.2681,0.03,0.97,35.59,0.84013,1
1879.4,2026-08-15T15:23:26.840,33.6521973,-117.3038414,-128.297,-69.9367,13.3129,0.034,0.961,34.72,0.822355,1
1879.44,2026-08-15T15:23:26.880,33.6521966,-117.3038357,-127.769,-70.0145,13.3486,0.032,0.95,33.83,0.803427,1
1879.48,2026-08-15T15:23:26.920,33.6521959,-117.3038300,-127.241,-70.0924,13.3888,0.03,0.94,32.98,0.785601,1
1879.52,2026-08-15T15:23:26.960,33.6521953,-117.3038242,-126.705,-70.1591,13.3888,0.029,0.925,32.21,0.76726,1
1879.56,2026-08-15T15:23:27.000,33.6521948,-117.3038185,-126.177,-70.2147,13.3844,0.032,0.905,31.59,0.75224,1
1879.6,2026-08-15T15:23:27.040,33.6521945,-117.3038127,-125.64,-70.248,13.3933,0.042,0.875,31.09,0.740828,1
1879.64,2026-08-15T15:23:27.080,33.6521942,-117.3038069,-125.103,-70.2814,13.4604,0.06,0.84,30.59,0.732563,1
1879.68,2026-08-15T15:23:27.120,33.6521941,-117.3038010,-124.557,-70.2925,13.5632,0.082,0.804,29.91,0.72175,1
1879.72,2026-08-15T15:23:27.160,33.6521940,-117.3037950,-124.002,-70.3036,13.7018,0.102,0.781,29.07,0.708647,1
1879.76,2026-08-15T15:23:27.200,33.6521940,-117.3037890,-123.446,-70.3036,13.7688,0.118,0.766,27.99,0.685659,1
1879.8,2026-08-15T15:23:27.240,33.6521942,-117.3037830,-122.891,-70.2814,13.8448,0.129,0.758,26.62,0.655698,1
1879.84,2026-08-15T15:23:27.280,33.6521945,-117.3037771,-122.345,-70.248,13.9208,0.134,0.745,25.04,0.620166,1
1879.88,2026-08-15T15:23:27.320,33.6521948,-117.3037711,-121.79,-70.2147,13.9342,0.131,0.715,23.24,0.57614,1
1879.92,2026-08-15T15:23:27.360,33.6521952,-117.3037651,-121.234,-70.1702,13.9521,0.125,0.653,20.88,0.518297,1
1879.96,2026-08-15T15:23:27.400,33.6521956,-117.3037590,-120.67,-70.1257,14.0192,0.113,0.57,18,0.448956,1
1880,2026-08-15T15:23:27.440,33.6521960,-117.3037529,-120.105,-70.0812,14.0773,0.096,0.463,14.54,0.36416,1
1880.04,2026-08-15T15:23:27.480,33.6521965,-117.3037469,-119.55,-70.0256,14.1041,0.07,0.332,10.44,0.261972,1
1880.08,2026-08-15T15:23:27.520,33.6521969,-117.3037408,-118.985,-69.9812,14.0907,0.036,0.165,5.59,0.140137,1
1880.12,2026-08-15T15:23:27.560,33.6521973,-117.3037347,-118.42,-69.9367,14.0773,-0.002,-0.011,0.67,0.0167804,1
1880.16,2026-08-15T15:23:27.600,33.6521975,-117.3037287,-117.865,-69.9145,14.0236,-0.041,-0.189,-4.03,-0.100548,1
1880.2,2026-08-15T15:23:27.640,33.6521976,-117.3037226,-117.301,-69.9033,13.9789,-0.08,-0.349,-8.22,-0.204435,1
1880.24,2026-08-15T15:23:27.680,33.6521977,-117.3037165,-116.736,-69.8922,13.9342,-0.115,-0.468,-11.8,-0.292532,1
1880.28,2026-08-15T15:23:27.720,33.6521977,-117.3037105,-116.181,-69.8922,13.9298,-0.147,-0.543,-14.5,-0.359352,1
1880.32,2026-08-15T15:23:27.760,33.6521976,-117.3037045,-115.625,-69.9033,13.894,-0.176,-0.581,-16.68,-0.412318,1
1880.36,2026-08-15T15:23:27.800,33.6521975,-117.3036985,-115.07,-69.9145,13.8404,-0.2,-0.599,-18.67,-0.459727,1
1880.4,2026-08-15T15:23:27.840,33.6521973,-117.3036927,-114.533,-69.9367,13.7554,-0.215,-0.614,-20.55,-0.502914,1
1880.44,2026-08-15T15:23:27.880,33.6521971,-117.3036868,-113.987,-69.9589,13.6884,-0.218,-0.626,-22.33,-0.543812,1
1880.48,2026-08-15T15:23:27.920,33.6521967,-117.3036808,-113.431,-70.0034,13.6481,-0.212,-0.64,-24.04,-0.583735,1
1880.52,2026-08-15T15:23:27.960,33.6521962,-117.3036751,-112.904,-70.059,13.6258,-0.202,-0.666,-25.61,-0.620839,1
1880.56,2026-08-15T15:23:28.000,33.6521956,-117.3036691,-112.349,-70.1257,13.6347,-0.192,-0.689,-26.81,-0.650356,1
1880.6,2026-08-15T15:23:28.040,33.6521950,-117.3036634,-111.821,-70.1924,13.6079,-0.189,-0.706,-27.72,-0.671108,1
1880.64,2026-08-15T15:23:28.080,33.6521942,-117.3036576,-111.284,-70.2814,13.4961,-0.189,-0.721,-28.42,-0.682405,1
1880.68,2026-08-15T15:23:28.120,33.6521934,-117.3036520,-110.766,-70.3704,13.4246,-0.186,-0.73,-28.98,-0.692163,1
1880.72,2026-08-15T15:23:28.160,33.6521924,-117.3036463,-110.238,-70.4815,13.3576,-0.178,-0.742,-29.4,-0.698687,1
1880.76,2026-08-15T15:23:28.200,33.6521914,-117.3036406,-109.711,-70.5927,13.371,-0.171,-0.769,-29.77,-0.70819,1
1880.8,2026-08-15T15:23:28.240,33.6521902,-117.3036351,-109.202,-70.7262,13.3531,-0.158,-0.802,-30.07,-0.71437,1
1880.84,2026-08-15T15:23:28.280,33.6521889,-117.3036295,-108.683,-70.8707,13.3263,-0.143,-0.823,-30.29,-0.718151,1
1880.88,2026-08-15T15:23:28.320,33.6521874,-117.3036240,-108.174,-71.0375,13.295,-0.13,-0.825,-30.41,-0.719303,1
1880.92,2026-08-15T15:23:28.360,33.6521859,-117.3036185,-107.665,-71.2043,13.2458,-0.11,-0.806,-30.45,-0.717586,1
1880.96,2026-08-15T15:23:28.400,33.6521845,-117.3036132,-107.174,-71.36,13.2726,-0.086,-0.785,-30.42,-0.71833,1
1881,2026-08-15T15:23:28.440,33.6521828,-117.3036078,-106.675,-71.549,13.286,-0.066,-0.777,-30.33,-0.716929,1
1881.04,2026-08-15T15:23:28.480,33.6521812,-117.3036023,-106.166,-71.7269,13.3441,-0.048,-0.79,-30.25,-0.718165,1
1881.08,2026-08-15T15:23:28.520,33.6521792,-117.3035970,-105.675,-71.9493,13.3397,-0.033,-0.81,-30.23,-0.71745,1
1881.12,2026-08-15T15:23:28.560,33.6521773,-117.3035917,-105.184,-72.1606,13.3531,-0.023,-0.818,-30.29,-0.719597,1
1881.16,2026-08-15T15:23:28.600,33.6521753,-117.3035865,-104.703,-72.383,13.3576,-0.004,-0.804,-30.39,-0.722214,1
1881.2,2026-08-15T15:23:28.640,33.6521731,-117.3035812,-104.213,-72.6276,13.3978,0.022,-0.791,-30.42,-0.725105,1
1881.24,2026-08-15T15:23:28.680,33.6521710,-117.3035761,-103.74,-72.8611,13.4425,0.049,-0.784,-30.28,-0.724176,1
1881.28,2026-08-15T15:23:28.720,33.6521686,-117.3035709,-103.259,-73.128,13.5364,0.071,-0.787,-29.9,-0.720082,1
1881.32,2026-08-15T15:23:28.760,33.6521662,-117.3035657,-102.778,-73.3949,13.6034,0.089,-0.795,-29.27,-0.708401,1
1881.36,2026-08-15T15:23:28.800,33.6521636,-117.3035606,-102.306,-73.684,13.666,0.102,-0.792,-28.37,-0.689778,1
1881.4,2026-08-15T15:23:28.840,33.6521608,-117.3035556,-101.843,-73.9953,13.751,0.114,-0.767,-27.27,-0.667154,1
1881.44,2026-08-15T15:23:28.880,33.6521582,-117.3035506,-101.38,-74.2844,13.8091,0.137,-0.728,-25.86,-0.635333,1
1881.48,2026-08-15T15:23:28.920,33.6521554,-117.3035455,-100.908,-74.5958,13.9029,0.165,-0.683,-24.18,-0.598097,1
1881.52,2026-08-15T15:23:28.960,33.6521526,-117.3035405,-100.445,-74.9071,14.0415,0.195,-0.639,-22.09,-0.551847,1
1881.56,2026-08-15T15:23:29.000,33.6521496,-117.3035353,-99.964,-75.2407,14.1801,0.221,-0.599,-19.8,-0.49952,1
1881.6,2026-08-15T15:23:29.040,33.6521465,-117.3035304,-99.5105,-75.5854,14.3142,0.239,-0.553,-17.49,-0.445416,1
1881.64,2026-08-15T15:23:29.080,33.6521432,-117.3035252,-99.0292,-75.9523,14.4617,0.25,-0.486,-15.12,-0.389028,1
1881.68,2026-08-15T15:23:29.120,33.6521401,-117.3035202,-98.5664,-76.297,14.5556,0.258,-0.413,-12.84,-0.33251,1
1881.72,2026-08-15T15:23:29.160,33.6521369,-117.3035151,-98.0943,-76.6529,14.6629,0.274,-0.344,-10.61,-0.276786,1
1881.76,2026-08-15T15:23:29.200,33.6521336,-117.3035101,-97.6315,-77.0198,14.7747,0.301,-0.28,-8.33,-0.218963,1
1881.8,2026-08-15T15:23:29.240,33.6521304,-117.3035049,-97.1502,-77.3756,14.9267,0.333,-0.204,-5.77,-0.153231,1
1881.84,2026-08-15T15:23:29.280,33.6521269,-117.3034996,-96.6597,-77.7648,15.1502,0.364,-0.118,-2.95,-0.0795149,1
1881.88,2026-08-15T15:23:29.320,33.6521237,-117.3034941,-96.1506,-78.1206,15.3826,0.389,-0.004,0.42,0.0114945,1
1881.92,2026-08-15T15:23:29.360,33.6521202,-117.3034886,-95.6415,-78.5098,15.5525,0.403,0.123,3.92,0.108466,1
1881.96,2026-08-15T15:23:29.400,33.6521170,-117.3034831,-95.1324,-78.8656,15.6866,0.409,0.246,7.35,0.205128,1
1882,2026-08-15T15:23:29.440,33.6521138,-117.3034775,-94.6141,-79.2215,15.8207,0.41,0.353,10.47,0.294701,1
1882.04,2026-08-15T15:23:29.480,33.6521105,-117.3034716,-94.068,-79.5884,15.9727,0.411,0.44,13.17,0.37426,1
1882.08,2026-08-15T15:23:29.520,33.6521073,-117.3034658,-93.5311,-79.9442,16.1337,0.405,0.498,15.2,0.4363,1
1882.12,2026-08-15T15:23:29.560,33.6521042,-117.3034596,-92.9573,-80.2889,16.3259,0.394,0.536,16.82,0.488553,1
1882.16,2026-08-15T15:23:29.600,33.6521010,-117.3034536,-92.4019,-80.6448,16.469,0.38,0.573,18.16,0.532096,1
1882.2,2026-08-15T15:23:29.640,33.6520980,-117.3034474,-91.828,-80.9783,16.612,0.37,0.601,19.25,0.568933,1
1882.24,2026-08-15T15:23:29.680,33.6520949,-117.3034411,-91.2449,-81.3231,16.7282,0.375,0.623,20.06,0.597021,1
1882.28,2026-08-15T15:23:29.720,33.6520920,-117.3034347,-90.6525,-81.6455,16.8936,0.394,0.637,20.66,0.620958,1
1882.32,2026-08-15T15:23:29.760,33.6520890,-117.3034280,-90.0324,-81.9791,17.1172,0.414,0.655,21.1,0.642573,1
1882.36,2026-08-15T15:23:29.800,33.6520861,-117.3034213,-89.4122,-82.3016,17.3139,0.419,0.669,21.49,0.661971,1
1882.4,2026-08-15T15:23:29.840,33.6520833,-117.3034144,-88.7736,-82.6129,17.5106,0.396,0.676,21.99,0.685068,1
1882.44,2026-08-15T15:23:29.880,33.6520805,-117.3034076,-88.1442,-82.9243,17.6,0.35,0.674,22.78,0.713303,1
1882.48,2026-08-15T15:23:29.920,33.6520779,-117.3034007,-87.5055,-83.2134,17.6,0.303,0.676,23.84,0.746494,1
1882.52,2026-08-15T15:23:29.960,33.6520752,-117.3033937,-86.8576,-83.5136,17.6491,0.283,0.689,25.07,0.787202,1
1882.56,2026-08-15T15:23:30.000,33.6520726,-117.3033866,-86.2004,-83.8027,17.7833,0.293,0.718,26.18,0.828303,1
1882.6,2026-08-15T15:23:30.040,33.6520702,-117.3033792,-85.5155,-84.0696,17.9889,0.323,0.758,27.01,0.864445,1
1882.64,2026-08-15T15:23:30.080,33.6520678,-117.3033718,-84.8305,-84.3364,18.2035,0.354,0.794,27.42,0.888035,1
1882.68,2026-08-15T15:23:30.120,33.6520655,-117.3033643,-84.1363,-84.5922,18.3912,0.368,0.815,27.51,0.900139,1
1882.72,2026-08-15T15:23:30.160,33.6520634,-117.3033567,-83.4329,-84.8257,18.5119,0.358,0.819,27.45,0.904071,1
1882.76,2026-08-15T15:23:30.200,33.6520612,-117.3033490,-82.7201,-85.0703,18.5611,0.339,0.808,27.46,0.906802,1
1882.8,2026-08-15T15:23:30.240,33.6520592,-117.3033414,-82.0167,-85.2927,18.6416,0.324,0.801,27.6,0.915377,1
1882.84,2026-08-15T15:23:30.280,33.6520572,-117.3033335,-81.2855,-85.5151,18.7802,0.322,0.81,27.86,0.930869,1
1882.88,2026-08-15T15:23:30.320,33.6520554,-117.3033256,-80.5542,-85.7153,18.9456,0.335,0.835,28.12,0.947831,1
1882.92,2026-08-15T15:23:30.360,33.6520536,-117.3033174,-79.7953,-85.9154,19.1333,0.352,0.867,28.22,0.960629,1
1882.96,2026-08-15T15:23:30.400,33.6520518,-117.3033093,-79.0455,-86.1156,19.2898,0.365,0.895,28.11,0.964709,1
1883,2026-08-15T15:23:30.440,33.6520504,-117.3033011,-78.2865,-86.2712,19.4418,0.373,0.902,27.79,0.961242,1
1883.04,2026-08-15T15:23:30.480,33.6520490,-117.3032928,-77.5183,-86.4269,19.5446,0.377,0.891,27.33,0.95033,1
1883.08,2026-08-15T15:23:30.520,33.6520477,-117.3032844,-76.7408,-86.5715,19.6787,0.373,0.87,26.81,0.938645,1
1883.12,2026-08-15T15:23:30.560,33.6520465,-117.3032758,-75.9448,-86.7049,19.8173,0.374,0.844,26.27,0.926217,1
1883.16,2026-08-15T15:23:30.600,33.6520454,-117.3032672,-75.1487,-86.8272,19.9648,0.379,0.825,25.64,0.910734,1
1883.2,2026-08-15T15:23:30.640,33.6520444,-117.3032586,-74.3527,-86.9384,20.1302,0.378,0.818,24.92,0.892493,1
1883.24,2026-08-15T15:23:30.680,33.6520435,-117.3032499,-73.5475,-87.0385,20.309,0.372,0.827,24.15,0.872599,1
1883.28,2026-08-15T15:23:30.720,33.6520427,-117.3032410,-72.7237,-87.1274,20.4476,0.358,0.85,23.3,0.847631,1
1883.32,2026-08-15T15:23:30.760,33.6520422,-117.3032322,-71.9092,-87.183,20.5325,0.333,0.871,22.44,0.819736,1
1883.36,2026-08-15T15:23:30.800,33.6520417,-117.3032233,-71.0854,-87.2386,20.5951,0.311,0.889,21.67,0.794021,1
1883.4,2026-08-15T15:23:30.840,33.6520413,-117.3032143,-70.2523,-87.2831,20.6532,0.302,0.9,20.92,0.768703,1
1883.44,2026-08-15T15:23:30.880,33.6520409,-117.3032054,-69.4285,-87.3276,20.7874,0.308,0.901,20.03,0.740779,1
1883.48,2026-08-15T15:23:30.920,33.6520407,-117.3031963,-68.5863,-87.3498,20.9438,0.325,0.902,18.95,0.706112,1
1883.52,2026-08-15T15:23:30.960,33.6520406,-117.3031870,-67.7254,-87.3609,21.1092,0.344,0.897,17.37,0.65235,1
1883.56,2026-08-15T15:23:31.000,33.6520407,-117.3031779,-66.8832,-87.3498,21.2568,0.358,0.872,15.31,0.579003,1
1883.6,2026-08-15T15:23:31.040,33.6520408,-117.3031686,-66.0223,-87.3387,21.3998,0.36,0.824,12.84,0.488859,1
1883.64,2026-08-15T15:23:31.080,33.6520411,-117.3031593,-65.1615,-87.3053,21.5116,0.353,0.759,10.25,0.392287,1
1883.68,2026-08-15T15:23:31.120,33.6520413,-117.3031499,-64.2915,-87.2831,21.5876,0.346,0.686,7.83,0.300728,1
1883.72,2026-08-15T15:23:31.160,33.6520415,-117.3031406,-63.4307,-87.2609,21.7261,0.346,0.636,5.95,0.229989,1
1883.76,2026-08-15T15:23:31.200,33.6520419,-117.3031310,-62.5421,-87.2164,21.8915,0.354,0.62,4.68,0.182277,1
1883.8,2026-08-15T15:23:31.240,33.6520424,-117.3031214,-61.6535,-87.1608,22.0972,0.369,0.605,3.84,0.150965,1
1883.84,2026-08-15T15:23:31.280,33.6520430,-117.3031119,-60.7742,-87.0941,22.2715,0.382,0.535,2.97,0.117683,1
1883.88,2026-08-15T15:23:31.320,33.6520436,-117.3031021,-59.8671,-87.0274,22.4593,0.388,0.408,1.93,0.0771191,1
1883.92,2026-08-15T15:23:31.360,33.6520441,-117.3030924,-58.9693,-86.9718,22.5934,0.387,0.232,0.69,0.0277357,1
1883.96,2026-08-15T15:23:31.400,33.6520445,-117.3030824,-58.0437,-86.9273,22.7141,0.384,0.053,-0.59,-0.0238427,1
1884,2026-08-15T15:23:31.440,33.6520448,-117.3030726,-57.1366,-86.8939,22.8303,0.381,-0.073,-1.64,-0.0666138,1
1884.04,2026-08-15T15:23:31.480,33.6520451,-117.3030626,-56.211,-86.8606,23.0181,0.378,-0.125,-2.25,-0.0921425,1
1884.08,2026-08-15T15:23:31.520,33.6520455,-117.3030525,-55.2761,-86.8161,23.2282,0.37,-0.132,-2.54,-0.104968,1
1884.12,2026-08-15T15:23:31.560,33.6520460,-117.3030424,-54.3413,-86.7605,23.3713,0.353,-0.123,-2.69,-0.111852,1
1884.16,2026-08-15T15:23:31.600,33.6520464,-117.3030322,-53.3972,-86.716,23.5098,0.336,-0.12,-2.84,-0.118789,1
1884.2,2026-08-15T15:23:31.640,33.6520467,-117.3030220,-52.4531,-86.6826,23.6082,0.326,-0.126,-3.06,-0.128526,1
1884.24,2026-08-15T15:23:31.680,33.6520470,-117.3030117,-51.4997,-86.6493,23.7199,0.331,-0.133,-3.31,-0.139685,1
1884.28,2026-08-15T15:23:31.720,33.6520472,-117.3030014,-50.5463,-86.6271,23.8809,0.358,-0.134,-3.48,-0.147856,1
1884.32,2026-08-15T15:23:31.760,33.6520475,-117.3029909,-49.5745,-86.5937,24.1223,0.393,-0.125,-3.51,-0.150638,1
1884.36,2026-08-15T15:23:31.800,33.6520478,-117.3029802,-48.5841,-86.5603,24.3637,0.413,-0.118,-3.44,-0.149111,1
1884.4,2026-08-15T15:23:31.840,33.6520480,-117.3029696,-47.6029,-86.5381,24.5872,0.406,-0.113,-3.27,-0.143043,1
1884.44,2026-08-15T15:23:31.880,33.6520483,-117.3029589,-46.6125,-86.5047,24.6766,0.364,-0.112,-3.02,-0.132587,1
1884.48,2026-08-15T15:23:31.920,33.6520485,-117.3029481,-45.6129,-86.4825,24.7124,0.293,-0.103,-2.64,-0.116072,1
1884.52,2026-08-15T15:23:31.960,33.6520487,-117.3029376,-44.641,-86.4603,24.7347,0.195,-0.084,-2,-0.0880127,1
1884.56,2026-08-15T15:23:32.000,33.6520489,-117.3029268,-43.6414,-86.438,24.7124,0.08,-0.055,-1.12,-0.0492426,1
1884.6,2026-08-15T15:23:32.040,33.6520491,-117.3029163,-42.6695,-86.4158,24.6632,-0.029,-0.014,0,0,1
1884.64,2026-08-15T15:23:32.080,33.6520493,-117.3029058,-41.6976,-86.3935,24.538,-0.128,0.029,1.41,0.0615555,1
1884.68,2026-08-15T15:23:32.120,33.6520496,-117.3028952,-40.7165,-86.3602,24.3771,-0.195,0.074,3.29,0.142688,1
1884.72,2026-08-15T15:23:32.160,33.6520499,-117.3028849,-39.7631,-86.3268,24.2922,-0.223,0.139,5.44,0.235111,1
1884.76,2026-08-15T15:23:32.200,33.6520502,-117.3028744,-38.7912,-86.2935,24.3145,-0.222,0.226,7.76,0.335688,1
1884.8,2026-08-15T15:23:32.240,33.6520506,-117.3028639,-37.8194,-86.249,24.3369,-0.208,0.317,10.02,0.433851,1
1884.84,2026-08-15T15:23:32.280,33.6520511,-117.3028535,-36.8567,-86.1934,24.3011,-0.191,0.405,11.96,0.517089,1
1884.88,2026-08-15T15:23:32.320,33.6520517,-117.3028431,-35.8941,-86.1267,24.234,-0.189,0.476,13.4,0.577749,1
1884.92,2026-08-15T15:23:32.360,33.6520522,-117.3028328,-34.9408,-86.0711,24.1491,-0.201,0.52,14.55,0.625133,1
1884.96,2026-08-15T15:23:32.400,33.6520529,-117.3028225,-33.9874,-85.9932,24.0463,-0.218,0.566,15.68,0.670814,1
1885,2026-08-15T15:23:32.440,33.6520537,-117.3028122,-33.034,-85.9043,23.8898,-0.24,0.639,17.13,0.728079,1
1885.04,2026-08-15T15:23:32.480,33.6520546,-117.3028021,-32.0992,-85.8042,23.7468,-0.255,0.719,18.79,0.793852,1
1885.08,2026-08-15T15:23:32.520,33.6520558,-117.3027920,-31.1643,-85.6708,23.6618,-0.266,0.794,20.53,0.864262,1
1885.12,2026-08-15T15:23:32.560,33.6520570,-117.3027819,-30.2295,-85.5373,23.5858,-0.279,0.852,22.16,0.929885,1
1885.16,2026-08-15T15:23:32.600,33.6520582,-117.3027720,-29.3131,-85.4039,23.492,-0.291,0.872,23.62,0.987205,1
1885.2,2026-08-15T15:23:32.640,33.6520595,-117.3027621,-28.3968,-85.2594,23.3534,-0.296,0.867,24.81,1.03082,1
1885.24,2026-08-15T15:23:32.680,33.6520610,-117.3027522,-27.4804,-85.0926,23.2282,-0.293,0.861,25.87,1.0691,1
1885.28,2026-08-15T15:23:32.720,33.6520625,-117.3027425,-26.5826,-84.9258,23.0494,-0.275,0.871,26.81,1.09942,1
1885.32,2026-08-15T15:23:32.760,33.6520640,-117.3027328,-25.6848,-84.759,22.9868,-0.245,0.899,27.54,1.12629,1
1885.36,2026-08-15T15:23:32.800,33.6520658,-117.3027232,-24.7962,-84.5588,22.9287,-0.214,0.939,27.97,1.14098,1
1885.4,2026-08-15T15:23:32.840,33.6520678,-117.3027136,-23.9076,-84.3364,22.8661,-0.186,0.974,28.15,1.14519,1
1885.44,2026-08-15T15:23:32.880,33.6520699,-117.3027041,-23.0283,-84.1029,22.7812,-0.165,0.99,28.16,1.14134,1
1885.48,2026-08-15T15:23:32.920,33.6520719,-117.3026946,-22.149,-83.8805,22.7409,-0.155,0.993,28,1.13286,1
1885.52,2026-08-15T15:23:32.960,33.6520743,-117.3026852,-21.2789,-83.6137,22.6515,-0.161,0.979,27.73,1.11752,1
1885.56,2026-08-15T15:23:33.000,33.6520766,-117.3026759,-20.4181,-83.3579,22.6023,-0.178,0.954,27.45,1.10383,1
1885.6,2026-08-15T15:23:33.040,33.6520790,-117.3026666,-19.5573,-83.0911,22.5129,-0.215,0.917,27.22,1.09026,1
1885.64,2026-08-15T15:23:33.080,33.6520815,-117.3026575,-18.715,-82.8131,22.3609,-0.261,0.886,27.1,1.07812,1
1885.68,2026-08-15T15:23:33.120,33.6520840,-117.3026485,-17.882,-82.5351,22.1777,-0.315,0.861,27.07,1.0681,1
1885.72,2026-08-15T15:23:33.160,33.6520865,-117.3026396,-17.0582,-82.2571,21.9944,-0.355,0.853,26.97,1.05536,1
1885.76,2026-08-15T15:23:33.200,33.6520894,-117.3026308,-16.2437,-81.9346,21.82,-0.392,0.873,26.54,1.0303,1
1885.8,2026-08-15T15:23:33.240,33.6520922,-117.3026221,-15.4384,-81.6233,21.6412,-0.415,0.91,25.58,0.984896,1
1885.84,2026-08-15T15:23:33.280,33.6520950,-117.3026136,-14.6516,-81.3119,21.4713,-0.432,0.924,23.84,0.910696,1
1885.88,2026-08-15T15:23:33.320,33.6520981,-117.3026053,-13.8834,-80.9672,21.2076,-0.445,0.906,21.56,0.813482,1
1885.92,2026-08-15T15:23:33.360,33.6521012,-117.3025972,-13.1337,-80.6225,20.9483,-0.462,0.864,18.88,0.703654,1
1885.96,2026-08-15T15:23:33.400,33.6521041,-117.3025890,-12.3747,-80.3001,20.7605,-0.481,0.825,15.73,0.580999,1
1886,2026-08-15T15:23:33.440,33.6521072,-117.3025810,-11.6342,-79.9554,20.5549,-0.506,0.813,12.3,0.44981,1
1886.04,2026-08-15T15:23:33.480,33.6521102,-117.3025732,-10.9122,-79.6218,20.3046,-0.537,0.829,8.74,0.315728,1
1886.08,2026-08-15T15:23:33.520,33.6521136,-117.3025656,-10.2088,-79.2437,20.0319,-0.565,0.851,4.88,0.17392,1
1886.12,2026-08-15T15:23:33.560,33.6521169,-117.3025581,-9.51456,-78.8768,19.7815,-0.582,0.852,0.47,0.0165412,1
1886.16,2026-08-15T15:23:33.600,33.6521202,-117.3025507,-8.82962,-78.5098,19.5446,-0.591,0.818,-4.1,-0.142567,1
1886.2,2026-08-15T15:23:33.640,33.6521235,-117.3025435,-8.16319,-78.1429,19.3345,-0.589,0.745,-8.77,-0.301676,1
1886.24,2026-08-15T15:23:33.680,33.6521269,-117.3025363,-7.49676,-77.7648,19.1467,-0.575,0.603,-13.38,-0.455784,1
1886.28,2026-08-15T15:23:33.720,33.6521302,-117.3025292,-6.83958,-77.3979,18.959,-0.561,0.404,-17.28,-0.582863,1
1886.32,2026-08-15T15:23:33.760,33.6521333,-117.3025222,-6.19167,-77.0532,18.7444,-0.538,0.179,-19.88,-0.662973,1
1886.36,2026-08-15T15:23:33.800,33.6521364,-117.3025151,-5.53449,-76.7085,18.5835,-0.508,-0.058,-21.08,-0.696956,1
1886.4,2026-08-15T15:23:33.840,33.6521393,-117.3025079,-4.86806,-76.386,18.4449,-0.491,-0.287,-20.72,-0.679945,1
1886.44,2026-08-15T15:23:33.880,33.6521421,-117.3025008,-4.21088,-76.0747,18.3197,-0.489,-0.453,-19.08,-0.621878,1
1886.48,2026-08-15T15:23:33.920,33.6521449,-117.3024938,-3.56297,-75.7633,18.1409,-0.504,-0.554,-16.75,-0.540607,1
1886.52,2026-08-15T15:23:33.960,33.6521475,-117.3024868,-2.91505,-75.4742,17.904,-0.554,-0.593,-14.05,-0.447542,1
1886.56,2026-08-15T15:23:34.000,33.6521500,-117.3024800,-2.28564,-75.1962,17.6,-0.625,-0.571,-11.46,-0.358843,1
1886.6,2026-08-15T15:23:34.040,33.6521524,-117.3024732,-1.65623,-74.9293,17.2692,-0.688,-0.497,-9.28,-0.28512,1
1886.64,2026-08-15T15:23:34.080,33.6521548,-117.3024666,-1.04534,-74.6625,16.9205,-0.745,-0.401,-7.6,-0.228789,1
1886.68,2026-08-15T15:23:34.120,33.6521572,-117.3024602,-0.452955,-74.3956,16.6254,-0.781,-0.306,-6.6,-0.19522,1
1886.72,2026-08-15T15:23:34.160,33.6521595,-117.3024538,0.139428,-74.1399,16.3885,-0.787,-0.262,-6.44,-0.187773,1
1886.76,2026-08-15T15:23:34.200,33.6521617,-117.3024474,0.731811,-73.8952,16.1113,-0.771,-0.273,-7.21,-0.206669,1
1886.8,2026-08-15T15:23:34.240,33.6521637,-117.3024411,1.31494,-73.6728,15.8967,-0.734,-0.345,-8.9,-0.251713,1
1886.84,2026-08-15T15:23:34.280,33.6521657,-117.3024348,1.89806,-73.4505,15.7135,-0.671,-0.444,-11.6,-0.324293,1
1886.88,2026-08-15T15:23:34.320,33.6521675,-117.3024285,2.48119,-73.2503,15.6062,-0.599,-0.538,-14.83,-0.411762,1
1886.92,2026-08-15T15:23:34.360,33.6521692,-117.3024222,3.06432,-73.0613,15.4497,-0.525,-0.609,-18.23,-0.501089,1
1886.96,2026-08-15T15:23:34.400,33.6521708,-117.3024159,3.64745,-72.8834,15.3066,-0.447,-0.664,-21.5,-0.5855,1
1887,2026-08-15T15:23:34.440,33.6521724,-117.3024096,4.23057,-72.7054,15.253,-0.381,-0.698,-24.22,-0.657261,1
1887.04,2026-08-15T15:23:34.480,33.6521739,-117.3024033,4.8137,-72.5387,15.177,-0.328,-0.724,-26.14,-0.70583,1
1887.08,2026-08-15T15:23:34.520,33.6521751,-117.3023970,5.39683,-72.4052,15.0876,-0.281,-0.742,-27.39,-0.735225,1
1887.12,2026-08-15T15:23:34.560,33.6521763,-117.3023908,5.9707,-72.2718,15.025,-0.228,-0.755,-28.05,-0.749818,1
1887.16,2026-08-15T15:23:34.600,33.6521774,-117.3023844,6.56308,-72.1495,15.0295,-0.173,-0.764,-28.16,-0.752983,1
1887.2,2026-08-15T15:23:34.640,33.6521785,-117.3023780,7.15546,-72.0272,15.0205,-0.112,-0.774,-27.9,-0.745587,1
1887.24,2026-08-15T15:23:34.680,33.6521794,-117.3023716,7.74785,-71.9271,15.0742,-0.042,-0.779,-27.13,-0.727599,1
1887.28,2026-08-15T15:23:34.720,33.6521801,-117.3023651,8.34949,-71.8492,15.1815,0.02,-0.774,-25.96,-0.701176,1
1887.32,2026-08-15T15:23:34.760,33.6521808,-117.3023585,8.96038,-71.7714,15.3066,0.066,-0.749,-24.52,-0.667742,1
1887.36,2026-08-15T15:23:34.800,33.6521814,-117.3023520,9.56202,-71.7047,15.3156,0.099,-0.706,-22.95,-0.625352,1
1887.4,2026-08-15T15:23:34.840,33.6521820,-117.3023453,10.1822,-71.638,15.3379,0.119,-0.664,-21.59,-0.589153,1
1887.44,2026-08-15T15:23:34.880,33.6521826,-117.3023388,10.7838,-71.5713,15.4139,0.132,-0.626,-20.74,-0.568762,1
1887.48,2026-08-15T15:23:34.920,33.6521831,-117.3023321,11.404,-71.5157,15.4318,0.149,-0.609,-20.43,-0.560911,1
1887.52,2026-08-15T15:23:34.960,33.6521834,-117.3023254,12.0241,-71.4823,15.4899,0.165,-0.616,-20.72,-0.571015,1
1887.56,2026-08-15T15:23:35.000,33.6521837,-117.3023184,12.672,-71.4489,15.633,0.18,-0.627,-21.42,-0.595758,1
1887.6,2026-08-15T15:23:35.040,33.6521838,-117.3023116,13.3014,-71.4378,15.7537,0.191,-0.636,-22.26,-0.623901,1
1887.64,2026-08-15T15:23:35.080,33.6521838,-117.3023047,13.9401,-71.4378,15.8207,0.193,-0.641,-23.13,-0.651045,1
1887.68,2026-08-15T15:23:35.120,33.6521838,-117.3022977,14.588,-71.4378,15.9146,0.189,-0.649,-23.82,-0.674445,1
1887.72,2026-08-15T15:23:35.160,33.6521837,-117.3022908,15.2267,-71.4489,16.004,0.18,-0.66,-24.17,-0.6882,1
1887.76,2026-08-15T15:23:35.200,33.6521835,-117.3022837,15.8839,-71.4712,16.0934,0.165,-0.683,-24.27,-0.694908,1
1887.8,2026-08-15T15:23:35.240,33.6521832,-117.3022767,16.5318,-71.5045,16.1739,0.135,-0.71,-24.26,-0.698094,1
1887.84,2026-08-15T15:23:35.280,33.6521826,-117.3022697,17.1797,-71.5713,16.2499,0.092,-0.737,-24.24,-0.700796,1
1887.88,2026-08-15T15:23:35.320,33.6521820,-117.3022627,17.8276,-71.638,16.2454,0.038,-0.758,-24.4,-0.705228,1
1887.92,2026-08-15T15:23:35.360,33.6521814,-117.3022557,18.4755,-71.7047,16.2186,-0.029,-0.764,-24.85,-0.717048,1
1887.96,2026-08-15T15:23:35.400,33.6521807,-117.3022488,19.1142,-71.7825,16.0979,-0.095,-0.759,-25.52,-0.730901,1
1888,2026-08-15T15:23:35.440,33.6521799,-117.3022421,19.7343,-71.8715,16.004,-0.146,-0.751,-26.34,-0.749987,1
1888.04,2026-08-15T15:23:35.480,33.6521789,-117.3022354,20.3545,-71.9827,15.9191,-0.173,-0.749,-27.19,-0.77008,1
1888.08,2026-08-15T15:23:35.520,33.6521780,-117.3022285,20.9932,-72.0828,15.9414,-0.171,-0.753,-27.91,-0.791582,1
1888.12,2026-08-15T15:23:35.560,33.6521768,-117.3022217,21.6226,-72.2162,15.9459,-0.147,-0.774,-28.36,-0.80457,1
1888.16,2026-08-15T15:23:35.600,33.6521756,-117.3022149,22.252,-72.3496,15.9593,-0.107,-0.802,-28.49,-0.808938,1
1888.2,2026-08-15T15:23:35.640,33.6521742,-117.3022082,22.8721,-72.5053,16.0398,-0.065,-0.827,-28.22,-0.805312,1
1888.24,2026-08-15T15:23:35.680,33.6521727,-117.3022014,23.5015,-72.6721,16.0979,-0.035,-0.84,-27.65,-0.791905,1
1888.28,2026-08-15T15:23:35.720,33.6521711,-117.3021947,24.1217,-72.85,16.0979,-0.019,-0.838,-26.96,-0.772143,1
1888.32,2026-08-15T15:23:35.760,33.6521693,-117.3021881,24.7326,-73.0502,16.0756,-0.016,-0.822,-26.3,-0.752195,1
1888.36,2026-08-15T15:23:35.800,33.6521675,-117.3021815,25.3435,-73.2503,16.0487,-0.022,-0.806,-25.85,-0.738091,1
1888.4,2026-08-15T15:23:35.840,33.6521656,-117.3021749,25.9544,-73.4616,16.0711,-0.029,-0.798,-25.69,-0.734544,1
1888.44,2026-08-15T15:23:35.880,33.6521636,-117.3021684,26.556,-73.684,16.0845,-0.035,-0.801,-25.74,-0.736588,1
1888.48,2026-08-15T15:23:35.920,33.6521614,-117.3021619,27.1576,-73.9286,16.08,-0.04,-0.806,-25.9,-0.74096,1
1888.52,2026-08-15T15:23:35.960,33.6521592,-117.3021555,27.75,-74.1732,16.0845,-0.038,-0.807,-26.03,-0.744886,1
1888.56,2026-08-15T15:23:36.000,33.6521569,-117.3021491,28.3424,-74.429,16.1247,-0.033,-0.801,-26.07,-0.747897,1
1888.6,2026-08-15T15:23:36.040,33.6521545,-117.3021428,28.9255,-74.6958,16.1203,-0.022,-0.789,-26.02,-0.746256,1
1888.64,2026-08-15T15:23:36.080,33.6521520,-117.3021365,29.5087,-74.9738,16.1247,-0.005,-0.779,-25.91,-0.743307,1
1888.68,2026-08-15T15:23:36.120,33.6521493,-117.3021302,30.0918,-75.274,16.165,0.011,-0.772,-25.8,-0.741998,1
1888.72,2026-08-15T15:23:36.160,33.6521467,-117.3021239,30.6749,-75.5632,16.2141,0.029,-0.778,-25.75,-0.742813,1
1888.76,2026-08-15T15:23:36.200,33.6521438,-117.3021179,31.2303,-75.8856,16.2454,0.046,-0.793,-25.77,-0.744825,1
1888.8,2026-08-15T15:23:36.240,33.6521408,-117.3021117,31.8042,-76.2192,16.2812,0.057,-0.803,-25.83,-0.748202,1
1888.84,2026-08-15T15:23:36.280,33.6521377,-117.3021055,32.378,-76.5639,16.3751,0.065,-0.805,-25.89,-0.754265,1
1888.88,2026-08-15T15:23:36.320,33.6521346,-117.3020995,32.9334,-76.9086,16.4242,0.066,-0.802,-25.92,-0.757406,1
1888.92,2026-08-15T15:23:36.360,33.6521315,-117.3020935,33.4887,-77.2533,16.4645,0.053,-0.799,-25.94,-0.759847,1
1888.96,2026-08-15T15:23:36.400,33.6521282,-117.3020876,34.0348,-77.6203,16.4555,0.026,-0.8,-25.98,-0.760606,1
1889,2026-08-15T15:23:36.440,33.6521248,-117.3020818,34.5717,-77.9983,16.4019,-0.006,-0.802,-26.07,-0.760753,1
1889.04,2026-08-15T15:23:36.480,33.6521212,-117.3020760,35.1085,-78.3986,16.4421,-0.044,-0.804,-26.31,-0.769639,1
1889.08,2026-08-15T15:23:36.520,33.6521176,-117.3020705,35.6176,-78.7989,16.3885,-0.069,-0.803,-26.65,-0.777042,1
1889.12,2026-08-15T15:23:36.560,33.6521140,-117.3020650,36.1267,-79.1992,16.3438,-0.075,-0.795,-27.06,-0.786844,1
1889.16,2026-08-15T15:23:36.600,33.6521102,-117.3020595,36.6358,-79.6218,16.317,-0.058,-0.783,-27.5,-0.798326,1
1889.2,2026-08-15T15:23:36.640,33.6521063,-117.3020540,37.1449,-80.0554,16.3795,-0.024,-0.78,-27.87,-0.81217,1
1889.24,2026-08-15T15:23:36.680,33.6521023,-117.3020486,37.6447,-80.5002,16.46,0.015,-0.782,-28.07,-0.822017,1
1889.28,2026-08-15T15:23:36.720,33.6520982,-117.3020432,38.1445,-80.9561,16.5807,0.051,-0.794,-28.09,-0.828635,1
1889.32,2026-08-15T15:23:36.760,33.6520940,-117.3020380,38.6258,-81.4231,16.6701,0.082,-0.818,-27.9,-0.827468,1
1889.36,2026-08-15T15:23:36.800,33.6520898,-117.3020329,39.0979,-81.8901,16.7327,0.102,-0.841,-27.5,-0.818667,1
1889.4,2026-08-15T15:23:36.840,33.6520854,-117.3020277,39.5792,-82.3794,16.8087,0.111,-0.856,-26.93,-0.805339,1
1889.44,2026-08-15T15:23:36.880,33.6520809,-117.3020227,40.042,-82.8798,16.8668,0.118,-0.863,-26.28,-0.788618,1
1889.48,2026-08-15T15:23:36.920,33.6520763,-117.3020178,40.4955,-83.3913,16.8981,0.115,-0.864,-25.58,-0.769037,1
1889.52,2026-08-15T15:23:36.960,33.6520717,-117.3020129,40.9491,-83.9028,16.9518,0.098,-0.864,-24.97,-0.753081,1
1889.56,2026-08-15T15:23:37.000,33.6520669,-117.3020081,41.3933,-84.4365,16.983,0.073,-0.866,-24.48,-0.739666,1
1889.6,2026-08-15T15:23:37.040,33.6520621,-117.3020035,41.8191,-84.9702,17.0143,0.044,-0.861,-24.18,-0.731947,1
1889.64,2026-08-15T15:23:37.080,33.6520572,-117.3019990,42.2356,-85.5151,17.0546,0.002,-0.84,-24.08,-0.730644,1
1889.68,2026-08-15T15:23:37.120,33.6520523,-117.3019946,42.6429,-86.06,17.0278,-0.039,-0.808,-24.25,-0.734645,1
1889.72,2026-08-15T15:23:37.160,33.6520473,-117.3019903,43.0409,-86.6159,16.992,-0.08,-0.773,-24.78,-0.749124,1
1889.76,2026-08-15T15:23:37.200,33.6520423,-117.3019860,43.4389,-87.1719,16.9428,-0.121,-0.747,-25.57,-0.77077,1
1889.8,2026-08-15T15:23:37.240,33.6520372,-117.3019819,43.8184,-87.739,16.8936,-0.156,-0.735,-26.6,-0.79949,1
1889.84,2026-08-15T15:23:37.280,33.6520322,-117.3019780,44.1794,-88.295,16.7819,-0.183,-0.745,-27.75,-0.828537,1
1889.88,2026-08-15T15:23:37.320,33.6520271,-117.3019741,44.5404,-88.8621,16.7461,-0.199,-0.773,-28.92,-0.86163,1
1889.92,2026-08-15T15:23:37.360,33.6520219,-117.3019704,44.8829,-89.4403,16.7327,-0.199,-0.817,-29.84,-0.888328,1
1889.96,2026-08-15T15:23:37.400,33.6520167,-117.3019668,45.2161,-90.0185,16.7238,-0.187,-0.867,-30.44,-0.905706,1
1890,2026-08-15T15:23:37.440,33.6520113,-117.3019634,45.5308,-90.6189,16.6657,-0.172,-0.912,-30.66,-0.909081,1
1890.04,2026-08-15T15:23:37.480,33.6520060,-117.3019601,45.8362,-91.2083,16.5941,-0.157,-0.94,-30.55,-0.901932,1
1890.08,2026-08-15T15:23:37.520,33.6520007,-117.3019570,46.1232,-91.7976,16.5137,-0.151,-0.946,-30.26,-0.889038,1
1890.12,2026-08-15T15:23:37.560,33.6519954,-117.3019540,46.4008,-92.3869,16.5181,-0.153,-0.928,-30.02,-0.882226,1
1890.16,2026-08-15T15:23:37.600,33.6519898,-117.3019512,46.66,-93.0096,16.4913,-0.16,-0.89,-29.96,-0.879033,1
1890.2,2026-08-15T15:23:37.640,33.6519844,-117.3019484,46.9192,-93.6101,16.4511,-0.169,-0.856,-30.12,-0.881571,1
1890.24,2026-08-15T15:23:37.680,33.6519790,-117.3019458,47.1598,-94.2105,16.3617,-0.168,-0.839,-30.46,-0.886678,1
1890.28,2026-08-15T15:23:37.720,33.6519734,-117.3019432,47.4005,-94.8332,16.3214,-0.16,-0.845,-30.82,-0.894951,1
1890.32,2026-08-15T15:23:37.760,33.6519679,-117.3019409,47.6134,-95.4448,16.2946,-0.144,-0.878,-31.06,-0.900438,1
1890.36,2026-08-15T15:23:37.800,33.6519624,-117.3019387,47.817,-96.0564,16.2946,-0.123,-0.926,-31.04,-0.899858,1
1890.4,2026-08-15T15:23:37.840,33.6519567,-117.3019366,48.0114,-96.6902,16.3035,-0.106,-0.964,-30.75,-0.89194,1
1890.44,2026-08-15T15:23:37.880,33.6519510,-117.3019348,48.178,-97.324,16.3393,-0.097,-0.979,-30.23,-0.87878,1
1890.48,2026-08-15T15:23:37.920,33.6519453,-117.3019331,48.3353,-97.9578,16.3438,-0.1,-0.969,-29.55,-0.859248,1
1890.52,2026-08-15T15:23:37.960,33.6519396,-117.3019315,48.4834,-98.5916,16.2991,-0.114,-0.948,-28.92,-0.838629,1
1890.56,2026-08-15T15:23:38.000,33.6519339,-117.3019300,48.6223,-99.2254,16.2276,-0.128,-0.924,-28.5,-0.822823,1
1890.6,2026-08-15T15:23:38.040,33.6519282,-117.3019286,48.7519,-99.8592,16.165,-0.138,-0.909,-28.32,-0.814472,1
1890.64,2026-08-15T15:23:38.080,33.6519223,-117.3019275,48.8537,-100.515,16.1605,-0.139,-0.901,-28.38,-0.815972,1
1890.68,2026-08-15T15:23:38.120,33.6519166,-117.3019265,48.9462,-101.149,16.1828,-0.118,-0.897,-28.57,-0.822571,1
1890.72,2026-08-15T15:23:38.160,33.6519108,-117.3019256,49.0295,-101.794,16.2097,-0.081,-0.902,-28.65,-0.826242,1
1890.76,2026-08-15T15:23:38.200,33.6519050,-117.3019248,49.1036,-102.439,16.2588,-0.039,-0.911,-28.48,-0.823831,1
1890.8,2026-08-15T15:23:38.240,33.6518991,-117.3019242,49.1591,-103.095,16.317,0.006,-0.92,-27.96,-0.81168,1
1890.84,2026-08-15T15:23:38.280,33.6518932,-117.3019238,49.1961,-103.751,16.3304,0.049,-0.925,-27.1,-0.787361,1
1890.88,2026-08-15T15:23:38.320,33.6518873,-117.3019236,49.2147,-104.407,16.384,0.078,-0.918,-25.92,-0.755551,1
1890.92,2026-08-15T15:23:38.360,33.6518814,-117.3019235,49.2239,-105.063,16.46,0.093,-0.897,-24.72,-0.723914,1
1890.96,2026-08-15T15:23:38.400,33.6518754,-117.3019233,49.2424,-105.73,16.5315,0.096,-0.873,-23.65,-0.695589,1
1891,2026-08-15T15:23:38.440,33.6518694,-117.3019235,49.2239,-106.398,16.5762,0.074,-0.851,-22.86,-0.674172,1
1891.04,2026-08-15T15:23:38.480,33.6518634,-117.3019236,49.2147,-107.065,16.5539,0.034,-0.825,-22.53,-0.663544,1
1891.08,2026-08-15T15:23:38.520,33.6518574,-117.3019240,49.1776,-107.732,16.5315,-0.009,-0.804,-22.75,-0.669119,1
1891.12,2026-08-15T15:23:38.560,33.6518515,-117.3019244,49.1406,-108.388,16.4868,-0.056,-0.789,-23.45,-0.687842,1
1891.16,2026-08-15T15:23:38.600,33.6518456,-117.3019250,49.0851,-109.044,16.4466,-0.087,-0.779,-24.58,-0.719228,1
1891.2,2026-08-15T15:23:38.640,33.6518396,-117.3019257,49.0203,-109.711,16.4198,-0.092,-0.771,-25.83,-0.754571,1
1891.24,2026-08-15T15:23:38.680,33.6518338,-117.3019265,48.9462,-110.356,16.4198,-0.078,-0.779,-26.92,-0.786413,1
1891.28,2026-08-15T15:23:38.720,33.6518279,-117.3019274,48.8629,-111.012,16.4868,-0.056,-0.808,-27.66,-0.811331,1
1891.32,2026-08-15T15:23:38.760,33.6518219,-117.3019285,48.7611,-111.679,16.5494,-0.04,-0.841,-27.95,-0.822949,1
1891.36,2026-08-15T15:23:38.800,33.6518161,-117.3019298,48.6408,-112.324,16.5897,-0.042,-0.861,-27.87,-0.822589,1
1891.4,2026-08-15T15:23:38.840,33.6518102,-117.3019313,48.5019,-112.98,16.5762,-0.06,-0.869,-27.69,-0.816615,1
1891.44,2026-08-15T15:23:38.880,33.6518044,-117.3019327,48.3724,-113.625,16.4958,-0.087,-0.858,-27.65,-0.811477,1
1891.48,2026-08-15T15:23:38.920,33.6517986,-117.3019343,48.2243,-114.27,16.4421,-0.109,-0.839,-27.92,-0.816736,1
1891.52,2026-08-15T15:23:38.960,33.6517929,-117.3019361,48.0577,-114.904,16.3974,-0.107,-0.828,-28.44,-0.829686,1
1891.56,2026-08-15T15:23:39.000,33.6517872,-117.3019380,47.8818,-115.538,16.4064,-0.088,-0.836,-28.94,-0.844733,1
1891.6,2026-08-15T15:23:39.040,33.6517815,-117.3019400,47.6967,-116.172,16.5137,-0.062,-0.861,-29.2,-0.857896,1
1891.64,2026-08-15T15:23:39.080,33.6517758,-117.3019422,47.493,-116.805,16.5673,-0.039,-0.896,-29.11,-0.85803,1
1891.68,2026-08-15T15:23:39.120,33.6517702,-117.3019447,47.2616,-117.428,16.6075,-0.037,-0.918,-28.68,-0.847408,1
1891.72,2026-08-15T15:23:39.160,33.6517646,-117.3019471,47.0395,-118.051,16.5852,-0.062,-0.911,-28.18,-0.831514,1
1891.76,2026-08-15T15:23:39.200,33.6517591,-117.3019497,46.7988,-118.662,16.5181,-0.094,-0.884,-27.95,-0.821393,1
1891.8,2026-08-15T15:23:39.240,33.6517536,-117.3019523,46.5582,-119.274,16.4377,-0.122,-0.852,-28.16,-0.823533,1
1891.84,2026-08-15T15:23:39.280,33.6517482,-117.3019551,46.299,-119.874,16.3348,-0.128,-0.837,-28.86,-0.838725,1
1891.88,2026-08-15T15:23:39.320,33.6517428,-117.3019580,46.0306,-120.475,16.3304,-0.103,-0.84,-29.78,-0.865225,1
1891.92,2026-08-15T15:23:39.360,33.6517374,-117.3019610,45.7529,-121.075,16.4734,-0.06,-0.87,-30.58,-0.896251,1
1891.96,2026-08-15T15:23:39.400,33.6517321,-117.3019643,45.4475,-121.665,16.5718,-0.006,-0.911,-30.95,-0.912511,1
1892,2026-08-15T15:23:39.440,33.6517268,-117.3019678,45.1235,-122.254,16.6522,0.042,-0.944,-30.79,-0.912201,1
1892.04,2026-08-15T15:23:39.480,33.6517215,-117.3019713,44.7996,-122.843,16.7327,0.071,-0.956,-30.07,-0.895175,1
1892.08,2026-08-15T15:23:39.520,33.6517163,-117.3019751,44.4478,-123.421,16.7864,0.076,-0.963,-28.95,-0.864596,1
1892.12,2026-08-15T15:23:39.560,33.6517112,-117.3019787,44.1146,-123.989,16.7685,0.052,-0.948,-27.65,-0.824892,1
1892.16,2026-08-15T15:23:39.600,33.6517061,-117.3019826,43.7536,-124.556,16.7551,0.005,-0.917,-26.59,-0.792634,1
1892.2,2026-08-15T15:23:39.640,33.6517012,-117.3019866,43.3834,-125.1,16.7014,-0.051,-0.892,-26,-0.772565,1
1892.24,2026-08-15T15:23:39.680,33.6516963,-117.3019907,43.0039,-125.645,16.5628,-0.1,-0.871,-26.02,-0.766744,1
1892.28,2026-08-15T15:23:39.720,33.6516915,-117.3019948,42.6244,-126.179,16.5181,-0.127,-0.853,-26.68,-0.78407,1
1892.32,2026-08-15T15:23:39.760,33.6516867,-117.3019991,42.2264,-126.713,16.4868,-0.12,-0.85,-27.66,-0.811331,1
1892.36,2026-08-15T15:23:39.800,33.6516820,-117.3020036,41.8099,-127.235,16.4958,-0.087,-0.857,-28.55,-0.83789,1
1892.4,2026-08-15T15:23:39.840,33.6516774,-117.3020081,41.3933,-127.747,16.6165,-0.049,-0.877,-29.05,-0.858803,1
1892.44,2026-08-15T15:23:39.880,33.6516728,-117.3020128,40.9583,-128.258,16.7104,-0.025,-0.904,-29.07,-0.864249,1
1892.48,2026-08-15T15:23:39.920,33.6516683,-117.3020176,40.514,-128.759,16.7461,-0.034,-0.921,-28.72,-0.855671,1
1892.52,2026-08-15T15:23:39.960,33.6516639,-117.3020225,40.0605,-129.248,16.6612,-0.077,-0.918,-28.43,-0.842735,1
1892.56,2026-08-15T15:23:40.000,33.6516597,-117.3020274,39.6069,-129.715,16.5226,-0.139,-0.914,-28.55,-0.839253,1
1892.6,2026-08-15T15:23:40.040,33.6516555,-117.3020323,39.1534,-130.182,16.384,-0.199,-0.903,-29.04,-0.846497,1
1892.64,2026-08-15T15:23:40.080,33.6516514,-117.3020373,38.6906,-130.638,16.2633,-0.241,-0.895,-29.92,-0.865723,1
1892.68,2026-08-15T15:23:40.120,33.6516475,-117.3020425,38.2093,-131.072,16.1739,-0.252,-0.906,-30.97,-0.891178,1
1892.72,2026-08-15T15:23:40.160,33.6516437,-117.3020477,37.728,-131.494,16.1024,-0.239,-0.935,-31.83,-0.911875,1
1892.76,2026-08-15T15:23:40.200,33.6516399,-117.3020531,37.2282,-131.917,16.0979,-0.212,-0.966,-32.29,-0.924796,1
1892.8,2026-08-15T15:23:40.240,33.6516363,-117.3020585,36.7283,-132.317,16.0845,-0.189,-0.981,-32.46,-0.92889,1
1892.84,2026-08-15T15:23:40.280,33.6516328,-117.3020640,36.2193,-132.706,16.0487,-0.172,-0.961,-32.43,-0.925968,1
1892.88,2026-08-15T15:23:40.320,33.6516294,-117.3020696,35.7009,-133.084,15.9862,-0.164,-0.927,-32.41,-0.921789,1
1892.92,2026-08-15T15:23:40.360,33.6516260,-117.3020751,35.1918,-133.462,15.9191,-0.152,-0.904,-32.49,-0.920188,1
1892.96,2026-08-15T15:23:40.400,33.6516227,-117.3020808,34.6642,-133.829,15.8833,-0.132,-0.904,-32.6,-0.921229,1
1893,2026-08-15T15:23:40.440,33.6516195,-117.3020865,34.1367,-134.185,15.8744,-0.096,-0.924,-32.54,-0.919016,1
1893.04,2026-08-15T15:23:40.480,33.6516166,-117.3020924,33.5906,-134.508,15.9325,-0.051,-0.951,-32.17,-0.911892,1
1893.08,2026-08-15T15:23:40.520,33.6516138,-117.3020984,33.0352,-134.819,15.9593,-0.005,-0.967,-31.33,-0.889577,1
1893.12,2026-08-15T15:23:40.560,33.6516111,-117.3021046,32.4613,-135.119,16.004,0.033,-0.976,-30.14,-0.858185,1
1893.16,2026-08-15T15:23:40.600,33.6516084,-117.3021107,31.8967,-135.419,16.08,0.054,-0.972,-28.79,-0.823639,1
1893.2,2026-08-15T15:23:40.640,33.6516058,-117.3021171,31.3043,-135.708,16.1247,0.059,-0.956,-27.53,-0.789782,1
1893.24,2026-08-15T15:23:40.680,33.6516034,-117.3021233,30.7305,-135.975,16.1292,0.061,-0.944,-26.44,-0.758722,1
1893.28,2026-08-15T15:23:40.720,33.6516010,-117.3021298,30.1288,-136.242,16.165,0.063,-0.929,-25.68,-0.738547,1
1893.32,2026-08-15T15:23:40.760,33.6515987,-117.3021362,29.5364,-136.498,16.1873,0.075,-0.912,-25.1,-0.722865,1
1893.36,2026-08-15T15:23:40.800,33.6515965,-117.3021427,28.9348,-136.743,16.2678,0.101,-0.894,-24.58,-0.711408,1
1893.4,2026-08-15T15:23:40.840,33.6515944,-117.3021494,28.3146,-136.976,16.4108,0.142,-0.871,-23.86,-0.696642,1
1893.44,2026-08-15T15:23:40.880,33.6515924,-117.3021562,27.6852,-137.199,16.5718,0.187,-0.843,-22.93,-0.676054,1
1893.48,2026-08-15T15:23:40.920,33.6515905,-117.3021631,27.0466,-137.41,16.6925,0.225,-0.81,-21.78,-0.646825,1
1893.52,2026-08-15T15:23:40.960,33.6515886,-117.3021700,26.4079,-137.621,16.8311,0.254,-0.768,-20.51,-0.614165,1
1893.56,2026-08-15T15:23:41.000,33.6515867,-117.3021770,25.76,-137.832,16.9339,0.274,-0.726,-19.45,-0.585982,1
1893.6,2026-08-15T15:23:41.040,33.6515849,-117.3021842,25.0936,-138.032,17.068,0.286,-0.701,-18.76,-0.56967,1
1893.64,2026-08-15T15:23:41.080,33.6515832,-117.3021915,24.4179,-138.221,17.2334,0.297,-0.683,-18.49,-0.566913,1
1893.68,2026-08-15T15:23:41.120,33.6515816,-117.3021987,23.7514,-138.399,17.363,0.315,-0.675,-18.62,-0.575193,1
1893.72,2026-08-15T15:23:41.160,33.6515801,-117.3022061,23.0665,-138.566,17.5284,0.337,-0.668,-19.05,-0.594082,1
1893.76,2026-08-15T15:23:41.200,33.6515786,-117.3022136,22.3723,-138.733,17.7564,0.358,-0.663,-19.56,-0.617921,1
1893.8,2026-08-15T15:23:41.240,33.6515772,-117.3022212,21.6688,-138.889,17.904,0.373,-0.658,-20.11,-0.640574,1
1893.84,2026-08-15T15:23:41.280,33.6515758,-117.3022289,20.9561,-139.044,18.0783,0.383,-0.659,-20.58,-0.661929,1
1893.88,2026-08-15T15:23:41.320,33.6515745,-117.3022365,20.2527,-139.189,18.2035,0.382,-0.669,-20.91,-0.677199,1
1893.92,2026-08-15T15:23:41.360,33.6515733,-117.3022444,19.5215,-139.322,18.3644,0.377,-0.682,-21.09,-0.689067,1
1893.96,2026-08-15T15:23:41.400,33.6515722,-117.3022523,18.7902,-139.445,18.5253,0.375,-0.687,-21.01,-0.692469,1
1894,2026-08-15T15:23:41.440,33.6515712,-117.3022603,18.0498,-139.556,18.6863,0.373,-0.684,-20.67,-0.687182,1
1894.04,2026-08-15T15:23:41.480,33.6515703,-117.3022684,17.3,-139.656,18.8472,0.374,-0.667,-20.12,-0.674657,1
1894.08,2026-08-15T15:23:41.520,33.6515694,-117.3022766,16.541,-139.756,19.0171,0.371,-0.65,-19.49,-0.659423,1
1894.12,2026-08-15T15:23:41.560,33.6515685,-117.3022849,15.7728,-139.856,19.1959,0.358,-0.645,-18.98,-0.648206,1
1894.16,2026-08-15T15:23:41.600,33.6515677,-117.3022933,14.9953,-139.945,19.339,0.339,-0.653,-18.8,-0.646843,1
1894.2,2026-08-15T15:23:41.640,33.6515671,-117.3023016,14.227,-140.012,19.4284,0.312,-0.68,-18.94,-0.654673,1
1894.24,2026-08-15T15:23:41.680,33.6515666,-117.3023100,13.4495,-140.067,19.5044,0.274,-0.727,-19.31,-0.670073,1
1894.28,2026-08-15T15:23:41.720,33.6515661,-117.3023186,12.6535,-140.123,19.5982,0.236,-0.779,-19.7,-0.686897,1
1894.32,2026-08-15T15:23:41.760,33.6515659,-117.3023270,11.876,-140.145,19.6563,0.191,-0.824,-19.97,-0.698376,1
1894.36,2026-08-15T15:23:41.800,33.6515657,-117.3023356,11.08,-140.167,19.6966,0.145,-0.85,-20.03,-0.701908,1
1894.4,2026-08-15T15:23:41.840,33.6515656,-117.3023441,10.2932,-140.179,19.7323,0.108,-0.845,-19.94,-0.700023,1
1894.44,2026-08-15T15:23:41.880,33.6515656,-117.3023526,9.50648,-140.179,19.7726,0.089,-0.819,-19.76,-0.695118,1
1894.48,2026-08-15T15:23:41.920,33.6515657,-117.3023612,8.71047,-140.167,19.8486,0.091,-0.779,-19.51,-0.688962,1
1894.52,2026-08-15T15:23:41.960,33.6515658,-117.3023699,7.9052,-140.156,19.9469,0.119,-0.739,-19.07,-0.676761,1
1894.56,2026-08-15T15:23:42.000,33.6515661,-117.3023787,7.09067,-140.123,20.0274,0.154,-0.71,-18.54,-0.660606,1
1894.6,2026-08-15T15:23:42.040,33.6515664,-117.3023873,6.29466,-140.09,20.1794,0.187,-0.694,-17.96,-0.644796,1
1894.64,2026-08-15T15:23:42.080,33.6515669,-117.3023962,5.47087,-140.034,20.2822,0.211,-0.69,-17.43,-0.628957,1
1894.68,2026-08-15T15:23:42.120,33.6515674,-117.3024049,4.6656,-139.978,20.3493,0.22,-0.701,-17.11,-0.619451,1
1894.72,2026-08-15T15:23:42.160,33.6515681,-117.3024137,3.85108,-139.901,20.4878,0.206,-0.723,-17.15,-0.625128,1
1894.76,2026-08-15T15:23:42.200,33.6515688,-117.3024226,3.0273,-139.823,20.5281,0.174,-0.749,-17.51,-0.639503,1
1894.8,2026-08-15T15:23:42.240,33.6515697,-117.3024314,2.21277,-139.723,20.5728,0.116,-0.768,-18.25,-0.667981,1
1894.84,2026-08-15T15:23:42.280,33.6515707,-117.3024402,1.39824,-139.611,20.5549,0.042,-0.767,-19.27,-0.704702,1
1894.88,2026-08-15T15:23:42.320,33.6515717,-117.3024489,0.592971,-139.5,20.4878,-0.031,-0.756,-20.53,-0.748331,1
1894.92,2026-08-15T15:23:42.360,33.6515728,-117.3024577,-0.221555,-139.378,20.394,-0.092,-0.75,-22.07,-0.800778,1
1894.96,2026-08-15T15:23:42.400,33.6515740,-117.3024663,-1.01757,-139.244,20.309,-0.124,-0.759,-23.63,-0.85381,1
1895,2026-08-15T15:23:42.440,33.6515753,-117.3024749,-1.81358,-139.1,20.2911,-0.125,-0.797,-25.01,-0.902877,1
1895.04,2026-08-15T15:23:42.480,33.6515768,-117.3024835,-2.6096,-138.933,20.3314,-0.095,-0.851,-26.1,-0.944095,1
1895.08,2026-08-15T15:23:42.520,33.6515783,-117.3024920,-3.39636,-138.766,20.3761,-0.044,-0.907,-26.65,-0.966109,1
1895.12,2026-08-15T15:23:42.560,33.6515801,-117.3025006,-4.19237,-138.566,20.4387,0.009,-0.944,-26.62,-0.967986,1
1895.16,2026-08-15T15:23:42.600,33.6515820,-117.3025092,-4.98839,-138.355,20.5549,0.047,-0.958,-26.17,-0.957034,1
1895.2,2026-08-15T15:23:42.640,33.6515841,-117.3025178,-5.7844,-138.121,20.613,0.06,-0.95,-25.41,-0.931868,1
1895.24,2026-08-15T15:23:42.680,33.6515862,-117.3025263,-6.57116,-137.888,20.6398,0.05,-0.931,-24.56,-0.901868,1
1895.28,2026-08-15T15:23:42.720,33.6515884,-117.3025348,-7.35792,-137.643,20.5728,0.016,-0.908,-23.89,-0.874415,1
1895.32,2026-08-15T15:23:42.760,33.6515906,-117.3025432,-8.13542,-137.399,20.5281,-0.025,-0.896,-23.41,-0.854984,1
1895.36,2026-08-15T15:23:42.800,33.6515931,-117.3025515,-8.90367,-137.121,20.4968,-0.06,-0.9,-23.16,-0.844564,1
1895.4,2026-08-15T15:23:42.840,33.6515957,-117.3025598,-9.67192,-136.832,20.4342,-0.083,-0.915,-23.14,-0.841258,1
1895.44,2026-08-15T15:23:42.880,33.6515983,-117.3025679,-10.4217,-136.542,20.4118,-0.092,-0.937,-23.22,-0.843243,1
1895.48,2026-08-15T15:23:42.920,33.6516012,-117.3025761,-11.1806,-136.22,20.4029,-0.081,-0.95,-23.3,-0.845778,1
1895.52,2026-08-15T15:23:42.960,33.6516039,-117.3025842,-11.9304,-135.92,20.4208,-0.058,-0.946,-23.35,-0.848336,1
1895.56,2026-08-15T15:23:43.000,33.6516070,-117.3025922,-12.6709,-135.575,20.47,-0.027,-0.936,-23.31,-0.848922,1
1895.6,2026-08-15T15:23:43.040,33.6516101,-117.3026003,-13.4206,-135.23,20.4834,0.008,-0.924,-23.13,-0.842918,1
1895.64,2026-08-15T15:23:43.080,33.6516134,-117.3026082,-14.1518,-134.863,20.5013,0.043,-0.915,-22.81,-0.831982,1
1895.68,2026-08-15T15:23:43.120,33.6516166,-117.3026162,-14.8923,-134.508,20.5728,0.072,-0.919,-22.33,-0.817316,1
1895.72,2026-08-15T15:23:43.160,33.6516202,-117.3026241,-15.6235,-134.107,20.6443,0.094,-0.924,-21.73,-0.79812,1
1895.76,2026-08-15T15:23:43.200,33.6516237,-117.3026319,-16.3455,-133.718,20.6667,0.111,-0.919,-21.04,-0.773614,1
1895.8,2026-08-15T15:23:43.240,33.6516274,-117.3026397,-17.0674,-133.307,20.7158,0.121,-0.902,-20.35,-0.750024,1
1895.84,2026-08-15T15:23:43.280,33.6516311,-117.3026475,-17.7894,-132.895,20.7427,0.129,-0.879,-19.74,-0.728484,1
1895.88,2026-08-15T15:23:43.320,33.6516350,-117.3026552,-18.5021,-132.462,20.8142,0.131,-0.853,-19.28,-0.713961,1
1895.92,2026-08-15T15:23:43.360,33.6516390,-117.3026629,-19.2148,-132.017,20.9215,0.123,-0.836,-18.94,-0.704986,1
1895.96,2026-08-15T15:23:43.400,33.6516431,-117.3026705,-19.9183,-131.561,20.9796,0.11,-0.832,-18.72,-0.698733,1
1896,2026-08-15T15:23:43.440,33.6516472,-117.3026781,-20.6217,-131.105,21.0198,0.094,-0.836,-18.53,-0.692967,1
1896.04,2026-08-15T15:23:43.480,33.6516516,-117.3026857,-21.3252,-130.616,21.0779,0.065,-0.843,-18.26,-0.684758,1
1896.08,2026-08-15T15:23:43.520,33.6516560,-117.3026931,-22.0101,-130.127,21.0422,0.027,-0.843,-17.72,-0.66338,1
1896.12,2026-08-15T15:23:43.560,33.6516603,-117.3027004,-22.6858,-129.648,21.0154,-0.006,-0.821,-16.85,-0.630006,1
1896.16,2026-08-15T15:23:43.600,33.6516650,-117.3027077,-23.3615,-129.126,20.9885,-0.051,-0.762,-15.39,-0.574684,1
1896.2,2026-08-15T15:23:43.640,33.6516695,-117.3027149,-24.0279,-128.625,20.9438,-0.104,-0.683,-13.36,-0.497818,1
1896.24,2026-08-15T15:23:43.680,33.6516741,-117.3027221,-24.6944,-128.114,20.8991,-0.144,-0.579,-10.69,-0.397479,1
1896.28,2026-08-15T15:23:43.720,33.6516786,-117.3027290,-25.333,-127.614,20.7918,-0.179,-0.462,-7.35,-0.271887,1
1896.32,2026-08-15T15:23:43.760,33.6516831,-117.3027362,-25.9995,-127.113,20.7248,-0.209,-0.335,-3.35,-0.123522,1
1896.36,2026-08-15T15:23:43.800,33.6516877,-117.3027433,-26.6566,-126.602,20.6622,-0.229,-0.174,1.38,0.0507299,1
1896.4,2026-08-15T15:23:43.840,33.6516921,-117.3027503,-27.3046,-126.112,20.5683,-0.243,0.01,6.37,0.233102,1
1896.44,2026-08-15T15:23:43.880,33.6516966,-117.3027575,-27.971,-125.612,20.4878,-0.259,0.206,11.21,0.408611,1
1896.48,2026-08-15T15:23:43.920,33.6517009,-117.3027647,-28.6374,-125.134,20.4387,-0.272,0.41,15.65,0.569083,1
1896.52,2026-08-15T15:23:43.960,33.6517049,-117.3027719,-29.3039,-124.689,20.3224,-0.288,0.594,19.38,0.700709,1
1896.56,2026-08-15T15:23:44.000,33.6517089,-117.3027792,-29.9795,-124.244,20.1883,-0.298,0.725,22.02,0.790908,1
1896.6,2026-08-15T15:23:44.040,33.6517127,-117.3027865,-30.6552,-123.822,20.0408,-0.296,0.822,23.93,0.85323,1
1896.64,2026-08-15T15:23:44.080,33.6517165,-117.3027938,-31.3309,-123.399,19.9603,-0.285,0.875,25.33,0.899521,1
1896.68,2026-08-15T15:23:44.120,33.6517201,-117.3028012,-32.0159,-122.999,19.8799,-0.262,0.88,26.26,0.928788,1
1896.72,2026-08-15T15:23:44.160,33.6517235,-117.3028087,-32.7101,-122.621,19.8039,-0.231,0.861,26.9,0.947787,1
1896.76,2026-08-15T15:23:44.200,33.6517270,-117.3028161,-33.395,-122.232,19.786,-0.197,0.835,27.39,0.96418,1
1896.8,2026-08-15T15:23:44.240,33.6517304,-117.3028236,-34.0892,-121.854,19.7368,-0.167,0.824,27.74,0.974074,1
1896.84,2026-08-15T15:23:44.280,33.6517337,-117.3028312,-34.7927,-121.487,19.7055,-0.144,0.843,27.92,0.97884,1
1896.88,2026-08-15T15:23:44.320,33.6517367,-117.3028388,-35.4961,-121.153,19.6251,-0.136,0.888,28.03,0.978684,1
1896.92,2026-08-15T15:23:44.360,33.6517396,-117.3028464,-36.1996,-120.831,19.5446,-0.143,0.938,28.17,0.979539,1
1896.96,2026-08-15T15:23:44.400,33.6517424,-117.3028541,-36.9123,-120.519,19.4731,-0.153,0.982,28.35,0.98219,1
1897,2026-08-15T15:23:44.440,33.6517451,-117.3028618,-37.625,-120.219,19.3881,-0.169,1.004,28.59,0.986185,1
1897.04,2026-08-15T15:23:44.480,33.6517476,-117.3028696,-38.347,-119.941,19.3211,-0.181,1.007,28.89,0.993086,1
1897.08,2026-08-15T15:23:44.520,33.6517500,-117.3028773,-39.0597,-119.674,19.2227,-0.175,0.988,29.21,0.998975,1
1897.12,2026-08-15T15:23:44.560,33.6517523,-117.3028851,-39.7816,-119.418,19.2004,-0.158,0.967,29.44,1.00567,1
1897.16,2026-08-15T15:23:44.600,33.6517545,-117.3028930,-40.5129,-119.174,19.1646,-0.128,0.954,29.53,1.00687,1
1897.2,2026-08-15T15:23:44.640,33.6517566,-117.3029008,-41.2348,-118.94,19.1601,-0.096,0.949,29.42,1.00288,1
1897.24,2026-08-15T15:23:44.680,33.6517585,-117.3029087,-41.966,-118.729,19.1691,-0.069,0.952,29.22,0.996529,1
1897.28,2026-08-15T15:23:44.720,33.6517603,-117.3029168,-42.7158,-118.529,19.1467,-0.052,0.967,29.04,0.989235,1
1897.32,2026-08-15T15:23:44.760,33.6517618,-117.3029247,-43.447,-118.362,19.0975,-0.044,0.979,28.96,0.983976,1
1897.36,2026-08-15T15:23:44.800,33.6517635,-117.3029327,-44.1875,-118.173,19.035,-0.031,0.986,28.96,0.980751,1
1897.4,2026-08-15T15:23:44.840,33.6517649,-117.3029407,-44.928,-118.017,18.9903,-0.008,0.984,28.92,0.977097,1
1897.44,2026-08-15T15:23:44.880,33.6517660,-117.3029488,-45.6777,-117.895,19.0216,0.02,0.977,28.69,0.970923,1
1897.48,2026-08-15T15:23:44.920,33.6517672,-117.3029570,-46.4367,-117.762,19.1065,0.051,0.974,28.2,0.958602,1
1897.52,2026-08-15T15:23:44.960,33.6517682,-117.3029652,-47.1957,-117.65,19.1691,0.073,0.978,27.57,0.940256,1
1897.56,2026-08-15T15:23:45.000,33.6517691,-117.3029734,-47.9547,-117.55,19.1959,0.085,0.978,26.99,0.921764,1
1897.6,2026-08-15T15:23:45.040,33.6517699,-117.3029817,-48.7229,-117.461,19.1601,0.097,0.978,26.62,0.907434,1
1897.64,2026-08-15T15:23:45.080,33.6517705,-117.3029899,-49.4819,-117.395,19.1646,0.122,0.964,26.5,0.903554,1
1897.68,2026-08-15T15:23:45.120,33.6517710,-117.3029983,-50.2594,-117.339,19.2317,0.157,0.935,26.57,0.909111,1
1897.72,2026-08-15T15:23:45.160,33.6517715,-117.3030066,-51.0277,-117.283,19.3568,0.207,0.897,26.7,0.919505,1
1897.76,2026-08-15T15:23:45.200,33.6517718,-117.3030152,-51.8237,-117.25,19.5804,0.261,0.873,26.72,0.930819,1
1897.8,2026-08-15T15:23:45.240,33.6517720,-117.3030238,-52.6197,-117.228,19.7681,0.304,0.868,26.55,0.933766,1
1897.84,2026-08-15T15:23:45.280,33.6517722,-117.3030324,-53.4157,-117.206,19.853,0.326,0.879,26.2,0.925416,1
1897.88,2026-08-15T15:23:45.320,33.6517720,-117.3030409,-54.2025,-117.228,19.9156,0.34,0.893,25.66,0.909199,1
1897.92,2026-08-15T15:23:45.360,33.6517718,-117.3030496,-55.0077,-117.25,19.9693,0.344,0.897,25,0.8882,1
1897.96,2026-08-15T15:23:45.400,33.6517714,-117.3030583,-55.813,-117.295,20.1123,0.344,0.886,24.36,0.871662,1
1898,2026-08-15T15:23:45.440,33.6517710,-117.3030670,-56.6183,-117.339,20.2151,0.344,0.865,23.78,0.855258,1
1898.04,2026-08-15T15:23:45.480,33.6517705,-117.3030758,-57.4328,-117.395,20.3493,0.349,0.859,23.19,0.839572,1
1898.08,2026-08-15T15:23:45.520,33.6517699,-117.3030846,-58.2473,-117.461,20.4655,0.356,0.872,22.48,0.818515,1
1898.12,2026-08-15T15:23:45.560,33.6517691,-117.3030935,-59.0711,-117.55,20.5907,0.357,0.898,21.42,0.78469,1
1898.16,2026-08-15T15:23:45.600,33.6517681,-117.3031024,-59.8949,-117.662,20.7248,0.357,0.925,19.81,0.730437,1
1898.2,2026-08-15T15:23:45.640,33.6517670,-117.3031113,-60.7187,-117.784,20.8276,0.359,0.92,17.25,0.6392,1
1898.24,2026-08-15T15:23:45.680,33.6517658,-117.3031204,-61.561,-117.917,20.9841,0.356,0.883,13.89,0.518561,1
1898.28,2026-08-15T15:23:45.720,33.6517647,-117.3031294,-62.394,-118.04,21.1539,0.342,0.824,9.66,0.36356,1
1898.32,2026-08-15T15:23:45.760,33.6517634,-117.3031385,-63.2363,-118.184,21.2836,0.302,0.739,4.31,0.163204,1
1898.36,2026-08-15T15:23:45.800,33.6517620,-117.3031476,-64.0786,-118.34,21.3193,0.23,0.626,-1.54,-0.0584121,1
1898.4,2026-08-15T15:23:45.840,33.6517606,-117.3031566,-64.9116,-118.496,21.297,0.124,0.479,-7.34,-0.278114,1
1898.44,2026-08-15T15:23:45.880,33.6517592,-117.3031656,-65.7447,-118.651,21.2165,0.004,0.275,-12.78,-0.482407,1
1898.48,2026-08-15T15:23:45.920,33.6517580,-117.3031745,-66.5685,-118.785,21.0735,-0.116,-0.014,-17.59,-0.659493,1
1898.52,2026-08-15T15:23:45.960,33.6517571,-117.3031834,-67.3922,-118.885,20.8946,-0.204,-0.341,-21.19,-0.787725,1
1898.56,2026-08-15T15:23:46.000,33.6517562,-117.3031923,-68.216,-118.985,20.8097,-0.259,-0.646,-23.71,-0.877821,1
1898.6,2026-08-15T15:23:46.040,33.6517555,-117.3032012,-69.0398,-119.063,20.7829,-0.282,-0.878,-25.22,-0.932523,1
1898.64,2026-08-15T15:23:46.080,33.6517550,-117.3032101,-69.8636,-119.118,20.7158,-0.282,-1.014,-25.9,-0.954576,1
1898.68,2026-08-15T15:23:46.120,33.6517545,-117.3032189,-70.6781,-119.174,20.6443,-0.271,-1.035,-25.99,-0.954586,1
1898.72,2026-08-15T15:23:46.160,33.6517541,-117.3032278,-71.5019,-119.218,20.5951,-0.263,-0.982,-25.88,-0.948281,1
1898.76,2026-08-15T15:23:46.200,33.6517538,-117.3032366,-72.3164,-119.252,20.4878,-0.244,-0.905,-25.9,-0.94407,1
1898.8,2026-08-15T15:23:46.240,33.6517536,-117.3032453,-73.1217,-119.274,20.3761,-0.218,-0.846,-26.04,-0.943996,1
1898.84,2026-08-15T15:23:46.280,33.6517535,-117.3032541,-73.9362,-119.285,20.3403,-0.192,-0.826,-26.16,-0.946681,1
1898.88,2026-08-15T15:23:46.320,33.6517535,-117.3032628,-74.7415,-119.285,20.3314,-0.168,-0.847,-26.01,-0.94084,1
1898.92,2026-08-15T15:23:46.360,33.6517537,-117.3032716,-75.556,-119.263,20.3314,-0.161,-0.89,-25.63,-0.927094,1
1898.96,2026-08-15T15:23:46.400,33.6517541,-117.3032803,-76.3613,-119.218,20.242,-0.174,-0.939,-25.12,-0.90465,1
1899,2026-08-15T15:23:46.440,33.6517545,-117.3032889,-77.1573,-119.174,20.1347,-0.203,-0.966,-24.8,-0.888392,1
1899.04,2026-08-15T15:23:46.480,33.6517551,-117.3032974,-77.9441,-119.107,19.9648,-0.233,-0.967,-24.89,-0.884094,1
1899.08,2026-08-15T15:23:46.520,33.6517558,-117.3033059,-78.7308,-119.029,19.8352,-0.251,-0.949,-25.35,-0.894586,1
1899.12,2026-08-15T15:23:46.560,33.6517566,-117.3033143,-79.5083,-118.94,19.7368,-0.253,-0.923,-25.97,-0.911921,1
1899.16,2026-08-15T15:23:46.600,33.6517574,-117.3033228,-80.2951,-118.851,19.7189,-0.242,-0.905,-26.5,-0.929689,1
1899.2,2026-08-15T15:23:46.640,33.6517584,-117.3033312,-81.0726,-118.74,19.6742,-0.222,-0.905,-26.81,-0.938432,1
1899.24,2026-08-15T15:23:46.680,33.6517595,-117.3033394,-81.8316,-118.618,19.5759,-0.205,-0.915,-26.86,-0.935483,1
1899.28,2026-08-15T15:23:46.720,33.6517609,-117.3033477,-82.5998,-118.462,19.5133,-0.196,-0.93,-26.81,-0.930756,1
1899.32,2026-08-15T15:23:46.760,33.6517623,-117.3033559,-83.3588,-118.306,19.4418,-0.193,-0.943,-26.74,-0.924923,1
1899.36,2026-08-15T15:23:46.800,33.6517638,-117.3033640,-84.1085,-118.14,19.3837,-0.195,-0.941,-26.74,-0.922158,1
1899.4,2026-08-15T15:23:46.840,33.6517653,-117.3033720,-84.849,-117.973,19.2764,-0.203,-0.925,-26.84,-0.920484,1
1899.44,2026-08-15T15:23:46.880,33.6517671,-117.3033801,-85.5988,-117.773,19.2182,-0.206,-0.904,-27.08,-0.925914,1
1899.48,2026-08-15T15:23:46.920,33.6517688,-117.3033880,-86.33,-117.584,19.1199,-0.202,-0.887,-27.35,-0.930361,1
1899.52,2026-08-15T15:23:46.960,33.6517707,-117.3033958,-87.0519,-117.372,19.0171,-0.196,-0.878,-27.65,-0.935508,1
1899.56,2026-08-15T15:23:47.000,33.6517727,-117.3034036,-87.7739,-117.15,18.9545,-0.187,-0.88,-27.95,-0.942546,1
1899.6,2026-08-15T15:23:47.040,33.6517749,-117.3034113,-88.4866,-116.905,18.9232,-0.176,-0.895,-28.16,-0.94806,1
1899.64,2026-08-15T15:23:47.080,33.6517770,-117.3034190,-89.1993,-116.672,18.874,-0.17,-0.911,-28.27,-0.94929,1
1899.68,2026-08-15T15:23:47.120,33.6517794,-117.3034265,-89.8935,-116.405,18.7354,-0.167,-0.917,-28.3,-0.94332,1
1899.72,2026-08-15T15:23:47.160,33.6517819,-117.3034339,-90.5785,-116.127,18.6416,-0.166,-0.912,-28.25,-0.936935,1
1899.76,2026-08-15T15:23:47.200,33.6517843,-117.3034413,-91.2634,-115.86,18.579,-0.166,-0.901,-28.11,-0.929161,1
1899.8,2026-08-15T15:23:47.240,33.6517870,-117.3034487,-91.9484,-115.56,18.5209,-0.166,-0.885,-27.91,-0.919665,1
1899.84,2026-08-15T15:23:47.280,33.6517897,-117.3034560,-92.624,-115.26,18.4762,-0.165,-0.872,-27.71,-0.910871,1
1899.88,2026-08-15T15:23:47.320,33.6517924,-117.3034632,-93.2905,-114.96,18.4091,-0.167,-0.877,-27.56,-0.902652,1
1899.92,2026-08-15T15:23:47.360,33.6517953,-117.3034702,-93.9384,-114.637,18.275,-0.168,-0.89,-27.56,-0.896076,1
1899.96,2026-08-15T15:23:47.400,33.6517983,-117.3034771,-94.5771,-114.303,18.1811,-0.172,-0.903,-27.73,-0.896972,1
1900,2026-08-15T15:23:47.440,33.6518013,-117.3034840,-95.2157,-113.97,18.1096,-0.168,-0.923,-28.13,-0.906331,1
1900.04,2026-08-15T15:23:47.480,33.6518046,-117.3034908,-95.8451,-113.603,18.047,-0.153,-0.934,-28.62,-0.918931,1
1900.08,2026-08-15T15:23:47.520,33.6518079,-117.3034975,-96.4653,-113.236,18.0247,-0.127,-0.935,-29.03,-0.930941,1
1900.12,2026-08-15T15:23:47.560,33.6518113,-117.3035041,-97.0762,-112.858,17.971,-0.093,-0.934,-29.2,-0.933606,1
1900.16,2026-08-15T15:23:47.600,33.6518147,-117.3035105,-97.6686,-112.48,17.9799,-0.056,-0.938,-28.92,-0.925114,1
1900.2,2026-08-15T15:23:47.640,33.6518183,-117.3035171,-98.2795,-112.08,17.9531,-0.026,-0.943,-28.17,-0.899778,1
1900.24,2026-08-15T15:23:47.680,33.6518220,-117.3035234,-98.8626,-111.668,17.9487,-0.012,-0.957,-27.04,-0.863469,1
1900.28,2026-08-15T15:23:47.720,33.6518259,-117.3035297,-99.4457,-111.234,17.9218,-0.013,-0.966,-25.56,-0.814989,1
1900.32,2026-08-15T15:23:47.760,33.6518298,-117.3035358,-100.01,-110.801,17.8771,-0.024,-0.958,-23.94,-0.761431,1
1900.36,2026-08-15T15:23:47.800,33.6518337,-117.3035418,-100.566,-110.367,17.8145,-0.034,-0.936,-22.35,-0.708371,1
1900.4,2026-08-15T15:23:47.840,33.6518377,-117.3035477,-101.112,-109.922,17.7251,-0.037,-0.908,-20.8,-0.655936,1
1900.44,2026-08-15T15:23:47.880,33.6518418,-117.3035536,-101.658,-109.466,17.7028,-0.019,-0.885,-19.15,-0.603141,1
1900.48,2026-08-15T15:23:47.920,33.6518459,-117.3035593,-102.185,-109.011,17.743,0.016,-0.89,-17.43,-0.550216,1
1900.52,2026-08-15T15:23:47.960,33.6518502,-117.3035650,-102.713,-108.532,17.8145,0.067,-0.936,-15.21,-0.482072,1
1900.56,2026-08-15T15:23:48.000,33.6518548,-117.3035706,-103.231,-108.021,17.9129,0.122,-0.983,-12.41,-0.395499,1
1900.6,2026-08-15T15:23:48.040,33.6518595,-117.3035761,-103.74,-107.498,18.0068,0.171,-0.99,-8.88,-0.284484,1
1900.64,2026-08-15T15:23:48.080,33.6518643,-117.3035816,-104.25,-106.965,18.123,0.205,-0.92,-4.75,-0.153155,1
1900.68,2026-08-15T15:23:48.120,33.6518689,-117.3035869,-104.74,-106.453,18.1945,0.217,-0.764,-0.23,-0.00744521,1
1900.72,2026-08-15T15:23:48.160,33.6518737,-117.3035926,-105.268,-105.919,18.2795,0.198,-0.539,4.11,0.133664,1
1900.76,2026-08-15T15:23:48.200,33.6518784,-117.3035981,-105.777,-105.397,18.3286,0.167,-0.305,7.64,0.249133,1
1900.8,2026-08-15T15:23:48.240,33.6518829,-117.3036038,-106.304,-104.896,18.3242,0.123,-0.091,10.06,0.327967,1
1900.84,2026-08-15T15:23:48.280,33.6518876,-117.3036094,-106.823,-104.374,18.3152,0.063,0.101,11.4,0.371472,1
1900.88,2026-08-15T15:23:48.320,33.6518921,-117.3036151,-107.35,-103.873,18.2884,0.008,0.266,12.02,0.391101,1
1900.92,2026-08-15T15:23:48.360,33.6518967,-117.3036208,-107.878,-103.362,18.275,-0.039,0.408,12.39,0.402844,1
1900.96,2026-08-15T15:23:48.400,33.6519011,-117.3036268,-108.433,-102.873,18.2214,-0.082,0.526,13.06,0.423382,1
1901,2026-08-15T15:23:48.440,33.6519053,-117.3036326,-108.97,-102.406,18.1409,-0.098,0.611,14.37,0.463792,1
1901.04,2026-08-15T15:23:48.480,33.6519096,-117.3036386,-109.525,-101.927,18.1185,-0.092,0.666,16.18,0.521567,1
1901.08,2026-08-15T15:23:48.520,33.6519138,-117.3036447,-110.09,-101.46,18.1677,-0.064,0.708,18.34,0.592799,1
1901.12,2026-08-15T15:23:48.560,33.6519179,-117.3036507,-110.645,-101.005,18.2079,-0.024,0.736,20.39,0.660521,1
1901.16,2026-08-15T15:23:48.600,33.6519218,-117.3036570,-111.229,-100.571,18.2392,0.012,0.754,22.13,0.718119,1
1901.2,2026-08-15T15:23:48.640,33.6519259,-117.3036634,-111.821,-100.115,18.2705,0.035,0.761,23.41,0.760958,1
1901.24,2026-08-15T15:23:48.680,33.6519296,-117.3036697,-112.404,-99.7036,18.3018,0.045,0.774,24.37,0.79352,1
1901.28,2026-08-15T15:23:48.720,33.6519334,-117.3036763,-113.015,-99.281,18.2795,0.043,0.797,25.16,0.818243,1
1901.32,2026-08-15T15:23:48.760,33.6519371,-117.3036828,-113.617,-98.8696,18.3063,0.041,0.823,25.91,0.843871,1
1901.36,2026-08-15T15:23:48.800,33.6519407,-117.3036895,-114.237,-98.4693,18.3331,0.044,0.854,26.6,0.867613,1
1901.4,2026-08-15T15:23:48.840,33.6519442,-117.3036962,-114.857,-98.0801,18.3689,0.047,0.885,27.21,0.889241,1
1901.44,2026-08-15T15:23:48.880,33.6519476,-117.3037031,-115.496,-97.7021,18.3957,0.046,0.905,27.73,0.907558,1
1901.48,2026-08-15T15:23:48.920,33.6519509,-117.3037099,-116.125,-97.3351,18.3599,0.042,0.913,28.09,0.917553,1
1901.52,2026-08-15T15:23:48.960,33.6519540,-117.3037170,-116.782,-96.9904,18.351,0.043,0.897,28.36,0.925921,1
1901.56,2026-08-15T15:23:49.000,33.6519570,-117.3037240,-117.43,-96.6568,18.3778,0.05,0.871,28.54,0.93316,1
1901.6,2026-08-15T15:23:49.040,33.6519600,-117.3037310,-118.078,-96.3232,18.4404,0.069,0.855,28.57,0.937322,1
1901.64,2026-08-15T15:23:49.080,33.6519629,-117.3037383,-118.754,-96.0008,18.4806,0.086,0.859,28.45,0.935422,1
1901.68,2026-08-15T15:23:49.120,33.6519656,-117.3037455,-119.42,-95.7006,18.5477,0.088,0.874,28.27,0.932876,1
1901.72,2026-08-15T15:23:49.160,33.6519684,-117.3037529,-120.105,-95.3892,18.5924,0.079,0.892,28.17,0.931817,1
1901.76,2026-08-15T15:23:49.200,33.6519709,-117.3037604,-120.799,-95.1112,18.5656,0.058,0.898,28.23,0.932454,1
1901.8,2026-08-15T15:23:49.240,33.6519733,-117.3037678,-121.484,-94.8444,18.5298,0.03,0.896,28.48,0.9389,1
1901.84,2026-08-15T15:23:49.280,33.6519756,-117.3037752,-122.169,-94.5886,18.5387,0.015,0.893,28.75,0.948258,1
1901.88,2026-08-15T15:23:49.320,33.6519778,-117.3037827,-122.863,-94.344,18.5343,0.008,0.902,28.91,0.953306,1
1901.92,2026-08-15T15:23:49.360,33.6519799,-117.3037903,-123.567,-94.1105,18.5522,0.001,0.931,28.86,0.952575,1
1901.96,2026-08-15T15:23:49.400,33.6519818,-117.3037980,-124.28,-93.8992,18.5566,0.003,0.965,28.55,0.94257,1
1902,2026-08-15T15:23:49.440,33.6519836,-117.3038058,-125.001,-93.699,18.5343,0.018,0.985,27.92,0.92066,1
1902.04,2026-08-15T15:23:49.480,33.6519853,-117.3038135,-125.714,-93.51,18.5522,0.041,0.977,26.94,0.889202,1
1902.08,2026-08-15T15:23:49.520,33.6519868,-117.3038212,-126.427,-93.3432,18.579,0.081,0.939,25.45,0.841236,1
1902.12,2026-08-15T15:23:49.560,33.6519884,-117.3038291,-127.158,-93.1653,18.6818,0.132,0.877,23.1,0.767784,1
1902.16,2026-08-15T15:23:49.600,33.6519898,-117.3038370,-127.889,-93.0096,18.8114,0.179,0.82,20.2,0.676055,1
1902.2,2026-08-15T15:23:49.640,33.6519911,-117.3038451,-128.639,-92.8651,18.9321,0.217,0.784,17.01,0.572944,1
1902.24,2026-08-15T15:23:49.680,33.6519923,-117.3038532,-129.389,-92.7317,19.035,0.238,0.757,13.94,0.472088,1
1902.28,2026-08-15T15:23:49.720,33.6519935,-117.3038614,-130.148,-92.5982,19.1244,0.244,0.727,11.54,0.392646,1
1902.32,2026-08-15T15:23:49.760,33.6519946,-117.3038697,-130.916,-92.4759,19.2093,0.238,0.687,10.19,0.348253,1
1902.36,2026-08-15T15:23:49.800,33.6519957,-117.3038779,-131.675,-92.3536,19.2853,0.233,0.624,9.69,0.332475,1
1902.4,2026-08-15T15:23:49.840,33.6519966,-117.3038861,-132.434,-92.2535,19.3837,0.241,0.537,9.78,0.337274,1
1902.44,2026-08-15T15:23:49.880,33.6519977,-117.3038946,-133.221,-92.1312,19.4909,0.269,0.448,10.05,0.348504,1
1902.48,2026-08-15T15:23:49.920,33.6519987,-117.3039030,-133.998,-92.02,19.6474,0.314,0.372,10.12,0.353748,1
1902.52,2026-08-15T15:23:49.960,33.6519996,-117.3039116,-134.794,-91.9199,19.8978,0.372,0.312,9.86,0.349051,1
1902.56,2026-08-15T15:23:50.000,33.6520003,-117.3039202,-135.59,-91.8421,20.1794,0.427,0.272,9.38,0.336759,1
1902.6,2026-08-15T15:23:50.040,33.6520013,-117.3039290,-136.405,-91.7309,20.4074,0.465,0.254,8.88,0.32241,1
1902.64,2026-08-15T15:23:50.080,33.6520021,-117.3039379,-137.229,-91.6419,20.5638,0.483,0.253,8.54,0.312443,1
1902.68,2026-08-15T15:23:50.120,33.6520030,-117.3039468,-138.052,-91.5419,20.698,0.468,0.266,8.46,0.311534,1
1902.72,2026-08-15T15:23:50.160,33.6520038,-117.3039559,-138.895,-91.4529,20.8678,0.419,0.292,8.52,0.316319,1
1902.76,2026-08-15T15:23:50.200,33.6520044,-117.3039649,-139.728,-91.3862,20.9662,0.336,0.317,8.52,0.31781,1
1902.8,2026-08-15T15:23:50.240,33.6520050,-117.3039739,-140.561,-91.3195,20.9528,0.203,0.323,8.19,0.305305,1
1902.84,2026-08-15T15:23:50.280,33.6520056,-117.3039828,-141.385,-91.2528,20.8768,0.036,0.312,7.54,0.280055,1
1902.88,2026-08-15T15:23:50.320,33.6520062,-117.3039918,-142.218,-91.186,20.6935,-0.141,0.275,6.56,0.241516,1
1902.92,2026-08-15T15:23:50.360,33.6520069,-117.3040004,-143.014,-91.1082,20.4118,-0.311,0.221,5.35,0.194287,1
1902.96,2026-08-15T15:23:50.400,33.6520075,-117.3040089,-143.8,-91.0415,20.166,-0.458,0.158,3.94,0.141359,1
1903,2026-08-15T15:23:50.440,33.6520080,-117.3040174,-144.587,-90.9859,19.9335,-0.558,0.095,2.49,0.0883063,1
1903.04,2026-08-15T15:23:50.480,33.6520086,-117.3040258,-145.365,-90.9192,19.7234,-0.626,0.042,1.03,0.0361433,1
1903.08,2026-08-15T15:23:50.520,33.6520093,-117.3040342,-146.142,-90.8413,19.5088,-0.668,0.008,-0.46,-0.015966,1
1903.12,2026-08-15T15:23:50.560,33.6520098,-117.3040424,-146.901,-90.7857,19.2272,-0.692,-0.012,-1.85,-0.0632843,1
1903.16,2026-08-15T15:23:50.600,33.6520104,-117.3040504,-147.642,-90.719,19.0171,-0.705,-0.034,-3.02,-0.102178,1
1903.2,2026-08-15T15:23:50.640,33.6520109,-117.3040584,-148.382,-90.6634,18.7489,-0.71,-0.062,-3.98,-0.13276,1
1903.24,2026-08-15T15:23:50.680,33.6520115,-117.3040663,-149.113,-90.5967,18.5209,-0.698,-0.098,-4.78,-0.157506,1
1903.28,2026-08-15T15:23:50.720,33.6520122,-117.3040740,-149.826,-90.5189,18.2839,-0.667,-0.136,-5.42,-0.17631,1
1903.32,2026-08-15T15:23:50.760,33.6520129,-117.3040817,-150.539,-90.441,18.0738,-0.619,-0.171,-6.02,-0.193578,1
1903.36,2026-08-15T15:23:50.800,33.6520135,-117.3040894,-151.251,-90.3743,17.9487,-0.555,-0.211,-6.68,-0.213313,1
1903.4,2026-08-15T15:23:50.840,33.6520143,-117.3040970,-151.955,-90.2854,17.8548,-0.489,-0.246,-7.42,-0.235704,1
1903.44,2026-08-15T15:23:50.880,33.6520151,-117.3041045,-152.649,-90.1964,17.7654,-0.436,-0.271,-8.26,-0.261073,1
1903.48,2026-08-15T15:23:50.920,33.6520160,-117.3041120,-153.343,-90.0963,17.6044,-0.403,-0.293,-9.34,-0.292535,1
1903.52,2026-08-15T15:23:50.960,33.6520169,-117.3041194,-154.028,-89.9963,17.3764,-0.396,-0.334,-10.98,-0.339447,1
1903.56,2026-08-15T15:23:51.000,33.6520178,-117.3041267,-154.704,-89.8962,17.211,-0.402,-0.381,-12.78,-0.391333,1
1903.6,2026-08-15T15:23:51.040,33.6520188,-117.3041339,-155.37,-89.785,17.0635,-0.413,-0.448,-14.82,-0.449909,1
1903.64,2026-08-15T15:23:51.080,33.6520199,-117.3041411,-156.037,-89.6627,16.9383,-0.414,-0.523,-16.91,-0.509592,1
1903.68,2026-08-15T15:23:51.120,33.6520211,-117.3041482,-156.694,-89.5292,16.7461,-0.407,-0.591,-18.9,-0.563098,1
1903.72,2026-08-15T15:23:51.160,33.6520223,-117.3041552,-157.342,-89.3958,16.6567,-0.391,-0.641,-20.44,-0.605729,1
1903.76,2026-08-15T15:23:51.200,33.6520237,-117.3041622,-157.99,-89.2401,16.612,-0.375,-0.677,-21.76,-0.643116,1
1903.8,2026-08-15T15:23:51.240,33.6520251,-117.3041691,-158.628,-89.0845,16.5673,-0.367,-0.691,-22.88,-0.674398,1
1903.84,2026-08-15T15:23:51.280,33.6520266,-117.3041759,-159.258,-88.9177,16.4332,-0.362,-0.701,-23.84,-0.697006,1
1903.88,2026-08-15T15:23:51.320,33.6520281,-117.3041826,-159.878,-88.7509,16.2231,-0.353,-0.712,-24.66,-0.711762,1
1903.92,2026-08-15T15:23:51.360,33.6520298,-117.3041892,-160.489,-88.5618,16.0174,-0.346,-0.73,-25.43,-0.724683,1
1903.96,2026-08-15T15:23:51.400,33.6520316,-117.3041957,-161.091,-88.3617,15.9459,-0.336,-0.754,-26.07,-0.739603,1
1904,2026-08-15T15:23:51.440,33.6520334,-117.3042022,-161.692,-88.1615,15.9191,-0.321,-0.78,-26.54,-0.751671,1
1904.04,2026-08-15T15:23:51.480,33.6520354,-117.3042086,-162.285,-87.9392,15.8654,-0.309,-0.8,-26.86,-0.75817,1
1904.08,2026-08-15T15:23:51.520,33.6520375,-117.3042149,-162.868,-87.7056,15.7671,-0.292,-0.813,-27.09,-0.759922,1
1904.12,2026-08-15T15:23:51.560,33.6520396,-117.3042211,-163.442,-87.4721,15.6598,-0.271,-0.806,-27.26,-0.759488,1
1904.16,2026-08-15T15:23:51.600,33.6520418,-117.3042273,-164.015,-87.2275,15.6017,-0.25,-0.784,-27.39,-0.760278,1
1904.2,2026-08-15T15:23:51.640,33.6520441,-117.3042334,-164.58,-86.9718,15.5615,-0.229,-0.759,-27.51,-0.761639,1
1904.24,2026-08-15T15:23:51.680,33.6520465,-117.3042395,-165.145,-86.7049,15.5391,-0.211,-0.746,-27.62,-0.763586,1
1904.28,2026-08-15T15:23:51.720,33.6520488,-117.3042455,-165.7,-86.4491,15.4542,-0.204,-0.752,-27.7,-0.761612,1
1904.32,2026-08-15T15:23:51.760,33.6520514,-117.3042514,-166.246,-86.16,15.3826,-0.206,-0.77,-27.79,-0.76055,1
1904.36,2026-08-15T15:23:51.800,33.6520540,-117.3042571,-166.774,-85.8709,15.329,-0.214,-0.801,-27.93,-0.761716,1
1904.4,2026-08-15T15:23:51.840,33.6520567,-117.3042628,-167.301,-85.5707,15.253,-0.221,-0.834,-28.13,-0.763367,1
1904.44,2026-08-15T15:23:51.880,33.6520596,-117.3042684,-167.82,-85.2482,15.1457,-0.223,-0.859,-28.35,-0.763926,1
1904.48,2026-08-15T15:23:51.920,33.6520625,-117.3042739,-168.329,-84.9258,15.0831,-0.218,-0.877,-28.53,-0.765599,1
1904.52,2026-08-15T15:23:51.960,33.6520655,-117.3042792,-168.819,-84.5922,15.034,-0.201,-0.889,-28.57,-0.764173,1
1904.56,2026-08-15T15:23:52.000,33.6520686,-117.3042845,-169.31,-84.2475,15.0116,-0.182,-0.893,-28.45,-0.759832,1
1904.6,2026-08-15T15:23:52.040,33.6520718,-117.3042898,-169.8,-83.8917,14.9758,-0.167,-0.887,-28.15,-0.750029,1
1904.64,2026-08-15T15:23:52.080,33.6520751,-117.3042949,-170.272,-83.5247,14.9535,-0.16,-0.888,-27.69,-0.736671,1
1904.68,2026-08-15T15:23:52.120,33.6520784,-117.3043000,-170.745,-83.1578,14.8954,-0.16,-0.882,-27.16,-0.719763,1
1904.72,2026-08-15T15:23:52.160,33.6520818,-117.3043049,-171.198,-82.7797,14.8417,-0.169,-0.869,-26.61,-0.702648,1
1904.76,2026-08-15T15:23:52.200,33.6520853,-117.3043096,-171.633,-82.3905,14.8462,-0.186,-0.837,-26.11,-0.689653,1
1904.8,2026-08-15T15:23:52.240,33.6520889,-117.3043144,-172.077,-81.9902,14.7389,-0.209,-0.8,-25.76,-0.675491,1
1904.84,2026-08-15T15:23:52.280,33.6520925,-117.3043190,-172.503,-81.5899,14.6048,-0.23,-0.763,-25.64,-0.666226,1
1904.88,2026-08-15T15:23:52.320,33.6520961,-117.3043235,-172.92,-81.1896,14.4886,-0.251,-0.74,-25.79,-0.664791,1
1904.92,2026-08-15T15:23:52.360,33.6520997,-117.3043279,-173.327,-80.7893,14.3813,-0.266,-0.733,-26.25,-0.671638,1
1904.96,2026-08-15T15:23:52.400,33.6521035,-117.3043321,-173.716,-80.3668,14.3232,-0.268,-0.739,-26.83,-0.683704,1
1905,2026-08-15T15:23:52.440,33.6521073,-117.3043362,-174.095,-79.9442,14.274,-0.26,-0.747,-27.37,-0.69507,1
1905.04,2026-08-15T15:23:52.480,33.6521112,-117.3043403,-174.475,-79.5106,14.274,-0.242,-0.749,-27.62,-0.701419,1
1905.08,2026-08-15T15:23:52.520,33.6521151,-117.3043442,-174.836,-79.0769,14.2293,-0.218,-0.743,-27.5,-0.696184,1
1905.12,2026-08-15T15:23:52.560,33.6521190,-117.3043481,-175.197,-78.6433,14.1801,-0.193,-0.722,-27.02,-0.681669,1
1905.16,2026-08-15T15:23:52.600,33.6521230,-117.3043519,-175.548,-78.1985,14.1354,-0.172,-0.705,-26.36,-0.662921,1
1905.2,2026-08-15T15:23:52.640,33.6521270,-117.3043556,-175.891,-77.7537,14.0996,-0.157,-0.705,-25.7,-0.644688,1
1905.24,2026-08-15T15:23:52.680,33.6521311,-117.3043592,-176.224,-77.2978,14.0683,-0.153,-0.722,-25.33,-0.633996,1
1905.28,2026-08-15T15:23:52.720,33.6521353,-117.3043627,-176.548,-76.8308,14.0639,-0.156,-0.75,-25.35,-0.634295,1
1905.32,2026-08-15T15:23:52.760,33.6521394,-117.3043660,-176.854,-76.3749,14.0415,-0.163,-0.765,-25.73,-0.64278,1
1905.36,2026-08-15T15:23:52.800,33.6521438,-117.3043693,-177.159,-75.8856,13.9834,-0.169,-0.767,-26.39,-0.65654,1
1905.4,2026-08-15T15:23:52.840,33.6521479,-117.3043724,-177.446,-75.4297,13.9298,-0.169,-0.765,-27.14,-0.672608,1
1905.44,2026-08-15T15:23:52.880,33.6521524,-117.3043755,-177.733,-74.9293,13.8761,-0.164,-0.764,-27.84,-0.687299,1
1905.48,2026-08-15T15:23:52.920,33.6521567,-117.3043784,-178.001,-74.4512,13.8582,-0.159,-0.763,-28.34,-0.698741,1
1905.52,2026-08-15T15:23:52.960,33.6521612,-117.3043811,-178.251,-73.9508,13.8627,-0.156,-0.76,-28.69,-0.707599,1
1905.56,2026-08-15T15:23:53.000,33.6521656,-117.3043837,-178.492,-73.4616,13.8761,-0.154,-0.743,-28.96,-0.714949,1
1905.6,2026-08-15T15:23:53.040,33.6521702,-117.3043864,-178.742,-72.9501,13.818,-0.157,-0.729,-29.19,-0.717609,1
1905.64,2026-08-15T15:23:53.080,33.6521747,-117.3043889,-178.973,-72.4497,13.7241,-0.163,-0.723,-29.43,-0.718594,1
1905.68,2026-08-15T15:23:53.120,33.6521792,-117.3043913,-179.195,-71.9493,13.6973,-0.174,-0.732,-29.74,-0.724744,1
1905.72,2026-08-15T15:23:53.160,33.6521837,-117.3043935,-179.399,-71.4489,13.6347,-0.19,-0.761,-30.11,-0.730408,1
1905.76,2026-08-15T15:23:53.200,33.6521883,-117.3043956,-179.593,-70.9374,13.5543,-0.21,-0.787,-30.53,-0.736225,1
1905.8,2026-08-15T15:23:53.240,33.6521929,-117.3043975,-179.769,-70.426,13.5006,-0.23,-0.792,-31,-0.744601,1
1905.84,2026-08-15T15:23:53.280,33.6521975,-117.3043993,-179.936,-69.9145,13.447,-0.242,-0.78,-31.47,-0.752886,1
1905.88,2026-08-15T15:23:53.320,33.6522020,-117.3044011,-180.102,-69.4141,13.3844,-0.246,-0.759,-31.88,-0.759145,1
1905.92,2026-08-15T15:23:53.360,33.6522067,-117.3044027,-180.25,-68.8915,13.3352,-0.248,-0.75,-32.2,-0.763948,1
1905.96,2026-08-15T15:23:53.400,33.6522113,-117.3044042,-180.389,-68.38,13.2637,-0.248,-0.771,-32.45,-0.76575,1
1906,2026-08-15T15:23:53.440,33.6522160,-117.3044054,-180.5,-67.8573,13.21,-0.258,-0.799,-32.72,-0.768999,1
1906.04,2026-08-15T15:23:53.480,33.6522206,-117.3044065,-180.602,-67.3459,13.0983,-0.272,-0.818,-33.13,-0.772047,1
1906.08,2026-08-15T15:23:53.520,33.6522251,-117.3044074,-180.685,-66.8455,12.9642,-0.281,-0.818,-33.72,-0.777751,1
1906.12,2026-08-15T15:23:53.560,33.6522298,-117.3044083,-180.769,-66.3229,12.8703,-0.277,-0.803,-34.47,-0.789292,1
1906.16,2026-08-15T15:23:53.600,33.6522343,-117.3044091,-180.843,-65.8225,12.7988,-0.257,-0.798,-35.15,-0.80039,1
1906.2,2026-08-15T15:23:53.640,33.6522388,-117.3044098,-180.908,-65.3221,12.8077,-0.223,-0.814,-35.57,-0.810519,1
1906.24,2026-08-15T15:23:53.680,33.6522435,-117.3044102,-180.945,-64.7995,12.8613,-0.188,-0.845,-35.53,-0.812999,1
1906.28,2026-08-15T15:23:53.720,33.6522482,-117.3044103,-180.954,-64.2769,12.8703,-0.162,-0.88,-35.12,-0.804176,1
1906.32,2026-08-15T15:23:53.760,33.6522528,-117.3044105,-180.972,-63.7654,12.8435,-0.146,-0.912,-34.46,-0.787419,1
1906.36,2026-08-15T15:23:53.800,33.6522575,-117.3044105,-180.972,-63.2428,12.7764,-0.147,-0.921,-33.8,-0.768305,1
1906.4,2026-08-15T15:23:53.840,33.6522621,-117.3044104,-180.963,-62.7313,12.6468,-0.155,-0.899,-33.36,-0.750609,1
1906.44,2026-08-15T15:23:53.880,33.6522666,-117.3044101,-180.935,-62.2309,12.6155,-0.157,-0.855,-33.37,-0.748976,1
1906.48,2026-08-15T15:23:53.920,33.6522712,-117.3044098,-180.908,-61.7194,12.5529,-0.145,-0.815,-33.69,-0.752407,1
1906.52,2026-08-15T15:23:53.960,33.6522756,-117.3044094,-180.871,-61.2301,12.5663,-0.116,-0.794,-34.16,-0.763719,1
1906.56,2026-08-15T15:23:54.000,33.6522802,-117.3044089,-180.824,-60.7186,12.6691,-0.082,-0.813,-34.55,-0.778758,1
1906.6,2026-08-15T15:23:54.040,33.6522848,-117.3044080,-180.741,-60.2071,12.7988,-0.051,-0.854,-34.72,-0.790598,1
1906.64,2026-08-15T15:23:54.080,33.6522893,-117.3044070,-180.648,-59.7068,12.8479,-0.034,-0.9,-34.6,-0.790893,1
1906.68,2026-08-15T15:23:54.120,33.6522939,-117.3044060,-180.556,-59.1953,12.839,-0.031,-0.924,-34.34,-0.784403,1
1906.72,2026-08-15T15:23:54.160,33.6522984,-117.3044046,-180.426,-58.6949,12.7988,-0.039,-0.91,-34.06,-0.77557,1
1906.76,2026-08-15T15:23:54.200,33.6523029,-117.3044034,-180.315,-58.1945,12.7138,-0.043,-0.874,-33.9,-0.766803,1
1906.8,2026-08-15T15:23:54.240,33.6523073,-117.3044020,-180.186,-57.7053,12.7362,-0.041,-0.84,-33.86,-0.767245,1
1906.84,2026-08-15T15:23:54.280,33.6523117,-117.3044005,-180.047,-57.216,12.7809,-0.033,-0.823,-33.89,-0.77062,1
1906.88,2026-08-15T15:23:54.320,33.6523162,-117.3043987,-179.88,-56.7156,12.8658,-0.028,-0.825,-33.93,-0.776657,1
1906.92,2026-08-15T15:23:54.360,33.6523206,-117.3043969,-179.714,-56.2264,12.9105,-0.033,-0.841,-33.99,-0.780734,1
1906.96,2026-08-15T15:23:54.400,33.6523249,-117.3043948,-179.519,-55.7482,12.8658,-0.045,-0.85,-34.09,-0.78032,1
1907,2026-08-15T15:23:54.440,33.6523291,-117.3043927,-179.325,-55.2812,12.7853,-0.062,-0.85,-34.32,-0.780671,1
1907.04,2026-08-15T15:23:54.480,33.6523334,-117.3043905,-179.121,-54.8031,12.7317,-0.078,-0.84,-34.68,-0.78555,1
1907.08,2026-08-15T15:23:54.520,33.6523376,-117.3043883,-178.918,-54.336,12.7764,-0.077,-0.83,-35.11,-0.798083,1
1907.12,2026-08-15T15:23:54.560,33.6523418,-117.3043857,-178.677,-53.869,12.8211,-0.063,-0.829,-35.48,-0.809315,1
1907.16,2026-08-15T15:23:54.600,33.6523458,-117.3043831,-178.436,-53.4242,12.8971,-0.04,-0.832,-35.65,-0.818013,1
1907.2,2026-08-15T15:23:54.640,33.6523500,-117.3043804,-178.186,-52.9572,12.982,-0.011,-0.841,-35.55,-0.82109,1
1907.24,2026-08-15T15:23:54.680,33.6523540,-117.3043776,-177.927,-52.5124,13.0267,0.009,-0.853,-35.23,-0.816501,1
1907.28,2026-08-15T15:23:54.720,33.6523582,-117.3043747,-177.659,-52.0454,13.067,0.013,-0.859,-34.76,-0.808097,1
1907.32,2026-08-15T15:23:54.760,33.6523620,-117.3043716,-177.372,-51.6229,13.0983,0.009,-0.858,-34.28,-0.798846,1
1907.36,2026-08-15T15:23:54.800,33.6523659,-117.3043683,-177.066,-51.1892,13.1162,-0.007,-0.847,-33.87,-0.790369,1
1907.4,2026-08-15T15:23:54.840,33.6523698,-117.3043651,-176.77,-50.7556,13.1117,-0.034,-0.836,-33.44,-0.780069,1
1907.44,2026-08-15T15:23:54.880,33.6523735,-117.3043616,-176.446,-50.3441,13.0625,-0.063,-0.826,-32.86,-0.763664,1
1907.48,2026-08-15T15:23:54.920,33.6523772,-117.3043581,-176.122,-49.9327,13.0178,-0.087,-0.813,-31.9,-0.738817,1
1907.52,2026-08-15T15:23:54.960,33.6523808,-117.3043546,-175.798,-49.5324,12.9955,-0.108,-0.785,-30.03,-0.694313,1
1907.56,2026-08-15T15:23:55.000,33.6523844,-117.3043510,-175.465,-49.1321,12.9776,-0.129,-0.734,-27.25,-0.62917,1
1907.6,2026-08-15T15:23:55.040,33.6523878,-117.3043472,-175.113,-48.7541,12.9776,-0.142,-0.658,-23.49,-0.542356,1
1907.64,2026-08-15T15:23:55.080,33.6523913,-117.3043435,-174.771,-48.3649,12.9418,-0.155,-0.558,-18.78,-0.432413,1
1907.68,2026-08-15T15:23:55.120,33.6523948,-117.3043398,-174.428,-47.9757,12.8748,-0.17,-0.428,-12.93,-0.296173,1
1907.72,2026-08-15T15:23:55.160,33.6523983,-117.3043361,-174.086,-47.5865,12.7988,-0.18,-0.269,-6.7,-0.152564,1
1907.76,2026-08-15T15:23:55.200,33.6524016,-117.3043325,-173.753,-47.2196,12.7317,-0.187,-0.081,-0.26,-0.00588936,1
1907.8,2026-08-15T15:23:55.240,33.6524052,-117.3043290,-173.429,-46.8193,12.7183,-0.192,0.13,6.04,0.13667,1
1907.84,2026-08-15T15:23:55.280,33.6524088,-117.3043258,-173.133,-46.419,12.6781,-0.187,0.354,12.13,0.273604,1
1907.88,2026-08-15T15:23:55.320,33.6524124,-117.3043225,-172.827,-46.0187,12.6199,-0.173,0.547,17.28,0.38798,1
1907.92,2026-08-15T15:23:55.360,33.6524162,-117.3043194,-172.54,-45.5961,12.5708,-0.153,0.7,21.62,0.483533,1
1907.96,2026-08-15T15:23:55.400,33.6524200,-117.3043164,-172.263,-45.1736,12.5261,-0.126,0.801,25.12,0.559812,1
1908,2026-08-15T15:23:55.440,33.6524238,-117.3043136,-172.003,-44.751,12.535,-0.101,0.844,27.75,0.618865,1
1908.04,2026-08-15T15:23:55.480,33.6524276,-117.3043108,-171.744,-44.3285,12.5797,-0.086,0.83,29.63,0.663148,1
1908.08,2026-08-15T15:23:55.520,33.6524317,-117.3043081,-171.494,-43.8726,12.5663,-0.084,0.794,31.22,0.697989,1
1908.12,2026-08-15T15:23:55.560,33.6524355,-117.3043054,-171.244,-43.4501,12.5082,-0.093,0.765,32.88,0.731702,1
1908.16,2026-08-15T15:23:55.600,33.6524396,-117.3043028,-171.004,-42.9942,12.4679,-0.103,0.761,34.61,0.767724,1
1908.2,2026-08-15T15:23:55.640,33.6524436,-117.3043005,-170.791,-42.5494,12.3919,-0.109,0.78,36.46,0.803831,1
1908.24,2026-08-15T15:23:55.680,33.6524477,-117.3042983,-170.587,-42.0935,12.4009,-0.1,0.821,38.2,0.8428,1
1908.28,2026-08-15T15:23:55.720,33.6524519,-117.3042962,-170.393,-41.6265,12.4188,-0.074,0.865,39.56,0.874064,1
1908.32,2026-08-15T15:23:55.760,33.6524561,-117.3042943,-170.217,-41.1594,12.5305,-0.043,0.905,40.3,0.898427,1
1908.36,2026-08-15T15:23:55.800,33.6524604,-117.3042924,-170.041,-40.6813,12.6289,-0.015,0.926,40.51,0.910197,1
1908.4,2026-08-15T15:23:55.840,33.6524647,-117.3042907,-169.884,-40.2032,12.6468,0.004,0.939,40.3,0.906761,1
1908.44,2026-08-15T15:23:55.880,33.6524692,-117.3042893,-169.754,-39.7028,12.6602,0.007,0.94,39.92,0.899163,1
1908.48,2026-08-15T15:23:55.920,33.6524736,-117.3042879,-169.625,-39.2135,12.6557,0,0.94,39.62,0.892091,1
1908.52,2026-08-15T15:23:55.960,33.6524780,-117.3042866,-169.504,-38.7243,12.5797,-0.009,0.94,39.52,0.884496,1
1908.56,2026-08-15T15:23:56.000,33.6524823,-117.3042855,-169.402,-38.2461,12.5842,-0.017,0.941,39.57,0.88593,1
1908.6,2026-08-15T15:23:56.040,33.6524869,-117.3042845,-169.31,-37.7346,12.5976,-0.013,0.941,39.77,0.891356,1
1908.64,2026-08-15T15:23:56.080,33.6524914,-117.3042837,-169.236,-37.2343,12.7093,0.005,0.94,39.93,0.902882,1
1908.68,2026-08-15T15:23:56.120,33.6524961,-117.3042830,-169.171,-36.7116,12.7585,0.034,0.935,39.88,0.90524,1
1908.72,2026-08-15T15:23:56.160,33.6525008,-117.3042825,-169.125,-36.189,12.8479,0.078,0.919,39.37,0.899926,1
1908.76,2026-08-15T15:23:56.200,33.6525054,-117.3042820,-169.078,-35.6775,12.8658,0.128,0.899,38.34,0.877602,1
1908.8,2026-08-15T15:23:56.240,33.6525101,-117.3042816,-169.041,-35.1549,12.9776,0.171,0.879,36.68,0.846898,1
1908.84,2026-08-15T15:23:56.280,33.6525149,-117.3042814,-169.023,-34.6212,13.143,0.197,0.857,34.22,0.80017,1
1908.88,2026-08-15T15:23:56.320,33.6525197,-117.3042814,-169.023,-34.0874,13.295,0.206,0.825,31.23,0.738699,1
1908.92,2026-08-15T15:23:56.360,33.6525246,-117.3042814,-169.023,-33.5426,13.362,0.195,0.772,27.86,0.662311,1
1908.96,2026-08-15T15:23:56.400,33.6525294,-117.3042816,-169.041,-33.0089,13.3888,0.183,0.692,24.17,0.575742,1
1909,2026-08-15T15:23:56.440,33.6525343,-117.3042816,-169.041,-32.464,13.3978,0.182,0.591,20.04,0.477682,1
1909.04,2026-08-15T15:23:56.480,33.6525392,-117.3042819,-169.069,-31.9191,13.5408,0.196,0.505,15.93,0.383769,1
1909.08,2026-08-15T15:23:56.520,33.6525442,-117.3042820,-169.078,-31.3632,13.6973,0.219,0.429,11.91,0.290239,1
1909.12,2026-08-15T15:23:56.560,33.6525492,-117.3042823,-169.106,-30.8072,13.8851,0.23,0.347,8.26,0.20405,1
1909.16,2026-08-15T15:23:56.600,33.6525543,-117.3042826,-169.134,-30.2401,14.0773,0.222,0.253,5.43,0.135996,1
1909.2,2026-08-15T15:23:56.640,33.6525594,-117.3042830,-169.171,-29.673,14.1265,0.197,0.151,3.86,0.0970128,1
1909.24,2026-08-15T15:23:56.680,33.6525644,-117.3042831,-169.18,-29.117,14.1131,0.166,0.055,3.38,0.0848684,1
1909.28,2026-08-15T15:23:56.720,33.6525696,-117.3042833,-169.199,-28.5388,14.1354,0.154,0.011,3.83,0.0963198,1
1909.32,2026-08-15T15:23:56.760,33.6525747,-117.3042833,-169.199,-27.9717,14.2203,0.172,0.026,4.62,0.116885,1
1909.36,2026-08-15T15:23:56.800,33.6525800,-117.3042837,-169.236,-27.3824,14.4349,0.206,0.081,5.12,0.13149,1
1909.4,2026-08-15T15:23:56.840,33.6525853,-117.3042842,-169.282,-26.7931,14.6584,0.23,0.117,4.78,0.124659,1
1909.44,2026-08-15T15:23:56.880,33.6525906,-117.3042845,-169.31,-26.2037,14.7881,0.235,0.119,3.61,0.094979,1
1909.48,2026-08-15T15:23:56.920,33.6525960,-117.3042850,-169.356,-25.6033,14.8283,0.217,0.069,1.67,0.0440572,1
1909.52,2026-08-15T15:23:56.960,33.6526013,-117.3042852,-169.375,-25.0139,14.7747,0.19,-0.008,-0.81,-0.0212917,1
1909.56,2026-08-15T15:23:57.000,33.6526067,-117.3042854,-169.393,-24.4135,14.8328,0.17,-0.093,-3.48,-0.0918355,1
1909.6,2026-08-15T15:23:57.040,33.6526121,-117.3042855,-169.402,-23.813,14.9356,0.178,-0.167,-6.05,-0.160763,1
1909.64,2026-08-15T15:23:57.080,33.6526176,-117.3042857,-169.421,-23.2015,15.1681,0.199,-0.235,-8.5,-0.229381,1
1909.68,2026-08-15T15:23:57.120,33.6526232,-117.3042857,-169.421,-22.5788,15.3558,0.213,-0.303,-10.9,-0.297789,1
1909.72,2026-08-15T15:23:57.160,33.6526288,-117.3042857,-169.421,-21.9561,15.4765,0.219,-0.373,-13.07,-0.35988,1
1909.76,2026-08-15T15:23:57.200,33.6526343,-117.3042856,-169.412,-21.3445,15.5302,0.216,-0.443,-15.12,-0.417769,1
1909.8,2026-08-15T15:23:57.240,33.6526400,-117.3042852,-169.375,-20.7107,15.557,0.209,-0.507,-16.99,-0.470248,1
1909.84,2026-08-15T15:23:57.280,33.6526456,-117.3042850,-169.356,-20.088,15.624,0.206,-0.567,-18.65,-0.518419,1
1909.88,2026-08-15T15:23:57.320,33.6526513,-117.3042845,-169.31,-19.4542,15.8073,0.209,-0.609,-19.86,-0.55853,1
1909.92,2026-08-15T15:23:57.360,33.6526571,-117.3042838,-169.245,-18.8093,15.9549,0.193,-0.643,-20.71,-0.58787,1
1909.96,2026-08-15T15:23:57.400,33.6526629,-117.3042833,-169.199,-18.1643,16.0621,0.145,-0.671,-21.36,-0.610398,1
1910,2026-08-15T15:23:57.440,33.6526686,-117.3042825,-169.125,-17.5305,16.0174,0.081,-0.676,-22.02,-0.627507,1
1910.04,2026-08-15T15:23:57.480,33.6526743,-117.3042816,-169.041,-16.8967,15.8923,0.005,-0.664,-22.85,-0.646071,1
1910.08,2026-08-15T15:23:57.520,33.6526799,-117.3042806,-168.949,-16.274,15.776,-0.055,-0.651,-24,-0.673624,1
1910.12,2026-08-15T15:23:57.560,33.6526854,-117.3042796,-168.856,-15.6624,15.7492,-0.086,-0.652,-25.19,-0.705823,1
1910.16,2026-08-15T15:23:57.600,33.6526912,-117.3042785,-168.755,-15.0175,15.8386,-0.095,-0.678,-26.21,-0.738572,1
1910.2,2026-08-15T15:23:57.640,33.6526968,-117.3042771,-168.625,-14.3948,15.9236,-0.101,-0.73,-26.92,-0.762647,1
1910.24,2026-08-15T15:23:57.680,33.6527024,-117.3042756,-168.486,-13.7721,15.9057,-0.103,-0.785,-27.33,-0.773393,1
1910.28,2026-08-15T15:23:57.720,33.6527079,-117.3042739,-168.329,-13.1606,15.8654,-0.11,-0.826,-27.5,-0.776235,1
1910.32,2026-08-15T15:23:57.760,33.6527134,-117.3042722,-168.171,-12.549,15.785,-0.116,-0.846,-27.58,-0.774545,1
1910.36,2026-08-15T15:23:57.800,33.6527187,-117.3042704,-168.005,-11.9597,15.7939,-0.115,-0.842,-27.62,-0.776108,1
1910.4,2026-08-15T15:23:57.840,33.6527243,-117.3042684,-167.82,-11.337,15.7805,-0.118,-0.827,-27.64,-0.77601,1
1910.44,2026-08-15T15:23:57.880,33.6527297,-117.3042664,-167.635,-10.7365,15.7582,-0.127,-0.814,-27.68,-0.776033,1
1910.48,2026-08-15T15:23:57.920,33.6527350,-117.3042642,-167.431,-10.1472,15.7224,-0.145,-0.816,-27.82,-0.778187,1
1910.52,2026-08-15T15:23:57.960,33.6527403,-117.3042619,-167.218,-9.55785,15.6285,-0.16,-0.821,-28.18,-0.783551,1
1910.56,2026-08-15T15:23:58.000,33.6527455,-117.3042594,-166.987,-8.97963,15.5078,-0.165,-0.824,-28.67,-0.791019,1
1910.6,2026-08-15T15:23:58.040,33.6527506,-117.3042569,-166.755,-8.41254,15.4721,-0.151,-0.825,-29.18,-0.803233,1
1910.64,2026-08-15T15:23:58.080,33.6527558,-117.3042543,-166.515,-7.83433,15.5481,-0.119,-0.832,-29.48,-0.815477,1
1910.68,2026-08-15T15:23:58.120,33.6527610,-117.3042514,-166.246,-7.25611,15.6285,-0.094,-0.848,-29.5,-0.820254,1
1910.72,2026-08-15T15:23:58.160,33.6527661,-117.3042486,-165.987,-6.68902,15.6688,-0.089,-0.876,-29.23,-0.814839,1
1910.76,2026-08-15T15:23:58.200,33.6527711,-117.3042455,-165.7,-6.13304,15.6285,-0.099,-0.903,-28.86,-0.802458,1
1910.8,2026-08-15T15:23:58.240,33.6527760,-117.3042423,-165.404,-5.58819,15.5212,-0.133,-0.907,-28.6,-0.78977,1
1910.84,2026-08-15T15:23:58.280,33.6527808,-117.3042389,-165.089,-5.05445,15.4408,-0.174,-0.886,-28.62,-0.786225,1
1910.88,2026-08-15T15:23:58.320,33.6527855,-117.3042356,-164.784,-4.53184,15.3201,-0.2,-0.853,-28.97,-0.789619,1
1910.92,2026-08-15T15:23:58.360,33.6527902,-117.3042321,-164.46,-4.00922,15.3245,-0.216,-0.824,-29.61,-0.807298,1
1910.96,2026-08-15T15:23:58.400,33.6527949,-117.3042286,-164.136,-3.4866,15.3111,-0.214,-0.816,-30.44,-0.829201,1
1911,2026-08-15T15:23:58.440,33.6527995,-117.3042250,-163.803,-2.97511,15.2977,-0.186,-0.836,-31.19,-0.848887,1
1911.04,2026-08-15T15:23:58.480,33.6528040,-117.3042212,-163.451,-2.47473,15.3022,-0.151,-0.869,-31.65,-0.861659,1
1911.08,2026-08-15T15:23:58.520,33.6528084,-117.3042172,-163.081,-1.98547,15.2932,-0.11,-0.895,-31.65,-0.861155,1
1911.12,2026-08-15T15:23:58.560,33.6528127,-117.3042132,-162.71,-1.50733,15.329,-0.072,-0.904,-31.24,-0.851988,1
1911.16,2026-08-15T15:23:58.600,33.6528170,-117.3042091,-162.331,-1.0292,15.3201,-0.053,-0.901,-30.53,-0.832139,1
1911.2,2026-08-15T15:23:58.640,33.6528212,-117.3042048,-161.933,-0.562178,15.2977,-0.056,-0.89,-29.79,-0.810784,1
1911.24,2026-08-15T15:23:58.680,33.6528253,-117.3042004,-161.526,-0.106278,15.2307,-0.075,-0.881,-29.26,-0.792869,1
1911.28,2026-08-15T15:23:58.720,33.6528293,-117.3041960,-161.118,0.338501,15.1323,-0.106,-0.874,-29.08,-0.782903,1
1911.32,2026-08-15T15:23:58.760,33.6528332,-117.3041915,-160.702,0.772161,15.0742,-0.137,-0.866,-29.22,-0.783651,1
1911.36,2026-08-15T15:23:58.800,33.6528370,-117.3041869,-160.276,1.1947,15.0429,-0.156,-0.855,-29.66,-0.7938,1
1911.4,2026-08-15T15:23:58.840,33.6528407,-117.3041822,-159.841,1.60612,15.025,-0.156,-0.853,-30.2,-0.807291,1
1911.44,2026-08-15T15:23:58.880,33.6528444,-117.3041775,-159.406,2.01754,15.0205,-0.139,-0.859,-30.71,-0.82068,1
1911.48,2026-08-15T15:23:58.920,33.6528480,-117.3041726,-158.952,2.41785,15.0161,-0.106,-0.878,-31.07,-0.830053,1
1911.52,2026-08-15T15:23:58.960,33.6528514,-117.3041676,-158.49,2.79591,15.0608,-0.057,-0.906,-31.11,-0.833596,1
1911.56,2026-08-15T15:23:59.000,33.6528549,-117.3041626,-158.027,3.18509,15.101,-0.001,-0.932,-30.75,-0.826151,1
1911.6,2026-08-15T15:23:59.040,33.6528581,-117.3041573,-157.536,3.54092,15.1725,0.05,-0.943,-30.09,-0.812248,1
1911.64,2026-08-15T15:23:59.080,33.6528615,-117.3041519,-157.036,3.91898,15.2843,0.1,-0.932,-28.93,-0.786688,1
1911.68,2026-08-15T15:23:59.120,33.6528647,-117.3041466,-156.546,4.2748,15.3826,0.142,-0.909,-27.41,-0.750151,1
1911.72,2026-08-15T15:23:59.160,33.6528678,-117.3041409,-156.018,4.61951,15.4855,0.166,-0.879,-25.71,-0.708328,1
1911.76,2026-08-15T15:23:59.200,33.6528709,-117.3041353,-155.5,4.96421,15.6196,0.171,-0.845,-23.87,-0.663331,1
1911.8,2026-08-15T15:23:59.240,33.6528739,-117.3041296,-154.972,5.29779,15.6419,0.167,-0.799,-22.16,-0.616692,1
1911.84,2026-08-15T15:23:59.280,33.6528768,-117.3041238,-154.436,5.62026,15.6598,0.162,-0.755,-20.89,-0.582014,1
1911.88,2026-08-15T15:23:59.320,33.6528797,-117.3041178,-153.88,5.94273,15.7582,0.163,-0.717,-20.06,-0.562399,1
1911.92,2026-08-15T15:23:59.360,33.6528825,-117.3041119,-153.334,6.25407,15.852,0.183,-0.698,-19.65,-0.554187,1
1911.96,2026-08-15T15:23:59.400,33.6528854,-117.3041059,-152.779,6.57654,16.0264,0.219,-0.686,-19.59,-0.558571,1
1912,2026-08-15T15:23:59.440,33.6528880,-117.3040996,-152.196,6.86564,16.1963,0.26,-0.68,-19.65,-0.566221,1
1912.04,2026-08-15T15:23:59.480,33.6528908,-117.3040932,-151.603,7.17699,16.384,0.297,-0.669,-19.82,-0.57774,1
1912.08,2026-08-15T15:23:59.520,33.6528934,-117.3040868,-151.011,7.4661,16.5405,0.322,-0.647,-20.14,-0.592674,1
1912.12,2026-08-15T15:23:59.560,33.6528961,-117.3040803,-150.409,7.76632,16.6612,0.332,-0.632,-20.66,-0.612413,1
1912.16,2026-08-15T15:23:59.600,33.6528987,-117.3040738,-149.808,8.05543,16.7908,0.331,-0.622,-21.45,-0.640778,1
1912.2,2026-08-15T15:23:59.640,33.6529012,-117.3040671,-149.187,8.33342,16.916,0.32,-0.632,-22.4,-0.674146,1
1912.24,2026-08-15T15:23:59.680,33.6529037,-117.3040602,-148.549,8.6114,17.0367,0.309,-0.66,-23.3,-0.706236,1
1912.28,2026-08-15T15:23:59.720,33.6529060,-117.3040534,-147.919,8.86715,17.1663,0.296,-0.703,-24,-0.732989,1
1912.32,2026-08-15T15:23:59.760,33.6529083,-117.3040463,-147.262,9.1229,17.3317,0.273,-0.74,-24.35,-0.750844,1
1912.36,2026-08-15T15:23:59.800,33.6529104,-117.3040393,-146.614,9.35641,17.4524,0.241,-0.777,-24.32,-0.755141,1
1912.4,2026-08-15T15:23:59.840,33.6529125,-117.3040321,-145.948,9.58992,17.5016,0.201,-0.803,-24.07,-0.749484,1
1912.44,2026-08-15T15:23:59.880,33.6529145,-117.3040250,-145.291,9.81231,17.5016,0.149,-0.819,-23.74,-0.739209,1
1912.48,2026-08-15T15:23:59.920,33.6529163,-117.3040176,-144.606,10.0125,17.4971,0.088,-0.825,-23.52,-0.732172,1
1912.52,2026-08-15T15:23:59.960,33.6529181,-117.3040104,-143.939,10.2126,17.4837,0.03,-0.821,-23.58,-0.733477,1
1912.56,2026-08-15T15:24:00.000,33.6529198,-117.3040032,-143.273,10.4016,17.4301,-0.025,-0.808,-23.93,-0.74208,1
1912.6,2026-08-15T15:24:00.040,33.6529213,-117.3039960,-142.606,10.5684,17.3943,-0.068,-0.796,-24.53,-0.759125,1
1912.64,2026-08-15T15:24:00.080,33.6529228,-117.3039886,-141.921,10.7352,17.372,-0.101,-0.792,-25.3,-0.781948,1
1912.68,2026-08-15T15:24:00.120,33.6529242,-117.3039814,-141.255,10.8909,17.3273,-0.123,-0.795,-26.11,-0.804906,1
1912.72,2026-08-15T15:24:00.160,33.6529254,-117.3039740,-140.57,11.0243,17.3049,-0.141,-0.819,-26.85,-0.826651,1
1912.76,2026-08-15T15:24:00.200,33.6529265,-117.3039668,-139.904,11.1466,17.2513,-0.162,-0.851,-27.57,-0.846187,1
1912.8,2026-08-15T15:24:00.240,33.6529274,-117.3039594,-139.219,11.2467,17.1485,-0.186,-0.869,-28.26,-0.862195,1
1912.84,2026-08-15T15:24:00.280,33.6529281,-117.3039522,-138.552,11.3246,17.0412,-0.209,-0.874,-28.93,-0.877114,1
1912.88,2026-08-15T15:24:00.320,33.6529290,-117.3039448,-137.867,11.4246,16.983,-0.229,-0.879,-29.6,-0.894367,1
1912.92,2026-08-15T15:24:00.360,33.6529296,-117.3039376,-137.201,11.4914,16.8713,-0.241,-0.875,-30.17,-0.905591,1
1912.96,2026-08-15T15:24:00.400,33.6529301,-117.3039304,-136.534,11.5469,16.7685,-0.247,-0.873,-30.58,-0.912303,1
1913,2026-08-15T15:24:00.440,33.6529304,-117.3039233,-135.877,11.5803,16.6344,-0.248,-0.882,-30.8,-0.911518,1
1913.04,2026-08-15T15:24:00.480,33.6529308,-117.3039161,-135.211,11.6248,16.5494,-0.243,-0.883,-30.87,-0.908924,1
1913.08,2026-08-15T15:24:00.520,33.6529309,-117.3039091,-134.563,11.6359,16.5047,-0.242,-0.872,-30.83,-0.905295,1
1913.12,2026-08-15T15:24:00.560,33.6529310,-117.3039019,-133.896,11.647,16.4421,-0.243,-0.852,-30.78,-0.900399,1
1913.16,2026-08-15T15:24:00.600,33.6529309,-117.3038948,-133.239,11.6359,16.4064,-0.24,-0.826,-30.8,-0.899024,1
1913.2,2026-08-15T15:24:00.640,33.6529308,-117.3038878,-132.591,11.6248,16.3214,-0.238,-0.803,-30.9,-0.897274,1
1913.24,2026-08-15T15:24:00.680,33.6529304,-117.3038809,-131.953,11.5803,16.2141,-0.231,-0.804,-31.01,-0.894549,1
1913.28,2026-08-15T15:24:00.720,33.6529301,-117.3038739,-131.305,11.5469,16.1426,-0.217,-0.829,-31.07,-0.892326,1
1913.32,2026-08-15T15:24:00.760,33.6529296,-117.3038670,-130.666,11.4914,16.0577,-0.199,-0.86,-31.01,-0.885917,1
1913.36,2026-08-15T15:24:00.800,33.6529289,-117.3038601,-130.027,11.4135,15.9727,-0.181,-0.897,-30.79,-0.874979,1
1913.4,2026-08-15T15:24:00.840,33.6529280,-117.3038533,-129.398,11.3134,15.9325,-0.164,-0.92,-30.46,-0.86342,1
1913.44,2026-08-15T15:24:00.880,33.6529273,-117.3038466,-128.778,11.2356,15.9325,-0.151,-0.933,-30.02,-0.850948,1
1913.48,2026-08-15T15:24:00.920,33.6529263,-117.3038399,-128.158,11.1244,15.8833,-0.139,-0.933,-29.54,-0.834758,1
1913.52,2026-08-15T15:24:00.960,33.6529253,-117.3038330,-127.519,11.0132,15.852,-0.129,-0.929,-29.02,-0.818448,1
1913.56,2026-08-15T15:24:01.000,33.6529241,-117.3038264,-126.908,10.8798,15.8029,-0.113,-0.923,-28.49,-0.801008,1
1913.6,2026-08-15T15:24:01.040,33.6529228,-117.3038197,-126.288,10.7352,15.7939,-0.091,-0.927,-27.86,-0.782852,1
1913.64,2026-08-15T15:24:01.080,33.6529213,-117.3038132,-125.686,10.5684,15.7537,-0.068,-0.938,-27.13,-0.760397,1
1913.68,2026-08-15T15:24:01.120,33.6529197,-117.3038067,-125.085,10.3905,15.7671,-0.043,-0.952,-26.24,-0.736078,1
1913.72,2026-08-15T15:24:01.160,33.6529180,-117.3038002,-124.483,10.2015,15.785,-0.012,-0.964,-25.14,-0.706021,1
1913.76,2026-08-15T15:24:01.200,33.6529161,-117.3037938,-123.891,9.99022,15.8073,0.019,-0.962,-23.92,-0.67271,1
1913.8,2026-08-15T15:24:01.240,33.6529141,-117.3037873,-123.289,9.76783,15.8386,0.049,-0.944,-22.67,-0.638818,1
1913.84,2026-08-15T15:24:01.280,33.6529121,-117.3037809,-122.697,9.54544,15.9102,0.081,-0.908,-21.49,-0.608302,1
1913.88,2026-08-15T15:24:01.320,33.6529099,-117.3037744,-122.095,9.30081,16.0174,0.106,-0.867,-20.51,-0.584477,1
1913.92,2026-08-15T15:24:01.360,33.6529076,-117.3037679,-121.493,9.04506,16.1113,0.12,-0.827,-19.92,-0.57099,1
1913.96,2026-08-15T15:24:01.400,33.6529052,-117.3037615,-120.901,8.7782,16.1828,0.127,-0.794,-19.75,-0.568631,1
1914,2026-08-15T15:24:01.440,33.6529027,-117.3037551,-120.309,8.50021,16.2141,0.124,-0.765,-20.1,-0.579827,1
1914.04,2026-08-15T15:24:01.480,33.6529001,-117.3037488,-119.726,8.2111,16.241,0.117,-0.741,-20.84,-0.602168,1
1914.08,2026-08-15T15:24:01.520,33.6528975,-117.3037425,-119.142,7.922,16.2946,0.117,-0.728,-21.81,-0.632278,1
1914.12,2026-08-15T15:24:01.560,33.6528947,-117.3037362,-118.559,7.61065,16.3527,0.119,-0.72,-22.79,-0.663045,1
1914.16,2026-08-15T15:24:01.600,33.6528919,-117.3037299,-117.976,7.2993,16.4421,0.121,-0.718,-23.63,-0.691242,1
1914.2,2026-08-15T15:24:01.640,33.6528889,-117.3037237,-117.402,6.96572,16.5271,0.121,-0.72,-24.21,-0.711867,1
1914.24,2026-08-15T15:24:01.680,33.6528859,-117.3037175,-116.828,6.63213,16.5897,0.106,-0.735,-24.58,-0.725484,1
1914.28,2026-08-15T15:24:01.720,33.6528827,-117.3037114,-116.264,6.27631,16.6299,0.079,-0.75,-24.89,-0.736415,1
1914.32,2026-08-15T15:24:01.760,33.6528795,-117.3037053,-115.699,5.92049,16.6165,0.049,-0.754,-25.16,-0.743803,1
1914.36,2026-08-15T15:24:01.800,33.6528762,-117.3036994,-115.153,5.55354,16.5852,0.016,-0.758,-25.36,-0.748304,1
1914.4,2026-08-15T15:24:01.840,33.6528728,-117.3036935,-114.607,5.17548,16.5718,-0.009,-0.753,-25.44,-0.750057,1
1914.44,2026-08-15T15:24:01.880,33.6528693,-117.3036876,-114.061,4.7863,16.612,-0.032,-0.754,-25.24,-0.745967,1
1914.48,2026-08-15T15:24:01.920,33.6528657,-117.3036818,-113.524,4.386,16.612,-0.059,-0.762,-24.76,-0.731781,1
1914.52,2026-08-15T15:24:01.960,33.6528621,-117.3036762,-113.006,3.98569,16.5271,-0.092,-0.763,-23.9,-0.702752,1
1914.56,2026-08-15T15:24:02.000,33.6528584,-117.3036706,-112.487,3.57427,16.4555,-0.124,-0.744,-22.69,-0.664286,1
1914.6,2026-08-15T15:24:02.040,33.6528547,-117.3036651,-111.978,3.16285,16.3974,-0.152,-0.719,-21.01,-0.612929,1
1914.64,2026-08-15T15:24:02.080,33.6528509,-117.3036597,-111.478,2.74031,16.3483,-0.166,-0.669,-18.69,-0.543612,1
1914.68,2026-08-15T15:24:02.120,33.6528470,-117.3036544,-110.988,2.30665,16.3259,-0.165,-0.602,-15.45,-0.44876,1
1914.72,2026-08-15T15:24:02.160,33.6528432,-117.3036490,-110.488,1.88411,16.3393,-0.153,-0.491,-10.79,-0.313663,1
1914.76,2026-08-15T15:24:02.200,33.6528393,-117.3036437,-109.998,1.45045,16.3259,-0.131,-0.333,-5.15,-0.149587,1
1914.8,2026-08-15T15:24:02.240,33.6528355,-117.3036384,-109.507,1.02791,16.3393,-0.113,-0.134,1.11,0.0322675,1
1914.84,2026-08-15T15:24:02.280,33.6528318,-117.3036329,-108.998,0.616489,16.3348,-0.102,0.088,7.51,0.218255,1
1914.88,2026-08-15T15:24:02.320,33.6528282,-117.3036273,-108.48,0.216187,16.2767,-0.1,0.333,13.73,0.3976,1
1914.92,2026-08-15T15:24:02.360,33.6528248,-117.3036218,-107.97,-0.161876,16.2097,-0.111,0.544,18.95,0.546502,1
1914.96,2026-08-15T15:24:02.400,33.6528214,-117.3036161,-107.443,-0.539939,16.1247,-0.129,0.708,23.32,0.669005,1
1915,2026-08-15T15:24:02.440,33.6528182,-117.3036104,-106.915,-0.895762,16.0085,-0.144,0.83,26.98,0.768424,1
1915.04,2026-08-15T15:24:02.480,33.6528151,-117.3036046,-106.378,-1.24047,15.9593,-0.155,0.916,29.9,0.848974,1
1915.08,2026-08-15T15:24:02.520,33.6528121,-117.3035988,-105.842,-1.57405,15.9593,-0.155,0.972,32.09,0.911156,1
1915.12,2026-08-15T15:24:02.560,33.6528092,-117.3035929,-105.295,-1.89652,15.9504,-0.138,1.007,33.85,0.96059,0
1915.16,2026-08-15T15:24:02.600,33.6528065,-117.3035868,-104.731,-2.19674,15.937,-0.107,1.002,35.11,0.995509,0
1915.2,2026-08-15T15:24:02.640,33.6528039,-117.3035808,-104.176,-2.48585,15.8789,-0.056,0.955,35.75,1.00996,0
1915.24,2026-08-15T15:24:02.680,33.6528013,-117.3035746,-103.602,-2.77496,15.9057,0.004,0.896,35.78,1.01251,0
1915.28,2026-08-15T15:24:02.720,33.6527987,-117.3035684,-103.028,-3.06406,15.9906,0.057,0.867,35.18,1.00085,0
1915.32,2026-08-15T15:24:02.760,33.6527963,-117.3035621,-102.445,-3.33093,16.1203,0.086,0.885,34.23,0.981719,0
1915.36,2026-08-15T15:24:02.800,33.6527940,-117.3035556,-101.843,-3.58668,16.1605,0.079,0.946,33.23,0.955418,0
1915.4,2026-08-15T15:24:02.840,33.6527920,-117.3035491,-101.241,-3.80907,16.1247,0.048,1.011,32.47,0.931501,0
1915.44,2026-08-15T15:24:02.880,33.6527901,-117.3035426,-100.64,-4.02034,15.9951,0.017,1.044,32.17,0.915474,0
1915.48,2026-08-15T15:24:02.920,33.6527883,-117.3035362,-100.047,-4.22049,15.8967,0.019,1.021,32.39,0.916067,0
1915.52,2026-08-15T15:24:02.960,33.6527865,-117.3035296,-99.4365,-4.42064,15.9504,0.067,0.968,32.76,0.929659,0
1915.56,2026-08-15T15:24:03.000,33.6527847,-117.3035229,-98.8163,-4.62079,16.1471,0.141,0.913,33.03,0.948879,0
1915.6,2026-08-15T15:24:03.040,33.6527830,-117.3035160,-98.1776,-4.80982,16.3617,0.214,0.878,33.03,0.961489,0
1915.64,2026-08-15T15:24:03.080,33.6527814,-117.3035090,-97.5297,-4.98774,16.5718,0.264,0.873,32.72,0.964696,0
1915.68,2026-08-15T15:24:03.120,33.6527800,-117.3035019,-96.8725,-5.14341,16.6388,0.274,0.889,32.22,0.953799,0
1915.72,2026-08-15T15:24:03.160,33.6527788,-117.3034948,-96.2154,-5.27684,16.5897,0.253,0.901,31.83,0.939469,0
1915.76,2026-08-15T15:24:03.200,33.6527778,-117.3034879,-95.5767,-5.38804,16.6031,0.229,0.903,31.71,0.936684,0
1915.8,2026-08-15T15:24:03.240,33.6527767,-117.3034807,-94.9103,-5.51035,16.6433,0.217,0.903,31.87,0.943691,0
1915.84,2026-08-15T15:24:03.280,33.6527757,-117.3034735,-94.2438,-5.62155,16.7685,0.226,0.898,32.19,0.960335,0
1915.88,2026-08-15T15:24:03.320,33.6527749,-117.3034663,-93.5774,-5.7105,16.9071,0.263,0.894,32.27,0.970678,0
1915.92,2026-08-15T15:24:03.360,33.6527742,-117.3034589,-92.8925,-5.78834,17.0769,0.314,0.888,31.68,0.962506,0
1915.96,2026-08-15T15:24:03.400,33.6527737,-117.3034513,-92.189,-5.84394,17.3362,0.363,0.864,30.12,0.929004,0
1916,2026-08-15T15:24:03.440,33.6527733,-117.3034436,-91.4763,-5.88841,17.524,0.408,0.797,26.95,0.840233,0
1916.04,2026-08-15T15:24:03.480,33.6527729,-117.3034360,-90.7728,-5.93289,17.6804,0.448,0.702,22.41,0.704925,0
1916.08,2026-08-15T15:24:03.520,33.6527725,-117.3034283,-90.0601,-5.97737,17.8056,0.47,0.601,16.68,0.528398,0
1916.12,2026-08-15T15:24:03.560,33.6527720,-117.3034204,-89.3289,-6.03297,18.0247,0.483,0.524,9.71,0.311383,0
1916.16,2026-08-15T15:24:03.600,33.6527717,-117.3034125,-88.5977,-6.06633,18.2303,0.495,0.488,2.53,0.0820583,0
1916.2,2026-08-15T15:24:03.640,33.6527714,-117.3034046,-87.8665,-6.09969,18.4315,0.49,0.472,-3.98,-0.130512,0
1916.24,2026-08-15T15:24:03.680,33.6527713,-117.3033965,-87.1167,-6.1108,18.579,0.468,0.417,-9.38,-0.310051,0
1916.28,2026-08-15T15:24:03.720,33.6527712,-117.3033883,-86.3577,-6.12192,18.7399,0.436,0.267,-13.27,-0.442432,0
1916.32,2026-08-15T15:24:03.760,33.6527710,-117.3033802,-85.608,-6.14416,18.8606,0.403,0.042,-15.36,-0.515413,0
1916.36,2026-08-15T15:24:03.800,33.6527705,-117.3033720,-84.849,-6.19976,18.9903,0.378,-0.225,-16.19,-0.546998,0
1916.4,2026-08-15T15:24:03.840,33.6527698,-117.3033637,-84.0808,-6.2776,19.1557,0.379,-0.475,-16.07,-0.547673,0
1916.44,2026-08-15T15:24:03.880,33.6527688,-117.3033553,-83.3033,-6.38879,19.3792,0.401,-0.66,-15.29,-0.527171,0
1916.48,2026-08-15T15:24:03.920,33.6527681,-117.3033468,-82.5165,-6.46663,19.6251,0.421,-0.745,-14.17,-0.494754,0
1916.52,2026-08-15T15:24:03.960,33.6527671,-117.3033382,-81.7205,-6.57782,19.8218,0.405,-0.746,-12.77,-0.450341,0
1916.56,2026-08-15T15:24:04.000,33.6527662,-117.3033296,-80.9245,-6.6779,19.9648,0.35,-0.677,-11.22,-0.398535,0
1916.6,2026-08-15T15:24:04.040,33.6527652,-117.3033211,-80.1377,-6.78909,19.9469,0.245,-0.562,-9.52,-0.337848,0
1916.64,2026-08-15T15:24:04.080,33.6527641,-117.3033127,-79.3602,-6.91141,19.8575,0.103,-0.417,-7.72,-0.272741,0
1916.68,2026-08-15T15:24:04.120,33.6527633,-117.3033043,-78.5827,-7.00036,19.7234,-0.048,-0.265,-5.9,-0.207034,0
1916.72,2026-08-15T15:24:04.160,33.6527622,-117.3032959,-77.8052,-7.12268,19.5446,-0.205,-0.131,-4.25,-0.147783,0
1916.76,2026-08-15T15:24:04.200,33.6527614,-117.3032878,-77.0555,-7.21163,19.3747,-0.337,-0.042,-2.95,-0.101687,0
1916.8,2026-08-15T15:24:04.240,33.6527604,-117.3032796,-76.2965,-7.32283,19.1512,-0.435,-0.006,-2.17,-0.0739374,0
1916.84,2026-08-15T15:24:04.280,33.6527596,-117.3032715,-75.5468,-7.41179,18.9232,-0.499,-0.021,-1.93,-0.0649771,0
1916.88,2026-08-15T15:24:04.320,33.6527585,-117.3032636,-74.8155,-7.5341,18.722,-0.535,-0.065,-2.06,-0.0686165,0
1916.92,2026-08-15T15:24:04.360,33.6527575,-117.3032557,-74.0843,-7.64529,18.6237,-0.547,-0.107,-2.4,-0.0795216,0
1916.96,2026-08-15T15:24:04.400,33.6527565,-117.3032480,-73.3716,-7.75649,18.4449,-0.555,-0.125,-2.78,-0.0912281,0
1917,2026-08-15T15:24:04.440,33.6527554,-117.3032403,-72.6589,-7.8788,18.2437,-0.565,-0.119,-3.12,-0.101269,0
1917.04,2026-08-15T15:24:04.480,33.6527546,-117.3032327,-71.9554,-7.96776,18.0247,-0.581,-0.104,-3.37,-0.10807,0
1917.08,2026-08-15T15:24:04.520,33.6527536,-117.3032252,-71.2612,-8.07895,17.752,-0.603,-0.094,-3.56,-0.112436,0
1917.12,2026-08-15T15:24:04.560,33.6527526,-117.3032178,-70.5763,-8.19015,17.4971,-0.629,-0.09,-3.66,-0.113935,0
1917.16,2026-08-15T15:24:04.600,33.6527516,-117.3032106,-69.9099,-8.30134,17.2379,-0.657,-0.094,-3.66,-0.112247,0
1917.2,2026-08-15T15:24:04.640,33.6527506,-117.3032034,-69.2434,-8.41254,17.0188,-0.686,-0.104,-3.58,-0.108398,0
1917.24,2026-08-15T15:24:04.680,33.6527496,-117.3031964,-68.5955,-8.52373,16.7551,-0.723,-0.112,-3.43,-0.102246,0
1917.28,2026-08-15T15:24:04.720,33.6527486,-117.3031894,-67.9476,-8.63493,16.4466,-0.767,-0.117,-3.27,-0.0956824,0
1917.32,2026-08-15T15:24:04.760,33.6527474,-117.3031827,-67.3274,-8.76836,16.08,-0.802,-0.111,-3.15,-0.0901168,0
1917.36,2026-08-15T15:24:04.800,33.6527466,-117.3031761,-66.7165,-8.85732,15.7313,-0.828,-0.097,-3.08,-0.0862035,0
1917.4,2026-08-15T15:24:04.840,33.6527456,-117.3031697,-66.1242,-8.96851,15.4139,-0.838,-0.084,-3.02,-0.0828188,0
1917.44,2026-08-15T15:24:04.880,33.6527447,-117.3031633,-65.5318,-9.06859,15.1815,-0.832,-0.078,-2.93,-0.0791389,0
1917.48,2026-08-15T15:24:04.920,33.6527438,-117.3031570,-64.9487,-9.16867,14.9535,-0.819,-0.069,-2.8,-0.0744919,0
1917.52,2026-08-15T15:24:04.960,33.6527428,-117.3031509,-64.384,-9.27986,14.6629,-0.808,-0.064,-2.6,-0.0678269,0
1917.56,2026-08-15T15:24:05.000,33.6527419,-117.3031449,-63.8287,-9.37994,14.3723,-0.791,-0.064,-2.39,-0.061113,0
1917.6,2026-08-15T15:24:05.040,33.6527410,-117.3031390,-63.2826,-9.48001,14.0594,-0.777,-0.063,-2.18,-0.0545295,0
1917.64,2026-08-15T15:24:05.080,33.6527401,-117.3031333,-62.755,-9.58009,13.7644,-0.758,-0.063,-2,-0.0489773,0
1917.68,2026-08-15T15:24:05.120,33.6527392,-117.3031276,-62.2274,-9.68016,13.5811,-0.73,-0.066,-1.84,-0.0444591,0
1917.72,2026-08-15T15:24:05.160,33.6527383,-117.3031220,-61.7091,-9.78024,13.362,-0.7,-0.066,-1.71,-0.0406515,0
1917.76,2026-08-15T15:24:05.200,33.6527374,-117.3031165,-61.2,-9.88031,13.1474,-0.672,-0.061,-1.59,-0.0371918,0
1917.8,2026-08-15T15:24:05.240,33.6527365,-117.3031111,-60.7002,-9.98039,12.9373,-0.646,-0.049,-1.48,-0.0340655,0
1917.84,2026-08-15T15:24:05.280,33.6527357,-117.3031058,-60.2096,-10.0693,12.6781,-0.622,-0.032,-1.38,-0.0311272,0
1917.88,2026-08-15T15:24:05.320,33.6527348,-117.3031005,-59.719,-10.1694,12.4858,-0.604,-0.02,-1.29,-0.028656,0
1917.92,2026-08-15T15:24:05.360,33.6527340,-117.3030954,-59.247,-10.2584,12.307,-0.588,-0.015,-1.2,-0.026275,0
1917.96,2026-08-15T15:24:05.400,33.6527332,-117.3030903,-58.7749,-10.3473,12.1014,-0.577,-0.016,-1.11,-0.0238982,0
1918,2026-08-15T15:24:05.440,33.6527322,-117.3030854,-58.3214,-10.4585,11.8913,-0.573,-0.023,-1.01,-0.0213677,0
1918.04,2026-08-15T15:24:05.480,33.6527315,-117.3030805,-57.8678,-10.5364,11.7169,-0.574,-0.025,-0.93,-0.0193867,0
1918.08,2026-08-15T15:24:05.520,33.6527307,-117.3030757,-57.4235,-10.6253,11.48,-0.579,-0.02,-0.9,-0.018382,0
1918.12,2026-08-15T15:24:05.560,33.6527300,-117.3030710,-56.9885,-10.7032,11.2833,-0.589,-0.01,-0.9,-0.018067,0
1918.16,2026-08-15T15:24:05.600,33.6527292,-117.3030663,-56.5535,-10.7921,11.0732,-0.602,-0.001,-0.94,-0.0185186,0
1918.2,2026-08-15T15:24:05.640,33.6527284,-117.3030618,-56.137,-10.8811,10.8407,-0.617,0.006,-0.98,-0.0189013,0
1918.24,2026-08-15T15:24:05.680,33.6527277,-117.3030574,-55.7297,-10.9589,10.5904,-0.636,0.002,-0.99,-0.0186533,0
1918.28,2026-08-15T15:24:05.720,33.6527270,-117.3030532,-55.3409,-11.0367,10.3222,-0.654,-0.005,-0.98,-0.0179972,0
1918.32,2026-08-15T15:24:05.760,33.6527263,-117.3030490,-54.9522,-11.1146,10.0763,-0.669,-0.013,-0.97,-0.0173892,0
1918.36,2026-08-15T15:24:05.800,33.6527255,-117.3030449,-54.5727,-11.2035,9.83935,-0.68,-0.017,-0.94,-0.0164552,0
1918.4,2026-08-15T15:24:05.840,33.6527248,-117.3030410,-54.2117,-11.2814,9.56666,-0.686,-0.015,-0.93,-0.0158289,0
1918.44,2026-08-15T15:24:05.880,33.6527242,-117.3030371,-53.8507,-11.3481,9.3342,-0.683,-0.007,-0.94,-0.0156104,0
1918.48,2026-08-15T15:24:05.920,33.6527235,-117.3030333,-53.499,-11.4259,9.13303,-0.673,-0.001,-0.95,-0.0154364,0
1918.52,2026-08-15T15:24:05.960,33.6527229,-117.3030296,-53.1565,-11.4926,8.93186,-0.657,0.001,-0.96,-0.0152553,0
1918.56,2026-08-15T15:24:06.000,33.6527223,-117.3030260,-52.8233,-11.5594,8.71728,-0.635,0,-0.96,-0.0148888,0
1918.6,2026-08-15T15:24:06.040,33.6527217,-117.3030225,-52.4994,-11.6261,8.49376,-0.612,-0.001,-0.94,-0.0142048,0
1918.64,2026-08-15T15:24:06.080,33.6527211,-117.3030191,-52.1847,-11.6928,8.27918,-0.59,-0.001,-0.88,-0.0129622,0
1918.68,2026-08-15T15:24:06.120,33.6527205,-117.3030157,-51.8699,-11.7595,8.11378,-0.57,0.004,-0.82,-0.0118371,0
1918.72,2026-08-15T15:24:06.160,33.6527199,-117.3030124,-51.5645,-11.8262,7.89473,-0.551,0.01,-0.75,-0.0105343,0
1918.76,2026-08-15T15:24:06.200,33.6527194,-117.3030092,-51.2683,-11.8818,7.72485,-0.524,0.015,-0.69,-0.00948304,0
1918.8,2026-08-15T15:24:06.240,33.6527188,-117.3030061,-50.9814,-11.9485,7.5818,-0.484,0.016,-0.64,-0.00863298,0
1918.84,2026-08-15T15:24:06.280,33.6527182,-117.3030029,-50.6852,-12.0153,7.47898,-0.43,0.015,-0.61,-0.00811672,0
1918.88,2026-08-15T15:24:06.320,33.6527176,-117.3029998,-50.3982,-12.082,7.40298,-0.371,0.012,-0.58,-0.00763912,0
1918.92,2026-08-15T15:24:06.360,33.6527172,-117.3029968,-50.1206,-12.1265,7.33593,-0.318,0.006,-0.56,-0.00730889,0
1918.96,2026-08-15T15:24:06.400,33.6527166,-117.3029937,-49.8336,-12.1932,7.2644,-0.274,-0.001,-0.52,-0.00672065,0
1919,2026-08-15T15:24:06.440,33.6527161,-117.3029907,-49.556,-12.2488,7.20181,-0.251,-0.01,-0.49,-0.00627836,0
1919.04,2026-08-15T15:24:06.480,33.6527156,-117.3029877,-49.2783,-12.3044,7.13476,-0.25,-0.013,-0.47,-0.00596603,0
1919.08,2026-08-15T15:24:06.520,33.6527150,-117.3029848,-49.0098,-12.3711,6.97382,-0.265,-0.01,-0.47,-0.00583146,0
1919.12,2026-08-15T15:24:06.560,33.6527145,-117.3029820,-48.7507,-12.4267,6.81289,-0.292,-0.002,-0.51,-0.00618173,0
1919.16,2026-08-15T15:24:06.600,33.6527140,-117.3029792,-48.4915,-12.4823,6.7056,-0.329,0.008,-0.56,-0.00668089,0
1919.2,2026-08-15T15:24:06.640,33.6527135,-117.3029765,-48.2416,-12.5379,6.61619,-0.362,0.018,-0.6,-0.00706265,0
1919.24,2026-08-15T15:24:06.680,33.6527131,-117.3029738,-47.9917,-12.5823,6.4642,-0.391,0.023,-0.62,-0.00713041,0
1919.28,2026-08-15T15:24:06.720,33.6527126,-117.3029712,-47.751,-12.6379,6.27197,-0.408,0.021,-0.61,-0.00680679,0
1919.32,2026-08-15T15:24:06.760,33.6527122,-117.3029687,-47.5196,-12.6824,6.09763,-0.411,0.017,-0.55,-0.00596667,0
1919.36,2026-08-15T15:24:06.800,33.6527117,-117.3029662,-47.2882,-12.738,5.95457,-0.401,0.009,-0.47,-0.00497917,0
1919.4,2026-08-15T15:24:06.840,33.6527113,-117.3029638,-47.0661,-12.7825,5.87411,-0.379,-0.001,-0.34,-0.00355328,0
1919.44,2026-08-15T15:24:06.880,33.6527108,-117.3029614,-46.8439,-12.8381,5.78917,-0.35,-0.011,-0.2,-0.00205994,0
1919.48,2026-08-15T15:24:06.920,33.6527103,-117.3029589,-46.6125,-12.8937,5.7534,-0.321,-0.017,-0.05,-5.118036e-04,0
1919.52,2026-08-15T15:24:06.960,33.6527100,-117.3029566,-46.3997,-12.9271,5.69976,-0.292,-0.013,0.07,7.098441e-04,0
1919.56,2026-08-15T15:24:07.000,33.6527095,-117.3029542,-46.1775,-12.9827,5.60141,-0.267,-0.005,0.15,0.00149485,0
1919.6,2026-08-15T15:24:07.040,33.6527091,-117.3029520,-45.9739,-13.0271,5.48071,-0.246,0.008,0.17,0.00165765,0
1919.64,2026-08-15T15:24:07.080,33.6527087,-117.3029497,-45.761,-13.0716,5.36895,-0.225,0.02,0.15,0.00143281,0
1919.68,2026-08-15T15:24:07.120,33.6527083,-117.3029475,-45.5574,-13.1161,5.34213,-0.204,0.028,0.12,0.00114052,0
1919.72,2026-08-15T15:24:07.160,33.6527079,-117.3029453,-45.3537,-13.1606,5.30189,-0.183,0.029,0.11,0.00103761,0
1919.76,2026-08-15T15:24:07.200,33.6527075,-117.3029430,-45.1408,-13.205,5.31531,-0.158,0.026,0.18,0.00170219,0
1919.8,2026-08-15T15:24:07.240,33.6527071,-117.3029408,-44.9372,-13.2495,5.31084,-0.135,0.02,0.33,0.00311806,0
1919.84,2026-08-15T15:24:07.280,33.6527067,-117.3029386,-44.7336,-13.294,5.26166,-0.113,0.016,0.55,0.00514866,0
1919.88,2026-08-15T15:24:07.320,33.6527063,-117.3029364,-44.53,-13.3385,5.21696,-0.093,0.017,0.85,0.00788941,0
1919.92,2026-08-15T15:24:07.360,33.6527059,-117.3029342,-44.3263,-13.383,5.20802,-0.077,0.022,1.2,0.0111189,0
1919.96,2026-08-15T15:24:07.400,33.6527056,-117.3029320,-44.1227,-13.4163,5.19908,-0.065,0.03,1.58,0.0146148,0
1920,2026-08-15T15:24:07.440,33.6527053,-117.3029298,-43.9191,-13.4497,5.23484,-0.055,0.04,1.97,0.0183475,0
1920.04,2026-08-15T15:24:07.480,33.6527049,-117.3029275,-43.7062,-13.4941,5.22143,-0.049,0.053,2.41,0.022388,0
1920.08,2026-08-15T15:24:07.520,33.6527045,-117.3029253,-43.5025,-13.5386,5.21696,-0.046,0.065,2.86,0.0265455,0
1920.12,2026-08-15T15:24:07.560,33.6527042,-117.3029232,-43.3082,-13.572,5.22143,-0.044,0.074,3.33,0.0309344,0
1920.16,2026-08-15T15:24:07.600,33.6527038,-117.3029209,-43.0953,-13.6165,5.19908,-0.047,0.083,3.87,0.0357969,0
1920.2,2026-08-15T15:24:07.640,33.6527036,-117.3029186,-42.8824,-13.6387,5.21696,-0.05,0.088,4.45,0.0413034,0
1920.24,2026-08-15T15:24:07.680,33.6527032,-117.3029164,-42.6788,-13.6832,5.19013,-0.057,0.089,5.03,0.0464467,0
1920.28,2026-08-15T15:24:07.720,33.6527029,-117.3029142,-42.4751,-13.7165,5.18119,-0.066,0.09,5.63,0.0518975,0
1920.32,2026-08-15T15:24:07.760,33.6527026,-117.3029120,-42.2715,-13.7499,5.1499,-0.076,0.092,6.2,0.0568066,0
1920.36,2026-08-15T15:24:07.800,33.6527023,-117.3029098,-42.0679,-13.7833,5.11861,-0.086,0.095,6.74,0.061379,0
1920.4,2026-08-15T15:24:07.840,33.6527021,-117.3029076,-41.8642,-13.8055,5.07837,-0.096,0.099,7.23,0.0653238,0
1920.44,2026-08-15T15:24:07.880,33.6527018,-117.3029055,-41.6699,-13.8389,5.0739,-0.103,0.106,7.71,0.0695993,0
1920.48,2026-08-15T15:24:07.920,33.6527016,-117.3029033,-41.4662,-13.8611,5.05602,-0.109,0.11,8.16,0.0734019,0
1920.52,2026-08-15T15:24:07.960,33.6527014,-117.3029012,-41.2718,-13.8833,5.00685,-0.111,0.113,8.6,0.0766075,0
1920.56,2026-08-15T15:24:08.000,33.6527012,-117.3028991,-41.0775,-13.9056,4.97108,-0.111,0.114,8.99,0.0795095,0
1920.6,2026-08-15T15:24:08.040,33.6527010,-117.3028969,-40.8738,-13.9278,4.94426,-0.109,0.112,9.32,0.0819834,0
1920.64,2026-08-15T15:24:08.080,33.6527009,-117.3028948,-40.6795,-13.9389,4.91744,-0.108,0.11,9.53,0.0833759,0
1920.68,2026-08-15T15:24:08.120,33.6527007,-117.3028927,-40.4851,-13.9612,4.91744,-0.107,0.108,9.65,0.0844257,0
1920.72,2026-08-15T15:24:08.160,33.6527006,-117.3028906,-40.2907,-13.9723,4.90403,-0.11,0.106,9.63,0.084021,0
1920.76,2026-08-15T15:24:08.200,33.6527004,-117.3028885,-40.0963,-13.9945,4.85485,-0.114,0.103,9.54,0.0824011,0
1920.8,2026-08-15T15:24:08.240,33.6527003,-117.3028865,-39.9112,-14.0056,4.79227,-0.12,0.099,9.42,0.0803157,0
1920.84,2026-08-15T15:24:08.280,33.6527002,-117.3028844,-39.7168,-14.0168,4.78333,-0.128,0.095,9.31,0.0792297,0
1920.88,2026-08-15T15:24:08.320,33.6527000,-117.3028824,-39.5317,-14.039,4.74309,-0.137,0.093,9.22,0.0778038,0
1920.92,2026-08-15T15:24:08.360,33.6527000,-117.3028804,-39.3466,-14.039,4.64922,-0.147,0.091,9.16,0.0757676,0
1920.96,2026-08-15T15:24:08.400,33.6527000,-117.3028785,-39.1707,-14.039,4.60004,-0.158,0.091,9.1,0.0744752,0
1921,2026-08-15T15:24:08.440,33.6526999,-117.3028765,-38.9856,-14.0501,4.60451,-0.166,0.09,9.02,0.0738922,0
1921.04,2026-08-15T15:24:08.480,33.6526998,-117.3028746,-38.8098,-14.0612,4.53299,-0.173,0.088,8.93,0.0720185,0
1921.08,2026-08-15T15:24:08.520,33.6526998,-117.3028726,-38.6246,-14.0612,4.48828,-0.177,0.084,8.84,0.0705896,0
