t_s,ax_g,ay_g,az_g,roll_rate_dps,pitch_rate_dps,yaw_rate_dps,in_gates
1859.77,0.00732422,-0.015625,0.992188,0,0,0,0
1859.78,0.00732422,0,0.99707,0,0,0,0
1859.79,0,0.0146484,1.00732,0,0,0,0
1859.8,0.00341797,-0.00390625,1.00488,0,0,0,0
1859.81,0.00488281,0.00683594,1.00146,0,0,0,0
1859.82,0.00732422,-0.0131836,0.999023,0,0,0,0
1859.83,0.0131836,0.00146484,0.992676,0,0,0,0
1859.84,0.00537109,-0.00341797,0.991699,0,0,0,0
1859.85,-4.882812e-04,-0.00146484,1.00195,0,0,0,0
1859.86,-9.765625e-04,0.0078125,1.0083,0,0,0,0
1859.87,0.00585938,-0.00244141,1.00195,0,0,0,0
1859.88,0.0078125,0.00976562,1,0,0,0,0
1859.89,0.00585938,-0.0141602,0.99707,0,0,0,0
1859.9,0.00683594,0.00537109,0.990723,0,0,0,0
1859.91,-0.00146484,0,1.00244,0,0,0,0
1859.91,9.765625e-04,-0.00488281,1.00879,0,0,0,0
1859.92,0.00732422,0.0170898,1.00439,0,0,0,0
1859.93,0.0112305,-0.00878906,0.996094,0,0,0,0
1859.94,0.012207,0,0.993652,0,0,0,0
1859.95,0.00537109,-0.00976562,0.995605,0,0,0,0
1859.96,0.00439453,0.00390625,1.00146,0,0,0,0
1859.97,9.765625e-04,0.012207,1.00635,0,0,0,0
1859.98,0.00390625,-0.00732422,1.00195,0,0,0,0
1859.99,0.00585938,0.00878906,1,0,0,0,0
1860,0.00927734,-0.0136719,0.998535,0,0,0,0
1860.01,0.0102539,0.00439453,0.992188,0,0,0,0
1860.02,4.882812e-04,0.00146484,1.00537,0,0,0,0
1860.03,0,-0.00292969,1.00635,0,0,0,0
1860.04,9.765625e-04,0.0151367,0.998535,0,0,0,0
1860.05,0.0078125,-0.0141602,0.998047,0,0,0,0
1860.06,0.0136719,0.00341797,0.997559,0,0,0,0
1860.07,0.0078125,-0.00244141,0.994141,0,0,0,0
1860.08,0.00488281,-4.882812e-04,0.998535,0,0,0,0
1860.09,-0.00390625,0.00537109,1.0083,0,0,0,0
1860.1,4.882812e-04,-4.882812e-04,1.00244,0,0,0,0
1860.11,0.0078125,0.0136719,0.998047,0,0,0,0
1860.12,0.0102539,-0.0136719,0.995605,0,0,0,0
1860.13,0.00927734,-9.765625e-04,0.990723,0,0,0,0
1860.14,0.00292969,0,1.00293,0,0,0,0
1860.15,4.882812e-04,0.00146484,1.00391,0,0,0,0
1860.16,-4.882812e-04,0.0131836,1.00684,0,0,0,0
1860.17,0.00488281,-0.0078125,1.00049,0,0,0,0
1860.18,0.0131836,0.00390625,0.992188,0,0,0,0
1860.19,0.00830078,-0.0131836,0.992676,0,0,0,0
1860.2,0.00830078,-4.882812e-04,0.996582,0,0,0,0
1860.2,-4.882812e-04,0.0078125,1.00879,0,0,0,0
1860.21,0.00244141,0.00390625,1.00244,0,0,0,0
1860.22,0.00537109,0.00585938,0.999512,0,0,0,0
1860.23,0.00878906,-0.0170898,0.999512,0,0,0,0
1860.24,0.0107422,0.00927734,0.992188,0,0,0,0
1860.25,0.00146484,-0.00488281,0.996582,0,0,0,0
1860.26,-4.882812e-04,-4.882812e-04,1.00293,0,0,0,0
1860.27,-0.00244141,0.0166016,1.00684,0,0,0,0
1860.28,0.00830078,-0.00732422,1.00244,0,0,0,0
1860.29,0.012207,0.00732422,0.998535,0,0,0,0
1860.3,0.00683594,-0.012207,0.995605,0,0,0,0
1860.31,0.00830078,0,0.993652,0,0,0,0
1860.32,4.882812e-04,0.00390625,1.00098,0,0,0,0
1860.33,0.00341797,-0.00341797,1.00439,0,0,0,0
1860.34,0.0078125,0.0136719,1.00146,0,0,0,0
1860.35,0.0117188,-0.012207,0.995605,0,0,0,0
1860.36,0.0117188,0.00439453,0.990723,0,0,0,0
1860.37,0.00146484,-0.00732422,1.00293,0,0,0,0
1860.38,0,0.00195312,1.00146,0,0,0,0
1860.39,4.882812e-04,0.0180664,1.00391,0,0,0,0
1860.4,0.00732422,-0.0141602,1.00244,0,0,0,0
1860.41,0.0107422,0.00732422,0.994629,0,0,0,0
1860.42,0.00585938,-0.00878906,0.997559,0,0,0,0
1860.43,0.00732422,-9.765625e-04,0.99707,0,0,0,0
1860.44,-0.00195312,0.0112305,1.00439,0,0,0,0
1860.45,0,-0.00292969,1.00635,0,0,0,0
1860.46,0.00683594,0.00585938,0.998535,0,0,0,0
1860.47,0.00878906,-0.0136719,0.995117,0,0,0,0
1860.48,0.0126953,0.00390625,0.996582,0,0,0,0
1860.49,0.00244141,-0.00488281,0.998047,0,0,0,0
1860.49,9.765625e-04,0.00537109,0.998535,0,0,0,0
1860.5,-0.00244141,0.0078125,1.00928,0,0,0,0
1860.51,0.00439453,-0.0078125,1.00488,0,0,0,0
1860.52,0.0078125,0.0107422,0.995117,0,0,0,0
1860.53,0.00439453,-0.0126953,0.994629,0,0,0,0
1860.54,0.00390625,0,0.995605,0,0,0,0
1860.55,0,0.00439453,1.00586,0,0,0,0
1860.56,0.0078125,0.00146484,1.00684,0,0,0,0
1860.57,0.0112305,4.882812e-04,0.998047,0,0,0,0
1860.58,0.0117188,-0.0131836,0.992188,0,0,0,0
1860.59,0.0146484,-0.00244141,0.995605,0,0,0,0
1860.6,0.015625,-0.00878906,1.00244,0,0,0,0
1860.61,0.0112305,0.0151367,1.00244,0,0,0,0
1860.62,0.00292969,-0.00537109,1.00879,0,0,0,0
1860.63,0.00634766,0.00146484,1.00195,0,0,0,0
1860.64,4.882812e-04,0.0112305,1.00635,0,0,0,0
1860.65,0.00390625,-0.0214844,0.998047,0,0,0,0
1860.66,0.00927734,0.0175781,0.994141,0,0,0,0
1860.67,-0.00390625,-0.00878906,0.999023,0,0,0,0
1860.68,-0.00292969,-0.00146484,0.996094,0,0,0,0
1860.69,-0.00732422,0.00976562,1.00244,0,0,0,0
1860.7,9.765625e-04,-0.00439453,0.993164,0,0,0,0
1860.71,9.765625e-04,0.0102539,1.00293,0,0,0,0
1860.72,0.00537109,-0.00341797,0.993164,0,0,0,0
1860.73,0.00585938,-9.765625e-04,1.00146,0,0,0,0
1860.74,0.00341797,0.00878906,0.987793,0,0,0,0
1860.75,0.00488281,-0.00830078,1.00244,0,0,0,0
1860.76,0.00585938,0.0146484,1.00293,0,0,0,0
1860.77,0.00732422,-4.882812e-04,1.00049,0,0,0,0
1860.78,0.00830078,0,1.01025,0,0,0,0
1860.78,0.00683594,9.765625e-04,0.983887,0,0,0,0
1860.79,0.00878906,-0.00537109,1.01611,0,0,0,0
1860.8,0.00976562,0,0.983398,0,0,0,0
1860.81,0.00634766,0.00488281,1.00684,0,0,0,0
1860.82,0.00537109,-0.00634766,1.01416,0,0,0,0
1860.83,0.00878906,0.00537109,0.982422,0,0,0,0
1860.84,0.00390625,4.882812e-04,1.00781,0,0,0,0
1860.85,0.0078125,-0.00488281,1.0127,0,0,0,0
1860.86,0.0151367,0.012207,0.982422,0,0,0,0
1860.87,0.00634766,-0.00341797,0.993652,0,0,0,0
1860.88,9.765625e-04,-0.00830078,1.01465,0,0,0,0
1860.89,0.00878906,0.00830078,1.00635,0,0,0,0
1860.9,0.0112305,0.00341797,0.995117,0,0,0,0
1860.91,0.00830078,-0.0273438,0.992188,0,0,0,0
1860.92,0.00634766,-0.00585938,0.984375,0,0,0,0
1860.93,-0.00585938,0.0229492,1.00195,0,0,0,0
1860.94,-0.00830078,0.00146484,1.01221,0,0,0,0
1860.95,9.765625e-04,0.0170898,1.00439,0,0,0,0
1860.96,0.00683594,-0.00683594,0.999023,0,0,0,0
1860.97,0.00634766,-0.00634766,0.998047,0,0,0,0
1860.98,0.00830078,4.882812e-04,0.990723,0,0,0,0
1860.99,0,-0.00537109,1.00098,0,0,0,0
1861,4.882812e-04,0.00878906,1.00391,0,0,0,0
1861.01,0.00195312,0.00976562,0.992188,0,0,0,0
1861.02,0.00537109,-0.00195312,1,0,0,0,0
1861.03,0.0078125,0.00146484,1.00244,0,0,0,0
1861.04,0.00878906,0.00439453,1,0,0,0,0
1861.05,0.00634766,-0.00146484,1.00293,0,0,0,0
1861.06,0.00439453,0.00390625,1.00342,0,0,0,0
1861.07,0.00683594,-0.00292969,0.989746,0,0,0,0
1861.07,0.0136719,9.765625e-04,0.99707,0,0,0,0
1861.08,0.0107422,0.00537109,0.991699,0,0,0,0
1861.09,0.00976562,-0.00341797,0.997559,0,0,0,0
1861.1,0.00439453,0.0102539,1.01123,0,0,0,0
1861.11,4.882812e-04,0.00390625,0.993164,0,0,0,0
1861.12,0.00634766,4.882812e-04,0.996094,0,0,0,0
1861.13,0.00683594,-0.00195312,1.00781,0,0,0,0
1861.14,0.00244141,9.765625e-04,1.00537,0,0,0,0
1861.15,0,0.00830078,0.989258,0,0,0,0
1861.16,0.00146484,-0.0117188,1,0,0,0,0
1861.17,0.00244141,0.00244141,1.01025,0,0,0,0
1861.18,0,0.0161133,1.00098,0,0,0,0
1861.19,-0.00341797,-0.00292969,0.996582,0,0,0,0
1861.2,0.00292969,-0.0102539,0.993164,0,0,0,0
1861.21,0.00634766,0.00634766,0.995117,0,0,0,0
1861.22,0.00146484,0,1.01221,0,0,0,0
1861.23,-0.00488281,0,1.00928,0,0,0,0
1861.24,0.00195312,0.00488281,0.995117,0,0,0,0
1861.25,0.00439453,-0.00927734,0.995605,0,0,0,0
1861.26,0.00634766,0.00390625,0.992676,0,0,0,0
1861.27,0.00585938,-0.00146484,0.994629,0,0,0,0
1861.28,0.00390625,-0.00292969,1.00293,0,0,0,0
1861.29,0.00390625,0.00976562,1.00146,0,0,0,0
1861.3,0.00341797,-0.00244141,1.00439,0,0,0,0
1861.31,0.00488281,-0.00292969,1,0,0,0,0
1861.32,0.00634766,-9.765625e-04,0.998535,0,0,0,0
1861.33,0.00146484,9.765625e-04,1.00684,0,0,0,0
1861.34,0.00439453,0.00878906,1.00439,0,0,0,0
1861.35,0.00830078,0.00146484,1.00098,0,0,0,0
1861.36,0.00634766,-9.765625e-04,1.00293,0,0,0,0
1861.36,0.00634766,0,1.00049,0,0,0,0
1861.37,0.00634766,-4.882812e-04,1.00049,0,0,0,0
1861.38,0.00976562,4.882812e-04,1.00049,0,0,0,0
1861.39,0.00439453,0,1.00049,0,0,0,0
1861.4,0.00537109,4.882812e-04,0.996094,0,0,0,0
1861.41,0.0131836,0.00585938,0.999023,0,0,0,0
1861.42,0.00927734,0.00146484,0.999512,0,0,0,0
1861.43,0.012207,0,0.995117,0,0,0,0
1861.44,0.0107422,0.00439453,0.999023,0,0,0,0
1861.45,0.0161133,0.00195312,0.996582,0,0,0,0
1861.46,0.00732422,0.00439453,0.99707,0,0,0,0
1861.47,0.00146484,0.0117188,1.00098,0,0,0,0
1861.48,0.00195312,0.00439453,0.995117,0,0,0,0
1861.49,9.765625e-04,0.00634766,1.00146,0,0,0,0
1861.5,0.00439453,0,0.996582,0,0,0,0
1861.51,0.0107422,0,1,0,0,0,0
1861.52,0.00927734,-0.00976562,0.996094,0,0,0,0
1861.53,0.012207,-0.00195312,0.99707,0,0,0,0
1861.54,0.00537109,-0.00390625,0.996582,0,0,0,0
1861.55,0.00146484,0.00195312,1.00244,0,0,0,0
1861.56,-9.765625e-04,0.00244141,1.00244,0,0,0,0
1861.57,0.00390625,-0.00292969,0.998535,0,0,0,0
1861.58,0.00634766,-0.00488281,1.00098,0,0,0,0
1861.59,0.0102539,-0.00732422,1,0,0,0,0
1861.6,0.00585938,-0.00439453,1.00098,0,0,0,0
1861.61,0.00146484,-0.00292969,0.999512,0,0,0,0
1861.62,-0.00341797,0.00146484,1.0083,0,0,0,0
1861.63,0.00195312,-0.00244141,0.998535,0,0,0,0
1861.64,0.0078125,0.00146484,1.00195,0,0,0,0
1861.65,0.00732422,-0.0151367,1.00049,0,0,0,0
1861.66,0.0112305,0.00341797,0.999512,0,0,0,0
1861.67,0.00488281,4.882812e-04,0.993652,0,0,0,0
1861.68,0,-0.00292969,1.00537,0,0,0,0
1861.69,0.00146484,0.00976562,0.996582,0,0,0,0
1861.7,0.00683594,0,1,0,0,0,0
1861.71,0.0102539,-0.00146484,1.00293,0,0,0,0
1861.72,0.0131836,-0.00292969,0.990723,0,0,0,0
1861.73,0.00341797,0,1.00635,0,0,0,0
1861.74,0.00195312,9.765625e-04,1.00146,0,0,0,0
1861.74,0.00634766,0.0117188,1.00293,0,0,0,0
1861.75,0.00927734,-0.00488281,0.994141,0,0,0,0
1861.76,0.012207,-0.00390625,0.993652,0,0,0,0
1861.77,0.00878906,0.00488281,0.998535,0,0,0,0
1861.78,0.0078125,-0.00146484,0.994629,0,0,0,0
1861.79,0.00390625,0.00585938,1.01416,0,0,0,0
1861.8,0.0078125,-0.00439453,0.994629,0,0,0,0
1861.81,0.0107422,0,0.998047,0,0,0,0
1861.82,0.00488281,-0.00292969,1.00391,0,0,0,0
1861.83,0.00927734,4.882812e-04,0.998535,0,0,0,0
1861.84,0.00537109,0.00878906,1.00684,0,0,0,0
1861.85,0.00830078,-0.00732422,1,0,0,0,0
1861.86,0.0117188,0.00390625,1.00342,0,0,0,0
1861.87,0.00488281,0.00537109,1.00293,0,0,0,0
1861.88,0.00878906,-0.00244141,0.998047,0,0,0,0
1861.89,0.00341797,0.00439453,1.00391,0,0,0,0
1861.9,0.00585938,0,0.994141,0,0,0,0
1861.91,0.00537109,0.00927734,1.00391,0,0,0,0
1861.92,0.00244141,0.0078125,0.996582,0,0,0,0
1861.93,0.00439453,4.882812e-04,0.996094,0,0,0,0
1861.94,0.00195312,0.0078125,1.00488,0,0,0,0
1861.95,0.00537109,-0.00244141,0.991211,0,0,0,0
1861.96,0.00341797,0.00292969,1.00146,0,0,0,0
1861.97,-0.00195312,0.00341797,1.00293,0,0,0,0
1861.98,0.00439453,0.00146484,0.993652,0,0,0,0
1861.99,0.00390625,0.00439453,1.00146,0,0,0,0
1862,0.00732422,-0.00146484,0.989746,0,0,0,0
1862.01,0.0107422,-0.00244141,1.00342,0,0,0,0
1862.02,0.00146484,-0.00341797,1,0,0,0,0
1862.03,0.00878906,0.00244141,0.995117,0,0,0,0
1862.04,0.0151367,-4.882812e-04,1.00928,0,0,0,0
1862.05,0.0229492,-0.00976562,0.999512,0,0,0,0
1862.06,0.0341797,0.00439453,1.01074,0,0,0,0
1862.07,0.0317383,-0.00585938,1.00732,0,0,0,0
1862.07,0.0400391,-0.0131836,1.00537,0,0,0,0
1862.08,0.0625,-4.882812e-04,1.00879,0,0,0,0
1862.09,0.110352,-0.0244141,0.992188,0,0,0,0
1862.1,0.169922,-0.015625,1.00049,0.183105,-0.549316,0,0
1862.11,0.245117,-0.00976562,1.00684,0.0610352,-0.671387,0,0
1862.12,0.321289,-0.0117188,1.00293,0.0610352,-0.915527,0,0
1862.13,0.356934,-0.00488281,1.01562,0,-1.40381,0,0
1862.14,0.367676,-0.00195312,0.992676,0,-1.77002,0,0
1862.15,0.373535,-0.0170898,1.01709,0,-2.38037,0.305176,0
1862.16,0.422852,-0.00146484,1.05225,-0.244141,-2.99072,0.366211,0
1862.17,0.538086,-0.0141602,1.05566,-0.366211,-3.35693,0.427246,0
1862.18,0.680176,-0.0253906,1.05322,-0.244141,-3.96729,0.366211,0
1862.19,0.831543,-0.00927734,1.02051,-0.12207,-4.63867,0.12207,0
1862.2,0.92334,-0.00195312,0.987793,-0.0610352,-5.06592,0.12207,0
1862.21,0.93457,-0.00439453,0.968262,-0.183105,-5.49316,0.183105,0
1862.22,0.845703,0.0629883,1.06689,-0.610352,-6.22559,0.244141,0
1862.23,0.776855,0.0107422,1.23584,-1.2207,-6.65283,0.183105,0
1862.24,0.859375,0.0244141,0.970215,-1.15967,-6.95801,0.0610352,0
1862.25,0.875488,-0.081543,0.98584,-0.488281,-6.89697,-0.0610352,0
1862.26,0.86084,-0.0961914,1.04688,0.244141,-6.95801,-0.183105,0
1862.27,0.845215,0.0410156,1.02002,0.12207,-6.53076,-0.244141,0
1862.28,0.865723,0.0322266,0.941406,-0.915527,-5.7373,-0.549316,0
1862.29,0.925781,-0.0625,0.919922,-0.976562,-4.88281,-0.610352,0
1862.3,0.931641,-0.00927734,0.960938,-0.0610352,-4.15039,-0.793457,0
1862.31,0.883789,0.0253906,1.04443,-0.0610352,-3.54004,-0.854492,0
1862.32,0.895508,-0.0327148,1.03711,-0.0610352,-3.17383,-0.976562,0
1862.33,0.983398,0,1.02393,0.0610352,-2.68555,-0.915527,0
1862.34,1.00732,-0.0854492,1.01514,-0.366211,-2.13623,-0.915527,0
1862.35,1.0293,-0.0927734,0.992676,-0.244141,-1.52588,-0.915527,0
1862.36,1.02197,-0.0195312,0.927734,-0.549316,-0.976562,-0.915527,0
1862.37,1.02881,-0.0834961,0.989746,-0.976562,-0.427246,-0.976562,0
1862.38,1.00146,-0.108887,1.00195,-0.366211,0.0610352,-0.976562,0
1862.39,0.941406,-0.0268555,1.00146,-0.488281,0.488281,-0.976562,0
1862.4,0.928711,-0.0229492,1.01855,-0.854492,0.610352,-1.09863,0
1862.41,0.948242,-0.050293,1.0415,-0.671387,0.854492,-1.15967,0
1862.42,0.946777,-0.0639648,1.02783,-0.549316,0.915527,-1.2207,0
1862.42,0.983887,-0.101074,1.021,-0.12207,0.854492,-1.34277,0
1862.43,0.996582,-0.0541992,1.06055,0.244141,0.488281,-1.64795,0
1862.44,0.974609,-0.0766602,1.05762,0,0.305176,-1.83105,0
1862.45,1.00049,-0.0708008,1.02686,0.0610352,0,-1.95312,0
1862.46,0.983398,-0.0488281,1.07422,-0.0610352,-0.244141,-2.0752,0
1862.47,0.923828,-0.0883789,1.1001,-0.0610352,-0.427246,-2.2583,0
1862.48,0.857422,-0.0957031,1.1001,0,-0.549316,-2.50244,0
1862.49,0.861816,-0.109375,1.0874,0,-0.915527,-2.74658,0
1862.5,0.933105,-0.0844727,1.08154,0,-1.09863,-3.11279,0
1862.51,0.950684,-0.074707,1.08838,-0.732422,-1.28174,-3.41797,0
1862.52,0.883789,-0.106934,1.06006,-1.15967,-1.40381,-3.78418,0
1862.53,0.862305,-0.0761719,1.03662,-1.2207,-1.40381,-4.08936,0
1862.54,0.87793,-0.0712891,1.0791,-1.77002,-1.34277,-4.45557,0
1862.55,0.925781,-0.128906,1.10254,-1.64795,-1.58691,-4.82178,0
1862.56,0.89502,-0.0922852,1.10107,-1.46484,-1.70898,-5.18799,0
1862.57,0.844727,-0.0830078,1.05518,-2.2583,-1.64795,-5.67627,0
1862.58,0.829102,-0.189453,1.03271,-2.13623,-1.40381,-6.04248,0
1862.59,0.88916,-0.0786133,1.03809,-1.52588,-1.28174,-6.46973,0
1862.6,0.895508,-0.0874023,1.00928,-2.31934,-1.0376,-6.83594,0
1862.61,0.854004,-0.197266,0.979004,-1.58691,-0.854492,-7.14111,0
1862.61,0.833008,-0.0556641,1.02002,-0.854492,-0.549316,-7.44629,0
1862.62,0.844727,-0.132812,1.03369,-1.77002,-0.366211,-7.8125,0
1862.63,0.838867,-0.233887,1.01562,-0.793457,-0.183105,-8.05664,0
1862.64,0.840332,-0.0942383,0.983887,-0.488281,-0.0610352,-8.36182,0
1862.65,0.802734,-0.165039,0.942871,-1.2207,0.12207,-8.72803,0
1862.66,0.844727,-0.227539,0.924316,-0.488281,0.305176,-9.0332,0
1862.67,0.833496,-0.104004,0.935059,-0.305176,0.427246,-9.27734,0
1862.68,0.850098,-0.17041,0.921875,-0.854492,0.427246,-9.58252,0
1862.69,0.849609,-0.217285,0.912598,-0.183105,0.244141,-9.94873,0
1862.7,0.856934,-0.0922852,0.916992,-0.305176,0,-10.2539,0
1862.71,0.847168,-0.187988,0.914551,-1.46484,-0.12207,-10.6812,0
1862.72,0.814453,-0.243652,0.928711,-0.915527,-0.366211,-10.9253,0
1862.73,0.811523,-0.109375,0.944824,-1.2207,-0.549316,-11.2305,0
1862.74,0.830566,-0.191406,0.96875,-2.01416,-0.976562,-11.4746,0
1862.75,0.81543,-0.254395,1.01074,-1.15967,-1.0376,-11.5356,0
1862.76,0.82373,-0.145508,1.01904,-1.15967,-1.15967,-11.7188,0
1862.77,0.799805,-0.22168,0.994141,-1.64795,-1.2207,-11.9019,1
1862.78,0.821777,-0.255371,0.990723,-0.732422,-1.15967,-12.085,1
1862.79,0.82666,-0.133301,0.99707,-0.427246,-1.2207,-12.146,1
1862.8,0.797363,-0.23584,1.01562,-0.610352,-1.15967,-12.085,1
1862.81,0.79541,-0.250977,1.06201,0.488281,-1.2207,-12.0239,1
1862.82,0.791504,-0.137695,1.08008,0.427246,-1.34277,-12.0239,1
1862.83,0.811035,-0.279785,1.02344,0.183105,-1.40381,-12.146,1
1862.84,0.819336,-0.270508,1.01855,1.64795,-1.46484,-12.146,1
1862.85,0.799316,-0.187988,1.05225,1.40381,-1.40381,-12.207,1
1862.86,0.842773,-0.265625,1.05371,1.2207,-1.28174,-12.3291,1
1862.87,0.822754,-0.21582,1.08691,1.15967,-1.15967,-12.4512,1
1862.88,0.811035,-0.207031,1.07617,0.488281,-1.09863,-12.5732,1
1862.89,0.816895,-0.21582,1.0415,0.305176,-0.976562,-12.8174,1
1862.9,0.849609,-0.169434,1.03516,0.12207,-0.915527,-12.9395,1
1862.91,0.803711,-0.213867,1.08008,-0.610352,-0.671387,-13.1836,1
1862.92,0.791504,-0.216309,1.11768,-0.793457,-0.610352,-13.4277,1
1862.93,0.79541,-0.161133,1.11084,-0.915527,-0.732422,-13.855,1
1862.94,0.823242,-0.212402,1.07812,-1.2207,-0.793457,-14.2212,1
1862.95,0.806152,-0.212891,1.02246,-0.793457,-0.732422,-14.5874,1
1862.96,0.800293,-0.182617,1.00732,-0.976562,-0.610352,-14.8926,1
1862.97,0.803711,-0.224609,1.02002,-1.40381,-0.610352,-15.2588,1
1862.97,0.788086,-0.203613,1.06006,-1.28174,-0.854492,-15.564,1
1862.98,0.780762,-0.213867,1.05957,-1.40381,-0.854492,-15.8081,1
1862.99,0.717773,-0.233398,0.96875,-1.0376,-0.854492,-16.1743,1
1863,0.733398,-0.259766,0.916992,-0.488281,-0.610352,-16.5405,1
1863.01,0.773926,-0.261719,0.950684,0.549316,-0.366211,-16.9678,1
1863.02,0.833496,-0.228516,0.975586,0.732422,-0.305176,-17.2119,1
1863.03,0.790527,-0.313477,0.944824,0.12207,-0.183105,-17.5171,1
1863.04,0.800293,-0.200684,0.947266,-0.12207,-0.12207,-17.7612,1
1863.05,0.777832,-0.203125,0.933594,-1.83105,0.305176,-18.2495,1
1863.06,0.82959,-0.34668,0.886719,-1.58691,0.610352,-18.6768,1
1863.07,0.782227,-0.260742,0.872559,-0.305176,1.0376,-18.8599,1
1863.08,0.812988,-0.280762,0.967285,-1.0376,0.915527,-19.2871,1
1863.09,0.788086,-0.32959,1.04199,-1.09863,0.976562,-19.4702,1
1863.1,0.788574,-0.28125,0.976074,-1.89209,0.976562,-19.8364,1
1863.11,0.744141,-0.327148,0.917969,-3.17383,1.15967,-20.1416,1
1863.12,0.757324,-0.381348,0.930176,-3.23486,1.34277,-20.3247,1
1863.13,0.748047,-0.368164,0.936523,-2.74658,1.89209,-20.6299,1
1863.14,0.774902,-0.35791,1.00732,-2.99072,2.13623,-20.9351,1
1863.15,0.74707,-0.397949,1.0293,-3.35693,2.31934,-20.9961,1
1863.16,0.734863,-0.345703,1.04297,-3.78418,2.50244,-21.1792,1
1863.17,0.64209,-0.396484,1.04492,-4.5166,2.50244,-21.4844,1
1863.18,0.666504,-0.458984,0.995117,-3.90625,2.80762,-21.8506,1
1863.19,0.678711,-0.441406,0.978516,-3.23486,2.99072,-22.1558,1
1863.2,0.648926,-0.476074,1.01025,-3.11279,3.17383,-22.522,1
1863.21,0.588379,-0.433105,1.0459,-3.17383,3.11279,-22.8271,1
1863.22,0.602539,-0.43457,1.05029,-3.2959,3.11279,-23.1934,1
1863.23,0.603516,-0.4375,1.03516,-3.05176,2.80762,-23.6206,1
1863.24,0.624023,-0.508301,0.995605,-2.44141,2.62451,-23.9868,1
1863.25,0.580078,-0.479492,0.967285,-1.52588,2.38037,-24.1699,1
1863.26,0.555176,-0.478027,1.00439,-1.77002,2.13623,-24.5361,1
1863.27,0.555176,-0.500488,1.05664,-1.34277,1.89209,-24.7803,1
1863.28,0.546875,-0.435059,1.08594,-0.549316,2.01416,-25.0244,1
1863.28,0.603027,-0.531738,1.04785,-0.305176,1.89209,-25.0854,1
1863.29,0.549316,-0.529785,0.952148,0.549316,1.89209,-25.1465,1
1863.3,0.552246,-0.541504,0.977539,0.488281,1.89209,-25.1465,1
1863.31,0.563477,-0.449707,1.021,0.488281,1.77002,-25.3296,1
1863.32,0.594238,-0.436035,1.05615,-0.976562,1.77002,-25.3296,1
1863.33,0.553223,-0.55957,0.96875,-0.915527,1.64795,-25.2686,1
1863.34,0.500977,-0.40332,0.874512,-0.732422,1.46484,-25.3296,1
1863.35,0.539551,-0.505859,0.874512,-1.34277,1.09863,-25.5127,1
1863.36,0.674805,-0.461426,0.986816,-0.183105,0.854492,-25.8179,1
1863.37,0.622559,-0.355469,1.04639,-1.58691,0.671387,-25.7568,1
1863.38,0.478027,-0.603516,1.01025,-2.38037,0.732422,-25.7568,1
1863.39,0.471191,-0.518066,0.899414,-0.427246,0.610352,-25.6958,1
1863.4,0.597168,-0.325195,0.911621,-1.34277,0.305176,-26.1841,1
1863.41,0.692383,-0.609375,1.01318,-1.58691,0.0610352,-26.4893,1
1863.42,0.594238,-0.573242,1.06006,0.793457,0,-26.2451,1
1863.43,0.487305,-0.382324,0.987793,0.12207,-0.0610352,-26.4282,1
1863.44,0.540039,-0.636719,0.9375,-0.366211,-0.366211,-26.7944,1
1863.45,0.644043,-0.53418,0.991699,1.89209,-0.488281,-26.9165,1
1863.46,0.678711,-0.327148,1.00049,0.12207,-0.793457,-27.2217,1
1863.47,0.629883,-0.61084,0.92041,-1.2207,-1.15967,-27.3438,1
1863.48,0.546875,-0.561035,0.936523,0.427246,-1.0376,-27.2217,1
1863.49,0.592773,-0.34375,1.02832,-1.0376,-1.0376,-27.4658,1
1863.5,0.684082,-0.649414,1.05566,-2.44141,-1.0376,-27.71,1
1863.51,0.671387,-0.627441,1.04248,-0.732422,-1.0376,-27.5879,1
1863.52,0.654297,-0.338867,1.0376,-2.56348,-1.0376,-27.832,1
1863.53,0.622559,-0.602539,1.07666,-4.63867,-0.854492,-28.0151,1
1863.54,0.662598,-0.608398,1.07031,-3.05176,-0.610352,-27.832,1
1863.55,0.595703,-0.452637,1.06787,-3.78418,-0.366211,-27.8931,1
1863.56,0.575684,-0.63623,1.01758,-3.54004,-0.305176,-28.1372,1
1863.57,0.605469,-0.519043,0.970703,-1.77002,-0.0610352,-28.2593,1
1863.57,0.602539,-0.486816,0.995117,-2.44141,-0.0610352,-28.3203,1
1863.58,0.580566,-0.639648,1.03223,-1.83105,0,-28.3813,1
1863.59,0.519531,-0.540527,1.03174,-0.427246,0.305176,-28.3203,1
1863.6,0.507812,-0.605957,1.01758,-0.671387,0.488281,-28.3813,1
1863.61,0.482422,-0.648926,1.00049,0.549316,0.793457,-28.3813,1
1863.62,0.49707,-0.57373,0.978516,0.671387,1.09863,-28.2593,1
1863.63,0.479492,-0.646973,0.963379,0.915527,1.40381,-28.2593,1
1863.64,0.51123,-0.592773,0.955078,1.40381,1.64795,-28.2593,1
1863.65,0.501465,-0.581055,0.938477,1.34277,1.83105,-28.1982,1
1863.66,0.495117,-0.626953,0.925293,1.40381,1.83105,-28.1372,1
1863.67,0.487793,-0.602051,0.945312,1.40381,2.01416,-28.2593,1
1863.68,0.481934,-0.581055,0.953125,0.854492,1.95312,-28.6255,1
1863.69,0.483887,-0.722168,0.958984,0.793457,2.13623,-28.9307,1
1863.7,0.513672,-0.596191,0.976074,0.915527,1.83105,-29.2969,1
1863.71,0.533691,-0.615723,1.02588,-1.58691,1.52588,-29.6021,1
1863.72,0.494141,-0.691895,1.02344,-1.89209,1.0376,-29.7241,1
1863.73,0.447754,-0.500488,1.02393,-2.99072,0.671387,-29.9072,1
1863.74,0.467285,-0.59082,0.957031,-4.63867,0.305176,-30.1514,1
1863.75,0.522949,-0.648926,0.98584,-4.21143,-0.12207,-30.2734,1
1863.76,0.576172,-0.602539,0.987305,-4.15039,-0.488281,-30.3955,1
1863.77,0.556641,-0.658203,1.05225,-4.63867,-0.793457,-30.6396,1
1863.78,0.529785,-0.719238,1.09326,-4.45557,-0.793457,-30.7007,1
1863.79,0.458984,-0.638672,1.07373,-4.76074,-0.610352,-30.5786,1
1863.8,0.402344,-0.688965,1.04443,-5.49316,-0.244141,-30.7007,1
1863.81,0.446777,-0.730957,1.00928,-4.63867,-0.183105,-30.8228,1
1863.82,0.53418,-0.638184,0.96582,-3.41797,0,-30.7007,1
1863.83,0.530273,-0.66748,1.02979,-2.99072,0.183105,-30.4565,1
1863.84,0.408203,-0.73291,1.02002,-1.77002,0.427246,-30.2124,1
1863.85,0.358887,-0.703125,1.0376,-0.366211,0.854492,-30.0903,1
1863.86,0.407227,-0.625977,0.889648,3.35693,1.89209,-30.0293,1
1863.87,0.398926,-0.625488,0.864258,2.62451,2.01416,-29.9072,1
1863.88,0.375488,-0.805664,0.915527,3.60107,2.19727,-29.6631,1
1863.89,0.318359,-0.614746,0.975098,3.96729,2.56348,-29.2969,1
1863.9,0.281738,-0.65918,0.959473,2.19727,3.23486,-28.9917,1
1863.91,0.320801,-0.740234,0.897949,2.01416,3.2959,-28.7476,1
1863.92,0.421875,-0.678223,0.873535,1.2207,3.35693,-28.3813,1
1863.93,0.413086,-0.767578,0.981445,0.0610352,3.66211,-28.1372,1
1863.94,0.355957,-0.69043,1.03857,-0.549316,4.27246,-28.1372,1
1863.95,0.270508,-0.703613,0.990723,-1.95312,4.63867,-27.832,1
1863.96,0.295898,-0.716309,0.927246,-2.68555,4.5166,-27.832,1
1863.97,0.370605,-0.678223,0.930176,-3.479,4.27246,-27.9541,1
1863.98,0.407715,-0.738281,0.98291,-3.60107,3.96729,-28.0762,1
1863.99,0.372559,-0.603516,1.04443,-2.99072,3.78418,-28.1372,1
1864,0.289062,-0.565918,0.972168,-4.02832,3.54004,-28.2593,1
1864.01,0.252441,-0.822266,0.993164,-4.02832,3.35693,-28.3203,1
1864.02,0.284668,-0.686523,0.998535,-1.89209,3.11279,-28.3203,1
1864.03,0.374023,-0.588867,0.989746,-2.50244,3.05176,-28.6865,1
1864.04,0.388184,-0.823242,0.960938,-1.52588,2.99072,-28.7476,1
1864.04,0.311035,-0.678223,0.980469,0.854492,3.05176,-28.6865,1
1864.05,0.240723,-0.654785,0.984375,0.427246,2.92969,-28.5034,1
1864.06,0.258789,-0.800781,0.977539,1.40381,2.80762,-28.3813,1
1864.07,0.283203,-0.641602,0.952637,2.01416,2.50244,-28.4424,1
1864.08,0.282227,-0.750488,0.918945,1.58691,2.50244,-28.5034,1
1864.09,0.280762,-0.701172,0.935547,2.68555,2.50244,-28.6255,1
1864.1,0.24707,-0.651855,0.964355,1.09863,2.62451,-28.5034,1
1864.11,0.227539,-0.811523,0.933594,0.366211,2.50244,-28.3203,1
1864.12,0.196289,-0.704102,0.97998,0.183105,2.50244,-28.2593,1
1864.13,0.208496,-0.666016,1.02881,-1.95312,2.50244,-28.5034,1
1864.14,0.262207,-0.753906,1.02002,-2.56348,2.50244,-28.3203,1
1864.15,0.262207,-0.689941,0.958496,-2.80762,2.68555,-28.0762,1
1864.16,0.236328,-0.691895,0.966797,-3.23486,2.99072,-28.0762,1
1864.17,0.201172,-0.774414,0.962402,-2.80762,3.41797,-27.8931,1
1864.18,0.191895,-0.799316,1.0625,-1.83105,3.60107,-27.8931,1
1864.19,0.163574,-0.694336,1.04932,-1.58691,3.72314,-28.0151,1
1864.2,0.172852,-0.6875,1.00684,-2.2583,3.96729,-28.1982,1
1864.21,0.198242,-0.839844,0.93457,-1.40381,4.08936,-27.9541,1
1864.22,0.19873,-0.700684,0.912598,-0.0610352,4.3335,-28.0151,1
1864.23,0.183594,-0.719727,0.950684,-0.854492,4.45557,-28.1372,1
1864.24,0.148926,-0.800781,0.977539,0.305176,4.39453,-28.0762,1
1864.25,0.12793,-0.633301,0.950684,0.793457,4.3335,-28.2593,1
1864.26,0.129883,-0.727051,0.952637,-0.0610352,4.15039,-28.6865,1
1864.27,0.178223,-0.77832,0.919434,1.0376,4.02832,-28.5645,1
1864.28,0.178711,-0.742188,0.901367,1.09863,4.08936,-28.7476,1
1864.28,0.170898,-0.786621,0.958496,1.40381,3.96729,-28.9307,1
1864.29,0.139648,-0.780273,0.963379,1.70898,4.02832,-29.0527,1
1864.3,0.103516,-0.726074,1.00781,1.58691,3.78418,-29.1138,1
1864.31,0.110352,-0.710449,0.981445,0.549316,3.479,-29.48,1
1864.32,0.128906,-0.751953,0.911621,0.793457,3.17383,-29.3579,1
1864.33,0.152344,-0.685547,0.963867,1.0376,3.41797,-29.48,1
1864.34,0.159668,-0.702637,0.927246,0.488281,3.23486,-29.541,1
1864.35,0.147461,-0.825195,0.915039,1.09863,3.35693,-29.48,1
1864.36,0.0986328,-0.693359,0.919434,1.52588,3.11279,-29.6631,1
1864.37,0.0883789,-0.716797,0.909668,0.366211,3.05176,-29.9072,1
1864.38,0.0957031,-0.757324,0.918945,0.610352,2.74658,-30.0903,1
1864.39,0.119141,-0.703613,0.92627,0.183105,2.86865,-30.2124,1
1864.4,0.11084,-0.755371,0.932129,0.366211,2.62451,-29.9072,1
1864.41,0.114746,-0.730957,0.9375,0.488281,2.68555,-29.9072,1
1864.42,0.104004,-0.749512,0.879395,0.12207,2.62451,-29.9072,1
1864.43,0.14209,-0.766602,0.910645,0.0610352,2.50244,-29.9072,1
1864.44,0.158203,-0.792969,0.95752,0,2.2583,-29.9683,1
1864.45,0.185547,-0.77002,0.996094,-0.427246,2.0752,-30.2124,1
1864.46,0.195801,-0.759277,0.95752,-0.732422,2.13623,-29.9683,1
1864.47,0.165527,-0.788086,0.954102,-0.793457,2.19727,-29.6631,1
1864.48,0.125977,-0.767578,0.951172,-0.732422,2.01416,-29.7852,1
1864.49,0.0986328,-0.753906,1.00098,-0.671387,2.2583,-29.6021,1
1864.5,0.081543,-0.763672,1.06934,-0.793457,2.2583,-29.7852,1
1864.51,0.133789,-0.811523,1.02979,-0.549316,1.89209,-29.541,1
1864.52,0.17041,-0.850098,1.0249,-0.0610352,1.95312,-29.2969,1
1864.53,0.186523,-0.78418,1.00488,0.732422,1.89209,-29.0527,1
1864.54,0.180176,-0.813477,0.969238,0.732422,1.77002,-29.1748,1
1864.55,0.234375,-0.845215,0.952637,2.13623,1.46484,-28.9917,1
1864.56,0.25,-0.700684,0.927246,2.0752,1.2207,-29.1748,1
1864.57,0.245117,-0.849121,0.949219,1.46484,0.732422,-28.8696,1
1864.57,0.188965,-0.741211,0.964844,2.44141,0.488281,-28.5645,1
1864.58,0.179199,-0.652344,0.980957,1.09863,0.427246,-28.2593,1
1864.59,0.134277,-0.913086,0.955078,1.15967,0.549316,-28.1982,1
1864.6,0.175781,-0.775879,0.98877,2.74658,0.549316,-28.1982,1
1864.61,0.198242,-0.612793,0.981445,1.09863,0.427246,-28.5645,1
1864.62,0.266113,-0.82959,1.02393,0.793457,0.427246,-28.1982,1
1864.63,0.284668,-0.769043,0.996582,2.56348,-0.0610352,-27.832,1
1864.64,0.286621,-0.703613,0.992676,2.0752,-0.549316,-27.5879,1
1864.65,0.240723,-0.851562,0.96875,2.44141,-0.854492,-27.2827,1
1864.66,0.22168,-0.808594,1.00098,3.05176,-0.732422,-27.2217,1
1864.67,0.241699,-0.699707,1.03467,1.89209,-0.427246,-27.4658,1
1864.68,0.259766,-0.858398,1.02246,1.64795,-0.549316,-27.0386,1
1864.69,0.261719,-0.760742,0.982422,3.23486,-1.15967,-26.4893,1
1864.7,0.260254,-0.722656,0.989746,2.2583,-1.09863,-26.4282,1
1864.71,0.266113,-0.79248,1.05811,2.50244,-0.732422,-26.6113,1
1864.72,0.29248,-0.741211,1.01123,3.23486,-0.610352,-26.001,1
1864.73,0.277344,-0.79541,1.00049,3.35693,-0.671387,-25.5737,1
1864.74,0.301758,-0.748535,1.0415,3.41797,-0.610352,-25.9399,1
1864.75,0.350586,-0.785156,1.03223,3.35693,-0.366211,-25.7568,1
1864.76,0.244629,-0.719238,1.02393,3.60107,-0.427246,-25.5127,1
1864.77,0.211914,-0.800781,0.996582,2.31934,-0.427246,-25.4517,1
1864.78,0.234375,-0.791504,0.976562,3.60107,-0.305176,-25.4517,1
1864.79,0.219238,-0.600586,1.03662,3.11279,-0.305176,-25.5127,1
1864.8,0.247559,-0.741699,1.00244,2.19727,-0.671387,-25.3906,1
1864.81,0.275391,-0.719727,0.976562,3.72314,-0.671387,-25.0244,1
1864.82,0.223145,-0.657227,0.959473,3.66211,-0.12207,-25.2075,1
1864.83,0.251953,-0.884277,0.903809,3.84521,-0.12207,-25.1465,1
1864.84,0.211914,-0.773926,0.974121,5.06592,-0.12207,-25.0244,1
1864.85,0.186523,-0.634277,1.03076,3.2959,-0.12207,-25.3906,1
1864.86,0.177246,-0.800781,1.01367,2.99072,0.366211,-25.3906,1
1864.87,0.20166,-0.719727,1.00098,3.96729,0.610352,-25.2075,1
1864.88,0.244629,-0.64502,0.961426,2.80762,0.671387,-25.4517,1
1864.89,0.224609,-0.782715,0.933105,2.56348,0.549316,-25.2686,1
1864.9,0.206055,-0.696777,0.999512,3.17383,0.854492,-25.3906,1
1864.91,0.238281,-0.679199,1.00342,2.01416,0.732422,-25.6958,1
1864.92,0.21582,-0.745605,1.01123,2.2583,0.610352,-25.5737,1
1864.93,0.242676,-0.711914,1.00244,2.0752,0.366211,-25.6958,1
1864.93,0.251465,-0.6875,0.945312,1.52588,0.244141,-25.9399,1
1864.94,0.245117,-0.72998,0.958496,1.15967,0.488281,-26.062,1
1864.95,0.224609,-0.709473,0.975098,1.77002,0.488281,-26.123,1
1864.96,0.259766,-0.69043,0.983887,2.13623,0.427246,-26.123,1
1864.97,0.295898,-0.683105,0.968262,1.83105,0.427246,-26.3062,1
1864.98,0.277344,-0.782715,0.989746,1.58691,0.427246,-26.4282,1
1864.99,0.23291,-0.726074,1.00244,1.95312,0.488281,-26.2451,1
1865,0.212402,-0.681641,0.971191,1.09863,0.305176,-26.4893,1
1865.01,0.29834,-0.800781,0.933105,1.58691,0.183105,-26.6724,1
1865.02,0.332031,-0.680176,1.0166,1.83105,0.366211,-27.0386,1
1865.03,0.279297,-0.696777,0.998047,0.671387,0.244141,-26.8555,1
1865.04,0.209473,-0.75,0.999023,1.28174,0.183105,-26.3062,1
1865.05,0.227539,-0.719727,1.01416,0.793457,0.244141,-26.4893,1
1865.06,0.318848,-0.763672,0.97998,0.305176,0.366211,-26.6724,1
1865.07,0.335938,-0.705078,1.03174,0,0.549316,-26.7334,1
1865.08,0.288086,-0.761719,1.02441,-0.793457,0.244141,-26.6113,1
1865.09,0.265137,-0.743164,0.984375,0.0610352,0.183105,-26.4893,1
1865.1,0.263672,-0.716797,1.00391,-0.0610352,0.610352,-26.6113,1
1865.11,0.282227,-0.811035,1.04639,0.244141,0.610352,-26.6113,1
1865.12,0.269043,-0.692383,1.00635,0.610352,0.549316,-26.3672,1
1865.13,0.269531,-0.710449,0.946777,0,0.549316,-26.1841,1
1865.14,0.217773,-0.796875,0.951172,0.305176,0.549316,-26.4282,1
1865.15,0.22998,-0.706543,0.953125,1.28174,0.671387,-26.4282,1
1865.16,0.283691,-0.643555,1.01562,1.46484,0.732422,-26.3062,1
1865.17,0.285645,-0.814941,0.995117,1.46484,0.671387,-26.123,1
1865.18,0.219727,-0.770996,0.935059,2.92969,0.732422,-25.6958,1
1865.19,0.181152,-0.706055,0.963379,2.38037,1.2207,-25.7568,1
1865.2,0.262695,-0.849609,0.99707,2.13623,1.0376,-25.8789,1
1865.21,0.271484,-0.67334,0.992676,2.31934,1.09863,-25.7568,1
1865.22,0.249512,-0.650391,0.94873,0.793457,1.15967,-25.5737,1
1865.23,0.224121,-0.808594,0.923828,1.2207,1.34277,-25.2686,1
1865.24,0.233887,-0.683594,0.956055,1.83105,1.52588,-25.2075,1
1865.24,0.262695,-0.759766,1.01416,0.610352,1.70898,-25.2075,1
1865.25,0.259766,-0.781738,1.02832,1.40381,1.52588,-24.9634,1
1865.26,0.213867,-0.644043,1.01904,1.2207,1.58691,-24.9023,1
1865.27,0.226074,-0.758301,0.951172,1.34277,1.58691,-24.7192,1
1865.28,0.277832,-0.708984,0.91748,1.89209,1.77002,-24.8413,1
1865.29,0.326172,-0.764648,0.97998,1.34277,1.77002,-24.7192,1
1865.3,0.250977,-0.749023,1.02979,1.64795,1.64795,-24.4141,1
1865.31,0.214355,-0.712891,1.00244,1.15967,1.34277,-24.292,1
1865.32,0.273926,-0.70752,0.971191,1.58691,1.34277,-24.1699,1
1865.33,0.282715,-0.657715,1.00342,1.70898,1.58691,-24.231,1
1865.34,0.300781,-0.76709,1.00049,2.01416,1.34277,-24.0479,1
1865.35,0.323242,-0.660645,0.97998,3.2959,1.15967,-23.9868,1
1865.36,0.310059,-0.681152,0.930176,2.74658,0.976562,-23.8647,1
1865.37,0.305176,-0.753906,0.99707,3.66211,0.610352,-23.7427,1
1865.38,0.281738,-0.616211,1.04443,3.66211,0.549316,-23.4985,1
1865.39,0.274902,-0.709961,0.970215,3.2959,0.244141,-23.1934,1
1865.4,0.25293,-0.644531,0.870605,4.39453,0,-22.9492,1
1865.41,0.333008,-0.580078,0.902832,3.96729,-0.0610352,-22.8271,1
1865.42,0.397461,-0.63916,0.975098,4.08936,0.12207,-22.583,1
1865.43,0.374512,-0.671875,0.996582,3.96729,0.0610352,-22.0947,1
1865.44,0.288086,-0.65918,0.967773,3.90625,-0.183105,-21.6064,1
1865.45,0.253906,-0.641602,0.916016,3.2959,-0.427246,-21.3013,1
1865.46,0.36084,-0.64502,0.949219,3.479,-0.427246,-21.0571,1
1865.47,0.401855,-0.544434,1.01611,3.17383,-0.0610352,-20.6909,1
1865.48,0.339355,-0.662109,1.02002,2.80762,-0.0610352,-19.8364,1
1865.49,0.280762,-0.608398,0.99707,4.02832,0.0610352,-19.2261,1
1865.5,0.318848,-0.554688,0.996582,3.2959,0.244141,-18.9209,1
1865.51,0.369141,-0.638672,1.02979,4.08936,0.305176,-18.1885,1
1865.52,0.356934,-0.532227,1.06201,4.5166,0.488281,-17.5171,1
1865.53,0.336426,-0.595215,0.999512,4.3335,0.671387,-16.7847,1
1865.54,0.31543,-0.553711,0.973145,5.7373,1.09863,-15.9302,1
1865.55,0.322754,-0.534668,0.975098,5.61523,1.58691,-15.1367,1
1865.56,0.334961,-0.470215,0.966309,6.40869,1.89209,-14.3433,1
1865.57,0.324707,-0.4375,0.960938,6.22559,2.2583,-13.5498,1
1865.58,0.296875,-0.438477,0.900879,6.65283,2.44141,-12.8174,1
1865.59,0.263184,-0.318848,0.811523,6.46973,2.56348,-12.0239,1
1865.6,0.247559,-0.391113,0.833008,6.65283,2.92969,-11.1084,1
1865.61,0.204102,-0.240234,0.88623,7.32422,3.2959,-10.1318,1
1865.62,0.15625,-0.217285,0.942871,6.7749,3.72314,-9.15527,1
1865.63,0.10791,-0.307129,0.94873,7.93457,3.96729,-7.8125,1
1865.64,0.0854492,-0.208984,0.86377,8.97217,4.02832,-7.01904,1
1865.64,0.0551758,-0.112305,0.833008,9.39941,4.21143,-6.10352,1
1865.65,0.065918,-0.157715,0.888672,9.76562,4.69971,-5.00488,1
1865.66,0.0566406,-0.109863,0.884277,11.2305,5.00488,-3.90625,1
1865.67,0.0307617,-0.00830078,0.881836,11.7798,5.5542,-2.74658,1
1865.68,0.0131836,-0.0488281,0.869629,12.146,5.61523,-1.52588,1
1865.69,0.00146484,-0.0244141,0.838867,13.0615,5.67627,-0.366211,1
1865.7,-0.00927734,0.0717773,0.838379,13.6108,5.92041,0.671387,1
1865.71,0,0.150879,0.836426,13.4888,5.98145,1.70898,1
1865.72,0.0219727,0.189453,0.83252,12.7563,5.43213,2.80762,1
1865.73,0.00878906,0.15625,0.867676,12.5732,5.12695,4.02832,1
1865.74,0,0.259277,0.87793,12.8174,4.63867,5.24902,1
1865.75,0.00683594,0.300781,0.878418,11.8408,4.3335,6.34766,1
1865.76,0.0141602,0.271484,0.908691,11.5967,3.54004,7.50732,1
1865.77,0.0668945,0.260742,0.990723,11.9629,3.17383,8.54492,1
1865.78,0.0166016,0.313965,0.983398,12.8174,2.74658,9.82666,1
1865.79,0.0854492,0.407227,1.03906,12.3291,2.0752,10.5591,1
1865.8,0.0820312,0.299316,1.0376,11.4136,2.31934,11.2915,1
1865.81,0.0932617,0.270508,1.06836,13.2446,2.01416,12.8784,1
1865.82,0.0561523,0.496094,1.12598,12.9395,1.77002,13.4277,1
1865.83,0.0444336,0.389648,1.12744,11.7188,1.46484,14.1602,1
1865.84,0.0410156,0.314453,1.07324,13.3057,1.64795,15.5029,1
1865.85,0.0678711,0.581543,1.01025,12.6953,1.58691,15.9302,1
1865.86,0.0966797,0.480469,1.05225,9.70459,1.34277,16.2964,1
1865.87,0.0996094,0.413574,1.05273,9.94873,0.976562,17.2119,1
1865.88,0.123047,0.62207,1.03662,8.42285,1.40381,17.4561,1
1865.89,0.10791,0.572754,0.996582,5.61523,1.34277,17.4561,1
1865.9,0.090332,0.554199,1.0542,4.88281,1.40381,18.2495,1
1865.91,0.0805664,0.657227,1.04199,3.96729,1.58691,18.3716,1
1865.92,0.078125,0.614258,1.04639,2.80762,1.64795,18.1885,1
1865.93,0.123047,0.59668,1.04785,3.05176,1.70898,18.5547,1
1865.94,0.105957,0.682129,1.04004,2.31934,1.95312,18.6157,1
1865.95,0.104492,0.689941,1.021,0.854492,2.0752,18.6768,1
1865.96,0.0854492,0.62207,1.03809,0.488281,1.95312,18.9819,1
1865.97,0.0449219,0.699219,1.09814,0.671387,1.95312,19.2261,1
1865.98,0.0507812,0.705078,1.07031,1.09863,2.19727,19.6533,1
1865.99,0.0556641,0.649902,1.04785,2.31934,2.38037,19.8975,1
1866,0.0805664,0.775879,1.00537,3.11279,2.56348,20.0806,1
1866,0.0600586,0.776367,1.02686,2.62451,2.56348,20.4468,1
1866.01,0.0400391,0.668457,1.04639,3.41797,2.19727,21.2402,1
1866.02,0.0146484,0.702148,0.981934,4.45557,2.01416,22.2168,1
1866.03,0.0195312,0.748535,0.97168,4.57764,2.0752,22.522,1
1866.04,0.0112305,0.702637,0.885742,4.76074,1.52588,23.3154,1
1866.05,0.0356445,0.76416,0.859863,4.21143,0.976562,23.9258,1
1866.06,0.0253906,0.701172,0.852539,3.35693,0.549316,24.7192,1
1866.07,0.0253906,0.646484,0.84082,4.08936,0.0610352,25.5127,1
1866.08,-0.00537109,0.776367,0.870117,4.15039,0.305176,26.1841,1
1866.09,-0.0146484,0.797852,0.972656,3.23486,-0.12207,27.0386,1
1866.1,0.00976562,0.715332,0.983887,1.64795,-0.671387,27.2217,1
1866.11,0.0361328,0.845215,0.915527,1.70898,-0.854492,28.1982,1
1866.12,0.0253906,0.83252,0.916992,0.0610352,-0.366211,28.3203,1
1866.13,0.0405273,0.82373,0.965332,-0.0610352,-0.610352,28.5645,1
1866.14,0.00830078,0.923828,1.05615,-0.0610352,-0.183105,28.5645,1
1866.15,0.00341797,0.849609,1.08838,-0.12207,0.488281,28.6865,1
1866.16,-0.00488281,0.810059,0.986328,0.732422,1.2207,28.8086,1
1866.17,0,0.910156,0.945801,0.549316,1.70898,28.5034,1
1866.18,0.00585938,0.904297,0.967773,-0.366211,2.01416,28.4424,1
1866.18,-0.0273438,0.902344,1.02734,-0.244141,2.50244,28.6255,1
1866.2,-0.0556641,0.878906,1.05371,0,2.86865,28.5034,1
1866.2,-0.0620117,0.813965,1.04736,0.305176,3.479,28.4424,1
1866.21,-0.0766602,0.743164,1.00684,2.13623,3.479,28.9307,1
1866.22,-0.027832,0.956543,0.855469,3.35693,4.02832,29.1748,1
1866.23,-0.0566406,0.936035,0.850586,2.01416,4.15039,28.8086,1
1866.24,-0.103516,0.825195,1.00439,2.38037,3.84521,29.541,1
1866.25,-0.135254,0.839844,1.0542,3.78418,4.02832,30.2124,1
1866.26,-0.158203,0.878418,0.99707,3.479,4.21143,30.2124,1
1866.27,-0.109375,0.826172,0.894043,3.84521,3.78418,30.9448,1
1866.28,-0.0507812,1.00244,0.908691,3.05176,3.479,31.0669,1
1866.29,-0.0742188,1.00293,0.968262,0.854492,3.66211,31.4941,1
1866.3,-0.0878906,0.716797,0.985352,0.915527,3.05176,32.5928,1
1866.31,-0.123535,0.875977,0.93457,2.13623,2.19727,32.8979,1
1866.32,-0.0961914,0.955078,0.875,0.793457,2.13623,33.0811,1
1866.33,-0.0112305,0.837402,0.878418,0.549316,1.83105,33.6304,1
1866.34,-0.0317383,0.915039,0.934082,-0.549316,1.64795,33.7524,1
1866.35,-0.11084,0.929688,0.958496,-0.610352,1.15967,34.4849,1
1866.36,-0.100098,0.878906,0.932129,-0.976562,0.915527,34.4238,1
1866.37,-0.0727539,0.980469,0.899414,0.12207,0.366211,35.4614,1
1866.38,-0.0791016,0.902344,0.92334,-0.610352,0.671387,35.1562,1
1866.39,-0.128906,0.911133,0.966309,0.976562,0,35.8887,1
1866.4,-0.0908203,0.941895,1.04053,0.732422,0.793457,35.2783,1
1866.41,-0.0864258,0.994141,1.00146,2.31934,0.915527,35.7666,1
1866.42,-0.0234375,0.921875,1.0166,2.31934,1.40381,34.79,1
1866.43,-0.00292969,1.11572,1.0542,4.45557,1.64795,35.1562,1
1866.44,-0.0507812,0.949707,1.0127,2.44141,2.80762,34.3628,1
1866.45,-0.0947266,0.907715,0.900391,4.88281,2.44141,35.1562,1
1866.46,-0.0859375,1.03613,0.947754,3.90625,3.11279,34.1187,1
1866.47,-0.0180664,0.965332,0.982422,3.78418,2.92969,34.6069,1
1866.48,-0.0810547,0.918945,1.04688,3.479,3.479,34.1797,1
1866.49,-0.0458984,1.09619,1.00342,2.56348,3.2959,34.2407,1
1866.5,-0.0322266,0.958984,0.908203,0.549316,3.54004,34.1187,1
1866.51,-0.0180664,0.880371,0.866699,0.427246,2.86865,34.4849,1
1866.52,0.00488281,1.01807,0.869629,-0.427246,2.31934,34.4238,1
1866.53,0.046875,0.925293,0.928223,-2.74658,2.56348,34.4849,1
1866.54,0.015625,0.819824,0.868652,-1.89209,2.01416,35.2783,1
1866.54,0.00732422,1.07617,0.873047,-2.74658,2.19727,34.79,1
1866.55,-0.00830078,0.975098,0.88623,-4.82178,1.58691,34.2407,1
1866.56,-0.0556641,0.868652,0.940918,-2.99072,1.64795,35.4614,1
1866.57,0.00390625,1.04883,0.914551,-4.27246,1.28174,34.668,1
1866.58,-0.0102539,0.879395,0.872559,-5.79834,0.915527,34.668,1
1866.59,-0.043457,0.858887,0.893066,-3.78418,0.732422,35.2783,1
1866.6,0.0263672,1.06787,0.880859,-3.60107,0.732422,35.0952,1
1866.61,-0.0107422,0.900879,0.876953,-3.78418,0.610352,34.729,1
1866.62,0.0102539,0.788574,0.944336,-1.52588,0.549316,35.0342,1
1866.63,0.03125,1.04688,0.809082,0.488281,0.549316,34.729,1
1866.64,-0.0302734,0.972656,0.931152,-0.183105,0.976562,34.5459,1
1866.65,0.00244141,0.824219,0.933105,1.34277,0.549316,33.9966,1
1866.66,0.0263672,1.06738,0.990723,2.0752,1.58691,34.0576,1
1866.67,0.0605469,1.22412,0.993652,0.671387,1.28174,33.0811,1
1866.68,0.0131836,0.821289,1.07617,0.976562,1.89209,32.8979,1
1866.69,-0.074707,1.06201,0.954102,4.08936,2.01416,32.959,1
1866.7,-0.00683594,1.14551,0.962891,2.19727,2.80762,32.1655,1
1866.71,0.0507812,0.85498,0.995605,2.68555,2.38037,32.5928,1
1866.72,0.0361328,0.996582,1.07227,3.2959,2.13623,31.9824,1
1866.73,0.0556641,1.18896,0.941895,1.34277,1.58691,32.1655,1
1866.74,0.00341797,0.797363,0.970703,-0.244141,2.74658,31.7383,1
1866.75,0.0351562,1.13818,0.922363,0.427246,2.01416,32.1045,1
1866.76,9.765625e-04,1.00781,0.992676,-4.39453,2.86865,31.6162,1
1866.77,0.0791016,0.827148,0.869629,-1.77002,1.89209,32.2266,1
1866.78,0.0507812,1.1543,0.91748,-0.915527,2.68555,31.9824,1
1866.79,0.0224609,0.872559,0.98291,-1.46484,2.56348,31.25,1
1866.8,0.050293,0.827637,0.941895,1.46484,1.95312,31.4941,1
1866.81,0,1.05957,0.932129,0.488281,2.80762,31.1279,1
1866.82,4.882812e-04,0.981934,0.873047,-1.52588,2.13623,30.8228,1
1866.83,-0.0317383,0.969727,0.922852,-0.915527,2.50244,31.5552,1
1866.84,-0.0078125,0.874023,0.963867,-2.13623,2.31934,31.4941,1
1866.85,0.101562,0.933594,0.832031,-1.70898,1.52588,31.6772,1
1866.86,0.0419922,0.858887,0.889648,-1.77002,1.77002,31.5552,1
1866.87,0.0175781,0.879883,0.911621,-0.0610352,1.46484,31.25,1
1866.88,0.0488281,1.21094,0.925293,-0.366211,2.01416,30.8838,1
1866.88,-0.0341797,0.943848,0.974609,-3.23486,2.56348,30.8838,1
1866.89,0.0151367,0.937988,0.98291,-0.0610352,1.64795,31.189,1
1866.9,0.00732422,1.1626,1.03125,-2.50244,1.95312,30.5786,1
1866.91,0.019043,0.806152,0.999023,-2.86865,1.83105,30.5786,1
1866.92,0.0532227,0.903809,0.939453,-1.2207,1.83105,31.0669,1
1866.93,-0.0126953,1.08887,0.941895,-3.41797,1.89209,30.9448,1
1866.94,0.0375977,0.826172,0.790527,-4.02832,0.915527,30.9448,1
1866.95,0.0273438,0.929688,0.890625,-0.732422,1.28174,31.311,1
1866.96,-0.0239258,1.15771,0.914551,-1.15967,0.427246,30.5176,1
1866.97,-0.0922852,0.770996,1.08252,-1.46484,1.15967,30.6396,1
1866.98,-0.0214844,0.880371,0.936523,1.28174,0.366211,30.8228,1
1866.99,-0.00683594,1.16602,0.917969,-0.915527,0.732422,30.7007,1
1867,0.0244141,0.866699,0.861816,-2.56348,0.610352,30.3955,1
1867.01,-0.027832,0.822754,0.92627,1.0376,1.0376,30.8228,1
1867.02,-0.0551758,1.16699,1.01221,0.488281,1.34277,29.7852,1
1867.03,-0.043457,0.716797,1.03955,-0.427246,0.976562,29.6631,1
1867.04,-0.0517578,0.963867,0.931152,2.92969,0.976562,29.4189,1
1867.05,-0.0708008,1.23047,0.911621,-0.976562,1.95312,28.2593,1
1867.06,-0.158691,0.818359,0.943359,-2.38037,2.62451,27.8931,1
1867.07,-0.113281,0.92627,1.12256,-0.427246,2.99072,27.9541,1
1867.08,-0.0405273,1.0957,1.05908,-2.13623,3.11279,27.1606,1
1867.09,-0.101562,0.806641,0.958984,-4.08936,3.479,27.0386,1
1867.1,-0.107422,0.908691,0.856445,-3.72314,2.86865,26.7944,1
1867.11,-0.15918,1.01807,0.912598,-7.01904,3.54004,26.1841,1
1867.12,-0.108887,0.756836,0.977051,-7.14111,3.17383,26.4282,1
1867.13,-0.0634766,1.00244,0.93457,-6.16455,3.11279,25.8789,1
1867.14,-0.0942383,0.965332,1.04248,-8.36182,3.479,25.3906,1
1867.15,-0.123535,0.709473,0.952637,-8.17871,3.2959,25.5127,1
1867.16,-0.108398,0.896484,0.882324,-8.8501,3.2959,25.2686,1
1867.17,-0.112305,0.723145,0.824707,-9.82666,2.99072,25.5737,1
1867.17,-0.0698242,0.753906,0.812012,-8.17871,2.38037,25.3296,1
1867.18,-0.0981445,0.784668,0.847656,-8.36182,2.31934,25.0854,1
1867.19,-0.117188,0.605957,0.900391,-6.89697,1.34277,24.7803,1
1867.2,-0.113281,0.674316,0.916504,-5.85938,1.77002,24.5361,1
1867.21,-0.107422,0.769531,0.822754,-5.85938,1.64795,23.8037,1
1867.22,-0.0966797,0.60791,0.891113,-6.22559,1.77002,23.2544,1
1867.23,-0.0810547,0.708984,0.868652,-3.84521,1.0376,22.8271,1
1867.24,-0.0786133,0.779297,0.946289,-3.84521,1.70898,21.8506,1
1867.25,-0.116699,0.54541,0.960449,-3.54004,1.34277,20.6299,1
1867.26,-0.0737305,0.747559,0.88916,-3.2959,1.64795,19.5312,1
1867.27,-0.145508,0.644531,0.901855,-5.37109,2.56348,18.1885,1
1867.28,-0.0864258,0.650391,0.980469,-5.00488,2.01416,16.5405,1
1867.29,-0.0874023,0.678711,1.0166,-5.85938,2.74658,15.625,1
1867.3,-0.0942383,0.636719,1.11475,-5.85938,2.80762,14.3433,1
1867.31,-0.0942383,0.686035,1.02393,-7.20215,2.99072,12.3291,1
1867.32,-0.120605,0.583008,0.920898,-7.26318,3.17383,11.3525,1
1867.33,-0.131836,0.567871,0.974609,-7.44629,3.23486,9.46045,1
1867.34,-0.100586,0.583984,1.05713,-7.69043,2.92969,8.36182,1
1867.35,-0.0712891,0.530273,1.02783,-7.8125,3.05176,7.50732,1
1867.36,-0.0742188,0.517578,0.930176,-7.20215,2.68555,6.46973,1
1867.37,-0.0644531,0.458984,0.862793,-6.22559,2.13623,5.06592,1
1867.38,-0.105469,0.401855,0.898926,-4.45557,2.31934,4.21143,1
1867.39,-0.125977,0.414551,0.969238,-3.41797,1.58691,3.54004,1
1867.4,-0.14209,0.393066,0.923828,-3.41797,1.34277,2.86865,1
1867.41,-0.105957,0.449219,0.871094,-3.72314,0.732422,2.50244,1
1867.42,-0.11377,0.331055,0.899902,-3.96729,0.549316,2.0752,1
1867.43,-0.0913086,0.389648,0.996094,-3.72314,-0.427246,1.70898,1
1867.44,-0.131836,0.324707,0.973633,-4.76074,-0.549316,1.46484,1
1867.45,-0.159668,0.277344,1.01123,-4.3335,-1.40381,1.64795,1
1867.46,-0.155273,0.472656,0.950195,-5.67627,-1.64795,0.854492,1
1867.46,-0.181641,0.259766,1.01953,-7.69043,-0.976562,0.305176,1
1867.47,-0.168457,0.214355,1.11035,-6.5918,-1.15967,0.793457,1
1867.48,-0.224121,0.355957,1.06641,-7.99561,-0.854492,0.183105,1
1867.49,-0.200684,0.155273,1.01318,-9.09424,-0.976562,0.244141,1
1867.5,-0.182617,0.15918,0.962402,-8.30078,-0.976562,-0.0610352,1
1867.51,-0.15625,0.211914,1.01611,-9.27734,-0.305176,-1.09863,1
1867.52,-0.179199,-0.0478516,1.0625,-8.97217,0.244141,-1.0376,1
1867.53,-0.200684,0.0327148,1.07764,-7.56836,0.366211,-0.976562,1
1867.54,-0.24707,0.0419922,0.912109,-8.60596,0.732422,-2.01416,1
1867.55,-0.224609,-0.0351562,0.863281,-8.05664,0.183105,-1.89209,1
1867.56,-0.213379,0.0107422,0.911133,-8.17871,0.610352,-2.68555,1
1867.57,-0.199707,-0.105469,0.990234,-9.0332,0.549316,-3.23486,1
1867.58,-0.19873,-0.19873,0.975098,-8.78906,0.793457,-3.66211,1
1867.59,-0.229004,-0.171387,0.964355,-8.11768,0.671387,-3.84521,1
1867.6,-0.193359,-0.0546875,0.978516,-9.09424,0.366211,-5.12695,1
1867.61,-0.181152,-0.151855,0.940918,-10.376,0.915527,-5.98145,1
1867.62,-0.148438,-0.258301,0.967773,-9.21631,1.28174,-5.85938,1
1867.63,-0.215332,-0.181641,1.01172,-9.0332,1.64795,-6.7749,1
1867.64,-0.205078,-0.200684,1.03174,-9.8877,1.58691,-7.44629,1
1867.65,-0.249023,-0.375488,1.03564,-8.97217,1.95312,-7.50732,1
1867.66,-0.211914,-0.229004,1.04346,-7.93457,1.46484,-8.23975,1
1867.67,-0.210938,-0.293945,1.00342,-8.91113,2.01416,-9.46045,1
1867.68,-0.221191,-0.40332,0.994629,-7.32422,1.70898,-9.46045,1
1867.69,-0.239746,-0.347656,0.92041,-6.28662,1.34277,-9.94873,1
1867.7,-0.229004,-0.418945,0.929688,-4.76074,0.976562,-10.3149,1
1867.71,-0.24707,-0.412598,1.03662,-2.74658,0.549316,-10.9253,1
1867.72,-0.197266,-0.392578,1.06104,-2.0752,0.488281,-11.9629,1
1867.73,-0.209473,-0.453125,0.988281,-1.09863,0.244141,-11.9629,1
1867.74,-0.264648,-0.49707,0.978027,-0.0610352,-0.366211,-12.6953,1
1867.75,-0.222656,-0.461914,1.01514,0,-0.488281,-13.6719,1
1867.76,-0.252441,-0.507812,1.07764,0.427246,-0.0610352,-13.855,1
1867.77,-0.249023,-0.489746,1.0791,0.549316,-0.305176,-14.3433,1
1867.78,-0.223633,-0.388672,1.0498,-0.244141,-0.0610352,-14.8315,1
1867.79,-0.228027,-0.410156,1.11084,-2.44141,0.549316,-15.7471,1
1867.79,-0.224121,-0.571777,1.09863,-2.80762,0.366211,-15.9302,1
1867.8,-0.216309,-0.523926,1.06348,-1.46484,0.305176,-15.8081,1
1867.81,-0.206055,-0.440918,1.03955,-2.50244,0.0610352,-17.0898,1
1867.82,-0.19043,-0.513184,1.05273,-3.54004,0.183105,-17.9443,1
1867.83,-0.200684,-0.515137,1.07715,-3.479,0.732422,-17.9443,1
1867.84,-0.206055,-0.48584,1.104,-3.66211,0.732422,-18.7378,1
1867.85,-0.187012,-0.623047,1.05518,-3.41797,0.671387,-19.2871,1
1867.86,-0.124023,-0.534668,0.941895,-1.52588,0.366211,-18.9209,1
1867.87,-0.120117,-0.467773,0.939941,-1.95312,0.854492,-20.0806,1
1867.88,-0.144531,-0.62207,0.940918,-1.0376,0.610352,-20.1416,1
1867.89,-0.149414,-0.521484,0.945801,0.244141,0.610352,-20.2026,1
1867.9,-0.151855,-0.579102,0.952148,-0.366211,0.854492,-21.3013,1
1867.91,-0.14209,-0.663574,0.947266,1.09863,0.427246,-20.874,1
1867.92,-0.150391,-0.499023,0.983398,2.0752,0.671387,-21.1792,1
1867.93,-0.111328,-0.609375,0.935547,1.46484,0.427246,-21.7896,1
1867.94,-0.132324,-0.603027,0.854004,3.41797,0.366211,-21.3623,1
1867.95,-0.130371,-0.564453,0.820801,2.44141,0.671387,-22.3999,1
1867.96,-0.145508,-0.614258,0.885742,2.80762,0.183105,-22.0947,1
1867.97,-0.146484,-0.591797,0.935547,1.83105,0,-22.7661,1
1867.98,-0.125488,-0.598633,0.94043,1.40381,0,-22.8271,1
1867.99,-0.161621,-0.537598,0.906738,0,0.427246,-23.1934,1
1868,-0.138184,-0.653809,0.879883,-2.0752,1.09863,-23.5596,1
1868.01,-0.140625,-0.657715,0.937988,-2.80762,1.2207,-23.4375,1
1868.02,-0.117188,-0.505859,1.02686,-5.06592,1.40381,-24.353,1
1868.03,-0.109863,-0.668457,1.00244,-6.5918,1.83105,-24.292,1
1868.03,-0.181152,-0.645996,0.963867,-5.24902,2.38037,-23.7427,1
1868.04,-0.185547,-0.525879,0.925781,-7.26318,2.68555,-24.9023,1
1868.05,-0.167969,-0.821289,0.929688,-7.08008,3.2959,-25.2075,1
1868.06,-0.145996,-0.692871,0.976562,-4.63867,3.41797,-25.2686,1
1868.07,-0.190918,-0.635254,0.992188,-5.98145,3.2959,-26.4282,1
1868.08,-0.166504,-0.772949,0.995117,-5.18799,2.68555,-26.4893,1
1868.09,-0.185547,-0.649414,0.969727,-5.00488,3.17383,-26.9775,1
1868.1,-0.145996,-0.678711,1.00537,-6.53076,3.11279,-28.1372,1
1868.11,-0.136719,-0.924805,1.01953,-5.18799,2.74658,-27.9541,1
1868.12,-0.200684,-0.742188,0.913086,-2.2583,2.62451,-28.1372,1
1868.13,-0.193848,-0.617676,0.929199,-3.96729,2.38037,-29.9072,1
1868.14,-0.208984,-0.909668,1.01318,-2.68555,2.50244,-29.7241,1
1868.15,-0.140137,-0.729004,1.01855,-0.976562,1.77002,-30.2124,1
1868.16,-0.151855,-0.722168,0.95459,-2.92969,1.40381,-31.4941,1
1868.17,-0.137695,-0.954102,0.879883,-1.40381,0.488281,-31.311,1
1868.18,-0.182617,-0.774902,0.970215,0.0610352,0.976562,-32.0435,1
1868.19,-0.219727,-0.632812,1.05859,-1.95312,0.549316,-33.0811,1
1868.2,-0.198242,-0.867188,1.03418,-2.99072,0.244141,-33.3862,1
1868.21,-0.200195,-0.837891,0.966309,-0.976562,-0.488281,-32.7148,1
1868.22,-0.17334,-0.721191,0.943359,-2.62451,-0.183105,-33.6914,1
1868.23,-0.171875,-0.973145,1.00195,-3.11279,-0.305176,-34.0576,1
1868.24,-0.161621,-0.877441,1.04785,-0.732422,-0.183105,-33.3252,1
1868.25,-0.165039,-0.589355,1.03369,-1.89209,-0.183105,-34.0576,1
1868.26,-0.208984,-0.965332,0.992676,-3.35693,-0.488281,-34.1187,1
1868.27,-0.175293,-0.991699,0.9375,0,-0.793457,-33.5083,1
1868.28,-0.158691,-0.660156,0.963867,-0.305176,0,-34.1187,1
1868.29,-0.16748,-0.964355,1.05664,-1.95312,0.183105,-34.2407,1
1868.3,-0.132324,-0.852051,1.10693,0.12207,-0.0610352,-33.7524,1
1868.31,-0.120605,-0.740723,1.00586,-0.854492,0.366211,-33.7524,1
1868.32,-0.0893555,-1.04785,0.929199,0.12207,-0.0610352,-33.2642,1
1868.33,-0.121582,-0.885742,0.931152,2.19727,-0.488281,-33.3862,1
1868.33,-0.127441,-0.737793,0.995117,1.40381,-0.0610352,-33.6304,1
1868.34,-0.125,-0.90625,1.03809,1.28174,0,-33.9355,1
1868.35,-0.0708008,-0.840332,0.936035,3.35693,-0.427246,-32.8979,1
1868.36,-0.0380859,-0.793945,0.86377,2.80762,-0.244141,-33.3252,1
1868.37,-0.0415039,-0.966309,0.833984,3.05176,-0.732422,-33.3252,1
1868.38,-0.0214844,-0.854004,0.951172,3.96729,-0.305176,-33.2642,1
1868.39,-0.0463867,-0.711426,1.04736,2.0752,-0.915527,-33.2031,1
1868.4,-0.00341797,-0.860352,0.972168,0.732422,-0.976562,-32.8979,1
1868.41,0.0634766,-0.910645,0.83252,1.09863,-1.2207,-32.7148,1
1868.42,0.104004,-0.843262,0.904297,0.610352,-0.732422,-33.0811,1
1868.43,0.0761719,-0.871582,0.970703,-0.549316,-0.732422,-33.0811,1
1868.44,-0.0102539,-0.842773,1.04004,-0.0610352,-0.976562,-31.9214,1
1868.45,0.0146484,-0.734863,0.97168,-1.15967,-0.854492,-32.2876,1
1868.46,0.0722656,-0.895996,0.94043,-2.0752,-0.305176,-32.4097,1
1868.47,0.16748,-0.986816,0.939941,-0.0610352,-0.549316,-31.4941,1
1868.48,0.172852,-0.732422,0.94873,-0.427246,-0.610352,-31.8604,1
1868.49,0.121582,-0.896484,1.02783,-1.95312,-0.0610352,-31.6162,1
1868.5,0.0483398,-1.02539,1.05273,0.244141,0,-30.7007,1
1868.51,0.0561523,-0.661133,0.997559,0,0.305176,-31.0669,1
1868.52,0.133301,-0.839355,0.93457,-1.83105,-0.0610352,-31.189,1
1868.53,0.146484,-1.02246,1.03369,0.549316,0.0610352,-30.5176,1
1868.54,0.124023,-0.703125,1.02295,1.52588,0.366211,-30.5176,1
1868.55,0.0493164,-0.939941,1.05615,0.183105,0.732422,-30.5176,1
1868.56,0.0297852,-0.913574,0.952637,2.68555,0,-30.2734,1
1868.57,0.120605,-0.625977,0.932617,1.40381,0.305176,-31.1279,1
1868.58,0.148438,-0.969727,1.00879,0,-0.12207,-30.8838,1
1868.59,0.131348,-0.993652,1.07568,1.70898,-0.244141,-30.4565,1
1868.6,0.0556641,-0.723145,1.00977,0.915527,0,-30.8228,1
1868.61,0.0253906,-0.905762,0.979004,-0.244141,0.12207,-30.7007,1
1868.62,0.0771484,-0.850098,0.95166,1.15967,-0.305176,-30.9448,1
1868.63,0.145996,-0.725586,0.979004,0.0610352,0,-31.3721,1
1868.64,0.143066,-0.919434,0.975586,0.549316,-0.12207,-30.7617,1
1868.65,0.0620117,-0.90918,0.990723,1.40381,-0.488281,-31.1279,1
1868.66,0.0771484,-0.744629,0.967773,1.64795,-0.976562,-31.3721,1
1868.66,0.0927734,-0.838379,0.94873,1.15967,-0.488281,-31.5552,1
1868.67,0.0810547,-0.909668,0.990723,2.62451,-0.671387,-31.0669,1
1868.68,0.123047,-0.71875,0.970215,2.56348,-0.976562,-31.4331,1
1868.69,0.142578,-0.878418,0.930664,1.77002,-0.549316,-31.4331,1
1868.7,0.140137,-0.90625,0.885742,3.17383,-1.0376,-30.8228,1
1868.71,0.0849609,-0.785645,0.993164,2.38037,-0.732422,-31.311,1
1868.72,0.0864258,-0.893555,1.05078,2.19727,-0.183105,-30.9448,1
1868.73,0.128906,-0.767578,1.01514,2.74658,0.12207,-30.5176,1
1868.74,0.142578,-0.821777,0.891113,1.28174,0,-30.8228,1
1868.75,0.192871,-0.874023,0.888184,2.0752,-0.0610352,-30.2734,1
1868.76,0.139648,-0.725098,0.928223,1.40381,0.732422,-30.5786,1
1868.77,0.131836,-0.82959,0.962891,0.427246,0.915527,-30.2734,1
1868.78,0.140137,-0.762207,0.963867,1.09863,0.671387,-29.7852,1
1868.79,0.130371,-0.768066,0.905762,0.12207,0.976562,-29.9683,1
1868.8,0.148926,-0.905762,0.885742,1.15967,1.2207,-29.48,1
1868.81,0.143555,-0.775879,0.974121,1.89209,1.34277,-29.6021,1
1868.82,0.162598,-0.846191,0.933105,1.15967,1.70898,-29.6631,1
1868.83,0.205078,-0.869629,0.965332,2.2583,1.09863,-29.4189,1
1868.84,0.178711,-0.824219,1.06201,2.56348,1.77002,-29.4189,1
1868.85,0.15625,-0.862793,0.989258,2.80762,1.2207,-29.2358,1
1868.86,0.128906,-0.899414,0.930176,3.479,1.52588,-29.1748,1
1868.87,0.131348,-0.837891,0.958008,3.96729,1.40381,-29.1138,1
1868.88,0.155762,-0.748535,0.946289,3.23486,1.34277,-29.6631,1
1868.89,0.205078,-0.87207,1.01465,3.17383,1.52588,-29.6631,1
1868.9,0.23584,-0.835938,0.973145,4.27246,0.854492,-29.4189,1
1868.91,0.235352,-0.790039,0.909668,3.35693,0.915527,-29.7852,1
1868.92,0.180176,-0.880371,0.943359,3.41797,0.793457,-29.541,1
1868.93,0.165527,-0.759766,0.937012,3.54004,1.2207,-29.7852,1
1868.94,0.203125,-0.782715,0.911621,2.2583,1.0376,-30.2734,1
1868.95,0.248047,-0.802734,0.907715,2.50244,0.183105,-30.2734,1
1868.95,0.269043,-0.759766,0.938477,1.95312,0.366211,-30.3345,1
1868.96,0.185547,-0.768066,0.962402,1.64795,0.488281,-30.4565,1
1868.97,0.180664,-0.876953,0.976074,2.01416,0.427246,-30.1514,1
1868.98,0.190918,-0.851562,0.886719,2.74658,0.0610352,-30.0903,1
1868.99,0.223145,-0.754395,0.983887,1.52588,-0.244141,-31.0059,1
1869,0.282227,-0.864258,1.01709,0.854492,-0.12207,-30.8228,1
1869.01,0.260254,-0.820801,0.994141,1.28174,-0.12207,-30.3345,1
1869.02,0.186035,-0.873047,0.960449,0.366211,-0.183105,-30.5176,1
1869.03,0.196289,-0.95166,0.984863,1.70898,-0.183105,-29.9683,1
1869.04,0.189453,-0.695312,1.01221,2.01416,0.305176,-30.1514,1
1869.05,0.256836,-0.783691,0.971191,-0.366211,0.0610352,-30.7617,1
1869.06,0.260742,-0.958008,0.955078,0.793457,0.0610352,-29.8462,1
1869.07,0.20752,-0.768555,0.964355,0.854492,0.12207,-29.8462,1
1869.08,0.20166,-0.864258,0.993652,-0.366211,0.0610352,-29.7852,1
1869.09,0.208008,-0.853027,0.96875,0.671387,0,-29.4189,1
1869.1,0.208496,-0.753906,0.991211,0.488281,0.427246,-29.4189,1
1869.11,0.208496,-0.827148,0.990234,0.366211,0,-29.2969,1
1869.12,0.200684,-0.819336,0.97998,1.15967,0,-29.0527,1
1869.13,0.241699,-0.780273,0.946289,1.2207,0.366211,-28.9917,1
1869.14,0.203613,-0.793457,0.958008,1.40381,0.427246,-28.6255,1
1869.15,0.1875,-0.866699,0.989746,1.40381,0,-28.6865,1
1869.16,0.260254,-0.74707,0.9375,2.0752,-0.305176,-28.4424,1
1869.17,0.298828,-0.763184,0.955078,1.0376,0.0610352,-28.3203,1
1869.18,0.235352,-0.931641,1.03857,1.28174,0,-28.0151,1
1869.19,0.208008,-0.768066,1.02051,1.83105,0.0610352,-27.8931,1
1869.2,0.236816,-0.804199,0.956543,0.915527,0.183105,-27.5879,1
1869.21,0.313965,-0.828125,0.946289,1.58691,-0.12207,-27.2827,1
1869.22,0.317871,-0.759766,0.989746,0,0,-27.8931,1
1869.23,0.236328,-0.898438,1.01367,0.488281,0.366211,-27.0996,1
1869.24,0.191406,-0.791504,1.00293,1.2207,0.610352,-26.9165,1
1869.25,0.263184,-0.805664,0.955078,0.244141,0.12207,-27.2827,1
1869.26,0.322266,-0.847656,0.967285,0.488281,0.12207,-27.0386,1
1869.27,0.273926,-0.753906,1.06152,0,0.183105,-27.2827,1
1869.28,0.23584,-0.769531,0.984375,0.183105,0.610352,-26.6724,1
1869.29,0.244141,-0.792969,0.916504,0.0610352,0.366211,-27.0386,1
1869.3,0.265137,-0.862305,0.93457,0.427246,0.183105,-26.9165,1
1869.31,0.253906,-0.770508,1.04199,0.732422,0.305176,-27.0386,1
1869.32,0.265625,-0.789551,1.01514,0.183105,0.12207,-27.0386,1
1869.33,0.273438,-0.820312,0.924805,0.488281,0.0610352,-26.7334,1
1869.33,0.256348,-0.796387,0.95752,0,0.12207,-27.0386,1
1869.34,0.245117,-0.833008,1.05664,0.305176,-0.0610352,-27.1606,1
1869.35,0.291016,-0.72168,1.0459,0.244141,-0.427246,-27.1606,1
1869.36,0.318359,-0.77002,0.980957,0.183105,-0.183105,-26.7944,1
1869.37,0.311523,-0.82666,0.9375,0.671387,-0.183105,-26.8555,1
1869.38,0.310059,-0.775391,0.959473,1.40381,-0.183105,-26.8555,1
1869.39,0.28125,-0.799805,1.01221,1.83105,-0.0610352,-26.7944,1
1869.4,0.326172,-0.776855,1.01123,2.38037,-0.549316,-26.7334,1
1869.41,0.331055,-0.684082,0.997559,1.77002,-0.610352,-26.9165,1
1869.42,0.368164,-0.807617,0.999023,1.2207,-0.305176,-26.5503,1
1869.43,0.382812,-0.749023,0.95166,2.44141,-0.854492,-25.8789,1
1869.44,0.342773,-0.702637,0.92041,1.64795,-0.488281,-25.8789,1
1869.45,0.321777,-0.790039,0.959473,1.64795,-0.671387,-25.8179,1
1869.46,0.327148,-0.726562,1.06543,2.01416,-0.366211,-25.6348,1
1869.47,0.382812,-0.683594,1.06934,1.95312,-0.244141,-25.5737,1
1869.48,0.41748,-0.634766,0.966309,1.40381,-0.732422,-25.0854,1
1869.49,0.376465,-0.760742,0.921387,0.854492,-0.244141,-24.5972,1
1869.5,0.341797,-0.744629,1.04004,1.70898,-0.183105,-23.6206,1
1869.51,0.330566,-0.66748,1.10107,0.915527,0.0610352,-23.3765,1
1869.52,0.362305,-0.780273,1.06787,0.915527,-0.183105,-22.583,1
1869.53,0.322754,-0.749512,1.01953,2.01416,0,-21.7285,1
1869.54,0.296387,-0.587891,0.981445,1.89209,0.305176,-21.3623,1
1869.55,0.352539,-0.644531,0.964355,1.09863,0.976562,-20.9961,1
1869.56,0.375488,-0.750488,0.981445,3.17383,1.09863,-19.7754,1
1869.57,0.359863,-0.582031,1.00439,4.5166,0.915527,-19.043,1
1869.58,0.302734,-0.606445,1.02344,4.02832,0.915527,-18.2495,1
1869.59,0.240234,-0.70166,1.00342,4.76074,0.976562,-16.9067,1
1869.6,0.230957,-0.548828,0.952637,5.00488,1.15967,-16.2354,1
1869.61,0.296875,-0.521973,0.875488,4.69971,0.854492,-15.686,1
1869.62,0.356445,-0.527832,0.907715,5.24902,0.610352,-14.5874,1
1869.62,0.336914,-0.42627,0.980469,5.24902,0.732422,-13.7939,1
1869.63,0.228516,-0.490234,1.00488,5.37109,1.28174,-12.6953,1
1869.64,0.171387,-0.469727,0.942871,7.08008,1.2207,-10.8643,1
1869.65,0.18457,-0.335938,0.866699,7.14111,1.2207,-9.94873,1
1869.66,0.214355,-0.393066,0.929688,6.89697,1.15967,-9.27734,1
1869.67,0.196289,-0.307129,1.00293,8.78906,1.40381,-7.62939,1
1869.68,0.125488,-0.185547,1.03369,9.0332,2.2583,-6.34766,1
1869.69,0.0317383,-0.255371,0.994141,9.52148,2.2583,-5.00488,1
1869.7,-0.0605469,-0.179199,0.864258,11.5967,2.86865,-2.86865,1
1869.71,-0.110352,-0.0556641,0.869629,12.6343,3.60107,-1.52588,1
1869.72,-0.0981445,-0.0507812,0.87793,13.4888,3.72314,-0.12207,1
1869.73,-0.0151367,0.0126953,0.928711,14.7705,4.02832,1.2207,1
1869.74,-0.019043,0.124023,0.895508,16.1133,4.69971,2.99072,1
1869.75,-0.140137,0.161621,0.880371,16.2964,4.5166,4.21143,1
1869.76,-0.219238,0.105469,0.830566,17.5171,4.63867,5.7373,1
1869.77,-0.285645,0.217285,0.815918,19.2871,5.12695,7.56836,1
1869.78,-0.254883,0.373047,0.891113,19.3481,5.24902,8.48389,1
1869.79,-0.275391,0.418945,0.875488,19.165,5.49316,9.52148,1
1869.8,-0.26709,0.446777,0.881836,20.6299,5.61523,11.9629,1
1869.81,-0.240723,0.438965,0.928223,20.752,4.76074,12.9395,1
1869.82,-0.148926,0.330078,0.920898,21.7285,4.45557,14.5264,1
1869.83,-0.18457,0.509766,0.925293,22.7661,4.82178,16.3574,1
1869.84,-0.200195,0.667969,0.981934,20.3247,4.39453,17.0898,1
1869.85,-0.225098,0.439941,0.994629,18.4326,4.3335,18.4326,1
1869.86,-0.226562,0.500488,0.988281,19.3481,3.84521,20.6299,1
1869.87,-0.193359,0.736816,0.97998,16.9678,3.35693,20.874,1
1869.88,-0.162109,0.658203,1.02197,14.7095,3.2959,22.0337,1
1869.89,-0.125977,0.714844,1.07422,13.916,3.05176,24.0479,1
1869.9,-0.137695,0.763672,1.12549,10.437,2.68555,24.231,1
1869.91,-0.132324,0.668457,1.14746,8.17871,1.70898,25.3296,1
1869.91,-0.172852,0.764648,1.12646,6.83594,1.70898,26.6724,1
1869.92,-0.176758,0.845703,1.15576,4.27246,1.34277,26.6724,1
1869.93,-0.15332,0.737793,1.16455,3.41797,1.52588,27.2217,1
1869.94,-0.102539,0.841797,1.14404,3.41797,1.40381,28.0151,1
1869.95,-0.114258,0.936523,1.15918,1.95312,1.09863,28.1372,1
1869.96,-0.112793,0.78418,1.14648,0.488281,0.366211,27.8931,1
1869.97,-0.121094,0.859375,1.20605,2.56348,0.488281,28.9307,1
1869.98,-0.182129,1.02246,1.31592,0.976562,1.64795,27.832,1
1869.99,-0.165039,0.681152,1.19482,0.976562,1.70898,27.71,1
1870,-0.189941,0.833984,1.13672,3.11279,1.89209,27.9541,1
1870.01,-0.162109,0.999023,1.125,0,1.77002,26.8555,1
1870.02,-0.0908203,0.665527,1.00049,-0.793457,1.46484,27.4048,1
1870.03,-0.125977,0.850586,1.03418,0.427246,2.13623,27.4048,1
1870.04,-0.097168,0.959961,1.07031,-3.479,2.0752,26.062,1
1870.05,-0.10498,0.570801,1.00977,-4.15039,1.77002,26.7334,1
1870.06,-0.103516,0.802246,0.885254,-3.05176,1.70898,26.9165,1
1870.07,-0.0810547,0.87793,0.785156,-6.34766,1.70898,26.062,1
1870.08,-0.0405273,0.59082,0.838379,-6.46973,1.2207,26.3672,1
1870.09,-0.0292969,0.731445,0.919922,-4.94385,0.976562,26.5503,1
1870.1,-0.0366211,0.796387,0.904297,-6.95801,1.2207,26.001,1
1870.11,-0.0498047,0.553223,0.739746,-7.20215,0.915527,26.3062,1
1870.12,-0.0585938,0.686035,0.63623,-5.49316,0.610352,26.4282,1
1870.13,-0.0419922,0.742188,0.745605,-5.98145,0.427246,25.8789,1
1870.14,-0.0429688,0.5625,0.859863,-4.02832,0.0610352,26.5503,1
1870.15,-0.0244141,0.694824,0.897461,-1.58691,0,26.7334,1
1870.16,-0.0146484,0.689941,0.830078,-1.34277,0.12207,26.2451,1
1870.17,0.0200195,0.649414,0.755371,0.488281,0,26.4282,1
1870.18,-0.00537109,0.760254,0.835449,1.95312,0.732422,26.2451,1
1870.19,-0.0234375,0.734863,0.95166,2.62451,0.915527,25.5737,1
1870.2,-0.0185547,0.724609,0.957031,4.57764,1.46484,25.8179,1
1870.2,-0.0307617,0.766113,0.937012,5.06592,2.44141,25.1465,1
1870.21,-0.0415039,0.823242,0.956543,5.31006,2.31934,25.0854,1
1870.22,-0.0078125,0.840332,1.00781,4.3335,3.05176,24.353,1
1870.23,-0.00390625,0.821777,1.01709,4.15039,3.60107,24.7192,1
1870.24,-0.00244141,0.838379,1.01221,2.62451,3.66211,23.9868,1
1870.25,-0.0107422,0.860352,1.00684,1.58691,3.479,23.8647,1
1870.26,-0.0166016,0.862793,1.04443,0.0610352,4.02832,23.4985,1
1870.27,-0.0078125,0.773438,1.01172,-0.0610352,3.84521,23.9258,1
1870.28,0.0195312,0.864258,0.976074,-0.854492,3.479,23.5596,1
1870.29,0.0375977,0.772949,0.963867,-2.50244,3.35693,23.1934,1
1870.3,0.0385742,0.82959,0.985352,-1.95312,2.80762,23.6816,1
1870.31,-0.00732422,0.901367,1.01514,-3.66211,3.41797,23.3154,1
1870.32,-0.0297852,0.854492,1.04834,-3.90625,2.0752,23.8647,1
1870.33,-0.0341797,0.780273,1.0835,-4.08936,2.0752,23.4985,1
1870.34,-0.0112305,0.788574,0.979492,-3.11279,1.2207,24.1089,1
1870.35,0.0527344,0.821777,0.900391,-3.66211,1.28174,23.9258,1
1870.36,0.0585938,0.699707,0.873047,-3.479,0.732422,24.353,1
1870.37,0.0541992,0.804199,0.941895,-2.38037,0.0610352,24.5361,1
1870.38,0.0668945,0.79834,0.963379,-2.99072,0,24.1699,1
1870.39,0.0332031,0.678711,0.996094,-1.89209,-0.366211,24.8413,1
1870.4,0.081543,0.806152,0.946777,-1.40381,-0.976562,24.7192,1
1870.41,0.110352,0.745117,0.893066,-2.13623,-1.0376,24.4141,1
1870.42,0.13623,0.6875,0.907715,-1.28174,-1.2207,24.7803,1
1870.43,0.129883,0.828613,0.933105,-1.28174,-1.28174,24.5361,1
1870.44,0.125488,0.752441,0.956543,-2.2583,-0.976562,24.0479,1
1870.45,0.102539,0.639648,0.933105,-0.671387,-0.976562,24.5972,1
1870.46,0.0996094,0.805176,0.930176,0,-0.854492,23.9258,1
1870.47,0.145996,0.696289,0.938965,-0.793457,-0.732422,23.3765,1
1870.48,0.168945,0.722656,0.963867,0.305176,-0.732422,23.8037,1
1870.49,0.22168,0.916504,0.990234,-1.70898,-0.183105,23.1323,1
1870.49,0.208496,0.643555,0.98877,-2.56348,-0.183105,23.0713,1
1870.5,0.171387,0.708496,1.01318,0,0.12207,23.0103,1
1870.51,0.137695,0.845215,0.941895,-0.610352,0.732422,22.2168,1
1870.52,0.152832,0.662109,0.986328,-0.244141,0.793457,22.2778,1
1870.53,0.216797,0.803711,1.00244,-0.0610352,0.915527,22.1558,1
1870.54,0.23584,0.761719,0.988281,-1.95312,1.09863,22.0947,1
1870.55,0.235352,0.60791,0.946289,-1.83105,1.0376,21.7285,1
1870.56,0.177246,0.761719,0.945801,-0.671387,1.40381,21.7285,1
1870.57,0.145508,0.78418,0.999023,-1.64795,1.58691,21.3623,1
1870.58,0.160645,0.746582,1.0332,-1.58691,1.0376,21.9727,1
1870.59,0.17334,0.735352,0.980957,-2.31934,1.15967,21.9727,1
1870.6,0.211426,0.667969,0.921875,-1.89209,0.915527,22.1558,1
1870.61,0.195801,0.672363,0.927734,-1.28174,1.09863,22.0947,1
1870.62,0.175293,0.711426,0.956055,-0.549316,0.427246,22.1558,1
1870.63,0.143066,0.769043,1.05322,-1.15967,0.488281,22.0337,1
1870.64,0.168457,0.719727,1.0415,-1.40381,0.671387,22.2778,1
1870.65,0.177246,0.65625,0.987793,-0.610352,0.793457,22.522,1
1870.66,0.199219,0.674805,0.936035,0.793457,0.427246,22.7051,1
1870.67,0.212402,0.75293,0.914551,1.70898,0.488281,22.7051,1
1870.68,0.174805,0.706543,0.977539,1.89209,0.549316,22.583,1
1870.69,0.188477,0.697754,1.04492,2.38037,0.366211,23.0713,1
1870.7,0.165039,0.745117,1.04102,1.58691,0.549316,22.9492,1
1870.71,0.191406,0.59375,0.969727,1.70898,0.244141,23.6206,1
1870.72,0.158691,0.731934,0.941406,2.01416,0.305176,23.4375,1
1870.73,0.200684,0.831055,0.990723,-0.244141,-0.0610352,23.0713,1
1870.74,0.215332,0.625,1.00732,-1.15967,0.244141,23.3154,1
1870.75,0.221191,0.730957,1.01318,-0.488281,0.488281,23.8037,1
1870.76,0.224609,0.804688,0.972168,-2.0752,0.671387,23.4985,1
1870.77,0.233398,0.639648,0.946289,-2.0752,0.244141,23.8037,1
1870.78,0.244629,0.800293,0.994141,-1.34277,-0.0610352,23.6206,1
1870.79,0.257324,0.775879,1.03271,-2.68555,0.305176,23.5596,1
1870.8,0.243164,0.569336,0.993164,-1.95312,0.366211,23.9258,1
1870.81,0.253418,0.790527,0.943848,-0.976562,0.244141,23.7427,1
1870.82,0.233887,0.791504,0.94873,-1.64795,0.305176,23.5596,1
1870.83,0.202148,0.731934,1.00537,-0.427246,-0.0610352,24.0479,1
1870.83,0.205078,0.72998,1.01416,-0.12207,-0.12207,23.9258,1
1870.84,0.219727,0.691895,0.95166,0.671387,-0.244141,24.292,1
1870.85,0.21875,0.689453,0.919434,1.2207,-0.244141,24.1699,1
1870.86,0.203613,0.794922,0.940918,1.34277,-0.244141,23.9258,1
1870.87,0.187012,0.712402,0.998047,0.915527,0.305176,23.6816,1
1870.88,0.162109,0.751465,1.06152,1.83105,0.366211,24.0479,1
1870.89,0.162598,0.772461,1.03662,1.0376,0.488281,23.4985,1
1870.9,0.123535,0.774902,0.942871,1.46484,0.305176,23.8037,1
1870.91,0.102051,0.827637,0.993652,0.793457,0.793457,23.4985,1
1870.92,0.0800781,0.751465,0.987305,0.305176,1.2207,23.6206,1
1870.93,0.0917969,0.791016,1.04639,0.183105,0.671387,23.6206,1
1870.94,0.0742188,0.740723,1.00391,-0.549316,1.09863,23.6206,1
1870.95,0.0722656,0.73291,0.95459,-0.305176,0.793457,23.3765,1
1870.96,0.0253906,0.812988,0.943848,-0.671387,1.40381,22.8882,1
1870.97,-0.0102539,0.725586,0.977539,-1.0376,1.70898,23.1323,1
1870.98,-0.0229492,0.746094,1.02051,-1.09863,1.46484,23.3765,1
1870.99,-0.0258789,0.800781,0.990723,-2.13623,1.77002,22.8882,1
1871,-0.0639648,0.694336,0.969727,-2.2583,1.83105,23.3154,1
1871.01,-0.0322266,0.70459,1.02637,-2.01416,1.77002,22.9492,1
1871.02,0.0219727,0.716797,0.931641,-3.479,2.13623,22.3999,1
1871.03,-0.00878906,0.646973,0.894043,-3.23486,2.2583,22.8882,1
1871.04,-0.107422,0.747559,0.88916,-4.15039,2.01416,21.9727,1
1871.05,-0.148926,0.676758,0.967773,-4.94385,2.2583,21.4844,1
1871.06,-0.182129,0.569824,1.01172,-3.90625,2.74658,21.7896,1
1871.07,-0.155273,0.639648,0.982422,-3.96729,2.31934,21.0571,1
1871.08,-0.161133,0.582031,0.931152,-4.69971,2.44141,20.4468,1
1871.09,-0.134766,0.609375,0.913086,-5.06592,2.44141,19.8364,1
1871.1,-0.101074,0.501953,1,-6.04248,2.92969,19.165,1
1871.11,-0.104492,0.533203,0.941895,-5.85938,2.44141,18.9819,1
1871.12,-0.0927734,0.477051,0.855957,-6.95801,2.44141,17.8223,1
1871.13,-0.132324,0.380859,0.867188,-5.67627,2.38037,17.4561,1
1871.14,-0.160645,0.509277,0.944824,-6.04248,2.2583,15.9912,1
1871.15,-0.167969,0.388184,0.985352,-7.20215,2.13623,15.2588,1
1871.16,-0.145996,0.380859,0.962402,-7.20215,1.46484,14.4653,1
1871.16,-0.131836,0.459961,0.866699,-8.54492,1.34277,13.1226,1
1871.17,-0.131348,0.283203,0.922852,-9.21631,1.09863,12.146,1
1871.18,-0.139648,0.357422,1.02002,-9.09424,0.244141,11.1084,1
1871.19,-0.124023,0.365723,0.990234,-11.0474,0.244141,9.58252,1
1871.2,-0.124512,0.246094,0.938965,-11.2305,-0.427246,8.97217,1
1871.21,-0.104492,0.269531,0.92334,-11.4136,-0.976562,7.44629,1
1871.22,-0.0961914,0.189941,0.931152,-11.9019,-0.915527,5.92041,1
1871.23,-0.0776367,0.164062,0.970215,-11.2305,-1.46484,4.76074,1
1871.24,-0.0874023,0.125488,0.947266,-11.4746,-1.52588,3.11279,1
1871.25,-0.112305,0.0703125,0.952637,-11.2915,-1.89209,1.70898,1
1871.26,-0.129395,0.0517578,0.929688,-11.2305,-1.95312,0.244141,1
1871.27,-0.117676,0.0581055,0.935059,-10.8032,-1.70898,-0.976562,1
1871.28,-0.0834961,0.0473633,0.998535,-11.5356,-1.64795,-2.68555,1
1871.29,-0.0986328,-0.0859375,1.0293,-12.4512,-1.28174,-4.02832,1
1871.3,-0.0751953,-0.126953,1.03711,-12.207,-1.46484,-5.43213,1
1871.31,-0.0922852,-0.0112305,1.00488,-11.9629,-0.549316,-6.89697,1
1871.32,-0.0644531,-0.0961914,1.0918,-13.6108,-0.0610352,-8.78906,1
1871.33,-0.0756836,-0.266602,1.08594,-13.3667,0.0610352,-9.76562,1
1871.34,-0.0927734,-0.175781,1.05176,-12.8784,0.671387,-10.9863,1
1871.35,-0.0703125,-0.23291,1,-13.855,1.77002,-12.7563,1
1871.36,-0.0668945,-0.303223,0.993164,-12.8174,2.44141,-13.4888,1
1871.37,-0.0805664,-0.288574,1.03418,-12.4512,3.05176,-14.5874,1
1871.38,-0.09375,-0.385254,1.02979,-12.0239,3.479,-15.625,1
1871.39,-0.10791,-0.429199,0.960449,-10.7422,4.21143,-15.9912,1
1871.4,-0.124512,-0.45752,0.931641,-9.70459,4.3335,-16.6016,1
1871.41,-0.128418,-0.489258,0.97998,-8.36182,4.27246,-17.1509,1
1871.42,-0.120117,-0.48291,1.02295,-6.71387,4.3335,-17.4561,1
1871.43,-0.127441,-0.509766,0.933594,-6.04248,4.5166,-18.0054,1
1871.44,-0.129883,-0.561035,0.868652,-4.88281,3.90625,-18.2495,1
1871.45,-0.14209,-0.55957,0.938477,-3.90625,3.23486,-18.7378,1
1871.45,-0.138184,-0.592285,1.02051,-2.92969,2.99072,-19.104,1
1871.46,-0.140625,-0.545898,1.02686,-1.83105,2.56348,-19.043,1
1871.47,-0.162598,-0.595703,1.00098,-1.89209,2.44141,-19.7754,1
1871.48,-0.166016,-0.62207,0.940918,-1.15967,1.77002,-19.6533,1
1871.49,-0.162598,-0.599121,1.05225,-1.95312,1.58691,-20.3857,1
1871.5,-0.1875,-0.700195,1.10742,-2.92969,1.2207,-20.5078,1
1871.51,-0.188965,-0.615234,1.10205,-3.17383,1.0376,-20.5078,1
1871.52,-0.203613,-0.591797,1.08252,-4.82178,1.15967,-21.3013,1
1871.53,-0.202637,-0.641113,1.0708,-6.04248,0.732422,-21.4233,1
1871.54,-0.167969,-0.698242,1.08008,-6.71387,0.671387,-21.4233,1
1871.55,-0.1875,-0.69043,1.09619,-6.65283,0.671387,-21.3013,1
1871.56,-0.180176,-0.669434,1.04541,-6.71387,0.366211,-21.5454,1
1871.57,-0.219727,-0.770508,1.021,-6.40869,0.671387,-22.4609,1
1871.58,-0.189453,-0.692871,1.03076,-4.3335,0.244141,-22.2778,1
1871.59,-0.19043,-0.67334,1.01807,-4.21143,0.366211,-23.1934,1
1871.6,-0.173828,-0.787598,1.0166,-2.80762,-0.305176,-23.3765,1
1871.61,-0.17041,-0.777832,0.992188,-1.2207,-0.12207,-23.7427,1
1871.62,-0.162109,-0.708008,0.990234,-0.427246,0.0610352,-24.1699,1
1871.63,-0.197754,-0.791992,1.05127,-0.671387,-0.0610352,-24.7192,1
1871.64,-0.192871,-0.780273,1.04199,0.488281,-0.488281,-24.4751,1
1871.65,-0.183594,-0.708984,0.964844,0.427246,-0.12207,-25.2686,1
1871.66,-0.183105,-0.769043,0.907227,0.610352,-0.244141,-25.2686,1
1871.67,-0.162598,-0.715332,0.958496,0,-0.610352,-25.8179,1
1871.68,-0.159668,-0.799316,1.02783,-1.15967,-0.0610352,-26.123,1
1871.69,-0.184082,-0.77832,1.06348,-0.610352,0.671387,-25.5127,1
1871.7,-0.213379,-0.729004,1.0542,-1.64795,0.976562,-26.123,1
1871.71,-0.191406,-0.787598,0.929199,-1.40381,0.488281,-26.062,1
1871.72,-0.151855,-0.657227,0.842773,-1.0376,0.488281,-26.4893,1
1871.72,-0.16748,-0.746094,0.881348,-1.34277,0.610352,-26.6724,1
1871.73,-0.145996,-0.763184,0.982422,-0.183105,0.488281,-26.5503,1
1871.74,-0.146973,-0.706055,0.983887,0.366211,1.0376,-26.7334,1
1871.75,-0.159668,-0.719727,0.881836,1.77002,1.2207,-26.2451,1
1871.76,-0.181641,-0.709961,0.883789,2.31934,1.09863,-26.4282,1
1871.77,-0.169434,-0.766113,0.929688,2.99072,0.976562,-26.5503,1
1871.78,-0.130859,-0.757812,0.9375,3.66211,1.28174,-26.5503,1
1871.79,-0.128906,-0.765625,0.921387,3.54004,1.2207,-26.4282,1
1871.8,-0.169434,-0.723633,0.927246,3.2959,0.976562,-26.123,1
1871.81,-0.172852,-0.620117,0.931152,2.0752,1.34277,-26.4282,1
1871.82,-0.16748,-0.787598,0.936523,1.52588,1.40381,-26.4282,1
1871.83,-0.123535,-0.769043,0.919922,2.80762,1.0376,-25.7568,1
1871.84,-0.152344,-0.706055,0.931641,1.0376,1.2207,-26.7334,1
1871.85,-0.153809,-0.836914,0.970215,0.366211,1.52588,-26.3062,1
1871.86,-0.153809,-0.658203,0.958008,0,1.95312,-26.2451,1
1871.87,-0.138184,-0.769043,0.976562,-1.64795,2.31934,-26.3672,1
1871.88,-0.151367,-0.886719,0.973145,-1.15967,1.46484,-26.2451,1
1871.89,-0.141602,-0.785645,0.986328,-1.28174,2.19727,-26.3062,1
1871.9,-0.165039,-0.810059,1.05859,-2.0752,2.2583,-26.3672,1
1871.91,-0.170898,-0.803223,1.04492,-1.95312,1.95312,-26.3062,1
1871.92,-0.17041,-0.650391,0.929688,-2.0752,2.0752,-26.3062,1
1871.93,-0.164062,-0.838867,0.909668,-2.68555,1.95312,-26.6724,1
1871.94,-0.163086,-0.94043,0.974121,-0.366211,1.58691,-26.3672,1
1871.95,-0.14209,-0.756836,0.993164,0.488281,1.83105,-26.9775,1
1871.96,-0.128418,-0.82959,0.992676,0.427246,1.89209,-27.2827,1
1871.97,-0.136719,-0.831543,0.964355,0.610352,1.28174,-27.5879,1
1871.98,-0.122559,-0.832031,0.928223,0.366211,1.28174,-27.8931,1
1871.99,-0.152832,-0.882812,0.992188,0.732422,0.793457,-27.8931,1
1872,-0.142578,-0.824707,1.04492,0.610352,0.793457,-28.4424,1
1872.01,-0.118652,-0.810059,0.968262,1.83105,0.915527,-28.0762,1
1872.02,-0.147949,-0.812012,0.902832,2.19727,0.854492,-28.5645,1
1872.03,-0.153809,-0.944824,0.919434,2.44141,0.244141,-28.8086,1
1872.03,-0.144043,-0.812012,0.930176,3.11279,-0.305176,-29.1138,1
1872.04,-0.13916,-0.887695,0.969727,1.83105,0.183105,-29.8462,1
1872.05,-0.106445,-0.87207,0.953613,3.35693,-0.366211,-29.48,1
1872.06,-0.118164,-0.792969,0.92627,2.44141,-0.12207,-30.6396,1
1872.07,-0.0849609,-0.879883,0.914551,3.35693,-0.244141,-29.7852,1
1872.08,-0.187012,-0.779785,0.967285,2.68555,0,-30.2734,1
1872.09,-0.165039,-0.95752,1.02246,1.28174,0,-30.7007,1
1872.1,-0.144043,-0.903809,0.974609,3.2959,0.244141,-29.7241,1
1872.11,-0.165527,-0.765137,0.899902,2.2583,0.732422,-30.3345,1
1872.12,-0.180176,-0.841309,0.85791,1.83105,0.183105,-30.7007,1
1872.13,-0.197754,-0.884277,0.960449,1.34277,0.793457,-30.9448,1
1872.14,-0.161621,-0.763184,1.00342,1.34277,0.976562,-30.3955,1
1872.15,-0.133301,-0.815918,1.01904,-0.366211,1.64795,-31.1279,1
1872.16,-0.135254,-1.00732,0.947266,0.488281,1.34277,-30.4565,1
1872.17,-0.149414,-0.789062,0.928223,1.64795,2.13623,-30.2734,1
1872.18,-0.194336,-0.789062,0.998535,-0.549316,1.70898,-31.25,1
1872.19,-0.185059,-0.969727,0.966797,0.183105,1.28174,-30.4565,1
1872.2,-0.166504,-0.704102,0.94043,1.2207,1.89209,-30.7617,1
1872.21,-0.187988,-0.953613,0.947266,-0.183105,2.2583,-31.3721,1
1872.22,-0.145508,-1.00244,0.936523,2.80762,1.46484,-31.0059,1
1872.23,-0.150879,-0.711914,0.996582,2.2583,2.0752,-31.5552,1
1872.24,-0.151367,-0.939453,1.03516,1.40381,1.46484,-31.4331,1
1872.25,-0.145996,-0.861816,1.02002,1.95312,0.610352,-32.0435,1
1872.26,-0.0917969,-0.79248,0.936035,1.46484,0.854492,-31.9214,1
1872.27,-0.119141,-0.894531,0.954102,1.34277,0.793457,-32.2876,1
1872.28,-0.139648,-0.948242,0.996582,1.46484,0.12207,-32.6538,1
1872.29,-0.102051,-0.850586,0.992676,1.83105,0.427246,-32.4097,1
1872.3,-0.107422,-0.847168,0.973633,0.427246,0.305176,-32.7759,1
1872.31,-0.11084,-0.975098,0.961426,0.488281,-0.427246,-32.5928,1
1872.32,-0.106445,-0.812988,0.97168,1.2207,-0.366211,-32.7148,1
1872.32,-0.0776367,-0.869141,0.952148,0.12207,0,-33.1421,1
1872.33,-0.0688477,-0.98584,0.920898,1.58691,-0.427246,-32.2876,1
1872.34,-0.0654297,-0.76123,0.914551,1.64795,-0.549316,-32.4707,1
1872.35,-0.0419922,-0.85791,0.964844,0.12207,-0.12207,-33.02,1
1872.36,0.0351562,-0.957031,0.996094,0.793457,-0.427246,-32.2876,1
1872.37,0.0415039,-0.873047,0.968262,0.183105,-1.0376,-32.5928,1
1872.38,0.0332031,-0.908691,0.95166,0.12207,-1.09863,-32.4097,1
1872.39,0.00537109,-0.879395,0.927734,0.427246,-0.854492,-32.1655,1
1872.4,0.0141602,-0.882324,0.969727,0.12207,-0.610352,-32.2876,1
1872.41,0.0522461,-0.849609,1.03418,0.12207,-1.2207,-31.9824,1
1872.42,0.106934,-0.948242,0.992188,-0.549316,-1.34277,-31.7993,1
1872.43,0.0893555,-0.930176,1.02686,0.366211,-1.2207,-31.0059,1
1872.44,0.0878906,-0.838867,1.00195,-1.46484,-0.427246,-31.5552,1
1872.45,0.121582,-0.904297,0.963379,-0.976562,-0.488281,-30.5786,1
1872.46,0.139648,-0.86084,0.941406,-0.793457,-0.12207,-30.5786,1
1872.47,0.154785,-0.799805,0.921875,-1.52588,-0.732422,-30.5176,1
1872.48,0.13916,-1.00098,0.963379,-1.58691,-0.0610352,-29.9072,1
1872.49,0.0820312,-0.941895,1.03613,0.305176,0,-29.48,1
1872.5,0.074707,-0.834473,0.900879,0.12207,0.671387,-29.4189,1
1872.51,0.0727539,-0.850098,0.922852,-0.305176,0.183105,-29.6631,1
1872.52,0.114746,-0.840332,1.04834,0.12207,0.0610352,-29.6021,1
1872.53,0.118164,-0.855469,0.988281,0.366211,0.671387,-29.2358,1
1872.54,0.125,-0.909668,0.94043,1.2207,0.427246,-28.8086,1
1872.55,0.0805664,-0.894043,0.984375,2.92969,0.671387,-28.2593,1
1872.56,0.0717773,-0.805664,0.944824,2.99072,0.488281,-28.6255,1
1872.57,0.0874023,-0.881348,0.938965,3.05176,0.183105,-28.5645,1
1872.58,0.123047,-0.918457,1.00635,4.39453,0.305176,-27.832,1
1872.59,0.165039,-0.791016,0.991211,4.02832,0.427246,-27.71,1
1872.6,0.121582,-0.871094,0.955566,3.35693,0.976562,-27.6489,1
1872.61,0.0864258,-0.944824,0.924805,4.57764,0.793457,-26.7334,1
1872.61,0.081543,-0.652344,0.939453,5.12695,0.671387,-26.6113,1
1872.62,0.120605,-0.634277,0.902344,2.38037,0.488281,-27.0386,1
1872.63,0.183105,-0.886719,0.882812,2.80762,0.366211,-25.8179,1
1872.64,0.148438,-0.712891,0.912598,4.57764,0.305176,-25.2686,1
1872.65,0.135254,-0.644531,0.919922,3.90625,0.305176,-25.3906,1
1872.66,0.166504,-0.780273,0.92334,5.18799,-0.305176,-24.292,1
1872.67,0.20752,-0.664062,0.897949,5.37109,-0.976562,-23.9258,1
1872.68,0.192383,-0.718262,0.994629,4.39453,-0.854492,-23.6206,1
1872.69,0.172363,-0.678223,0.974121,5.49316,-0.976562,-22.3389,1
1872.7,0.188965,-0.617188,0.966797,5.31006,-0.610352,-21.8506,1
1872.71,0.245605,-0.63916,0.924805,6.10352,-1.15967,-20.752,1
1872.72,0.296387,-0.654785,0.915527,6.46973,-1.09863,-19.8975,1
1872.73,0.287109,-0.537598,0.98877,7.38525,-1.28174,-18.5547,1
1872.74,0.290039,-0.44873,1.00391,6.16455,-1.40381,-17.7002,1
1872.75,0.259766,-0.624512,1.00781,6.40869,-1.64795,-16.2354,1
1872.76,0.249512,-0.476562,0.976562,8.97217,-2.01416,-14.4653,1
1872.77,0.286621,-0.421387,0.955566,8.91113,-2.01416,-13.3667,1
1872.78,0.348145,-0.419434,1.00195,10.3149,-2.68555,-11.2915,1
1872.79,0.320801,-0.266113,1.00244,10.9863,-2.38037,-9.58252,1
1872.8,0.330078,-0.274414,0.982422,11.4136,-2.31934,-7.8125,1
1872.81,0.384766,-0.305176,0.95166,12.7563,-2.62451,-5.49316,1
1872.82,0.353027,-0.273926,0.960938,14.0991,-2.92969,-3.72314,1
1872.83,0.368652,-0.111816,0.960938,15.8691,-3.05176,-1.46484,1
1872.84,0.382812,-0.0952148,0.964355,16.3574,-2.50244,0.671387,1
1872.85,0.416504,-0.0541992,0.96582,17.9443,-2.62451,3.17383,1
1872.86,0.414062,0.0375977,0.955566,18.3105,-2.31934,5.37109,1
1872.87,0.398438,0.03125,0.950684,18.7988,-2.38037,7.56836,1
1872.88,0.387695,0.19873,0.967773,19.104,-2.0752,9.52148,1
1872.89,0.402344,0.181152,0.965332,18.3716,-2.2583,11.1694,1
1872.9,0.415527,0.198242,0.92627,19.043,-2.86865,13.4277,1
1872.91,0.405273,0.347168,0.923828,18.0664,-2.56348,14.7705,1
1872.92,0.410156,0.353516,1.00244,16.6626,-2.44141,15.686,1
1872.93,0.385254,0.396973,1.03076,17.334,-2.13623,17.2119,1
1872.94,0.375488,0.53125,1.01758,16.8457,-2.13623,18.0664,1
1872.95,0.404785,0.440918,0.981445,15.4419,-2.19727,18.6768,1
1872.96,0.444336,0.392578,0.987793,15.1367,-2.01416,19.6533,1
1872.97,0.413086,0.574219,1.01221,13.916,-1.40381,19.6533,1
1872.98,0.365723,0.608887,1.02539,11.3525,-0.610352,19.5312,1
1872.99,0.382324,0.578125,1.02148,9.64355,-0.183105,20.1416,1
1872.99,0.439453,0.648438,1.07861,8.48389,-0.0610352,20.3857,1
1873,0.435547,0.630371,1.25586,8.11768,-0.0610352,20.0806,1
1873.01,0.417969,0.671875,1.11084,8.66699,0.183105,20.2026,1
1873.02,0.375488,0.744629,0.970703,7.38525,0.427246,19.9585,1
1873.03,0.450684,0.630859,1.09424,5.92041,0.549316,19.8975,1
1873.04,0.462402,0.748047,1.18701,6.04248,0.305176,20.0806,1
1873.05,0.402344,0.690918,1.21973,4.82178,0.366211,19.4702,1
1873.06,0.36084,0.51416,1.18311,5.49316,0.12207,19.4702,1
1873.07,0.422363,0.665527,1.05469,5.5542,0.366211,19.2261,1
1873.08,0.473145,0.694336,1.00244,2.44141,0.427246,18.7988,1
1873.09,0.477539,0.61377,1.12598,1.70898,0.549316,18.7988,1
1873.1,0.399414,0.835449,1.21533,1.2207,0.610352,18.3105,1
1873.11,0.31543,0.742188,1.18359,-0.366211,0.976562,18.0054,1
1873.12,0.301758,0.521973,1.07373,0.244141,0.732422,18.0054,1
1873.13,0.42627,0.59082,0.936035,-0.12207,0.305176,17.8833,1
1873.14,0.477051,0.73291,0.971191,-1.83105,0.732422,17.4561,1
1873.15,0.444336,0.62207,0.984375,-3.78418,1.46484,16.9678,1
1873.16,0.38916,0.560059,1.04932,-2.80762,1.0376,16.7847,1
1873.17,0.302734,0.674316,0.981445,-2.31934,0.671387,16.5405,1
1873.18,0.279785,0.516602,0.941895,-2.74658,0.366211,16.4185,1
1873.19,0.372559,0.491699,0.855957,-2.2583,0.244141,16.4185,1
1873.2,0.523926,0.634277,0.865234,-3.2959,0.427246,16.1743,1
1873.21,0.455078,0.464355,0.914551,-4.02832,0.610352,15.9302,1
1873.22,0.382324,0.504395,0.97168,-2.74658,0,15.625,1
1873.23,0.295898,0.575195,0.978516,-2.68555,0.12207,15.3809,1
1873.24,0.347656,0.306152,0.929199,-2.44141,-0.366211,15.4419,1
1873.25,0.483887,0.422852,0.846191,-1.15967,-0.610352,15.1367,1
1873.26,0.532227,0.579102,0.887207,-3.54004,-0.549316,14.2212,1
1873.27,0.434082,0.29248,1.02246,-4.27246,-0.244141,13.4277,1
1873.28,0.355957,0.431152,1.01611,-1.95312,-0.427246,13.1226,1
1873.29,0.352539,0.562012,0.95752,-3.35693,-0.427246,12.5122,1
1873.3,0.458984,0.180176,0.935547,-3.11279,-0.671387,12.146,1
1873.31,0.535156,0.428711,0.985352,-0.732422,-0.427246,11.7798,1
1873.32,0.491699,0.550293,1.05273,-2.92969,0,10.498,1
1873.33,0.407227,0.14209,1.03516,-1.77002,-0.12207,10.3149,1
1873.33,0.356934,0.356445,0.989746,1.2207,-0.0610352,10.0708,1
1873.34,0.401855,0.54248,1.05469,-0.854492,0.244141,9.39941,1
1873.35,0.479492,0.19873,1.09131,-1.77002,0.427246,9.09424,1
1873.36,0.510742,0.348145,1.06689,0.427246,0.549316,9.09424,1
1873.37,0.42334,0.507812,1.02539,-1.70898,0.549316,8.30078,1
1873.38,0.385742,0.20459,1.02344,-0.793457,0.366211,8.66699,1
1873.39,0.387695,0.415039,1.04395,1.34277,0.793457,8.78906,1
1873.4,0.467773,0.509277,1.05664,-0.610352,0.732422,8.66699,1
1873.41,0.458008,0.182617,1.02734,-0.671387,0.793457,9.15527,1
1873.42,0.443848,0.371094,1.0376,0.854492,0.671387,9.15527,1
1873.43,0.387695,0.425781,1.00049,-0.0610352,0.549316,8.97217,1
1873.44,0.38623,0.258789,0.955566,0.671387,0.610352,9.33838,1
1873.45,0.433105,0.37793,1,0.793457,0.488281,9.58252,1
1873.46,0.453125,0.344727,1.02832,0.549316,0.610352,10.1318,1
1873.47,0.407227,0.365723,1.01709,1.28174,0.488281,10.5591,1
1873.48,0.354004,0.368652,0.998535,1.52588,0.549316,10.8643,1
1873.49,0.403809,0.373047,0.953125,1.2207,0.366211,11.0474,1
1873.5,0.446777,0.380371,1.01562,1.09863,0.366211,11.5356,1
1873.51,0.439453,0.368652,1.05371,0.732422,0.427246,11.5967,1
1873.52,0.422363,0.433105,0.972168,0.915527,0.244141,12.0239,1
1873.53,0.383301,0.389648,0.945312,0.305176,0.549316,12.146,1
1873.54,0.373535,0.425293,1.00342,1.28174,0.12207,12.5732,1
1873.55,0.38916,0.512207,1.05371,0.488281,0.366211,12.7563,1
1873.56,0.417969,0.383301,1.00586,0.366211,0,13.2446,1
1873.57,0.395996,0.418457,0.904297,1.34277,0.0610352,13.7329,1
1873.57,0.384766,0.533203,0.893555,0.549316,0.0610352,13.6719,1
1873.58,0.359375,0.43457,0.990723,0.488281,0.12207,14.1602,1
1873.59,0.395508,0.429688,1.05664,1.52588,0.12207,14.7095,1
1873.6,0.4375,0.495605,1.03809,1.2207,0.12207,14.6484,1
1873.61,0.422852,0.438477,0.948242,1.46484,0.183105,14.7095,1
1873.62,0.395508,0.473633,0.918945,2.0752,0.427246,15.0146,1
1873.63,0.433594,0.558594,0.925781,1.46484,0.549316,15.2588,1
1873.64,0.432617,0.45166,0.960449,0.305176,0.976562,15.1367,1
1873.65,0.418945,0.550781,0.993164,1.83105,0.854492,15.7471,1
1873.66,0.363281,0.60498,1.05566,0.793457,1.15967,15.564,1
1873.67,0.413086,0.407715,0.986816,0.793457,0.671387,15.7471,1
1873.68,0.490723,0.528809,0.907227,2.0752,0.976562,15.9912,1
1873.69,0.447266,0.632812,0.939453,0.427246,1.83105,15.564,1
1873.7,0.355469,0.474609,1.00244,-0.0610352,1.83105,15.7471,1
1873.71,0.359375,0.469727,0.988281,0.854492,1.89209,16.1743,1
1873.72,0.438965,0.625,1.01562,0.488281,1.77002,15.8691,1
1873.73,0.442871,0.510254,1.01074,0.305176,2.0752,15.8081,1
1873.74,0.330566,0.512207,0.945312,1.28174,2.19727,16.0522,1
1873.75,0.249023,0.677246,0.964355,0.671387,2.80762,15.9912,1
1873.76,0.13623,0.551758,1.05371,-0.488281,3.41797,15.625,1
1873.77,0.0668945,0.597168,1.01855,1.15967,2.99072,16.1743,1
1873.78,0.0205078,0.703613,1.05029,0.244141,3.54004,15.564,1
1873.79,-0.0585938,0.450195,0.951172,0.549316,3.23486,15.625,1
1873.8,0.0112305,0.583008,0.914062,2.62451,3.35693,15.9912,1
1873.81,-0.0151367,0.727539,0.949219,1.0376,3.96729,15.625,1
1873.82,0.00878906,0.469238,0.988281,0.549316,3.479,16.2354,1
1873.83,-0.046875,0.494629,0.966797,2.13623,3.60107,16.9678,1
1873.84,-0.193848,0.564941,0.903809,1.40381,4.08936,16.3574,1
1873.85,-0.225098,0.529785,0.776367,1.52588,4.27246,16.4795,1
1873.86,-0.119141,0.617188,0.902344,0.976562,4.63867,16.0522,1
1873.86,-0.152344,0.588867,0.977539,0.305176,4.82178,16.6016,1
1873.87,-0.111816,0.523926,1.03271,0.915527,4.3335,17.1509,1
1873.88,-0.20752,0.658691,0.856934,1.09863,3.72314,17.4561,1
1873.89,-0.267578,0.559082,0.888672,-0.0610352,3.66211,17.395,1
1873.9,-0.55127,0.48584,1.07422,1.58691,4.3335,17.395,1
1873.91,-0.518555,0.629883,0.970215,1.64795,4.57764,16.9678,1
1873.92,-0.439453,0.583984,0.947266,1.83105,5.92041,18.1274,1
1873.93,-0.313477,0.657227,0.978027,1.28174,5.49316,18.0054,1
1873.94,-0.362793,0.584961,1.0332,1.28174,5.7373,18.4326,1
1873.95,-0.476074,0.589355,1.05566,2.50244,5.7373,18.3716,1
1873.96,-0.437988,0.597656,0.951172,2.62451,6.40869,18.2495,1
1873.97,-0.376465,0.696289,0.927246,3.05176,6.40869,19.2261,1
1873.98,-0.263184,0.75,0.910156,0.488281,5.85938,18.6768,1
1873.99,-0.351562,0.45166,0.893555,0.549316,5.61523,19.8975,1
1874,-0.366211,0.613281,0.851562,3.05176,4.57764,20.4468,1
1874.01,-0.295898,0.904785,0.882812,0.549316,4.45557,20.1416,1
1874.02,-0.336426,0.640137,0.930176,-0.976562,4.21143,20.752,1
1874.03,-0.361328,0.471191,0.927246,0.732422,3.23486,21.9727,1
1874.04,-0.342285,0.692871,0.992188,0.976562,2.0752,21.8506,1
1874.05,-0.257812,0.664062,0.978027,-0.0610352,1.70898,21.6675,1
1874.06,-0.285156,0.640625,1.01709,1.15967,1.52588,22.644,1
1874.07,-0.329102,0.803711,0.949219,0.976562,1.28174,22.2168,1
1874.08,-0.350098,0.625488,1.05566,1.2207,0.915527,22.7661,1
1874.09,-0.255859,0.601074,1.05176,3.66211,0,22.7661,1
1874.1,-0.195312,0.788574,1.00439,4.5166,0.854492,22.0947,1
1874.11,-0.337891,0.790039,1.00928,3.96729,1.58691,21.4844,1
1874.12,-0.422363,0.683105,1.0127,4.21143,1.52588,21.3013,1
1874.13,-0.485352,0.739258,1.04346,5.00488,2.01416,21.7285,1
1874.14,-0.356934,0.779785,1.09033,3.90625,2.0752,20.813,1
1874.15,-0.395508,0.645508,1.10449,3.23486,2.19727,20.4468,1
1874.16,-0.330078,0.685547,1.02832,3.23486,2.19727,20.813,1
1874.17,-0.308594,0.729492,0.990234,1.83105,2.44141,20.3247,1
1874.18,-0.325195,0.603516,0.973145,0.793457,2.31934,19.9585,1
1874.19,-0.320801,0.749023,0.980469,1.2207,1.77002,20.3857,1
1874.2,-0.317383,0.805664,0.978027,-0.549316,2.50244,19.7754,1
1874.21,-0.331543,0.641113,0.941895,-1.52588,2.01416,19.5923,1
1874.22,-0.383301,0.659668,0.959961,-0.366211,1.64795,20.4468,1
1874.22,-0.365234,0.898438,0.995605,-1.0376,1.58691,19.9585,1
1874.23,-0.297363,0.643555,1.00342,-2.31934,1.58691,20.1416,1
1874.24,-0.291504,0.548828,0.98584,0.0610352,1.0376,20.813,1
1874.25,-0.36377,0.901855,0.945312,0.183105,1.0376,20.1416,1
1874.26,-0.406738,0.777344,0.940918,-2.19727,1.09863,19.5923,1
1874.27,-0.383301,0.452148,0.937012,-0.0610352,0.610352,20.9351,1
1874.28,-0.367676,0.71582,0.989258,1.52588,-0.488281,20.5688,1
1874.29,-0.270508,0.830078,0.922363,-0.12207,0,20.4468,1
1874.3,-0.338867,0.693359,0.952637,0,0.854492,20.5078,1
1874.31,-0.383789,0.808105,0.903809,-0.366211,0.244141,20.0195,1
1874.32,-0.388184,0.733887,0.966309,-0.366211,0.915527,20.752,1
1874.33,-0.331055,0.686035,1.05859,0.610352,0.366211,21.1792,1
1874.34,-0.285156,0.692871,0.964355,0.488281,0.610352,20.2637,1
1874.35,-0.308594,0.764648,0.912109,1.0376,1.0376,20.4468,1
1874.36,-0.383301,0.897461,0.945801,0.0610352,0.976562,20.1416,1
1874.37,-0.428711,0.784668,0.838867,-1.40381,1.28174,20.0195,1
1874.38,-0.359863,0.678223,0.977539,0.305176,1.09863,20.9961,1
1874.39,-0.249023,0.851562,1.08691,0.671387,1.64795,20.752,1
1874.4,-0.260742,0.728027,0.963379,0,1.46484,20.9351,1
1874.41,-0.342773,0.665527,0.825195,1.15967,1.15967,21.0571,1
1874.42,-0.36084,0.870605,0.880859,1.46484,1.46484,20.9351,1
1874.43,-0.352539,0.862793,1.04395,0,1.83105,20.5688,1
1874.44,-0.283203,0.744141,1.03955,0.976562,1.83105,21.8506,1
1874.45,-0.30127,0.842285,0.974121,1.09863,1.83105,22.0947,1
1874.46,-0.292969,0.717773,0.847656,-0.488281,1.34277,21.2402,1
1874.47,-0.311035,0.741211,0.852539,0.732422,1.40381,22.4609,1
1874.48,-0.365723,1,0.953125,-0.366211,1.2207,22.2168,1
1874.49,-0.285645,0.756348,1.01123,-2.44141,1.15967,22.522,1
1874.5,-0.295898,0.680176,0.982422,-0.244141,0.732422,23.7427,1
1874.51,-0.212402,0.808594,0.866699,-1.40381,0.976562,22.7051,1
1874.52,-0.309082,0.733398,0.808594,-2.0752,0.671387,23.3765,1
1874.53,-0.32666,0.970215,0.937012,-2.2583,0.427246,23.4375,1
1874.53,-0.308594,0.865723,1.01025,-3.72314,0.854492,23.7427,1
1874.54,-0.269043,0.668457,0.955078,-1.95312,0.427246,25.1465,1
1874.55,-0.260254,0.771973,0.885254,-1.40381,0.732422,24.353,1
1874.56,-0.324707,0.722656,0.819336,-1.28174,0.732422,24.4751,1
1874.57,-0.369629,0.895508,0.907227,0,0.549316,25.0244,1
1874.58,-0.33252,0.946289,0.990723,-1.77002,1.28174,24.1089,1
1874.59,-0.331543,0.720215,0.955566,-0.366211,1.40381,25.6958,1
1874.6,-0.344727,0.717285,0.934082,0.915527,1.34277,25.2075,1
1874.61,-0.325195,0.871582,0.946777,1.64795,1.40381,25.3906,1
1874.62,-0.309082,0.916992,0.97998,1.46484,2.2583,25.8179,1
1874.63,-0.378906,0.803223,0.972656,1.2207,1.64795,26.1841,1
1874.64,-0.330566,0.828125,0.954102,1.89209,1.64795,26.4893,1
1874.65,-0.34082,0.739258,0.961426,2.19727,2.19727,26.7334,1
1874.66,-0.29834,0.74707,0.973633,3.11279,1.58691,27.0996,1
1874.67,-0.291016,0.998535,0.913574,3.05176,1.95312,27.0386,1
1874.68,-0.307129,0.98584,0.937012,1.09863,2.38037,27.0386,1
1874.69,-0.286621,0.824707,0.974609,0.793457,1.77002,27.5879,1
1874.7,-0.286133,0.791016,0.962891,1.15967,1.28174,28.2593,1
1874.71,-0.275391,0.899902,0.896973,0.976562,1.46484,28.5034,1
1874.72,-0.33252,0.833008,0.88916,0.12207,1.77002,28.3203,1
1874.73,-0.282715,0.759277,0.945312,1.28174,1.2207,28.9917,1
1874.74,-0.22998,0.829102,0.96582,1.70898,1.40381,29.2358,1
1874.75,-0.301758,0.967285,0.970703,0.244141,0.671387,28.8696,1
1874.76,-0.335449,0.822754,0.907227,0.366211,0.854492,29.541,1
1874.77,-0.357422,0.888184,0.90918,2.62451,1.2207,30.3955,1
1874.78,-0.280762,0.942383,0.984863,1.34277,1.28174,29.6631,1
1874.79,-0.226562,0.828613,0.970215,2.13623,0.305176,30.4565,1
1874.8,-0.277344,0.887207,0.97998,2.01416,0.671387,30.8228,1
1874.81,-0.299316,0.92627,0.931641,1.2207,0.488281,30.5176,1
1874.82,-0.323242,0.804688,0.950684,0.305176,1.15967,29.9072,1
1874.82,-0.266113,0.921387,0.962891,2.38037,1.40381,31.0059,1
1874.83,-0.216797,1.02295,0.932129,0,1.58691,30.0903,1
1874.84,-0.243652,0.78125,0.916992,0,0.915527,30.9448,1
1874.85,-0.32666,1,0.947266,0.732422,0.793457,30.7007,1
1874.86,-0.332031,0.976562,0.936523,-1.09863,1.83105,30.5786,1
1874.87,-0.288086,0.761719,0.968262,-0.12207,1.40381,31.4331,1
1874.88,-0.219727,0.897949,0.962891,-0.549316,1.46484,30.7617,1
1874.89,-0.164551,0.855469,0.869629,-0.610352,1.40381,31.7383,1
1874.9,-0.174316,0.944336,0.894531,-0.732422,1.09863,31.189,1
1874.91,-0.195801,0.930664,0.961426,-1.09863,0.671387,31.4331,1
1874.92,-0.193848,0.942871,0.974121,-0.183105,0.915527,32.2266,1
1874.93,-0.203125,1.05371,0.911621,-0.488281,1.34277,32.1045,1
1874.94,-0.226074,0.837402,0.946289,-0.976562,1.09863,32.2266,1
1874.95,-0.161133,0.855957,0.989746,0.976562,0.549316,32.6538,1
1874.96,-0.120117,1.03662,0.946777,0.183105,1.09863,32.3486,1
1874.97,-0.182617,0.783203,0.999512,0,1.2207,32.959,1
1874.98,-0.13623,0.977539,0.930176,1.83105,0.366211,33.3862,1
1874.99,-0.17334,1.09424,0.95166,0,1.2207,32.5317,1
1875,-0.117188,0.817383,0.892578,0.366211,0.549316,33.6304,1
1875.01,-0.133301,0.946289,0.929199,1.09863,0.0610352,33.8135,1
1875.02,-0.130371,1.04883,0.979492,-1.15967,-0.12207,33.5083,1
1875.03,-0.0966797,0.879395,0.894531,-1.52588,0.183105,34.3018,1
1875.04,-0.14502,0.92627,0.940918,-0.976562,-0.12207,34.3628,1
1875.05,-0.0883789,0.936523,0.93457,-1.58691,-0.793457,34.1797,1
1875.06,-0.114258,1.03516,0.936035,-2.13623,-0.732422,34.3628,1
1875.07,-0.166504,0.927734,0.986328,-3.11279,-0.488281,34.4238,1
1875.08,-0.150391,1.02637,0.956055,-2.13623,-0.427246,34.668,1
1875.09,-0.160156,1.03516,0.98584,-3.35693,0,34.729,1
1875.1,-0.211426,0.821289,0.990234,-3.17383,-0.732422,34.729,1
1875.11,-0.133789,1.021,0.957031,-2.01416,-0.976562,34.79,1
1875.11,-0.189941,0.9375,0.948242,-3.11279,0.0610352,34.8511,1
1875.12,-0.188965,0.9375,0.982422,-1.83105,-0.305176,34.9731,1
1875.13,-0.167969,1.09814,0.980957,-2.31934,0.305176,34.3628,1
1875.14,-0.160156,0.942871,1.04053,-1.89209,0.244141,34.8511,1
1875.15,-0.134766,0.850586,1.021,-0.427246,0.366211,35.0342,1
1875.16,-0.147949,1.13867,0.977051,-0.0610352,0.244141,34.729,1
1875.17,-0.1875,0.955566,0.958008,-2.92969,1.40381,33.3862,1
1875.18,-0.176758,0.911133,0.916016,-0.0610352,1.34277,35.0342,1
1875.19,-0.181152,1.0459,1.0249,-1.28174,1.77002,33.9966,1
1875.2,-0.109863,0.925781,0.993652,-0.915527,0.915527,34.2407,1
1875.21,-0.150391,1.07031,1.00488,0.427246,1.89209,34.6069,1
1875.22,-0.19043,0.904297,0.951172,-1.34277,2.68555,33.8135,1
1875.23,-0.10791,0.855957,0.888184,-0.732422,1.64795,34.1187,1
1875.24,-0.133789,1.07324,0.933105,-0.549316,2.31934,34.4238,1
1875.25,-0.168457,0.933105,0.976074,-1.58691,1.83105,34.1797,1
1875.26,-0.151855,1.04639,1.02441,-0.427246,2.13623,34.2407,1
1875.27,-0.15332,0.989746,0.982422,-1.2207,2.74658,34.4849,1
1875.28,-0.162598,0.839844,0.969238,-0.305176,2.50244,33.9355,1
1875.29,-0.109375,1.1499,0.905273,-0.671387,2.99072,34.1187,1
1875.3,-0.15625,0.871094,0.929688,-2.19727,2.86865,34.6069,1
1875.31,-0.123047,0.954102,1.00049,-0.427246,2.50244,34.0576,1
1875.32,-0.12207,1.18213,0.973145,-0.915527,3.17383,34.4849,1
1875.33,-0.135254,0.809082,0.946289,-2.19727,3.35693,34.0576,1
1875.34,-0.108887,0.909668,0.904297,-0.488281,2.13623,34.668,1
1875.35,-0.097168,0.989746,0.92041,-1.70898,3.11279,34.4238,1
1875.36,-0.135742,1.05811,0.901855,-3.23486,2.62451,34.2407,1
1875.37,-0.111328,0.707031,0.844727,-2.80762,2.86865,35.2173,1
1875.38,-0.0839844,1.06494,0.9375,-0.671387,2.19727,35.2173,1
1875.39,-0.184082,1.04053,1,-3.72314,2.19727,34.668,1
1875.4,-0.148438,0.821777,0.917969,-2.19727,1.58691,35.2783,1
1875.4,-0.15332,0.981445,0.92334,-2.13623,2.19727,35.4614,1
1875.41,-0.165039,1.03369,0.894043,-3.96729,1.64795,35.0952,1
1875.42,-0.129883,0.791992,0.895996,-4.08936,1.95312,35.0342,1
1875.43,-0.129395,1.08154,0.932617,-1.77002,1.58691,36.1328,1
1875.44,-0.146484,0.876953,0.959961,-4.5166,2.0752,35.0952,1
1875.45,-0.117188,0.92627,0.902832,-1.40381,1.09863,36.0107,1
1875.46,-0.131348,0.945312,0.937012,-2.99072,2.0752,35.6445,1
1875.47,-0.226074,0.872559,0.934082,-1.58691,1.40381,35.9497,1
1875.48,-0.105957,1.09814,0.959473,-3.05176,1.95312,35.0342,1
1875.49,-0.123047,0.783691,0.869141,-3.479,1.95312,35.8276,1
1875.5,-0.173828,1.04932,0.887695,-1.46484,2.13623,35.8887,1
1875.51,-0.125488,0.990723,0.879883,-3.60107,1.95312,35.5835,1
1875.52,-0.165527,0.758789,0.93457,-0.915527,2.01416,35.9497,1
1875.53,-0.109863,1.12842,0.953125,-1.15967,2.13623,35.5225,1
1875.54,-0.132324,0.893066,0.876465,-2.62451,1.83105,35.6445,1
1875.55,-0.14209,0.740234,0.935059,-0.915527,1.77002,36.0107,1
1875.56,-0.124512,1.14893,0.928711,0.0610352,2.56348,35.4614,1
1875.57,-0.15625,0.958984,0.972656,-3.17383,3.41797,34.1797,1
1875.58,-0.133301,0.768555,0.884277,0.183105,2.92969,35.5835,1
1875.59,-0.138672,1.09424,0.893066,-1.0376,3.17383,35.2783,1
1875.6,-0.122559,0.735352,0.856934,-2.31934,2.68555,35.2783,1
1875.61,-0.133789,0.938477,0.940918,1.0376,3.41797,35.6445,1
1875.62,-0.124023,0.964844,0.939941,-1.0376,4.02832,34.9121,1
1875.63,-0.120117,0.95166,0.948242,-0.0610352,2.99072,35.1562,1
1875.64,-0.137207,0.810059,0.896973,-0.488281,3.66211,35.1562,1
1875.65,-0.17627,1.09961,0.958984,1.34277,3.72314,34.9121,1
1875.66,-0.124512,0.917969,0.955078,-2.13623,4.3335,34.3628,1
1875.67,-0.109375,0.811523,0.935059,1.0376,3.84521,35.8276,1
1875.68,-0.0849609,1.05762,0.90625,-0.549316,4.39453,34.729,1
1875.69,-0.0654297,0.910156,0.899414,-0.854492,4.21143,35.4614,1
1875.69,-0.115723,0.915039,0.867188,-0.793457,4.3335,34.668,1
1875.7,-0.139648,1.04053,0.880371,-1.40381,3.41797,35.5225,1
1875.71,-0.0966797,0.755371,0.893066,-2.13623,4.3335,34.8511,1
1875.72,-0.0532227,0.998047,0.864746,-0.549316,3.05176,36.2549,1
1875.73,-0.0883789,0.993652,0.940918,-3.17383,3.2959,36.0107,1
1875.74,-0.170898,0.778809,0.950684,-2.74658,2.13623,36.2549,1
1875.75,-0.0966797,1.08984,0.937988,-1.28174,3.11279,35.8276,1
1875.76,-0.20752,0.98291,0.939453,-3.78418,3.54004,36.2549,1
1875.77,-0.0683594,0.88623,0.869629,-0.915527,2.13623,36.6821,1
1875.78,-0.129395,0.904785,0.928223,-2.38037,2.31934,36.9873,1
1875.79,-0.102539,0.884766,0.935547,-0.12207,1.40381,37.5366,1
1875.8,-0.152832,1.05615,0.955078,-1.52588,2.2583,36.8652,1
1875.81,-0.123047,0.787109,0.922363,-0.793457,1.83105,37.5977,1
1875.82,-0.153809,0.994629,0.949707,0.610352,1.77002,37.7808,1
1875.83,-0.123535,1.02393,0.876465,-2.01416,1.28174,37.0483,1
1875.84,-0.101074,0.886719,0.929199,-1.77002,0.915527,37.7197,1
1875.85,-0.140137,1.01465,0.994141,-1.64795,1.70898,38.0249,1
1875.86,-0.145508,1.09131,0.913574,-3.54004,1.52588,37.5977,1
1875.87,-0.145508,0.822754,0.902344,-3.90625,1.2207,38.208,1
1875.88,-0.13916,0.730469,0.927734,-2.50244,1.52588,38.5132,1
1875.89,-0.0605469,1.18311,0.95459,-2.56348,0.854492,37.7197,1
1875.9,-0.078125,0.803711,0.936035,-6.5918,1.58691,37.3535,1
1875.91,-0.132324,0.899902,0.893555,-1.28174,1.70898,38.269,1
1875.92,-0.119629,1.17822,0.847656,-4.21143,1.64795,37.5977,1
1875.93,-0.159668,0.920898,0.995605,-2.56348,2.13623,38.208,1
1875.94,-0.111328,0.829102,0.959961,-0.976562,1.89209,38.0249,1
1875.95,-0.0512695,0.967773,0.894043,-0.12207,2.38037,38.5742,1
1875.96,-0.111816,1.02197,0.95459,-1.2207,2.31934,37.3535,1
1875.97,-0.105469,0.758301,0.963867,0.12207,2.80762,37.9639,1
1875.98,-0.119629,1.13281,0.94873,2.38037,2.38037,37.7197,1
1875.99,-0.105469,0.977539,0.972168,0.549316,2.80762,37.7808,1
1876,-0.078125,0.811523,0.908691,2.74658,2.19727,38.3301,1
1876,-0.0908203,0.984863,0.953125,4.02832,3.17383,38.0249,1
1876.01,-0.118652,1.13574,0.976562,3.60107,2.62451,37.7808,1
1876.02,-0.0712891,0.931641,1.09521,3.05176,3.54004,37.5366,1
1876.03,-0.125,1.12158,0.924805,4.27246,3.11279,37.7808,1
1876.04,-0.15625,0.969727,1.06201,0.671387,3.66211,36.9263,1
1876.05,-0.0810547,0.817383,0.928711,0.244141,2.62451,37.4756,1
1876.06,-0.0869141,1.11035,0.87793,-1.0376,3.479,38.0859,1
1876.07,-0.130859,1.08105,0.987305,-3.66211,3.05176,38.3911,1
1876.08,-0.0688477,0.879395,0.87207,-4.57764,1.70898,38.4521,1
1876.09,-0.0561523,0.5625,0.975098,-3.96729,1.95312,39.4287,1
1876.1,-0.128906,1.36621,0.91748,-3.66211,1.46484,38.5132,1
1876.11,-0.0834961,0.908691,0.884766,-9.70459,1.89209,38.3911,1
1876.12,-0.125488,0.781738,0.982422,-5.00488,1.83105,39.3677,1
1876.13,-0.0297852,0.963867,0.847168,-7.08008,0.183105,39.3677,1
1876.14,-0.015625,1.08398,0.91748,-8.48389,0.854492,39.4897,1
1876.15,-0.121094,0.651855,0.870117,-10.6201,0.549316,38.8184,1
1876.16,-0.132812,0.828613,0.848633,-5.24902,0.671387,40.8325,1
1876.17,-0.0864258,1.10889,0.89502,-8.05664,1.15967,38.5742,1
1876.18,-0.0786133,0.549805,0.824707,-7.93457,0.732422,39.6118,1
1876.19,-0.0429688,0.925781,0.874023,-2.62451,1.52588,39.3677,1
1876.2,-0.0693359,1.14502,0.878418,-6.34766,1.70898,37.9639,1
1876.21,-0.0439453,0.432617,0.88623,-5.5542,2.0752,38.269,1
1876.22,-0.034668,0.882324,0.929199,1.2207,2.2583,38.208,1
1876.23,-0.0385742,1.28467,0.861816,-3.11279,2.13623,37.1704,1
1876.24,-0.0600586,0.561523,0.977539,-1.89209,3.23486,36.6821,1
1876.25,-0.0756836,0.914551,0.977051,3.66211,2.74658,36.8042,1
1876.26,-0.0424805,1.10889,0.998047,1.70898,3.78418,35.2783,1
1876.27,-0.0532227,0.661133,0.974609,1.0376,3.60107,34.79,1
1876.28,-0.0869141,0.962402,0.95459,6.46973,4.15039,35.2173,1
1876.29,-0.0327148,1.23877,0.962402,-0.183105,4.27246,33.0811,1
1876.3,-0.012207,0.355469,0.965332,3.78418,4.21143,35.2783,1
1876.31,-0.00341797,1.49365,1.08545,9.15527,2.99072,33.3862,1
1876.32,-0.183594,1.09668,1.11523,-1.0376,5.18799,32.1655,1
1876.33,-0.0615234,0.386719,0.949707,6.40869,4.5166,34.6069,1
1876.34,-0.0463867,1.46338,0.973633,5.85938,2.99072,32.2266,1
1876.35,0.00830078,0.835938,0.944824,-1.83105,4.5166,33.0811,1
1876.36,-0.0991211,0.735352,1.03125,3.05176,3.11279,33.5693,1
1876.36,-0.117676,1.09766,1.0542,1.95312,3.17383,33.02,1
1876.37,-0.121582,1.13086,0.946289,-0.732422,2.86865,33.6914,1
1876.38,0.0253906,0.86377,0.891113,-1.95312,1.52588,33.3862,1
1876.39,-0.0668945,0.905273,0.880371,-1.28174,2.0752,34.729,1
1876.4,-0.148438,1.19141,0.965332,-3.11279,1.0376,34.3628,1
1876.41,-0.175293,0.666992,1.06201,-5.18799,0.183105,35.7056,1
1876.42,-0.104004,0.775391,0.980469,-0.488281,-0.793457,36.377,1
1876.43,0.0283203,1.27002,0.880371,-3.54004,-1.2207,36.2549,1
1876.44,0.0463867,0.953125,0.788574,-6.65283,-1.83105,36.7432,1
1876.45,-0.0722656,0.686035,0.899902,-5.24902,-2.50244,37.2925,1
1876.46,-0.043457,1.1416,0.975586,-3.90625,-2.68555,37.3535,1
1876.47,-0.0283203,0.976562,0.942383,-7.62939,-2.44141,37.0483,1
1876.48,0.101562,0.714844,0.835938,-4.08936,-2.80762,37.7808,1
1876.49,0.046875,1.23193,0.968262,-3.11279,-2.62451,37.1094,1
1876.5,0.0307617,0.852051,1.04297,-5.7373,-2.92969,36.377,1
1876.51,0.0302734,0.811523,0.989746,-1.0376,-2.99072,36.438,1
1876.52,0.0776367,1.11084,0.862305,-1.83105,-2.86865,35.4004,1
1876.53,0.0170898,0.939453,0.916992,-1.95312,-2.0752,34.9731,1
1876.54,-0.0078125,0.94043,0.98291,-0.671387,-1.40381,33.8135,1
1876.55,-0.0249023,1.01709,1.07959,0.549316,-0.610352,34.3628,1
1876.56,-0.0268555,0.989258,1.104,0.488281,-0.0610352,32.8979,1
1876.57,0.0332031,0.936523,0.966309,1.89209,-0.12207,32.8979,1
1876.58,-0.00830078,1.03857,0.925781,3.2959,1.0376,31.6162,1
1876.59,-0.0405273,0.996582,1.04346,2.0752,1.52588,31.0669,1
1876.6,-0.0424805,1.00586,1.04736,2.2583,1.95312,30.8228,1
1876.61,-0.10498,1.10986,1.02881,1.95312,2.80762,30.3955,1
1876.62,-0.106445,0.932617,1.03174,1.46484,2.99072,29.7852,1
1876.63,-0.0864258,1.05225,1.04492,4.08936,2.86865,29.8462,1
1876.64,-0.12207,1.15479,1.11963,2.0752,4.27246,28.6255,1
1876.65,-0.0517578,0.87207,1.11572,1.28174,4.3335,28.6255,1
1876.65,-0.065918,1.09863,1.05225,1.34277,4.69971,28.6255,1
1876.66,-0.0771484,0.975586,0.977051,-2.99072,4.5166,28.5034,1
1876.67,-0.0913086,0.680664,0.871582,-1.83105,3.96729,29.1138,1
1876.68,-0.0668945,1.05078,0.896973,-2.19727,3.60107,29.1748,1
1876.69,-0.0341797,0.980957,0.875,-5.5542,3.54004,28.8696,1
1876.7,-0.012207,0.719727,0.835449,-7.38525,2.99072,29.541,1
1876.71,-0.0458984,0.90625,0.800293,-7.44629,2.2583,29.7852,1
1876.72,-0.0625,0.800781,0.825684,-10.9253,2.13623,29.8462,1
1876.73,-0.0214844,0.553223,0.721191,-9.33838,1.28174,31.0669,1
1876.74,-0.0317383,0.893555,0.692383,-9.15527,0.366211,31.25,1
1876.75,0.0102539,0.694824,0.786621,-10.376,0.244141,31.311,1
1876.76,0.128906,0.766602,0.767578,-8.11768,-0.305176,32.1655,1
1876.77,0.175293,0.86377,0.823242,-8.66699,-0.427246,32.4097,1
1876.78,0.131348,0.697266,0.850098,-6.40869,-1.15967,32.2876,1
1876.79,0.182617,0.895508,0.923828,-3.479,-0.976562,31.6772,1
1876.8,0.0991211,0.827637,0.894531,-2.31934,-0.488281,31.1279,1
1876.81,0.0761719,0.829102,0.98291,0.366211,-0.610352,30.8838,1
1876.82,0.0981445,0.898438,0.941406,1.77002,-0.305176,30.1514,1
1876.83,0.0722656,1.0791,1.01318,3.2959,0.732422,29.8462,1
1876.84,0.10791,0.803223,1.09326,2.56348,1.40381,29.0527,1
1876.85,0.19043,0.887695,0.983398,6.65283,1.2207,28.9307,1
1876.86,0.11377,1.13965,1.05225,5.43213,2.62451,27.5269,1
1876.87,0.078125,0.791992,1.0708,5.06592,3.2959,26.5503,1
1876.88,0.0668945,0.968262,1.08203,7.20215,3.72314,26.2451,1
1876.89,0.027832,1.12842,1.08594,4.39453,4.63867,25.8179,1
1876.9,0.097168,0.751465,1.02393,2.56348,4.39453,25.0854,1
1876.91,0.0766602,0.822266,0.974121,4.69971,4.82178,26.001,1
1876.92,0.0649414,1.19971,0.995605,2.31934,5.12695,25.4517,1
1876.93,0.00585938,0.903809,1.03564,-2.0752,5.24902,25.2075,1
1876.94,0.0078125,0.836426,1.02197,-1.95312,4.27246,25.9399,1
1876.95,0.00927734,0.995117,1.05225,-5.18799,4.39453,25.8179,1
1876.96,0.0297852,0.727051,0.901367,-6.5918,3.17383,26.001,1
1876.97,0.0458984,0.806641,0.827148,-5.67627,3.479,26.7334,1
1876.98,0.0253906,1.021,0.852051,-8.36182,2.56348,26.6113,1
1876.99,-0.00927734,0.743652,0.947754,-9.8877,1.58691,27.5879,1
1877,0.0170898,0.734375,0.87793,-8.60596,1.28174,28.5034,1
1877.01,0.00292969,0.903809,0.788574,-8.91113,0.854492,28.7476,1
1877.02,-0.00537109,0.635742,0.854004,-8.48389,0.244141,29.0527,1
1877.03,0.0341797,0.760254,0.845215,-5.37109,-1.0376,29.8462,1
1877.04,0.0136719,0.804688,0.828613,-5.5542,-0.915527,30.5786,1
1877.05,0.0180664,0.65918,0.87207,-4.45557,-1.28174,30.8228,1
1877.06,0.0302734,0.744141,0.837891,-2.62451,-1.2207,31.4331,1
1877.07,0.00537109,0.723633,0.86377,-2.13623,-0.793457,31.4331,1
1877.07,0.0595703,0.781738,0.887695,-0.427246,-1.64795,31.3721,1
1877.08,0.034668,0.887207,0.98291,0.305176,-0.732422,31.7383,1
1877.09,0.0166016,0.878418,1.06006,-0.12207,-0.183105,31.25,1
1877.1,-0.0249023,0.712402,1.01074,1.0376,0.671387,31.6772,1
1877.11,-0.078125,0.799316,1.01318,3.41797,1.40381,31.7383,1
1877.12,-0.0825195,0.914551,1.00391,3.05176,2.31934,31.1279,1
1877.13,-0.0361328,0.762695,1.05664,2.68555,2.68555,30.8228,1
1877.14,-0.0678711,0.796875,1.01904,2.44141,3.72314,31.189,1
1877.15,-0.00341797,1.03027,0.958008,0.183105,4.76074,30.7617,1
1877.16,-0.0561523,0.804688,1.06152,-2.44141,5.5542,30.3955,1
1877.17,-0.114258,0.832031,1.07666,-0.732422,5.67627,31.4331,1
1877.18,-0.116699,0.929199,0.973633,-2.13623,6.22559,31.189,1
1877.19,-0.164551,0.723633,0.999512,-2.50244,5.98145,31.189,1
1877.2,-0.15332,0.918457,1.01562,-2.50244,6.34766,31.5552,1
1877.21,-0.141602,0.981934,0.985352,-5.00488,7.08008,32.0435,1
1877.22,-0.129883,0.660156,0.915527,-5.61523,6.16455,32.2876,1
1877.23,-0.0981445,0.689453,0.927246,-3.17383,5.7373,33.8135,1
1877.24,-0.0888672,0.903809,0.916992,-3.96729,5.43213,33.5693,1
1877.25,-0.0917969,0.730469,0.92041,-4.63867,5.06592,33.9966,1
1877.26,-0.106934,0.680664,0.873535,-2.38037,4.5166,35.5835,1
1877.27,-0.123047,0.841309,0.799805,-2.31934,3.54004,35.8276,1
1877.28,-0.138672,0.657715,0.816406,-2.13623,2.99072,36.499,1
1877.29,-0.103027,0.692383,0.881836,0,2.31934,37.3535,1
1877.3,-0.0532227,0.81543,0.86377,-0.671387,1.95312,37.6587,1
1877.31,-0.0595703,0.668945,0.856445,-1.46484,0.488281,38.5742,1
1877.32,-0.0205078,0.771973,0.945312,-1.28174,0.244141,38.7573,1
1877.33,0.131348,0.85791,0.935547,-2.13623,0.0610352,39.3066,1
1877.33,0.111328,0.842773,0.983398,-1.28174,0.0610352,39.7949,1
1877.34,0.131836,0.825684,1.03809,-1.46484,-0.732422,39.3066,1
1877.35,0.074707,0.90918,1.06885,-0.610352,-1.15967,39.5508,1
1877.36,0.0678711,0.846191,1.0918,-1.83105,-0.366211,38.9404,1
1877.37,0.0610352,0.720703,1.0127,-1.46484,-1.15967,39.4897,1
1877.38,0.138672,0.960938,1.00195,-1.28174,-1.77002,39.4287,1
1877.39,0.191406,0.866699,1.06006,-2.80762,-1.28174,39.2456,1
1877.4,0.249512,0.804688,1.05908,-1.40381,-1.89209,38.9404,1
1877.41,0.174316,0.957031,1.03857,-1.15967,-0.976562,38.4521,1
1877.42,0.119629,0.907715,1.01172,-2.56348,-1.09863,37.6587,1
1877.43,0.154785,0.678223,1.04053,-2.13623,-0.610352,37.7808,1
1877.44,0.184082,0.823242,0.986328,-0.549316,-0.671387,37.9639,1
1877.45,0.262695,0.932617,0.959473,-2.56348,-0.305176,36.8042,1
1877.46,0.229492,0.643555,0.970703,-1.46484,-0.183105,36.9263,1
1877.47,0.193848,0.890625,1.00342,0.244141,-0.183105,36.499,1
1877.48,0.152832,0.936035,0.971191,-2.2583,0.183105,35.5835,1
1877.49,0.128418,0.650391,0.983887,-1.28174,0.0610352,35.7056,1
1877.5,0.221191,0.845215,0.966309,-0.366211,0.305176,35.5225,1
1877.51,0.25293,0.919922,0.918945,-1.95312,0.427246,35.1562,1
1877.52,0.239258,0.526367,0.93457,-2.31934,0.793457,34.9121,1
1877.53,0.210938,0.759766,0.865723,-0.0610352,0.854492,34.79,1
1877.54,0.197266,0.986816,0.860352,-3.54004,1.58691,33.6914,1
1877.55,0.166016,0.575684,0.927734,-4.02832,1.70898,33.7524,1
1877.56,0.197266,0.779297,0.987305,-1.2207,1.40381,33.5693,1
1877.57,0.21582,0.884277,0.991211,-2.74658,1.95312,33.1421,1
1877.58,0.206543,0.623047,0.942383,-2.19727,1.89209,33.2642,1
1877.59,0.21582,0.830078,0.9375,-0.671387,2.19727,33.0811,1
1877.6,0.186035,0.983398,0.947754,-1.95312,2.50244,32.4707,1
1877.61,0.163086,0.616699,1.03418,-1.2207,2.56348,32.5928,1
1877.61,0.154785,0.759277,1.06299,1.0376,2.13623,32.5317,1
1877.62,0.204102,0.941406,0.967285,-1.0376,2.56348,32.0435,1
1877.63,0.211426,0.60791,0.95166,-1.28174,2.62451,32.2876,1
1877.64,0.205078,0.88916,1.01807,0.305176,1.95312,32.5928,1
1877.65,0.240723,0.958984,1,-1.83105,2.13623,32.1045,1
1877.66,0.15332,0.572266,0.989746,-1.15967,2.01416,32.3486,1
1877.67,0.162598,0.871582,0.944336,1.34277,1.83105,32.5928,1
1877.68,0.17627,0.974121,0.990234,-0.915527,2.44141,32.1045,1
1877.69,0.17627,0.558594,1.04248,-0.12207,2.31934,32.5928,1
1877.7,0.182129,0.858887,1.01465,2.01416,1.64795,33.1421,1
1877.71,0.174316,0.924316,0.958984,-0.793457,2.01416,32.5317,1
1877.72,0.203125,0.564453,0.935059,-0.0610352,1.70898,33.2031,1
1877.73,0.212402,0.812988,0.943848,2.2583,1.58691,33.6304,1
1877.74,0.169922,0.987305,1.00049,-0.488281,1.34277,33.2642,1
1877.75,0.121582,0.553711,0.960938,-1.77002,1.0376,34.0576,1
1877.76,0.158691,0.79834,0.916504,0.12207,0.366211,34.9121,1
1877.77,0.24707,0.966797,0.910645,-3.35693,0.915527,34.2407,1
1877.78,0.264648,0.625977,1.00537,-2.86865,0.732422,34.5459,1
1877.79,0.182617,0.850098,1.02148,-0.610352,1.28174,34.4849,1
1877.8,0.190918,0.911133,0.944336,-2.19727,1.09863,33.8745,1
1877.81,0.187012,0.675781,0.930664,-1.77002,1.0376,34.6069,1
1877.82,0.25,0.82373,0.964355,-1.40381,1.09863,34.668,1
1877.83,0.28418,0.9375,1.0166,-3.60107,1.28174,33.9966,1
1877.84,0.182129,0.73584,1.01465,-4.08936,1.58691,34.2407,1
1877.85,0.166504,0.790527,0.966797,-3.11279,1.28174,34.5459,1
1877.86,0.227539,0.859863,0.907227,-4.08936,1.2207,34.0576,1
1877.87,0.261719,0.668457,0.956055,-2.74658,1.15967,34.4849,1
1877.88,0.207031,0.887695,1.00928,-0.976562,1.2207,34.1187,1
1877.89,0.167969,0.737305,0.932617,-2.19727,1.34277,33.6304,1
1877.9,0.154785,0.730469,0.885254,0.732422,1.2207,34.3628,1
1877.91,0.190918,0.875,0.933105,0.183105,1.28174,33.8135,1
1877.92,0.25293,0.657227,0.994141,0.915527,0.305176,34.1797,1
1877.93,0.208008,0.847656,1.04443,3.35693,0.488281,34.3018,1
1877.94,0.171387,0.854004,1.0166,1.89209,0.549316,33.7524,1
1877.95,0.13916,0.762695,0.939941,2.74658,0.427246,33.9355,1
1877.96,0.140137,0.893555,0.970703,1.95312,0.915527,33.5693,1
1877.97,0.154297,0.777832,1.01953,1.40381,0.915527,33.7524,1
1877.97,0.160645,0.838867,1.02148,1.40381,0.610352,33.7524,1
1877.98,0.173828,0.837891,0.964844,0.427246,0.854492,33.6304,1
1877.99,0.193848,0.725098,0.915039,0.610352,0.305176,33.8135,1
1878,0.189453,0.844727,0.949219,0.549316,0.305176,33.5693,1
1878.01,0.179688,0.878418,0.984375,-0.549316,0.610352,33.3252,1
1878.02,0.105957,0.736816,0.984375,-0.976562,0.732422,33.5083,1
1878.03,0.0917969,0.912598,0.9375,-1.89209,0.671387,33.2642,1
1878.04,0.101074,0.867188,0.929199,-4.39453,1.0376,32.8979,1
1878.05,0.175293,0.699219,0.935547,-4.21143,0.976562,33.5083,1
1878.06,0.23877,0.851562,0.982422,-3.96729,0.549316,33.2642,1
1878.07,0.225586,0.825195,0.989258,-5.12695,1.0376,32.5317,1
1878.08,0.201172,0.778809,0.885254,-4.57764,0.976562,32.7759,1
1878.09,0.135742,0.900391,0.897461,-5.18799,1.58691,32.2876,1
1878.1,0.126953,0.89502,0.993164,-5.79834,1.2207,32.2876,1
1878.11,0.21875,0.729004,1.02344,-4.69971,1.28174,32.2266,1
1878.12,0.275879,0.792969,1.00293,-2.19727,1.40381,32.2266,1
1878.13,0.246094,0.853516,0.960449,-2.31934,1.58691,31.25,1
1878.14,0.200195,0.804199,0.955078,-1.89209,1.64795,31.4331,1
1878.15,0.124512,0.854492,1.01562,-1.2207,2.0752,31.4941,1
1878.16,0.121582,0.793457,1.07422,-1.0376,2.0752,31.25,1
1878.17,0.178711,0.867188,0.998047,0.366211,1.83105,31.8604,1
1878.18,0.214355,0.754395,1.02246,0.305176,2.19727,31.8604,1
1878.19,0.250977,0.736816,0.965332,1.52588,1.46484,31.7993,1
1878.2,0.193359,0.875,0.983398,1.83105,1.95312,31.6772,1
1878.21,0.127441,0.841797,1.03564,2.2583,1.95312,31.4331,1
1878.22,0.0449219,0.79248,1.06006,3.41797,2.31934,31.4331,1
1878.23,0.00976562,0.850586,0.976074,4.02832,2.50244,31.7383,1
1878.24,0.0209961,0.743164,0.951172,2.99072,2.74658,31.6162,1
1878.25,0.0556641,0.712402,0.956543,3.11279,2.56348,31.9824,1
1878.26,0.0800781,0.912109,0.964355,1.95312,3.05176,31.7383,1
1878.27,0.0732422,0.884277,0.964355,-0.12207,3.41797,31.4331,1
1878.28,0.0078125,0.824219,0.961426,0,3.479,31.9824,1
1878.29,-0.0639648,0.862793,0.927734,-0.854492,3.72314,31.7383,1
1878.29,-0.0600586,0.813965,0.896484,-1.95312,3.479,31.9824,1
1878.3,-0.0307617,0.717285,0.904297,-3.17383,3.479,32.1655,1
1878.31,0.0576172,0.837402,0.87207,-3.05176,3.17383,32.7759,1
1878.32,0.0273438,0.896973,0.912109,-4.45557,4.08936,32.4097,1
1878.33,-0.00830078,0.779297,0.907227,-4.82178,3.41797,32.5928,1
1878.34,-0.0405273,0.839844,0.897949,-3.23486,3.78418,33.3862,1
1878.35,-0.0229492,0.869141,0.878906,-3.54004,3.96729,33.02,1
1878.36,-0.0166016,0.759277,0.946777,-2.44141,3.60107,33.7524,1
1878.37,0.0219727,0.87793,0.95166,-2.01416,3.78418,33.5693,1
1878.38,0.0234375,0.777344,0.947266,-2.50244,3.41797,33.6914,1
1878.39,-0.0112305,0.786133,0.923828,-0.366211,3.479,34.3018,1
1878.4,-0.0170898,0.907715,0.88623,-0.671387,3.2959,33.9355,1
1878.41,-0.019043,0.759766,0.922363,0,3.72314,34.4849,1
1878.42,0.0112305,0.828125,0.939453,1.70898,3.35693,35.0342,1
1878.43,0.015625,0.841309,0.979004,1.58691,3.54004,35.0952,1
1878.44,-0.0126953,0.828125,0.954102,2.2583,2.92969,35.3394,1
1878.45,-0.0244141,0.804688,0.967773,2.13623,2.99072,35.6445,1
1878.46,-0.0302734,0.812988,0.920898,1.58691,3.23486,35.4004,1
1878.47,-0.0078125,0.900879,0.918945,0.610352,2.80762,36.1328,1
1878.48,0.0112305,0.939453,0.914551,-0.549316,2.68555,35.8887,1
1878.49,-0.03125,0.765137,0.995117,-1.15967,2.2583,36.3159,1
1878.5,-0.0273438,0.946289,0.970215,-0.0610352,2.68555,37.1704,1
1878.51,-0.00292969,0.869629,0.902344,-3.17383,2.62451,36.1938,1
1878.52,0.0107422,0.713867,0.900879,-1.64795,1.89209,37.5366,1
1878.53,0.0107422,0.984863,0.90918,-1.95312,2.0752,37.0483,1
1878.54,-0.00439453,0.809082,0.916992,-3.479,1.77002,37.2314,1
1878.55,-0.0517578,0.761719,0.979492,-0.915527,1.64795,37.7808,1
1878.56,-0.0161133,1.07227,0.957031,-1.77002,1.58691,37.2314,1
1878.57,-0.043457,0.821777,0.95459,-2.80762,1.89209,37.2314,1
1878.58,-0.00927734,0.869141,0.969238,-0.366211,1.70898,37.9639,1
1878.58,-0.0380859,0.982422,0.961914,-0.427246,2.38037,37.5366,1
1878.59,-0.0366211,0.835449,0.974609,0.12207,1.77002,37.5977,1
1878.6,-0.0498047,0.790527,0.991699,1.58691,2.56348,38.0249,1
1878.61,-0.0634766,1.00488,0.974609,1.70898,2.38037,37.4756,1
1878.62,-0.0786133,0.932129,0.96582,0,2.62451,37.2314,1
1878.63,-0.0981445,0.810547,1.01416,0.976562,2.99072,37.9639,1
1878.64,-0.0795898,1.01758,0.949219,0.732422,3.05176,37.9028,1
1878.65,-0.078125,0.830566,0.975586,-0.549316,3.23486,37.7808,1
1878.66,-0.0258789,0.896484,0.981445,0.610352,2.74658,38.269,1
1878.67,-0.0795898,0.953125,0.95166,-0.854492,3.90625,38.147,1
1878.68,-0.0854492,0.799316,0.950684,-0.793457,3.35693,38.3301,1
1878.69,-0.0932617,0.908203,0.964844,-0.610352,3.84521,38.5742,1
1878.7,-0.090332,0.84668,0.953613,-1.58691,3.84521,38.3301,1
1878.71,-0.0922852,0.88623,0.941406,-0.793457,3.35693,39.1235,1
1878.72,-0.0922852,1.03955,0.955078,-2.31934,3.41797,38.6353,1
1878.73,-0.0683594,0.791992,0.958496,-3.05176,3.90625,39.0625,1
1878.74,-0.0854492,0.916504,0.887207,-1.77002,3.66211,39.6118,1
1878.75,-0.059082,0.933105,0.897461,-3.84521,3.54004,39.1846,1
1878.76,-0.0908203,0.679199,0.910156,-2.86865,2.86865,40.1001,1
1878.77,-0.0380859,0.895996,0.932617,-1.95312,2.2583,40.2222,1
1878.78,-0.0317383,0.969238,0.851562,-3.35693,2.19727,40.2832,1
1878.79,-0.00537109,0.719238,0.863281,-2.56348,2.01416,41.0156,1
1878.8,0.00732422,0.944824,0.923828,-0.976562,1.77002,41.0767,1
1878.81,0.0209961,1.00391,0.966309,-2.2583,1.77002,40.8325,1
1878.82,0.0263672,0.722656,0.955078,-0.793457,1.34277,41.3818,1
1878.83,0.03125,0.941895,0.934082,1.28174,1.34277,41.5649,1
1878.84,0.0322266,1.03809,0.963867,-0.793457,1.58691,40.6494,1
1878.85,0.0341797,0.762207,1.00977,-0.0610352,1.2207,40.8325,1
1878.86,0.0478516,0.969727,0.945801,1.70898,1.28174,41.2598,1
1878.87,0.0332031,1.01807,0.961914,-0.183105,1.52588,40.8325,1
1878.87,0.0205078,0.722656,0.947266,0.244141,1.09863,40.9546,1
1878.88,0.109375,0.90625,0.903809,2.68555,1.28174,40.7104,1
1878.89,0.115723,1.00098,0.95752,1.64795,2.0752,40.1611,1
1878.9,0.12207,0.859863,0.956055,1.58691,1.52588,40.0391,1
1878.91,0.0996094,0.898926,0.977051,1.70898,1.70898,39.7949,1
1878.92,0.0336914,0.953613,0.938965,0.915527,2.31934,39.5508,1
1878.93,0.0390625,0.868652,0.912109,-0.305176,2.38037,39.4897,1
1878.94,0.108398,0.916992,0.898438,-0.610352,2.2583,39.3677,1
1878.95,0.143555,0.988281,0.955566,-1.2207,2.01416,39.3677,1
1878.96,0.125488,0.905762,1.02881,-1.46484,2.19727,39.0625,1
1878.97,0.0874023,0.911133,0.997559,-1.28174,2.01416,38.5742,1
1878.98,0.0371094,0.972656,0.979492,-1.52588,2.56348,38.5742,1
1878.99,0.0512695,0.893555,0.900879,-2.50244,2.68555,38.3911,1
1879,0.106445,0.914062,0.935059,-2.56348,2.0752,38.3301,1
1879.01,0.169922,0.892578,1.01123,-3.17383,2.38037,38.147,1
1879.02,0.140625,0.803223,0.959473,-1.77002,1.89209,38.7573,1
1879.03,0.135254,0.951172,0.961426,-1.46484,1.64795,38.147,1
1879.04,0.09375,0.961426,0.907227,-2.44141,2.2583,37.8418,1
1879.05,0.0429688,0.83252,0.92334,-2.0752,2.13623,38.0859,1
1879.06,0.0439453,0.935059,0.924805,-1.95312,1.95312,38.0249,1
1879.07,0.0805664,0.866211,0.961426,-1.34277,1.70898,38.5742,1
1879.08,0.126465,0.856934,0.987305,0,1.77002,38.147,1
1879.09,0.142578,0.930176,0.931641,0.183105,1.40381,37.5977,1
1879.1,0.0717773,0.975586,0.989258,0.549316,1.77002,37.8418,1
1879.11,0.027832,0.988281,0.962891,-0.549316,1.40381,37.1094,1
1879.12,0.0273438,0.831055,0.946289,0,1.2207,37.9639,1
1879.13,0.090332,0.946777,0.95166,0.793457,1.46484,37.8418,1
1879.14,0.15918,0.946777,0.934082,-0.366211,0.915527,37.4146,1
1879.15,0.09375,0.88623,1.00586,0.12207,0.915527,37.7197,1
1879.16,0.0585938,1.04541,0.999512,-0.244141,0.671387,37.5366,1
1879.16,0.046875,0.938965,0.962891,-1.0376,1.0376,37.3535,1
1879.17,0.0112305,0.929688,0.952637,-0.305176,0.793457,36.9873,1
1879.18,0.0615234,1.05322,0.973633,-1.28174,1.15967,36.377,1
1879.19,0.0678711,0.841797,0.998535,-1.40381,1.34277,36.9263,1
1879.2,0.0737305,0.945312,0.995117,-1.15967,0.854492,36.8652,1
1879.21,0.152832,1.00049,0.93457,-2.19727,0.610352,36.5601,1
1879.22,0.046875,0.876953,0.966309,-2.13623,1.09863,36.5601,1
1879.23,0.0634766,0.978027,1.00781,-2.31934,0.671387,35.8276,1
1879.24,0.0581055,0.842773,0.92334,-2.56348,1.0376,36.3159,1
1879.25,0.0483398,0.934082,0.910156,-2.01416,0.854492,35.9497,1
1879.26,0.0859375,0.904785,0.891113,-2.86865,0.732422,35.5835,1
1879.27,0.116211,0.947754,0.90332,-1.83105,0.976562,35.6445,1
1879.28,0.0551758,0.952637,1.00732,-2.92969,1.34277,35.5835,1
1879.29,0.0600586,0.860352,0.95459,-2.31934,0.915527,35.0952,1
1879.3,0.0488281,1.00781,0.958984,-2.2583,1.77002,34.4238,1
1879.31,0.0136719,0.865234,0.894531,-2.38037,2.01416,34.4849,1
1879.32,0.10498,0.858887,0.91748,-1.58691,1.52588,34.3628,1
1879.33,0.128418,0.998535,0.913086,-2.50244,1.83105,33.7524,1
1879.34,0.0932617,0.890625,0.982422,-2.68555,2.31934,33.6914,1
1879.35,0.0493164,0.969238,0.975098,-2.19727,2.99072,33.1421,1
1879.36,0.0170898,0.860352,0.936523,-2.80762,3.11279,32.959,1
1879.37,0.0610352,0.917969,0.947754,-1.83105,3.05176,32.959,1
1879.38,0.097168,0.938965,0.922852,-3.17383,3.05176,32.2266,1
1879.39,0.103516,0.880371,0.945801,-2.0752,3.11279,32.3486,1
1879.4,0.0439453,0.981445,1.00586,-1.95312,3.72314,32.1045,1
1879.41,0.0395508,0.859375,0.961426,-2.50244,3.66211,31.7993,1
1879.42,0.0664062,0.883789,0.913574,-2.0752,3.2959,31.8604,1
1879.43,0.0625,0.914062,0.947266,-2.86865,3.90625,31.4331,1
1879.44,0.0722656,0.815918,0.945312,-2.80762,3.479,31.311,1
1879.44,0.107422,1.00049,0.947266,-2.38037,3.35693,31.4331,1
1879.45,0.0927734,0.825195,0.932129,-3.2959,3.96729,31.311,1
1879.46,0.0546875,0.791016,0.927734,-1.83105,3.54004,31.6772,1
1879.47,0.0610352,0.922363,0.956543,-3.54004,3.35693,30.8228,1
1879.48,0.106445,0.802734,0.91748,-3.41797,3.05176,31.4941,1
1879.49,0.115234,0.853027,0.960449,-3.23486,3.11279,31.3721,1
1879.5,0.126953,0.884766,0.963867,-4.15039,2.38037,30.7007,1
1879.51,0.131836,0.800781,0.934082,-4.15039,2.2583,30.8838,1
1879.52,0.132812,0.819336,0.905762,-3.54004,2.68555,31.189,1
1879.53,0.116211,0.844238,0.929199,-4.94385,2.13623,30.6396,1
1879.54,0.144531,0.749512,0.952637,-5.61523,1.64795,31.0059,1
1879.55,0.190918,0.804688,0.931152,-5.06592,1.58691,31.25,1
1879.56,0.214355,0.768066,0.947266,-5.98145,1.34277,30.3955,1
1879.57,0.189941,0.745605,0.918457,-5.18799,0.671387,30.3955,1
1879.58,0.166504,0.803223,0.873535,-4.69971,1.09863,30.0903,1
1879.59,0.15625,0.811523,0.860352,-5.00488,1.09863,29.4189,1
1879.6,0.172363,0.679688,0.895996,-4.39453,0.976562,29.6631,1
1879.61,0.194336,0.755859,0.974121,-2.80762,0.732422,29.8462,1
1879.62,0.203613,0.796387,0.999512,-3.2959,0.610352,29.0527,1
1879.63,0.202148,0.666016,0.95166,-2.92969,0.610352,28.8696,1
1879.64,0.216797,0.779297,0.898438,-2.68555,0.427246,28.3203,1
1879.65,0.202148,0.752441,0.931152,-3.2959,0.244141,27.832,1
1879.66,0.188477,0.729004,0.973145,-2.19727,0.0610352,28.0762,1
1879.67,0.17041,0.81543,0.984863,-2.01416,0.427246,27.4658,1
1879.68,0.161621,0.714844,0.991699,-2.01416,0.427246,27.0386,1
1879.69,0.189941,0.67041,0.96875,-1.0376,0.305176,27.0386,1
1879.7,0.227539,0.77002,0.980469,-1.28174,0.366211,26.4282,1
1879.71,0.254883,0.704102,1.00879,-1.95312,0.183105,25.8789,1
1879.72,0.20459,0.705566,1.00049,-1.58691,0.12207,25.7568,1
1879.73,0.174316,0.76416,0.996582,-2.0752,0.244141,25.1465,1
1879.74,0.151367,0.692871,0.965332,-2.62451,0.549316,24.8413,1
1879.75,0.187012,0.726562,0.94873,-2.31934,0.549316,24.6582,1
1879.76,0.210938,0.64502,1.01318,-3.17383,0.427246,23.9258,1
1879.76,0.228516,0.655273,1.02881,-2.86865,0.671387,23.8037,1
1879.77,0.185547,0.703125,0.938477,-4.02832,1.0376,22.8271,1
1879.78,0.155273,0.59082,0.938965,-4.15039,1.0376,22.7051,1
1879.79,0.181641,0.669434,0.996094,-4.39453,0.305176,22.2168,1
1879.8,0.22168,0.577148,1.00928,-5.24902,0.366211,21.9116,1
1879.81,0.219727,0.519043,1.00293,-4.82178,0.183105,21.7285,1
1879.82,0.190918,0.619629,0.992676,-5.61523,0.366211,20.6299,1
1879.83,0.18457,0.554199,0.965332,-6.5918,0.915527,19.8364,1
1879.84,0.193359,0.478516,0.946289,-7.01904,0.732422,19.4702,1
1879.85,0.208984,0.540527,0.956543,-7.56836,0.427246,18.7378,1
1879.86,0.216309,0.422363,0.978027,-8.48389,0.488281,18.0664,1
1879.87,0.195312,0.334473,0.968262,-7.38525,0.427246,17.5781,1
1879.88,0.181641,0.42041,0.955566,-7.20215,0.244141,16.3574,1
1879.89,0.162598,0.366211,0.95752,-8.23975,0.183105,14.8926,1
1879.9,0.157227,0.245117,0.972656,-8.30078,0.183105,14.0381,1
1879.91,0.167969,0.287109,0.980469,-8.23975,0.244141,13.0005,1
1879.92,0.168945,0.211426,0.943359,-8.97217,0.366211,11.5967,1
1879.93,0.163574,0.161621,0.960449,-9.21631,0,10.5591,1
1879.94,0.169922,0.174316,1.00781,-9.76562,-0.0610352,9.09424,1
1879.95,0.148438,0.0893555,0.91748,-10.1318,-0.183105,8.23975,1
1879.96,0.137207,0.104004,0.923828,-10.5591,-0.610352,6.83594,1
1879.97,0.120605,0.0205078,0.939941,-12.085,-0.427246,5.12695,1
1879.98,0.119629,-0.027832,0.983398,-12.6953,-0.427246,3.66211,1
1879.99,0.114258,-0.00292969,1.04248,-13.4277,-0.183105,2.13623,1
1880,0.109375,-0.0961914,0.995117,-14.1602,-0.305176,0.671387,1
1880.01,0.0771484,-0.129395,0.960938,-14.1602,-0.366211,-0.732422,1
1880.02,0.0395508,-0.141113,0.960938,-14.4653,-0.0610352,-2.38037,1
1880.03,-0.00634766,-0.193359,0.957031,-14.5874,0.12207,-3.60107,1
1880.04,-0.0371094,-0.25,0.98291,-14.3433,0.305176,-4.82178,1
1880.05,-0.0439453,-0.291016,1.00439,-13.7329,0.305176,-6.22559,1
1880.06,-0.0415039,-0.313477,0.99707,-13.1226,0.549316,-7.50732,1
1880.07,-0.00830078,-0.296387,1.00146,-12.2681,0.732422,-8.54492,1
1880.08,-0.00927734,-0.382324,1,-12.0239,1.2207,-9.64355,1
1880.09,-0.0371094,-0.464844,0.970703,-10.437,1.28174,-10.498,1
1880.1,-0.123047,-0.403809,0.894043,-9.27734,1.58691,-11.3525,1
1880.11,-0.137207,-0.469727,0.932129,-8.91113,1.83105,-12.5732,1
1880.11,-0.135254,-0.485352,0.98584,-7.20215,2.0752,-12.9395,1
1880.12,-0.10791,-0.510254,1.0791,-6.5918,2.0752,-13.916,1
1880.13,-0.0805664,-0.516113,1.08301,-5.43213,2.31934,-14.2822,1
1880.14,-0.0776367,-0.444824,1.05518,-5.67627,2.62451,-15.1367,1
1880.15,-0.0996094,-0.535156,1.00879,-5.5542,2.86865,-15.625,1
1880.16,-0.0991211,-0.513184,1.04053,-4.63867,2.92969,-15.7471,1
1880.17,-0.0966797,-0.560547,1.12598,-4.5166,3.05176,-16.4795,1
1880.18,-0.081543,-0.655273,1.17334,-3.11279,3.17383,-16.6626,1
1880.19,-0.0908203,-0.516113,1.11865,-2.01416,3.17383,-16.6626,1
1880.2,-0.104492,-0.543945,1.08154,-3.35693,3.2959,-17.9443,1
1880.21,-0.138184,-0.653809,1.08887,-2.44141,3.11279,-17.5781,1
1880.22,-0.116699,-0.551758,1.1123,-1.52588,3.17383,-17.7002,1
1880.23,-0.105957,-0.562012,1.07471,-2.01416,3.17383,-18.6768,1
1880.24,-0.106445,-0.646973,1.05615,-1.40381,2.56348,-18.7988,1
1880.25,-0.124512,-0.567383,1.04932,-0.488281,1.89209,-18.8599,1
1880.26,-0.130859,-0.571777,1.05518,-1.34277,1.83105,-19.7754,1
1880.27,-0.140625,-0.585938,1.01074,-1.28174,1.77002,-19.8364,1
1880.28,-0.143066,-0.577637,1.01758,-2.0752,1.64795,-20.5688,1
1880.29,-0.148926,-0.671875,1.05127,-1.70898,1.15967,-20.9351,1
1880.3,-0.141113,-0.644043,1.04297,-0.671387,0.976562,-21.3013,1
1880.31,-0.146484,-0.63916,0.986328,-0.549316,0.793457,-22.0337,1
1880.32,-0.153809,-0.663086,0.96875,-0.305176,0.488281,-22.3999,1
1880.33,-0.171387,-0.634766,0.976074,-0.854492,0.244141,-23.1323,1
1880.34,-0.16748,-0.64502,0.974121,-1.2207,0.427246,-23.8037,1
1880.35,-0.162598,-0.658203,0.975098,-1.2207,0.366211,-24.292,1
1880.36,-0.134277,-0.665039,0.937012,-1.15967,0,-24.6582,1
1880.37,-0.146484,-0.705078,0.927734,-0.915527,-0.183105,-25.1465,1
1880.38,-0.148438,-0.648438,0.953125,-0.12207,-0.427246,-25.5127,1
1880.39,-0.14209,-0.612793,0.90625,-0.732422,-0.12207,-26.5503,1
1880.4,-0.140625,-0.740723,0.893555,-0.488281,-0.244141,-26.7334,1
1880.41,-0.157715,-0.719727,0.925293,0.183105,-0.854492,-26.8555,1
1880.41,-0.156738,-0.658691,0.993652,-0.12207,-0.366211,-27.5269,1
1880.42,-0.192871,-0.695801,1.08203,-0.549316,0.183105,-27.8931,1
1880.43,-0.15625,-0.692383,1.00977,-0.427246,0.610352,-27.9541,1
1880.44,-0.137207,-0.67041,0.900391,-0.671387,1.15967,-27.9541,1
1880.45,-0.123047,-0.716797,0.90625,-1.28174,1.28174,-28.1982,1
1880.46,-0.146484,-0.736816,1.01562,-1.83105,1.09863,-28.3203,1
1880.47,-0.146484,-0.709473,1.08496,-2.19727,1.64795,-28.1982,1
1880.48,-0.163086,-0.699219,1.03857,-2.62451,2.19727,-28.2593,1
1880.49,-0.143066,-0.765137,0.927734,-2.13623,2.0752,-28.1982,1
1880.5,-0.133789,-0.680176,0.897949,-1.2207,2.13623,-27.9541,1
1880.51,-0.144043,-0.696289,0.979492,-1.83105,2.44141,-28.8086,1
1880.52,-0.137695,-0.770996,0.996582,-0.793457,2.19727,-28.5034,1
1880.53,-0.141602,-0.668945,0.980469,-0.305176,2.13623,-28.6865,1
1880.54,-0.129883,-0.729004,0.904785,-0.305176,1.89209,-29.0527,1
1880.55,-0.121582,-0.794434,0.875488,0.915527,1.46484,-28.7476,1
1880.56,-0.127441,-0.739258,0.949219,1.46484,1.0376,-29.2358,1
1880.57,-0.125977,-0.756836,0.984375,1.15967,0.854492,-29.6021,1
1880.58,-0.148438,-0.700684,0.974121,1.09863,1.15967,-29.2969,1
1880.59,-0.141113,-0.683594,0.923828,-0.183105,1.2207,-29.8462,1
1880.6,-0.105957,-0.795898,0.931641,-0.671387,0.976562,-29.8462,1
1880.61,-0.120605,-0.762207,0.963379,-0.610352,0.488281,-29.8462,1
1880.62,-0.0888672,-0.768555,0.977051,-1.40381,1.15967,-30.0293,1
1880.63,-0.120117,-0.750488,1.00439,-2.0752,1.46484,-29.8462,1
1880.64,-0.137695,-0.683594,1.02002,-3.2959,1.09863,-30.2734,1
1880.65,-0.118652,-0.811035,0.990723,-3.72314,1.34277,-30.3345,1
1880.66,-0.0786133,-0.848633,1.00439,-2.38037,0.793457,-30.0293,1
1880.67,-0.081543,-0.766113,0.954102,-2.2583,0.793457,-30.3345,1
1880.68,-0.0874023,-0.769043,1.00684,-2.99072,0.793457,-30.7007,1
1880.69,-0.100586,-0.741211,1.0332,-2.62451,1.09863,-30.3955,1
1880.7,-0.109375,-0.767578,0.983887,-2.68555,1.46484,-30.5786,1
1880.71,-0.0664062,-0.927734,0.981934,-1.70898,0.732422,-30.5786,1
1880.72,-0.0585938,-0.826172,1.00293,0.12207,0.854492,-30.0293,1
1880.73,-0.0629883,-0.701172,1.04346,-0.671387,1.09863,-30.8228,1
1880.74,-0.081543,-0.840332,1.00342,-0.366211,1.46484,-30.6396,1
1880.75,-0.104492,-0.781738,0.940918,1.09863,1.2207,-30.3345,1
1880.76,-0.0991211,-0.775879,0.953125,1.0376,1.0376,-30.8838,1
1880.77,-0.0913086,-0.91748,1.0127,2.38037,0.976562,-30.7007,1
1880.78,-0.0712891,-0.712402,1.04199,3.05176,0.12207,-31.0059,1
1880.79,-0.03125,-0.775879,0.958984,2.0752,0.183105,-31.189,1
1880.8,-0.059082,-0.85498,0.895996,3.90625,0,-30.4565,1
1880.8,-0.0410156,-0.772461,0.846191,4.88281,0,-30.7007,1
1880.81,-0.0444336,-0.803711,0.857422,4.76074,0.427246,-31.25,1
1880.82,-0.0463867,-0.772949,0.862793,5.24902,0.0610352,-30.4565,1
1880.83,-0.019043,-0.725586,0.906738,3.60107,-0.183105,-31.0669,1
1880.84,-0.00341797,-0.777344,0.949219,2.50244,-0.366211,-30.8838,1
1880.85,-0.0224609,-0.763184,0.903809,2.86865,0.488281,-30.3345,1
1880.86,-0.0605469,-0.776855,0.870605,2.19727,0.549316,-30.6396,1
1880.87,-0.0429688,-0.810059,0.900391,1.64795,0.366211,-30.6396,1
1880.88,-0.0117188,-0.696289,0.953125,0.366211,1.15967,-30.5176,1
1880.89,-0.0419922,-0.754883,1.01514,-1.34277,1.52588,-30.3345,1
1880.9,-0.0244141,-0.812012,0.991211,-1.46484,1.2207,-30.0293,1
1880.91,-0.0151367,-0.788574,0.953613,-1.2207,1.83105,-29.9072,1
1880.92,-0.0200195,-0.834961,0.962402,-1.77002,2.0752,-30.3345,1
1880.93,0.0224609,-0.779297,1.01123,-2.19727,1.83105,-30.0293,1
1880.94,0.0219727,-0.751953,1.05615,-3.41797,2.19727,-30.2124,1
1880.95,0.015625,-0.873535,1.07959,-3.66211,2.13623,-30.2124,1
1880.96,0.0131836,-0.82373,1.03809,-1.89209,2.13623,-29.6021,1
1880.97,0.0512695,-0.820801,0.996582,-1.83105,2.44141,-30.3345,1
1880.98,0.078125,-0.858398,1.02148,-0.183105,1.89209,-29.7241,1
1880.99,0.0517578,-0.846191,1.06152,0.427246,2.31934,-30.0293,1
1881,0.0166016,-0.790039,1.0752,1.70898,2.44141,-29.8462,1
1881,0.0175781,-0.779785,0.961426,2.38037,2.44141,-30.3345,1
1881.01,0.0571289,-0.870117,0.847168,4.94385,1.34277,-30.2124,1
1881.02,0.118652,-0.67041,0.878906,6.22559,0.488281,-30.8838,1
1881.03,0.117188,-0.763672,0.936523,4.57764,0.732422,-31.311,1
1881.04,0.0605469,-0.907227,0.996582,5.43213,0.305176,-30.6396,1
1881.05,0.0161133,-0.730469,0.97998,5.5542,0.0610352,-30.7007,1
1881.06,0.0732422,-0.696289,0.881836,3.66211,0,-31.189,1
1881.07,0.0966797,-0.953125,0.904297,3.479,-0.488281,-30.9448,1
1881.08,0.117188,-0.812988,0.956543,4.02832,-1.0376,-30.7007,1
1881.09,0.10498,-0.560547,0.958984,1.28174,-0.915527,-31.4941,1
1881.1,0.0874023,-0.866211,0.948242,-0.12207,-0.427246,-31.25,1
1881.11,0.13916,-0.78125,0.916504,1.89209,-0.549316,-30.7617,1
1881.12,0.15332,-0.649902,0.971191,-0.732422,-0.549316,-31.4331,1
1881.13,0.126953,-0.87207,1.02295,-1.64795,-0.976562,-30.7617,1
1881.14,0.102539,-0.758789,1.02734,-0.915527,-0.366211,-30.2124,1
1881.15,0.0981445,-0.708984,0.976074,-2.13623,0.488281,-30.4565,1
1881.16,0.124512,-0.885254,0.94043,-1.89209,0.671387,-30.2734,1
1881.17,0.130371,-0.80127,0.990723,0,0.732422,-29.8462,1
1881.18,0.172852,-0.619141,1.00146,-0.305176,0.549316,-29.9683,1
1881.19,0.177734,-0.78418,1.00928,0.0610352,1.0376,-29.2358,1
1881.2,0.149414,-0.786621,0.913574,1.89209,0.732422,-28.7476,1
1881.21,0.125977,-0.749023,0.924805,2.56348,1.64795,-28.8696,1
1881.22,0.0957031,-0.803711,1.03564,3.35693,1.28174,-28.3813,1
1881.23,0.120605,-0.724121,1.0293,3.66211,0.854492,-28.0762,1
1881.24,0.181641,-0.674805,0.943848,3.479,0.610352,-28.3203,1
1881.25,0.212402,-0.763672,0.939453,3.84521,0.915527,-28.0762,1
1881.26,0.147461,-0.803711,0.954102,4.94385,1.15967,-27.3438,1
1881.27,0.0947266,-0.667969,1.01172,4.5166,0.366211,-27.4048,1
1881.28,0.149902,-0.796875,1.04785,3.72314,0.488281,-27.1606,1
1881.29,0.223145,-0.673828,1.02002,5.12695,0.12207,-26.6113,1
1881.3,0.251953,-0.583984,0.975586,2.86865,0,-27.0996,1
1881.31,0.234863,-0.793945,0.925781,3.41797,-0.427246,-26.001,1
1881.32,0.223633,-0.650391,0.922363,4.82178,-0.183105,-25.5737,1
1881.33,0.242188,-0.643066,0.946777,3.84521,-0.305176,-25.8789,1
1881.34,0.230469,-0.749512,1.00049,4.63867,-0.732422,-24.8413,1
1881.35,0.17041,-0.587891,0.999023,4.45557,-0.427246,-24.4141,1
1881.36,0.175293,-0.556641,0.962891,2.92969,-0.366211,-24.4141,1
1881.36,0.251953,-0.650391,0.896973,3.84521,-0.427246,-23.6206,1
1881.37,0.331055,-0.55957,0.883301,4.88281,-0.732422,-23.1934,1
1881.38,0.307129,-0.554199,0.903809,4.45557,-0.549316,-22.8271,1
1881.39,0.228027,-0.589844,0.9375,4.45557,-0.305176,-21.9116,1
1881.4,0.22168,-0.50293,0.88916,4.21143,-0.12207,-21.0571,1
1881.41,0.268555,-0.526855,0.855957,3.23486,0.183105,-20.9351,1
1881.42,0.294922,-0.520508,0.90918,4.02832,0.0610352,-20.0806,1
1881.43,0.289551,-0.55957,1.04639,4.45557,0.366211,-19.8364,1
1881.44,0.305664,-0.522949,0.9375,5.92041,0.366211,-18.6157,1
1881.45,0.296875,-0.453613,0.867188,5.49316,0.549316,-18.4937,1
1881.46,0.33252,-0.586426,0.996582,6.22559,0.671387,-17.5781,1
1881.47,0.334473,-0.42627,1.06104,7.01904,0.366211,-16.6626,1
1881.48,0.272461,-0.533203,1.07178,6.10352,1.15967,-16.1133,1
1881.49,0.280273,-0.64502,0.980957,7.99561,0.793457,-14.6484,1
1881.5,0.289062,-0.291504,0.960449,7.75146,0.854492,-14.5874,1
1881.51,0.326172,-0.416504,1.01172,5.49316,0.854492,-14.7095,1
1881.52,0.362793,-0.602051,0.996094,8.60596,1.09863,-13.0615,1
1881.53,0.371094,-0.199707,0.964844,9.0332,1.09863,-12.8174,1
1881.54,0.327637,-0.369141,0.950684,5.98145,1.09863,-12.5732,1
1881.55,0.313965,-0.603027,1.01709,7.8125,0.488281,-11.1694,1
1881.56,0.26709,-0.213867,1.05762,8.78906,0.610352,-10.9253,1
1881.57,0.321289,-0.216309,0.993164,5.7373,0.488281,-11.4136,1
1881.58,0.368164,-0.441406,0.932617,6.89697,0.183105,-10.2539,1
1881.59,0.373535,-0.143555,0.935059,7.32422,0.12207,-9.82666,1
1881.6,0.368164,-0.209473,0.935059,4.69971,-0.610352,-9.58252,1
1881.61,0.365234,-0.322754,0.901855,5.98145,-1.09863,-8.54492,1
1881.62,0.347168,-0.103516,0.881348,5.98145,-1.34277,-8.48389,1
1881.63,0.338379,-0.20166,0.918457,4.76074,-1.28174,-8.30078,1
1881.64,0.420898,-0.219238,0.962891,5.92041,-1.83105,-7.62939,1
1881.65,0.405762,-0.101562,0.972656,6.10352,-1.58691,-7.20215,1
1881.66,0.42334,-0.126953,0.955566,6.28662,-1.95312,-6.95801,1
1881.66,0.398438,-0.125488,0.899902,7.26318,-1.89209,-6.16455,1
1881.67,0.42041,-0.151855,0.942383,8.23975,-1.95312,-5.5542,1
1881.68,0.443848,-0.0512695,0.964355,9.39941,-2.01416,-4.57764,1
1881.69,0.41748,-0.0722656,1.01465,9.27734,-1.46484,-4.15039,1
1881.7,0.416992,-0.118652,0.991211,10.6201,-1.34277,-2.99072,1
1881.71,0.445801,-0.0209961,0.94043,11.4136,-0.854492,-2.2583,1
1881.72,0.491211,-0.0463867,0.944336,11.2305,-0.976562,-1.52588,1
1881.73,0.518066,-0.0527344,0.980469,12.3291,-1.28174,-0.244141,1
1881.74,0.491699,0.0917969,1.02686,12.8174,-0.915527,0.793457,1
1881.75,0.454102,0.117676,1.06348,12.7563,-0.610352,1.77002,1
1881.76,0.431152,0.114258,0.993164,12.8174,-0.427246,3.23486,1
1881.77,0.480957,0.151367,0.924316,12.207,-0.427246,4.15039,1
1881.78,0.507812,0.175293,0.958984,11.2915,-0.427246,5.24902,1
1881.79,0.47998,0.317871,0.983887,10.2539,-0.610352,6.22559,1
1881.8,0.428711,0.289062,0.976562,8.72803,-0.366211,7.01904,1
1881.81,0.438965,0.292969,0.937988,8.54492,-0.915527,8.23975,1
1881.82,0.478516,0.364746,0.982422,7.99561,-0.549316,9.15527,1
1881.83,0.472168,0.394043,1.0542,7.99561,-0.732422,10.1318,1
1881.84,0.445312,0.417969,1.02246,8.42285,-0.732422,10.9863,1
1881.85,0.436035,0.359863,0.952637,8.60596,-0.488281,11.8408,1
1881.86,0.45459,0.375977,0.90918,8.42285,-0.732422,12.4512,1
1881.87,0.488281,0.415527,0.957031,7.87354,-0.793457,13.0005,1
1881.88,0.456055,0.441406,1.02246,7.50732,-0.610352,13.4888,1
1881.89,0.446289,0.435547,0.998535,7.50732,-0.183105,14.0991,1
1881.9,0.421875,0.447754,0.928223,7.56836,-0.244141,14.7095,1
1881.91,0.453613,0.497559,0.911621,7.01904,-0.305176,15.0146,1
1881.92,0.498535,0.449707,1.0166,7.01904,0.488281,15.5029,1
1881.93,0.472656,0.512207,1.02734,7.50732,0.793457,16.0522,1
1881.94,0.446289,0.52832,0.993652,6.83594,0.793457,15.8691,1
1881.95,0.404785,0.51416,1.00684,7.08008,1.15967,16.6626,1
1881.95,0.425293,0.565918,0.990234,6.04248,1.28174,16.9678,1
1881.96,0.448242,0.477539,0.986816,4.69971,1.09863,16.9678,1
1881.97,0.45752,0.548828,0.999023,5.49316,1.0376,17.5781,1
1881.98,0.409668,0.603516,1.01025,4.76074,1.64795,17.6392,1
1881.99,0.393555,0.53418,1.00977,4.39453,1.40381,18.0664,1
1882,0.452148,0.549805,1.05762,4.5166,2.01416,18.6157,1
1882.01,0.437012,0.619141,1.07861,4.45557,2.19727,18.4937,1
1882.02,0.424316,0.59375,1.04102,4.08936,2.38037,18.4937,1
1882.03,0.434082,0.526367,0.984863,4.69971,2.38037,19.043,1
1882.04,0.458984,0.650879,0.949219,4.82178,2.0752,19.3481,1
1882.05,0.453125,0.54834,1.01904,3.78418,2.44141,19.2871,1
1882.06,0.398926,0.576172,1.05469,5.24902,1.95312,19.9585,1
1882.07,0.345703,0.609375,0.974609,4.63867,1.89209,19.9585,1
1882.08,0.407227,0.512207,0.884277,5.12695,0.976562,20.5078,1
1882.09,0.419922,0.594238,0.895996,4.63867,1.0376,20.752,1
1882.1,0.412109,0.561523,0.905273,3.72314,0.610352,20.874,1
1882.11,0.37207,0.641602,0.895996,3.05176,0.488281,21.3623,1
1882.12,0.376465,0.57959,0.933105,1.40381,0.366211,21.4233,1
1882.13,0.431152,0.555176,0.993652,1.0376,0.0610352,21.5454,1
1882.14,0.452148,0.615234,0.991699,1.0376,0.427246,21.4233,1
1882.15,0.46875,0.699219,0.92041,0.305176,0.610352,21.2402,1
1882.16,0.41748,0.60791,0.848145,-0.0610352,0.915527,21.1792,1
1882.17,0.44043,0.621582,0.931641,0.732422,1.34277,21.4844,1
1882.18,0.449707,0.705078,1.02197,0.915527,1.77002,21.3623,1
1882.19,0.484375,0.616211,1.01758,0.854492,1.58691,21.4233,1
1882.2,0.487793,0.599609,0.974121,0.854492,1.64795,20.813,1
1882.21,0.499512,0.674316,0.924316,1.0376,1.89209,21.1182,1
1882.22,0.540527,0.67627,1.00977,1.09863,3.17383,20.874,1
1882.23,0.506348,0.629883,1.05225,1.95312,3.35693,20.9961,1
1882.24,0.436035,0.703613,1.01416,3.41797,3.84521,21.1182,1
1882.25,0.450195,0.700684,0.92041,2.68555,4.15039,21.1182,1
1882.26,0.526855,0.600098,0.959961,2.86865,4.21143,21.4844,1
1882.26,0.54248,0.654785,0.99707,2.99072,4.63867,21.6064,1
1882.27,0.476074,0.663574,0.956543,1.83105,5.06592,21.4844,1
1882.28,0.350098,0.677734,0.881348,1.09863,5.67627,21.9727,1
1882.29,0.368652,0.617676,0.924805,0.183105,5.79834,22.3999,1
1882.3,0.370605,0.748535,0.907715,0,5.61523,22.644,1
1882.31,0.360352,0.76123,0.92627,-1.95312,5.67627,22.7661,1
1882.32,0.298828,0.597168,0.879395,-1.58691,5.12695,23.5596,1
1882.33,0.282227,0.666016,0.816406,-0.793457,4.82178,24.292,1
1882.34,0.305664,0.711914,0.82666,-1.34277,4.45557,24.353,1
1882.35,0.265625,0.641602,0.84668,-1.2207,4.02832,24.6582,1
1882.36,0.237793,0.77832,0.872559,-0.244141,3.72314,25.2686,1
1882.37,0.249512,0.706055,0.884277,-0.549316,3.11279,25.5737,1
1882.38,0.256836,0.637695,0.867188,1.58691,2.31934,26.6113,1
1882.39,0.342773,0.685059,0.871094,2.01416,1.89209,26.5503,1
1882.4,0.355469,0.719727,0.910156,3.2959,1.40381,26.9775,1
1882.41,0.392578,0.719238,0.953613,4.21143,1.46484,26.8555,1
1882.42,0.444824,0.794434,0.902344,5.06592,0.976562,27.0996,1
1882.43,0.411621,0.748535,0.910645,4.3335,0.183105,27.2827,1
1882.44,0.402344,0.713379,0.974121,4.88281,-0.244141,28.0762,1
1882.45,0.382812,0.812988,1.06689,3.84521,-0.12207,28.3813,1
1882.46,0.470703,0.711426,1.02148,3.11279,0,28.7476,1
1882.47,0.481934,0.738281,0.968262,3.54004,-0.488281,28.8086,1
1882.48,0.481445,0.846191,1.08057,2.99072,-0.305176,28.3203,1
1882.49,0.408203,0.774902,1.07178,2.2583,0.0610352,28.0762,1
1882.5,0.430664,0.763184,1.01416,2.2583,0.549316,28.0762,1
1882.51,0.436035,0.913574,1.02002,1.70898,1.0376,28.0151,1
1882.52,0.46875,0.775879,1.01367,0.488281,1.28174,28.0151,1
1882.53,0.486816,0.803223,1.00586,1.64795,1.77002,27.5879,1
1882.54,0.404297,0.865723,1.01514,1.0376,2.50244,27.2217,1
1882.55,0.387695,0.70166,0.963867,0.976562,2.68555,26.6113,1
1882.56,0.384277,0.800781,0.928711,1.15967,2.74658,26.6113,1
1882.57,0.419434,0.783203,0.962402,0.0610352,3.41797,26.6113,1
1882.58,0.440918,0.743164,0.935059,-0.305176,3.05176,26.6113,1
1882.59,0.388672,0.805664,0.858887,-0.366211,2.80762,27.0996,1
1882.6,0.383301,0.703125,0.911133,-1.15967,2.92969,26.9165,1
1882.61,0.383301,0.726562,0.890137,-0.366211,2.19727,27.0386,1
1882.61,0.333496,0.804688,0.876465,-0.305176,2.31934,27.2217,1
1882.62,0.367188,0.78418,0.893555,-0.488281,2.2583,26.9165,1
1882.63,0.314453,0.738281,0.918457,0.0610352,2.44141,27.2827,1
1882.64,0.331543,0.720703,0.958496,0.854492,2.62451,27.2827,1
1882.65,0.369629,0.898926,0.873047,0.976562,2.13623,27.2827,1
1882.66,0.414062,0.801758,0.922852,0.244141,1.95312,27.6489,1
1882.67,0.393555,0.638184,0.936523,1.09863,1.09863,28.0151,1
1882.68,0.348145,0.852051,0.921875,2.0752,1.15967,28.1372,1
1882.69,0.341797,0.885254,0.95166,0.488281,1.64795,27.832,1
1882.7,0.400391,0.842773,0.972168,1.09863,0.976562,28.0151,1
1882.71,0.38623,0.913574,1.04932,1.70898,0.488281,28.7476,1
1882.72,0.440918,0.811035,1.02002,1.52588,-0.12207,28.8696,1
1882.73,0.445312,0.76416,0.944824,2.13623,-0.366211,28.8086,1
1882.74,0.366699,0.897461,1.02197,2.68555,-0.12207,28.7476,1
1882.75,0.391113,0.827637,1.00879,2.13623,0,28.8696,1
1882.76,0.40625,0.842285,1.01953,2.86865,-0.244141,28.8696,1
1882.77,0.464844,0.897949,1.05908,2.01416,-0.732422,28.7476,1
1882.78,0.462402,0.864746,1.03809,2.2583,-0.183105,28.6255,1
1882.79,0.358887,0.776855,1.01025,1.46484,0.488281,28.3813,1
1882.8,0.435059,0.949219,0.949219,2.31934,0.366211,28.4424,1
1882.81,0.493164,0.962891,1.09131,0.183105,0.732422,27.9541,1
1882.81,0.455566,0.694824,1.09473,0.976562,0.0610352,28.3203,1
1882.82,0.359863,0.909668,0.998535,2.0752,0.366211,28.0762,1
1882.83,0.380859,0.99707,0.9375,-1.2207,0.976562,27.4048,1
1882.84,0.45752,0.690918,0.97168,-1.2207,0.854492,27.8931,1
1882.85,0.4375,0.95752,1.08691,0.549316,1.0376,28.0151,1
1882.86,0.366699,0.994141,1.07617,-2.19727,0.854492,27.1606,1
1882.87,0.319824,0.655273,0.973145,-1.58691,0.976562,27.1606,1
1882.88,0.419434,1.00244,0.922363,-0.549316,1.15967,26.8555,1
1882.89,0.503906,0.869141,0.962891,-3.35693,1.46484,26.7334,1
1882.9,0.504395,0.661621,0.994629,-1.52588,1.46484,26.9775,1
1882.91,0.455566,0.984375,0.962891,-1.40381,1.70898,26.6113,1
1882.92,0.339844,0.819336,0.892578,-3.78418,1.64795,26.123,1
1882.93,0.309082,0.608887,0.96875,-1.64795,2.0752,26.3062,1
1882.94,0.487793,0.952637,0.956543,-1.15967,1.89209,26.062,1
1882.95,0.53418,0.702148,0.937988,-3.23486,1.95312,26.123,1
1882.96,0.458008,0.71875,0.903809,-0.793457,1.70898,26.123,1
1882.97,0.373047,1.01172,0.900391,-1.28174,1.46484,26.062,1
1882.98,0.384277,0.754395,0.98877,-1.83105,1.40381,26.1841,1
1882.99,0.429199,0.714844,1.03906,-0.610352,1.34277,25.8179,1
1883,0.432129,0.875488,0.958496,-0.793457,1.40381,25.5127,1
1883.01,0.527344,0.797363,0.919434,-1.64795,1.70898,25.2075,1
1883.02,0.51123,0.783203,0.899902,0,1.15967,25.6348,1
1883.03,0.429688,0.814453,0.954102,0,1.2207,25.4517,1
1883.04,0.337402,0.789551,0.970215,-0.305176,1.64795,24.8413,1
1883.05,0.345215,0.770508,0.918945,-0.427246,1.83105,24.5361,1
1883.06,0.456055,0.810059,0.887207,-0.610352,1.83105,23.9868,1
1883.07,0.503418,0.766602,0.870117,-0.915527,1.70898,24.231,1
1883.08,0.464844,0.825684,0.959473,-0.12207,2.19727,24.1699,1
1883.09,0.353516,0.773926,0.901855,-1.34277,2.44141,23.6816,1
1883.1,0.371582,0.772949,0.87207,0.183105,1.64795,23.6816,1
1883.11,0.45752,1.03174,0.980469,-0.732422,1.95312,22.8271,1
1883.12,0.525879,0.791504,1.05566,-1.28174,1.70898,22.583,1
1883.13,0.453613,0.685059,1.021,1.0376,2.01416,22.522,1
1883.14,0.468262,0.942871,0.956543,2.38037,1.95312,22.3389,1
1883.14,0.444824,0.869141,0.953125,1.83105,2.38037,21.4844,1
1883.15,0.355957,0.708496,1.00977,3.479,2.2583,21.5454,1
1883.16,0.30127,0.989746,0.986816,3.54004,2.31934,21.3623,1
1883.17,0.39209,0.865234,0.980957,1.40381,2.31934,21.0571,1
1883.18,0.467285,0.890137,0.954102,2.86865,2.0752,21.3013,1
1883.19,0.355469,0.897949,1.0332,1.0376,1.70898,21.3623,1
1883.2,0.22998,0.714844,0.904785,0.305176,1.40381,21.3013,1
1883.21,0.242676,0.912109,0.829102,0.793457,1.46484,21.3623,1
1883.22,0.258301,0.977051,0.921875,-1.40381,1.89209,20.874,1
1883.23,0.356445,0.853516,0.932129,-3.23486,0.427246,20.5078,1
1883.24,0.32959,0.718262,0.998047,-2.38037,0.183105,21.2402,1
1883.25,0.35498,0.94043,0.978516,-1.77002,0.488281,20.3247,1
1883.26,0.38623,0.934082,0.881348,-2.74658,0.610352,20.2637,1
1883.27,0.392578,0.802246,1.00586,-0.244141,0.671387,19.8975,1
1883.28,0.370605,0.95459,1,0.305176,-0.0610352,19.5923,1
1883.29,0.34668,0.803223,1.04736,0.183105,0,19.6533,1
1883.3,0.392578,0.801758,0.961914,0.854492,-0.549316,19.2871,1
1883.31,0.477051,0.863281,0.97168,1.34277,-0.305176,18.9209,1
1883.32,0.425781,0.818848,1.05127,1.2207,0.427246,18.7988,1
1883.33,0.405762,0.95752,1.02637,0.732422,-0.0610352,18.6157,1
1883.34,0.391113,0.895996,1.03174,-0.976562,-0.305176,18.3716,1
1883.35,0.47168,0.819824,1.05908,0,-0.0610352,17.7612,1
1883.36,0.432129,0.907227,1.02295,0.12207,0.12207,17.6392,1
1883.37,0.412598,0.724609,1.02979,-0.305176,0.549316,17.2119,1
1883.38,0.460449,0.943359,0.933594,0.793457,0,17.0288,1
1883.39,0.403809,0.841797,0.98291,-1.09863,0.427246,16.3574,1
1883.4,0.439453,0.684082,1.06934,0,0.732422,15.1978,1
1883.41,0.415039,0.841309,1.02051,0,0.976562,14.3433,1
1883.42,0.451172,0.787109,0.982422,-0.854492,1.46484,13.4277,1
1883.43,0.480469,0.764648,0.95459,-1.2207,1.2207,12.6953,1
1883.44,0.371094,0.694336,1.01172,-1.70898,1.34277,12.207,1
1883.45,0.328125,0.689941,0.973633,-2.92969,1.2207,11.4136,1
1883.46,0.404297,0.69873,0.916016,-5.5542,1.34277,10.498,1
1883.47,0.45459,0.588379,0.888672,-7.01904,1.09863,9.94873,1
1883.48,0.479004,0.625488,0.936523,-7.56836,0.854492,8.66699,1
1883.49,0.365723,0.718262,0.922852,-7.56836,0.488281,7.62939,1
1883.49,0.367676,0.650879,0.940918,-7.75146,0.671387,6.5918,1
1883.5,0.458496,0.572754,0.904297,-6.95801,0.183105,6.22559,1
1883.51,0.591797,0.635254,0.940918,-5.92041,-0.12207,5.49316,1
1883.52,0.514648,0.528809,0.943359,-5.49316,-0.610352,4.57764,1
1883.53,0.418945,0.662598,0.968262,-3.11279,-0.854492,3.90625,1
1883.54,0.361328,0.532227,0.978516,-3.479,-0.976562,3.2959,1
1883.55,0.470215,0.366699,1.01221,0,-1.77002,3.479,1
1883.56,0.515137,0.80127,1.03271,1.15967,-2.0752,2.80762,1
1883.57,0.422363,0.687012,0.984375,-1.52588,-2.19727,2.38037,1
1883.58,0.398438,0.416016,1.01904,0.671387,-2.74658,2.92969,1
1883.59,0.479004,0.727539,1.05762,2.38037,-2.99072,3.41797,1
1883.6,0.492188,0.738281,1.07227,0.854492,-3.2959,2.92969,1
1883.61,0.415527,0.490723,1.07373,1.52588,-3.78418,3.35693,1
1883.62,0.45166,0.64209,1.10938,2.19727,-3.60107,3.479,1
1883.63,0.394531,0.543945,1.09131,0,-3.2959,3.78418,1
1883.64,0.416504,0.34668,1.12207,-0.0610352,-3.23486,4.02832,1
1883.65,0.429199,0.583496,1.10205,-0.671387,-2.74658,4.39453,1
1883.66,0.488281,0.607422,1.05322,-4.76074,-2.31934,3.84521,1
1883.67,0.437988,0.26709,1.04443,-5.79834,-2.38037,4.02832,1
1883.68,0.393555,0.435059,1.15186,-5.00488,-2.01416,4.39453,1
1883.69,0.40918,0.552246,1.16895,-9.09424,-1.58691,3.90625,1
1883.7,0.442383,0.11084,1.09277,-11.1694,-1.34277,4.02832,1
1883.71,0.43457,0.297852,1.06836,-10.9863,-0.610352,3.2959,1
1883.72,0.429688,0.50293,1.03125,-15.1978,-0.12207,1.70898,1
1883.73,0.432617,-0.00634766,1.0791,-16.7847,-0.12207,1.40381,1
1883.74,0.437988,0.139648,1.09229,-14.2822,0.0610352,0.915527,1
1883.75,0.425293,0.431152,1.02686,-17.2119,0.610352,-0.183105,1
1883.76,0.388184,-0.0722656,0.945312,-17.8223,1.09863,-0.854492,1
1883.77,0.478027,-0.00683594,0.927246,-13.1226,1.0376,-1.15967,1
1883.78,0.538086,0.245117,0.857422,-13.4888,0.610352,-2.0752,1
1883.78,0.498047,-0.172852,0.878418,-13.3057,0.244141,-2.68555,1
1883.79,0.439453,-0.181641,0.941406,-8.66699,0.0610352,-2.68555,1
1883.8,0.397461,0.161133,0.945801,-7.50732,0.12207,-3.23486,1
1883.81,0.402344,-0.165039,0.88623,-8.17871,-0.366211,-3.84521,1
1883.82,0.401367,-0.336426,0.918945,-3.11279,-0.915527,-2.99072,1
1883.83,0.422852,0.0424805,0.994141,-0.488281,-1.09863,-3.23486,1
1883.84,0.48291,-0.0351562,0.987793,-1.77002,-0.976562,-3.66211,1
1883.85,0.477539,-0.287598,1.01953,0.305176,-0.976562,-3.17383,1
1883.86,0.419434,-0.0717773,1.10938,2.2583,-0.610352,-2.92969,1
1883.87,0.411133,0.0307617,1.13477,0.854492,-0.610352,-3.11279,1
1883.88,0.460449,-0.238281,1.07129,0.793457,-0.549316,-2.74658,1
1883.89,0.473633,-0.184082,1.06055,2.68555,-0.244141,-2.13623,1
1883.9,0.422363,-0.0239258,1.23535,1.0376,0.549316,-2.50244,1
1883.91,0.381348,-0.148926,1.21875,-0.793457,0.671387,-2.2583,1
1883.92,0.391113,-0.141113,1.16748,-1.09863,1.09863,-1.89209,1
1883.93,0.415039,-0.0195312,1.16064,-2.62451,1.34277,-2.44141,1
1883.94,0.453613,-0.136719,1.2041,-3.90625,1.77002,-2.31934,1
1883.95,0.400391,-0.128906,1.19971,-3.17383,2.01416,-1.77002,1
1883.96,0.387207,-0.0195312,1.09912,-4.21143,1.77002,-2.38037,1
1883.97,0.421387,-0.138672,1.05566,-4.21143,1.70898,-2.13623,1
1883.98,0.41748,-0.0712891,1.08057,-3.78418,1.58691,-2.56348,1
1883.99,0.401367,-0.102051,1.05908,-4.21143,1.34277,-2.99072,1
1884,0.375977,-0.20459,0.983398,-2.56348,1.0376,-2.80762,1
1884.01,0.394531,-0.135254,0.97168,-0.427246,0.427246,-3.11279,1
1884.02,0.437012,-0.0727539,0.982422,-0.183105,0,-3.60107,1
1884.03,0.414551,-0.199707,0.961914,-0.183105,-0.0610352,-3.479,1
1884.04,0.381836,-0.258301,0.969727,0.854492,-0.366211,-3.41797,1
1884.05,0.430176,-0.0244141,0.994141,1.34277,-1.15967,-3.72314,1
1884.06,0.455566,-0.0947266,0.975098,0.12207,-1.58691,-3.96729,1
1884.06,0.395508,-0.242676,1.00732,0.732422,-2.19727,-3.66211,1
1884.07,0.412598,-0.0571289,1.01562,0.610352,-2.92969,-3.84521,1
1884.08,0.478027,-0.179688,1.02441,0,-2.99072,-3.90625,1
1884.09,0.435547,-0.121582,1.03955,0.976562,-3.479,-4.02832,1
1884.1,0.42334,-0.110352,1.10596,-0.12207,-3.35693,-4.27246,1
1884.11,0.455566,-0.234863,1.18262,1.34277,-3.72314,-3.54004,1
1884.12,0.483398,-0.0463867,1.12744,1.09863,-3.72314,-3.72314,1
1884.13,0.47168,-0.15625,1.04932,-0.610352,-3.90625,-3.84521,1
1884.14,0.420898,-0.241699,1.1167,0.0610352,-3.54004,-3.54004,1
1884.15,0.461914,-0.0400391,1.14062,-0.244141,-3.17383,-3.72314,1
1884.16,0.483887,-0.104004,1.09229,-1.89209,-2.56348,-3.84521,1
1884.17,0.472168,-0.228516,1.09766,-1.58691,-2.38037,-3.41797,1
1884.18,0.477051,-0.0742188,1.13721,-1.52588,-1.77002,-3.2959,1
1884.19,0.458008,-0.0786133,1.17871,-1.83105,-1.28174,-3.35693,1
1884.2,0.504883,-0.291016,1.05127,-1.64795,-0.976562,-3.479,1
1884.21,0.473633,-0.0424805,0.927246,-0.12207,-0.305176,-2.86865,1
1884.22,0.474121,-0.121094,1.05664,-2.74658,1.09863,-3.05176,1
1884.23,0.453125,-0.155273,1.12891,-1.46484,1.64795,-3.05176,1
1884.24,0.390137,-0.0405273,1.10742,-1.77002,2.50244,-3.23486,1
1884.25,0.442871,-0.188477,1.06055,-1.58691,1.83105,-2.92969,1
1884.26,0.450195,-0.11377,0.946289,-0.549316,2.01416,-2.99072,1
1884.27,0.424316,-0.126953,0.894531,-0.976562,2.68555,-3.17383,1
1884.28,0.387207,-0.106445,0.943359,-0.549316,2.56348,-3.23486,1
1884.29,0.352539,-0.0927734,0.969727,-0.976562,2.50244,-3.05176,1
1884.3,0.354492,-0.167969,1.00342,0,1.52588,-2.74658,1
1884.31,0.347168,-0.0654297,1.01123,0.549316,1.40381,-2.86865,1
1884.32,0.384766,-0.0400391,0.812012,-0.0610352,0.854492,-2.74658,1
1884.33,0.364746,-0.0429688,0.769531,-0.671387,0.488281,-2.68555,1
1884.34,0.365234,-0.114258,0.831543,-0.976562,0,-2.68555,1
1884.35,0.280273,0.0117188,0.998535,0.0610352,-0.0610352,-2.2583,1
1884.36,0.183594,-0.0302734,1.09326,-1.0376,-0.366211,-2.56348,1
1884.37,0.0825195,-0.149902,0.984375,0.549316,-0.0610352,-1.52588,1
1884.38,0.0380859,0.0488281,0.863281,1.34277,0.793457,-1.28174,1
1884.39,-0.0317383,-0.0224609,0.987793,0,1.34277,-1.52588,1
1884.4,-0.00292969,-0.0805664,1.13086,1.52588,1.40381,-0.671387,1
1884.41,-0.00976562,0.0864258,1.16113,1.89209,2.99072,0.0610352,1
1884.42,-0.0166016,-0.0117188,1.05176,0.671387,3.54004,0.12207,1
1884.43,-0.157715,0.0214844,0.937988,1.46484,4.69971,1.2207,1
1884.44,-0.259766,0.205078,0.999023,0.366211,5.67627,0.549316,1
1884.45,-0.220215,-0.00195312,0.996582,0,6.5918,1.2207,1
1884.45,-0.248535,0.0395508,0.97168,1.46484,7.44629,1.83105,1
1884.46,-0.324219,0.190918,0.876465,1.34277,7.62939,1.89209,1
1884.47,-0.306152,0.0820312,0.895508,0.732422,7.99561,1.64795,1
1884.48,-0.245605,0.141113,0.763184,2.80762,7.32422,3.2959,1
1884.49,-0.230957,0.15918,0.856934,2.38037,6.71387,2.74658,1
1884.5,-0.20459,0.12207,0.843262,4.02832,5.18799,3.72314,1
1884.51,-0.145996,0.262695,0.835938,4.15039,6.10352,4.02832,1
1884.52,-0.143066,0.203125,0.690918,2.99072,5.67627,4.08936,1
1884.53,-0.125488,0.156738,0.784668,3.479,4.88281,5.31006,1
1884.54,-0.115723,0.366699,0.851074,3.90625,4.3335,5.92041,1
1884.55,-0.0839844,0.37207,0.90625,2.62451,3.72314,6.22559,1
1884.56,-0.125977,0.146484,0.900879,4.3335,2.80762,7.56836,1
1884.57,-0.133301,0.377441,1.01855,6.5918,2.44141,8.54492,1
1884.58,-0.125488,0.431152,1.03418,5.7373,2.62451,8.66699,1
1884.59,-0.078125,0.256348,1.07178,7.44629,2.19727,10.3149,1
1884.6,-0.0922852,0.452148,1.11865,9.21631,2.01416,11.2915,1
1884.61,-0.0654297,0.405273,1.09375,8.60596,1.77002,11.5967,1
1884.62,-0.0864258,0.349121,1.07178,10.9253,1.95312,13.1226,1
1884.63,-0.0722656,0.475098,0.962891,10.376,2.0752,13.1836,1
1884.64,-0.107422,0.33252,1.07861,10.5591,2.19727,13.916,1
1884.65,-0.0664062,0.447754,0.912598,10.0098,1.64795,14.3433,1
1884.66,-0.156738,0.535645,1.04932,8.54492,2.19727,14.8926,1
1884.67,-0.171387,0.442871,1.06836,6.10352,1.95312,14.1602,1
1884.68,-0.12793,0.408203,1.05566,7.01904,2.74658,15.2588,1
1884.69,-0.137207,0.627441,1.02197,4.63867,2.92969,14.5874,1
1884.7,-0.110352,0.517578,0.991699,1.83105,2.0752,14.3433,1
1884.71,-0.117676,0.413086,1.06104,2.56348,2.38037,15.3809,1
1884.72,-0.144043,0.527344,0.981934,2.31934,3.05176,14.6484,1
1884.73,-0.0957031,0.542969,0.946289,1.2207,3.05176,13.7939,1
1884.74,-0.140625,0.479004,1.01318,1.89209,2.99072,13.916,1
1884.74,-0.134766,0.54248,1.03369,3.479,2.68555,14.4043,1
1884.75,-0.145508,0.584961,1.01025,3.60107,2.50244,13.5498,1
1884.76,-0.130371,0.551758,0.986816,5.7373,2.62451,14.8926,1
1884.77,-0.1875,0.724609,0.994141,7.14111,2.62451,14.8926,1
1884.78,-0.14502,0.68457,1.02637,6.46973,2.62451,14.5874,1
1884.79,-0.164551,0.518555,1.03564,7.87354,2.62451,16.0522,1
1884.8,-0.17334,0.781738,0.94873,9.15527,2.01416,16.6016,1
1884.81,-0.192383,0.722168,0.963867,7.99561,2.31934,16.6016,1
1884.82,-0.171875,0.672852,1.04785,10.0708,1.64795,18.3716,1
1884.83,-0.123535,0.791992,0.981445,9.52148,1.95312,18.2495,1
1884.84,-0.218262,0.672363,0.90332,9.82666,1.2207,19.2871,1
1884.85,-0.240234,0.807617,0.949707,10.376,1.34277,20.2637,1
1884.86,-0.276367,0.901367,1.00537,9.09424,1.58691,20.874,1
1884.87,-0.231445,0.793945,1.09766,7.8125,1.0376,21.4233,1
1884.88,-0.166992,0.692383,1.07617,8.60596,1.15967,22.522,1
1884.89,-0.202637,0.804199,1.00781,7.69043,1.34277,22.583,1
1884.9,-0.29541,0.843262,0.948242,5.18799,1.58691,22.0337,1
1884.91,-0.266602,0.924316,0.955566,4.39453,1.58691,23.2544,1
1884.92,-0.174805,0.940918,1.00244,1.64795,2.2583,23.1323,1
1884.93,-0.17041,0.822266,1.03467,0.305176,1.58691,23.8647,1
1884.94,-0.206055,0.710449,0.937988,-0.244141,0.793457,23.8647,1
1884.95,-0.183105,0.773926,0.818848,0.427246,0.549316,24.7192,1
1884.96,-0.212891,0.880371,0.824219,-1.15967,1.64795,24.231,1
1884.97,-0.23291,0.763672,0.836426,-2.44141,1.95312,23.9258,1
1884.98,-0.242188,0.762207,0.963379,-0.915527,1.52588,24.5972,1
1884.99,-0.227051,0.842285,1.00879,-1.28174,1.95312,24.292,1
1885,-0.241699,0.837891,0.873535,-1.09863,1.77002,25.2686,1
1885.01,-0.313965,0.791992,0.868652,-0.793457,1.70898,25.0854,1
1885.02,-0.273926,0.867676,0.94873,-0.732422,1.89209,25.0244,1
1885.03,-0.269531,0.820312,0.933105,-0.488281,2.62451,25.6958,1
1885.03,-0.315918,0.871094,0.906738,-0.854492,2.0752,25.5737,1
1885.04,-0.356445,0.827148,0.946777,-0.854492,0.976562,26.123,1
1885.05,-0.233887,0.848145,0.984863,0,1.40381,26.5503,1
1885.06,-0.206055,0.814453,0.974121,-0.12207,1.77002,27.0386,1
1885.07,-0.193848,0.890625,0.971191,0.549316,0.549316,27.832,1
1885.08,-0.0864258,0.978027,0.860352,-0.244141,0,27.6489,1
1885.09,-0.237793,0.674805,0.871582,-0.488281,-0.244141,28.4424,1
1885.1,-0.124023,0.937988,0.976074,-2.68555,2.0752,28.2593,1
1885.11,-0.119629,1.06055,0.962402,-3.54004,1.70898,27.2217,1
1885.12,-0.0996094,0.856934,0.891113,-2.92969,2.0752,27.771,1
1885.13,-0.188477,0.822754,0.945312,-2.01416,2.31934,27.5879,1
1885.14,-0.100098,0.939941,0.902832,-1.95312,1.64795,26.9775,1
1885.15,-0.0776367,0.799316,0.875,-2.80762,2.62451,27.3438,1
1885.16,-0.15918,0.934082,0.80957,-2.2583,3.479,27.1606,1
1885.17,-0.14209,1.0874,0.86084,-5.12695,3.11279,26.123,1
1885.18,-0.191406,0.730469,0.904297,-3.96729,4.45557,26.3062,1
1885.19,-0.09375,0.791504,0.774414,-1.52588,3.2959,26.7944,1
1885.19,-0.147461,0.887207,0.964844,-2.19727,4.15039,26.1841,1
1885.2,-0.188477,0.824219,0.879395,-3.41797,3.78418,25.5737,1
1885.21,-0.324707,0.797363,0.658203,-2.74658,4.02832,27.9541,1
1885.22,-0.472168,1.04199,0.969238,-6.95801,4.5166,25.3906,1
1885.23,-0.202637,0.52002,0.969238,-6.46973,4.21143,26.5503,1
1885.24,-0.191895,0.908691,0.965332,-2.50244,5.7373,26.6724,1
1885.25,-0.344238,1.14551,0.691406,-7.32422,3.54004,26.3062,1
1885.26,-0.407227,0.441406,0.831055,-5.98145,3.66211,28.2593,1
1885.27,-0.414551,0.888672,0.894043,-0.915527,2.86865,28.1372,1
1885.28,-0.309082,1.0083,0.927246,-4.63867,2.74658,27.5269,1
1885.29,-0.200195,0.795898,0.951172,-2.99072,2.56348,28.1982,1
1885.3,-0.320312,0.962402,0.946289,-2.80762,2.19727,27.771,1
1885.31,-0.212402,0.736328,0.889648,-1.64795,1.83105,27.5879,1
1885.32,-0.17041,0.79834,0.850586,-0.610352,0.732422,27.3438,1
1885.33,-0.35498,1.08496,0.845215,0.610352,1.28174,27.832,1
1885.34,-0.522461,0.955566,1.0166,-1.89209,1.40381,26.7944,1
1885.35,-0.421387,0.700195,1.10498,2.2583,0.793457,28.0762,1
1885.36,-0.397949,1.20752,1.03418,0.915527,1.95312,26.4282,1
1885.37,-0.362793,0.805176,0.920898,-1.77002,1.46484,25.3296,1
1885.38,-0.36377,0.655762,0.977051,2.0752,1.0376,26.001,1
1885.39,-0.278809,1.08203,1.08643,2.56348,1.70898,25.0244,1
1885.4,-0.318359,0.864258,1.03857,-0.793457,1.34277,24.1089,1
1885.41,-0.445312,0.816406,0.998047,1.15967,1.0376,23.6206,1
1885.42,-0.369141,1.05713,0.893555,-0.0610352,1.83105,22.3999,1
1885.43,-0.358398,0.651367,0.824707,-1.64795,2.38037,21.9116,1
1885.44,-0.398438,0.792969,1.04004,-0.305176,1.28174,21.9116,1
1885.45,-0.404785,1.00293,0.959473,-3.11279,1.34277,19.8975,1
1885.46,-0.497559,0.78125,0.925293,-5.18799,1.52588,20.0806,1
1885.47,-0.521973,0.549805,0.894531,-5.12695,1.89209,18.6157,1
1885.47,-0.306152,1.08984,0.913574,-5.43213,1.77002,17.5171,1
1885.48,-0.34082,0.856445,0.955078,-10.3149,2.19727,16.3574,1
1885.49,-0.447754,0.532715,0.92041,-7.93457,0.610352,17.0288,1
1885.5,-0.374023,0.921875,0.87793,-7.87354,0.793457,15.686,1
1885.51,-0.385254,0.598633,0.740723,-8.23975,1.2207,15.1978,1
1885.52,-0.419922,0.67334,1.15039,-4.57764,0.671387,14.7095,1
1885.53,-0.216797,1.01025,1.0376,-2.74658,1.09863,13.1836,1
1885.54,-0.533691,0.739258,0.778809,-4.08936,1.46484,13.4277,1
1885.55,-0.463379,0.484863,0.832031,0,1.64795,12.085,1
1885.56,-0.300781,0.695312,0.964355,4.45557,0.915527,11.4136,1
1885.57,-0.445801,0.977051,1.09863,3.60107,1.2207,10.3149,1
1885.58,-0.547852,0.539062,0.905762,1.28174,0.488281,9.33838,1
1885.59,-0.52002,0.51416,0.990234,8.36182,1.77002,9.58252,1
1885.6,-0.458496,1.15039,0.967773,7.50732,1.83105,7.69043,1
1885.61,-0.344727,1.08984,0.942871,3.54004,0.732422,5.79834,1
1885.62,-0.450684,0.459473,1.0376,2.31934,-0.0610352,4.88281,1
1885.63,-0.470215,0.559082,0.977051,7.14111,0.305176,5.79834,1
1885.64,-0.520508,1.19971,0.959473,1.2207,0.488281,2.50244,1
1885.65,-0.57373,0.603516,1.04932,-2.68555,0.793457,1.52588,1
1885.66,-0.569336,0.757324,1.01562,1.09863,0.488281,1.70898,1
1885.67,-0.409668,0.982422,1.0415,-3.66211,0,-1.52588,1
1885.68,-0.460449,0.555664,1.07715,-4.5166,-0.915527,-1.2207,1
1885.69,-0.477539,0.822266,1.04053,-2.80762,-0.976562,-1.77002,1
1885.7,-0.608398,0.827148,0.792969,-7.8125,-1.0376,-3.66211,1
1885.71,-0.594727,0.290039,0.963867,-6.34766,-1.64795,-4.21143,1
1885.72,-0.410156,0.619629,1.03125,-1.83105,-2.68555,-4.76074,1
1885.73,-0.40332,0.948242,1.03955,-5.49316,-2.99072,-7.44629,1
1885.74,-0.441895,0.635254,0.938477,-6.65283,-3.84521,-8.60596,1
1885.75,-0.607422,0.444824,0.89209,-4.5166,-2.74658,-9.46045,1
1885.76,-0.601074,0.680176,0.935059,-1.89209,-2.86865,-10.437,1
1885.77,-0.460938,0.710938,1.11914,-3.96729,-2.56348,-12.8784,1
1885.78,-0.434082,0.40332,1.09619,-3.84521,-3.35693,-12.8784,1
1885.79,-0.531738,0.691895,0.964355,-4.08936,-2.68555,-14.5874,1
1885.8,-0.621582,0.53418,0.953613,-7.32422,-2.19727,-17.2119,1
1885.81,-0.540527,0.0991211,1.01318,-5.5542,-2.19727,-18.0664,1
1885.82,-0.443359,0.650391,1.0791,-5.49316,-1.64795,-18.9819,1
1885.83,-0.528809,0.433105,0.984375,-11.7188,-0.915527,-20.5688,1
1885.83,-0.634766,-0.0830078,0.950684,-10.1929,-2.0752,-20.4468,1
1885.84,-0.452637,0.293457,0.967773,-8.54492,-1.95312,-21.3013,1
1885.85,-0.564941,0.469238,0.944336,-13.7329,-0.610352,-23.0713,1
1885.86,-0.601562,-0.251953,0.960449,-16.5405,0.183105,-24.353,1
1885.87,-0.589844,-0.0136719,0.898438,-12.5732,0.671387,-22.644,1
1885.88,-0.482422,0.367188,0.78418,-18.3716,-0.366211,-24.231,1
1885.89,-0.575195,-0.409668,0.841309,-20.752,-0.366211,-24.1089,1
1885.9,-0.596191,-0.496582,0.958496,-14.1602,0.12207,-22.644,1
1885.91,-0.387207,0.121582,1.05176,-16.1743,1.28174,-24.5361,1
1885.92,-0.279297,-0.263672,0.814941,-19.104,0.305176,-24.292,1
1885.93,-0.53125,-0.42627,0.914551,-15.3809,1.15967,-22.8271,1
1885.94,-0.30127,-0.0732422,0.507324,-15.9912,-0.12207,-21.4233,1
1885.95,-0.731445,-0.449219,1.14307,-14.5874,3.17383,-22.644,1
1885.96,-0.396484,-0.652344,0.680176,-9.8877,1.52588,-21.7896,1
1885.97,-0.597656,-0.0185547,0.904297,-8.60596,0.183105,-19.7754,1
1885.98,-0.291504,-0.181641,1.26562,-14.7095,2.2583,-22.583,1
1885.99,-0.187988,-0.874512,0.94873,-10.1929,2.50244,-18.8599,1
1886,-0.239258,-0.223633,0.670898,-8.17871,0.976562,-16.7236,1
1886.01,-0.463379,-0.120605,0.908203,-14.5264,1.77002,-18.0664,1
1886.02,-0.709473,-0.844727,1.09521,-11.2305,3.05176,-15.9912,1
1886.03,-0.408203,-0.648926,1.04443,-6.10352,3.96729,-15.3198,1
1886.04,-0.166992,-0.0512695,0.788574,-8.30078,1.09863,-14.5874,1
1886.05,-0.544922,-0.53418,1.03857,-9.46045,4.45557,-14.7705,1
1886.06,-0.601562,-0.779785,1.06006,-4.69971,2.56348,-12.9395,1
1886.07,-0.551758,-0.203125,1.12158,-3.41797,2.80762,-12.6953,1
1886.08,-0.488281,-0.643066,0.929199,-5.7373,4.57764,-12.6953,1
1886.09,-0.408691,-0.597656,0.822266,0.12207,2.99072,-10.437,1
1886.1,-0.513184,-0.0898438,0.96875,-1.34277,2.80762,-11.2915,1
1886.11,-0.656738,-0.626953,1.0376,-4.02832,2.38037,-11.1084,1
1886.12,-0.800781,-0.708496,0.947754,1.70898,2.01416,-9.33838,1
1886.13,-0.645996,-0.0834961,0.894531,1.09863,2.80762,-9.8877,1
1886.14,-0.586426,-0.225586,1.08984,-2.62451,3.05176,-10.1318,1
1886.15,-0.639648,-0.822754,1.07031,0.610352,2.92969,-8.48389,1
1886.15,-0.601074,-0.351074,0.772461,6.95801,2.38037,-5.79834,1
1886.16,-0.74707,-0.118652,0.828125,1.52588,3.05176,-7.56836,1
1886.17,-0.812988,-0.463867,0.978027,1.64795,2.0752,-6.83594,1
1886.18,-0.775879,-0.231934,1.03613,4.76074,2.68555,-5.5542,1
1886.19,-0.812012,-0.269043,1.0249,3.72314,2.56348,-7.01904,1
1886.2,-0.707031,-0.308105,0.801758,6.28662,2.62451,-5.49316,1
1886.21,-0.767578,-0.200195,0.782715,6.95801,3.78418,-4.76074,1
1886.22,-0.789062,-0.384277,0.687012,6.89697,1.64795,-5.12695,1
1886.23,-0.96875,-0.220215,1.1001,8.8501,1.0376,-4.69971,1
1886.24,-0.406738,-0.113281,0.945801,6.16455,0.671387,-5.98145,1
1886.25,-0.683105,-0.336914,0.906738,3.60107,2.56348,-5.31006,1
1886.26,-0.690918,-0.205566,0.731445,0.793457,0.671387,-4.76074,1
1886.27,-0.703125,-0.276367,0.880859,-3.17383,2.19727,-5.00488,1
1886.28,-0.642578,-0.663574,1.05371,-1.83105,1.34277,-5.18799,1
1886.29,-0.615723,-0.247559,0.786621,0.671387,1.95312,-4.5166,1
1886.3,-0.684082,-0.131348,0.852539,-4.63867,2.31934,-6.22559,1
1886.31,-0.814941,-0.45752,0.899414,-6.34766,0.671387,-5.79834,1
1886.32,-0.791992,-0.329102,1.00879,-7.62939,1.70898,-6.5918,1
1886.33,-0.70752,-0.222168,0.93457,-12.146,2.62451,-7.99561,1
1886.34,-0.761719,-0.760254,0.962891,-11.8408,2.2583,-7.99561,1
1886.35,-0.67041,-0.568359,0.976074,-7.44629,1.40381,-8.11768,1
1886.36,-0.647949,-0.180176,0.873047,-9.27734,2.38037,-9.94873,1
1886.36,-0.650391,-0.527832,0.98877,-11.8408,1.70898,-11.0474,1
1886.37,-0.529785,-0.655762,0.977539,-7.62939,1.09863,-10.437,1
1886.38,-0.483398,-0.449219,0.771484,-5.49316,1.83105,-11.9629,1
1886.39,-0.81543,-0.560547,1.10742,-5.24902,1.34277,-13.5498,1
1886.4,-0.529297,-0.669922,0.949219,-4.69971,1.34277,-15.1978,1
1886.41,-0.303223,-0.779785,0.916016,-2.50244,0.854492,-14.4653,1
1886.42,-0.366211,-0.3125,1.0376,-3.23486,0.183105,-16.4185,1
1886.43,-0.483887,-0.352539,0.870117,-6.53076,-0.366211,-18.4937,1
1886.44,-0.552246,-0.880371,0.975586,-2.92969,0.427246,-18.8599,1
1886.45,-0.369629,-0.731934,0.898926,0.854492,-0.671387,-19.8975,1
1886.46,-0.29248,-0.536621,0.847168,0,0.0610352,-20.752,1
1886.47,-0.342285,-0.641113,0.991699,-0.976562,-0.915527,-21.9116,1
1886.48,-0.45752,-0.567871,1.00635,-1.28174,-2.19727,-22.644,1
1886.49,-0.40918,-0.712402,1.00195,-0.671387,-1.09863,-23.4985,1
1886.5,-0.371094,-0.845703,0.913574,0.549316,-0.183105,-25.2075,1
1886.51,-0.308594,-0.708496,1.01758,1.28174,-0.671387,-25.5127,1
1886.52,-0.236816,-0.671387,1.05859,0.488281,-1.15967,-25.5127,1
1886.53,-0.269531,-0.66748,0.999023,0.0610352,-1.70898,-25.8789,1
1886.54,-0.32373,-0.757812,0.936523,0.427246,-1.0376,-26.3062,1
1886.55,-0.328613,-0.681641,0.96582,1.34277,-0.427246,-26.7334,1
1886.56,-0.265625,-0.609375,0.932617,-0.0610352,-0.366211,-27.771,1
1886.57,-0.243164,-0.858398,0.920898,-0.427246,-0.488281,-27.8931,1
1886.58,-0.275391,-0.657715,0.955078,0.915527,-1.15967,-27.71,1
1886.59,-0.232422,-0.653809,1.02393,-0.427246,-0.549316,-28.9917,1
1886.6,-0.179688,-0.876465,1.02295,0.976562,-1.15967,-28.3813,1
1886.61,-0.163086,-0.651855,1.05225,1.77002,-0.732422,-28.8086,1
1886.62,-0.157715,-0.743164,0.991211,1.0376,-0.488281,-28.9307,1
1886.63,-0.216309,-0.71582,0.894043,3.23486,-0.976562,-27.8931,1
1886.64,-0.222168,-0.750977,0.866211,1.95312,-1.15967,-29.1138,1
1886.65,-0.161133,-0.866699,0.971191,3.479,-1.70898,-28.3813,1
1886.66,-0.165039,-0.691895,1.07227,2.92969,-1.2207,-29.1138,1
1886.67,-0.130859,-0.825684,1.09375,2.19727,-0.976562,-29.2969,1
1886.68,-0.132324,-0.866211,0.97168,3.54004,-1.40381,-28.0762,1
1886.69,-0.147949,-0.735352,0.957031,3.54004,-1.95312,-28.3813,1
1886.7,-0.0986328,-0.785645,0.97998,2.2583,-2.19727,-28.9917,1
1886.71,-0.0942383,-0.758301,1.02734,2.50244,-1.95312,-28.1372,1
1886.72,-0.0932617,-0.759766,0.994141,0.732422,-1.83105,-29.0527,1
1886.72,-0.0688477,-0.895508,0.990723,0.854492,-1.83105,-28.4424,1
1886.73,-0.059082,-0.729004,0.98877,0.305176,-2.50244,-28.3203,1
1886.74,-0.0268555,-0.814453,1.00244,-2.44141,-2.19727,-29.2358,1
1886.75,-0.0854492,-0.80957,1.0415,-0.915527,-2.01416,-27.4048,1
1886.76,-0.0214844,-0.67334,0.983887,-2.56348,-1.77002,-28.3813,1
1886.77,0.0224609,-0.853516,0.894531,-2.31934,-1.64795,-27.4048,1
1886.78,0.0483398,-0.825195,0.962891,0.0610352,-1.40381,-26.8555,1
1886.79,0.143555,-0.630371,0.974121,-0.427246,-1.58691,-27.71,1
1886.8,0.118652,-0.785156,1.06885,-0.610352,-1.0376,-27.1606,1
1886.81,0.0976562,-0.760254,1.01758,1.40381,-1.77002,-26.001,1
1886.82,0.107422,-0.649414,0.898438,1.34277,-1.70898,-26.123,1
1886.83,0.14502,-0.829102,0.894531,1.89209,-1.34277,-25.5737,1
1886.84,0.166504,-0.751953,0.964844,4.08936,-0.915527,-24.7803,1
1886.85,0.156738,-0.605469,1.0542,3.11279,-0.854492,-25.0854,1
1886.86,0.166504,-0.682617,1.0625,3.2959,-1.34277,-23.9258,1
1886.87,0.175293,-0.664062,1.00293,3.90625,-0.183105,-22.7661,1
1886.88,0.171387,-0.669434,0.900879,3.60107,-0.305176,-22.4609,1
1886.89,0.126465,-0.776367,0.945312,4.15039,-0.244141,-21.9116,1
1886.9,0.165527,-0.664551,1.03418,4.76074,-0.183105,-21.2402,1
1886.91,0.216309,-0.536621,1.01807,3.35693,0,-21.1182,1
1886.92,0.23877,-0.698242,1.01709,1.89209,0.0610352,-20.9961,1
1886.93,0.216309,-0.591797,0.998047,2.38037,-0.488281,-20.0806,1
1886.94,0.0976562,-0.63916,1.01025,1.0376,0.427246,-20.0195,1
1886.95,0.0908203,-0.742676,1.01318,2.31934,-0.244141,-19.104,1
1886.96,0.16748,-0.526367,0.927246,2.01416,-0.427246,-19.3481,1
1886.97,0.224121,-0.576172,0.960449,-0.0610352,-0.671387,-19.7754,1
1886.98,0.251465,-0.662598,1.06592,0.488281,-1.34277,-19.2261,1
1886.99,0.179199,-0.564453,1.08057,0.244141,-0.610352,-19.5312,1
1887,0.125488,-0.705078,0.995605,0.244141,-1.0376,-19.2261,1
1887.01,0.187012,-0.622559,0.922852,0.854492,-1.40381,-19.165,1
1887.02,0.226074,-0.494141,0.935547,-0.244141,-1.15967,-19.8364,1
1887.02,0.269043,-0.652344,0.972656,-1.34277,-0.976562,-20.2026,1
1887.03,0.223145,-0.601074,0.968262,-0.671387,-0.976562,-20.1416,1
1887.04,0.142578,-0.697266,0.951172,-1.15967,-0.305176,-20.6299,1
1887.05,0.152344,-0.615234,0.988281,0.12207,-0.793457,-20.4468,1
1887.06,0.233398,-0.509766,0.990234,-1.34277,-0.244141,-21.6064,1
1887.07,0.322754,-0.685547,0.976074,-1.40381,-0.0610352,-21.1792,1
1887.08,0.246582,-0.689941,1.01709,-0.793457,-0.183105,-21.4844,1
1887.09,0.199219,-0.63623,1.02832,-0.915527,0.183105,-22.0947,1
1887.1,0.206055,-0.64502,0.992188,-0.244141,0.793457,-21.7285,1
1887.11,0.23584,-0.691895,0.973145,0.0610352,0.793457,-22.0337,1
1887.12,0.29834,-0.608887,0.989746,0.549316,0.732422,-22.4609,1
1887.13,0.326172,-0.620605,1.01807,-0.183105,1.64795,-23.2544,1
1887.14,0.250488,-0.711914,0.959961,1.09863,1.64795,-22.583,1
1887.15,0.247559,-0.701172,0.915039,2.50244,0.915527,-22.8882,1
1887.16,0.32666,-0.65332,0.960449,3.2959,1.28174,-23.4375,1
1887.17,0.291504,-0.673828,1.07568,3.23486,1.58691,-24.0479,1
1887.18,0.253418,-0.645508,1.09229,2.92969,0.793457,-24.1699,1
1887.19,0.224609,-0.618652,1.01514,1.95312,0.488281,-24.4141,1
1887.2,0.23584,-0.68457,0.878906,1.77002,-0.0610352,-24.1089,1
1887.21,0.315918,-0.665039,0.885254,1.89209,-0.0610352,-24.5972,1
1887.22,0.345703,-0.574707,0.964844,0.549316,-0.305176,-25.3906,1
1887.23,0.272461,-0.672852,1.0127,-0.610352,-0.610352,-25.5737,1
1887.24,0.196289,-0.652832,1.0249,-0.366211,-1.46484,-24.9634,1
1887.25,0.240234,-0.598145,0.974121,-1.28174,-1.28174,-25.4517,1
1887.26,0.3125,-0.682129,0.909668,-0.854492,-0.793457,-25.1465,1
1887.27,0.299316,-0.698242,0.9375,-1.15967,-0.793457,-25.3296,1
1887.28,0.227539,-0.67627,0.974121,-0.976562,-1.0376,-24.9023,1
1887.29,0.171387,-0.642578,1.01416,-1.0376,-0.427246,-24.9023,1
1887.3,0.164551,-0.794922,1.021,-0.610352,-0.12207,-24.5361,1
1887.31,0.187988,-0.67041,0.971191,0.671387,-0.305176,-23.8037,1
1887.31,0.15918,-0.733398,0.958496,-1.15967,0.12207,-24.6582,1
1887.32,0.143555,-0.873535,0.962402,0.610352,0.427246,-23.6206,1
1887.33,0.156738,-0.560547,0.98584,0.488281,0.854492,-23.9868,1
1887.34,0.164551,-0.755859,1.04346,-1.70898,0.976562,-24.1699,1
1887.35,0.160645,-0.89209,1.03027,0,0.732422,-23.1934,1
1887.36,0.0996094,-0.631348,1.00488,-0.12207,1.77002,-23.1934,1
1887.37,0.0766602,-0.715332,0.990234,-2.0752,1.83105,-23.9258,1
1887.38,0.125488,-0.830078,0.961914,-1.70898,1.83105,-23.8647,1
1887.39,0.150391,-0.659668,0.952637,-0.915527,1.70898,-23.8037,1
1887.4,0.105469,-0.808105,1.00439,-1.95312,1.95312,-24.353,1
1887.41,0.0830078,-0.830078,1.03467,0,1.89209,-23.8037,1
1887.42,0.0380859,-0.69043,1.02051,-0.244141,3.11279,-24.7803,1
1887.43,0.0258789,-0.891602,0.939453,0.366211,2.68555,-24.4141,1
1887.44,0.0209961,-0.692383,0.88916,1.0376,1.70898,-25.0854,1
1887.45,0.0263672,-0.663574,0.933105,0,2.44141,-25.3906,1
1887.46,-0.0341797,-0.839355,0.981445,1.40381,2.2583,-24.9023,1
1887.47,-0.0898438,-0.734375,0.990234,2.01416,2.13623,-25.6348,1
1887.48,-0.104492,-0.735352,0.958496,1.64795,1.95312,-26.001,1
1887.49,-0.103027,-0.851562,0.930664,2.13623,1.89209,-25.8179,1
1887.5,-0.065918,-0.682617,0.982422,2.80762,1.64795,-26.123,1
1887.51,-0.0839844,-0.706543,1.03662,1.15967,2.31934,-27.4658,1
1887.52,-0.125977,-0.843262,0.959473,2.50244,2.2583,-26.6724,1
1887.53,-0.192383,-0.651855,0.879395,2.62451,2.38037,-26.9165,1
1887.54,-0.219727,-0.737305,0.905762,0.549316,2.0752,-27.71,1
1887.55,-0.162109,-0.843262,0.978027,1.95312,2.0752,-26.8555,1
1887.56,-0.143066,-0.654785,1.11182,1.95312,2.31934,-27.771,1
1887.57,-0.144043,-0.754395,0.974609,1.09863,2.44141,-28.1982,1
1887.58,-0.171387,-0.863281,0.852539,1.89209,2.01416,-27.832,1
1887.59,-0.1875,-0.679688,0.960449,1.95312,1.40381,-28.1982,1
1887.6,-0.148926,-0.720703,0.961426,0.854492,1.89209,-28.9307,1
1887.61,-0.0942383,-0.781738,0.941895,1.89209,1.64795,-28.6255,1
1887.61,-0.105957,-0.658691,0.89502,1.52588,1.28174,-29.0527,1
1887.62,-0.0830078,-0.842285,0.898438,-0.366211,0.793457,-29.7852,1
1887.63,-0.0849609,-0.863281,0.999512,1.46484,0.244141,-28.8086,1
1887.64,-0.103516,-0.657227,1.05518,0.12207,0.671387,-29.7852,1
1887.65,-0.0683594,-0.889648,1.04199,-1.09863,0.549316,-29.7852,1
1887.66,-0.0722656,-0.874512,0.963867,0.671387,0.305176,-28.6865,1
1887.67,-0.0737305,-0.623535,0.975586,-0.976562,0.549316,-29.48,1
1887.68,-0.0791016,-0.912109,1.00732,-2.31934,0.549316,-29.541,1
1887.69,-0.0263672,-0.961426,1.06104,0.0610352,0.427246,-28.5034,1
1887.7,0.0839844,-0.70166,1.08203,-0.610352,0.488281,-29.1138,1
1887.71,0.115723,-0.816406,0.983398,-1.95312,0.183105,-29.1748,1
1887.72,0.109863,-0.88916,0.92627,-0.488281,0.12207,-28.2593,1
1887.73,0.0405273,-0.777344,0.972168,-0.366211,0.488281,-28.6255,1
1887.74,0.0151367,-0.874512,0.965332,-0.366211,0.610352,-28.4424,1
1887.75,0.0170898,-0.851074,1.01953,0.488281,0.549316,-27.771,1
1887.76,0.0390625,-0.741211,1.03955,0.183105,0.183105,-27.71,1
1887.77,0.0566406,-0.850098,0.990723,0.244141,0.427246,-27.3438,1
1887.78,0.0664062,-0.793945,0.956055,0.793457,-0.12207,-27.1606,1
1887.79,0.0742188,-0.848633,0.874512,1.34277,0.427246,-26.5503,1
1887.8,0.074707,-0.748535,0.915527,1.95312,0.488281,-26.3062,1
1887.81,0.0629883,-0.814941,1.02979,1.0376,0.488281,-26.7334,1
1887.82,0.0302734,-0.893066,1.01709,2.86865,0.610352,-25.5127,1
1887.83,0.0375977,-0.68457,0.90918,2.50244,0.488281,-25.5737,1
1887.84,0.0151367,-0.872559,0.921875,1.0376,1.0376,-25.9399,1
1887.85,0.0136719,-0.959473,0.958984,2.38037,0.976562,-25.1465,1
1887.86,-0.00537109,-0.712891,0.941895,2.50244,1.15967,-25.2686,1
1887.87,0.0146484,-0.745117,1.05615,0.427246,1.52588,-25.9399,1
1887.88,0.00537109,-0.858887,1.00342,1.58691,1.52588,-24.7192,1
1887.89,0.0136719,-0.722656,0.903809,1.34277,1.46484,-24.9634,1
1887.9,0.00244141,-0.848633,0.937012,0,1.64795,-25.6348,1
1887.91,0.0107422,-0.86377,1,1.2207,1.2207,-24.8413,1
1887.92,0.046875,-0.631836,0.937012,0.183105,1.34277,-25.3296,1
1887.93,0.0566406,-0.819824,0.879395,-1.64795,1.2207,-25.8179,1
1887.94,0.0131836,-0.92334,0.919922,-0.0610352,1.15967,-25.2075,1
1887.95,0.00146484,-0.725586,0.945801,-0.366211,1.40381,-25.7568,1
1887.96,-0.00830078,-0.82666,0.976562,-1.34277,1.34277,-26.4893,1
1887.97,0.0366211,-0.890137,0.956543,0.0610352,1.2207,-25.6348,1
1887.97,0.0454102,-0.646484,0.938477,-0.12207,0.854492,-26.4893,1
1887.98,0.0561523,-0.802734,0.932617,-1.28174,1.0376,-26.7944,1
1887.99,0.0214844,-0.892578,0.973633,0.549316,1.0376,-25.8179,1
1888,-0.0175781,-0.755371,1.03271,0.244141,0.732422,-26.6724,1
1888.01,0.0366211,-0.841309,0.996094,-0.12207,0.976562,-26.8555,1
1888.02,0.0532227,-0.740723,0.983398,1.40381,1.09863,-26.001,1
1888.03,0.027832,-0.766602,0.954102,0.427246,1.0376,-26.7334,1
1888.04,0.0205078,-0.888672,0.951172,1.89209,0.854492,-26.4282,1
1888.05,-4.882812e-04,-0.794434,0.975586,2.74658,1.58691,-26.3062,1
1888.06,0.0166016,-0.755371,0.954102,1.77002,1.28174,-26.6113,1
1888.07,0.0195312,-0.82959,0.995117,1.58691,0.671387,-26.6113,1
1888.08,0.0493164,-0.741699,1.00195,2.68555,0.976562,-25.9399,1
1888.09,0.0424805,-0.682129,0.969238,1.58691,1.34277,-26.7334,1
1888.1,0.012207,-0.874512,0.897461,1.64795,0.671387,-26.3672,1
1888.11,0.0166016,-0.786133,0.9375,3.41797,0,-25.6348,1
1888.12,0.0234375,-0.707031,0.954102,2.01416,0.488281,-26.6113,1
1888.13,0.0551758,-0.763672,0.965332,2.0752,0.0610352,-26.062,1
1888.14,0.0483398,-0.689941,1.03369,1.28174,0.244141,-26.123,1
1888.15,0.0483398,-0.855469,0.979004,0.549316,-0.0610352,-26.001,1
1888.16,0.0566406,-0.791504,0.915039,1.89209,0.0610352,-25.2686,1
1888.17,0.0766602,-0.754395,0.965332,0.183105,0.488281,-26.3672,1
1888.18,0.102051,-0.805664,1.03857,1.28174,0.305176,-25.3906,1
1888.19,0.0957031,-0.70752,0.987793,0.427246,0.427246,-25.8179,1
1888.2,0.0556641,-0.836914,0.972168,0.305176,0.0610352,-25.5737,1
1888.21,0.0327148,-0.839355,0.961914,0.854492,0.0610352,-25.4517,1
1888.22,0.126953,-0.745605,0.927246,0.488281,0,-25.8179,1
1888.22,0.145996,-0.765625,0.989746,0.12207,0.12207,-25.8789,1
1888.23,0.135742,-0.771484,1.021,-0.244141,-0.366211,-25.6348,1
1888.24,0.101562,-0.806641,0.974121,-0.488281,0,-25.5737,1
1888.25,0.0581055,-0.854492,1.03418,-0.0610352,0.0610352,-25.2686,1
1888.26,0.0888672,-0.822754,1.04004,-0.305176,-0.305176,-25.9399,1
1888.27,0.133301,-0.770996,0.958008,0,0.12207,-25.8789,1
1888.28,0.160645,-0.795898,1.0083,-0.305176,0.305176,-26.062,1
1888.29,0.138184,-0.796875,1.02441,-0.976562,0,-26.001,1
1888.3,0.0727539,-0.81543,1.01953,-1.83105,0.183105,-26.2451,1
1888.31,0.0585938,-0.796875,1.01318,-0.915527,0.0610352,-25.6348,1
1888.32,0.078125,-0.756836,0.996582,-0.854492,0.244141,-26.001,1
1888.33,0.129883,-0.780273,0.983887,-0.183105,0,-26.123,1
1888.34,0.164062,-0.736328,0.989258,-0.366211,0.244141,-26.5503,1
1888.35,0.137695,-0.79834,0.973145,0.488281,0.305176,-26.3672,1
1888.36,0.0957031,-0.816895,0.907715,1.70898,0,-25.8179,1
1888.37,0.106445,-0.797363,0.968262,2.2583,-0.305176,-26.3062,1
1888.38,0.146973,-0.76123,0.943848,3.17383,0.183105,-25.9399,1
1888.39,0.133789,-0.822266,0.946777,3.11279,0.793457,-26.3062,1
1888.4,0.0976562,-0.789062,0.92334,4.02832,-0.12207,-25.8179,1
1888.41,0.108398,-0.744141,0.914062,3.23486,0.793457,-26.062,1
1888.42,0.105469,-0.839844,0.895996,3.17383,0.610352,-26.001,1
1888.43,0.150879,-0.762207,0.95166,2.74658,0.305176,-26.1841,1
1888.44,0.166016,-0.763672,1.00781,1.2207,1.28174,-26.4282,1
1888.45,0.078125,-0.782715,1.02881,0.671387,1.15967,-25.9399,1
1888.46,0.059082,-0.76709,0.98877,-0.793457,1.15967,-26.123,1
1888.47,0.0556641,-0.747559,0.9375,-0.427246,1.58691,-25.5127,1
1888.48,0.0390625,-0.865723,0.923828,-0.732422,2.2583,-26.1841,1
1888.49,0.00244141,-0.841797,0.979004,0.732422,2.0752,-25.8789,1
1888.5,-0.0102539,-0.754883,1.02783,-0.427246,2.56348,-26.6113,1
1888.51,0.00292969,-0.822266,0.947266,-0.12207,2.68555,-26.062,1
1888.52,0.00488281,-0.785156,0.944336,0.305176,3.11279,-26.3062,1
1888.53,-9.765625e-04,-0.810547,0.928711,1.0376,3.35693,-26.1841,1
1888.54,-0.0380859,-0.833008,0.905273,1.95312,3.35693,-26.123,1
1888.55,-0.0751953,-0.742676,0.958008,2.38037,3.17383,-26.4282,1
1888.56,-0.0595703,-0.765625,0.908691,2.2583,4.21143,-26.7334,1
1888.57,-0.0683594,-0.833008,0.921387,3.35693,4.39453,-26.3062,1
1888.58,-0.103027,-0.76709,0.939453,3.05176,3.60107,-27.0386,1
1888.59,-0.0683594,-0.776855,0.900391,3.17383,3.72314,-27.1606,1
1888.6,-0.0522461,-0.77002,0.897949,4.02832,4.5166,-26.7334,1
1888.61,-0.0878906,-0.756348,0.945312,3.41797,3.90625,-27.2217,1
1888.61,-0.0214844,-0.830566,0.95166,2.68555,3.78418,-27.5269,1
1888.62,-0.00976562,-0.745117,0.960449,2.92969,4.02832,-26.8555,1
1888.63,-0.0151367,-0.787598,0.921875,1.70898,4.02832,-27.6489,1
1888.64,-0.00830078,-0.872559,0.888672,2.31934,3.05176,-27.6489,1
1888.65,9.765625e-04,-0.75,0.891602,2.86865,3.23486,-27.8931,1
1888.66,-0.0112305,-0.786621,0.907227,2.38037,3.2959,-28.1982,1
1888.67,0.0117188,-0.861816,0.974121,2.13623,2.13623,-28.4424,1
1888.68,0.0478516,-0.697266,0.918945,3.23486,1.52588,-27.771,1
1888.69,0.0786133,-0.777344,0.955566,2.0752,2.19727,-28.5645,1
1888.7,0.106445,-0.86084,0.878906,3.60107,1.52588,-27.8931,1
1888.71,0.124023,-0.706055,0.853516,2.74658,1.15967,-28.6255,1
1888.72,0.113281,-0.834473,1.00586,1.28174,0.488281,-28.9307,1
1888.73,0.147461,-0.821777,0.949219,1.70898,0.366211,-28.1982,1
1888.74,0.151367,-0.73291,0.930664,0.549316,0.671387,-28.6865,1
1888.75,0.131836,-0.841797,0.932617,0.244141,0.244141,-28.3813,1
1888.76,0.156738,-0.838867,0.923828,0.732422,-0.12207,-28.4424,1
1888.77,0.171875,-0.807617,0.983887,0.183105,-0.305176,-28.8086,1
1888.78,0.186035,-0.82666,1.02881,-0.366211,-0.305176,-28.5645,1
1888.79,0.17041,-0.748047,0.998047,-0.976562,-0.854492,-28.4424,1
1888.8,0.143066,-0.870605,1.00586,-1.89209,-0.732422,-28.5645,1
1888.81,0.170898,-0.854004,0.965332,-0.671387,-0.854492,-27.8931,1
1888.82,0.171387,-0.858887,1.00439,-1.09863,-0.671387,-28.5034,1
1888.83,0.193848,-0.958008,1.08936,-0.427246,-1.15967,-28.1372,1
1888.84,0.231445,-0.783691,1.07715,-0.183105,-0.976562,-27.6489,1
1888.85,0.145508,-0.783203,0.990723,-1.95312,-0.366211,-27.8931,1
1888.86,0.0732422,-0.995605,0.939453,-1.2207,-0.793457,-27.4048,1
1888.87,0.118652,-0.69873,0.928223,0.183105,-1.0376,-27.0386,1
1888.88,0.216309,-0.637207,0.953613,-2.50244,-0.610352,-28.1982,1
1888.89,0.28418,-1.00879,1.03027,-2.13623,-1.46484,-27.6489,1
1888.9,0.187988,-0.761719,1.00537,0.0610352,-1.09863,-26.7944,1
1888.9,0.0488281,-0.728516,0.933594,-2.13623,-0.854492,-27.2217,1
1888.91,0.0585938,-1.06982,0.943848,-0.732422,-1.15967,-26.4282,1
1888.92,0.178223,-0.668457,0.939941,1.40381,-0.976562,-26.3672,1
1888.93,0.261719,-0.680664,0.976562,-2.0752,-0.793457,-27.3438,1
1888.94,0.241699,-1.05664,1.09424,-0.0610352,-0.976562,-25.9399,1
1888.95,0.111328,-0.808594,1.04541,1.95312,-0.427246,-25.5737,1
1888.96,0.090332,-0.859863,0.947266,0.549316,-0.183105,-25.9399,1
1888.97,0.13623,-0.966309,1.01758,2.74658,-0.244141,-24.5972,1
1888.98,0.203125,-0.63623,1.02588,2.56348,-0.0610352,-24.9634,1
1888.99,0.241699,-0.898438,1.01025,0.732422,0.183105,-25.2075,1
1889,0.140137,-1.0874,1.04639,2.80762,0.427246,-24.292,1
1889.01,0.111328,-0.700684,1.01025,2.31934,0.366211,-23.9868,1
1889.02,0.0913086,-0.756348,0.976562,-1.28174,0,-24.5972,1
1889.03,0.174316,-0.884277,0.961426,-0.793457,-0.12207,-23.9258,1
1889.04,0.189941,-0.76123,1.04883,-0.488281,1.0376,-24.0479,1
1889.05,0.125488,-0.888672,0.996094,-1.46484,0.549316,-24.353,1
1889.06,0.0830078,-0.899414,0.970703,-0.244141,0.427246,-23.8647,1
1889.07,0.0771484,-0.669922,1.00586,-0.427246,1.15967,-24.0479,1
1889.08,0.0830078,-0.775879,1.00195,-2.62451,1.09863,-25.0244,1
1889.09,0.133301,-0.981934,0.930176,-1.28174,0.183105,-23.9258,1
1889.1,0.0981445,-0.849121,1.03564,0.427246,0.610352,-23.8647,1
1889.11,0.09375,-0.74707,0.981445,0.732422,1.52588,-24.4141,1
1889.12,0.0825195,-0.834473,0.959961,1.83105,1.95312,-24.5361,1
1889.13,-0.00927734,-0.882324,1.01416,3.2959,1.64795,-23.9258,1
1889.14,0.0141602,-0.81543,0.983398,3.66211,1.46484,-23.8037,1
1889.15,-0.00146484,-0.822754,1.00684,3.96729,2.2583,-24.231,1
1889.16,0.0585938,-0.79834,0.952637,6.34766,2.62451,-23.4985,1
1889.17,0.0473633,-0.703125,0.886719,6.40869,2.99072,-24.0479,1
1889.18,-0.0708008,-0.864746,0.953125,4.57764,2.44141,-24.5972,1
1889.19,-0.152344,-0.987305,0.970703,5.85938,2.74658,-23.5596,1
1889.2,-0.151367,-0.631348,1.00146,5.92041,3.96729,-23.7427,1
1889.21,-0.0742188,-0.708008,1.00146,2.62451,4.02832,-24.9634,1
1889.22,0.0297852,-0.90918,0.820801,4.02832,3.54004,-24.231,1
1889.22,-0.0390625,-0.620605,0.812988,3.60107,4.15039,-24.9023,1
1889.23,-0.0581055,-0.720703,0.926758,0.488281,3.96729,-25.8179,1
1889.24,-0.110352,-0.90918,0.969238,1.64795,4.3335,-24.6582,1
1889.25,-0.156738,-0.660156,0.948242,1.40381,4.63867,-25.2075,1
1889.26,-0.15625,-0.748047,0.887207,-0.671387,5.00488,-26.3062,1
1889.27,-0.120605,-0.810547,0.852539,0.427246,4.5166,-25.8179,1
1889.28,-0.135254,-0.725098,0.851562,0.0610352,4.45557,-26.8555,1
1889.29,-0.0522461,-0.806152,0.939453,-0.305176,4.45557,-27.3438,1
1889.3,-0.0932617,-0.699219,0.974121,0.488281,4.82178,-27.2827,1
1889.31,-0.122559,-0.740234,1.00488,-0.488281,4.94385,-28.3813,1
1889.32,-0.174805,-0.834473,0.959961,0.854492,4.3335,-27.71,1
1889.33,-0.135254,-0.751953,0.849609,0.732422,4.08936,-28.1372,1
1889.34,-0.11377,-0.883301,0.92334,-0.366211,3.54004,-29.541,1
1889.35,-0.0981445,-0.865723,0.989258,0.793457,3.41797,-28.9917,1
1889.36,-0.0966797,-0.671875,0.938965,0.732422,4.02832,-29.4189,1
1889.37,-0.163086,-0.861328,0.913086,-1.2207,3.60107,-30.7007,1
1889.38,-0.14502,-0.908203,0.873535,0.305176,2.99072,-29.9683,1
1889.39,-0.141113,-0.665039,0.944824,-1.0376,3.41797,-30.5786,1
1889.4,-0.148438,-0.955078,1.06348,-3.11279,2.86865,-31.1279,1
1889.41,-0.104492,-0.831055,0.980469,-0.915527,2.13623,-30.4565,1
1889.42,-0.128906,-0.626953,0.945801,-3.479,2.99072,-31.6772,1
1889.43,-0.161621,-0.975586,0.904297,-3.84521,1.70898,-31.6162,1
1889.44,-0.122559,-0.839844,0.933594,-1.46484,1.40381,-31.1279,1
1889.45,-0.149902,-0.704102,0.993164,-2.80762,1.28174,-32.1655,1
1889.46,-0.11377,-1.01367,0.992188,-2.38037,1.46484,-31.9824,1
1889.47,-0.111328,-0.898438,0.92041,-0.488281,1.0376,-31.3721,1
1889.48,-0.125488,-0.920898,0.949219,-2.31934,1.0376,-32.3486,1
1889.49,-0.103027,-0.95459,1.07031,-0.671387,1.15967,-31.1279,1
1889.5,-0.0839844,-0.710938,1.02002,-0.732422,1.77002,-31.189,1
1889.51,-0.0952148,-0.911621,0.984863,-1.89209,1.52588,-31.4941,1
1889.52,-0.0820312,-1.06201,0.981934,0.732422,1.15967,-30.4565,1
1889.53,-0.0727539,-0.812012,0.915527,1.95312,2.13623,-30.3955,1
1889.54,-0.0893555,-0.929688,0.956055,0.12207,2.56348,-31.0059,1
1889.55,-0.100586,-0.996094,0.981934,2.13623,2.01416,-29.9683,1
1889.56,-0.12207,-0.873535,0.97998,2.56348,2.74658,-30.2734,1
1889.57,-0.104492,-0.894531,0.940918,2.50244,2.50244,-30.1514,1
1889.57,-0.0849609,-0.960938,0.967773,2.74658,2.86865,-30.0903,1
1889.58,-0.100586,-0.898926,1.00488,4.21143,2.50244,-29.2358,1
1889.59,-0.0507812,-0.919434,1.00684,3.41797,2.92969,-29.7852,1
1889.6,-0.0761719,-0.958984,0.991699,4.15039,2.92969,-29.3579,1
1889.61,-0.0644531,-0.814941,0.891602,4.57764,2.74658,-29.0527,1
1889.62,-0.128418,-0.933105,0.900391,4.39453,3.17383,-29.2969,1
1889.63,-0.12207,-0.91748,0.929199,4.45557,2.38037,-29.9072,1
1889.64,-0.081543,-0.921875,0.910645,4.82178,3.17383,-29.4189,1
1889.65,-0.120117,-0.752441,0.916016,4.63867,3.17383,-29.6631,1
1889.66,-0.0996094,-0.90332,0.910645,2.50244,2.62451,-30.4565,1
1889.67,-0.0874023,-0.936523,0.873535,5.37109,2.99072,-29.2358,1
1889.68,-0.134766,-0.729492,0.915039,3.72314,2.38037,-30.5176,1
1889.69,-0.121094,-0.903809,0.890137,2.62451,1.58691,-30.5786,1
1889.7,-0.12793,-0.872559,0.878906,3.78418,1.83105,-29.7852,1
1889.71,-0.0878906,-0.781738,0.881348,2.56348,1.83105,-31.0059,1
1889.72,-0.0922852,-0.95166,0.883789,2.0752,1.09863,-31.189,1
1889.73,-0.0317383,-0.894043,0.907227,3.11279,0.976562,-30.5176,1
1889.74,-0.125977,-0.849609,0.935059,1.28174,1.09863,-31.4331,1
1889.75,-0.141113,-0.899414,0.915039,0.671387,0.915527,-31.189,1
1889.76,-0.119141,-0.841309,0.914551,0,1.34277,-31.189,1
1889.77,-0.132812,-0.805664,0.946777,-0.671387,1.34277,-31.189,1
1889.78,-0.0668945,-0.950684,0.898926,-1.40381,1.0376,-31.4331,1
1889.79,-0.0786133,-0.851074,0.996582,-0.12207,0.915527,-31.3721,1
1889.8,-0.0869141,-0.849121,0.995117,-3.05176,0.915527,-32.7148,1
1889.81,-0.0805664,-1.05566,0.884766,-1.52588,0.610352,-31.25,1
1889.82,-0.108398,-0.79834,0.942383,-1.70898,0.305176,-31.4331,1
1889.83,-0.0791016,-0.928711,0.961426,-4.08936,0.610352,-32.5928,1
1889.84,-0.0224609,-1.07031,0.996582,-1.64795,0.183105,-31.311,1
1889.85,0.00390625,-0.693848,1.01953,-2.01416,-0.12207,-32.1655,1
1889.86,0.0351562,-1.04297,0.922363,-3.05176,-0.244141,-31.6162,1
1889.86,-0.0180664,-1.12012,0.936035,0.244141,0,-31.1279,1
1889.87,-0.0551758,-0.728027,1.00439,-0.0610352,-0.0610352,-31.7993,1
1889.88,-0.0532227,-1.00391,0.991699,-1.15967,0.305176,-31.311,1
1889.89,0.00195312,-0.965332,0.960449,1.89209,-0.305176,-30.3955,1
1889.9,0.0239258,-0.812988,0.929688,0.549316,0,-31.3721,1
1889.91,0.0234375,-1.0498,0.912109,0.854492,-0.183105,-30.4565,1
1889.92,-0.0678711,-0.946777,0.955078,2.62451,-0.183105,-29.7241,1
1889.93,-0.09375,-0.890625,1.02783,1.83105,0.12207,-30.3345,1
1889.94,-0.097168,-0.931152,0.983398,2.80762,0.183105,-29.6631,1
1889.95,-0.0566406,-1.02148,0.915527,3.11279,0.976562,-29.4189,1
1889.96,-0.0605469,-0.952148,0.934082,5.00488,0.0610352,-28.5034,1
1889.97,-0.0541992,-0.810059,0.943848,3.54004,0.671387,-29.2969,1
1889.98,-0.0751953,-1.00586,1.01318,3.60107,1.28174,-28.6255,1
1889.99,-0.102539,-0.910645,0.964355,5.24902,1.40381,-27.5269,1
1890,-0.0639648,-0.805176,0.882324,2.68555,1.95312,-28.8086,1
1890.01,-0.135254,-1.10156,0.876465,2.92969,2.31934,-27.9541,1
1890.02,-0.134277,-0.868652,0.923828,4.21143,2.50244,-27.771,1
1890.03,-0.11377,-0.688477,1.01025,1.70898,2.56348,-28.6255,1
1890.04,-0.0942383,-1.07568,0.98584,1.46484,2.86865,-27.9541,1
1890.05,-0.100586,-0.878906,0.925781,3.41797,2.56348,-27.2827,1
1890.06,-0.115723,-0.79248,0.937012,0.12207,3.05176,-28.4424,1
1890.07,-0.126953,-1.08496,0.974609,1.2207,3.17383,-27.3438,1
1890.08,-0.125977,-0.819336,0.961914,1.2207,3.05176,-28.2593,1
1890.09,-0.0991211,-0.960938,0.98877,-0.610352,3.11279,-28.4424,1
1890.1,-0.0961914,-1.01025,0.958008,1.46484,2.92969,-27.5269,1
1890.11,-0.121582,-0.717285,1.04736,-0.183105,3.11279,-28.9307,1
1890.11,-0.100098,-0.908203,0.966797,-0.610352,2.99072,-28.2593,1
1890.12,-0.0996094,-0.926758,0.958496,1.40381,2.68555,-27.6489,1
1890.13,-0.0732422,-0.916016,0.887695,1.34277,2.62451,-28.4424,1
1890.14,-0.015625,-0.895508,0.898438,2.62451,2.0752,-28.2593,1
1890.15,0.019043,-0.954102,1.00977,2.19727,1.77002,-29.541,1
1890.16,0.0151367,-0.869141,0.966797,4.02832,0.793457,-28.9307,1
1890.17,0.0175781,-0.773926,0.850098,2.50244,0.854492,-30.0903,1
1890.18,0,-0.908203,0.85791,2.62451,0.244141,-29.6021,1
1890.19,0.0400391,-0.821289,0.926758,2.62451,-0.305176,-29.6631,1
1890.2,0.0581055,-0.958984,0.955566,2.01416,-0.671387,-29.4189,1
1890.21,0.0507812,-0.975098,0.988281,2.80762,-1.0376,-28.8696,1
1890.22,0.0297852,-0.928223,1.0293,1.70898,-1.09863,-29.6631,1
1890.23,0.0615234,-0.865234,1.00879,0.976562,-1.58691,-29.541,1
1890.24,0.0786133,-0.831055,0.912598,0.183105,-1.77002,-29.2969,1
1890.25,0.0800781,-0.95166,0.994629,-0.0610352,-2.0752,-29.0527,1
1890.26,0.166504,-1.02002,1.06299,-0.854492,-2.01416,-29.2358,1
1890.27,0.133789,-0.921875,1.04248,-0.183105,-2.0752,-28.1372,1
1890.28,0.0712891,-0.898438,1.01611,-1.15967,-1.77002,-28.3203,1
1890.29,0.0551758,-0.924805,1.02588,-1.28174,-2.0752,-27.771,1
1890.3,0.0327148,-0.809082,0.991211,-0.793457,-1.64795,-27.4658,1
1890.31,0.105957,-0.904297,0.964844,-0.854492,-1.09863,-27.71,1
1890.32,0.187012,-0.969238,0.933594,1.95312,-1.15967,-26.6113,1
1890.33,0.200195,-0.790039,1.00098,1.89209,-1.09863,-26.9775,1
1890.34,0.135742,-0.922363,0.984863,1.70898,-1.15967,-25.6958,1
1890.35,0.0522461,-0.932617,0.964355,2.86865,-1.40381,-25.0244,1
1890.36,0.0712891,-0.830078,0.924316,3.05176,-0.854492,-25.0244,1
1890.37,0.113281,-0.860352,0.981445,2.92969,-0.183105,-25.2075,1
1890.38,0.177734,-0.876953,0.948242,3.60107,-0.366211,-24.5972,1
1890.39,0.233887,-0.821777,0.960938,3.72314,-0.671387,-23.8647,1
1890.4,0.194336,-0.875,1.04346,2.80762,-0.793457,-23.8037,1
1890.41,0.132812,-0.954102,0.974609,2.92969,-0.427246,-23.0103,1
1890.42,0.104492,-0.898438,0.995605,2.99072,0.12207,-22.7051,1
1890.43,0.158691,-0.780273,0.969238,2.44141,0.12207,-22.583,1
1890.44,0.237305,-0.765625,1.02637,0.915527,0.976562,-23.0713,1
1890.44,0.199219,-0.930176,1.0083,0.427246,0.976562,-22.3999,1
1890.45,0.144531,-0.79248,0.978027,0.976562,0.732422,-21.6064,1
1890.46,0.0883789,-0.766602,0.958496,-0.793457,1.40381,-22.3999,1
1890.47,0.107422,-0.9375,0.978516,0.305176,1.09863,-21.6675,1
1890.48,0.103516,-0.674316,0.946289,1.40381,1.40381,-21.9727,1
1890.49,0.09375,-0.824707,0.951172,-0.183105,1.70898,-22.7051,1
1890.5,0.0483398,-0.988281,0.905273,1.89209,1.77002,-21.6064,1
1890.51,0.0253906,-0.695801,0.971191,1.52588,2.19727,-22.1558,1
1890.52,-0.00341797,-0.814453,0.993652,0.305176,2.74658,-22.3999,1
1890.53,0.0332031,-0.932129,0.948242,2.68555,2.68555,-21.5454,1
1890.54,0.0449219,-0.768066,0.905273,3.05176,3.35693,-21.8506,1
1890.55,-0.00439453,-0.783691,0.974609,1.40381,3.35693,-22.644,1
1890.56,-0.0585938,-0.918457,0.980957,2.31934,4.27246,-22.2168,1
1890.57,-0.0825195,-0.665527,1.03711,2.99072,4.27246,-22.3999,1
1890.58,-0.0639648,-0.804199,0.927246,0.793457,4.21143,-23.3765,1
1890.59,-0.00585938,-0.939453,0.835449,2.74658,3.35693,-22.7661,1
1890.6,-0.0541992,-0.685059,0.907715,2.13623,4.57764,-24.1699,1
1890.61,-0.0356445,-0.706543,0.90918,0.0610352,3.41797,-25.0244,1
1890.62,-0.0380859,-0.949707,0.945801,1.34277,3.66211,-24.4751,1
1890.63,-0.0512695,-0.568359,0.907715,2.62451,2.56348,-24.9023,1
1890.64,-0.0249023,-0.746582,0.901367,-0.610352,2.50244,-26.7334,1
1890.65,0.012207,-0.997559,0.914551,2.44141,1.95312,-25.5737,1
1890.66,-0.0214844,-0.612793,0.944336,2.92969,1.83105,-26.7334,1
1890.67,0.00244141,-0.81543,0.890625,-0.183105,1.46484,-27.71,1
1890.68,-0.0200195,-0.93457,0.917969,2.44141,1.15967,-27.1606,1
1890.69,-0.0141602,-0.637695,0.918945,2.31934,1.15967,-28.1982,1
1890.7,-0.0200195,-0.772461,0.974609,0.793457,-0.0610352,-28.9307,1
1890.71,9.765625e-04,-0.849121,0.944336,2.19727,-0.366211,-28.1372,1
1890.72,0.0170898,-0.777832,0.927734,1.77002,-0.0610352,-28.7476,1
1890.73,0.0292969,-0.878906,0.967773,0.427246,-0.366211,-29.3579,1
1890.73,0.0507812,-0.881836,1.02881,0.793457,-0.183105,-28.8696,1
1890.74,0.0229492,-0.769043,1.08008,-0.305176,-0.305176,-28.9917,1
1890.75,0.0517578,-0.897461,1.03613,-1.46484,-0.610352,-28.9917,1
1890.76,0.0498047,-0.836426,0.98584,-0.915527,-0.549316,-28.6255,1
1890.77,0.0483398,-0.844727,0.981934,-2.01416,0.244141,-29.1138,1
1890.78,0.0322266,-0.864746,1.02686,-1.64795,0.244141,-28.3813,1
1890.79,0.00585938,-0.777344,1.03076,-2.19727,0.12207,-28.7476,1
1890.8,0.00439453,-0.894043,0.984375,-2.13623,0.488281,-28.4424,1
1890.81,0.0351562,-0.903809,0.941895,-0.793457,1.15967,-27.71,1
1890.82,-0.0200195,-0.850098,0.988281,-1.2207,1.28174,-28.3203,1
1890.83,-0.0292969,-0.952637,1.06445,-1.40381,1.0376,-28.3203,1
1890.84,-0.0439453,-0.713867,1.03076,1.0376,2.0752,-26.9165,1
1890.85,-0.0493164,-0.768555,0.899902,-0.12207,2.86865,-27.4658,1
1890.86,0.0366211,-1.08301,0.833984,2.74658,2.80762,-26.6724,1
1890.87,-0.124023,-0.788086,0.972656,5.61523,3.78418,-26.4893,1
1890.88,-0.0966797,-0.803711,1.10449,2.44141,3.35693,-27.771,1
1890.89,-0.0639648,-0.843262,1.00439,3.78418,2.80762,-26.6113,1
1890.9,-0.0410156,-0.821777,0.85498,3.11279,3.78418,-26.8555,1
1890.91,-0.0239258,-0.992188,0.90332,2.99072,3.17383,-27.1606,1
1890.92,-0.0668945,-0.833984,0.998535,3.54004,3.66211,-27.4048,1
1890.93,-0.120605,-0.72168,0.96875,2.92969,3.84521,-27.0386,1
1890.94,-0.114258,-0.733398,0.970703,1.15967,2.99072,-28.1372,1
1890.95,-0.0214844,-0.863281,0.938477,0.366211,2.80762,-28.3203,1
1890.96,-0.0117188,-0.926758,0.883789,1.95312,3.05176,-27.5879,1
1890.97,-0.0654297,-0.749512,0.878906,0.976562,1.70898,-28.8086,1
1890.98,-0.0200195,-0.817383,0.861816,0.0610352,1.58691,-29.2969,1
1890.99,-0.0527344,-0.851562,0.896484,1.46484,2.01416,-28.8696,1
1891,-0.0170898,-0.777832,0.904785,0.732422,0.671387,-29.7852,1
1891.01,0.0195312,-0.863281,0.989746,0.488281,0.488281,-29.9683,1
1891.01,-0.012207,-0.800781,0.995605,1.58691,0.305176,-29.6631,1
1891.02,-0.0107422,-0.804199,0.845215,1.28174,0,-30.3345,1
1891.03,0.0405273,-0.973145,0.931641,1.40381,-0.915527,-30.5786,1
1891.04,0.126953,-0.725586,1,0.366211,-1.40381,-30.9448,1
1891.05,0.0639648,-1.04639,1.02783,-0.976562,-0.854492,-30.4565,1
1891.06,-0.00830078,-0.997559,1.07031,1.15967,-1.34277,-30.0293,1
1891.07,0.00341797,-0.779785,1.05762,-0.915527,-0.854492,-31.0059,1
1891.08,0.104492,-0.97998,1.04199,-1.77002,-1.09863,-30.3955,1
1891.09,0.121094,-0.882324,0.999512,-1.2207,-1.58691,-29.7852,1
1891.1,0.0756836,-0.817871,0.967285,-2.31934,-0.488281,-29.6631,1
1891.11,0.00927734,-0.928223,1.05762,-1.89209,-0.244141,-29.3579,1
1891.12,-0.0478516,-0.961426,1.01855,-0.732422,0.488281,-28.9307,1
1891.13,-0.0209961,-0.844727,0.94043,-0.427246,0.305176,-28.6255,1
1891.14,-0.0302734,-0.969727,0.907715,-0.305176,1.2207,-28.1372,1
1891.15,-0.0366211,-0.815918,0.951172,1.09863,1.34277,-27.771,1
1891.16,-0.0317383,-0.854492,0.932129,0.793457,3.05176,-27.71,1
1891.17,-0.0712891,-0.911621,0.913086,2.74658,2.50244,-27.0996,1
1891.18,-0.0639648,-0.835938,0.905273,3.54004,2.99072,-27.2217,1
1891.19,-0.11377,-0.810059,0.91748,4.21143,3.11279,-26.8555,1
1891.2,-0.120605,-0.907715,0.968262,3.479,4.21143,-27.4048,1
1891.21,-0.0825195,-0.870117,0.967773,4.63867,4.27246,-26.4893,1
1891.22,-0.0927734,-0.919922,0.894043,3.96729,4.94385,-26.9775,1
1891.23,-0.124512,-0.902832,0.913086,4.15039,4.15039,-26.8555,1
1891.24,-0.130371,-0.819824,0.933594,3.17383,5.37109,-27.2217,1
1891.25,-0.114258,-0.915039,0.976562,3.479,5.67627,-26.8555,1
1891.26,-0.081543,-0.760254,0.97168,2.86865,5.06592,-27.0996,1
1891.27,-0.0917969,-0.796875,0.944824,1.09863,4.88281,-28.1982,1
1891.28,-0.0800781,-0.923828,0.863281,1.2207,4.5166,-27.771,1
1891.29,-0.106934,-0.813477,0.873535,1.34277,4.3335,-28.3203,1
1891.3,-0.0722656,-0.901367,0.898926,-0.610352,3.78418,-29.9683,1
1891.31,-0.0185547,-0.883301,0.875977,0.305176,3.05176,-29.541,1
1891.32,-0.0317383,-0.724609,0.913086,0,2.38037,-30.0903,1
1891.33,-0.0078125,-0.922852,0.956543,-1.58691,0.976562,-31.1279,1
1891.34,0.0556641,-0.88916,0.904297,0,0.793457,-30.9448,1
1891.35,0.0761719,-0.741211,0.882812,-0.732422,1.0376,-31.6162,1
1891.36,0.0390625,-1.02344,1,-1.83105,-0.366211,-32.1655,1
1891.36,0.0332031,-0.90918,1.06152,-0.0610352,-1.46484,-31.9214,1
1891.37,0.059082,-0.760254,1.04492,-0.915527,-0.610352,-32.2876,1
1891.38,0.0932617,-1.02393,0.95166,-2.01416,-1.28174,-32.5317,1
1891.39,0.159668,-0.973145,0.950195,0,-2.19727,-31.9214,1
1891.4,0.134277,-0.799805,1.00879,-1.15967,-1.64795,-32.8979,1
1891.41,0.102539,-1.02246,1.02002,-1.34277,-2.01416,-32.4097,1
1891.42,0.102539,-0.989746,1.00049,0.549316,-1.95312,-31.7383,1
1891.43,0.107422,-0.856934,0.985352,-0.427246,-2.19727,-32.3486,1
1891.44,0.14502,-0.969727,1.00684,0.183105,-1.77002,-31.6162,1
1891.45,0.163574,-0.798828,0.964844,-0.244141,-1.77002,-31.7993,1
1891.46,0.119141,-0.969238,1.00928,-1.28174,-1.70898,-31.0059,1
1891.47,0.0947266,-0.95459,1.01562,0.732422,-1.95312,-30.3345,1
1891.48,0.110352,-0.990234,1.07422,0.12207,-0.793457,-30.9448,1
1891.49,0.129883,-1.02979,1.00439,1.64795,-1.89209,-30.3345,1
1891.5,0.143066,-0.951172,1.06494,1.77002,-1.09863,-29.9683,1
1891.51,0.148438,-0.777832,1.06201,1.70898,-1.2207,-29.541,1
1891.52,0.17041,-0.899414,0.970215,-0.366211,-0.671387,-29.9072,1
1891.53,0.157715,-1.06836,0.958984,1.52588,-0.183105,-28.1982,1
1891.54,0.0888672,-0.910645,0.925781,1.70898,-0.427246,-28.4424,1
1891.55,0.0898438,-0.980957,0.960938,1.15967,0.0610352,-28.0762,1
1891.56,0.0751953,-0.817871,1.03662,1.28174,0.610352,-27.832,1
1891.57,0.0561523,-0.959473,0.947754,-0.0610352,1.46484,-27.0996,1
1891.58,0.0117188,-0.896484,0.875,1.89209,1.40381,-26.001,1
1891.59,0.0576172,-0.763672,0.967285,0.183105,2.56348,-26.7944,1
1891.6,0.043457,-0.981934,0.831543,2.2583,3.05176,-25.0854,1
1891.61,-0.0239258,-0.830078,0.831543,3.17383,3.60107,-24.7803,1
1891.62,-0.0209961,-0.734863,0.911133,0.793457,3.66211,-25.5737,1
1891.63,-0.0688477,-0.987793,0.946289,0.854492,5.12695,-24.5361,1
1891.64,-0.0957031,-0.768555,0.996582,2.62451,4.69971,-24.1699,1
1891.65,-0.0727539,-0.944824,0.896973,1.09863,5.18799,-24.8413,1
1891.66,-0.03125,-1.02637,0.817383,4.94385,5.18799,-23.6816,1
1891.67,-0.0981445,-0.760254,0.925781,2.80762,6.53076,-24.9634,1
1891.68,-0.0810547,-0.931641,0.986816,1.15967,5.37109,-24.7803,1
1891.69,-0.105957,-0.916992,0.999023,2.19727,5.5542,-24.4141,1
1891.69,-0.0825195,-0.728516,0.958008,1.64795,5.79834,-25.0854,1
1891.7,-0.0922852,-0.95752,0.891113,1.09863,5.61523,-25.9399,1
1891.71,-0.0708008,-0.886719,0.779297,2.44141,4.27246,-25.6348,1
1891.72,-0.0639648,-0.701172,0.861816,0,3.66211,-27.4658,1
1891.73,-0.0673828,-1.01709,0.954102,-0.427246,3.35693,-27.3438,1
1891.74,-0.0336914,-0.752441,0.985352,1.28174,2.31934,-27.6489,1
1891.75,-0.0297852,-0.64502,0.869141,-1.52588,2.44141,-29.1748,1
1891.76,-0.0302734,-0.921387,0.788086,0.183105,1.40381,-28.3203,1
1891.77,-0.109375,-0.815918,0.859863,2.0752,0.976562,-29.0527,1
1891.78,0.00488281,-0.807129,0.947266,0.366211,0.244141,-30.7617,1
1891.79,0.0126953,-1.09082,1.04785,1.70898,0.366211,-29.6631,1
1891.8,-0.00976562,-0.881348,0.949219,3.11279,-0.488281,-30.0903,1
1891.81,0.0913086,-1.01855,0.927246,1.58691,0.0610352,-30.6396,1
1891.82,0.0166016,-0.796387,1.02979,2.68555,-0.854492,-30.8228,1
1891.83,-0.0136719,-1.00098,0.970215,0.12207,-0.976562,-30.0903,1
1891.84,0.0556641,-0.898438,1.04492,2.31934,-1.58691,-29.7241,1
1891.85,0.0957031,-0.785156,1.01416,-0.915527,-0.488281,-31.0669,1
1891.86,0.14502,-1.08105,0.953613,0.12207,-1.0376,-29.3579,1
1891.87,0.0703125,-1.04395,1.01709,0.12207,-1.0376,-30.1514,1
1891.88,0.0791016,-0.785156,1.00244,-1.52588,-1.2207,-30.0903,1
1891.89,0.117188,-0.831543,1.06396,-4.08936,0.610352,-30.3955,1
1891.9,0.0864258,-1.04688,0.983887,-3.84521,0.244141,-29.0527,1
1891.91,0.0727539,-0.802734,0.955078,-3.11279,0.12207,-28.3203,1
1891.92,0.00244141,-0.894043,0.970215,-3.90625,1.58691,-28.3203,1
1891.93,-0.0634766,-0.882812,0.899902,-2.13623,1.89209,-27.8931,1
1891.94,-0.124023,-0.9375,1.05371,-1.89209,3.2959,-28.1372,1
1891.95,-0.0761719,-0.783203,0.97998,0.366211,2.92969,-27.4048,1
1891.96,-0.0444336,-0.92627,0.959961,0.183105,3.66211,-27.4658,1
1891.97,-0.0532227,-0.995605,0.922363,2.50244,3.23486,-27.2217,1
1891.98,-0.0424805,-0.902344,0.863281,1.77002,3.60107,-27.832,1
1891.99,-0.123047,-0.999023,0.911133,4.39453,3.72314,-26.123,1
1892,-0.187012,-0.785156,1.08057,1.77002,4.02832,-28.0151,1
1892.01,-0.0483398,-0.968262,1.01221,2.38037,4.21143,-27.3438,1
1892.02,-0.151367,-0.884277,0.915039,3.479,4.88281,-27.4048,1
1892.03,-0.253906,-0.793945,0.864258,1.09863,2.92969,-28.1372,1
1892.03,-0.197266,-1.03809,0.88916,0.610352,4.08936,-28.1982,1
1892.04,-0.14209,-0.708008,0.993652,1.46484,3.60107,-28.5034,1
1892.05,-0.130859,-0.835938,0.916504,-1.95312,3.35693,-29.8462,1
1892.06,-0.203125,-0.955566,0.953613,-0.244141,1.83105,-29.6021,1
1892.07,-0.231445,-0.851074,0.932617,-0.183105,2.86865,-30.1514,1
1892.08,-0.187988,-0.770508,0.946289,-0.610352,2.74658,-30.8228,1
1892.09,-0.15332,-0.916504,0.941406,-1.58691,1.77002,-31.4941,1
1892.1,-0.182129,-0.982422,0.895996,0.976562,0.854492,-30.9448,1
1892.11,-0.250977,-0.737793,0.970215,1.89209,0.732422,-31.9214,1
1892.12,-0.210449,-0.925293,0.985352,0.366211,1.0376,-33.6304,1
1892.13,-0.146484,-1.1748,0.961914,2.2583,0.671387,-32.1045,1
1892.14,-0.186035,-0.99707,1.05859,3.23486,0.549316,-32.3486,1
1892.15,-0.177246,-0.82959,1.10449,2.19727,0.183105,-33.2642,1
1892.16,-0.194336,-0.902832,1.00879,1.46484,1.15967,-33.1421,1
1892.17,-0.263672,-1.01367,0.978027,2.0752,0,-33.1421,1
1892.18,-0.169434,-0.830566,0.966309,2.50244,-0.244141,-33.1421,1
1892.19,-0.121094,-0.969238,1,0.427246,0.915527,-33.9966,1
1892.2,-0.122559,-1.03613,0.993652,1.64795,0.549316,-32.8979,1
1892.21,-0.184082,-0.816406,1.03857,-0.183105,0.244141,-33.6914,1
1892.22,-0.121094,-0.98584,0.95166,-1.64795,0.976562,-33.7524,1
1892.23,-0.123047,-0.959473,0.90625,0.732422,1.77002,-32.6538,1
1892.24,-0.206543,-0.945801,0.953613,-0.183105,1.28174,-33.7524,1
1892.25,-0.0688477,-0.887695,0.986816,1.2207,1.09863,-32.7148,1
1892.26,-0.0834961,-0.969727,0.976562,3.05176,2.44141,-31.9214,1
1892.27,-0.119141,-1.00439,1.03955,4.27246,2.31934,-32.6538,1
1892.28,-0.0737305,-0.883789,0.935059,5.12695,2.0752,-32.4707,1
1892.29,-0.131348,-1.02246,0.942383,7.14111,3.17383,-31.3721,1
1892.3,-0.196289,-1.01367,1.01074,6.34766,2.50244,-32.2266,1
1892.31,-0.0917969,-0.87207,0.905273,8.66699,2.74658,-31.3721,1
1892.32,-0.118164,-0.969727,0.955566,7.56836,3.84521,-31.5552,1
1892.32,-0.113281,-0.983887,0.987793,8.78906,2.13623,-31.5552,1
1892.33,-0.0795898,-0.689941,0.850586,7.56836,2.31934,-31.7383,1
1892.34,-0.112305,-0.964355,0.928223,4.88281,2.74658,-32.0435,1
1892.35,-0.117676,-0.933594,0.90332,5.12695,1.77002,-32.5317,1
1892.36,-0.0498047,-0.699707,0.85791,2.62451,2.0752,-33.02,1
1892.37,-0.113281,-1.08789,0.899414,0.244141,1.28174,-33.02,1
1892.38,-0.097168,-0.722656,0.883301,0.427246,0,-33.3862,1
1892.39,-0.00292969,-0.791016,0.958496,-4.27246,1.09863,-33.8745,1
1892.4,0.015625,-1.08398,0.983887,-3.54004,-0.183105,-33.3862,1
1892.41,0.00341797,-0.808594,0.911621,-3.2959,0,-33.6914,1
1892.42,-0.0595703,-1.04297,0.904785,-4.39453,0.366211,-33.8745,1
1892.43,-0.0273438,-1.04834,0.866699,-1.0376,-0.549316,-33.3862,1
1892.44,-0.0405273,-0.848145,1.05713,-1.77002,-0.366211,-34.1797,1
1892.45,-0.0205078,-0.972168,1.14355,-1.77002,-1.28174,-33.2642,1
1892.46,0.0180664,-0.908203,0.984863,-0.366211,-0.732422,-32.8369,1
1892.47,-0.0209961,-1.13428,0.953613,0.427246,-0.549316,-32.7148,1
1892.48,0.0366211,-0.972168,0.878418,3.41797,-1.09863,-32.4707,1
1892.49,0.0917969,-0.872559,0.841309,3.05176,-0.488281,-32.5317,1
1892.5,0.0634766,-1.17676,1.07324,4.02832,-0.610352,-31.7383,1
1892.51,0.0859375,-0.835938,1.07275,5.18799,-0.854492,-31.5552,1
1892.52,0.0869141,-0.888184,0.898926,2.92969,-0.12207,-31.189,1
1892.53,0.0708008,-1.021,0.868652,4.08936,-0.671387,-30.7007,1
1892.54,0.119141,-0.846191,0.813477,3.54004,-0.244141,-30.9448,1
1892.55,0.140137,-1.02393,0.94873,2.19727,0.12207,-30.5176,1
1892.56,0.104004,-0.811035,1.06934,3.17383,0.305176,-29.3579,1
1892.57,0.11377,-0.818848,0.981934,0.12207,0.854492,-29.4189,1
1892.58,0.0517578,-1.06494,0.925293,1.40381,0.427246,-28.0762,1
1892.59,0.0996094,-0.87207,0.877441,1.15967,0.488281,-28.5645,1
1892.6,0.17334,-0.862305,0.945801,-0.244141,0.732422,-28.5034,1
1892.61,0.17041,-0.993164,0.992676,-0.427246,1.34277,-27.832,1
1892.61,0.173828,-1.00391,1.03516,0.610352,1.64795,-26.7944,1
1892.62,0.0859375,-0.927734,0.950195,0.671387,1.70898,-26.4893,1
1892.63,0.015625,-1.0542,0.891113,1.2207,2.13623,-26.1841,1
1892.64,0.0507812,-0.797852,1.0083,2.50244,2.0752,-26.2451,1
1892.65,0.121094,-0.785645,0.975098,0.915527,2.2583,-26.3672,1
1892.66,0.175781,-1.09033,0.941406,1.46484,1.58691,-25.6348,1
1892.67,0.168945,-0.942871,0.987305,3.84521,1.40381,-24.9634,1
1892.68,0.0917969,-0.890137,0.934082,3.17383,2.2583,-25.3906,1
1892.69,0.0410156,-1.06055,0.945312,3.72314,1.46484,-25.0854,1
1892.7,0.0742188,-0.799805,0.943848,4.15039,0.549316,-25.0854,1
1892.71,0.157715,-0.841309,0.96582,2.13623,1.0376,-25.3906,1
1892.72,0.171387,-1.00439,0.950195,2.68555,0.671387,-24.8413,1
1892.73,0.162598,-0.814453,0.921387,2.74658,0.183105,-25.0244,1
1892.74,0.12207,-0.834473,0.894043,1.46484,0.244141,-25.2075,1
1892.75,0.0981445,-0.968262,0.941406,1.64795,-0.427246,-25.1465,1
1892.76,0.163086,-0.842285,0.939941,1.70898,-0.305176,-25.1465,1
1892.77,0.158203,-0.895508,1.04297,0.732422,0.183105,-25.3296,1
1892.78,0.137207,-0.872559,1.03076,1.2207,-0.488281,-24.7803,1
1892.79,0.174316,-0.787109,0.855957,1.89209,-0.549316,-24.7803,1
1892.8,0.175293,-0.869629,0.804199,2.80762,-0.671387,-24.5972,1
1892.81,0.242676,-0.89502,0.94043,2.80762,-0.976562,-25.0854,1
1892.82,0.243164,-0.880371,1.0332,2.74658,-0.488281,-24.4751,1
1892.83,0.169434,-0.825195,1.01172,2.31934,-0.488281,-24.0479,1
1892.84,0.133789,-0.899414,0.941895,1.64795,-0.793457,-24.231,1
1892.85,0.192383,-0.803223,0.885254,3.78418,-0.671387,-23.2544,1
1892.86,0.305664,-0.760254,0.902832,3.60107,-0.12207,-23.6816,1
1892.87,0.334961,-0.811523,0.984375,3.90625,-0.793457,-23.3154,1
1892.88,0.29541,-0.858398,1.00537,3.72314,-0.244141,-23.0713,1
1892.89,0.213867,-0.777344,0.966797,4.94385,-0.610352,-21.8506,1
1892.9,0.222656,-0.708008,0.959961,3.479,-0.488281,-22.2168,1
1892.91,0.325195,-0.820312,0.964844,3.54004,0,-21.7285,1
1892.92,0.331543,-0.759766,0.987305,4.88281,0.183105,-20.752,1
1892.93,0.362305,-0.736816,0.994141,4.15039,0.610352,-20.6299,1
1892.94,0.343262,-0.733887,0.931641,3.78418,0,-19.7144,1
1892.95,0.350586,-0.781738,0.967773,3.78418,0.488281,-19.3481,1
1892.96,0.30127,-0.685059,0.974121,3.96729,0.671387,-18.7378,1
1892.97,0.289551,-0.687012,0.976074,2.74658,0.793457,-18.8599,1
1892.97,0.383301,-0.778809,1.01758,3.41797,0.488281,-18.6157,1
1892.98,0.423828,-0.663574,1.00732,4.45557,0.549316,-17.8223,1
1892.99,0.367188,-0.658691,0.996582,2.62451,0.244141,-18.2495,1
1893,0.344238,-0.741211,1.02832,1.95312,-0.244141,-17.5781,1
1893.01,0.286621,-0.624023,0.995605,1.83105,-0.12207,-17.395,1
1893.02,0.303223,-0.696289,0.981445,0.488281,-0.244141,-18.1274,1
1893.03,0.378418,-0.728516,1.05957,1.58691,-0.732422,-17.9443,1
1893.04,0.429688,-0.62207,1.05029,1.64795,-0.244141,-18.1274,1
1893.05,0.39502,-0.736328,0.996094,1.2207,-0.427246,-17.9443,1
1893.06,0.320801,-0.779785,1.01758,1.89209,-0.976562,-17.7002,1
1893.07,0.352051,-0.67334,1.03857,1.52588,-0.793457,-17.9443,1
1893.08,0.39502,-0.708984,1.01514,0.488281,-0.427246,-18.4937,1
1893.09,0.387695,-0.757324,1.00879,0.610352,-0.793457,-18.5547,1
1893.1,0.342773,-0.630859,0.994141,0.915527,-0.793457,-18.5547,1
1893.11,0.357422,-0.61377,0.969238,0,-0.915527,-19.043,1
1893.12,0.384277,-0.692871,0.983887,0.610352,-0.976562,-18.9819,1
1893.13,0.398926,-0.666992,0.978516,1.46484,-1.09863,-18.9209,1
1893.14,0.408691,-0.632812,0.948242,2.13623,-1.09863,-19.3481,1
1893.15,0.443848,-0.606445,0.945312,2.01416,-0.976562,-19.5923,1
1893.16,0.442871,-0.711426,0.959473,1.58691,-0.793457,-19.8975,1
1893.17,0.408691,-0.720215,0.974609,1.83105,-0.854492,-19.8364,1
1893.18,0.401367,-0.617188,0.945801,2.0752,-0.793457,-20.0195,1
1893.19,0.43457,-0.634766,0.950195,1.77002,-0.732422,-20.3857,1
1893.2,0.483398,-0.658691,0.978516,2.01416,-0.976562,-20.4468,1
1893.21,0.450195,-0.662598,0.997559,2.31934,-0.244141,-20.4468,1
1893.22,0.40625,-0.665527,0.989258,2.44141,-0.366211,-20.5078,1
1893.23,0.446289,-0.703125,0.972656,2.44141,-0.366211,-20.6909,1
1893.24,0.458008,-0.61084,1.01953,2.38037,0,-20.6299,1
1893.25,0.474609,-0.706543,0.991211,0.915527,0,-21.0571,1
1893.26,0.444336,-0.708496,0.915039,1.58691,-0.427246,-20.3857,1
1893.27,0.422363,-0.597656,0.933105,0.671387,-0.12207,-21.1182,1
1893.28,0.456543,-0.696777,1.01807,0.305176,0.610352,-21.3623,1
1893.28,0.43457,-0.649902,1.02051,1.2207,0.915527,-20.813,1
1893.29,0.427246,-0.621094,0.948242,0,0.305176,-21.4844,1
1893.3,0.404785,-0.746582,0.95752,0.244141,-0.183105,-21.3623,1
1893.31,0.443359,-0.67627,1.02734,0.915527,0.427246,-21.4844,1
1893.32,0.413574,-0.674316,1.02148,-0.305176,0.793457,-22.0337,1
1893.33,0.349121,-0.828613,0.994141,0,1.0376,-21.8506,1
1893.34,0.410156,-0.654785,0.978027,0.793457,0.732422,-21.4844,1
1893.35,0.452148,-0.588867,1.02881,-1.34277,0.610352,-22.0337,1
1893.36,0.441406,-0.871582,1.08105,-0.305176,0.244141,-21.4233,1
1893.37,0.425781,-0.650391,1.00098,1.40381,0.732422,-21.3013,1
1893.38,0.406738,-0.62207,0.937012,-0.244141,1.58691,-21.6675,1
1893.39,0.412109,-0.766602,0.957031,0,1.15967,-21.4233,1
1893.4,0.424805,-0.72168,1.00586,0.488281,1.09863,-21.3013,1
1893.41,0.440918,-0.617188,0.980957,1.34277,0.793457,-21.1792,1
1893.42,0.414062,-0.666016,0.972656,0.732422,0.488281,-21.6064,1
1893.43,0.386719,-0.766602,0.983398,2.13623,0.305176,-21.0571,1
1893.44,0.411621,-0.546875,0.937012,2.92969,0.671387,-20.6299,1
1893.45,0.449707,-0.657715,0.91748,1.34277,1.2207,-20.6909,1
1893.46,0.433594,-0.748535,0.950195,2.2583,0.793457,-19.8975,1
1893.47,0.470703,-0.526855,0.955566,1.77002,1.0376,-19.6533,1
1893.48,0.435059,-0.697754,0.992676,0.244141,0.854492,-19.3481,1
1893.49,0.432617,-0.759277,0.946289,1.64795,0.976562,-18.5547,1
1893.5,0.424316,-0.512695,0.87793,1.2207,1.34277,-18.7378,1
1893.51,0.449707,-0.560547,0.895996,-0.366211,1.70898,-18.7988,1
1893.52,0.496582,-0.674316,0.967285,-0.0610352,1.40381,-18.1885,1
1893.53,0.454102,-0.533691,0.963379,-0.549316,1.34277,-18.1274,1
1893.54,0.40625,-0.665039,0.961914,-1.15967,1.40381,-17.9443,1
1893.55,0.397461,-0.727539,0.968262,-0.305176,1.09863,-17.5171,1
1893.56,0.440918,-0.656738,0.981934,-0.854492,0.976562,-17.8833,1
1893.57,0.45752,-0.709473,0.969727,-1.77002,1.58691,-17.8833,1
1893.57,0.404785,-0.631836,1.05713,-2.99072,1.70898,-17.8833,1
1893.58,0.389648,-0.72168,1.00488,-4.39453,1.64795,-17.9443,1
1893.59,0.396973,-0.711426,0.996094,-3.479,0.854492,-17.7002,1
1893.6,0.389648,-0.651855,0.995605,-3.84521,1.15967,-18.4937,1
1893.61,0.361816,-0.770508,0.98291,-3.78418,0.366211,-18.9209,1
1893.62,0.383301,-0.679688,1.02734,-2.56348,0.12207,-19.104,1
1893.63,0.378906,-0.606934,1.02344,-3.23486,0.305176,-19.7144,1
1893.64,0.344238,-0.832031,0.977051,-3.72314,0.0610352,-19.7754,1
1893.65,0.319824,-0.881348,0.949707,-2.31934,-0.366211,-19.6533,1
1893.66,0.307129,-0.771973,1.03174,-2.62451,-0.0610352,-20.6909,1
1893.67,0.328125,-0.696777,1.07666,-3.23486,-0.488281,-21.0571,1
1893.68,0.32959,-0.779297,0.991699,-3.66211,-0.183105,-21.1792,1
1893.69,0.34375,-0.724121,0.960938,-2.99072,-0.671387,-20.3857,1
1893.7,0.263672,-0.751953,0.958008,-4.27246,-0.427246,-20.6909,1
1893.71,0.239258,-1.00146,0.945312,-3.2959,-0.305176,-20.2637,1
1893.72,0.154785,-0.741211,1.04736,-1.89209,0.793457,-20.9351,1
1893.73,0.153809,-0.722656,1.09717,-4.45557,1.34277,-22.0947,1
1893.74,0.161133,-0.939453,1.08252,-2.62451,1.28174,-20.752,1
1893.75,0.181152,-0.819824,0.987305,-1.28174,1.2207,-20.3247,1
1893.76,0.172852,-0.705566,0.987305,-1.46484,1.40381,-20.3247,1
1893.77,0.118164,-0.888184,1.021,-1.34277,2.38037,-20.4468,1
1893.78,0.09375,-0.848145,0.960449,1.40381,2.92969,-19.3481,1
1893.79,0.0888672,-0.749023,0.991211,0.793457,2.92969,-20.0806,1
1893.8,0.113281,-0.870605,0.967773,1.15967,2.56348,-20.0806,1
1893.81,0.110352,-0.842773,0.960449,2.44141,3.54004,-19.5923,1
1893.82,0.0888672,-0.719727,0.982422,2.68555,4.08936,-19.5312,1
1893.83,0.0273438,-0.82666,0.933594,2.2583,4.21143,-19.9585,1
1893.84,0.0825195,-0.793945,0.871582,4.02832,3.78418,-19.165,1
1893.85,0.104004,-0.666992,0.848145,3.72314,3.479,-19.5923,1
1893.86,0.122559,-0.833008,0.891602,3.479,2.99072,-20.1416,1
1893.86,0.150879,-0.717773,0.964844,5.31006,2.68555,-19.5923,1
1893.87,0.108887,-0.570312,0.954102,4.27246,3.23486,-19.8975,1
1893.88,0.113281,-0.914551,0.916016,3.54004,2.13623,-19.8975,1
1893.89,0.152344,-0.76123,0.881348,5.67627,1.77002,-19.2871,1
1893.9,0.175781,-0.655762,0.95459,2.86865,2.50244,-20.2637,1
1893.91,0.209961,-0.896973,1.08154,2.44141,1.40381,-19.8975,1
1893.92,0.232422,-0.626953,1.02979,3.35693,0.976562,-19.5923,1
1893.93,0.233398,-0.640625,0.942871,0.732422,1.09863,-19.4702,1
1893.94,0.25293,-0.841309,0.925293,1.28174,0.427246,-18.9209,1
1893.95,0.277832,-0.61084,0.914551,1.64795,0.549316,-18.7378,1
1893.96,0.29834,-0.709473,1.02832,0.244141,0.671387,-19.165,1
1893.97,0.302246,-0.784668,1.06885,1.95312,-0.12207,-18.4326,1
1893.98,0.351562,-0.605957,0.98291,1.34277,0,-18.5547,1
1893.99,0.301758,-0.684082,0.943848,0,-0.12207,-18.1274,1
1894,0.277832,-0.812012,1.03271,0,-0.305176,-18.0664,1
1894.01,0.27832,-0.656738,1.08545,1.40381,-0.12207,-17.395,1
1894.02,0.299805,-0.570801,1.00977,0.549316,-0.0610352,-17.7612,1
1894.03,0.34082,-0.793457,0.97998,0.366211,-0.915527,-16.9678,1
1894.04,0.368652,-0.687012,1.05176,0.610352,-1.15967,-16.3574,1
1894.05,0.302734,-0.647949,1.07324,-1.52588,-0.732422,-16.7847,1
1894.06,0.23584,-0.846191,1.07373,-0.976562,-0.366211,-16.2354,1
1894.07,0.263672,-0.65332,1.00488,0.12207,-0.488281,-16.1743,1
1894.08,0.320801,-0.654297,1.0127,-1.58691,-0.549316,-16.9067,1
1894.09,0.336426,-0.831055,1.03125,-1.2207,-1.09863,-16.1743,1
1894.1,0.300293,-0.67041,1.06201,-0.915527,-0.915527,-16.0522,1
1894.11,0.240234,-0.616211,1.02441,-2.44141,-0.427246,-16.6016,1
1894.12,0.216309,-0.855469,0.963867,-2.50244,-0.244141,-16.5405,1
1894.13,0.273438,-0.755371,1.0166,-1.0376,-0.366211,-16.5405,1
1894.14,0.283203,-0.618164,1.06445,-2.68555,-0.183105,-17.0288,1
1894.15,0.241699,-0.851074,1.05127,-2.99072,-0.0610352,-17.2119,1
1894.15,0.194824,-0.763184,1.00049,-0.183105,-0.12207,-16.8457,1
1894.16,0.247559,-0.616699,0.979492,-2.01416,0.549316,-18.3105,1
1894.17,0.251465,-0.827148,1.0083,-2.68555,0.244141,-18.0054,1
1894.18,0.200684,-0.793457,1.0249,-0.732422,0.488281,-17.5171,1
1894.19,0.146484,-0.69043,1.00146,-0.671387,1.52588,-18.4326,1
1894.2,0.143066,-0.818359,1.00977,-0.183105,2.13623,-19.104,1
1894.21,0.169922,-0.769531,1.04053,1.15967,1.64795,-18.9209,1
1894.22,0.115723,-0.693359,0.977539,0,1.70898,-19.4702,1
1894.23,0.00439453,-0.773926,0.996582,-0.0610352,2.0752,-19.2871,1
1894.24,-0.0766602,-0.881836,0.989746,0.183105,2.92969,-19.8975,1
1894.25,-0.0341797,-0.826172,0.890625,2.44141,3.60107,-19.4702,1
1894.26,-0.0219727,-0.727539,0.929199,1.77002,4.02832,-20.6299,1
1894.27,-0.0385742,-0.80957,0.978027,2.0752,3.54004,-20.4468,1
1894.28,-0.0639648,-0.710449,0.911621,2.80762,3.41797,-20.3247,1
1894.29,-0.0673828,-0.777832,0.845215,2.2583,4.08936,-21.6064,1
1894.3,-0.0283203,-0.727539,0.804199,2.62451,3.90625,-21.6675,1
1894.31,-0.0688477,-0.688477,0.835449,1.46484,4.15039,-22.583,1
1894.32,-0.149414,-0.871582,0.85791,1.40381,3.60107,-22.644,1
1894.33,-0.197266,-0.724609,0.919434,2.0752,3.66211,-23.2544,1
1894.34,-0.177734,-0.624023,0.87207,0.12207,4.27246,-24.353,1
1894.35,-0.135742,-0.869141,0.888672,-0.793457,3.41797,-24.6582,1
1894.36,-0.0498047,-0.757812,0.92627,-0.488281,2.50244,-24.6582,1
1894.37,-0.0390625,-0.708496,0.946777,-1.89209,3.41797,-25.3296,1
1894.38,-0.109863,-0.906738,0.992676,-2.19727,2.44141,-25.9399,1
1894.39,-0.0678711,-0.81543,0.922852,-0.854492,2.38037,-25.6958,1
1894.4,-0.0849609,-0.708496,0.95166,-2.31934,2.80762,-26.5503,1
1894.41,-0.115723,-0.98291,0.990234,-3.23486,2.0752,-27.0996,1
1894.42,-0.0473633,-0.964844,0.962891,-1.89209,1.95312,-26.7944,1
1894.43,-0.0395508,-0.76709,0.991211,-2.50244,2.99072,-27.4658,1
1894.43,-0.015625,-1.00342,1.02588,-3.66211,2.62451,-28.1372,1
1894.44,0.0498047,-0.887207,0.962891,-1.34277,1.46484,-27.3438,1
1894.45,0.0253906,-0.702637,0.986328,-2.74658,1.70898,-28.1372,1
1894.46,0.0556641,-1.06494,0.956543,-3.17383,0.976562,-27.5879,1
1894.47,0.0166016,-0.802246,1,0.0610352,0.793457,-27.1606,1
1894.48,0.0234375,-0.861816,0.967773,-2.86865,1.46484,-28.6865,1
1894.49,0.0712891,-1.12598,0.956055,0,0.793457,-27.4048,1
1894.5,0.0786133,-0.848145,0.995117,1.28174,0.610352,-27.5879,1
1894.51,0.108398,-0.762207,1.01953,-0.183105,-0.610352,-28.1982,1
1894.52,0.188965,-1.10596,0.912598,0.488281,0.488281,-27.2827,1
1894.53,0.152344,-0.92041,0.9375,3.41797,0.976562,-26.7334,1
1894.54,0.139648,-0.94873,0.969238,1.95312,0.854492,-26.8555,1
1894.55,0.170898,-0.928223,0.993652,3.11279,0.12207,-26.2451,1
1894.56,0.195312,-0.88623,1.02344,1.2207,1.15967,-26.3672,1
1894.57,0.194336,-0.897461,1.00879,0.976562,0.549316,-25.2686,1
1894.58,0.170898,-1.0957,0.949219,0.427246,1.40381,-25.0244,1
1894.59,0.114258,-0.937012,0.987793,2.74658,1.40381,-24.5361,1
1894.6,0.188477,-0.815918,0.958496,1.58691,2.13623,-25.1465,1
1894.61,0.152344,-0.951172,0.931152,1.83105,1.89209,-24.292,1
1894.62,0.160156,-0.807617,0.954102,1.64795,1.28174,-24.292,1
1894.63,0.146484,-0.735352,0.90332,0.366211,2.13623,-24.231,1
1894.64,0.114258,-1.08057,0.919922,0.671387,2.74658,-23.3154,1
1894.65,0.0458984,-0.885254,0.905762,2.99072,1.95312,-23.3154,1
1894.66,0.0405273,-0.856934,0.900879,1.40381,2.92969,-23.9258,1
1894.67,0.059082,-0.869629,0.89502,2.99072,2.0752,-23.0103,1
1894.68,0.0712891,-0.793457,0.79834,0.976562,1.64795,-23.8647,1
1894.69,0.104492,-1.03369,0.865723,0.915527,2.0752,-23.0103,1
1894.7,-0.00537109,-0.83252,0.950684,1.46484,2.56348,-23.1323,1
1894.71,-0.043457,-0.967285,0.969238,-0.305176,3.35693,-22.8882,1
1894.72,-0.0678711,-0.827148,0.928223,1.58691,2.2583,-22.3999,1
1894.73,-0.0639648,-0.73584,0.883301,0.0610352,2.92969,-23.1934,1
1894.74,-0.00341797,-1.05908,0.887207,0.244141,2.56348,-23.1323,1
1894.75,0.00830078,-0.758301,0.913574,1.40381,2.13623,-22.9492,1
1894.76,-0.0146484,-0.966309,0.999023,-1.70898,2.80762,-23.1323,1
1894.76,-0.102051,-1.05957,1.01025,0.793457,2.01416,-22.7661,1
1894.77,-0.0556641,-0.720215,0.909668,-0.305176,3.2959,-23.4375,1
1894.78,-0.125488,-0.984375,0.929688,-1.28174,2.2583,-23.6816,1
1894.79,-0.0581055,-0.966309,0.967773,-0.12207,2.19727,-22.8882,1
1894.8,0.00439453,-0.725586,1.00537,-1.77002,2.2583,-23.8647,1
1894.81,-0.0615234,-1.08398,0.961426,-2.31934,2.74658,-23.3765,1
1894.82,0.00341797,-0.998535,0.879883,0.366211,2.31934,-23.0713,1
1894.83,-0.0541992,-0.792969,0.984375,-0.488281,2.86865,-23.9868,1
1894.84,-0.0756836,-1.03467,1.00195,-0.671387,2.0752,-23.5596,1
1894.85,-0.0195312,-0.876953,0.949707,0.976562,2.13623,-23.4375,1
1894.86,-0.0600586,-0.859375,0.981934,-0.183105,2.56348,-23.6816,1
1894.87,0.00390625,-1.1665,0.972656,0.793457,1.40381,-23.6206,1
1894.88,0.0512695,-0.875488,0.92334,4.27246,1.89209,-22.7661,1
1894.89,-0.0341797,-0.875977,1.03906,1.52588,2.19727,-24.1699,1
1894.9,0.0307617,-1.0249,0.951172,2.99072,1.2207,-23.4375,1
1894.91,0.00683594,-0.833496,0.953125,3.54004,1.70898,-23.4985,1
1894.92,0.0493164,-0.867188,0.969727,1.40381,0.610352,-24.353,1
1894.93,0.127441,-1.00342,0.844727,2.13623,0.12207,-23.7427,1
1894.94,0.0498047,-0.967773,0.946289,4.39453,0.976562,-22.8882,1
1894.95,0.00878906,-0.821777,1.02881,3.60107,-0.12207,-24.1699,1
1894.96,0.0805664,-0.858398,0.944336,3.41797,0.183105,-23.6206,1
1894.97,0.0541992,-0.913086,0.924316,3.479,0.0610352,-23.4985,1
1894.98,0.110352,-0.925781,0.941895,2.31934,-0.854492,-23.7427,1
1894.99,0.0727539,-0.980957,0.933594,2.01416,0,-23.4985,1
1895,0.0517578,-0.922363,1.04834,2.2583,0.0610352,-23.0103,1
1895.01,0.0922852,-0.827148,0.972656,1.70898,-0.244141,-23.0713,1
1895.02,0.149414,-1.01123,0.953613,1.0376,-0.12207,-23.1934,1
1895.03,0.159668,-0.822266,0.980469,1.52588,-0.915527,-23.0713,1
1895.04,0.123047,-0.827637,1.00537,-0.793457,0,-23.0103,1
1895.05,0.123535,-1.03613,0.968262,0.610352,-0.915527,-22.1558,1
1895.06,0.101074,-0.831543,0.962402,1.83105,-0.610352,-22.4609,1
1895.07,0.162109,-0.800781,0.887207,0.732422,-0.366211,-22.9492,1
1895.08,0.163574,-1.00342,0.921875,1.40381,-0.488281,-22.3389,1
1895.09,0.216309,-0.870117,1.02881,2.01416,-0.732422,-22.2168,1
1895.1,0.169434,-0.876465,1.07031,0.12207,-0.183105,-22.2168,1
1895.11,0.0932617,-1.0127,0.974609,2.01416,-0.183105,-21.1182,1
1895.11,0.13916,-0.831055,0.890625,2.31934,-0.549316,-21.3623,1
1895.12,0.186523,-0.863281,0.924805,1.77002,0,-21.5454,1
1895.13,0.163574,-0.962891,0.980469,2.50244,0.12207,-20.874,1
1895.14,0.175781,-0.847656,1.05029,2.0752,-0.366211,-21.3623,1
1895.15,0.205566,-0.871582,1.01514,2.38037,0.305176,-20.3247,1
1895.16,0.171875,-0.886719,0.925293,2.80762,0.183105,-19.8975,1
1895.17,0.132324,-0.929199,0.937012,2.50244,-0.183105,-20.2637,1
1895.18,0.154297,-0.831055,0.927246,3.11279,0.671387,-19.6533,1
1895.19,0.170898,-0.917969,0.949219,3.41797,0.732422,-19.5312,1
1895.2,0.216797,-0.83252,1.00049,2.86865,-0.183105,-20.0195,1
1895.21,0.292969,-0.871582,0.993164,1.89209,0.12207,-19.4702,1
1895.22,0.151367,-0.833984,0.951172,2.62451,0.610352,-19.043,1
1895.23,0.193359,-0.855469,0.896484,1.83105,0.183105,-19.4092,1
1895.24,0.129395,-0.947266,0.941895,2.62451,0.549316,-18.7378,1
1895.25,0.217285,-0.892578,0.996582,2.13623,0.793457,-18.9819,1
1895.26,0.218262,-0.658691,0.98584,1.46484,0.366211,-19.2261,1
1895.27,0.193848,-0.916016,1.01807,0.366211,0.671387,-18.8599,1
1895.28,0.23291,-0.86377,0.924316,2.80762,0.12207,-18.5547,1
1895.29,0.178711,-0.831543,0.869629,-0.12207,1.28174,-19.104,1
1895.3,0.090332,-1.02148,1.0542,0.12207,0.549316,-18.4326,1
1895.31,0.140137,-0.703613,1.03369,0.488281,1.34277,-18.7378,1
1895.32,0.252441,-0.71875,0.92627,-0.610352,0.915527,-18.6157,1
1895.33,0.291992,-0.978027,0.926758,-1.0376,0.244141,-18.8599,1
1895.34,0.16748,-0.827148,0.944824,-0.610352,1.09863,-18.6768,1
1895.35,0.0258789,-0.813965,1.06152,-1.52588,1.52588,-19.104,1
1895.36,0.0595703,-0.954102,1.06201,-0.610352,1.28174,-18.6157,1
1895.37,0.183105,-0.719238,0.899414,0.549316,0.976562,-18.2495,1
1895.38,0.234375,-0.84668,0.942383,-1.89209,1.40381,-19.4702,1
1895.39,0.201172,-0.930176,0.961426,0.244141,1.52588,-18.3716,1
1895.4,0.0737305,-0.68457,1.04443,0,1.83105,-19.043,1
1895.4,0.0947266,-0.916016,0.936035,-0.793457,1.09863,-18.7378,1
1895.41,0.106445,-0.840332,0.862793,0.976562,1.0376,-18.4937,1
1895.42,0.138672,-0.766602,0.922363,0.183105,1.70898,-18.8599,1
1895.43,0.175293,-0.77002,1.02979,0.976562,0.732422,-18.4937,1
1895.44,0.122559,-0.771484,0.995117,0.427246,1.46484,-18.9819,1
1895.45,0.0693359,-0.871582,0.923828,1.83105,1.40381,-18.1885,1
1895.46,-0.00488281,-0.804688,0.913574,2.38037,1.2207,-18.2495,1
1895.47,0.0673828,-0.744141,0.967285,2.38037,1.34277,-18.1274,1
1895.48,0.09375,-0.771484,1.06592,2.44141,1.70898,-18.1274,1
1895.49,0.0620117,-0.764648,1.01367,3.23486,1.58691,-17.395,1
1895.5,-0.00292969,-0.734863,0.946289,3.72314,1.64795,-17.0898,1
1895.51,-0.0629883,-0.737305,0.896973,3.78418,2.44141,-17.0288,1
1895.52,-0.0507812,-0.662598,0.934082,4.39453,2.68555,-16.4795,1
1895.53,-0.0273438,-0.726562,0.921387,4.45557,3.17383,-16.3574,1
1895.54,-0.0117188,-0.703125,0.969727,7.20215,2.44141,-14.9536,1
1895.55,0.0131836,-0.482422,0.898926,7.01904,3.11279,-15.4419,1
1895.56,-0.00195312,-0.708008,0.860352,7.14111,3.60107,-14.8315,1
1895.57,-0.107422,-0.672363,0.863281,9.8877,3.2959,-13.4888,1
1895.58,-0.126465,-0.42334,0.905762,9.76562,2.99072,-13.7329,1
1895.59,-0.121582,-0.618164,0.913086,9.64355,3.23486,-13.1226,1
1895.6,-0.065918,-0.538574,0.916504,12.0239,3.2959,-11.5356,1
1895.61,-0.027832,-0.311035,0.827148,10.8643,3.66211,-11.5356,1
1895.62,-0.0942383,-0.447754,0.77832,9.8877,3.78418,-10.9253,1
1895.63,-0.159668,-0.34375,0.833496,10.8643,3.23486,-9.21631,1
1895.64,-0.185547,-0.272461,0.895508,10.0708,3.479,-8.97217,1
1895.64,-0.171875,-0.412598,0.902832,10.6812,3.11279,-7.62939,1
1895.65,-0.0981445,-0.249023,0.819824,12.4512,2.86865,-6.28662,1
1895.66,-0.115234,-0.0976562,0.823242,11.0474,3.35693,-5.98145,1
1895.67,-0.133789,-0.244141,0.830566,10.376,2.74658,-5.24902,1
1895.68,-0.140625,-0.231934,0.911133,12.146,2.31934,-3.2959,1
1895.69,-0.203125,-0.148438,0.984375,13.4277,2.44141,-2.56348,1
1895.7,-0.119141,-0.17041,0.963867,14.0991,2.13623,-1.2207,1
1895.71,-0.0874023,-0.132812,0.932129,14.5874,2.2583,0.793457,1
1895.72,-0.111816,-0.17627,0.995605,14.6484,2.0752,2.19727,1
1895.73,-0.155273,-0.0258789,1.05908,15.1978,1.77002,3.84521,1
1895.74,-0.124512,0.0849609,1.02979,14.0991,2.01416,4.76074,1
1895.75,-0.166504,-0.0498047,0.966309,14.7705,2.13623,6.53076,1
1895.76,-0.176758,0.0732422,1.00977,16.5405,0.854492,8.60596,1
1895.77,-0.143555,0.306641,1.04639,15.3809,0.732422,9.52148,1
1895.78,-0.133789,0.161621,1.06201,14.4653,1.0376,10.6812,1
1895.79,-0.167969,0.15332,1.0127,16.1133,0.488281,13.0005,1
1895.8,-0.195801,0.336426,1.00879,15.564,0.488281,13.7329,1
1895.81,-0.227051,0.300781,1.03174,14.7095,0.854492,14.7705,1
1895.82,-0.255859,0.367188,1.07715,15.2588,0.610352,16.4795,1
1895.83,-0.280273,0.402832,1.1416,14.6484,0.488281,17.0898,1
1895.84,-0.302734,0.453613,1.0835,14.7095,1.09863,18.3105,1
1895.85,-0.219727,0.516602,1.03516,13.6719,1.70898,19.4092,1
1895.86,-0.201172,0.543945,1.01855,12.085,1.46484,20.3247,1
1895.87,-0.176758,0.594238,1.01758,10.0098,1.0376,20.9961,1
1895.88,-0.271484,0.607422,1.02783,8.72803,1.2207,21.7285,1
1895.89,-0.274902,0.626465,1.10156,8.48389,1.09863,22.2778,1
1895.9,-0.237305,0.716309,1.02637,7.69043,1.2207,22.4609,1
1895.91,-0.208008,0.677734,1.03516,6.16455,1.40381,22.7051,1
1895.92,-0.256836,0.777344,1.125,6.28662,1.2207,23.8037,1
1895.93,-0.260742,0.779297,1.13281,4.69971,1.70898,23.7427,1
1895.94,-0.256348,0.663574,1.12402,5.06592,1.15967,24.353,1
1895.95,-0.285645,0.748535,1.05371,5.61523,1.28174,24.7192,1
1895.96,-0.286621,0.778809,1.02832,5.12695,0.976562,24.7192,1
1895.97,-0.242188,0.905762,1.09082,4.69971,1.09863,24.8413,1
1895.98,-0.245605,0.861328,1.14551,3.60107,2.0752,24.7192,1
1895.99,-0.28125,0.734375,1.15137,4.63867,1.58691,25.8789,1
1896,-0.270996,0.915527,1.05615,3.90625,1.15967,25.6348,1
1896,-0.272461,0.777832,0.930176,3.23486,1.58691,26.062,1
1896.01,-0.180664,0.809082,0.901367,3.2959,1.2207,26.1841,1
1896.02,-0.187012,0.95459,1.00439,1.0376,0.854492,26.4282,1
1896.03,-0.199707,0.754883,1.00195,-1.2207,0.915527,26.5503,1
1896.04,-0.216797,0.867188,0.970215,0.427246,0.854492,27.771,1
1896.05,-0.191895,0.97168,0.987305,-1.52588,1.15967,26.4282,1
1896.06,-0.132324,0.644531,0.9375,-2.13623,0.671387,27.0386,1
1896.07,-0.140625,0.919434,0.887695,-0.366211,0.671387,27.771,1
1896.08,-0.162598,1.04785,0.94873,-4.02832,0.976562,26.7334,1
1896.09,-0.166992,0.705566,0.956055,-3.66211,0.915527,27.71,1
1896.1,-0.162598,0.843262,0.922852,-2.56348,0.671387,27.71,1
1896.11,-0.106445,0.895508,0.857422,-3.66211,0.610352,27.5269,1
1896.12,-0.127441,0.75,0.891602,-2.99072,1.09863,27.71,1
1896.13,-0.144531,0.860352,0.88916,-1.40381,0.732422,28.0151,1
1896.14,-0.111816,0.837891,0.924805,-1.46484,1.0376,27.3438,1
1896.15,-0.0839844,0.726562,0.931152,0.183105,1.34277,28.1372,1
1896.16,-0.0615234,0.827637,0.790039,0.366211,1.34277,27.5879,1
1896.17,-0.0698242,0.927246,0.775391,0.427246,0.366211,27.6489,1
1896.18,-0.133301,0.750488,0.907715,1.58691,0.854492,28.2593,1
1896.19,-0.0932617,0.769043,0.919434,4.45557,0.549316,28.6865,1
1896.2,-0.0571289,0.943848,0.946289,3.78418,1.0376,28.1982,1
1896.21,0.0141602,0.877441,0.885254,3.23486,0.915527,27.832,1
1896.22,-0.0483398,0.792969,0.860352,5.06592,1.0376,28.5645,1
1896.23,-0.118652,0.974609,0.973633,5.92041,0.915527,28.0762,1
1896.24,-0.138184,0.841309,1.04932,5.06592,1.46484,27.4048,1
1896.25,-0.0722656,0.900391,0.970215,7.14111,1.77002,28.1982,1
1896.26,-0.0756836,1.08301,0.957031,5.31006,2.44141,27.5879,1
1896.27,-0.0166016,1.01318,0.95166,4.15039,1.58691,27.71,1
1896.28,-0.0708008,0.832031,1.021,4.94385,2.62451,27.9541,1
1896.29,-0.151855,0.941406,1.02783,5.18799,2.0752,27.9541,1
1896.3,-0.050293,0.987305,0.96582,3.2959,1.95312,27.5269,1
1896.31,-0.0620117,0.939941,0.896484,2.50244,2.13623,28.1372,1
1896.32,-0.0507812,1.05322,1.01904,1.83105,1.46484,28.0762,1
1896.33,-0.0869141,0.98291,1.06152,0.427246,1.83105,27.8931,1
1896.34,-0.0966797,0.9375,1.04395,0.976562,1.58691,28.6255,1
1896.35,-0.154297,0.970215,0.925781,0.610352,1.34277,28.6865,1
1896.36,-0.0800781,1.07666,0.931641,-0.305176,0.793457,28.3813,1
1896.36,-0.118652,0.883789,0.963379,-0.915527,0.610352,28.6255,1
1896.37,-0.123047,0.942383,1.07861,1.34277,0.549316,29.4189,1
1896.38,-0.101074,0.98584,0.973633,0.244141,1.2207,28.6865,1
1896.39,-0.188477,0.939941,0.95459,1.40381,0.854492,29.48,1
1896.4,-0.175781,1.06201,0.95459,0.549316,0.366211,28.7476,1
1896.41,-0.187988,0.901367,0.961426,0,0.915527,29.2969,1
1896.42,-0.200684,0.865234,0.998047,0.976562,0.915527,29.7241,1
1896.43,-0.0893555,0.976074,0.964355,0.610352,1.15967,29.1138,1
1896.44,-0.124023,1.03516,1.00586,-0.488281,1.34277,29.3579,1
1896.45,-0.101562,0.865723,0.902344,-1.28174,1.15967,29.541,1
1896.46,-0.186035,0.901855,0.875,-0.12207,1.15967,29.7852,1
1896.47,-0.166016,1.07568,0.952148,-1.83105,1.28174,29.1748,1
1896.48,-0.135254,0.84375,0.947266,-2.68555,1.34277,29.1748,1
1896.49,-0.0478516,0.909668,0.910645,-0.915527,1.40381,30.3955,1
1896.5,-0.0527344,1.04199,0.920898,-2.01416,1.52588,30.0903,1
1896.51,-0.0712891,0.918457,0.892578,-3.23486,0.671387,29.7852,1
1896.52,-0.0688477,0.850098,0.854492,-2.38037,1.09863,30.2734,1
1896.53,-0.0800781,0.939941,0.866699,-1.64795,0.976562,30.4565,1
1896.54,-0.0561523,0.970215,0.927734,-2.44141,1.15967,29.3579,1
1896.55,0.0131836,0.791992,0.874512,-0.305176,1.09863,30.3955,1
1896.56,-0.0585938,0.931641,0.932617,1.09863,1.52588,30.2124,1
1896.57,-0.00341797,1.04883,0.907227,0,1.09863,29.1138,1
1896.58,-0.059082,0.769531,0.834961,-0.305176,2.68555,28.9307,1
1896.59,-0.0507812,0.95752,0.822754,1.34277,2.50244,29.2358,1
1896.6,-0.00927734,1.05469,0.908691,-0.305176,2.99072,28.2593,1
1896.61,0.0644531,0.803711,0.88916,0.488281,2.38037,28.7476,1
1896.62,0.0791016,0.878906,0.869141,1.46484,2.62451,28.7476,1
1896.63,0.0947266,1.12109,0.955566,-0.671387,2.74658,28.1982,1
1896.64,0.0751953,0.870605,0.899414,-2.56348,3.23486,27.771,1
1896.65,0.0566406,1.00195,0.874512,-0.427246,2.92969,28.1982,1
1896.65,-0.0341797,1.05957,0.993652,-0.915527,3.35693,28.2593,1
1896.66,0.00292969,0.952637,1.02686,0,1.83105,28.1982,1
1896.67,0.0175781,0.895996,0.992676,0.488281,1.58691,28.6865,1
1896.68,0.0712891,1.04395,0.962402,0.671387,1.2207,28.6865,1
1896.69,0.125488,1.01562,0.908691,-1.34277,0.732422,28.2593,1
1896.7,0.0522461,0.915527,0.973633,0,0.366211,29.2358,1
1896.71,0.0629883,0.978027,0.909668,-0.12207,0,29.2969,1
1896.72,-0.0708008,0.950195,0.904785,-1.40381,0,29.1748,1
1896.73,0.059082,0.867188,0.883301,-2.13623,-0.732422,29.2358,1
1896.74,0.101562,1.03857,0.875488,-1.09863,-0.732422,29.9683,1
1896.75,0.119629,1.07275,1.0376,-3.78418,-0.854492,29.541,1
1896.76,0.0229492,0.708008,0.92334,-3.05176,-1.46484,30.0903,1
1896.77,4.882812e-04,0.918457,0.88623,-2.13623,-1.40381,29.9683,1
1896.78,0.09375,1.0625,0.790527,-3.96729,-1.34277,29.541,1
1896.79,0.0991211,0.898438,0.897461,-3.54004,-1.28174,29.7241,1
1896.8,0.118164,1.02588,1.05908,-1.89209,-1.2207,28.7476,1
1896.81,0.10791,0.933594,1.03223,-2.13623,-1.2207,28.8086,1
1896.82,0.101074,0.845215,0.9375,-0.244141,-0.976562,28.8086,1
1896.83,0.105469,1.07227,0.803223,-1.83105,-0.976562,27.771,1
1896.84,0.104004,0.871582,1.05811,-2.99072,0.305176,27.2827,1
1896.85,0.160156,0.832031,1.00781,-0.671387,0.549316,27.9541,1
1896.86,0.125488,1.01221,0.998047,0.610352,0.976562,27.0996,1
1896.87,0.114746,1.02979,1.05322,-0.915527,1.2207,25.9399,1
1896.88,0.0771484,0.877441,0.95752,0.0610352,1.58691,26.5503,1
1896.89,0.108887,1.07568,0.896973,0.305176,1.15967,25.7568,1
1896.9,0.10791,1.11768,1.03613,1.58691,1.95312,26.4282,1
1896.91,0.179199,0.951172,0.937988,-1.0376,1.83105,25.7568,1
1896.92,0.145996,0.745605,0.950195,0.366211,1.0376,26.4893,1
1896.93,0.150391,1.13623,0.983887,0.427246,1.28174,25.8789,1
1896.94,0.0947266,1.01855,0.970215,-2.44141,2.19727,25.2686,1
1896.95,0.145996,0.835938,0.937988,-1.15967,1.89209,26.001,1
1896.96,0.148926,0.933594,0.868652,-1.58691,1.15967,26.3672,1
1896.97,0.179688,1.00488,0.902832,-2.62451,0.610352,26.4282,1
1896.98,0.206543,0.84375,0.92041,-3.41797,0.793457,26.5503,1
1896.99,0.225586,0.847168,0.965332,-2.2583,0.305176,26.9775,1
1897,0.177246,0.89209,0.947754,-4.27246,0.12207,26.5503,1
1897.01,0.176758,0.84668,0.824219,-3.35693,-0.549316,26.7944,1
1897.02,0.197266,0.880859,0.867676,-4.3335,-0.366211,26.3062,1
1897.02,0.290527,0.861328,0.921387,-4.94385,-0.732422,27.4048,1
1897.03,0.347168,0.916504,0.952148,-6.28662,-1.09863,27.4048,1
1897.04,0.369141,0.836426,0.992188,-6.16455,-1.52588,27.1606,1
1897.05,0.34668,0.907227,0.963867,-5.00488,-1.77002,27.2217,1
1897.06,0.26416,0.950684,0.938965,-4.94385,-1.2207,26.7944,1
1897.07,0.327637,0.734863,0.924805,-4.94385,-1.83105,26.6724,1
1897.08,0.421875,0.827148,0.979004,-3.2959,-1.64795,27.3438,1
1897.09,0.498047,0.959473,1.00293,-4.88281,-1.34277,26.6724,1
1897.1,0.395508,0.758301,1.01416,-4.27246,-1.34277,26.8555,1
1897.11,0.35498,0.93457,1.06152,-2.19727,-2.01416,26.8555,1
1897.12,0.304688,0.903809,1.00098,-3.11279,-1.70898,26.7334,1
1897.13,0.465332,0.786621,0.963379,-1.34277,-2.13623,26.4282,1
1897.14,0.463379,0.970703,1.06494,-0.610352,-1.34277,26.6113,1
1897.15,0.432617,0.890137,1.04102,-1.46484,-1.52588,26.123,1
1897.16,0.36377,0.797363,0.999023,0.183105,-1.46484,26.8555,1
1897.17,0.32666,0.937988,1.00879,0.854492,-1.34277,26.6113,1
1897.18,0.398926,0.80127,1.04443,-0.183105,-1.70898,26.1841,1
1897.19,0.437988,0.843262,0.940918,1.40381,-1.95312,26.062,1
1897.2,0.437988,1.06152,0.983887,0,-0.610352,25.0854,1
1897.21,0.349121,0.883789,1.05566,-1.2207,-0.12207,24.7192,1
1897.22,0.297852,0.815918,1.04395,-0.366211,-0.0610352,25.3296,1
1897.23,0.34375,0.930176,0.98584,-0.305176,-1.0376,25.2686,1
1897.24,0.402832,0.87207,0.988281,-1.89209,-0.488281,24.7192,1
1897.25,0.363281,0.832031,0.98584,-1.83105,0,24.231,1
1897.26,0.362305,0.919922,0.955078,-2.99072,0.671387,23.8037,1
1897.27,0.348145,0.84375,0.981934,-3.41797,0.244141,23.8647,1
1897.28,0.306641,0.936035,1.04443,-3.54004,-0.183105,23.5596,1
1897.29,0.378418,0.793945,0.942871,-3.84521,-0.0610352,23.8037,1
1897.3,0.495605,0.818848,0.941406,-2.80762,0.183105,23.5596,1
1897.31,0.509766,0.880371,0.940918,-2.80762,-0.183105,23.1323,1
1897.31,0.358398,0.856445,0.910645,-2.68555,-0.12207,23.0103,1
1897.32,0.313965,0.78418,0.903809,-2.38037,0.244141,22.8882,1
1897.33,0.390137,0.773926,0.922363,-1.70898,0.427246,23.1323,1
1897.34,0.571289,0.87793,1.00879,-1.0376,-0.427246,23.1323,1
1897.35,0.485352,0.795898,1.0708,-0.244141,-0.793457,23.3154,1
1897.36,0.397949,0.956543,0.997559,0.671387,-0.732422,22.644,1
1897.37,0.297363,0.883301,0.953613,-0.0610352,0,22.583,1
1897.38,0.29834,0.703613,0.931641,1.15967,0.183105,23.0103,1
1897.39,0.459473,1.03467,1.01367,2.68555,-0.976562,23.3765,1
1897.4,0.537109,0.953613,1.06982,0.12207,-0.305176,22.3999,1
1897.41,0.445801,0.686035,0.994141,1.70898,-0.915527,22.8882,1
1897.42,0.382812,0.998535,1.00635,3.05176,-0.244141,22.7051,1
1897.43,0.363281,0.918945,1.01611,1.58691,-0.671387,22.0337,1
1897.44,0.40625,0.762695,1.0835,3.78418,-0.549316,22.1558,1
1897.45,0.365723,0.846191,1.00244,3.2959,-0.549316,21.7896,1
1897.46,0.422363,0.859375,0.935059,2.31934,-0.732422,21.4844,1
1897.47,0.502441,0.870117,0.945801,1.34277,-0.305176,20.9961,1
1897.48,0.378418,0.850098,1.05713,0.976562,0.0610352,20.5078,1
1897.49,0.376953,0.861816,1.08643,-0.12207,-0.366211,19.2871,1
1897.5,0.346191,0.849121,1.0293,-1.28174,-0.183105,18.6157,1
1897.51,0.456055,0.788574,1.00781,-2.0752,-0.183105,17.9443,1
1897.52,0.48291,0.75,0.955078,-2.62451,0.0610352,17.334,1
1897.53,0.476562,0.844238,1.02002,-4.02832,0.183105,16.3574,1
1897.54,0.38623,0.675293,0.970215,-5.49316,-0.183105,15.686,1
1897.55,0.434082,0.76709,0.975586,-4.57764,-0.671387,14.4653,1
1897.56,0.439941,0.918457,1.03516,-6.5918,-0.671387,12.8784,1
1897.57,0.464844,0.577637,1.02637,-7.01904,-0.915527,11.7798,1
1897.58,0.429688,0.647461,0.973145,-6.10352,-1.34277,10.9863,1
1897.59,0.393066,0.778809,0.929199,-7.56836,-1.40381,9.76562,1
1897.6,0.452637,0.555176,0.959473,-9.58252,-1.64795,8.78906,1
1897.6,0.527344,0.527832,0.974609,-8.60596,-1.89209,8.42285,1
1897.61,0.598633,0.69873,0.956543,-8.72803,-2.38037,6.65283,1
1897.62,0.535156,0.617188,0.943848,-8.78906,-2.50244,4.63867,1
1897.63,0.406738,0.654785,0.919922,-6.7749,-2.74658,2.86865,1
1897.64,0.339355,0.697754,0.974609,-6.7749,-2.44141,1.28174,1
1897.65,0.350586,0.526367,1.00928,-6.53076,-2.38037,0.0610352,1
1897.66,0.321777,0.520996,1.02832,-5.98145,-2.01416,-1.2207,1
1897.67,0.264648,0.49707,1.02881,-6.83594,-1.09863,-3.60107,1
1897.68,0.230957,0.368652,1.05469,-6.7749,-0.366211,-5.7373,1
1897.69,0.145996,0.40625,1.00195,-6.5918,0.244141,-7.62939,1
1897.7,0.081543,0.436523,1.03418,-7.93457,0.976562,-9.52148,1
1897.71,0.00878906,0.366699,0.986816,-9.21631,2.13623,-11.0474,1
1897.72,-0.0131836,0.291504,0.967773,-10.1929,3.84521,-12.5122,1
1897.73,-0.0424805,0.154297,1.021,-11.9019,5.61523,-14.8315,1
1897.74,-0.0761719,-0.0297852,0.963867,-12.4512,7.20215,-15.9912,1
1897.75,-0.133789,0.043457,0.882812,-13.0615,8.05664,-16.4185,1
1897.76,-0.192383,-0.0888672,0.893066,-17.0898,8.17871,-18.9819,1
1897.77,-0.156738,-0.184082,0.813965,-17.9443,8.60596,-18.9819,1
1897.78,-0.156738,-0.288086,0.897461,-20.813,9.27734,-20.4468,1
1897.79,-0.277832,-0.380859,0.89502,-21.9116,8.72803,-20.874,1
1897.8,-0.284668,-0.248535,0.916504,-23.4375,9.33838,-21.1792,1
1897.81,-0.352051,-0.427246,0.905762,-26.6724,10.1318,-22.8882,1
1897.82,-0.307617,-0.507324,0.870117,-25.0854,9.46045,-22.2168,1
1897.83,-0.291016,-0.419434,0.881836,-26.3062,9.09424,-23.6206,1
1897.84,-0.206543,-0.591797,0.888672,-26.7944,8.48389,-24.4751,1
1897.85,-0.173828,-0.657715,1.00879,-25.5737,8.48389,-24.9634,1
1897.86,-0.104492,-0.560059,0.976562,-25.3906,7.69043,-25.4517,1
1897.87,-0.112305,-0.637695,0.946289,-25.3906,7.69043,-26.001,1
1897.88,-0.217285,-0.817383,0.954102,-22.3999,6.71387,-25.8789,1
1897.88,-0.205566,-0.786133,1,-19.3481,6.40869,-26.6724,1
1897.89,-0.202637,-0.708496,1.04883,-17.2729,6.7749,-26.9775,1
1897.9,-0.173828,-0.862793,1.10693,-15.4419,5.98145,-27.5269,1
1897.91,-0.147949,-0.827637,1.05566,-12.0239,4.76074,-26.9165,1
1897.92,-0.168945,-0.850098,1.0957,-10.8032,4.88281,-27.4048,1
1897.93,-0.185059,-1.04639,1.12891,-7.56836,3.72314,-27.0386,1
1897.94,-0.189941,-0.79248,1.09717,-3.66211,3.05176,-26.3062,1
1897.95,-0.140625,-0.745605,1.16211,-4.45557,3.35693,-27.9541,1
1897.96,-0.183594,-1.07959,1.11768,-1.64795,2.68555,-26.9165,1
1897.97,-0.17041,-0.941895,1.04883,0.915527,2.31934,-26.3672,1
1897.98,-0.187988,-0.859863,1.02588,0.671387,2.44141,-26.9165,1
1897.99,-0.170898,-0.909668,1.07812,0.915527,2.86865,-26.4282,1
1898,-0.171875,-0.992188,1.07422,1.64795,2.2583,-26.001,1
1898.01,-0.234375,-1.05273,1.05371,2.56348,2.2583,-25.5737,1
1898.02,-0.259766,-0.903809,1.08691,2.92969,2.50244,-25.1465,1
1898.03,-0.221191,-0.844727,1.08545,1.15967,3.72314,-25.5737,1
1898.04,-0.160156,-0.891602,1.05029,2.01416,3.11279,-24.231,1
1898.05,-0.138184,-0.878906,0.936035,1.58691,2.44141,-24.9023,1
1898.06,-0.176758,-0.918945,0.857422,3.11279,2.2583,-24.353,1
1898.07,-0.154297,-0.79541,0.890137,3.54004,3.17383,-24.5361,1
1898.08,-0.15918,-0.772461,0.949707,2.31934,2.19727,-25.5127,1
1898.09,-0.0898438,-0.914551,0.853027,2.01416,1.89209,-25.5737,1
1898.1,-0.0751953,-0.75,0.753906,3.90625,1.52588,-25.2686,1
1898.11,-0.144043,-0.653809,0.769043,0.793457,0.854492,-27.0386,1
1898.12,-0.0947266,-0.923828,0.77832,1.2207,0,-26.8555,1
1898.13,-0.0991211,-0.677246,0.831543,2.13623,-0.305176,-27.0996,1
1898.14,-0.0932617,-0.767578,0.819336,-1.2207,-0.915527,-28.1372,1
1898.15,-0.0976562,-0.926758,0.917969,0.366211,-1.95312,-26.9775,1
1898.16,-0.0527344,-0.666992,0.856445,-0.0610352,-1.77002,-27.71,1
1898.17,-0.0483398,-0.839844,0.809082,-1.52588,-1.77002,-27.8931,1
1898.17,-0.0893555,-0.939453,0.883301,-0.976562,-2.38037,-27.5879,1
1898.18,-0.0268555,-0.770508,0.882812,-1.83105,-1.83105,-27.6489,1
1898.19,-0.101562,-0.892578,0.923828,-3.41797,-0.915527,-27.8931,1
1898.2,-0.0849609,-1.00879,0.941406,-2.50244,-1.2207,-26.7334,1
1898.21,-0.11377,-0.771973,0.894531,-1.58691,-0.183105,-26.001,1
1898.22,-0.185547,-0.943359,0.987305,-2.50244,0.793457,-25.6958,1
1898.23,-0.195801,-1.08838,1.03711,-1.89209,0.549316,-25.2686,1
1898.24,-0.175293,-0.837402,1.05713,-2.01416,2.31934,-24.5361,1
1898.25,-0.181152,-0.875488,1.06299,-4.02832,2.80762,-24.4751,1
1898.26,-0.190918,-1.16992,1.04736,-3.78418,2.80762,-23.9258,1
1898.27,-0.155273,-0.979492,1.01855,-0.671387,3.60107,-22.8271,1
1898.28,-0.150879,-0.874023,1.05518,-1.40381,4.76074,-23.6206,1
1898.29,-0.166992,-1.02246,1.02734,-1.64795,3.90625,-23.3765,1
1898.3,-0.12207,-0.888672,0.921875,-0.549316,4.57764,-22.7051,1
1898.31,-0.157715,-0.830078,0.958496,-0.976562,4.27246,-23.5596,1
1898.32,-0.164062,-1.10254,0.914551,-1.0376,3.96729,-24.1089,1
1898.33,-0.0888672,-0.831543,0.917969,1.77002,3.41797,-23.2544,1
1898.34,-0.193359,-0.822754,1.04297,-1.34277,3.05176,-25.3296,1
1898.35,-0.179688,-1.05469,0.947754,1.58691,2.01416,-24.292,1
1898.36,-0.13623,-0.762207,0.87207,3.35693,1.89209,-24.9023,1
1898.37,-0.0444336,-0.867676,0.887695,1.83105,1.28174,-26.3062,1
1898.38,-0.188965,-1.03711,0.990723,3.60107,-0.0610352,-25.6958,1
1898.39,-0.182129,-0.902344,0.955078,5.79834,0,-26.123,1
1898.4,-0.184082,-0.839355,0.934082,4.39453,-0.244141,-27.2827,1
1898.41,-0.231445,-1.05762,1.02148,5.49316,-1.0376,-27.2217,1
1898.42,-0.125,-0.711426,0.854492,5.7373,-1.70898,-27.3438,1
1898.43,-0.172852,-1.00684,0.964355,4.15039,-1.15967,-27.5269,1
1898.44,-0.200684,-0.894531,0.977539,5.06592,-2.44141,-27.771,1
1898.45,-0.190918,-0.825684,0.967285,3.11279,-1.46484,-28.0762,1
1898.46,-0.229492,-1.04102,0.989258,2.50244,-1.64795,-27.71,1
1898.47,-0.146973,-0.990723,0.98584,2.62451,-1.0376,-27.3438,1
1898.48,-0.172363,-0.839844,1.01953,1.95312,-0.732422,-27.0996,1
1898.49,-0.193359,-0.865723,0.968262,0.183105,-1.64795,-27.71,1
1898.5,-0.166992,-1.12354,0.951172,-0.183105,0.12207,-27.4048,1
1898.5,-0.212891,-0.761719,1.02881,2.31934,-0.0610352,-26.9165,1
1898.51,-0.171875,-0.906738,1.00537,-1.70898,1.2207,-27.5879,1
1898.52,-0.150879,-1.15625,0.976074,1.89209,-0.366211,-26.1841,1
1898.53,-0.177734,-0.785645,0.969727,1.2207,1.0376,-26.8555,1
1898.54,-0.167969,-0.98584,1.03857,-1.58691,0.488281,-27.6489,1
1898.55,-0.185547,-1.01807,1.07568,1.09863,0.488281,-25.8789,1
1898.56,-0.074707,-0.798828,0.909668,-0.488281,1.2207,-26.9775,1
1898.57,-0.178711,-1.07324,0.991699,-0.305176,0.854492,-26.6724,1
1898.58,-0.149902,-0.858398,0.92627,0.854492,0.793457,-26.3672,1
1898.59,-0.113281,-0.90918,0.974121,-1.70898,1.52588,-27.1606,1
1898.6,-0.172363,-1.1001,1.04102,0.12207,0.488281,-26.3062,1
1898.61,-0.0595703,-0.864746,0.960938,0.549316,0.854492,-27.4048,1
1898.62,-0.123535,-0.950684,0.899414,0,1.34277,-27.3438,1
1898.63,-0.0952148,-1.02539,0.895996,1.09863,1.64795,-26.6113,1
1898.64,-0.166504,-0.72998,0.975098,0.915527,0.610352,-26.9775,1
1898.65,-0.140137,-1.09863,0.91748,0.305176,1.64795,-26.6113,1
1898.66,-0.0932617,-0.930664,1.05322,2.92969,1.34277,-26.7944,1
1898.67,-0.191406,-0.939453,0.98584,2.44141,1.70898,-26.2451,1
1898.68,-0.175781,-0.796387,0.906738,1.95312,1.2207,-27.4658,1
1898.69,-0.16748,-1.06006,0.892578,1.0376,1.70898,-26.3062,1
1898.7,-0.158691,-0.725098,1.0874,4.69971,1.46484,-26.4282,1
1898.71,-0.134766,-0.858398,0.875977,0,2.19727,-27.5879,1
1898.72,-0.132812,-1.09131,0.950684,5.18799,1.83105,-26.001,1
1898.73,-0.182129,-0.710449,0.930664,3.23486,1.64795,-27.0996,1
1898.74,-0.170898,-0.953125,0.905762,2.74658,1.28174,-27.6489,1
1898.75,-0.190918,-0.897461,0.802246,3.72314,2.13623,-26.9775,1
1898.76,-0.134766,-0.82666,0.973633,1.77002,1.58691,-28.4424,1
1898.77,-0.152832,-0.785156,0.958496,1.28174,1.28174,-27.771,1
1898.78,-0.0908203,-0.969238,0.94873,1.83105,1.83105,-27.8931,1
1898.79,-0.200684,-0.985352,0.902344,3.35693,1.28174,-27.5269,1
1898.8,-0.0942383,-0.811035,0.95166,3.96729,1.70898,-27.771,1
1898.81,-0.206055,-0.75293,0.823242,0.915527,1.83105,-28.5034,1
1898.82,-0.134277,-1.08789,0.925293,1.0376,0.915527,-27.5879,1
1898.83,-0.165039,-0.683105,1.0542,1.2207,0.610352,-28.5034,1
1898.84,-0.0732422,-0.879883,0.945801,-1.09863,0.976562,-28.5034,1
1898.85,-0.132812,-1.0332,0.98584,1.34277,0.671387,-28.0762,1
1898.85,-0.0898438,-0.82959,0.900879,2.31934,0.732422,-27.9541,1
1898.86,-0.0732422,-0.648438,0.896973,0.183105,1.0376,-28.8086,1
1898.87,-0.15918,-1.14844,0.902344,-0.793457,0.366211,-28.3813,1
1898.88,-0.074707,-0.84668,0.959961,2.2583,-0.12207,-28.0151,1
1898.89,-0.120605,-0.745605,0.95166,-2.2583,0.732422,-29.541,1
1898.9,-0.0546875,-1.37207,0.984375,0.793457,1.0376,-28.0151,1
1898.91,-0.137695,-0.678223,0.909668,2.31934,0.244141,-28.4424,1
1898.92,-0.0771484,-0.821289,0.936035,-1.58691,0.976562,-28.6865,1
1898.93,-0.162598,-0.970703,0.962891,0.671387,0.244141,-28.4424,1
1898.94,-0.106445,-0.974121,0.956543,0.366211,1.2207,-28.6865,1
1898.95,-0.112305,-0.672363,0.906738,1.58691,0.305176,-28.3813,1
1898.96,-0.120605,-1.06982,1,-1.58691,1.58691,-28.8086,1
1898.97,-0.119141,-0.993164,0.979492,2.74658,0.976562,-28.5034,1
1898.98,-0.0522461,-0.795898,0.921387,-0.183105,1.34277,-28.7476,1
1898.99,-0.188477,-0.944336,1.01172,1.28174,0.183105,-28.1982,1
1899,-0.081543,-0.950195,0.893555,0.366211,0.915527,-28.9307,1
1899.01,-0.172852,-0.768066,0.965332,3.2959,0.549316,-27.9541,1
1899.02,-0.0332031,-0.933594,0.971191,0.427246,1.34277,-29.0527,1
1899.03,-0.0795898,-0.786133,0.893555,3.35693,-0.12207,-28.1372,1
1899.04,-0.146973,-1.16504,1.0332,2.2583,1.58691,-28.1982,1
1899.05,-0.100098,-0.65332,0.870117,4.21143,0.183105,-28.1372,1
1899.06,-0.108887,-1.13477,0.996582,1.95312,1.52588,-28.0151,1
1899.07,-0.143555,-0.485352,0.822266,5.92041,0,-27.771,1
1899.08,-0.0629883,-1.17969,0.965332,1.77002,1.64795,-28.6255,1
1899.09,-0.124512,-0.45166,0.868652,6.95801,1.28174,-27.71,1
1899.1,-0.0424805,-1.16699,0.953613,0.0610352,1.52588,-29.1138,1
1899.11,-0.153809,-0.644043,0.868652,5.5542,1.0376,-26.2451,1
1899.12,-0.0683594,-1.01367,0.994141,0,0.549316,-28.5034,1
1899.13,-0.155273,-0.61084,0.916992,2.74658,1.89209,-26.6724,1
1899.14,-0.112793,-1.10352,0.972168,-0.549316,2.44141,-28.6255,1
1899.14,-0.111816,-0.790039,0.915527,2.80762,2.01416,-26.7944,1
1899.15,-0.0849609,-0.926758,1.02393,-1.34277,2.38037,-28.5034,1
1899.16,-0.135254,-0.789551,0.907715,0.793457,1.70898,-26.7334,1
1899.17,-0.097168,-0.911133,0.999512,-1.70898,2.62451,-27.8931,1
1899.18,-0.118164,-0.731934,0.896973,-0.12207,1.89209,-26.8555,1
1899.19,-0.0913086,-1.13037,0.978516,-0.976562,3.41797,-27.2827,1
1899.2,-0.0761719,-0.687988,0.902832,2.74658,2.68555,-26.7334,1
1899.21,-0.0869141,-0.88916,0.974609,-0.915527,3.66211,-27.71,1
1899.22,-0.105957,-0.943848,0.849121,1.89209,2.80762,-27.2217,1
1899.23,-0.0717773,-0.89209,0.914062,0.427246,3.66211,-27.9541,1
1899.24,-0.0556641,-0.750488,0.870117,1.34277,2.13623,-27.8931,1
1899.25,-0.0473633,-1.16064,0.998047,-2.01416,3.23486,-28.7476,1
1899.26,-0.0629883,-0.778809,0.890137,2.31934,1.34277,-26.9775,1
1899.27,-0.0942383,-0.896973,1.05664,-3.17383,2.68555,-28.7476,1
1899.28,-0.0717773,-1.02148,0.869141,1.0376,1.52588,-27.2217,1
1899.29,-0.100586,-0.941895,0.998535,0.12207,2.38037,-28.1372,1
1899.3,-0.0698242,-0.770508,0.90332,1.15967,0.732422,-28.1372,1
1899.31,-0.114746,-1.15625,1.03076,-1.52588,2.50244,-29.6631,1
1899.32,-0.0234375,-0.79248,0.921387,4.08936,1.46484,-28.2593,1
1899.33,-0.138672,-0.874023,1.05859,-1.0376,1.95312,-29.9683,1
1899.34,0.00292969,-0.890137,0.858398,3.17383,0.610352,-28.9307,1
1899.35,-0.078125,-1.10547,0.939941,2.0752,1.70898,-29.48,1
1899.36,-0.0209961,-0.621094,0.868164,5.06592,-0.488281,-29.3579,1
1899.37,-0.0644531,-1.06543,1.03076,0,0.305176,-30.3345,1
1899.38,-0.0297852,-0.936035,0.92041,6.10352,-0.366211,-29.4189,1
1899.39,0.137207,-0.930664,0.899414,1.83105,-0.427246,-31.25,1
1899.4,0.0454102,-0.720703,0.864746,3.479,-1.83105,-29.6631,1
1899.4,9.765625e-04,-1.18311,0.982422,2.44141,-0.488281,-30.7007,1
1899.41,0.0668945,-0.599609,0.910645,4.94385,-1.95312,-30.0293,1
1899.42,0.0297852,-1.17871,1.09082,0,-0.915527,-30.4565,1
1899.43,0.0712891,-0.735352,0.96582,4.88281,-2.74658,-29.2969,1
1899.44,0.0629883,-0.906738,0.996094,-0.305176,-1.28174,-30.0903,1
1899.45,0.0834961,-0.88916,0.930664,2.80762,-2.13623,-29.2358,1
1899.46,0.0615234,-0.933105,0.957031,-0.793457,-1.46484,-29.6631,1
1899.47,0.0200195,-1.02979,0.989258,1.15967,-2.68555,-28.3203,1
1899.48,0.0366211,-0.919434,0.965332,0.305176,-1.2207,-28.1372,1
1899.49,0.0170898,-0.961426,1.03271,-0.427246,-1.64795,-28.3813,1
1899.5,-0.0205078,-1.01807,0.992188,1.77002,-0.732422,-26.6724,1
1899.51,0.0136719,-0.716309,0.991211,-0.244141,-0.915527,-27.6489,1
1899.52,0.00439453,-1.05127,0.893555,-0.915527,0.12207,-26.3672,1
1899.53,0.0629883,-0.792969,0.953613,2.2583,0,-25.9399,1
1899.54,-0.0556641,-0.955078,0.963379,-1.83105,0.793457,-26.1841,1
1899.55,0.065918,-1.12402,0.979004,1.95312,0.854492,-24.6582,1
1899.56,0.03125,-0.717285,0.927246,0.305176,1.95312,-25.3906,1
1899.57,0.0258789,-0.997559,0.92041,0,1.70898,-24.4141,1
1899.58,0.012207,-0.953125,0.971191,1.83105,1.70898,-24.292,1
1899.59,0.0390625,-0.993652,0.971191,0.0610352,1.95312,-23.9868,1
1899.6,-0.0307617,-0.909668,1.01904,2.38037,2.0752,-23.0103,1
1899.61,-0.0336914,-0.882812,1.06006,0.183105,3.23486,-23.2544,1
1899.62,0.0390625,-0.980957,0.993164,2.74658,1.83105,-22.2168,1
1899.63,0.0595703,-0.751953,0.922363,1.83105,1.95312,-22.0947,1
1899.64,-0.0454102,-1.00586,1.09375,3.35693,1.15967,-21.2402,1
1899.65,0.109863,-0.858398,1.01416,2.38037,1.52588,-21.7896,1
1899.66,0.03125,-1.03955,1.03027,4.39453,1.64795,-20.0195,1
1899.67,0.0444336,-0.639648,0.916016,3.479,1.0376,-20.5688,1
1899.68,-0.0292969,-0.934082,0.948242,2.56348,0.732422,-19.7754,1
1899.69,0.0786133,-0.727051,0.915527,5.00488,1.2207,-19.5923,1
1899.7,0.0234375,-0.796387,0.891113,2.13623,0.183105,-19.5923,1
1899.71,0.0380859,-0.898926,0.892578,4.63867,0,-18.3716,1
1899.72,0.0551758,-0.719727,0.900879,1.15967,-0.488281,-19.3481,1
1899.73,0.0859375,-1.00342,0.969727,2.01416,-0.488281,-18.1274,1
1899.74,0.0615234,-0.731445,0.987793,1.89209,-1.2207,-18.0664,1
1899.75,0.134277,-0.973145,0.981445,0.976562,-1.89209,-17.5781,1
1899.76,0.196289,-0.688965,0.924316,1.46484,-2.2583,-17.395,1
1899.77,0.117676,-1.06982,0.98291,-2.38037,-2.44141,-17.1509,1
1899.78,0.065918,-0.929199,1.06201,0.854492,-2.68555,-16.1743,1
1899.79,0.122559,-0.845215,1.08057,-3.54004,-2.31934,-16.8457,1
1899.8,0.197754,-1.11963,1.04834,-2.50244,-3.41797,-15.0146,1
1899.81,0.147949,-0.98291,1.11963,-2.31934,-3.2959,-14.7095,1
1899.81,0.25293,-0.666016,1.03662,-4.94385,-3.60107,-14.5264,1
1899.82,0.155762,-1.14941,1.0791,-7.44629,-2.80762,-13.4888,1
1899.83,0.187012,-1.02197,1.09912,-4.21143,-3.11279,-12.5732,1
1899.84,0.187012,-0.751465,1.00928,-5.61523,-2.74658,-12.085,1
1899.85,0.228027,-1.06689,1.02051,-5.00488,-2.44141,-11.0474,1
1899.86,0.27002,-0.856445,1.021,-2.62451,-3.2959,-10.3149,1
1899.87,0.214844,-0.680176,1.06348,-2.01416,-2.44141,-9.15527,1
1899.88,0.206543,-0.847656,0.975098,-1.28174,-2.86865,-8.42285,1
1899.89,0.162109,-0.884277,0.906738,3.17383,-2.0752,-6.95801,1
1899.9,0.151855,-0.748047,0.902832,6.10352,-1.52588,-6.04248,1
1899.91,0.268066,-0.748047,0.897949,8.91113,-1.2207,-4.76074,1
1899.92,0.32959,-0.797852,1.02197,10.7422,-1.2207,-3.35693,1
1899.93,0.318848,-0.73584,1.05029,13.4888,-1.0376,-1.28174,1
1899.94,0.235352,-0.551758,0.95166,14.5874,-0.305176,0.0610352,1
1899.95,0.244629,-0.699707,0.856445,15.1978,0.0610352,1.58691,1
1899.96,0.367676,-0.511719,0.788086,16.9067,0,3.2959,1
1899.97,0.36377,-0.415039,0.857422,15.564,0.854492,4.88281,1
1899.98,0.285156,-0.453613,0.887695,14.6484,0.732422,6.5918,1
1899.99,0.229004,-0.30127,0.937012,14.3433,0.610352,7.8125,1
1900,0.193359,-0.258301,0.89502,13.9771,1.2207,9.15527,1
1900.01,0.233398,-0.279785,0.842773,13.6108,0.793457,10.0708,1
1900.02,0.303711,-0.187012,0.834961,13.1836,0.488281,11.0474,1
1900.03,0.306641,-0.0878906,0.873535,12.207,0.305176,11.9629,1
1900.04,0.27002,-0.0527344,0.907715,11.0474,0,12.3901,1
1900.05,0.216309,-0.0458984,0.860352,10.0708,0.183105,12.8174,1
1900.06,0.182129,-0.0161133,0.851562,9.70459,-0.0610352,13.0005,1
1900.07,0.180176,0.0571289,0.945801,9.46045,-0.854492,13.0005,1
1900.08,0.1875,0.0483398,1.00342,9.70459,-0.915527,13.1836,1
1900.09,0.146973,0.0917969,0.979492,10.3149,-0.732422,13.0005,1
1900.1,0.108887,0.131836,1.00342,10.437,-0.427246,12.5122,1
1900.11,0.0444336,0.223633,1.0625,10.8643,-0.305176,12.2681,1
1900.11,0.00439453,0.216309,1.07764,10.9253,0,11.7188,1
1900.12,0.0283203,0.19043,1.06543,12.0239,-0.427246,11.7188,1
1900.13,0.0512695,0.283203,1.1001,12.8784,0.12207,11.5356,1
1900.14,0.0268555,0.237305,1.04346,13.0615,1.15967,10.8643,1
1900.15,-0.0375977,0.271973,1.04395,14.5264,1.70898,11.1084,1
1900.16,-0.0844727,0.412109,1.10791,14.1602,2.62451,10.6812,1
1900.17,-0.0654297,0.348145,1.10645,13.5498,3.17383,10.3149,1
1900.18,-0.00976562,0.353027,1.08691,14.4653,3.23486,11.1084,1
1900.19,0.0107422,0.444336,1.03955,13.7329,3.66211,10.7422,1
1900.2,-0.0332031,0.437012,1.00342,13.0005,3.479,11.1084,1
1900.21,-0.0551758,0.521484,1.04785,12.4512,3.35693,11.4136,1
1900.22,-0.0874023,0.505371,1.03174,10.9863,3.66211,11.6577,1
1900.23,-0.0932617,0.549316,1.04492,10.376,3.05176,12.5732,1
1900.24,-0.0786133,0.571289,1.05371,8.60596,2.62451,12.5732,1
1900.25,-0.0224609,0.56543,1.03662,7.38525,2.2583,13.4277,1
1900.26,-0.00537109,0.60498,0.986816,5.79834,2.38037,13.7329,1
1900.27,-0.0332031,0.569824,0.974609,4.5166,2.01416,14.3433,1
1900.28,-0.0527344,0.620117,1.00537,3.90625,1.46484,15.1367,1
1900.29,-0.046875,0.696777,1.05127,2.44141,1.28174,15.564,1
1900.3,-0.0415039,0.652344,1.07959,1.34277,1.34277,15.9302,1
1900.31,-0.0703125,0.60791,1.07617,1.40381,1.15967,16.9067,1
1900.32,-0.0664062,0.656738,1.03564,1.83105,0.671387,17.7002,1
1900.33,-0.0517578,0.732422,1.04004,1.52588,0.671387,17.8223,1
1900.34,-0.0810547,0.747559,1.09766,2.13623,1.15967,18.8599,1
1900.35,-0.0214844,0.77832,1.10498,2.68555,0.610352,19.5312,1
1900.36,0.0571289,0.63916,1.08057,2.99072,0.488281,19.8364,1
1900.37,0.102051,0.632812,1.03857,5.00488,0.305176,21.3623,1
1900.38,0.130859,0.790039,0.979004,4.63867,-0.183105,21.6064,1
1900.39,0.108887,0.679688,1.00244,3.84521,0,21.6675,1
1900.4,0.0942383,0.685059,1.01807,5.00488,0.427246,23.0713,1
1900.41,0.0791016,0.84668,1.02295,3.84521,0.12207,23.1934,1
1900.42,0.0551758,0.689453,0.978027,1.95312,-0.671387,23.3154,1
1900.43,0.0546875,0.692871,0.958008,3.35693,-0.976562,24.6582,1
1900.44,0.107422,0.880859,0.967285,0.732422,-0.183105,24.1089,1
1900.45,0.136719,0.631348,0.949219,-1.77002,-0.183105,24.1089,1
1900.46,0.155762,0.734375,0.86084,-0.976562,0,25.0244,1
1900.47,0.152832,0.900879,0.84668,-3.23486,0.366211,24.4751,1
1900.47,0.137695,0.725586,0.929199,-4.45557,0.366211,24.1089,1
1900.48,0.105957,0.558105,0.953613,-2.80762,0.976562,24.9023,1
1900.49,0.0717773,0.825195,0.915039,-2.2583,1.15967,24.4751,1
1900.5,0.0703125,0.80957,0.854004,-3.96729,1.46484,23.9868,1
1900.51,0.104492,0.786621,0.90918,-1.89209,1.89209,24.6582,1
1900.52,0.0683594,0.838379,1.04053,-1.40381,2.31934,23.8647,1
1900.53,0.0756836,0.666992,0.974609,-0.366211,1.64795,24.5361,1
1900.54,0.0810547,0.8125,0.950684,1.58691,1.58691,25.0244,1
1900.55,0.0839844,0.876465,0.910645,1.09863,1.15967,24.9634,1
1900.56,0.10791,0.758789,0.987793,2.68555,0.549316,25.7568,1
1900.57,0.0844727,0.805176,1.06885,3.54004,0.488281,25.5127,1
1900.58,0.114258,0.833008,1.00732,4.3335,0.671387,25.8789,1
1900.59,0.102051,0.827637,0.967773,3.72314,0.732422,26.4893,1
1900.6,0.0649414,0.936523,0.876953,2.2583,0,26.9165,1
1900.61,0.0966797,0.763184,0.901367,0.488281,-0.12207,27.0996,1
1900.62,0.127441,0.863281,1.0249,1.15967,-0.488281,27.832,1
1900.63,0.159668,0.883789,1.05762,-1.52588,-0.488281,27.2827,1
1900.64,0.102051,0.92041,0.96582,-1.77002,-0.915527,28.3203,1
1900.65,0.0498047,0.874512,0.967285,-4.45557,0,27.6489,1
1900.66,0.132812,0.803223,0.98291,-3.60107,-0.305176,28.0762,1
1900.67,0.142578,0.966309,0.992188,-2.50244,0,28.0762,1
1900.68,0.149414,0.995605,1.09277,-2.92969,-0.366211,27.5879,1
1900.69,0.11084,0.836426,1.10693,-2.31934,0.12207,27.5879,1
1900.7,0.101074,0.999023,1.0791,-0.854492,0.671387,28.3813,1
1900.71,0.116211,0.928223,1.00391,-1.70898,0.610352,27.5269,1
1900.72,0.129395,0.756836,1.03076,0.976562,-0.12207,28.2593,1
1900.73,0.0537109,0.881348,1.03711,3.23486,0.183105,27.771,1
1900.74,0.0336914,1.07764,1.11182,2.50244,0.915527,27.5879,1
1900.75,0.104492,0.852051,1.03564,0.915527,1.64795,27.9541,1
1900.76,0.137695,0.95166,0.98291,1.0376,1.34277,28.0762,1
1900.77,0.120117,0.92627,0.971191,-0.549316,1.09863,27.9541,1
1900.78,0.0683594,0.734375,0.956543,0.427246,1.2207,28.4424,1
1900.78,0.00878906,0.949219,0.958008,0.610352,1.70898,28.1372,1
1900.79,0.0742188,0.974609,0.879395,-2.01416,2.01416,28.3203,1
1900.8,0.0576172,0.728027,0.87207,-2.74658,1.52588,28.7476,1
1900.81,0.0561523,0.813477,0.927246,-1.77002,0.427246,29.1748,1
1900.82,0.0615234,0.879395,0.888672,-3.11279,0.488281,28.8086,1
1900.83,0.0361328,0.811523,0.902344,-2.56348,0.610352,29.6631,1
1900.84,0.0561523,0.849609,0.880859,-3.41797,1.0376,29.1138,1
1900.85,0.0854492,0.882812,0.833496,-4.39453,0.366211,29.4189,1
1900.86,0.13623,0.82666,0.915039,-4.02832,0.244141,28.9917,1
1900.87,0.148926,0.838867,0.960938,-1.15967,0.244141,29.6021,1
1900.88,0.147461,0.864258,1.0083,0.12207,1.09863,28.9307,1
1900.89,0.181641,0.905273,0.992676,0.732422,1.64795,29.1138,1
1900.9,0.170898,0.786621,0.960938,0.793457,1.89209,28.8086,1
1900.91,0.208984,1.0498,0.990234,2.56348,1.58691,28.0151,1
1900.92,0.20752,0.908691,0.996094,2.31934,2.19727,27.5269,1
1900.93,0.119629,0.759766,0.977539,5.85938,2.56348,28.1982,1
1900.94,0.128906,0.90918,0.939453,5.67627,2.31934,27.4048,1
1900.95,0.119141,0.939453,1.0249,5.18799,3.05176,27.4048,1
1900.96,0.149414,0.828613,1.01318,4.21143,3.35693,27.2217,1
1900.97,0.191895,0.857422,0.92334,4.94385,3.2959,27.1606,1
1900.98,0.214844,0.957031,0.902344,3.96729,3.84521,26.3672,1
1900.99,0.129883,0.919922,0.966797,3.35693,4.15039,27.4048,1
1901,0.046875,0.799805,0.924805,1.28174,4.02832,27.0386,1
1901.01,0.0527344,0.719238,0.901855,1.2207,3.60107,27.8931,1
1901.02,0.0810547,1.01367,0.854004,0.488281,3.35693,27.5269,1
1901.03,0.108398,0.954102,0.944336,-1.89209,3.60107,27.5879,1
1901.04,0.0517578,0.883301,0.930664,-1.52588,3.05176,28.2593,1
1901.05,-0.0268555,0.863281,0.947266,-3.11279,2.68555,28.5645,1
1901.06,0.0268555,0.843262,0.854492,-3.35693,1.95312,28.9917,1
1901.07,0.0854492,0.874512,0.858398,-3.05176,2.13623,29.0527,1
1901.07,0.0864258,0.835938,0.96582,-1.46484,1.83105,29.9072,1
1901.08,0.17627,0.89209,0.994141,-1.28174,1.46484,29.1138,1
1901.09,0.135254,0.90918,0.944336,-0.854492,1.28174,29.6021,1
1901.1,0.158203,0.819824,0.911621,-0.12207,0.976562,29.6021,1
1901.11,0.133301,0.839844,0.855957,1.09863,0.488281,29.7241,1
1901.12,0.132324,0.867188,0.959961,3.11279,0.671387,29.6631,1
1901.13,0.101562,0.956543,0.896973,4.27246,1.34277,29.2969,1
1901.14,0.0522461,0.917969,0.923828,5.06592,1.2207,29.2969,1
1901.15,-0.0449219,1.0957,1.01758,4.88281,0.549316,29.0527,1
1901.16,-0.0395508,0.842773,1.04688,3.54004,0.854492,28.9917,1
1901.17,0.0458984,0.737305,0.880859,6.10352,0.732422,29.7852,1
1901.18,0.11084,1.04834,0.924805,5.31006,1.0376,28.8696,1
1901.19,0.115723,0.956055,1.02002,2.38037,0.732422,28.0762,1
1901.2,0.0639648,0.963379,0.994141,4.21143,1.2207,28.6865,1
1901.21,-0.0195312,1.12988,1.01367,2.2583,2.19727,28.0151,1
1901.22,-0.0209961,0.830078,0.99707,0.976562,1.83105,27.9541,1
1901.23,0.0522461,0.908691,0.88916,1.95312,1.46484,28.2593,1
1901.24,0.0581055,1.01416,0.928711,0.976562,2.2583,28.0762,1
1901.25,0.0581055,0.869629,1.02734,-0.671387,1.64795,27.5269,1
1901.26,0.0664062,0.894043,1.00879,0.488281,1.64795,28.0762,1
1901.27,0.0795898,1.04492,0.963867,-0.671387,1.09863,27.4658,1
1901.28,0.0776367,0.800293,0.934082,-2.2583,0.732422,27.5879,1
1901.29,0.0917969,0.789551,0.868652,-0.976562,0.305176,27.9541,1
1901.3,0.114258,1.02539,0.9375,-2.56348,0.366211,27.2217,1
1901.31,0.175293,0.812012,1.04688,-4.15039,-0.183105,26.7334,1
1901.32,0.156738,0.820801,1.01758,-3.05176,-0.854492,26.8555,1
1901.33,0.199707,0.977051,0.944336,-4.63867,-0.854492,26.123,1
1901.34,0.211914,0.729004,0.925781,-6.10352,-0.915527,25.8789,1
1901.35,0.270508,0.725098,0.95459,-5.00488,-1.89209,25.4517,1
1901.35,0.27002,0.888672,1.00879,-6.22559,-1.52588,24.4141,1
1901.36,0.253418,0.733398,0.992188,-7.14111,-1.58691,23.5596,1
1901.37,0.241211,0.805176,1.0166,-5.79834,-1.58691,22.522,1
1901.38,0.249023,0.838379,0.931152,-6.40869,-1.64795,20.9351,1
1901.39,0.256348,0.633301,0.97998,-5.43213,-1.77002,20.874,1
1901.4,0.29248,0.766113,0.996094,-3.72314,-2.01416,19.8975,1
1901.41,0.322754,0.854004,1.00732,-5.00488,-1.95312,18.4937,1
1901.42,0.257324,0.5625,0.966309,-3.72314,-1.77002,17.5171,1
1901.43,0.236328,0.744141,0.944824,-1.52588,-1.34277,16.0522,1
1901.44,0.293945,0.809082,0.977539,-2.31934,-0.732422,14.3433,1
1901.45,0.302734,0.611328,1.03174,-0.976562,-0.732422,13.9771,1
1901.46,0.325684,0.841797,1.05078,0,-0.976562,12.6343,1
1901.47,0.254395,0.768555,1.03955,-1.0376,0,11.4746,1
1901.48,0.258789,0.588867,0.971191,0.244141,0.244141,10.8032,1
1901.49,0.283203,0.816406,0.928223,1.40381,0.610352,9.94873,1
1901.5,0.297363,0.739258,1.00342,-0.12207,1.0376,9.0332,1
1901.51,0.318359,0.61084,1.05225,0.366211,0.427246,9.0332,1
1901.52,0.310547,0.727051,1.03613,0.854492,0.549316,8.8501,1
1901.53,0.277344,0.692871,0.970215,-0.0610352,0.488281,8.05664,1
1901.54,0.304199,0.585938,0.899902,-0.488281,0.671387,7.87354,1
1901.55,0.3125,0.644531,0.950195,-1.09863,1.64795,7.99561,1
1901.56,0.345703,0.6875,0.98877,-3.41797,1.70898,7.75146,1
1901.57,0.31543,0.605957,1.00146,-4.3335,1.58691,8.23975,1
1901.58,0.267578,0.716797,1.00293,-4.39453,1.09863,8.17871,1
1901.59,0.251953,0.563477,0.959961,-5.43213,1.58691,8.36182,1
1901.6,0.283691,0.519531,0.937988,-4.39453,1.64795,8.97217,1
1901.61,0.272949,0.685547,0.992676,-5.61523,1.95312,9.21631,1
1901.62,0.294434,0.490234,1.00879,-7.26318,1.58691,9.52148,1
1901.63,0.280762,0.450195,0.963867,-5.98145,0.732422,10.1318,1
1901.64,0.293945,0.540039,0.915527,-5.67627,0.488281,10.1929,1
1901.64,0.296875,0.424805,0.90625,-6.16455,0.610352,10.3149,1
1901.65,0.265625,0.472656,0.977051,-5.85938,0.488281,10.7422,1
1901.66,0.293945,0.421875,1.01514,-6.5918,0.549316,10.6201,1
1901.67,0.322266,0.362305,0.942871,-4.94385,0,11.4136,1
1901.68,0.337402,0.446777,0.942383,-5.31006,-0.671387,10.8032,1
1901.69,0.35791,0.367188,0.923828,-5.67627,-0.915527,11.1694,1
1901.7,0.380859,0.289551,0.913574,-5.12695,-0.793457,11.5967,1
1901.71,0.411621,0.320312,0.936523,-4.94385,-1.40381,11.1084,1
1901.72,0.393066,0.371094,0.963379,-4.57764,-1.58691,10.9863,1
1901.73,0.410645,0.338379,0.943359,-5.06592,-1.15967,10.498,1
1901.74,0.424805,0.300293,0.916016,-5.18799,-1.70898,10.376,1
1901.75,0.484375,0.27002,1.00146,-5.12695,-1.58691,10.3149,1
1901.76,0.510254,0.311035,1.05615,-4.45557,-1.64795,10.1318,1
1901.77,0.493652,0.29248,1.0166,-4.39453,-1.28174,9.46045,1
1901.78,0.546875,0.201172,0.98291,-3.60107,-1.77002,9.27734,1
1901.79,0.581543,0.289062,1.03271,-3.23486,-1.89209,8.8501,1
1901.8,0.583984,0.230469,1.06689,-3.54004,-1.89209,8.60596,1
1901.81,0.557129,0.237793,1.10303,-2.50244,-1.77002,8.30078,1
1901.82,0.529297,0.318359,0.977539,-2.38037,-1.2207,7.93457,1
1901.83,0.522949,0.177734,1.10938,-2.01416,-1.0376,7.93457,1
1901.84,0.616699,0.29248,1.10596,-1.0376,-1.46484,7.99561,1
1901.85,0.621094,0.320801,0.994141,-1.89209,-1.28174,7.87354,1
1901.86,0.629395,0.19873,0.998535,-1.40381,-1.52588,7.69043,1
1901.87,0.509766,0.265625,1.07861,-0.671387,-1.40381,7.87354,1
1901.88,0.535156,0.317383,1.05371,-1.09863,-1.83105,7.75146,1
1901.89,0.583496,0.250488,0.981445,-1.28174,-1.77002,7.75146,1
1901.9,0.600586,0.259766,1.01074,-0.12207,-1.34277,7.8125,1
1901.91,0.525879,0.331543,1.01709,0.0610352,-0.915527,7.75146,1
1901.92,0.532715,0.237305,1.09033,0.488281,-0.976562,8.05664,1
1901.93,0.535156,0.250977,1.06201,1.2207,-1.15967,8.42285,1
1901.93,0.566895,0.26123,1.03467,1.15967,-1.09863,8.48389,1
1901.94,0.555176,0.341309,1.01709,1.28174,-0.976562,8.48389,1
1901.95,0.512207,0.303223,1.04834,0.915527,-0.244141,8.48389,1
1901.96,0.472656,0.265625,1.08008,1.58691,-0.549316,9.15527,1
1901.97,0.494141,0.331543,1.08154,1.15967,-0.671387,8.97217,1
1901.98,0.506836,0.299805,1.03516,1.28174,-1.28174,9.15527,1
1901.99,0.484375,0.35498,1.03857,1.15967,-0.854492,9.09424,1
1902,0.414062,0.355957,1.09473,0.0610352,-0.549316,9.0332,1
1902.01,0.296875,0.22168,1.10156,0,0.0610352,9.15527,1
1902.02,0.265137,0.379883,1.00537,0.366211,0.0610352,9.09424,1
1902.03,0.193848,0.324707,0.969238,-1.34277,0.976562,8.66699,1
1902.04,0.124512,0.162598,0.970703,-0.0610352,0.671387,8.97217,1
1902.05,0.0405273,0.421875,1.0625,0,1.52588,8.54492,1
1902.06,-0.0229492,0.380859,1.10498,-2.62451,2.80762,7.32422,1
1902.07,4.882812e-04,0.157227,1.00439,-2.31934,3.35693,7.38525,1
1902.08,0.0126953,0.333496,0.864746,-1.34277,4.21143,7.56836,1
1902.09,0.0185547,0.320312,0.974609,-3.78418,4.39453,6.40869,1
1902.1,-0.0639648,0.0712891,1.01953,-2.86865,4.76074,6.89697,1
1902.11,-0.219238,0.302246,0.987305,-1.77002,4.76074,6.34766,1
1902.12,-0.248047,0.323242,0.956055,-4.39453,5.24902,5.06592,1
1902.13,-0.268066,0.0102539,0.975586,-4.08936,5.43213,5.12695,1
1902.14,-0.254395,0.22998,0.952637,-1.89209,5.67627,5.06592,1
1902.15,-0.400391,0.192871,0.937012,-3.78418,6.89697,3.54004,1
1902.16,-0.485352,0.0878906,0.758789,-1.77002,6.83594,5.12695,1
1902.17,-0.421387,0.0786133,0.851074,-2.86865,6.10352,3.54004,1
1902.18,-0.44873,0.0131836,0.927734,-1.95312,4.57764,4.08936,1
1902.19,-0.571777,0.135742,0.890137,-2.92969,5.37109,3.54004,1
1902.2,-0.666992,0.0966797,0.792969,-4.76074,5.49316,2.92969,1
1902.21,-0.522461,-0.0419922,0.84375,-4.57764,5.37109,2.86865,1
1902.22,-0.495605,0.103516,0.851074,-4.08936,4.45557,3.17383,1
1902.23,-0.586426,0.0805664,0.92627,-5.67627,4.15039,1.58691,1
1902.24,-0.575684,-0.0551758,0.956055,-4.63867,4.3335,1.89209,1
1902.25,-0.534668,0.074707,1.0083,-3.72314,5.12695,1.70898,1
1902.26,-0.503418,0.0302734,1.02588,-5.12695,5.00488,0.244141,1
1902.26,-0.616699,-0.0361328,1.02344,-5.06592,4.76074,0.427246,1
1902.27,-0.588867,0.0483398,0.968262,-4.21143,4.94385,0.732422,1
1902.28,-0.595215,-0.0136719,0.96875,-4.45557,5.37109,-0.976562,1
1902.29,-0.516602,9.765625e-04,1.02734,-3.17383,4.69971,-0.976562,1
1902.3,-0.583984,-0.0620117,1.08105,-3.2959,5.49316,-1.77002,1
1902.31,-0.618164,-0.0932617,0.94873,-1.58691,4.3335,-1.09863,1
1902.32,-0.577637,0.0185547,0.825684,-1.95312,4.02832,-2.31934,1
1902.33,-0.70166,-0.134277,0.849121,-1.83105,4.45557,-2.74658,1
1902.34,-0.620605,0.100586,0.916504,-0.549316,4.27246,-2.44141,1
1902.35,-0.628418,-0.0151367,0.993164,-3.17383,4.39453,-4.02832,1
1902.36,-0.516113,-0.241211,0.890137,-0.183105,3.11279,-2.74658,1
1902.37,-0.639648,-0.0585938,0.904297,0.854492,2.92969,-3.41797,1
1902.38,-0.629883,0.0810547,1.05713,-0.793457,2.56348,-4.63867,1
1902.39,-0.666504,-0.0864258,0.995605,-1.40381,3.2959,-3.84521,1
1902.4,-0.71875,-0.109863,0.972168,-1.40381,2.38037,-3.96729,1
1902.41,-0.655273,0.128418,0.976074,-2.56348,2.31934,-4.63867,1
1902.42,-0.639648,-0.0292969,1.07568,-5.06592,3.2959,-5.31006,1
1902.43,-0.679199,-0.224609,1.10791,-3.60107,2.68555,-4.45557,1
1902.44,-0.630859,-0.0180664,1.04102,-2.62451,2.86865,-4.57764,1
1902.45,-0.671875,-0.0883789,1.07275,-4.63867,3.72314,-5.79834,1
1902.46,-0.693848,-0.223145,1.09326,-3.479,3.05176,-5.12695,1
1902.47,-0.539551,0.019043,0.978027,-3.41797,3.2959,-5.18799,1
1902.48,-0.585449,-0.0146484,1.00732,-5.85938,3.2959,-5.92041,1
1902.49,-0.629395,-0.30957,0.975586,-4.94385,2.38037,-5.49316,1
1902.5,-0.629883,-0.222656,0.920898,-0.915527,2.19727,-4.76074,1
1902.51,-0.587402,-0.0136719,0.927246,-0.732422,2.2583,-6.04248,1
1902.52,-0.545898,-0.132812,1.05664,-2.31934,1.28174,-6.5918,1
1902.53,-0.526855,-0.272949,1.00293,-1.58691,0.793457,-5.7373,1
1902.54,-0.574707,-0.159668,0.912598,-0.915527,1.15967,-5.79834,1
1902.55,-0.526855,-0.270508,0.9375,-0.915527,0.854492,-6.46973,1
1902.56,-0.461426,-0.223633,1.01025,0.488281,0,-6.28662,1
1902.57,-0.45459,-0.118164,1.10645,-0.427246,-0.732422,-6.5918,1
1902.58,-0.447754,-0.200684,1.07764,-1.46484,-0.183105,-7.08008,1
1902.59,-0.451172,-0.313965,0.996582,-0.793457,-0.0610352,-6.65283,1
1902.6,-0.424316,-0.182129,0.922852,-0.488281,-0.610352,-6.7749,1
1902.61,-0.365723,-0.220703,0.987305,-2.01416,-1.2207,-7.93457,1
1902.61,-0.34375,-0.327637,1.07129,-1.64795,-1.52588,-7.44629,1
1902.62,-0.309082,-0.168457,1.01562,-1.77002,-1.52588,-7.56836,1
1902.63,-0.337891,-0.287109,0.924805,-3.60107,-0.976562,-8.42285,1
1902.64,-0.35791,-0.267578,0.904785,-2.50244,-1.70898,-7.69043,1
1902.65,-0.329102,-0.17334,0.98291,-4.15039,-0.976562,-8.78906,1
1902.66,-0.309082,-0.361328,0.949707,-3.84521,-1.2207,-8.54492,1
1902.67,-0.253906,-0.283203,0.920898,-2.50244,-1.34277,-8.30078,1
1902.68,-0.307617,-0.271973,0.895508,-2.62451,-1.15967,-9.33838,1
1902.69,-0.32959,-0.438477,0.842773,-1.40381,-1.46484,-9.09424,1
1902.7,-0.351562,-0.323242,0.891602,0.732422,-1.15967,-8.78906,1
1902.71,-0.334473,-0.293945,0.945801,-0.244141,-0.488281,-10.2539,1
1902.72,-0.304199,-0.48291,0.920898,0.183105,0,-10.1929,1
1902.73,-0.312012,-0.410645,0.978516,1.34277,-0.183105,-9.8877,1
1902.74,-0.318848,-0.347656,0.991211,0,0.0610352,-11.0474,1
1902.75,-0.370605,-0.518555,0.938477,-0.183105,0.305176,-11.4136,1
1902.76,-0.357422,-0.376953,0.976562,0.244141,0.488281,-11.0474,1
1902.77,-0.325684,-0.312988,1.04443,-2.86865,1.0376,-12.6953,1
1902.78,-0.294434,-0.455078,1.00439,-4.3335,0.549316,-12.8174,1
1902.79,-0.37207,-0.369629,0.958008,-5.18799,0.427246,-13.1226,1
1902.8,-0.410156,-0.51123,0.927246,-7.26318,0.549316,-14.5874,1
1902.81,-0.379883,-0.578125,0.985352,-6.40869,0.0610352,-14.4653,1
1902.82,-0.295898,-0.351074,1.04199,-7.8125,-0.0610352,-15.8081,1
1902.83,-0.314453,-0.494629,1.03223,-9.46045,-0.305176,-17.1509,1
1902.84,-0.338379,-0.59375,0.989258,-7.8125,-0.610352,-16.9067,1
1902.85,-0.384766,-0.539551,0.897949,-7.08008,-0.610352,-17.7002,1
1902.86,-0.347168,-0.619629,0.887207,-6.28662,-0.915527,-18.5547,1
1902.87,-0.337402,-0.577148,0.972168,-5.18799,-1.40381,-19.104,1
1902.88,-0.359375,-0.651855,1.04443,-4.21143,-1.58691,-19.8975,1
1902.89,-0.34375,-0.603516,1.00195,-2.31934,-1.52588,-19.6533,1
1902.9,-0.340332,-0.572266,0.995117,-2.44141,-1.70898,-21.1182,1
1902.9,-0.36084,-0.722168,0.952637,-1.64795,-1.95312,-21.3623,1
1902.91,-0.34375,-0.632812,0.980957,-0.0610352,-1.70898,-21.0571,1
1902.92,-0.356934,-0.661133,1.00537,-0.427246,-1.0376,-21.7285,1
1902.93,-0.339355,-0.727539,1.04053,-0.610352,-1.70898,-21.9727,1
1902.94,-0.318359,-0.621582,1.07275,-0.427246,-1.77002,-21.8506,1
1902.95,-0.280273,-0.600098,1.01367,-1.70898,-0.610352,-22.583,1
1902.96,-0.331543,-0.808105,0.945801,-1.46484,-0.366211,-22.583,1
1902.97,-0.354004,-0.791504,0.931152,-0.610352,-0.12207,-22.2778,1
1902.98,-0.306152,-0.59668,1.03906,-1.58691,0.427246,-22.9492,1
1902.99,-0.296387,-0.636719,1.10205,-2.99072,1.2207,-23.0713,1
1903,-0.30127,-0.763184,1.10986,-2.62451,1.34277,-22.9492,1
1903.01,-0.379883,-0.758301,0.952637,-1.34277,0.976562,-22.8882,1
1903.02,-0.349609,-0.645508,0.878906,-1.40381,0.915527,-23.4375,1
1903.03,-0.307617,-0.622559,0.978027,-1.83105,0.915527,-23.7427,1
1903.04,-0.265625,-0.662598,1.0293,-1.95312,1.09863,-24.231,1
1903.05,-0.303711,-0.751465,0.973145,-0.915527,1.0376,-24.4751,1
1903.06,-0.334961,-0.792969,0.918945,0.854492,1.46484,-24.1699,1
1903.07,-0.320801,-0.658691,0.916016,0.854492,1.15967,-24.5361,1
1903.08,-0.265137,-0.667969,1.02637,-0.488281,0.610352,-25.2075,1
1903.09,-0.224121,-0.771484,0.963867,0,0.854492,-25.0854,1
1903.1,-0.303223,-0.77002,0.92334,0.12207,1.28174,-25.5127,1
1903.11,-0.369629,-0.738281,0.913086,0.366211,1.09863,-25.3906,1
1903.12,-0.325684,-0.681641,0.995117,-0.732422,0.671387,-25.8789,1
1903.13,-0.259277,-0.722168,1.00244,-1.34277,0.549316,-26.2451,1
1903.14,-0.24707,-0.686035,0.907715,-0.793457,0.671387,-26.062,1
1903.14,-0.333984,-0.710938,0.895508,-2.13623,0.366211,-27.0386,1
1903.15,-0.34375,-0.858887,0.904785,-1.40381,-0.12207,-26.4893,1
1903.16,-0.272949,-0.708496,0.962891,-0.671387,0.305176,-26.3672,1
1903.17,-0.242188,-0.733887,0.997559,-2.2583,0.549316,-27.6489,1
1903.18,-0.229492,-0.863281,0.952148,-1.34277,0.244141,-26.9775,1
1903.19,-0.23291,-0.762695,0.961914,-0.854492,0.671387,-26.5503,1
1903.2,-0.294434,-0.753418,0.960449,-2.38037,0.793457,-27.2827,1
1903.21,-0.261719,-0.85498,0.917969,-1.46484,1.0376,-26.9165,1
1903.22,-0.281738,-0.67627,0.843262,-0.427246,2.01416,-26.6113,1
1903.23,-0.270996,-0.666992,0.858887,-1.83105,1.95312,-27.771,1
1903.24,-0.262695,-0.872559,0.906738,-1.34277,1.52588,-27.2217,1
1903.25,-0.260254,-0.828125,0.950684,0.671387,1.15967,-26.6724,1
1903.26,-0.265625,-0.719727,0.941895,0.488281,1.64795,-27.2217,1
1903.27,-0.267578,-0.798828,0.911133,0.305176,1.52588,-27.6489,1
1903.28,-0.268066,-0.745117,0.883301,0.793457,1.52588,-27.2827,1
1903.29,-0.281738,-0.834473,0.907227,1.0376,2.0752,-27.4658,1
1903.3,-0.259766,-0.722168,0.938965,2.01416,1.52588,-27.1606,1
1903.31,-0.241211,-0.782227,0.916992,1.15967,2.19727,-27.9541,1
1903.32,-0.20166,-0.799805,0.860352,2.99072,2.13623,-26.7944,1
1903.33,-0.202637,-0.722656,0.822266,2.74658,2.50244,-27.2217,1
1903.34,-0.196289,-0.847656,0.866211,2.44141,2.2583,-27.71,1
1903.35,-0.222656,-0.754395,0.888184,4.21143,2.01416,-27.0386,1
1903.36,-0.216797,-0.700195,0.874512,2.86865,2.68555,-28.0151,1
1903.37,-0.187012,-0.858398,0.870605,3.90625,2.44141,-27.5269,1
1903.38,-0.156738,-0.623535,0.827637,4.57764,2.0752,-27.71,1
1903.39,-0.120605,-0.738281,0.814941,3.05176,2.31934,-28.1372,1
1903.4,-0.139648,-0.834961,0.888672,4.94385,1.58691,-27.5269,1
1903.41,-0.154785,-0.65918,0.833984,4.15039,1.77002,-28.0762,1
1903.42,-0.18457,-0.880371,0.836426,3.66211,2.68555,-27.771,1
1903.43,-0.201172,-0.80957,0.899902,4.08936,2.13623,-28.0151,1
1903.44,-0.163086,-0.700195,0.903809,2.0752,2.86865,-28.5645,1
1903.45,-0.163086,-0.80957,0.925781,1.83105,3.17383,-27.71,1
1903.46,-0.146484,-0.703125,0.875977,1.09863,2.44141,-27.8931,1
1903.47,-0.158691,-0.793457,0.846191,0.12207,3.2959,-28.0151,1
1903.48,-0.165039,-0.739746,0.868652,0.366211,3.60107,-27.4658,1
1903.49,-0.137695,-0.788574,0.894531,-1.2207,4.02832,-28.1982,1
1903.5,-0.137695,-0.818359,0.921875,-1.64795,3.66211,-27.832,1
1903.5,-0.160156,-0.789062,0.894043,-1.40381,3.90625,-27.3438,1
1903.51,-0.176758,-0.767578,0.900879,-2.31934,4.15039,-28.1372,1
1903.52,-0.163574,-0.756348,0.858398,-2.0752,3.84521,-27.832,1
1903.53,-0.155762,-0.73877,0.808105,-2.74658,4.69971,-28.1982,1
1903.54,-0.149414,-0.902832,0.896973,-2.92969,3.72314,-28.3203,1
1903.55,-0.120605,-0.821289,0.94873,-0.976562,3.90625,-27.4658,1
1903.56,-0.170898,-0.713379,0.964355,-1.83105,4.3335,-28.2593,1
1903.57,-0.183594,-0.888672,0.885254,-1.52588,3.84521,-28.0762,1
1903.58,-0.15918,-0.787109,0.856934,0.366211,3.72314,-27.4658,1
1903.59,-0.168457,-0.78418,0.893555,-0.976562,4.02832,-28.6865,1
1903.6,-0.112305,-0.908203,0.895508,-0.610352,3.54004,-28.4424,1
1903.61,-0.148926,-0.797852,0.981445,0.549316,3.60107,-28.0151,1
1903.62,-0.175293,-0.790527,0.939453,0.244141,3.54004,-28.5034,1
1903.63,-0.193359,-0.839844,0.877441,1.0376,3.60107,-28.2593,1
1903.64,-0.190918,-0.798828,0.929688,0.671387,3.479,-28.6865,1
1903.65,-0.157227,-0.841309,0.937988,0.183105,2.86865,-28.8696,1
1903.66,-0.141602,-0.849609,0.958984,0.427246,3.05176,-28.7476,1
1903.67,-0.16748,-0.823242,0.967773,1.15967,2.44141,-28.8086,1
1903.68,-0.173828,-0.850098,0.945312,0.610352,2.0752,-29.6631,1
1903.69,-0.137695,-0.844727,0.913574,1.89209,1.70898,-28.7476,1
1903.7,-0.109863,-0.766113,0.936523,1.2207,2.01416,-29.3579,1
1903.71,-0.0874023,-0.954102,0.972656,1.2207,1.34277,-29.2969,1
1903.72,-0.081543,-0.923828,0.95752,3.2959,1.15967,-28.8086,1
1903.73,-0.0517578,-0.75293,0.918457,3.2959,1.40381,-29.4189,1
1903.74,-0.101562,-0.852051,0.896484,2.62451,0.854492,-29.6021,1
1903.75,-0.105469,-0.856445,0.955078,3.17383,0.366211,-28.9917,1
1903.76,-0.0986328,-0.820801,0.966797,2.86865,0.549316,-29.0527,1
1903.77,-0.0898438,-0.998047,0.987793,3.479,0.854492,-28.9917,1
1903.78,-0.0537109,-0.837891,0.98877,5.37109,0.12207,-28.2593,1
1903.79,-0.0498047,-0.762207,0.924316,3.66211,0.366211,-29.0527,1
1903.8,-0.101562,-0.966797,0.938965,3.72314,-0.366211,-28.3813,1
1903.81,-0.0898438,-0.808105,0.987793,4.57764,-0.610352,-28.1372,1
1903.82,-0.0839844,-0.908691,0.978027,2.99072,0.12207,-28.6255,1
1903.83,-0.0585938,-0.973145,1.01709,4.39453,-0.610352,-27.5879,1
1903.84,-0.059082,-0.807129,1.01855,4.08936,-0.305176,-27.771,1
1903.85,-0.0874023,-0.885254,0.975586,2.99072,0.12207,-28.1372,1
1903.86,-0.0888672,-0.936523,0.969238,4.82178,-0.0610352,-26.6113,1
1903.86,-0.101074,-0.788086,1.0166,3.479,-0.244141,-27.6489,1
1903.87,-0.0693359,-0.941406,1.02197,3.17383,0,-27.2217,1
1903.88,-0.10498,-0.837402,0.973633,4.3335,0.305176,-26.4282,1
1903.89,-0.123535,-0.753418,1.00635,3.05176,-0.366211,-27.2217,1
1903.9,-0.132324,-0.835938,0.94873,2.80762,-0.12207,-27.2217,1
1903.91,-0.108887,-0.837402,0.912598,3.78418,0,-26.3672,1
1903.92,-0.104492,-0.725098,0.945312,3.2959,-0.305176,-26.3062,1
1903.93,-0.126465,-0.91748,1.02295,2.74658,-0.183105,-26.8555,1
1903.94,-0.184082,-0.848633,0.980469,6.04248,-0.183105,-25.3906,1
1903.95,-0.211426,-0.699707,0.877441,5.85938,0.549316,-26.4893,1
1903.96,-0.225098,-0.930176,0.922852,5.98145,0.488281,-26.6113,1
1903.97,-0.134766,-0.838379,0.956543,8.23975,0.244141,-25.3906,1
1903.98,-0.135254,-0.688477,0.989746,7.20215,1.34277,-25.8789,1
1903.99,-0.189453,-0.919434,0.976562,6.5918,1.28174,-26.062,1
1904,-0.191895,-0.813965,0.80127,8.54492,2.2583,-24.6582,1
1904.01,-0.304199,-0.575195,0.907227,6.95801,3.17383,-24.9634,1
1904.02,-0.291992,-0.893555,1.05469,5.06592,2.50244,-25.4517,1
1904.03,-0.168945,-0.819824,0.944824,8.36182,2.92969,-24.4751,1
1904.04,-0.246094,-0.627441,0.880859,7.20215,4.82178,-25.0854,1
1904.05,-0.285645,-0.888672,0.811523,5.12695,3.90625,-25.7568,1
1904.06,-0.236816,-0.693359,0.868652,6.04248,4.08936,-24.7192,1
1904.07,-0.229004,-0.606445,1.00781,2.56348,4.82178,-25.8789,1
1904.08,-0.194824,-0.857422,0.932129,2.01416,3.84521,-25.6348,1
1904.09,-0.213867,-0.700195,0.869141,3.41797,4.88281,-25.2686,1
1904.1,-0.26709,-0.598633,0.90625,0.915527,4.57764,-26.6113,1
1904.11,-0.252441,-0.895508,0.924316,0.0610352,4.82178,-26.4893,1
1904.12,-0.19873,-0.774902,0.905273,2.68555,4.88281,-25.6348,1
1904.13,-0.233398,-0.652344,0.938477,0.793457,5.06592,-27.4048,1
1904.14,-0.202637,-0.789062,0.902344,1.40381,4.3335,-27.2827,1
1904.15,-0.210938,-0.768066,0.90918,2.99072,4.5166,-26.9775,1
1904.15,-0.175293,-0.705566,0.922363,3.17383,3.96729,-27.5269,1
1904.16,-0.173828,-0.797852,0.903809,3.41797,4.39453,-27.71,1
1904.17,-0.16748,-0.808594,0.885254,4.63867,4.3335,-27.5269,1
1904.18,-0.186523,-0.69873,0.935059,4.02832,3.2959,-28.4424,1
1904.19,-0.210938,-0.758789,0.941406,4.15039,3.11279,-28.6255,1
1904.2,-0.1875,-0.744629,0.936523,5.12695,2.2583,-28.3203,1
1904.21,-0.15918,-0.706055,0.93457,4.27246,2.50244,-29.48,1
1904.22,-0.104492,-0.782715,0.942871,3.84521,2.0752,-29.1138,1
1904.23,-0.129395,-0.800293,0.994141,4.27246,1.58691,-28.5034,1
1904.24,-0.126465,-0.68457,0.957031,3.2959,1.09863,-28.5645,1
1904.25,-0.131836,-0.753906,0.923828,2.38037,1.46484,-28.9307,1
1904.26,-0.142578,-0.719238,0.964844,2.62451,1.46484,-28.3813,1
1904.27,-0.105469,-0.643555,0.92334,2.19727,0.671387,-28.5034,1
1904.28,-0.112305,-0.827637,0.943359,2.31934,0.854492,-28.3203,1
1904.29,-0.09375,-0.77832,1.02197,4.21143,0.244141,-27.6489,1
1904.3,-0.106445,-0.646973,0.974609,2.99072,1.0376,-28.1372,1
1904.31,-0.138184,-0.809082,0.962402,2.68555,0.610352,-27.2827,1
1904.32,-0.126953,-0.677734,0.992676,3.35693,-0.244141,-26.3672,1
1904.33,-0.102539,-0.67627,0.984375,2.19727,0.305176,-26.7944,1
1904.34,-0.0869141,-0.762207,0.952637,3.90625,0.305176,-25.4517,1
1904.35,-0.0883789,-0.63916,0.922852,3.60107,0.0610352,-26.123,1
1904.36,-0.0874023,-0.771484,0.896484,3.23486,0,-25.8179,1
1904.37,-0.0878906,-0.69873,0.924805,3.72314,-0.183105,-25.0244,1
1904.38,-0.0932617,-0.69043,0.970215,1.40381,-0.0610352,-25.7568,1
1904.39,-0.0791016,-0.798828,0.979492,0.976562,-0.0610352,-25.0244,1
1904.4,-0.10791,-0.712891,0.990723,0.793457,0.12207,-24.4751,1
1904.41,-0.0996094,-0.74707,0.99707,-0.671387,0.305176,-24.9634,1
1904.42,-0.09375,-0.754883,0.992676,-0.610352,0.366211,-24.231,1
1904.43,-0.0991211,-0.661621,0.958984,-1.95312,0.488281,-24.4141,1
1904.44,-0.101074,-0.733398,0.959473,-3.60107,0.915527,-24.9634,1
1904.44,-0.107422,-0.732422,1.03418,-3.90625,1.0376,-24.5361,1
1904.45,-0.105957,-0.726074,1.01807,-4.5166,1.52588,-24.6582,1
1904.46,-0.105957,-0.788574,0.947754,-4.27246,1.52588,-24.6582,1
1904.47,-0.132324,-0.810059,0.980469,-3.2959,1.46484,-24.5972,1
1904.48,-0.106934,-0.783203,1.00586,-2.80762,1.70898,-25.2686,1
1904.49,-0.106445,-0.730469,1.02734,-1.95312,2.01416,-25.3296,1
1904.5,-0.0859375,-0.766113,1.00879,-1.95312,1.95312,-25.8789,1
1904.51,-0.0976562,-0.814941,0.914551,-0.427246,1.34277,-25.6348,1
1904.52,-0.101074,-0.778809,0.886719,0.671387,1.2207,-25.9399,1
1904.53,-0.107422,-0.744141,0.919922,2.19727,1.40381,-26.2451,1
1904.54,-0.119141,-0.717285,0.992188,2.50244,0.976562,-27.0386,1
1904.55,-0.119629,-0.786621,0.98291,2.80762,0.854492,-27.2827,1
1904.56,-0.0869141,-0.704102,0.94043,3.2959,0.305176,-27.2217,1
1904.57,-0.0849609,-0.833496,0.913574,2.86865,0.488281,-27.832,1
1904.58,-0.0717773,-0.774414,0.907715,4.57764,0.427246,-27.4048,1
1904.59,-0.106934,-0.699707,0.984375,3.60107,0.366211,-28.3813,1
1904.6,-0.13623,-0.816406,1.00586,3.41797,0.305176,-28.2593,1
1904.61,-0.121094,-0.674316,1.00391,3.41797,0.366211,-27.9541,1
1904.62,-0.111816,-0.766602,0.964844,1.15967,0.793457,-29.1138,1
1904.63,-0.0859375,-0.819824,0.91748,1.52588,0.0610352,-28.2593,1
1904.64,-0.0957031,-0.683594,0.945801,0.488281,0.183105,-28.8086,1
1904.65,-0.115723,-0.705078,0.994141,-0.793457,-0.0610352,-29.1748,1
1904.66,-0.103027,-0.730957,0.987793,-0.915527,0.183105,-29.1138,1
1904.67,-0.130859,-0.695312,0.997559,-1.15967,0.305176,-29.4189,1
1904.68,-0.109863,-0.79248,0.967773,-1.2207,0.366211,-29.3579,1
1904.69,-0.09375,-0.78418,1.01514,0,0.610352,-28.8696,1
1904.7,-0.0991211,-0.802246,1.05127,0,0.732422,-29.6631,1
1904.71,-0.101074,-0.822266,1.03711,0.915527,0.976562,-29.3579,1
1904.72,-0.103516,-0.756836,1.05127,1.89209,0.793457,-28.7476,1
1904.73,-0.123047,-0.791992,1.01709,2.74658,0.915527,-29.2358,1
1904.74,-0.0976562,-0.785156,0.964355,4.3335,0.915527,-29.1138,1
1904.75,-0.097168,-0.743164,0.92334,5.18799,1.52588,-28.9917,1
1904.76,-0.0883789,-0.768555,0.933594,5.37109,1.58691,-28.8696,1
1904.76,-0.0932617,-0.776367,0.93457,5.18799,1.15967,-28.8086,1
1904.77,-0.0922852,-0.697266,0.915527,5.06592,1.70898,-28.8086,1
1904.78,-0.106445,-0.710938,0.902832,3.66211,1.77002,-29.4189,1
1904.79,-0.0883789,-0.803223,0.877441,3.72314,0.793457,-29.1748,1
1904.8,-0.0908203,-0.674316,0.895996,3.60107,0.671387,-28.9917,1
1904.81,-0.10791,-0.695801,0.954102,1.70898,1.09863,-29.7852,1
1904.82,-0.135742,-0.782227,0.953125,1.28174,1.0376,-29.7241,1
1904.83,-0.121582,-0.698242,0.939453,0.488281,0.854492,-29.7241,1
1904.84,-0.120605,-0.705566,0.918457,-0.915527,1.2207,-29.9683,1
1904.85,-0.11084,-0.711426,0.944336,-1.83105,0.793457,-29.9072,1
1904.86,-0.123535,-0.707031,0.967285,-2.38037,0.854492,-30.2734,1
1904.87,-0.132324,-0.678223,0.973145,-2.74658,1.2207,-30.3955,1
1904.88,-0.125,-0.838867,0.98291,-2.86865,1.34277,-30.7617,1
1904.89,-0.153809,-0.80957,1.02441,-0.976562,1.2207,-29.7241,1
1904.9,-0.103027,-0.698242,1.05078,-2.0752,1.58691,-30.7007,1
1904.91,-0.151367,-0.858398,1.02832,-1.77002,2.68555,-30.5786,1
1904.92,-0.145508,-0.859375,1.04053,0.305176,2.2583,-29.7852,1
1904.93,-0.161133,-0.706055,0.973145,0.427246,1.95312,-30.3955,1
1904.94,-0.15625,-0.814453,0.976562,0.549316,2.68555,-30.9448,1
1904.95,-0.141113,-0.822266,0.981934,2.2583,2.38037,-30.5176,1
1904.96,-0.158691,-0.70459,0.929688,2.44141,1.95312,-30.7617,1
1904.96,-0.151855,-0.895508,0.952637,1.70898,1.40381,-31.6772,1
1904.97,-0.179199,-0.741211,0.942383,3.90625,0.732422,-31.0059,1
1904.98,-0.212402,-0.625,0.956543,2.31934,1.40381,-32.0435,1
1904.99,-0.210449,-0.844238,0.956055,2.80762,0.854492,-31.6772,1
1905,-0.183105,-0.700684,0.898438,4.69971,0.732422,-31.189,1
1905.01,-0.184082,-0.736816,0.838867,3.96729,1.52588,-32.5928,1
1905.02,-0.279785,-0.926758,0.92041,4.88281,1.2207,-32.4097,1
1905.03,-0.258301,-0.861328,0.962402,6.16455,1.15967,-32.1045,1
1905.04,-0.201172,-0.581055,0.953613,4.82178,1.0376,-32.8369,1
1905.05,-0.200195,-0.749512,0.931152,2.13623,1.64795,-33.4473,1
1905.06,-0.181152,-0.885254,0.915527,3.66211,1.34277,-32.1045,1
1905.07,-0.243164,-0.658691,0.910645,3.78418,1.52588,-32.2266,1
1905.08,-0.253418,-0.786621,0.929199,1.58691,2.01416,-33.2642,1
1905.09,-0.239258,-0.721191,0.888672,2.38037,2.13623,-32.1045,1
1905.1,-0.279785,-0.690918,0.928711,0,2.80762,-33.4473,1
1905.11,-0.185547,-0.909668,0.934082,-0.366211,2.0752,-32.8369,1
1905.12,-0.185547,-0.782227,1.00244,0.12207,2.86865,-32.4707,1
1905.13,-0.196777,-0.810059,0.94873,-1.15967,3.05176,-33.2642,1
1905.14,-0.213379,-0.815918,0.947266,-0.549316,3.66211,-32.5317,1
1905.15,-0.232422,-0.677246,0.997559,-1.64795,3.78418,-32.959,1
1905.16,-0.202637,-0.87207,0.97168,-2.13623,4.02832,-32.5928,1
1905.17,-0.231934,-0.837402,1.00684,-0.976562,3.84521,-32.1045,1
1905.18,-0.217773,-0.79834,0.993164,-2.0752,4.3335,-32.8979,1
1905.19,-0.230469,-0.842285,0.991211,-1.64795,5.12695,-32.4707,1
1905.2,-0.21875,-0.702637,1.00098,-1.70898,4.82178,-32.7759,1
1905.21,-0.187012,-0.864258,0.952148,-1.83105,5.00488,-32.7759,1
1905.22,-0.185547,-0.843262,0.98291,1.09863,4.02832,-32.2266,1
1905.23,-0.209473,-0.801758,0.935059,0.854492,3.96729,-33.8745,1
1905.24,-0.213867,-0.82959,0.903809,3.84521,3.84521,-32.7148,1
1905.25,-0.183105,-0.669434,0.924316,3.11279,3.90625,-33.7524,1
1905.26,-0.164551,-1.03467,0.948242,4.02832,3.11279,-33.6914,1
1905.27,-0.216309,-0.832031,0.918945,7.14111,2.31934,-33.4473,1
1905.28,-0.215332,-0.64502,0.916992,5.43213,2.62451,-34.8511,1
1905.29,-0.237305,-0.95166,0.890625,5.67627,1.95312,-34.4238,1
1905.29,-0.158203,-0.738281,0.82959,6.71387,0.244141,-35.1562,1
1905.3,-0.174805,-0.729004,0.879883,4.57764,0.0610352,-36.3159,1
1905.31,-0.151855,-0.773438,0.943359,4.02832,-0.549316,-36.377,1
1905.32,-0.160156,-0.754395,0.966797,3.54004,-0.610352,-36.2549,1
1905.33,-0.134766,-0.757812,0.960938,1.83105,-1.34277,-37.0483,1
1905.34,-0.109863,-0.922852,0.899414,0.427246,-1.89209,-37.1094,1
1905.35,-0.104492,-0.907715,0.963867,0.549316,-1.70898,-36.6821,1
1905.36,-0.155762,-0.710449,1,-1.2207,-2.38037,-37.3535,1
1905.37,-0.169434,-0.925781,0.97168,-2.86865,-1.58691,-37.7808,1
1905.38,-0.14209,-0.878418,0.969238,-0.976562,-1.77002,-36.5601,1
1905.39,-0.173828,-0.789551,1.02393,-2.80762,-1.70898,-37.2925,1
1905.4,-0.104492,-1.02051,1.06348,-2.44141,-2.44141,-36.438,1
1905.41,-0.097168,-0.807129,1.03857,-0.793457,-1.40381,-35.7056,1
1905.42,-0.109863,-0.776855,1.00391,-3.05176,-0.732422,-36.6821,1
1905.43,-0.147461,-1.01465,0.944824,-1.58691,-1.40381,-35.4614,1
1905.44,-0.116699,-0.865723,0.926758,0.549316,-0.915527,-34.5459,1
1905.45,-0.171875,-0.870605,1.06641,-1.64795,-0.610352,-36.1938,1
1905.46,-0.116699,-1.07422,1.06006,-0.366211,-0.12207,-34.9121,1
1905.47,-0.0917969,-0.700195,1.00488,1.46484,0,-33.9355,1
1905.48,-0.100098,-0.794434,0.952148,-1.95312,0.366211,-35.3394,1
1905.49,-0.0883789,-1.06299,0.896484,1.09863,0.305176,-33.5693,1
1905.5,-0.156738,-0.769531,0.956543,2.0752,1.28174,-33.6304,1
1905.51,-0.135254,-0.871582,1.03125,-0.549316,1.34277,-33.9355,1
1905.52,-0.101562,-1.03271,1.08496,1.64795,1.40381,-32.7148,1
1905.53,-0.123047,-0.810059,1.02197,1.95312,1.77002,-33.02,1
1905.54,-0.125,-0.854492,0.987793,0.183105,1.77002,-33.9966,1
1905.55,-0.157715,-0.953125,0.931152,1.89209,2.13623,-32.5928,1
1905.56,-0.137207,-0.75293,0.945801,2.38037,2.74658,-32.5928,1
1905.57,-0.124512,-0.800293,0.995117,0.488281,2.86865,-33.5083,1
1905.58,-0.0942383,-1.00732,1.01465,1.77002,2.99072,-32.4097,1
1905.59,-0.111328,-0.823242,1.00146,3.35693,2.92969,-32.1045,1
1905.6,-0.129395,-0.848145,0.953613,2.01416,2.86865,-33.2642,1
1905.61,-0.116211,-0.91748,0.905273,3.96729,2.74658,-32.4097,1
1905.62,-0.0805664,-0.725098,0.885254,3.66211,2.99072,-33.2031,1
1905.63,-0.0913086,-0.88916,0.91748,3.72314,2.86865,-33.0811,1
1905.64,-0.106934,-0.810059,0.893555,5.5542,1.95312,-32.959,1
1905.64,-0.0986328,-0.729004,0.851562,4.88281,2.2583,-33.9966,1
1905.65,-0.0952148,-0.82666,0.806152,5.49316,1.46484,-33.8135,1
1905.66,-0.104492,-0.878418,0.786133,5.43213,0.793457,-34.0576,1
1905.67,-0.0727539,-0.699707,0.827637,5.85938,0.366211,-34.0576,1
1905.68,-0.0239258,-0.638672,0.897949,3.17383,1.0376,-35.5225,1
1905.69,0.0297852,-0.811523,0.830566,1.28174,0,-35.8276,1
1905.7,0.0327148,-0.82666,0.85498,1.64795,-0.854492,-35.4614,1
1905.71,0.0302734,-0.783691,0.924316,-0.12207,-0.671387,-36.3159,1
1905.72,0.00195312,-0.817383,1.00488,-0.610352,-1.0376,-36.0107,1
1905.73,0.00634766,-0.837891,0.969238,-2.01416,-0.0610352,-36.2549,1
1905.74,0.0102539,-0.879395,0.958008,-2.38037,-0.427246,-35.5225,1
1905.75,-0.00390625,-0.878906,1.01807,-3.66211,-0.732422,-35.7666,1
1905.76,0.0605469,-0.986816,1.07471,-3.66211,-0.244141,-35.7056,1
1905.77,0.0395508,-0.834961,1.05225,-2.19727,0.183105,-34.9121,1
1905.78,0.0463867,-0.888184,1.05811,-4.02832,0.366211,-36.0718,1
1905.79,0.0141602,-0.961914,1.03174,-2.2583,-0.244141,-34.9731,1
1905.8,0.0112305,-0.815918,1.06396,-1.77002,0.244141,-34.79,1
1905.81,0.0336914,-0.909668,1.00439,-2.2583,0.915527,-34.9121,1
1905.82,0.0371094,-1.05859,1.01953,-0.793457,0.854492,-34.1187,1
1905.83,-0.00488281,-0.860352,1.04883,0.671387,0.793457,-33.9355,1
1905.84,-0.0356445,-0.814453,1.02539,-0.0610352,0.976562,-34.4849,1
1905.85,0,-0.948242,1.00195,1.77002,1.34277,-33.8745,1
1905.86,0.0581055,-0.821289,0.978027,3.72314,1.40381,-33.6914,1
1905.87,0.0366211,-0.904785,0.936523,3.60107,1.70898,-34.2407,1
1905.88,-0.015625,-1.05225,1.02344,5.43213,1.15967,-33.3252,1
1905.89,-0.0424805,-0.722168,1.00146,5.92041,1.09863,-32.959,1
1905.9,-0.00292969,-0.776367,0.980469,2.31934,1.64795,-34.3018,1
1905.91,-0.00585938,-0.993164,0.996094,3.96729,0.915527,-33.5083,1
1905.92,0.0136719,-0.805664,0.891113,5.92041,0.793457,-33.1421,1
1905.93,-0.043457,-0.789062,0.928711,4.21143,0.854492,-34.729,1
1905.93,0.0185547,-0.81543,0.890625,4.39453,0.427246,-33.9355,1
1905.94,0.0151367,-0.859863,0.910156,4.08936,1.2207,-33.5693,1
1905.95,-0.0141602,-0.84375,0.933105,2.62451,-0.12207,-34.3628,1
1905.96,0.0429688,-0.816895,0.927246,2.0752,0.671387,-34.1187,1
1905.97,-0.0195312,-0.747559,0.969238,1.58691,1.2207,-34.2407,1
1905.98,0.0268555,-0.847656,0.927734,0.427246,0.12207,-34.729,1
1905.99,0.0400391,-0.869141,0.897949,1.46484,0.183105,-34.2407,1
1906,0.019043,-0.776367,0.952148,1.0376,0.915527,-34.0576,1
1906.01,-0.012207,-0.79248,0.996582,-0.183105,0.976562,-34.668,1
1906.02,0.0332031,-0.859375,1.00732,0,1.09863,-34.3628,1
1906.03,0.0405273,-0.824707,0.977539,0.366211,1.2207,-33.9966,1
1906.04,0.0200195,-0.856445,0.930176,-0.366211,1.2207,-34.4238,1
1906.05,0.0292969,-0.876953,0.991211,0.488281,1.46484,-33.7524,1
1906.06,0.0292969,-0.790527,1.05811,0.488281,2.01416,-34.1187,1
1906.07,0.0102539,-0.823242,1.00879,0.366211,2.19727,-34.4849,1
1906.08,0.0224609,-0.882812,0.95166,1.77002,2.0752,-34.1797,1
1906.09,0.0546875,-0.691406,0.90625,2.2583,1.89209,-33.7524,1
1906.1,0.0893555,-0.908203,0.94873,0.366211,2.19727,-34.668,1
1906.11,0,-1.01221,0.994141,2.74658,2.56348,-33.2031,1
1906.12,-0.0888672,-0.826172,1.08789,2.0752,3.2959,-33.7524,1
1906.13,-0.0610352,-0.816895,1.05908,1.0376,2.38037,-34.1797,1
1906.14,-0.00732422,-0.957031,0.95459,1.95312,3.11279,-34.1187,1
1906.15,-0.00537109,-0.758789,0.956055,3.23486,2.86865,-34.1797,1
1906.16,-0.0258789,-0.789062,0.983398,1.09863,2.2583,-35.2173,1
1906.17,0.0371094,-0.920898,0.938477,2.13623,2.68555,-34.1187,1
1906.18,-0.0161133,-0.782715,1.0127,2.50244,2.38037,-34.2407,1
1906.19,-0.0615234,-0.87207,0.949707,1.58691,2.2583,-35.0342,1
1906.2,-0.107422,-0.890137,0.859863,2.80762,1.89209,-34.2407,1
1906.21,-0.10498,-0.794922,0.99707,1.95312,1.83105,-35.5225,1
1906.22,0.00585938,-0.786133,0.925293,1.77002,1.83105,-35.8276,1
1906.22,0.0585938,-0.865723,0.91748,2.2583,2.2583,-35.5835,1
1906.23,-0.0141602,-0.799805,0.930176,1.95312,1.28174,-35.8887,1
1906.24,-0.0253906,-0.788574,0.942871,1.0376,1.34277,-36.2549,1
1906.25,-0.0483398,-0.885742,0.92334,2.01416,2.01416,-35.4004,1
1906.26,-0.0825195,-0.76123,0.995605,2.19727,1.34277,-35.5835,1
1906.27,-0.00634766,-0.89209,0.90918,0.732422,1.89209,-36.6211,1
1906.28,-0.027832,-0.933594,0.988281,2.13623,1.15967,-35.6445,1
1906.29,-0.0136719,-0.823242,1.01172,0.732422,0.854492,-37.1094,1
1906.3,0.0698242,-0.742188,0.897461,0.915527,0.488281,-36.499,1
1906.31,-0.0302734,-0.861816,0.929199,0.488281,1.58691,-36.438,1
1906.32,0.00341797,-0.855957,0.935547,0.549316,0.305176,-36.8042,1
1906.33,0.0522461,-0.759277,0.911621,1.40381,0.610352,-36.377,1
1906.34,0.0786133,-0.806641,0.944336,0.488281,1.0376,-36.5601,1
1906.35,0.102051,-0.915039,0.887207,0.427246,0.610352,-36.1938,1
1906.36,0.0297852,-0.890137,0.886719,0.671387,1.40381,-36.0107,1
1906.37,0.03125,-0.825195,0.975098,0.366211,1.77002,-35.8276,1
1906.38,0.0732422,-0.786133,0.939941,0.549316,2.68555,-35.8276,1
1906.39,0.0727539,-0.873047,0.910156,1.46484,2.86865,-35.1562,1
1906.4,0.0385742,-0.815918,1.00684,2.01416,2.31934,-34.9731,1
1906.41,0.0410156,-0.749512,0.946777,1.83105,2.68555,-34.79,1
1906.42,0.0537109,-0.935547,0.930176,1.28174,3.11279,-34.9121,1
1906.43,0.0776367,-0.847656,0.934082,2.38037,3.05176,-33.9355,1
1906.44,0.0678711,-0.790039,0.942383,0.305176,3.66211,-35.0342,1
1906.45,0.0263672,-0.957031,0.969727,0.976562,3.05176,-33.9355,1
1906.46,0.0527344,-0.765137,0.930176,2.01416,3.35693,-33.5083,1
1906.47,0.0556641,-0.808105,0.922363,0,3.84521,-34.4238,1
1906.48,0.0751953,-1.03467,0.919434,1.95312,3.78418,-33.8745,1
1906.49,0.0410156,-0.728516,0.929688,3.54004,4.45557,-33.5693,1
1906.5,0.0664062,-0.772949,1.01807,1.09863,4.08936,-34.6069,1
1906.51,0.0820312,-0.991699,1.00342,1.70898,3.60107,-33.8135,1
1906.52,0.0678711,-0.82959,0.925293,2.86865,4.3335,-32.8369,1
1906.53,-0.0522461,-0.923828,0.987305,1.34277,4.45557,-33.8745,1
1906.54,0.0131836,-0.797363,0.948242,2.19727,3.2959,-33.8135,1
1906.54,0.0380859,-0.665039,0.937012,2.0752,4.08936,-33.5083,1
1906.55,0.0488281,-0.830078,0.959961,1.15967,3.35693,-34.4238,1
1906.56,0.117676,-0.711426,0.896973,2.68555,2.62451,-33.5693,1
1906.57,0.0410156,-0.750977,0.899414,1.77002,3.41797,-33.6304,1
1906.58,0.0229492,-0.84375,0.927734,2.13623,1.89209,-33.4473,1
1906.59,0.0463867,-0.730957,0.847168,2.50244,2.38037,-33.4473,1
1906.6,0.00927734,-0.772949,0.883301,2.31934,2.19727,-33.4473,1
1906.61,-0.00439453,-0.776855,0.876953,2.99072,1.0376,-33.4473,1
1906.62,0.00878906,-0.716309,0.912109,3.05176,1.70898,-33.2642,1
1906.63,-0.0444336,-0.691895,0.884766,3.05176,1.34277,-32.6538,1
1906.64,-0.0478516,-0.687012,0.868652,2.56348,1.15967,-32.8369,1
1906.65,-0.0742188,-0.653809,0.90918,3.90625,0.854492,-31.4941,1
1906.66,-0.0639648,-0.664062,0.926758,3.479,0.671387,-31.6772,1
1906.67,-0.0307617,-0.724121,0.931152,5.43213,-0.427246,-30.7617,1
1906.68,-0.0234375,-0.731934,0.966797,6.89697,0.305176,-30.5786,1
1906.69,-0.0571289,-0.688965,0.902832,8.97217,0.305176,-29.3579,1
1906.7,-0.115234,-0.656738,0.890625,8.05664,0.244141,-29.6021,1
1906.71,-0.169922,-0.753906,1.01807,8.54492,-0.0610352,-27.9541,1
1906.72,-0.137207,-0.550293,1.10645,9.21631,0.12207,-26.6724,1
1906.73,-0.0625,-0.654297,1.0835,7.75146,0.549316,-26.3672,1
1906.74,-0.0317383,-0.679199,1.00146,10.6201,0.549316,-23.6206,1
1906.75,-0.0834961,-0.439453,0.95459,9.46045,1.2207,-23.4375,1
1906.76,-0.0834961,-0.529785,0.98584,8.42285,0.976562,-22.2168,1
1906.77,-0.11377,-0.514648,1.05859,9.64355,1.28174,-19.9585,1
1906.78,-0.0952148,-0.366211,1.06494,9.15527,1.40381,-18.9209,1
1906.79,-0.0751953,-0.399902,0.979492,8.54492,1.64795,-17.7002,1
1906.8,-0.081543,-0.397949,0.930176,9.27734,1.46484,-15.4419,1
1906.81,-0.128906,-0.271484,0.963867,9.33838,1.28174,-14.0991,1
1906.82,-0.120605,-0.244629,0.998535,9.15527,1.2207,-12.5732,1
1906.83,-0.123047,-0.246582,0.989746,10.1318,1.15967,-10.6201,1
1906.84,-0.117676,-0.152344,0.932617,10.7422,0.671387,-9.21631,1
1906.84,-0.104004,-0.120605,0.91748,10.3149,0.488281,-8.17871,1
1906.85,-0.0766602,-0.158691,0.95166,10.9863,0.610352,-5.98145,1
1906.86,-0.10498,-0.0219727,1.00684,12.5732,0.305176,-3.78418,1
1906.87,-0.125977,-0.012207,1.00879,12.6343,0,-2.44141,1
1906.88,-0.129883,-0.0576172,0.947266,14.2212,0,-0.244141,1
1906.89,-0.123535,0.153809,0.931641,15.1978,0.244141,1.28174,1
1906.9,-0.140137,0.150391,0.981445,14.4653,0.244141,2.44141,1
1906.91,-0.0810547,0.108398,1.0293,16.1133,-0.0610352,4.82178,1
1906.92,-0.133301,0.249512,1.03125,16.7236,0.427246,6.5918,1
1906.93,-0.151367,0.188477,1.01953,16.6016,0.0610352,7.8125,1
1906.94,-0.165039,0.306152,0.976562,17.9443,0,10.3149,1
1906.95,-0.157227,0.408691,1.00146,17.334,0.488281,11.3525,1
1906.96,-0.107422,0.359863,1.00195,17.0288,0,12.6343,1
1906.97,-0.100586,0.438477,0.981934,17.4561,-0.488281,14.4043,1
1906.98,-0.104492,0.459473,0.988281,16.4185,-0.549316,15.625,1
1906.99,-0.0986328,0.51709,0.986328,15.625,-0.793457,17.334,1
1907,-0.141602,0.621582,1.01758,13.916,-0.854492,18.6768,1
1907.01,-0.15625,0.609863,0.999023,12.3901,-1.09863,19.7754,1
1907.02,-0.123047,0.542969,1.0166,11.5967,-1.40381,21.0571,1
1907.03,-0.102539,0.681152,1.05371,10.437,-1.46484,22.0337,1
1907.04,-0.106934,0.712891,1.07764,7.99561,-1.46484,22.7661,1
1907.05,-0.0742188,0.748047,1.07568,6.65283,-1.46484,23.9868,1
1907.06,-0.123047,0.759766,1.09131,5.61523,-1.34277,25.1465,1
1907.07,-0.137207,0.697754,1.16113,5.06592,-1.34277,25.7568,1
1907.08,-0.105957,0.692383,1.08936,4.76074,-1.15967,26.1841,1
1907.09,-0.118164,0.858398,1.13721,4.45557,-0.732422,26.9775,1
1907.1,-0.118164,0.939941,1.13184,2.62451,-0.488281,27.4658,1
1907.11,-0.103516,0.773926,1.12891,2.50244,-0.244141,28.3203,1
1907.12,-0.0791016,0.758301,1.17725,3.23486,-0.549316,28.9917,1
1907.13,-0.019043,0.71582,1.08545,2.68555,0.0610352,28.7476,1
1907.13,-0.107422,0.831543,1.04785,3.54004,0.0610352,30.1514,1
1907.14,-0.114258,0.984863,1.01465,1.52588,0.671387,30.0293,1
1907.15,-0.046875,0.722656,0.995605,-0.0610352,1.09863,30.2124,1
1907.16,-0.0776367,0.797852,1.06836,1.09863,1.0376,31.311,1
1907.17,-0.0107422,0.904297,1.00049,-1.58691,2.2583,30.3345,1
1907.18,-0.0683594,0.687988,0.94873,-2.01416,2.56348,31.0669,1
1907.19,-0.0634766,0.849609,0.950684,-1.95312,2.86865,31.189,1
1907.2,-0.0380859,0.890137,0.884766,-4.63867,3.60107,30.7617,1
1907.21,-0.0927734,0.747559,0.951172,-4.69971,4.08936,31.7993,1
1907.22,-0.0571289,0.729004,0.946777,-5.18799,4.39453,31.0669,1
1907.23,-0.0957031,0.765137,0.986328,-4.15039,4.88281,31.4941,1
1907.24,-0.0986328,0.82373,0.883301,-3.41797,5.31006,31.8604,1
1907.25,-0.050293,0.799805,0.781738,-2.86865,5.31006,32.0435,1
1907.26,-0.0722656,0.743652,0.895508,-1.70898,5.06592,33.2031,1
1907.27,-0.0571289,0.770996,0.926758,-1.15967,5.43213,33.02,1
1907.28,-0.0708008,0.597168,0.923828,0.305176,5.61523,33.8135,1
1907.29,-0.0727539,0.659668,0.869141,3.90625,4.88281,35.3394,1
1907.3,-0.0141602,0.943359,0.76709,3.05176,4.27246,35.0342,1
1907.31,-0.00732422,0.768555,0.846191,2.01416,4.08936,35.9497,1
1907.32,0.00292969,0.734375,0.948242,3.90625,4.02832,37.2925,1
1907.33,-0.0214844,0.840332,0.935547,2.80762,3.60107,37.1094,1
1907.34,-0.0146484,0.692871,0.915527,3.479,2.86865,38.208,1
1907.35,-0.012207,0.842773,0.902344,3.78418,2.31934,38.5132,1
1907.36,0.0126953,1.00049,0.977051,1.46484,1.70898,38.7573,1
1907.37,-0.0361328,0.755859,0.984375,0,1.83105,39.7949,1
1907.38,-0.0498047,0.834473,1.01123,0.854492,0.793457,40.5884,1
1907.39,-0.0166016,0.865723,0.93457,-0.793457,0.793457,39.856,1
1907.4,-0.00634766,0.866211,0.906738,-0.183105,-0.12207,41.4429,1
1907.41,0.0161133,1.01367,1.00781,-1.77002,-0.366211,41.3818,1
1907.42,0,0.855957,0.983398,-3.05176,0,41.8091,1
1907.43,-0.00634766,0.846191,0.953125,-2.0752,-0.610352,42.3584,1
1907.44,-0.0205078,0.917969,0.952148,-1.64795,-0.549316,41.8701,1
1907.45,0.0317383,0.936035,0.968262,-0.183105,-1.09863,41.8701,1
1907.46,0.00976562,0.943848,1.02197,0.610352,-1.0376,41.8091,1
1907.47,0.0449219,0.869629,1.01025,-0.305176,-0.488281,40.6494,1
1907.48,0.0620117,0.869629,0.90625,1.09863,-0.427246,41.3818,1
1907.49,0.00585938,1.07422,0.927734,0.915527,0.732422,41.1377,1
1907.5,0.0161133,0.936035,1.01416,-0.244141,0.244141,40.4663,1
1907.51,0.081543,0.645508,1.07471,1.83105,0.549316,40.9546,1
1907.52,0.111328,0.953125,1.02539,3.479,0.610352,40.5273,1
1907.52,0.121094,1.10059,0.911133,0.427246,0.183105,39.4897,1
1907.53,0.0322266,0.797852,0.946289,-0.305176,0.854492,39.3066,1
1907.54,-0.00439453,0.969727,0.98291,1.77002,1.46484,40.1001,1
1907.55,-0.0234375,1.02539,1.01807,-0.793457,2.13623,39.3066,1
1907.56,0.0356445,0.742676,0.971191,-1.0376,1.0376,39.6729,1
1907.57,0.0976562,0.930664,0.982422,0.244141,1.15967,39.856,1
1907.58,0.107422,1.07568,0.919434,-2.0752,1.34277,38.6963,1
1907.59,0.0693359,0.861328,0.963867,-1.77002,1.83105,39.0015,1
1907.6,0.00146484,0.965332,1.02734,-0.854492,1.83105,39.0015,1
1907.61,-0.012207,0.969727,1.00635,-1.46484,2.19727,38.7573,1
1907.62,-0.0078125,0.803711,0.955078,-0.793457,2.19727,39.1846,1
1907.63,0.050293,0.905273,0.952148,0,2.19727,39.1235,1
1907.64,0.0644531,0.950195,0.928711,0.0610352,1.70898,38.6353,1
1907.65,0,0.859375,1.021,0.793457,2.19727,39.2456,1
1907.66,0.00878906,0.956543,0.959961,0.366211,1.77002,38.7573,1
1907.67,0.0268555,0.93457,0.932617,0.12207,2.2583,39.1235,1
1907.68,0.0166016,0.812988,0.926758,0.549316,2.44141,39.3066,1
1907.69,0.00683594,0.874023,0.884766,0.610352,1.52588,39.6118,1
1907.7,0.0229492,0.868164,0.888184,-0.244141,1.46484,39.3677,1
1907.71,0.0639648,0.854004,0.883789,-0.305176,1.40381,40.4053,1
1907.72,0.100586,0.880859,0.862305,-1.95312,1.09863,39.978,1
1907.73,0.0234375,0.964844,0.936523,-2.19727,0.793457,40.2222,1
1907.74,-0.00390625,0.923828,1.01416,-2.56348,0.793457,39.856,1
1907.75,-0.0141602,0.972656,1.10254,-1.15967,1.09863,40.7104,1
1907.76,0.0727539,1,0.987305,-3.05176,0.793457,39.7949,1
1907.77,0.0834961,0.834961,0.998047,-2.44141,0.305176,40.7104,1
1907.78,0.123047,0.990723,0.972656,-2.2583,0.244141,40.5273,1
1907.79,0.0693359,0.991699,1.0498,-2.74658,0.976562,40.5273,1
1907.8,0.0722656,0.82666,1.09473,-2.31934,0,40.2832,1
1907.81,0.0673828,1.03857,1.03174,-1.0376,-0.12207,40.6494,1
1907.81,0.102539,1.04883,0.972656,-3.05176,-0.366211,39.917,1
1907.82,0.121582,0.674316,0.995605,-2.44141,-0.244141,40.4053,1
1907.83,0.15332,0.935059,0.980469,0.610352,-0.488281,40.7715,1
1907.84,0.156738,0.998047,0.995117,-1.64795,0.0610352,39.7949,1
1907.85,0.153809,0.742188,0.937988,-1.28174,-0.854492,40.0391,1
1907.86,0.150879,0.916016,0.97168,-0.732422,-0.610352,39.5508,1
1907.87,0.180664,0.864258,0.933594,-1.77002,0,38.8794,1
1907.88,0.196777,0.697266,0.922363,-1.0376,0.183105,39.1235,1
1907.89,0.212402,0.830078,0.853027,-1.34277,-0.305176,38.6963,1
1907.9,0.186523,0.860352,0.875,-3.479,-0.0610352,37.7808,1
1907.91,0.186523,0.813477,0.922363,-3.41797,0.12207,37.4756,1
1907.92,0.20166,0.791016,0.96875,-3.90625,1.09863,36.7432,1
1907.93,0.194824,0.695801,0.819824,-3.72314,0.671387,36.438,1
1907.94,0.255859,0.745117,0.783203,-3.72314,0.854492,35.6445,1
1907.95,0.263184,0.819824,0.856934,-4.3335,1.70898,34.729,1
1907.96,0.292969,0.818848,1.03809,-4.69971,2.0752,33.8135,1
1907.97,0.266602,0.575684,0.974609,-4.21143,2.92969,33.0811,1
1907.98,0.250977,0.841797,0.886719,-2.44141,2.19727,32.4097,1
1907.99,0.257324,0.859375,0.976562,-4.76074,3.2959,31.1279,1
1908,0.293945,0.600586,0.926758,-3.96729,3.17383,30.5786,1
1908.01,0.279297,0.856934,1.00977,-2.99072,3.78418,29.7241,1
1908.02,0.330078,0.695312,1.04053,-4.57764,4.27246,28.5034,1
1908.03,0.29834,0.523438,0.967285,-2.62451,3.66211,27.8931,1
1908.04,0.280762,0.88916,0.956543,-3.05176,3.72314,26.5503,1
1908.05,0.265137,0.702637,0.972656,-6.7749,3.72314,25.0244,1
1908.06,0.234863,0.476562,1.00439,-5.7373,3.60107,25.0854,1
1908.07,0.27002,0.751953,0.979492,-6.34766,2.80762,24.1089,1
1908.08,0.31543,0.550293,0.991699,-8.60596,2.2583,23.0103,1
1908.09,0.314941,0.484863,1.00684,-7.38525,1.34277,22.3389,1
1908.1,0.280273,0.672363,1.02344,-8.11768,1.28174,20.9351,1
1908.11,0.196289,0.546387,0.964844,-9.70459,0.610352,19.7754,1
1908.12,0.268066,0.404785,0.913086,-8.97217,-0.244141,18.8599,1
1908.13,0.334961,0.489258,0.898926,-7.8125,-1.15967,18.0054,1
1908.14,0.319336,0.461426,0.916016,-7.75146,-1.58691,16.5405,1
1908.14,0.322266,0.356445,0.884277,-6.40869,-2.19727,15.564,1
1908.15,0.3125,0.32373,0.886719,-5.31006,-2.38037,14.5264,1
1908.16,0.319336,0.368652,0.844727,-5.31006,-2.74658,13.0615,1
1908.17,0.300293,0.286133,0.890625,-5.06592,-3.11279,11.9629,1
1908.18,0.308594,0.270996,0.916016,-3.90625,-3.479,10.8032,1
1908.19,0.328125,0.326172,0.859863,-3.35693,-3.05176,9.39941,1
1908.2,0.302734,0.257324,0.856445,-3.05176,-2.62451,8.42285,1
1908.21,0.278809,0.28418,0.882324,-3.05176,-2.50244,7.20215,1
1908.22,0.287109,0.283203,0.924316,-3.479,-2.19727,6.16455,1
1908.23,0.299316,0.15918,1.05225,-3.60107,-2.44141,5.49316,1
1908.24,0.3125,0.258301,0.987793,-3.54004,-2.44141,4.82178,1
1908.25,0.306152,0.260742,0.915527,-5.79834,-1.40381,3.41797,1
1908.26,0.276367,0.133789,1.02393,-6.5918,-0.854492,2.80762,1
1908.27,0.279785,0.271973,1.14014,-7.26318,0,2.31934,1
1908.28,0.26709,0.217285,1.1709,-9.39941,0.671387,1.40381,1
1908.29,0.247559,0.163086,1.19141,-9.76562,0.793457,1.46484,1
1908.3,0.23584,0.24707,1.16992,-10.8643,1.70898,1.0376,1
1908.31,0.213867,0.178223,1.11084,-11.9629,2.19727,0.854492,1
1908.32,0.234375,0.116211,1.1084,-11.4746,2.44141,1.0376,1
1908.33,0.222656,0.15918,1.09521,-10.5591,2.68555,1.34277,1
1908.34,0.217285,0.115723,1.13623,-9.94873,2.31934,1.2207,1
1908.35,0.224609,0.0419922,1.08984,-8.54492,1.77002,1.52588,1
1908.36,0.225586,0.101074,1.03027,-6.22559,1.58691,2.38037,1
1908.37,0.196289,0.0834961,0.954102,-5.67627,0.854492,2.19727,1
1908.38,0.191406,-0.0239258,0.973633,-3.2959,0.244141,3.11279,1
1908.39,0.214355,0.0869141,0.938477,-1.28174,-0.12207,3.84521,1
1908.4,0.21582,0.0131836,0.962402,-0.732422,-0.610352,3.90625,1
1908.41,0.217285,-0.0429688,0.958008,1.52588,-1.77002,5.00488,1
1908.42,0.225586,0.065918,0.97168,2.92969,-2.19727,5.43213,1
1908.43,0.220215,0.0224609,1.00439,3.35693,-2.50244,5.61523,1
1908.44,0.229004,0.00830078,1.01172,4.3335,-2.92969,6.53076,1
1908.45,0.251465,0.0322266,0.868164,4.57764,-2.86865,6.89697,1
1908.46,0.234863,0.0834961,0.912109,5.06592,-3.17383,7.20215,1
1908.47,0.270508,0.0332031,1.0918,4.27246,-3.05176,6.89697,1
1908.48,0.283203,0.100586,1.09375,3.84521,-3.05176,7.50732,1
1908.48,0.282227,0.129883,0.966309,1.70898,-2.13623,7.38525,1
1908.49,0.25,0.143555,0.935547,-0.793457,-1.89209,6.89697,1
1908.5,0.298828,0.110352,1.08057,-2.19727,-0.610352,6.46973,1
1908.51,0.290039,0.159668,1.17969,-1.95312,0.305176,6.5918,1
1908.52,0.305176,0.103516,1.17432,-3.23486,0.305176,5.49316,1
1908.53,0.29248,0.147461,1.01123,-2.74658,1.09863,5.61523,1
1908.54,0.308105,0.248047,0.999023,-4.82178,2.19727,4.15039,1
1908.55,0.285156,0.0454102,1.03613,-5.98145,3.35693,3.60107,1
1908.56,0.262695,0.0693359,1.12451,-4.94385,3.60107,3.05176,1
1908.57,0.314453,0.148438,1.16602,-5.7373,4.02832,2.13623,1
1908.58,0.300293,0.027832,1.00439,-6.10352,4.08936,1.64795,1
1908.59,0.306152,-0.00830078,0.893066,-6.16455,4.02832,0.915527,1
1908.6,0.26709,0.00585938,0.954102,-5.7373,4.27246,-0.0610352,1
1908.61,0.262207,-0.0605469,1.05322,-5.67627,4.27246,-1.15967,1
1908.62,0.290039,-0.156738,0.984863,-4.27246,3.84521,-1.28174,1
1908.63,0.271973,-0.0751953,0.969238,-4.27246,2.99072,-2.19727,1
1908.64,0.282715,-0.227539,0.810059,-3.54004,1.70898,-2.50244,1
1908.65,0.228027,-0.177246,0.807129,-3.17383,1.40381,-3.66211,1
1908.66,0.298828,-0.207031,0.945312,-3.05176,0.610352,-4.21143,1
1908.67,0.195312,-0.322266,0.986328,-2.68555,0.732422,-4.45557,1
1908.68,0.222168,-0.195312,0.862793,-2.31934,-1.40381,-5.06592,1
1908.68,0.236328,-0.126465,0.822754,-4.39453,-1.83105,-6.28662,1
1908.69,0.25293,-0.447266,0.88916,-3.78418,-2.19727,-6.71387,1
1908.7,0.228516,-0.210449,1.00049,-2.01416,-1.46484,-6.95801,1
1908.71,0.236816,-0.1875,1.00098,-5.31006,-1.70898,-8.72803,1
1908.72,0.262695,-0.490234,0.941406,-4.39453,-2.0752,-8.11768,1
1908.73,0.277832,-0.128906,1.02246,-4.15039,-2.31934,-8.72803,1
1908.74,0.293457,-0.0888672,0.993164,-9.52148,-2.38037,-10.498,1
1908.75,0.257324,-0.697754,1.09033,-8.66699,-1.40381,-10.498,1
1908.76,0.191406,-0.223633,1.13916,-4.76074,-0.671387,-10.498,1
1908.77,0.266113,-0.0380859,1.05127,-10.0098,-0.610352,-12.8784,1
1908.78,0.268066,-0.624023,1.06201,-8.97217,-0.305176,-12.207,1
1908.79,0.297363,-0.31543,1.05518,-5.49316,-0.12207,-12.3901,1
1908.8,0.296387,-0.16748,1.05957,-8.60596,0.305176,-13.6108,1
1908.81,0.269531,-0.660156,1.11133,-7.93457,0.915527,-13.7939,1
1908.82,0.276367,-0.460449,1.04443,-4.63867,1.70898,-13.7329,1
1908.83,0.279297,-0.246094,0.977051,-6.22559,2.13623,-14.8315,1
1908.84,0.30957,-0.599121,0.953125,-6.22559,1.95312,-15.3198,1
1908.85,0.317383,-0.579102,1.02002,-3.11279,2.44141,-14.8315,1
1908.86,0.263184,-0.356934,1.03516,-4.39453,2.50244,-15.9912,1
1908.87,0.255371,-0.640137,0.989258,-5.43213,1.95312,-16.3574,1
1908.88,0.239746,-0.518066,0.955078,-2.68555,1.52588,-16.2354,1
1908.89,0.273438,-0.321289,0.962402,-4.76074,1.2207,-17.7612,1
1908.9,0.294922,-0.631348,1.02344,-5.49316,0.488281,-17.8833,1
1908.91,0.217285,-0.599609,1.06592,-4.63867,0,-18.0664,1
1908.92,0.20166,-0.494141,1.02832,-6.22559,-0.366211,-19.104,1
1908.93,0.242676,-0.592773,1.0127,-5.85938,-0.732422,-19.4702,1
1908.94,0.302734,-0.526855,1.09668,-5.67627,-1.09863,-20.5078,1
1908.95,0.338379,-0.595215,1.03076,-5.61523,-1.89209,-20.5688,1
1908.96,0.275879,-0.705078,1.11914,-4.94385,-1.40381,-20.9961,1
1908.97,0.29541,-0.650391,1.02979,-3.23486,-2.2583,-20.9961,1
1908.98,0.313477,-0.518555,1.07812,-3.96729,-1.2207,-22.1558,1
1908.99,0.300781,-0.730469,1.0249,-4.02832,-1.64795,-21.9727,1
1909,0.322754,-0.606445,0.981934,-2.44141,-1.52588,-21.6064,1
1909.01,0.266113,-0.578613,1.02588,-4.15039,-1.2207,-22.522,1
1909.02,0.285645,-0.719727,1.02637,-2.99072,-0.671387,-22.2168,1
1909.03,0.288086,-0.593262,0.992676,-1.0376,-0.244141,-21.6675,1
1909.04,0.213379,-0.567383,0.98584,-1.77002,0.183105,-21.9116,1
1909.04,0.175293,-0.697754,0.959961,-1.77002,0.671387,-21.9116,1
1909.05,0.0444336,-0.666992,1.00928,-0.366211,2.74658,-21.0571,1
1909.06,0.00244141,-0.515137,1.02393,-0.854492,3.11279,-21.1792,1
1909.07,0.0600586,-0.726562,1.14404,-3.05176,3.41797,-21.9116,1
1909.08,0.135742,-0.749023,1.06738,-0.610352,4.57764,-20.3247,1
1909.09,0.123047,-0.516113,0.949707,-2.01416,5.43213,-21.1182,1
1909.1,0.0976562,-0.872559,1,-3.66211,6.22559,-21.6675,1
1909.11,0.0297852,-0.797363,1.01025,-0.671387,7.08008,-20.9961,1
1909.12,-0.0600586,-0.499512,1.03125,-2.50244,8.11768,-22.1558,1
1909.13,-0.0561523,-0.693848,0.982422,-3.60107,7.14111,-22.522,1
1909.14,-0.00195312,-0.734375,1.00537,-0.610352,7.50732,-22.1558,1
1909.15,0.0126953,-0.478027,0.879883,0.549316,7.20215,-22.4609,1
1909.16,-0.00927734,-0.65625,0.753906,-0.854492,6.34766,-23.8647,1
1909.17,0.0366211,-0.814941,0.731934,1.95312,5.31006,-23.6206,1
1909.18,-0.0473633,-0.547363,0.844727,3.66211,4.82178,-24.292,1
1909.19,0.00390625,-0.587402,0.834473,2.31934,3.35693,-26.001,1
1909.2,0.0356445,-0.671387,0.719238,3.479,2.01416,-25.8179,1
1909.21,0.0805664,-0.559082,0.725098,2.92969,1.70898,-26.7334,1
1909.22,0.0161133,-0.645508,0.767578,1.09863,0.854492,-27.5269,1
1909.23,0.0786133,-0.697754,0.755859,0.427246,-0.12207,-27.771,1
1909.24,-0.00244141,-0.714844,0.894531,-0.305176,0.427246,-27.71,1
1909.25,-0.027832,-0.654785,1.00635,-2.31934,-0.366211,-28.3813,1
1909.26,-0.0351562,-0.790039,0.993164,-3.96729,-0.549316,-28.0151,1
1909.27,-0.0375977,-0.703613,0.950684,-3.41797,-0.183105,-27.0996,1
1909.28,-0.102051,-0.694336,0.998535,-6.22559,0.610352,-28.6255,1
1909.29,-0.00683594,-0.871094,1.08154,-5.67627,0.488281,-28.1372,1
1909.3,-0.0219727,-0.701172,1.12305,-4.76074,1.28174,-27.4658,1
1909.31,-0.0537109,-0.749023,1.06006,-6.83594,1.15967,-28.0762,1
1909.32,-0.0800781,-0.908691,1.01953,-6.34766,1.15967,-27.4048,1
1909.33,-0.0883789,-0.901367,1.09912,-4.94385,3.11279,-27.2217,1
1909.34,-0.125977,-0.791504,1.07861,-4.27246,3.2959,-27.0386,1
1909.35,-0.100098,-0.868164,0.992188,-4.21143,3.41797,-27.3438,1
1909.35,-0.113281,-0.897949,0.963379,-1.58691,3.84521,-26.6724,1
1909.36,-0.0942383,-0.716797,1.0166,-1.0376,3.72314,-27.5879,1
1909.37,-0.128906,-0.744141,1.04102,-2.31934,3.78418,-28.0762,1
1909.38,-0.0771484,-0.897461,1.07275,-1.15967,3.05176,-27.1606,1
1909.39,-0.0551758,-0.710938,0.961426,0.854492,3.54004,-26.7944,1
1909.4,-0.0634766,-0.6875,0.870117,-0.0610352,3.66211,-27.9541,1
1909.41,-0.0791016,-0.966309,0.908691,0.366211,2.74658,-27.8931,1
1909.42,-0.0849609,-0.754395,0.970215,2.86865,2.2583,-27.0996,1
1909.43,-0.0771484,-0.649414,0.937012,0,2.44141,-28.3813,1
1909.44,-0.0336914,-0.951172,0.90625,0.244141,1.58691,-28.1372,1
1909.45,-4.882812e-04,-0.827148,0.946289,1.64795,1.40381,-28.2593,1
1909.46,0.0830078,-0.693359,0.922852,1.28174,0.915527,-28.7476,1
1909.47,0.00439453,-0.925293,0.89209,1.77002,0.732422,-28.6255,1
1909.48,-0.0102539,-0.719727,0.972656,4.08936,0.793457,-27.771,1
1909.49,-0.0722656,-0.677734,1.03564,0.671387,1.64795,-29.2969,1
1909.5,-0.0214844,-1.04443,1.00293,1.77002,1.09863,-27.8931,1
1909.51,-0.0336914,-0.678223,0.91748,3.54004,0.915527,-27.0386,1
1909.52,-0.0634766,-0.879883,0.885742,0.366211,1.58691,-27.5879,1
1909.53,-0.0488281,-0.967773,0.985352,2.2583,1.46484,-27.5879,1
1909.54,-0.0893555,-0.67627,1.04834,0.793457,2.99072,-28.0762,1
1909.55,-0.119629,-0.819824,0.999512,-0.12207,2.56348,-26.7944,1
1909.56,-0.107422,-0.786133,1.08496,-0.854492,2.50244,-27.4658,1
1909.57,-0.0458984,-0.740234,0.908203,-0.671387,3.17383,-27.1606,1
1909.58,-0.134766,-0.818848,0.851074,0,3.72314,-26.8555,1
1909.59,-0.151855,-0.87793,0.941895,-0.244141,2.44141,-27.771,1
1909.6,-0.146484,-0.834961,0.958008,0.671387,3.05176,-27.9541,1
1909.61,-0.119629,-0.694824,0.991699,-0.244141,3.84521,-28.5034,1
1909.62,-0.16748,-0.938477,1.04883,-0.610352,3.23486,-28.6255,1
1909.63,-0.115234,-0.827148,0.962891,1.2207,1.95312,-27.8931,1
1909.64,-0.119629,-0.709961,0.939453,1.52588,2.80762,-28.5034,1
1909.64,-0.120117,-0.824219,0.974609,1.46484,2.68555,-29.48,1
1909.65,-0.0991211,-0.789551,0.921387,2.62451,1.64795,-28.7476,1
1909.66,-0.129395,-0.84082,0.973145,2.01416,1.52588,-29.48,1
1909.67,-0.119629,-0.878418,1.02295,2.2583,-0.244141,-29.9072,1
1909.68,-0.0561523,-0.755859,0.973633,3.41797,0.549316,-30.2734,1
1909.69,-0.0913086,-0.805664,0.896973,2.50244,0.183105,-31.189,1
1909.7,-0.0390625,-0.942383,0.793457,4.3335,-1.0376,-30.1514,1
1909.71,-0.0380859,-0.773438,0.85498,4.39453,-1.64795,-30.6396,1
1909.72,0.0205078,-0.862793,0.978027,3.84521,-0.854492,-30.7617,1
1909.73,0.0996094,-0.803711,0.973633,4.08936,-1.34277,-30.5786,1
1909.74,0.0615234,-0.930176,1.01221,2.44141,-1.2207,-30.7007,1
1909.75,0.00585938,-0.875488,1.01465,2.74658,-2.31934,-30.5176,1
1909.76,0.00927734,-0.868164,0.954102,0.793457,-1.34277,-31.0669,1
1909.77,0.0146484,-0.879395,0.989258,1.15967,-1.52588,-29.6021,1
1909.78,-0.0244141,-0.828125,1.09082,-1.2207,-2.01416,-30.2124,1
1909.79,-0.0537109,-0.919922,1.07471,-1.70898,-2.0752,-29.6021,1
1909.8,-0.0625,-0.860352,1.00488,-1.64795,-1.0376,-29.1138,1
1909.81,-0.0283203,-0.857422,0.952148,-1.95312,-0.915527,-29.1748,1
1909.82,-0.0717773,-0.935059,0.984863,-2.68555,-0.854492,-29.6021,1
1909.83,-0.027832,-0.953125,1.05469,-1.77002,0,-28.7476,1
1909.84,-0.0585938,-0.821777,1.03174,-2.01416,0.305176,-28.4424,1
1909.85,-0.0576172,-1.02588,1.0918,-2.86865,1.09863,-28.3813,1
1909.86,-0.115723,-0.87207,1.04053,-0.488281,0.976562,-28.0151,1
1909.87,-0.128906,-0.771973,0.89502,-1.09863,2.86865,-28.2593,1
1909.88,-0.179199,-0.996582,0.86084,0.793457,2.38037,-27.4048,1
1909.89,-0.197266,-0.817871,1.00049,2.50244,1.83105,-27.9541,1
1909.9,-0.0898438,-0.657715,0.977051,1.95312,2.31934,-28.4424,1
1909.91,-0.147461,-0.962402,0.960938,3.479,2.56348,-27.771,1
1909.92,-0.21582,-0.870605,0.919922,4.94385,1.70898,-28.1982,1
1909.93,-0.16748,-0.778809,0.90918,4.27246,2.31934,-28.8086,1
1909.93,-0.242676,-1.04932,0.980469,5.61523,2.86865,-27.832,1
1909.94,-0.10791,-0.733887,0.966797,6.95801,1.58691,-28.3813,1
1909.95,-0.0942383,-0.729492,0.935059,4.27246,2.86865,-29.48,1
1909.96,-0.164551,-1.02686,0.869629,6.10352,2.86865,-28.1982,1
1909.97,-0.174316,-0.675293,0.871582,6.16455,2.31934,-29.2969,1
1909.98,-0.166992,-0.787109,0.909668,3.41797,2.99072,-29.6021,1
1909.99,-0.174805,-0.994629,0.905273,4.69971,2.44141,-28.9307,1
1910,-0.196289,-0.770508,0.925293,3.96729,1.95312,-30.0903,1
1910.01,-0.168945,-0.855957,1.01709,2.01416,1.89209,-30.8838,1
1910.02,-0.140137,-0.850098,1.0166,2.68555,2.38037,-30.5176,1
1910.03,-0.0898438,-0.768555,0.941895,1.0376,2.31934,-30.7617,1
1910.04,-0.145508,-0.939453,1.02539,0,0.976562,-31.4941,1
1910.05,-0.141113,-0.879395,1.00928,-0.12207,0.549316,-31.5552,1
1910.06,-0.106934,-0.764648,0.947266,-0.366211,1.09863,-31.4331,1
1910.07,-0.184082,-0.92041,1.07422,-1.83105,0.732422,-32.2876,1
1910.08,-0.0947266,-0.918457,1.01416,-1.28174,-0.183105,-32.5317,1
1910.09,-0.0756836,-0.905762,0.95166,-1.46484,0.915527,-32.5928,1
1910.1,-0.103027,-0.92334,1.00928,-1.0376,-0.244141,-32.4707,1
1910.11,-0.0712891,-0.84082,1.00342,-1.2207,-0.183105,-33.3862,1
1910.12,-0.0703125,-0.916992,0.976562,-0.305176,0,-32.5928,1
1910.13,-0.108887,-0.878906,0.960938,-0.183105,-0.671387,-33.0811,1
1910.14,-0.0932617,-0.895508,0.996582,-0.366211,-1.0376,-33.1421,1
1910.15,-0.0649414,-0.880859,0.98877,0.854492,-0.244141,-32.3486,1
1910.16,-0.0449219,-0.756348,0.935547,0.366211,0,-32.959,1
1910.17,-0.0415039,-0.951172,0.941406,0.366211,-0.671387,-32.8979,1
1910.18,-0.00146484,-0.864258,0.911133,2.50244,-0.915527,-31.7383,1
1910.19,-0.00976562,-0.787109,0.851562,2.74658,0.305176,-32.0435,1
1910.2,0.0141602,-0.986328,0.895508,2.86865,0.549316,-32.2876,1
1910.21,0.0112305,-0.818848,0.92041,4.76074,0.671387,-30.9448,1
1910.22,-0.0454102,-0.689941,0.963867,2.86865,1.09863,-30.5786,1
1910.23,-0.0102539,-0.96582,1.0083,1.77002,0.732422,-30.7617,1
1910.24,0,-0.919434,0.945312,4.57764,1.58691,-29.3579,1
1910.25,0.0117188,-0.902832,0.945801,2.19727,2.50244,-30.3955,1
1910.26,0.00585938,-1.02734,0.966309,2.2583,1.40381,-29.48,1
1910.27,-0.0615234,-0.75,0.983887,1.64795,2.2583,-29.2358,1
1910.28,-0.0429688,-0.877441,1.04053,-1.15967,3.41797,-29.6631,1
1910.29,-0.0195312,-0.935547,0.950195,0.854492,2.99072,-27.9541,1
1910.29,-0.0078125,-0.831055,1.01025,0,2.99072,-28.8696,1
1910.3,-0.0107422,-1.02637,0.999023,0.549316,3.17383,-28.1982,1
1910.31,4.882812e-04,-0.782715,0.962402,1.34277,3.2959,-28.9307,1
1910.32,0.0112305,-0.891113,0.924805,0.183105,3.78418,-28.3813,1
1910.33,-0.043457,-0.929199,0.86377,0.915527,3.17383,-28.2593,1
1910.34,-0.0454102,-0.814453,0.955566,-0.610352,3.35693,-29.1748,1
1910.35,-0.0732422,-0.878906,0.978516,-0.549316,3.41797,-28.9917,1
1910.36,-0.0693359,-0.901367,0.90332,1.0376,3.60107,-28.1982,1
1910.37,-0.074707,-0.67041,0.858887,1.15967,3.05176,-28.9917,1
1910.38,-0.0683594,-0.798828,0.894043,-1.2207,2.68555,-29.7852,1
1910.39,-0.118164,-0.968262,0.929199,2.19727,2.62451,-28.1982,1
1910.4,-0.125977,-0.628906,1.01123,0.793457,1.77002,-29.7241,1
1910.41,-0.0395508,-0.932129,0.886719,-0.0610352,2.0752,-29.8462,1
1910.42,-0.0654297,-0.993164,0.865723,3.78418,2.19727,-29.1138,1
1910.43,-0.0957031,-0.736816,0.923828,2.74658,1.34277,-30.7007,1
1910.44,-0.0629883,-0.922852,0.841309,2.68555,1.15967,-30.2734,1
1910.45,-0.145508,-0.905273,0.904785,4.15039,1.34277,-29.9072,1
1910.46,-0.134766,-0.804688,1.05371,2.80762,0.793457,-31.189,1
1910.47,-0.0200195,-0.794922,0.907227,3.479,1.34277,-30.5786,1
1910.48,-0.0986328,-0.909668,0.926758,3.17383,1.52588,-30.4565,1
1910.49,-0.116699,-0.879395,0.938965,3.41797,-0.183105,-30.8838,1
1910.5,-0.10791,-0.70459,0.975586,1.52588,0.793457,-31.7383,1
1910.5,-0.149414,-0.939453,0.967773,1.46484,0.488281,-30.7007,1
1910.51,-0.132812,-0.87207,0.98291,0.366211,-0.183105,-31.9824,1
1910.52,-0.0292969,-0.827637,0.954102,-0.0610352,-0.12207,-31.7383,1
1910.53,-0.0883789,-0.931641,0.936523,-0.12207,0.610352,-31.5552,1
1910.54,-0.0400391,-0.800293,0.927734,-0.610352,-0.793457,-31.7993,1
1910.55,-0.0268555,-0.924805,0.982422,-2.13623,-0.488281,-32.1045,1
1910.56,0.0102539,-1.05371,1.12207,-0.0610352,-0.610352,-31.189,1
1910.57,0.0683594,-0.648438,1.04443,-1.28174,-0.793457,-32.4097,1
1910.58,0.065918,-1.11035,0.976562,-2.50244,-0.854492,-32.1045,1
1910.59,0.0380859,-1.13232,0.962891,2.38037,-1.40381,-30.9448,1
1910.6,0.0585938,-0.544922,1.06787,1.2207,-1.77002,-32.4707,1
1910.61,0.0961914,-0.998535,1.07861,-1.89209,-1.64795,-32.4707,1
1910.62,0.108398,-1.23486,1.03711,2.68555,-2.13623,-30.7617,1
1910.63,0.126465,-0.654297,0.978027,2.62451,-2.2583,-31.189,1
1910.64,0.130859,-0.939453,1.05273,-1.52588,-2.0752,-32.1045,1
1910.65,0.0576172,-1.1582,1.06104,2.2583,-2.74658,-30.3345,1
1910.66,0.0405273,-0.700684,1.04199,2.80762,-2.56348,-30.6396,1
1910.67,0.139648,-0.726562,0.98291,-0.793457,-2.92969,-31.7383,1
1910.68,0.231445,-1.25439,0.983398,0.305176,-2.38037,-30.5176,1
1910.69,0.177734,-0.811035,0.96875,4.21143,-2.38037,-29.2969,1
1910.7,0.111328,-0.640625,0.966797,-0.549316,-2.19727,-30.5786,1
1910.71,0.103027,-1.14697,1.00195,0.976562,-1.77002,-28.8086,1
1910.72,0.10791,-0.785645,0.981934,4.02832,-1.52588,-28.1372,1
1910.73,0.163086,-0.701172,0.954102,0.854492,-1.89209,-28.9917,1
1910.74,0.189453,-1.1333,1.00977,2.92969,-1.40381,-27.5269,1
1910.75,0.184082,-0.754395,1.01514,5.31006,-0.854492,-27.0996,1
1910.76,0.195312,-0.733398,0.95166,3.2959,-0.610352,-27.0386,1
1910.77,0.187012,-0.963379,0.947266,4.57764,-0.671387,-25.9399,1
1910.78,0.245605,-0.810059,0.933594,5.61523,-0.183105,-25.2686,1
1910.79,0.208984,-0.76123,0.995605,3.84521,0.12207,-25.3296,1
1910.8,0.20752,-0.902344,0.987793,3.41797,0,-24.4141,1
1910.81,0.242676,-0.691406,0.905273,3.72314,0.793457,-23.9868,1
1910.82,0.262695,-0.700195,0.950195,1.34277,0.915527,-23.9258,1
1910.83,0.274414,-0.928711,1.0166,1.28174,0.854492,-22.9492,1
1910.83,0.229492,-0.658203,1.09424,2.2583,1.28174,-22.2168,1
1910.84,0.17041,-0.789551,1.07031,0.610352,2.2583,-21.7896,1
1910.85,0.197754,-0.862305,0.95459,2.50244,1.40381,-21.1792,1
1910.86,0.240234,-0.582031,0.936035,2.2583,1.58691,-21.1792,1
1910.87,0.308105,-0.824219,0.98877,1.52588,1.70898,-20.752,1
1910.88,0.23584,-0.816406,1.021,4.69971,1.34277,-19.7754,1
1910.89,0.194824,-0.737793,1.01709,4.45557,1.64795,-20.1416,1
1910.9,0.193359,-0.8125,0.939453,5.61523,0.915527,-19.3481,1
1910.91,0.247559,-0.72998,0.924805,6.16455,1.28174,-19.2871,1
1910.92,0.271973,-0.722168,0.999023,5.18799,0.915527,-19.4092,1
1910.93,0.239258,-0.697754,1.01221,4.63867,0.610352,-18.9819,1
1910.94,0.169434,-0.785156,0.96582,4.27246,0.488281,-18.8599,1
1910.95,0.183594,-0.6875,0.925781,5.37109,-0.488281,-18.6768,1
1910.96,0.304199,-0.562988,0.917969,2.99072,-0.183105,-19.6533,1
1910.97,0.314453,-0.755859,0.972656,1.2207,-0.671387,-19.4092,1
1910.98,0.21582,-0.695801,1.01855,1.15967,-1.52588,-18.9819,1
1910.99,0.225098,-0.514648,0.929199,-0.427246,-1.83105,-19.5923,1
1911,0.291016,-0.680176,0.911133,-1.70898,-1.77002,-19.7754,1
1911.01,0.33252,-0.757324,0.95459,-1.34277,-2.0752,-19.8975,1
1911.02,0.333008,-0.571289,1.02686,-1.0376,-1.83105,-19.8975,1
1911.03,0.285156,-0.719727,1.07031,-2.01416,-1.46484,-20.1416,1
1911.04,0.277832,-0.806152,0.980469,0.793457,-2.2583,-19.5923,1
1911.05,0.303711,-0.604004,0.947266,1.52588,-1.64795,-20.3857,1
1911.06,0.321289,-0.712891,1.00586,1.2207,-1.15967,-20.4468,1
1911.07,0.330078,-0.703125,1.01611,3.23486,-1.40381,-19.8975,1
1911.08,0.336914,-0.634277,0.996094,2.92969,-1.0376,-20.6299,1
1911.09,0.356934,-0.711914,0.934082,4.15039,-0.976562,-19.7144,1
1911.1,0.320801,-0.671387,0.999023,4.88281,-0.366211,-19.5923,1
1911.11,0.353027,-0.689941,1.00098,5.06592,-0.732422,-19.5312,1
1911.12,0.387207,-0.562988,0.96875,5.12695,-0.0610352,-19.5923,1
1911.13,0.401855,-0.738281,0.96875,4.27246,0.488281,-19.7754,1
1911.14,0.451172,-0.720215,0.99707,4.88281,0.427246,-19.5312,1
1911.15,0.429199,-0.471191,0.932617,2.38037,0.854492,-20.0195,1
1911.16,0.350098,-0.685547,1.05469,0.732422,0.610352,-19.8364,1
1911.17,0.334473,-0.59668,1.08154,2.50244,0.610352,-19.5312,1
1911.18,0.373047,-0.52002,0.844238,0.976562,0.976562,-20.4468,1
1911.19,0.422363,-0.869141,0.918945,1.58691,0.671387,-20.6299,1
1911.2,0.395996,-0.621582,1.09424,4.08936,0.549316,-20.9961,1
1911.21,0.404297,-0.467773,1.10889,1.52588,0.732422,-21.5454,1
1911.22,0.405273,-0.783203,1.02197,0.488281,0.366211,-21.4233,1
1911.23,0.402832,-0.723633,0.962891,1.83105,0.427246,-21.1182,1
1911.24,0.429199,-0.624023,0.9375,1.0376,0.732422,-21.9727,1
1911.25,0.416992,-0.754883,1.0332,1.09863,0.488281,-22.522,1
1911.26,0.397949,-0.626953,1.00244,1.09863,0.488281,-23.1323,1
1911.27,0.380371,-0.561523,0.969727,-0.549316,0.610352,-23.5596,1
1911.28,0.331055,-0.666016,1.00195,-1.09863,-0.244141,-23.6816,1
1911.28,0.324219,-0.595215,0.986328,0.183105,-0.549316,-23.9258,1
1911.29,0.376953,-0.668457,0.899414,0.12207,-0.366211,-24.7192,1
1911.3,0.492188,-0.796387,1.00439,1.09863,-0.915527,-24.7192,1
1911.31,0.375,-0.548828,1.05225,-0.366211,-0.732422,-25.1465,1
1911.32,0.236328,-0.923828,0.993652,-2.38037,-0.0610352,-24.9634,1
1911.33,0.262695,-0.763184,0.956055,1.83105,-0.366211,-24.4141,1
1911.34,0.426758,-0.421875,0.926758,-0.915527,-0.427246,-25.6958,1
1911.35,0.504883,-0.852051,0.96582,-2.13623,-1.0376,-25.4517,1
1911.36,0.370605,-0.908203,1.01025,0.549316,-0.549316,-24.5972,1
1911.37,0.250488,-0.476562,0.899902,0.366211,-0.183105,-24.6582,1
1911.38,0.222656,-0.793945,0.904785,-1.70898,-0.12207,-25.3906,1
1911.39,0.342285,-0.958008,1.01855,2.44141,-0.488281,-24.7803,1
1911.4,0.416504,-0.553223,1.07568,2.92969,0,-25.2075,1
1911.41,0.378418,-0.709473,1.00732,0,-0.12207,-25.6958,1
1911.42,0.315918,-1.04395,0.96875,0.549316,-0.671387,-24.5972,1
1911.43,0.26416,-0.699707,0.992676,1.89209,-0.0610352,-23.9868,1
1911.44,0.194824,-0.71875,1.03223,-1.64795,0.549316,-25.2075,1
1911.45,0.260742,-1.07275,1.05225,0.305176,0.488281,-23.9258,1
1911.46,0.291992,-0.619629,1.03223,1.83105,0.488281,-23.8647,1
1911.47,0.286621,-0.661133,1.03369,-3.05176,0.488281,-24.5361,1
1911.48,0.206543,-1.08838,0.959961,-1.58691,0.671387,-23.3765,1
1911.49,0.111328,-0.783691,0.998047,0.244141,1.64795,-23.0713,1
1911.5,0.135254,-0.743164,1.01709,-2.31934,1.40381,-24.1699,1
1911.51,0.168945,-0.881348,1.05029,-1.0376,1.46484,-23.3154,1
1911.52,0.17334,-0.703125,1.01953,-0.12207,2.01416,-23.0103,1
1911.53,0.0693359,-0.741699,0.997559,-0.915527,1.95312,-23.6206,1
1911.54,0.097168,-0.937012,0.910645,0.732422,1.95312,-22.8271,1
1911.55,0.0541992,-0.887695,0.948242,2.74658,2.56348,-22.644,1
1911.56,0.0615234,-0.79248,1.02148,2.19727,1.89209,-23.2544,1
1911.57,0.0727539,-0.849121,0.978516,1.52588,2.62451,-23.4985,1
1911.57,0.0546875,-0.794922,1.04248,2.19727,2.99072,-23.0103,1
1911.58,0.0288086,-0.71875,0.991211,0.976562,2.92969,-23.6816,1
1911.59,0.0361328,-0.909668,0.904785,0.427246,3.17383,-23.5596,1
1911.6,-0.00292969,-0.77002,0.953613,1.70898,3.05176,-23.0713,1
1911.61,-0.0209961,-0.683594,1.03271,0,3.60107,-23.7427,1
1911.62,-0.0288086,-0.841797,0.998047,-0.12207,2.92969,-23.7427,1
1911.63,-0.015625,-0.700195,0.955078,0.671387,2.92969,-23.8647,1
1911.64,-0.00830078,-0.812988,0.889648,0.183105,3.2959,-24.353,1
1911.65,-0.0234375,-0.88623,0.880859,1.09863,2.44141,-24.8413,1
1911.66,-0.0410156,-0.791992,0.979004,1.34277,3.2959,-24.9634,1
1911.67,-0.0942383,-0.763672,0.977051,1.09863,3.54004,-25.1465,1
1911.68,-0.0546875,-0.779297,0.978516,0.793457,2.44141,-25.6958,1
1911.69,-0.0415039,-0.807129,0.948242,1.40381,2.99072,-25.8789,1
1911.7,-0.0473633,-0.703613,0.845215,3.35693,2.2583,-25.4517,1
1911.71,-0.0917969,-0.812988,0.908691,1.58691,2.62451,-27.0996,1
1911.72,-0.0566406,-0.891113,0.956055,2.80762,2.38037,-26.2451,1
1911.73,-0.0976562,-0.756836,1.04639,1.83105,3.41797,-26.8555,1
1911.74,-0.0703125,-0.820801,0.973633,-0.0610352,1.89209,-27.4048,1
1911.75,-0.0703125,-0.791016,0.960449,0.366211,2.68555,-26.6724,1
1911.76,-0.106445,-0.73584,0.973145,-0.915527,2.62451,-27.71,1
1911.77,-0.0678711,-0.897461,0.953613,-1.95312,2.19727,-28.1372,1
1911.78,-0.074707,-0.903809,1.01367,-0.976562,3.35693,-27.1606,1
1911.79,-0.141113,-0.797363,1.10938,-2.31934,3.23486,-28.0151,1
1911.8,-0.0908203,-0.902344,1.05371,-3.17383,3.35693,-28.3203,1
1911.81,-0.126465,-0.831543,0.942383,-1.15967,3.54004,-27.2827,1
1911.82,-0.126953,-0.805176,1.01221,-1.52588,3.17383,-28.4424,1
1911.83,-0.0981445,-0.897461,0.979492,-0.915527,2.99072,-28.3203,1
1911.84,-0.117676,-0.924805,1.03857,0,3.96729,-28.3203,1
1911.85,-0.106934,-0.847168,1.03467,0.244141,3.479,-28.3813,1
1911.86,-0.097168,-0.87793,1.00293,-0.0610352,3.35693,-28.9307,1
1911.87,-0.179688,-0.898926,0.969238,2.19727,3.05176,-28.0762,1
1911.88,-0.146484,-0.823242,0.962402,2.31934,3.2959,-29.2358,1
1911.89,-0.147949,-0.866699,0.945801,3.54004,3.11279,-28.9307,1
1911.9,-0.125977,-0.823242,0.946289,3.479,2.31934,-29.541,1
1911.9,-0.108887,-0.842285,0.974609,3.479,1.83105,-29.8462,1
1911.91,-0.158203,-0.858398,0.904785,3.72314,2.0752,-29.8462,1
1911.92,-0.177246,-0.895508,0.951172,3.54004,1.40381,-30.2124,1
1911.93,-0.168945,-0.832031,0.995605,3.479,1.09863,-30.5176,1
1911.94,-0.143555,-0.803711,0.987793,2.86865,1.15967,-30.8228,1
1911.95,-0.182617,-0.944336,1.02637,2.13623,0.488281,-31.0059,1
1911.96,-0.144531,-0.854492,0.988281,2.38037,-0.12207,-30.9448,1
1911.97,-0.154785,-0.939941,0.991699,1.2207,1.28174,-31.0669,1
1911.98,-0.214844,-0.920898,1.07568,2.0752,0.549316,-30.7617,1
1911.99,-0.205566,-0.810547,1.03467,0.244141,0.610352,-31.8604,1
1912,-0.216309,-0.957031,0.993652,0.610352,1.09863,-30.8838,1
1912.01,-0.220703,-0.876465,1.00391,0.793457,0.427246,-31.0669,1
1912.02,-0.19043,-0.886719,1.04688,-0.671387,0.915527,-32.1655,1
1912.03,-0.158203,-0.931152,1.06055,0.854492,1.34277,-30.7617,1
1912.04,-0.22168,-0.836914,1.0498,0.366211,1.70898,-31.0669,1
1912.05,-0.222168,-0.908203,1.03125,-0.305176,0.915527,-31.4941,1
1912.06,-0.224121,-0.947754,0.94873,1.09863,1.58691,-30.5786,1
1912.07,-0.270508,-0.821289,0.992676,1.34277,1.70898,-31.25,1
1912.08,-0.233398,-0.856934,0.971191,0.12207,1.40381,-31.9824,1
1912.09,-0.151855,-0.956543,0.974121,1.40381,2.2583,-30.9448,1
1912.1,-0.187988,-0.86377,1.01074,1.83105,2.0752,-30.8228,1
1912.11,-0.189941,-0.896484,0.984375,0.793457,2.13623,-31.3721,1
1912.12,-0.199707,-0.852051,0.968262,2.74658,2.38037,-30.2734,1
1912.13,-0.21875,-0.662598,0.868652,1.83105,2.44141,-30.9448,1
1912.14,-0.204102,-0.849609,0.883301,0.732422,2.44141,-31.5552,1
1912.15,-0.195312,-0.867676,0.937012,2.68555,2.86865,-30.3955,1
1912.16,-0.141602,-0.768555,0.911133,2.0752,3.11279,-31.0059,1
1912.17,-0.194336,-0.941406,0.893066,2.74658,2.99072,-30.5786,1
1912.18,-0.192871,-0.80957,0.950684,4.21143,2.2583,-30.4565,1
1912.19,-0.206055,-0.787109,0.871094,3.41797,2.92969,-31.0669,1
1912.2,-0.167969,-0.779785,0.876953,3.72314,2.50244,-30.4565,1
1912.21,-0.208496,-0.80957,0.914062,2.44141,3.17383,-31.0059,1
1912.22,-0.179688,-0.815918,0.935059,2.56348,3.11279,-30.6396,1
1912.23,-0.194336,-0.884277,0.932617,2.38037,3.479,-30.7617,1
1912.24,-0.220703,-0.822754,0.899902,3.05176,2.80762,-30.5176,1
1912.24,-0.186523,-0.663086,0.868652,2.01416,2.50244,-31.189,1
1912.25,-0.152832,-0.85791,0.871094,0.610352,3.35693,-31.6772,1
1912.26,-0.137695,-0.847656,0.876465,1.46484,2.44141,-30.6396,1
1912.27,-0.190918,-0.796387,0.887207,0,2.74658,-31.6772,1
1912.28,-0.202637,-1.00391,0.95166,-0.12207,2.50244,-31.4331,1
1912.29,-0.192871,-0.724121,0.907227,1.09863,2.92969,-31.25,1
1912.3,-0.154297,-0.670898,0.932617,-2.2583,2.80762,-32.6538,1
1912.31,-0.119629,-0.902832,0.937012,-2.56348,2.0752,-31.8604,1
1912.32,-0.131836,-0.82373,0.868652,-1.52588,2.13623,-30.8228,1
1912.33,-0.15332,-0.880371,0.895996,-2.86865,2.38037,-31.7383,1
1912.34,-0.175781,-0.851074,0.932129,-1.70898,1.83105,-31.5552,1
1912.35,-0.13916,-0.953125,0.916016,-2.0752,2.31934,-31.3721,1
1912.36,-0.123535,-0.805176,0.996094,-0.732422,0.976562,-31.25,1
1912.37,-0.135742,-0.912598,0.988281,-4.88281,1.52588,-32.7148,1
1912.38,-0.0629883,-1.0332,0.935059,-1.2207,1.46484,-30.4565,1
1912.39,-0.122559,-0.552246,0.943359,-1.95312,2.19727,-30.8228,1
1912.4,-0.0664062,-0.827637,0.90918,-3.60107,1.09863,-31.4941,1
1912.41,-0.0883789,-1.10303,0.830078,0.427246,1.64795,-29.48,1
1912.42,-0.117188,-0.757324,0.893555,1.83105,1.34277,-30.5176,1
1912.43,-0.0917969,-0.906738,0.953613,-2.19727,1.15967,-31.9824,1
1912.43,-0.0581055,-1.26562,0.966797,2.31934,1.58691,-30.0293,1
1912.44,-0.101074,-0.606934,0.898926,2.99072,1.0376,-30.5176,1
1912.45,-0.0810547,-0.833008,0.87793,-1.46484,0.732422,-31.3721,1
1912.46,-0.0683594,-1.06396,0.919434,3.11279,0.976562,-29.3579,1
1912.47,-0.0952148,-0.63623,0.924316,3.05176,1.2207,-29.9683,1
1912.48,-0.065918,-0.858887,0.985352,0.549316,0.610352,-30.0903,1
1912.49,-0.0727539,-1.17188,0.988281,2.19727,0.976562,-29.7852,1
1912.5,-0.0415039,-0.790039,0.884766,3.90625,0.732422,-29.1748,1
1912.51,-0.0776367,-0.919922,0.864746,-0.0610352,0.793457,-30.3345,1
1912.52,-0.078125,-1.08252,0.926758,2.92969,0.244141,-28.8696,1
1912.53,-0.103027,-0.694336,0.945801,2.56348,1.28174,-29.2969,1
1912.54,-0.0766602,-0.902832,1.00049,0.854492,1.09863,-29.4189,1
1912.55,-0.0625,-0.966309,0.950684,1.70898,0.671387,-28.5645,1
1912.56,-0.0810547,-0.766602,0.967773,1.95312,0.610352,-28.6255,1
1912.57,-0.109375,-0.995117,0.969727,0,1.09863,-29.3579,1
1912.58,-0.0200195,-0.972656,0.881348,3.17383,0.610352,-28.0762,1
1912.59,-0.0703125,-0.792969,0.896973,3.05176,0.671387,-28.3813,1
1912.6,-0.0620117,-1.02393,0.976562,0.549316,-0.244141,-29.1748,1
1912.61,-0.059082,-0.992676,0.956543,4.39453,0,-27.5879,1
1912.62,-0.0400391,-0.754395,0.998047,2.31934,0.976562,-28.6255,1
1912.63,-0.00341797,-1.06592,0.947266,2.01416,-0.793457,-28.1982,1
1912.64,-0.00439453,-0.804688,0.914551,3.78418,0.366211,-27.832,1
1912.65,0.0229492,-0.865234,0.939941,0.793457,0.183105,-28.5034,1
1912.66,0.00292969,-1.04297,0.961426,2.19727,-0.244141,-27.1606,1
1912.67,0.0244141,-0.757812,0.999512,1.28174,-0.549316,-27.6489,1
1912.68,-0.0273438,-1.03955,1.04395,-0.671387,-0.12207,-27.5269,1
1912.69,0.0229492,-0.929199,0.972168,1.40381,-1.34277,-27.0386,1
1912.7,-0.0273438,-0.810059,0.945312,-0.427246,-0.671387,-27.2217,1
1912.71,-4.882812e-04,-1.1167,1.00537,-0.244141,-1.40381,-26.8555,1
1912.72,0.0400391,-0.87207,1.04443,0.610352,-0.793457,-26.123,1
1912.73,0.0166016,-0.935547,1.0127,-1.40381,-0.610352,-26.001,1
1912.74,0.0405273,-0.972656,1.04248,-0.0610352,-1.0376,-24.9023,1
1912.75,0.0649414,-0.92334,0.972656,-0.305176,0.0610352,-25.2686,1
1912.76,0.078125,-0.976562,0.995605,1.46484,-0.854492,-24.0479,1
1912.77,0.0444336,-0.869629,0.981934,0,-0.915527,-25.3296,1
1912.78,0.0820312,-1.06348,0.936035,1.28174,-0.854492,-23.9868,1
1912.79,0.0537109,-0.879883,0.976074,3.11279,-0.12207,-23.7427,1
1912.79,0.0859375,-0.928223,1.021,1.28174,-1.2207,-24.0479,1
1912.8,0.132812,-1.01221,1.04541,3.35693,-1.15967,-22.3999,1
1912.81,0.0932617,-0.768555,1.03906,2.56348,-0.976562,-22.8271,1
1912.82,0.109375,-0.955078,0.972656,1.70898,-0.976562,-22.4609,1
1912.83,0.107422,-0.85498,0.982422,3.2959,-1.34277,-21.9727,1
1912.84,0.171875,-0.911133,0.962891,2.86865,-0.976562,-21.8506,1
1912.85,0.217285,-0.922363,0.97168,4.5166,-1.52588,-21.2402,1
1912.86,0.171875,-0.866211,0.997559,3.479,-0.976562,-21.4844,1
1912.87,0.123535,-1.00635,0.95166,4.76074,-0.793457,-20.2637,1
1912.88,0.123047,-0.831543,0.94873,4.88281,-0.854492,-20.2637,1
1912.89,0.197754,-0.827637,0.994141,3.11279,-0.732422,-20.752,1
1912.9,0.189941,-0.878906,1.01758,2.99072,-1.09863,-19.7754,1
1912.91,0.169434,-0.810547,1.01221,3.2959,-0.915527,-19.3481,1
1912.92,0.165039,-0.728516,0.962402,2.80762,-0.671387,-19.4092,1
1912.93,0.192383,-0.850586,0.932617,1.95312,-0.244141,-19.2871,1
1912.94,0.20166,-0.916992,0.92041,3.11279,-0.183105,-18.4937,1
1912.95,0.160156,-0.733398,1.04248,2.0752,-0.610352,-19.3481,1
1912.96,0.15625,-0.890625,1.03174,1.28174,0.183105,-18.9209,1
1912.97,0.178711,-0.731445,1.01611,2.19727,0.12207,-18.7378,1
1912.98,0.231445,-0.713379,0.98877,-0.244141,0.0610352,-19.7144,1
1912.99,0.217773,-0.911621,0.916992,0.854492,0,-18.5547,1
1913,0.180664,-0.777344,0.976074,2.13623,0.366211,-18.7988,1
1913.01,0.15625,-0.720703,1.06104,0.915527,0.732422,-19.8975,1
1913.02,0.164062,-0.881836,1.05469,1.09863,0.915527,-19.7144,1
1913.03,0.157715,-0.738281,0.993652,2.92969,0.305176,-19.104,1
1913.04,0.210449,-0.677246,0.96582,1.34277,-0.0610352,-20.3247,1
1913.05,0.218262,-0.869629,0.935059,2.2583,0.488281,-20.2026,1
1913.06,0.216309,-0.796875,0.94873,3.54004,0.671387,-20.4468,1
1913.07,0.177246,-0.725098,1.06738,2.2583,0.244141,-21.4844,1
1913.08,0.12207,-0.788574,1.04834,1.70898,0.0610352,-21.4844,1
1913.09,0.133789,-0.722656,0.984863,2.38037,0.183105,-21.2402,1
1913.1,0.168457,-0.694336,0.970703,1.34277,0.610352,-22.644,1
1913.11,0.217773,-0.71582,0.921875,1.77002,0,-22.583,1
1913.11,0.222656,-0.706055,0.936035,1.2207,0.0610352,-23.3154,1
1913.12,0.171387,-0.810547,0.991211,1.58691,-0.427246,-23.0713,1
1913.13,0.0932617,-0.773926,1.09961,1.34277,-0.305176,-23.5596,1
1913.14,0.10791,-0.676758,1.08203,0.305176,-0.244141,-24.1089,1
1913.15,0.139648,-0.72168,0.95166,0.305176,0,-23.9868,1
1913.16,0.179688,-0.767578,0.921875,0.12207,-0.305176,-24.6582,1
1913.17,0.208496,-0.70459,0.971191,0.12207,-0.305176,-24.7803,1
1913.18,0.217285,-0.702637,1.01562,-0.12207,0.610352,-24.9634,1
1913.19,0.164062,-0.645996,1.00195,-0.12207,0.366211,-24.7192,1
1913.2,0.120605,-0.757812,0.950684,-0.976562,0.671387,-25.3906,1
1913.21,0.150391,-0.856934,0.888672,1.40381,1.0376,-24.1089,1
1913.22,0.145508,-0.656738,0.915039,1.64795,1.64795,-24.9023,1
1913.23,0.209473,-0.747559,0.926758,0.183105,1.83105,-25.7568,1
1913.24,0.208008,-0.739746,1.01025,1.83105,2.13623,-24.5972,1
1913.25,0.14502,-0.562988,1.00732,0.488281,2.19727,-25.0854,1
1913.26,0.151367,-0.802734,0.913086,-0.12207,2.19727,-24.8413,1
1913.27,0.139648,-0.846191,0.92334,2.19727,2.62451,-23.9258,1
1913.28,0.129883,-0.645996,1.02637,0.488281,2.56348,-25.2686,1
1913.29,0.164551,-0.844238,1.04541,-0.610352,2.80762,-24.9634,1
1913.3,0.14209,-0.743652,1.00391,-0.12207,2.2583,-24.5361,1
1913.31,0.134766,-0.701172,1.04346,-2.19727,2.62451,-25.3906,1
1913.32,0.108887,-0.822754,0.958008,-1.40381,2.86865,-24.8413,1
1913.33,0.109375,-0.709961,0.924805,-0.0610352,3.11279,-24.7192,1
1913.34,0.120605,-0.724609,0.900879,-1.2207,2.86865,-25.6348,1
1913.35,0.129395,-0.845215,1.021,-1.09863,2.13623,-25.5737,1
1913.36,0.0776367,-0.69043,0.997559,-0.610352,2.56348,-25.1465,1
1913.37,0.00585938,-0.633301,0.92041,-1.52588,2.68555,-25.9399,1
1913.38,0.0185547,-0.870117,0.821777,-0.244141,2.62451,-25.7568,1
1913.39,0.0551758,-0.723145,0.864258,2.74658,1.70898,-25.9399,1
1913.4,0.0952148,-0.663086,0.897949,2.44141,1.52588,-26.7334,1
1913.4,0.0668945,-0.817871,0.898438,3.66211,1.0376,-26.001,1
1913.41,0.00488281,-0.741211,0.880859,4.27246,0.793457,-26.1841,1
1913.42,0.034668,-0.788086,0.885254,3.72314,1.58691,-26.5503,1
1913.43,0.0229492,-0.686523,0.878906,3.96729,1.34277,-26.123,1
1913.44,0.0527344,-0.710938,0.934082,1.83105,1.15967,-26.7334,1
1913.45,0.0576172,-0.827148,1.02393,2.38037,1.0376,-25.6958,1
1913.46,0.0288086,-0.671875,0.986328,1.15967,1.64795,-25.7568,1
1913.47,0.0136719,-0.79834,0.959473,-0.610352,2.0752,-25.6958,1
1913.48,-0.00878906,-0.759766,0.990723,-0.0610352,2.01416,-25.0854,1
1913.49,-0.0175781,-0.640625,1.00488,-0.915527,2.62451,-25.3296,1
1913.5,-0.050293,-0.766113,0.99707,-1.58691,2.68555,-25.3906,1
1913.51,-0.0302734,-0.793457,0.99707,-0.671387,2.50244,-24.4751,1
1913.52,-0.0297852,-0.657715,0.988281,-1.28174,2.99072,-24.4751,1
1913.53,-0.0302734,-0.811523,1.02539,-1.70898,3.11279,-24.5361,1
1913.54,-0.0546875,-0.748047,1.04932,0.183105,2.86865,-23.4375,1
1913.55,-0.0336914,-0.640625,0.992188,0.305176,3.11279,-23.6816,1
1913.56,-0.0683594,-0.783203,0.983398,1.58691,3.23486,-23.2544,1
1913.57,-0.0805664,-0.677734,0.932129,3.479,2.99072,-22.8882,1
1913.58,-0.102051,-0.685059,0.900879,3.78418,3.2959,-23.0103,1
1913.59,-0.0952148,-0.681641,0.930664,4.94385,2.50244,-22.522,1
1913.6,-0.0439453,-0.666504,0.934082,5.31006,2.38037,-22.4609,1
1913.61,-0.0527344,-0.61377,0.931152,6.22559,2.31934,-21.6064,1
1913.62,-0.0673828,-0.583496,0.947266,6.04248,1.89209,-21.7896,1
1913.63,-0.102539,-0.566895,0.952148,6.83594,1.64795,-21.2402,1
1913.64,-0.129883,-0.577637,0.911621,6.83594,1.15967,-20.752,1
1913.65,-0.0859375,-0.677734,0.949707,7.26318,0.244141,-20.1416,1
1913.66,-0.0859375,-0.551758,1.01221,7.87354,0.12207,-19.104,1
1913.67,-0.059082,-0.458496,0.992188,6.5918,0,-19.104,1
1913.68,-0.0605469,-0.527832,0.939941,6.40869,-0.0610352,-18.3105,1
1913.68,-0.10498,-0.428223,0.950195,7.01904,-0.488281,-17.0288,1
1913.69,-0.0795898,-0.399902,0.972168,5.98145,-0.854492,-16.7236,1
1913.7,-0.0639648,-0.527344,1.04346,7.20215,-0.976562,-15.1367,1
1913.71,-0.0654297,-0.425293,1.02637,8.91113,-1.15967,-13.4888,1
1913.72,-0.065918,-0.342285,1.01318,8.78906,-1.28174,-12.5732,1
1913.73,-0.0830078,-0.383789,1.05859,9.76562,-1.09863,-11.0474,1
1913.74,-0.0834961,-0.29834,1.07812,11.1694,-1.28174,-9.33838,1
1913.75,-0.0913086,-0.279297,1.0376,11.8408,-1.40381,-7.93457,1
1913.76,-0.0644531,-0.245117,0.995605,13.1226,-1.58691,-5.61523,1
1913.77,-0.0561523,-0.161621,0.977539,13.916,-1.0376,-3.66211,1
1913.78,-0.0766602,-0.111328,1.01416,14.0381,-1.15967,-1.95312,1
1913.79,-0.0966797,-0.117676,1.04932,15.1367,-0.915527,0.12207,1
1913.8,-0.111816,-0.0141602,1.02197,16.8457,-0.732422,2.2583,1
1913.81,-0.0844727,0.0625,0.967773,17.1509,-0.488281,4.02832,1
1913.82,-0.0366211,0.11084,0.88916,17.2729,-0.366211,6.04248,1
1913.83,-0.0185547,0.176758,0.942383,16.7847,-0.183105,8.11768,1
1913.84,-0.050293,0.23584,1.01709,16.6016,-0.0610352,10.1929,1
1913.85,-0.0800781,0.278809,0.990723,16.2964,0.366211,11.9019,1
1913.86,-0.0854492,0.276855,0.910156,16.3574,0.488281,13.6108,1
1913.87,-0.0771484,0.399902,0.833008,15.8081,0.427246,14.8926,1
1913.88,-0.050293,0.511719,0.858887,14.2212,0.793457,16.2964,1
1913.89,-0.0327148,0.574219,0.970703,13.0615,1.15967,17.7612,1
1913.9,-0.0576172,0.597656,1.02881,12.3291,1.83105,19.043,1
1913.91,-0.111816,0.435059,0.996094,12.085,2.01416,20.1416,1
1913.92,-0.111816,0.563965,0.932129,13.1226,1.64795,21.4844,1
1913.93,-0.0927734,0.762695,0.950684,11.4746,2.38037,22.0947,1
1913.94,-0.0473633,0.712402,0.930664,10.5591,2.44141,23.0103,1
1913.95,-0.074707,0.777832,1.04346,10.5591,2.44141,24.4141,1
1913.96,-0.0874023,0.68457,1.04883,9.33838,2.44141,24.8413,1
1913.97,-0.154785,0.583008,1.04688,10.9253,2.50244,26.3672,1
1913.98,-0.135742,0.812988,0.979492,11.2305,3.23486,26.9165,1
1913.99,-0.0834961,0.90625,0.907227,8.42285,3.66211,27.1606,1
1914,-0.126465,0.741211,1.03564,6.89697,2.92969,27.8931,1
1914.01,-0.0922852,0.911621,1.03613,6.5918,2.56348,28.8696,1
1914.02,-0.140137,0.796387,1.01611,5.06592,3.60107,29.3579,1
1914.03,-0.0942383,0.908691,0.959473,5.92041,3.60107,30.5176,1
1914.04,-0.113281,1.03076,1.0249,3.41797,3.17383,30.6396,1
1914.04,-0.141113,0.773926,1.05029,2.86865,2.19727,31.6162,1
1914.05,-0.104492,0.871094,1.0459,3.54004,2.13623,32.7148,1
1914.06,-0.12793,1.00342,1.05859,1.52588,2.19727,32.2266,1
1914.07,-0.0893555,0.832031,1.09668,1.28174,2.13623,32.959,1
1914.08,-0.0947266,1.1626,1.05322,2.99072,2.31934,34.0576,1
1914.09,-0.118164,1.07324,1.04346,0.854492,2.19727,33.8135,1
1914.1,-0.114258,0.88623,1.10889,2.31934,1.46484,34.9121,1
1914.11,-0.0878906,0.867188,1.17676,3.41797,1.95312,34.3628,1
1914.12,-0.0576172,1.19482,1.0957,4.45557,1.95312,35.1562,1
1914.13,-0.0732422,0.944824,1.12061,1.58691,2.38037,34.4849,1
1914.14,-0.113281,0.86377,1.08643,3.90625,1.52588,35.4614,1
1914.15,-0.105957,1.24951,1.05127,2.62451,2.56348,35.2783,1
1914.16,-0.046875,0.805176,1.00781,-0.0610352,2.44141,35.4004,1
1914.17,-0.0249023,0.778809,0.911621,2.62451,1.40381,36.8042,1
1914.18,0.0205078,1.15918,0.883789,-0.488281,0.793457,36.0718,1
1914.19,0.0273438,0.928711,0.886719,-4.27246,0.549316,36.1938,1
1914.2,0.0429688,0.735352,0.922852,-4.63867,0.305176,37.3535,1
1914.21,-0.0224609,0.993164,0.907227,-5.5542,-0.305176,37.2925,1
1914.22,0.0742188,1.02734,0.85791,-9.09424,-0.488281,36.6821,1
1914.23,0.0322266,0.609863,0.821777,-9.27734,-0.549316,37.4756,1
1914.24,-0.00878906,0.890625,0.84082,-8.05664,-1.46484,37.5977,1
1914.25,0.117676,0.982422,0.851562,-11.9629,-1.58691,37.1094,1
1914.26,0.125977,0.569824,0.751953,-10.2539,-1.46484,37.5366,1
1914.26,0.146973,0.97168,0.775391,-5.98145,-1.58691,36.9263,1
1914.27,0.140625,0.973145,0.831543,-6.34766,-1.09863,35.7056,1
1914.28,0.0732422,0.722656,0.998535,-2.31934,-0.549316,35.4614,1
1914.29,0.108887,0.90332,0.919434,0,-0.244141,34.4849,1
1914.3,0.139648,0.895508,0.870605,0.915527,0.244141,34.79,1
1914.31,0.216309,0.817871,0.876953,2.68555,0.671387,33.8745,1
1914.32,0.269043,0.878906,0.952148,6.16455,0.915527,33.8745,1
1914.33,0.22168,0.945801,1.10938,8.11768,1.89209,32.2876,1
1914.34,0.123535,0.866699,1.05811,9.39941,2.19727,31.7383,1
1914.35,0.150879,1.04297,0.989258,10.2539,2.86865,31.1279,1
1914.36,0.17041,1.07031,0.967773,8.54492,3.2959,31.1279,1
1914.37,0.189941,0.930664,1.05273,8.30078,3.17383,31.311,1
1914.38,0.118164,0.939941,1.12256,7.93457,3.11279,31.4331,1
1914.39,0.128418,0.893555,0.986816,6.10352,3.479,30.6396,1
1914.4,0.0722656,0.990723,0.937012,5.06592,3.66211,31.1279,1
1914.41,0.0498047,1.12109,0.922852,2.2583,3.23486,30.5176,1
1914.42,0.015625,0.96582,1.06592,0.244141,3.05176,31.0059,1
1914.43,-0.00585938,1.07666,1.06934,0.305176,2.56348,31.7993,1
1914.44,0.0112305,0.995117,1.04346,-2.62451,2.68555,31.189,1
1914.45,0.0678711,0.895508,0.935547,-2.68555,1.89209,32.1655,1
1914.46,0.0263672,1.12891,0.939453,-4.15039,1.89209,31.8604,1
1914.47,-0.0356445,0.967773,0.925293,-6.89697,1.0376,31.8604,1
1914.48,-0.0668945,0.891113,1.01221,-5.24902,0.854492,33.0811,1
1914.49,0.0610352,0.998047,0.907715,-6.40869,0.0610352,32.5928,1
1914.5,0.0561523,0.700684,0.905273,-5.37109,-0.305176,33.2642,1
1914.51,0.14502,1.0166,0.914062,-3.66211,-1.2207,33.0811,1
1914.52,0.123047,0.933105,0.924805,-5.85938,-0.915527,33.1421,1
1914.53,0.176758,0.763184,0.901367,-3.78418,-1.46484,33.9355,1
1914.54,0.223633,0.969238,0.962402,-2.56348,-1.95312,34.3018,1
1914.55,0.265137,0.869141,0.990723,-3.41797,-2.31934,33.9355,1
1914.56,0.315918,0.649414,0.985352,-1.83105,-2.68555,34.5459,1
1914.57,0.254883,1.02441,0.962402,0,-2.68555,34.729,1
1914.57,0.304199,0.969727,0.943359,-3.90625,-2.56348,33.5693,1
1914.58,0.333008,0.71582,1,-1.40381,-1.83105,34.79,1
1914.59,0.372559,1.00439,1.05615,-0.0610352,-1.34277,34.1797,1
1914.6,0.372559,0.955078,1.09082,-0.427246,-0.976562,33.4473,1
1914.61,0.299805,0.817871,0.994141,1.40381,-0.793457,33.3252,1
1914.62,0.321777,0.896973,0.990723,1.64795,-0.12207,32.7148,1
1914.63,0.305176,0.905762,0.960449,1.2207,0.549316,32.5317,1
1914.64,0.354492,0.779785,0.976074,-0.0610352,1.64795,32.2266,1
1914.65,0.336914,0.825684,0.902832,1.2207,1.70898,31.9824,1
1914.66,0.280273,0.909668,0.945801,1.15967,2.31934,31.7383,1
1914.67,0.24707,0.884766,1.0127,0.976562,2.44141,31.0059,1
1914.68,0.284668,0.779297,0.902832,1.09863,2.19727,31.0669,1
1914.69,0.362305,0.98291,0.919922,1.15967,2.68555,31.189,1
1914.7,0.299805,0.818359,0.88916,-0.732422,3.2959,30.7007,1
1914.71,0.26709,0.760742,0.921875,0.854492,2.86865,31.189,1
1914.72,0.229004,0.96582,0.986328,0.244141,3.17383,30.5786,1
1914.73,0.23877,0.887207,0.90918,-0.366211,2.80762,31.0059,1
1914.74,0.205566,0.85498,0.902344,-1.28174,3.17383,30.5786,1
1914.75,0.257324,0.814941,0.90625,-0.854492,3.11279,30.9448,1
1914.76,0.270996,0.916992,0.898438,-0.366211,3.23486,31.189,1
1914.77,0.239746,0.862305,0.940918,-1.46484,3.23486,31.0059,1
1914.78,0.290527,1.03271,0.92334,-0.610352,2.19727,31.5552,1
1914.79,0.178711,0.775391,1.02637,-2.50244,3.17383,31.25,1
1914.8,0.368164,0.841797,0.893555,-0.915527,1.64795,31.6772,1
1914.81,0.263184,0.953613,0.869629,-2.31934,1.34277,32.4707,1
1914.82,0.296875,0.708496,0.911133,-2.44141,1.40381,32.2876,1
1914.83,0.300781,0.842285,0.878418,-0.549316,0.793457,33.3862,1
1914.84,0.267578,1.0293,0.984375,-2.0752,0.732422,32.8979,1
1914.85,0.341309,0.793945,1.01416,-2.44141,0,32.8979,1
1914.86,0.323242,0.857422,1.00928,-0.488281,0,33.2031,1
1914.87,0.333008,0.955078,0.977051,-1.89209,-0.366211,33.3862,1
1914.88,0.352539,0.794922,0.925781,-2.2583,-0.183105,33.5083,1
1914.89,0.402832,0.866699,0.959961,-1.46484,-0.732422,33.9355,1
1914.9,0.336914,0.831543,1.0625,-1.83105,-0.671387,33.6914,1
1914.91,0.391602,0.835449,0.996094,-1.70898,-1.2207,33.2642,1
1914.92,0.375977,0.859863,0.902832,-2.56348,-0.549316,33.1421,1
1914.93,0.460938,0.855957,0.912598,-3.54004,-0.183105,32.7148,1
1914.93,0.50293,0.849609,0.982422,-4.15039,-0.549316,32.5317,1
1914.94,0.417969,0.618164,1.08105,-3.90625,-0.305176,32.2266,1
1914.95,0.432617,0.837402,0.977051,-1.89209,-1.09863,31.5552,1
1914.96,0.403809,0.765625,0.931152,-5.49316,-0.12207,30.3345,1
1914.97,0.45459,0.557129,0.823242,-5.49316,-0.183105,29.541,1
1914.98,0.549805,0.798828,0.869141,-6.22559,0.610352,28.7476,1
1914.99,0.500488,0.615234,0.966797,-8.72803,0.915527,27.1606,1
1915,0.484375,0.503906,0.958984,-7.26318,0.854492,26.062,1
1915.01,0.408691,0.713867,0.975586,-7.69043,1.40381,24.4141,1
1915.02,0.498535,0.600586,0.944336,-9.64355,1.46484,22.8882,1
1915.03,0.569824,0.380859,0.866211,-10.2539,1.64795,21.4844,1
1915.04,0.52832,0.528809,0.908691,-10.2539,1.40381,20.1416,1
1915.05,0.616211,0.508789,0.91748,-11.4136,1.46484,18.0054,1
1915.06,0.574219,0.360352,0.950195,-10.8643,1.34277,16.1743,1
1915.07,0.592285,0.402832,0.957031,-11.2305,0.610352,14.5264,1
1915.08,0.670898,0.368164,0.940918,-12.3901,-0.183105,12.8174,1
1915.09,0.750488,0.364258,0.921875,-10.6201,-0.915527,10.9253,1
1915.1,0.66748,0.450195,0.936523,-9.21631,-1.15967,8.42285,0
1915.11,0.629395,0.476562,0.978027,-6.83594,-1.83105,6.10352,0
1915.12,0.619141,0.474609,1.09961,-4.39453,-2.68555,3.90625,0
1915.13,0.584961,0.401367,0.893555,-2.50244,-3.96729,2.44141,0
1915.14,0.640137,0.350098,0.860352,-0.732422,-4.45557,0.427246,0
1915.15,0.763672,0.323242,1.04004,1.52588,-4.57764,-1.40381,0
1915.16,0.725586,0.490234,1.01758,3.66211,-4.69971,-3.41797,0
1915.17,0.537109,0.51416,0.950195,3.17383,-4.08936,-6.28662,0
1915.18,0.435059,0.369141,0.925781,4.69971,-4.02832,-8.42285,0
1915.19,0.452148,0.534668,1.04053,5.79834,-3.72314,-10.1929,0
1915.2,0.466309,0.499023,1.04834,3.84521,-2.86865,-11.9019,0
1915.21,0.496094,0.287598,1.05029,2.74658,-2.13623,-13.1836,0
1915.22,0.439453,0.34668,0.993164,2.44141,-0.915527,-14.2212,0
1915.23,0.360352,0.295898,0.979004,-0.488281,-0.0610352,-15.686,0
1915.24,0.345215,0.134766,1.05322,-1.52588,0.671387,-16.1743,0
1915.25,0.331543,0.341309,1.02783,-4.21143,1.77002,-16.7847,0
1915.26,0.401367,0.167969,1.07324,-10.437,3.23486,-17.7612,0
1915.27,0.447266,-0.124512,1.02148,-12.3901,4.02832,-17.6392,0
1915.28,0.430664,-0.0561523,1.04688,-13.4277,4.76074,-17.2729,0
1915.29,0.420898,-0.0253906,0.920898,-16.3574,4.3335,-17.7002,0
1915.29,0.462402,-0.276367,0.897461,-17.334,4.3335,-17.4561,0
1915.3,0.525391,-0.136719,0.972168,-17.7002,4.3335,-17.0288,0
1915.31,0.555664,-0.0893555,0.955078,-21.6675,3.479,-17.334,0
1915.32,0.491211,-0.54834,0.833496,-21.8506,2.56348,-16.7236,0
1915.33,0.487793,-0.297363,0.87207,-18.9209,1.64795,-16.4795,0
1915.34,0.449707,-0.129395,0.946777,-21.1792,0.488281,-16.8457,0
1915.35,0.503906,-0.566895,0.971191,-21.0571,-0.793457,-16.6626,0
1915.36,0.521973,-0.506348,0.94043,-17.1509,-1.89209,-16.2354,0
1915.37,0.480957,-0.265625,0.945801,-16.8457,-2.50244,-16.4185,0
1915.38,0.418457,-0.592773,0.930176,-16.7847,-3.54004,-16.4795,0
1915.39,0.428711,-0.702637,0.984375,-12.7563,-3.96729,-15.7471,0
1915.4,0.365723,-0.44043,1.08301,-11.8408,-3.479,-15.9912,0
1915.41,0.406738,-0.691406,1.03809,-12.085,-3.78418,-16.1743,0
1915.42,0.514648,-0.810547,1.03857,-8.17871,-4.02832,-15.3198,0
1915.43,0.490234,-0.452148,1.12012,-6.5918,-3.23486,-15.4419,0
1915.44,0.439453,-0.575684,1.10645,-9.15527,-2.92969,-15.8081,0
1915.45,0.407227,-0.996582,1.14209,-5.7373,-1.95312,-14.2822,0
1915.46,0.39502,-0.475098,1.15479,-2.62451,-1.28174,-13.4277,0
1915.47,0.496582,-0.480469,1.146,-6.40869,-0.915527,-14.0381,0
1915.48,0.523926,-0.98291,1.27637,-4.15039,-0.549316,-13.0005,0
1915.49,0.480469,-0.554688,1.22656,-0.976562,0.183105,-12.3291,0
1915.5,0.486328,-0.449707,1.17188,-4.39453,0.366211,-12.5732,0
1915.51,0.532227,-0.935059,1.1626,-2.68555,0.793457,-11.5967,0
1915.52,0.558105,-0.555176,1.20605,1.34277,1.83105,-10.9863,0
1915.53,0.530762,-0.327148,1.19824,-1.46484,1.95312,-11.2915,0
1915.54,0.517578,-0.835449,1.12158,-0.488281,1.64795,-10.7422,0
1915.55,0.520508,-0.546875,1.0625,4.27246,1.95312,-10.2539,0
1915.56,0.525391,-0.296387,1.04932,2.2583,1.83105,-10.8643,0
1915.57,0.419922,-0.685547,1.0874,3.11279,1.58691,-10.498,0
1915.58,0.310059,-0.432617,1.07666,7.14111,1.70898,-9.82666,0
1915.59,0.293457,-0.136719,0.994629,5.7373,1.83105,-10.2539,0
1915.6,0.243164,-0.556152,0.943848,5.49316,0.854492,-9.0332,0
1915.61,0.185547,-0.410156,0.966797,9.70459,0.366211,-8.05664,0
1915.61,0.0913086,-0.0751953,0.94043,8.30078,0.427246,-8.48389,0
1915.62,0.00634766,-0.366699,0.908691,8.23975,1.70898,-7.62939,0
1915.63,-0.0454102,-0.309082,0.821777,10.2539,1.15967,-6.65283,0
1915.64,-0.0507812,-0.0742188,0.835938,10.0098,1.34277,-5.79834,0
1915.65,-0.0454102,-0.188965,0.918945,8.8501,1.46484,-5.31006,0
1915.66,-0.0791016,-0.177734,0.88623,9.33838,2.31934,-4.5166,0
1915.67,-0.125488,0.00830078,0.773926,8.8501,3.41797,-4.27246,0
1915.68,-0.275391,-0.113281,0.828613,7.32422,4.08936,-3.90625,0
1915.69,-0.36377,-0.0756836,0.908691,7.8125,3.54004,-2.31934,0
1915.7,-0.41748,0.0302734,0.958984,6.28662,4.3335,-2.56348,0
1915.71,-0.439941,-0.0332031,0.970215,6.16455,5.49316,-2.44141,0
1915.72,-0.383301,0.0727539,0.915039,6.22559,6.22559,-1.58691,0
1915.73,-0.398438,-0.00976562,0.969727,4.57764,6.16455,-1.83105,0
1915.74,-0.37207,-0.108398,0.930664,5.18799,5.67627,-0.183105,0
1915.75,-0.357422,0.107422,0.924805,3.72314,6.16455,-0.244141,0
1915.76,-0.495605,-0.0375977,1.00244,0.854492,6.34766,-1.34277,0
1915.77,-0.46582,-0.297363,0.927734,1.64795,6.7749,-1.09863,0
1915.78,-0.427734,-0.0385742,0.878906,3.90625,6.83594,-0.427246,0
1915.79,-0.446777,0.227539,0.934082,0.12207,6.40869,-1.52588,0
1915.8,-0.55957,-0.0957031,0.93457,-2.31934,5.49316,-1.89209,0
1915.81,-0.520996,-0.111816,0.96875,0,4.82178,-0.671387,0
1915.82,-0.423828,0.0214844,1.02588,-0.793457,5.06592,-1.77002,0
1915.83,-0.36084,-0.117676,1.0249,-1.15967,3.60107,-1.89209,0
1915.83,-0.430664,-0.0566406,1.03418,-0.976562,2.86865,-1.77002,0
1915.84,-0.500488,0.0219727,1.05957,-2.13623,3.05176,-2.44141,0
1915.85,-0.366699,-0.220215,1.01367,-2.74658,2.80762,-2.68555,0
1915.86,-0.312012,-0.15332,1.02344,-0.854492,1.70898,-2.2583,0
1915.87,-0.385742,-0.0795898,1.08301,-1.77002,2.0752,-3.41797,0
1915.88,-0.473145,-0.166992,0.998047,-0.244141,2.13623,-2.74658,0
1915.89,-0.494629,-0.0737305,1.04004,0.549316,2.31934,-2.99072,0
1915.9,-0.462402,-0.150391,1.03662,0.793457,1.89209,-3.479,0
1915.91,-0.41748,-0.152344,1.10938,1.46484,1.58691,-3.35693,0
1915.92,-0.456543,-0.180176,1.13574,2.13623,1.64795,-3.23486,0
1915.93,-0.422363,-0.0986328,1.06738,3.05176,1.52588,-2.62451,0
1915.94,-0.47168,-0.09375,1.01514,2.0752,1.58691,-3.78418,0
1915.95,-0.464844,-0.218262,1.01172,3.41797,1.15967,-2.99072,0
1915.96,-0.507812,-0.0698242,1.104,4.08936,0.793457,-2.86865,0
1915.97,-0.458008,-0.162109,1.08936,3.05176,0.976562,-3.72314,0
1915.98,-0.508301,-0.199707,0.946777,4.88281,1.40381,-2.68555,0
1915.99,-0.588379,-0.0595703,0.894043,3.54004,1.52588,-3.60107,0
1916,-0.533691,-0.116699,0.996582,2.56348,0.610352,-3.78418,0
1916.01,-0.498047,-0.0932617,1.11523,2.13623,0.976562,-3.41797,0
1916.02,-0.468262,-0.0102539,1.04932,1.15967,1.0376,-3.60107,0
1916.03,-0.562988,-0.128906,0.915527,-0.0610352,1.34277,-4.02832,0
1916.04,-0.594238,-0.17627,0.880859,0.488281,0.366211,-3.2959,0
1916.05,-0.51416,0.0209961,0.928711,-0.12207,0.305176,-3.90625,0
1916.06,-0.512695,-0.14502,0.986816,-1.34277,1.28174,-4.5166,0
1916.07,-0.545898,-0.0541992,1.01514,-0.488281,1.09863,-3.479,0
1916.08,-0.60791,0.0336914,0.966797,-2.92969,1.58691,-4.82178,0
1916.09,-0.586426,-0.262207,0.970215,-2.19727,1.52588,-3.90625,0
1916.1,-0.571777,-0.147949,0.90625,0,0.915527,-3.41797,0
1916.11,-0.591797,0.0366211,0.948242,-0.732422,1.09863,-4.02832,0
1916.12,-0.632812,-0.213867,1.0166,-1.70898,1.89209,-4.82178,0
1916.13,-0.55957,-0.150879,1.08936,1.89209,1.64795,-2.74658,0
1916.14,-0.567383,0.0805664,0.98584,-0.366211,1.40381,-4.45557,0
1916.15,-0.597656,-0.378906,0.845703,-0.244141,1.09863,-4.02832,0
1916.16,-0.630371,-0.175293,0.819336,4.15039,1.2207,-2.74658,0
1916.17,-0.568359,0.189453,1.00439,1.15967,1.09863,-4.21143,0
1916.18,-0.537598,-0.293457,1.01807,-0.732422,1.15967,-4.21143,0
1916.18,-0.656738,-0.186523,0.996582,3.479,0.915527,-2.44141,0
1916.19,-0.703125,0.154785,0.953613,0.305176,0.732422,-4.21143,0
1916.2,-0.653809,-0.226562,0.914062,-0.854492,0.732422,-3.84521,0
1916.21,-0.686035,-0.125,0.963867,1.46484,0.610352,-2.74658,0
1916.22,-0.636719,0.0820312,1.06738,-1.2207,0.610352,-4.02832,0
1916.23,-0.609375,-0.0986328,1.14062,-2.44141,0.610352,-3.479,0
1916.24,-0.767578,-0.131836,1.03223,-1.28174,1.40381,-2.74658,0
1916.25,-0.821777,-0.106934,0.940918,-0.854492,1.58691,-3.2959,0
1916.26,-0.78125,-0.081543,0.971191,-0.244141,2.0752,-3.11279,0
1916.27,-0.739258,-0.131836,1.05225,-0.0610352,2.74658,-3.2959,0
1916.28,-0.77002,-0.12793,1.05811,0.793457,2.13623,-2.86865,0
1916.29,-0.80127,-0.112793,0.994629,1.09863,2.86865,-3.11279,0
1916.3,-0.827148,-0.138672,0.95166,2.2583,3.23486,-2.86865,0
1916.31,-0.79248,-0.0766602,0.890625,3.23486,2.99072,-2.86865,0
1916.32,-0.748535,-0.0922852,0.92334,2.99072,2.31934,-3.35693,0
1916.33,-0.826172,-0.0859375,0.842773,3.54004,1.77002,-2.62451,0
1916.34,-0.766602,-0.0463867,0.923828,2.92969,1.09863,-3.11279,0
1916.35,-0.69873,-0.0947266,0.90918,1.77002,0.366211,-3.54004,0
1916.36,-0.738281,-0.217285,0.909668,3.54004,0.0610352,-2.99072,0
1916.37,-0.771484,0.0541992,0.860352,3.66211,-0.610352,-3.17383,0
1916.38,-0.816895,-0.00634766,0.895508,0.427246,-0.305176,-4.21143,0
1916.39,-0.807129,-0.151367,1.0293,1.34277,-1.0376,-3.2959,0
1916.4,-0.665039,-0.0249023,0.998535,1.46484,-0.976562,-3.17383,0
1916.41,-0.70459,-0.0151367,0.963379,0.427246,-0.976562,-3.41797,0
1916.42,-0.759277,-0.15918,0.88916,-0.427246,-0.0610352,-3.60107,0
1916.43,-0.766602,-0.114258,0.912109,0.549316,0.915527,-2.44141,0
1916.44,-0.815918,-0.00732422,1.04004,-0.549316,0.976562,-3.23486,0
1916.45,-0.778809,-0.226074,1.06494,-0.976562,1.40381,-3.479,0
1916.46,-0.714355,-0.00585938,1.02979,0.915527,1.77002,-2.0752,0
1916.47,-0.750977,0.108398,0.90625,-2.0752,2.86865,-3.479,0
1916.48,-0.806641,-0.317383,0.884277,-1.09863,2.68555,-2.56348,0
1916.48,-0.784668,-0.0839844,0.915527,2.62451,2.44141,-1.40381,0
1916.49,-0.792969,0.131348,0.966797,0,2.80762,-3.05176,0
1916.5,-0.772461,-0.175293,0.975098,-0.488281,2.56348,-2.50244,0
1916.51,-0.725586,-0.0844727,0.915039,1.70898,2.44141,-1.34277,0
1916.52,-0.773438,0.00976562,0.92627,0.12207,2.56348,-2.80762,0
1916.53,-0.685547,-0.208496,0.92041,0.793457,2.31934,-2.2583,0
1916.54,-0.717285,-0.0488281,0.900391,2.19727,2.74658,-1.52588,0
1916.55,-0.680664,0.097168,0.939453,0,2.74658,-2.44141,0
1916.56,-0.668457,-0.0913086,1.02148,-1.52588,2.56348,-2.92969,0
1916.57,-0.650879,-0.121094,1.00439,0.0610352,2.56348,-1.77002,0
1916.58,-0.685059,-0.00732422,0.939453,0.12207,2.2583,-1.58691,0
1916.59,-0.684082,-0.0991211,0.913086,-0.244141,1.89209,-2.2583,0
1916.6,-0.626465,-0.0283203,0.854492,0.366211,1.77002,-1.52588,0
1916.61,-0.666992,-0.00585938,0.850586,-0.671387,1.64795,-2.44141,0
1916.62,-0.672363,-0.103027,0.909668,-0.366211,0.732422,-2.01416,0
1916.63,-0.602051,0.0385742,0.948242,-0.366211,0,-1.83105,0
1916.64,-0.534668,-0.102051,0.976562,-1.34277,0.427246,-2.56348,0
1916.65,-0.541016,-0.114746,0.923828,0.0610352,-0.12207,-1.52588,0
1916.66,-0.588379,-0.0327148,0.864258,0.0610352,-0.305176,-1.64795,0
1916.67,-0.623535,-0.0820312,0.852051,0.488281,-0.671387,-1.52588,0
1916.68,-0.606934,0.0214844,0.866211,0.610352,-0.610352,-1.64795,0
1916.69,-0.572266,-0.0239258,0.933105,-0.12207,-0.549316,-2.2583,0
1916.7,-0.605957,-0.155273,0.967773,0.976562,-0.854492,-1.70898,0
1916.71,-0.561523,-0.0634766,0.929199,2.38037,-1.28174,-1.09863,0
1916.72,-0.522461,-0.00537109,0.937988,2.13623,-0.732422,-1.58691,0
1916.73,-0.571777,-0.0737305,0.926758,2.01416,-0.793457,-1.64795,0
1916.74,-0.55957,0.0126953,0.838379,2.19727,-1.34277,-1.2207,0
1916.75,-0.539551,0.00537109,0.915527,0.488281,-1.64795,-2.0752,0
1916.76,-0.570801,-0.206055,1.00977,1.34277,-2.50244,-1.46484,0
1916.77,-0.526855,-0.0180664,1.02197,3.05176,-2.44141,-0.671387,0
1916.77,-0.501953,0.0385742,0.993652,1.09863,-1.52588,-2.0752,0
1916.78,-0.553711,-0.19043,0.945312,1.58691,-1.64795,-1.46484,0
1916.79,-0.557617,0.0351562,0.88916,2.86865,-2.44141,-0.732422,0
1916.8,-0.532715,0.0742188,0.907227,0.366211,-2.01416,-2.19727,0
1916.81,-0.528809,-0.116211,0.967773,0.488281,-2.19727,-1.52588,0
1916.82,-0.537109,-0.0224609,1.00342,1.28174,-2.2583,-0.915527,0
1916.83,-0.525879,0.0615234,1.02441,0,-1.77002,-1.52588,0
1916.84,-0.501953,-0.13916,1.03613,-0.427246,-1.89209,-1.70898,0
1916.85,-0.504395,-0.0639648,1.01221,1.70898,-2.2583,-0.549316,0
1916.86,-0.528809,0.129883,0.975586,0,-1.95312,-1.70898,0
1916.87,-0.550781,-0.103516,0.958984,-0.976562,-1.89209,-1.64795,0
1916.88,-0.508789,0.0107422,0.967285,0.305176,-2.01416,-0.549316,0
1916.89,-0.520996,0.0410156,1.04297,-1.34277,-1.34277,-1.77002,0
1916.9,-0.484863,-0.17041,1.03613,-0.244141,-1.58691,-0.976562,0
1916.91,-0.472656,0.0229492,0.990234,1.0376,-1.83105,-0.488281,0
1916.92,-0.487793,0.0849609,0.989746,-0.976562,-1.52588,-1.77002,0
1916.93,-0.518555,-0.065918,1.03467,-0.366211,-1.52588,-1.09863,0
1916.94,-0.532227,0.0151367,1.00342,0,-1.0376,-0.793457,0
1916.95,-0.525391,-0.0131836,0.97168,-0.732422,-0.488281,-1.28174,0
1916.96,-0.513672,-0.0756836,0.972656,0,-0.976562,-0.793457,0
1916.97,-0.501953,-0.00195312,1.0376,0.305176,-1.40381,-0.793457,0
1916.98,-0.553711,0.00732422,1.06738,0.244141,-0.976562,-1.0376,0
1916.99,-0.556152,-0.0654297,1.01562,0.793457,0.183105,-0.915527,0
1917,-0.511719,-0.0332031,0.98584,1.46484,0.12207,-0.671387,0
1917.01,-0.51416,-0.0126953,0.999023,0.976562,-0.305176,-1.0376,0
1917.02,-0.52832,-0.0595703,0.976074,1.0376,-0.366211,-0.976562,0
1917.03,-0.533691,0.0175781,0.973633,1.52588,-0.12207,-0.427246,0
1917.04,-0.500977,0.0454102,0.955566,0.366211,0.0610352,-1.09863,0
1917.05,-0.521484,-0.0986328,0.977539,-0.12207,0,-1.40381,0
1917.06,-0.543457,-0.0180664,1.01562,1.40381,-0.0610352,-0.12207,0
1917.07,-0.558105,0.0473633,1.01611,0.549316,0.793457,-1.2207,0
1917.07,-0.539551,-0.149414,1.00146,1.15967,0.610352,-1.09863,0
1917.08,-0.537598,0.0688477,0.967285,2.2583,0.183105,-0.610352,0
1917.09,-0.549316,0.0556641,0.958984,-0.183105,1.09863,-1.83105,0
1917.1,-0.528809,-0.128418,0.939941,0.976562,0.915527,-0.488281,0
1917.11,-0.504883,0.0893555,0.969727,1.15967,0.854492,-0.793457,0
1917.12,-0.520508,-0.0102539,0.994629,-0.366211,1.15967,-1.89209,0
1917.13,-0.547363,-0.0283203,1.00586,1.15967,0.915527,-0.488281,0
1917.14,-0.580566,0.0493164,0.950195,0.244141,1.15967,-1.15967,0
1917.15,-0.561035,-0.0371094,0.941406,-0.183105,1.0376,-1.46484,0
1917.16,-0.561523,-0.0078125,0.92041,0.12207,1.28174,-1.2207,0
1917.17,-0.560547,0.0292969,0.917969,0.12207,1.58691,-0.854492,0
1917.18,-0.597168,0.0629883,0.960938,-1.09863,0.976562,-1.46484,0
1917.19,-0.550781,-0.065918,0.981934,-1.40381,0.732422,-1.64795,0
1917.2,-0.558105,-0.00927734,1.04004,0.12207,0.793457,-0.549316,0
1917.21,-0.604004,-4.882812e-04,0.996094,-0.427246,0.854492,-1.15967,0
1917.22,-0.616211,0.00585938,0.974609,-0.305176,0.793457,-1.09863,0
1917.23,-0.587402,0.0195312,0.92334,-0.610352,1.58691,-1.15967,0
1917.24,-0.566895,-0.0126953,0.938965,-0.488281,1.2207,-0.976562,0
1917.25,-0.555176,-0.0463867,0.942383,-0.732422,0.488281,-1.40381,0
1917.26,-0.566895,-0.059082,0.933105,0.244141,0.244141,-0.732422,0
1917.27,-0.64209,0.09375,0.962402,0.183105,0.427246,-0.610352,0
1917.28,-0.658203,-0.0205078,0.958496,-1.58691,0.854492,-2.01416,0
1917.29,-0.618652,-0.103027,0.977051,0.610352,0.976562,-0.549316,0
1917.3,-0.605957,0.0629883,0.975586,0.610352,0.976562,-0.549316,0
1917.31,-0.619141,-0.0727539,0.93457,-0.427246,0.488281,-1.58691,0
1917.32,-0.615234,-0.0595703,0.918457,1.83105,0.488281,-0.244141,0
1917.33,-0.611816,0.0751953,0.931152,1.46484,0.732422,-0.793457,0
1917.34,-0.607422,-0.0532227,0.964355,0.610352,0.549316,-1.58691,0
1917.35,-0.600098,0,0.938477,1.70898,0.427246,-0.549316,0
1917.36,-0.652832,-0.0239258,0.938965,0.915527,0.610352,-1.2207,0
1917.37,-0.629395,-0.0454102,0.932129,1.58691,0.0610352,-0.854492,0
1917.38,-0.603027,-0.0112305,0.949707,1.34277,0.366211,-1.2207,0
1917.39,-0.566895,-0.0332031,0.950684,1.52588,0.244141,-0.915527,0
1917.4,-0.574707,0.0307617,0.963379,0.793457,-0.12207,-1.15967,0
1917.41,-0.590332,-0.0209961,0.986816,0.12207,-0.427246,-1.28174,0
1917.42,-0.625488,0.012207,0.970215,0.610352,-0.305176,-0.732422,0
1917.43,-0.63623,0.0488281,0.907715,0.12207,0.244141,-1.09863,0
1917.43,-0.566895,-0.0322266,0.930176,-0.183105,0,-1.2207,0
1917.44,-0.557617,-0.00439453,0.992676,-0.0610352,-0.671387,-1.0376,0
1917.45,-0.572754,-0.0302734,1.0127,-0.305176,-0.793457,-1.15967,0
1917.46,-0.618652,0.00585938,1.02686,0.488281,-0.793457,-0.732422,0
1917.47,-0.583496,0.0527344,1.01123,-0.183105,-0.305176,-1.34277,0
1917.48,-0.560547,-0.0595703,0.98584,0.12207,-0.244141,-1.40381,0
1917.49,-0.554199,0.0288086,0.955566,0.854492,-0.854492,-0.671387,0
1917.5,-0.539551,0.0224609,0.961426,-0.305176,-0.976562,-1.40381,0
1917.51,-0.533203,-0.0844727,1.00342,0.427246,-0.915527,-0.915527,0
1917.52,-0.524902,0.050293,1.00879,1.15967,-0.854492,-0.671387,0
1917.53,-0.503906,-0.0146484,0.993652,0,-0.671387,-1.89209,0
1917.54,-0.493164,-0.0322266,0.950195,1.28174,-1.0376,-0.732422,0
1917.55,-0.512207,0.0493164,0.932617,0.427246,-1.34277,-1.15967,0
1917.56,-0.499023,-0.0610352,0.956055,0.183105,-1.52588,-1.2207,0
1917.57,-0.499512,0.0229492,0.990723,1.09863,-1.58691,-0.488281,0
1917.58,-0.492676,0.0263672,0.989258,0,-1.52588,-1.34277,0
1917.59,-0.490723,-0.0371094,0.996094,0.244141,-1.58691,-0.976562,0
1917.6,-0.512207,-0.0356445,0.965332,0.610352,-1.58691,-0.854492,0
1917.61,-0.485352,9.765625e-04,0.953613,0.854492,-1.83105,-0.732422,0
1917.61,-0.484375,-0.00390625,0.970703,0.488281,-1.70898,-1.09863,0
1917.63,-0.481934,-0.0351562,0.941895,0.854492,-1.70898,-0.732422,0
1917.63,-0.486328,0.00537109,0.970703,1.15967,-1.77002,-0.671387,0
1917.64,-0.490723,-0.0126953,1.00586,0.915527,-1.95312,-0.976562,0
1917.65,-0.498047,0.0170898,0.986328,1.2207,-1.70898,-0.549316,0
1917.66,-0.501465,0.0439453,0.991211,0.488281,-1.52588,-0.549316,0
1917.67,-0.470703,0.00976562,1.00732,-0.0610352,-1.64795,-0.793457,0
1917.68,-0.463867,-0.0302734,1.01074,-0.0610352,-1.83105,-0.732422,0
1917.69,-0.471191,9.765625e-04,0.997559,0.427246,-1.83105,-0.427246,0
1917.7,-0.480957,0.0595703,0.972168,-0.12207,-1.52588,-0.610352,0
1917.71,-0.454102,0.0249023,0.979004,-0.793457,-1.46484,-0.793457,0
1917.72,-0.429688,0.0322266,0.973145,-0.793457,-1.40381,-0.671387,0
1917.73,-0.444336,0.00146484,0.967285,-1.15967,-1.40381,-0.915527,0
1917.74,-0.459473,-0.0263672,0.943359,-0.427246,-1.40381,-0.549316,0
1917.75,-0.439453,0.0722656,0.974121,-0.488281,-1.46484,-0.549316,0
1917.76,-0.420898,-0.00537109,1,-1.0376,-1.28174,-1.09863,0
1917.77,-0.403809,-0.00537109,1.02441,-0.244141,-1.70898,-0.610352,0
1917.78,-0.324219,0.00292969,0.966797,-0.244141,-1.34277,-0.732422,0
1917.79,-0.223633,-0.065918,0.968262,0.305176,-1.64795,-0.610352,0
1917.8,-0.282715,0.00878906,0.982422,0.610352,-2.13623,-0.488281,0
1917.81,-0.237793,0.0229492,0.958008,-0.366211,-2.13623,-0.976562,0
1917.82,-0.0996094,-0.0761719,1.03271,-0.183105,-2.44141,-0.610352,0
1917.83,9.765625e-04,0.00927734,1.08838,0.12207,-3.72314,-0.305176,0
1917.84,-0.0732422,0.0400391,1.04102,-1.15967,-3.72314,-1.2207,0
1917.85,-0.271973,0.0209961,1.00635,-0.976562,-3.78418,-0.549316,0
1917.86,-0.311523,0.0546875,0.995117,-1.46484,-3.96729,-0.671387,0
1917.87,-0.232422,-0.0498047,0.992188,-1.28174,-4.21143,-0.610352,0
1917.88,-0.150391,0.0322266,1.03564,-0.183105,-4.57764,0.12207,0
1917.89,-0.0878906,0.0507812,1.0127,-1.52588,-4.39453,-0.793457,0
1917.9,-0.0776367,-0.0712891,1.00488,-0.793457,-4.27246,-0.305176,0
1917.91,-0.0883789,0.0483398,0.964355,-0.610352,-4.08936,-0.244141,0
1917.92,-0.165527,-0.0336914,0.969727,-1.58691,-3.60107,-1.09863,0
1917.93,-0.253418,-0.059082,0.985352,-0.305176,-3.479,-0.427246,0
1917.94,-0.288086,0.0610352,1.00244,-0.366211,-3.05176,-0.732422,0
1917.95,-0.226074,-0.0288086,1.04443,-0.732422,-2.74658,-1.2207,0
1917.96,-0.192871,0.00683594,1.04199,0.549316,-2.74658,-0.305176,0
1917.97,-0.188477,0.0288086,1.0332,0,-2.44141,-0.610352,0
1917.97,-0.232422,-0.0449219,1.01318,0.183105,-2.44141,-0.488281,0
1917.98,-0.252441,0.0205078,0.981445,0.610352,-2.19727,-0.183105,0
1917.99,-0.256836,-0.0537109,1.00049,0.183105,-1.64795,-0.671387,0
1918,-0.242188,-0.0185547,0.999023,1.0376,-1.58691,-0.12207,0
1918.01,-0.242676,0.00488281,0.971191,0.244141,-0.732422,-0.854492,0
1918.02,-0.256836,-0.0820312,0.975098,0.793457,-0.183105,-0.488281,0
1918.03,-0.255859,-0.00390625,0.98877,1.34277,0.427246,-0.244141,0
1918.04,-0.264648,-0.0161133,0.978027,1.09863,1.15967,-0.732422,0
1918.05,-0.287109,0.0126953,0.99707,1.34277,1.58691,-0.549316,0
1918.06,-0.336426,0.0273438,0.978027,0.488281,2.0752,-1.0376,0
1918.07,-0.362305,-0.0634766,0.999023,1.0376,2.19727,-0.549316,0
1918.08,-0.339844,0.0473633,0.989258,1.28174,2.38037,-0.305176,0
1918.09,-0.289551,0.0166016,0.967773,0.12207,2.99072,-1.0376,0
1918.1,-0.300293,-0.0136719,0.975098,0.793457,3.17383,-0.549316,0
1918.11,-0.272461,0.0737305,0.937012,0.183105,2.99072,-0.793457,0
1918.12,-0.283691,-0.0131836,0.876465,-0.427246,3.11279,-1.0376,0
1918.13,-0.32959,0.0195312,0.92627,-0.0610352,2.68555,-0.549316,0
1918.14,-0.386719,-0.00634766,0.954102,0,2.62451,-0.610352,0
1918.15,-0.308105,0.074707,0.964355,-0.305176,2.68555,-0.793457,0
1918.16,-0.297852,0.0351562,0.936035,-1.0376,2.62451,-1.2207,0
1918.17,-0.351562,-0.0356445,0.942383,-0.549316,2.2583,-0.915527,0
1918.18,-0.339844,0.0356445,0.942383,0.366211,2.44141,-0.488281,0
1918.19,-0.382812,0.0717773,0.954102,-0.427246,2.44141,-0.915527,0
1918.2,-0.356934,-0.0698242,0.992188,-0.12207,1.89209,-0.793457,0
1918.21,-0.361328,0.0678711,1.02539,0.976562,1.70898,-0.12207,0
1918.22,-0.33252,0.0649414,0.987793,-0.732422,2.0752,-1.0376,0
1918.23,-0.367676,-0.10791,0.95166,-0.12207,2.31934,-0.549316,0
1918.24,-0.348145,0.0488281,0.958984,0.549316,2.19727,-0.183105,0
1918.25,-0.350586,-0.00732422,1.00195,-0.915527,2.31934,-1.28174,0
1918.26,-0.339355,-0.065918,1.04688,0,1.52588,-0.183105,0
1918.27,-0.329102,0.119141,0.996094,-0.549316,1.46484,-0.488281,0
1918.28,-0.357422,-0.00488281,0.976562,-1.89209,1.77002,-1.09863,0
1918.29,-0.32373,-0.0551758,0.988281,-0.549316,1.46484,-0.12207,0
1918.3,-0.29834,0.0981445,0.994141,-0.671387,1.46484,-0.427246,0
1918.31,-0.288086,-0.00927734,0.991211,-1.46484,1.28174,-0.854492,0
1918.32,-0.281738,-0.0532227,0.987793,-0.305176,0.793457,-0.0610352,0
1918.33,-0.270996,0.0322266,0.98291,-0.183105,0.732422,-0.183105,0
1918.34,-0.260254,-0.0327148,0.967773,-0.427246,0.732422,-0.549316,0
1918.35,-0.241211,-0.0131836,0.980469,0,0.305176,-0.12207,0
1918.35,-0.224609,0.0375977,1.00439,-0.427246,0.244141,-0.366211,0
1918.36,-0.226562,-0.0214844,1.01416,-0.671387,0.12207,-0.366211,0
1918.37,-0.225098,-0.00927734,1.02295,0,0,0.12207,0
1918.38,-0.222656,9.765625e-04,1.00586,-0.12207,-0.0610352,-0.183105,0
1918.39,-0.210449,-0.0229492,1.01318,0.305176,-0.366211,-0.12207,0
1918.4,-0.212402,-0.0102539,1.01074,0.610352,-0.305176,-0.0610352,0
1918.41,-0.208496,-0.0126953,1.00146,0.732422,-0.549316,0.0610352,0
1918.42,-0.199219,-0.0253906,1.00684,0.793457,-0.610352,0,0
1918.43,-0.184082,-0.0380859,0.983887,1.09863,-0.793457,0.12207,0
1918.44,-0.182129,-0.00244141,0.984375,1.46484,-1.09863,0.427246,0
1918.45,-0.188477,-0.00537109,1.01074,1.0376,-1.15967,0,0
1918.46,-0.188477,-0.0439453,1.00781,1.28174,-1.2207,0.244141,0
1918.47,-0.171387,0.0219727,0.998047,1.46484,-1.15967,0.488281,0
1918.48,-0.161621,-0.019043,1.00098,0.915527,-1.0376,0,0
1918.49,-0.15625,-0.0239258,1.00195,1.77002,-1.34277,0.488281,0
1918.5,-0.162598,0.0439453,1.00049,1.28174,-1.46484,0.183105,0
1918.51,-0.175781,-0.0161133,1.00781,0.915527,-1.40381,-0.0610352,0
1918.52,-0.186523,0.019043,1.00488,1.34277,-1.46484,0.305176,0
1918.53,-0.17334,0.0581055,1.00244,0.793457,-1.52588,0.0610352,0
1918.54,-0.167969,-4.882812e-04,1.0083,0.549316,-1.52588,0,0
1918.55,-0.168945,0.043457,0.996582,0.854492,-1.64795,0.183105,0
1918.56,-0.15625,0.0405273,1.00049,0.366211,-1.70898,-0.0610352,0
1918.57,-0.150391,-0.0126953,0.998047,0.610352,-1.58691,0,0
1918.58,-0.157715,0.0351562,1.00488,0.732422,-1.64795,0.0610352,0
1918.59,-0.157227,0.0224609,0.999512,0.244141,-1.34277,-0.244141,0
1918.6,-0.158691,-0.0185547,0.998535,0.671387,-1.0376,-0.183105,0
1918.61,-0.149414,0.046875,0.998047,0.915527,-1.15967,0,0
1918.62,-0.128906,0.0161133,1.00439,0.305176,-0.976562,-0.366211,0
1918.63,-0.117188,0.012207,1.00195,0.915527,-1.09863,0.0610352,0
1918.64,-0.116699,0.0400391,0.998535,0.427246,-0.976562,-0.244141,0
1918.65,-0.107422,0.015625,1.00244,0.549316,-0.976562,0,0
1918.66,-0.103516,0.0283203,0.993652,0.244141,-0.793457,-0.0610352,0
1918.67,-0.10791,0.0078125,0.995117,0,-0.854492,0,0
1918.68,-0.0898438,0.0268555,0.994141,-0.0610352,-0.671387,0,0
1918.69,-0.0678711,0.00146484,0.985352,-0.427246,-0.549316,0,0
1918.7,-0.0610352,0.0253906,0.975098,-0.183105,-0.793457,0.183105,0
1918.71,-0.0595703,0.0205078,0.974609,-0.549316,-0.610352,-0.0610352,0
1918.72,-0.0605469,0.0175781,0.995605,0,-0.793457,0.305176,0
1918.73,-0.0488281,0.0454102,0.993652,-0.305176,-0.793457,0.12207,0
1918.74,-0.0405273,-0.0166016,0.986816,-0.12207,-0.793457,0.244141,0
1918.74,-0.034668,0.0419922,1.00195,0.305176,-0.854492,0.610352,0
1918.75,-0.0356445,0.0175781,1.0083,-0.183105,-0.732422,0.183105,0
1918.76,-0.0297852,-0.012207,1.00049,0.549316,-0.854492,0.671387,0
1918.77,-0.0214844,0.0629883,0.989746,0.549316,-0.854492,0.671387,0
1918.78,-0.0112305,-0.0205078,0.976562,0.366211,-0.854492,0.488281,0
1918.79,-0.00585938,0.0146484,0.984863,1.34277,-0.976562,1.2207,0
1918.8,-0.00244141,0.0351562,0.991211,0.671387,-0.793457,0.671387,0
1918.81,-0.00488281,-0.0185547,0.988281,0.976562,-0.732422,1.0376,0
1918.82,-0.0117188,0.0551758,0.99707,1.09863,-0.915527,1.34277,0
1918.83,-0.0141602,0.0224609,0.993652,0.488281,-0.915527,0.915527,0
1918.84,-0.00927734,0.0234375,0.990234,0.976562,-0.915527,1.46484,0
1918.85,-0.00244141,0.081543,0.98291,0.671387,-0.793457,1.40381,0
1918.86,0.00244141,0.0302734,0.976562,0.305176,-0.793457,1.28174,0
1918.87,0.00244141,0.0268555,0.979004,0.793457,-0.915527,1.70898,0
1918.88,0,0.074707,0.987793,0.610352,-0.976562,1.70898,0
1918.89,0,0.0161133,0.988281,0.366211,-0.732422,1.52588,0
1918.9,0.00244141,0.0546875,0.994141,1.09863,-0.793457,2.19727,0
1918.91,0.0112305,0.0786133,0.984863,0.549316,-0.488281,1.70898,0
1918.92,0.0175781,-0.00537109,0.974121,0.854492,-0.305176,2.01416,0
1918.93,0.019043,0.078125,0.989746,1.46484,-0.610352,2.50244,0
1918.94,0.0107422,0.0629883,0.989746,0.854492,-0.366211,2.0752,0
1918.95,-9.765625e-04,0.0322266,1.0127,1.34277,-0.427246,2.62451,0
1918.96,0.00146484,0.103027,0.993164,1.15967,-0.244141,2.62451,0
1918.97,0.00878906,0.0322266,0.989746,0.671387,0,2.44141,0
1918.98,0.0161133,0.0576172,0.993164,1.34277,-0.244141,3.05176,0
1918.99,0.0195312,0.0922852,1,0.793457,-0.183105,2.80762,0
1919,0.0185547,0.050293,1.01172,0.976562,-0.12207,2.99072,0
1919.01,0.0209961,0.0859375,0.993164,1.15967,-0.183105,3.2959,0
1919.02,0.015625,0.0654297,0.987305,0.793457,-0.0610352,3.11279,0
1919.03,0.0131836,0.0639648,1.00586,0.915527,-0.12207,3.2959,0
1919.04,0.0146484,0.0820312,1.00146,0.854492,0,3.41797,0
1919.04,0.00976562,0.0742188,1.02344,0.732422,0.0610352,3.60107,0
1919.05,0.0102539,0.097168,1.01855,0.488281,0.0610352,3.60107,0
1919.06,0.0131836,0.0786133,1.0127,0.305176,0.244141,3.72314,0
1919.07,0.0126953,0.0932617,1.0127,0.244141,0.183105,3.96729,0
1919.08,0.0200195,0.103027,1.01758,0,0.0610352,4.08936,0
1919.09,0.0219727,0.0898438,1.00391,-0.12207,0.12207,4.27246,0
1919.1,0.0151367,0.107422,1.01709,-0.12207,0.0610352,4.5166,0
1919.11,0.00976562,0.0844727,1.00732,-0.183105,0.244141,4.57764,0
1919.12,0.00927734,0.090332,1.0083,0,0.244141,4.82178,0
1919.13,0.0180664,0.090332,1.01758,0,0.183105,4.94385,0
1919.14,0.00878906,0.0678711,1.00879,0.305176,0.244141,5.18799,0
1919.15,0.0112305,0.0961914,0.995605,0.427246,0.183105,5.37109,0
1919.16,0.00488281,0.090332,0.99707,0.0610352,0.366211,5.37109,0
1919.17,0.00146484,0.0791016,0.991211,0.183105,0.366211,5.67627,0
1919.18,-0.0126953,0.105957,0.990723,0.183105,0.244141,6.04248,0
1919.19,-0.0136719,0.105957,1.00342,-0.0610352,0.305176,5.92041,0
1919.2,-0.0151367,0.103516,0.990234,0,0.366211,6.22559,0
1919.21,-0.012207,0.118652,0.980469,-0.12207,0.305176,6.34766,0
1919.22,-0.00195312,0.0893555,0.994629,-0.305176,0.183105,6.34766,0
1919.23,-0.0102539,0.0952148,0.993164,-0.12207,0.0610352,6.65283,0
1919.24,-0.034668,0.10498,1.01123,-0.0610352,0.244141,6.5918,0
1919.25,-0.0473633,0.101562,1.02393,-0.0610352,0.427246,6.65283,0
1919.26,-0.0488281,0.0820312,1.02051,0.0610352,0.610352,6.89697,0
1919.27,-0.0390625,0.115234,1.01514,0.183105,0.610352,7.08008,0
1919.28,-0.0375977,0.0849609,1.01074,0,0.488281,6.95801,0
1919.29,-0.0444336,0.0922852,1.00635,0.427246,0.549316,7.38525,0
1919.3,-0.0444336,0.127441,1.01221,0.183105,0.732422,7.26318,0
1919.31,-0.0429688,0.0649414,0.999512,0,0.854492,7.32422,0
1919.32,-0.0463867,0.118164,0.982422,0.549316,0.732422,7.87354,0
1919.33,-0.0449219,0.118652,0.985352,0,0.854492,7.44629,0
1919.34,-0.0317383,0.0927734,0.980957,0.305176,0.793457,7.99561,0
1919.35,-0.0283203,0.143555,0.974121,0.12207,0.732422,8.05664,0
1919.36,-0.0351562,0.10791,0.982422,-0.0610352,0.732422,7.8125,0
1919.37,-0.0561523,0.132324,0.999023,0.0610352,0.549316,8.17871,0
1919.38,-0.0546875,0.104492,0.994141,-0.0610352,0.671387,7.99561,0
1919.39,-0.0537109,0.130859,0.993652,0.305176,0.488281,8.54492,0
1919.4,-0.0429688,0.115234,0.987793,-0.0610352,0.488281,8.11768,0
1919.4,-0.0375977,0.101074,0.998047,0.427246,0.244141,8.66699,0
1919.41,-0.0297852,0.154785,0.98291,0.12207,0.305176,8.60596,0
1919.42,-0.0366211,0.0625,0.966309,0,0.305176,8.48389,0
1919.43,-0.043457,0.148926,0.968262,0.610352,0,9.15527,0
1919.44,-0.0415039,0.125977,0.974121,-0.366211,0.244141,8.48389,0
1919.45,-0.0356445,0.0771484,0.980469,0.366211,-0.0610352,9.15527,0
1919.46,-0.0292969,0.158203,0.991699,0.0610352,-0.183105,9.15527,0
1919.47,-0.0322266,0.109375,0.985352,-0.549316,-0.0610352,8.8501,0
1919.48,-0.0483398,0.100586,0.986328,0,-0.244141,9.52148,0
1919.49,-0.0546875,0.135742,0.98877,-0.244141,-0.0610352,9.39941,0
1919.5,-0.0454102,0.109863,0.98877,-0.366211,-0.244141,9.39941,0
1919.51,-0.0371094,0.0961914,0.989746,-0.305176,-0.244141,9.46045,0
1919.52,-0.0410156,0.110352,0.99707,-0.244141,-0.427246,9.76562,0
1919.53,-0.0385742,0.0922852,0.984375,-0.366211,-0.427246,9.58252,0
1919.54,-0.0439453,0.0898438,0.987793,0,-0.305176,9.82666,0
1919.55,-0.0429688,0.118652,0.99707,-0.183105,-0.12207,9.70459,0
1919.56,-0.0473633,0.0839844,1.00732,-0.305176,-0.0610352,9.64355,0
1919.57,-0.0419922,0.10498,1.01709,0,-0.12207,9.8877,0
1919.57,-0.0507812,0.103027,1.00293,-0.244141,0.0610352,9.64355,0
1919.59,-0.0581055,0.106445,1.00195,-0.0610352,0,9.82666,0
1919.6,-0.0605469,0.109375,0.999512,-0.305176,0.244141,9.64355,0
1919.6,-0.0566406,0.10498,1.00293,-0.183105,0.183105,9.82666,0
1919.61,-0.0527344,0.0991211,1.01221,-0.488281,0.427246,9.52148,0
1919.62,-0.0517578,0.0864258,1.00586,-0.244141,0.427246,9.64355,0
1919.63,-0.0483398,0.0981445,0.993164,-0.305176,0.549316,9.46045,0
1919.64,-0.0532227,0.0810547,0.992676,-0.427246,0.549316,9.33838,0
1919.65,-0.0522461,0.106445,0.990234,-0.488281,0.549316,9.39941,0
1919.66,-0.0595703,0.0849609,0.983398,-0.854492,0.671387,9.09424,0
1919.67,-0.059082,0.0771484,1.00928,-0.488281,0.549316,9.27734,0
1919.68,-0.0678711,0.105469,1.00977,-0.488281,0.732422,9.15527,0
1919.69,-0.0751953,0.0830078,0.990723,-0.488281,0.854492,9.09424,0
1919.7,-0.0703125,0.0898438,0.999512,-0.305176,0.732422,9.15527,0
1919.71,-0.0664062,0.10498,0.989258,-0.549316,0.793457,8.97217,0
1919.72,-0.0708008,0.0776367,1.00049,-0.610352,0.915527,8.97217,0
1919.73,-0.0683594,0.0913086,1.01367,-0.366211,0.732422,9.09424,0
1919.74,-0.0688477,0.112305,0.99707,-0.793457,0.915527,8.91113,0
1919.75,-0.0727539,0.0654297,0.993164,-0.854492,0.915527,8.97217,0
1919.76,-0.0698242,0.0791016,0.990723,-0.366211,0.915527,9.21631,0
1919.77,-0.0688477,0.10498,0.983887,-0.671387,0.976562,9.09424,0
1919.78,-0.0776367,0.046875,1.00244,-0.671387,1.09863,8.97217,0
1919.79,-0.0839844,0.097168,1.01025,-0.183105,1.0376,9.27734,0
1919.8,-0.0878906,0.0922852,0.989746,-0.549316,1.28174,8.91113,0
1919.81,-0.103027,0.0527344,1.00879,-0.183105,1.0376,9.21631,0
1919.82,-0.0913086,0.103027,1.02002,-0.0610352,0.915527,9.21631,0
1919.83,-0.0849609,0.104004,0.992188,-0.366211,1.34277,8.97217,0
1919.84,-0.100098,0.0751953,1.01709,-0.12207,1.28174,9.21631,0
1919.85,-0.102539,0.0966797,1.00049,-0.427246,1.0376,8.97217,0
1919.86,-0.111816,0.081543,0.989258,-0.244141,1.2207,9.09424,0
1919.87,-0.125,0.0854492,1.01221,-0.183105,1.0376,9.09424,0
1919.88,-0.112793,0.101562,1.00928,-0.427246,0.976562,8.8501,0
1919.89,-0.102051,0.0913086,0.98291,-0.610352,1.15967,8.91113,0
1919.9,-0.110352,0.0805664,0.996582,-0.488281,0.976562,8.91113,0
1919.91,-0.10791,0.109863,0.979492,-0.732422,0.793457,8.72803,0
1919.92,-0.108398,0.0717773,0.975586,-0.793457,0.915527,8.66699,0
1919.93,-0.104492,0.090332,0.99707,-0.366211,0.793457,8.91113,0
1919.93,-0.102539,0.097168,0.988281,-0.732422,0.671387,8.60596,0
1919.94,-0.107422,0.0561523,0.981934,-0.549316,0.610352,8.72803,0
1919.95,-0.124512,0.0947266,0.995605,-0.244141,0.488281,8.8501,0
1919.96,-0.119629,0.0776367,0.998047,-0.610352,0.671387,8.42285,0
1919.97,-0.109375,0.0537109,0.984863,-0.183105,0.671387,8.66699,0
1919.98,-0.0996094,0.0966797,0.987793,-0.305176,0.610352,8.72803,0
1919.99,-0.0942383,0.0620117,0.996094,-0.610352,0.671387,8.48389,0
1920,-0.103027,0.065918,0.96875,-0.488281,0.427246,8.72803,0
1920.01,-0.122559,0.0698242,0.979492,-0.488281,0.549316,8.66699,0
1920.02,-0.112305,0.0688477,0.99707,-0.610352,0.366211,8.60596,0
1920.03,-0.108398,0.0664062,0.97998,-0.610352,0.610352,8.54492,0
1920.04,-0.11084,0.0766602,0.996582,-0.488281,0.427246,8.72803,0
1920.05,-0.10791,0.065918,0.987793,-0.793457,0.244141,8.42285,0
1920.06,-0.104004,0.0556641,0.977539,-0.488281,0.12207,8.66699,0
1920.07,-0.108887,0.0756836,0.995117,-0.488281,0,8.66699,0
1920.08,-0.103027,0.0664062,0.996094,-0.549316,-0.0610352,8.48389,0
1920.09,-0.114258,0.0625,0.994629,-0.366211,0.0610352,8.48389,0
1920.1,-0.109375,0.0756836,0.998047,-0.0610352,0,8.48389,0
1920.11,-0.111816,0.0693359,0.998047,-0.305176,0,8.30078,0
1920.12,-0.100098,0.0639648,1.00098,0,-0.183105,8.36182,0
1920.13,-0.0864258,0.0825195,0.984375,-0.12207,0,8.23975,0
1920.14,-0.0717773,0.0566406,0.990723,-0.183105,0,8.17871,0
1920.15,-0.0673828,0.0405273,0.997559,0.12207,-0.12207,8.23975,0
1920.16,-0.0605469,0.0820312,0.997559,0.244141,-0.244141,8.36182,0
1920.17,-0.0566406,0.0463867,0.995605,-0.12207,-0.244141,7.99561,0
1920.18,-0.0581055,0.0385742,0.989746,0.305176,-0.366211,8.36182,0
1920.19,-0.0473633,0.0839844,0.984375,0.0610352,-0.366211,8.30078,0
1920.2,-0.0498047,0.0336914,0.992676,-0.0610352,-0.366211,7.99561,0
1920.21,-0.0385742,0.0639648,0.996094,0.183105,-0.549316,8.30078,0
1920.22,-0.0424805,0.0634766,1.00195,-0.12207,-0.610352,7.93457,0
1920.23,-0.0419922,0.0541992,1.00391,-0.0610352,-0.671387,8.05664,0
1920.24,-0.0351562,0.0825195,0.997559,-0.366211,-0.549316,8.05664,0
1920.25,-0.0297852,0.0620117,1.01123,-0.671387,-0.549316,7.87354,0
1920.26,-0.0258789,0.0629883,0.995117,-0.549316,-0.549316,8.05664,0
1920.27,-0.0224609,0.0888672,1.00293,-0.854492,-0.671387,7.87354,0
1920.28,-0.0288086,0.0610352,1.02393,-1.0376,-0.488281,7.75146,0
1920.28,-0.0332031,0.0786133,1.02637,-0.732422,-0.610352,7.87354,0
1920.29,-0.0307617,0.0786133,1.01611,-0.976562,-0.488281,7.62939,0
1920.3,-0.0214844,0.0737305,1.01025,-0.793457,-0.488281,7.75146,0
1920.31,-0.0166016,0.105957,1.00684,-1.0376,-0.427246,7.56836,0
1920.32,-0.012207,0.0732422,0.999512,-1.2207,-0.366211,7.44629,0
1920.33,-0.00830078,0.0693359,1.00488,-0.854492,-0.427246,7.50732,0
1920.34,-0.00341797,0.0844727,0.995605,-0.915527,-0.366211,7.44629,0
1920.35,-0.00146484,0.0498047,0.995605,-0.915527,-0.305176,7.26318,0
1920.36,0,0.0493164,0.990723,-0.549316,-0.305176,7.44629,0
1920.37,0.0117188,0.0678711,0.981445,-0.549316,-0.305176,7.32422,0
1920.38,0.0117188,0.0283203,0.975098,-0.610352,-0.305176,7.20215,0
1920.39,0.0117188,0.0400391,0.976074,-0.305176,-0.366211,7.38525,0
1920.4,0.012207,0.0610352,0.980957,-0.610352,-0.366211,7.20215,0
1920.41,0.0185547,0.0214844,0.994141,-0.793457,-0.366211,7.14111,0
1920.42,0.0224609,0.0556641,0.987793,-0.610352,-0.366211,7.38525,0
1920.43,0.0224609,0.0532227,0.981934,-1.15967,-0.183105,7.08008,0
1920.44,0.0131836,0.0229492,0.989258,-0.976562,-0.244141,7.26318,0
1920.45,0.015625,0.0742188,0.999512,-1.0376,-0.244141,7.14111,0
1920.46,0.00537109,0.0351562,1.00195,-1.34277,-0.183105,6.89697,0
1920.47,0.0102539,0.050293,1.01562,-0.915527,-0.305176,7.08008,0
1920.48,0.0161133,0.0771484,1.00635,-1.15967,-0.12207,6.7749,0
1920.49,0.0195312,0.0424805,1.00244,-1.09863,0,6.71387,0
1920.5,0.0219727,0.0581055,1.0083,-0.854492,-0.0610352,6.71387,0
1920.51,0.0307617,0.0585938,1.01172,-0.915527,0,6.53076,0
1920.52,0.0356445,0.0390625,1.01367,-0.793457,-0.0610352,6.46973,0
1920.53,0.0449219,0.0488281,1.0127,-0.549316,-0.183105,6.46973,0
1920.54,0.0566406,0.0463867,1.01172,-0.732422,-0.12207,6.28662,0
1920.55,0.0654297,0.0302734,0.997559,-0.610352,-0.366211,6.46973,0
1920.56,0.0737305,0.0366211,0.994141,-0.610352,-0.427246,6.34766,0
1920.57,0.0776367,0.0356445,0.987305,-0.732422,-0.549316,6.34766,0
1920.57,0.0766602,0.019043,0.984375,-0.671387,-0.549316,6.34766,0
1920.58,0.074707,0.0351562,0.992188,-0.549316,-0.671387,6.40869,0
1920.59,0.0654297,0.0297852,0.992676,-0.671387,-0.732422,6.28662,0
1920.6,0.0625,0.0209961,0.998047,-0.366211,-0.854492,6.40869,0
1920.61,0.0629883,0.0424805,1.00439,-0.427246,-0.976562,6.40869,0
1920.62,0.0585938,0.0288086,1.00195,-0.488281,-0.854492,6.22559,0
1920.63,0.0585938,0.0390625,0.994141,-0.305176,-0.793457,6.34766,0
1920.64,0.0581055,0.0512695,0.993652,-0.305176,-0.854492,6.28662,0
1920.65,0.0571289,0.0537109,0.993652,-0.488281,-0.671387,6.22559,0
1920.66,0.0576172,0.0488281,0.998047,-0.549316,-0.610352,6.16455,0
1920.67,0.0634766,0.0688477,1.00537,-0.610352,-0.549316,6.16455,0
1920.68,0.0708008,0.059082,1.00977,-0.915527,-0.427246,5.98145,0
1920.69,0.0771484,0.0493164,1.00879,-0.610352,-0.427246,6.10352,0
1920.7,0.0932617,0.0761719,1.01318,-0.610352,-0.427246,6.04248,0
1920.71,0.100586,0.0498047,1.02979,-0.610352,-0.488281,5.92041,0
1920.72,0.106445,0.0517578,1.02393,-0.12207,-0.549316,6.16455,0
1920.73,0.105469,0.0654297,1.0166,-0.12207,-0.671387,6.04248,0
1920.74,0.105957,0.0263672,1.02832,0,-0.610352,5.92041,0
1920.75,0.113281,0.0585938,1.02393,0.488281,-0.610352,6.22559,0
1920.76,0.117188,0.0268555,1.03369,0.12207,-0.610352,5.85938,0
1920.77,0.126465,0.0151367,1.01367,0.671387,-0.793457,6.22559,0
1920.78,0.128418,0.0522461,1.00488,0.549316,-0.793457,6.16455,0
1920.79,0.125488,0.0151367,1.00244,0.366211,-0.793457,6.16455,0
1920.8,0.124023,0.0449219,1.01953,0.549316,-0.854492,6.28662,0
1920.81,0.124512,0.0385742,1.0166,0.366211,-0.671387,6.16455,0
1920.82,0.118164,0.027832,1.00977,0.610352,-0.732422,6.40869,0
1920.83,0.125488,0.0615234,1.01074,0.366211,-0.793457,6.34766,0
1920.84,0.121582,0.0302734,1.01221,0.244141,-0.732422,6.22559,0
1920.85,0.126465,0.0449219,1.01758,0.549316,-0.854492,6.40869,0
1920.86,0.122559,0.0805664,1.01807,0.244141,-0.732422,6.22559,0
1920.86,0.120117,0.0253906,1.01807,0.12207,-0.610352,6.04248,0
1920.87,0.115723,0.0644531,1.01953,0.549316,-0.671387,6.40869,0
1920.88,0.126465,0.0888672,1.02002,0,-0.610352,5.92041,0
1920.89,0.132812,0.0244141,1.01709,0.12207,-0.427246,6.04248,0
1920.9,0.125977,0.103027,1.00977,0.366211,-0.549316,6.28662,0
1920.91,0.122559,0.0688477,1.00537,-0.488281,-0.366211,5.67627,0
1920.92,0.121094,0.0517578,1.00391,0.12207,-0.366211,6.10352,0
1920.93,0.115234,0.106934,1.00781,-0.183105,-0.12207,5.92041,0
1920.94,0.117188,0.0478516,1.00977,-0.549316,-0.0610352,5.67627,0
1920.95,0.117676,0.0766602,1.00391,0,-0.0610352,6.10352,0
1920.96,0.118164,0.0917969,0.995605,-0.549316,0,5.7373,0
1920.97,0.119629,0.0415039,0.981445,-0.549316,0.0610352,5.79834,0
1920.98,0.120117,0.0776367,0.98291,-0.549316,0,6.04248,0
1920.99,0.105957,0.0566406,0.997559,-1.09863,0,5.7373,0
1921,0.106934,0.0415039,0.983398,-1.0376,0.0610352,6.04248,0
1921.01,0.107422,0.074707,0.996094,-1.15967,0.183105,6.10352,0
1921.02,0.105957,0.0458984,0.996094,-1.40381,0.183105,5.85938,0
1921.03,0.109863,0.0429688,0.987305,-1.09863,0.183105,6.16455,0
1921.04,0.105957,0.0712891,0.986328,-1.2207,0.244141,6.16455,0
1921.05,0.0976562,0.0424805,0.995605,-1.40381,0.12207,6.10352,0
1921.06,0.0961914,0.0566406,1.00586,-1.34277,0.12207,6.22559,0
1921.07,0.0976562,0.0683594,1.00342,-1.34277,0.183105,6.22559,0
1921.08,0.0942383,0.0600586,0.995117,-1.40381,0.305176,6.10352,0
1921.09,0.0927734,0.0473633,1.00098,-1.28174,0.244141,6.10352,0
