t_s,time_local,lat_deg,lon_deg,east_m,north_m,speed_mps,a_long_g,a_lat_g,yaw_rate_dps,a_lat_kin_g,in_gates
2219.88,2026-08-15T15:29:07.320,33.6525845,-117.3018433,56.6472,-26.882,0.0134112,-0.058,0.004,-0.01,-2.386031e-07,0
2219.92,2026-08-15T15:29:07.360,33.6525845,-117.3018433,56.6472,-26.882,0.0134112,-0.058,0.004,-0.01,-2.386031e-07,0
2219.96,2026-08-15T15:29:07.400,33.6525845,-117.3018433,56.6472,-26.882,0.0178816,-0.058,0.005,-0.02,-6.362748e-07,0
2220,2026-08-15T15:29:07.440,33.6525845,-117.3018433,56.6472,-26.882,0.0089408,-0.058,0.005,-0.02,-3.181374e-07,0
2220.04,2026-08-15T15:29:07.480,33.6525845,-117.3018433,56.6472,-26.882,0.0089408,-0.059,0.004,-0.01,-1.590687e-07,0
2220.08,2026-08-15T15:29:07.520,33.6525845,-117.3018433,56.6472,-26.882,0.0312928,-0.059,0.004,-0.01,-5.567405e-07,0
2220.12,2026-08-15T15:29:07.560,33.6525845,-117.3018433,56.6472,-26.882,0.022352,-0.059,0.004,0,0,0
2220.16,2026-08-15T15:29:07.600,33.6525845,-117.3018433,56.6472,-26.882,0.0089408,-0.059,0.004,0,0,0
2220.2,2026-08-15T15:29:07.640,33.6525845,-117.3018433,56.6472,-26.882,0.0178816,-0.058,0.003,0,0,0
2220.24,2026-08-15T15:29:07.680,33.6525845,-117.3018433,56.6472,-26.882,0.0357632,-0.058,0.004,-0.01,-6.362748e-07,0
2220.28,2026-08-15T15:29:07.720,33.6525845,-117.3018433,56.6472,-26.882,0.0134112,-0.058,0.004,-0.01,-2.386031e-07,0
2220.32,2026-08-15T15:29:07.760,33.6525845,-117.3018433,56.6472,-26.882,0.0089408,-0.058,0.005,-0.01,-1.590687e-07,0
2220.36,2026-08-15T15:29:07.800,33.6525845,-117.3018433,56.6472,-26.882,0.0312928,-0.059,0.005,-0.01,-5.567405e-07,0
2220.4,2026-08-15T15:29:07.840,33.6525845,-117.3018433,56.6472,-26.882,0.0044704,-0.059,0.005,-0.01,-7.953435e-08,0
2220.44,2026-08-15T15:29:07.880,33.6525845,-117.3018433,56.6472,-26.882,0.0178816,-0.059,0.005,0,0,0
2220.48,2026-08-15T15:29:07.920,33.6525846,-117.3018433,56.6472,-26.8709,0.0268224,-0.058,0.004,0,0,0
2220.52,2026-08-15T15:29:07.960,33.6525846,-117.3018433,56.6472,-26.8709,0.0044704,-0.058,0.004,-0.01,-7.953435e-08,0
2220.56,2026-08-15T15:29:08.000,33.6525846,-117.3018433,56.6472,-26.8709,0.022352,-0.058,0.004,-0.02,-7.953435e-07,0
2220.6,2026-08-15T15:29:08.040,33.6525846,-117.3018433,56.6472,-26.8709,0.0044704,-0.058,0.005,-0.03,-2.386031e-07,0
2220.64,2026-08-15T15:29:08.080,33.6525846,-117.3018433,56.6472,-26.8709,0.022352,-0.058,0.005,-0.03,-1.193015e-06,0
2220.68,2026-08-15T15:29:08.120,33.6525846,-117.3018433,56.6472,-26.8709,0.0044704,-0.058,0.005,-0.03,-2.386031e-07,0
2220.72,2026-08-15T15:29:08.160,33.6525846,-117.3018433,56.6472,-26.8709,0.0089408,-0.058,0.006,-0.02,-3.181374e-07,0
2220.76,2026-08-15T15:29:08.200,33.6525846,-117.3018433,56.6472,-26.8709,0.0089408,-0.059,0.006,-0.01,-1.590687e-07,0
2220.8,2026-08-15T15:29:08.240,33.6525846,-117.3018433,56.6472,-26.8709,0.0044704,-0.06,0.006,-0.01,-7.953435e-08,0
2220.84,2026-08-15T15:29:08.280,33.6525846,-117.3018433,56.6472,-26.8709,0.0178816,-0.061,0.006,-0.02,-6.362748e-07,0
2220.88,2026-08-15T15:29:08.320,33.6525847,-117.3018433,56.6472,-26.8598,0.0268224,-0.06,0.005,-0.02,-9.544122e-07,0
2220.92,2026-08-15T15:29:08.360,33.6525847,-117.3018433,56.6472,-26.8598,0.0089408,-0.059,0.005,-0.02,-3.181374e-07,0
2220.96,2026-08-15T15:29:08.400,33.6525847,-117.3018433,56.6472,-26.8598,0.0312928,-0.057,0.006,-0.01,-5.567405e-07,0
2221,2026-08-15T15:29:08.440,33.6525847,-117.3018433,56.6472,-26.8598,0.0089408,-0.056,0.006,-0.01,-1.590687e-07,0
2221.04,2026-08-15T15:29:08.480,33.6525847,-117.3018432,56.6565,-26.8598,0.0178816,-0.055,0.006,-0.01,-3.181374e-07,0
2221.08,2026-08-15T15:29:08.520,33.6525847,-117.3018432,56.6565,-26.8598,0.0312928,-0.056,0.006,-0.02,-1.113481e-06,0
2221.12,2026-08-15T15:29:08.560,33.6525847,-117.3018432,56.6565,-26.8598,0.0089408,-0.057,0.005,-0.02,-3.181374e-07,0
2221.16,2026-08-15T15:29:08.600,33.6525847,-117.3018432,56.6565,-26.8598,0.0089408,-0.059,0.004,-0.02,-3.181374e-07,0
2221.2,2026-08-15T15:29:08.640,33.6525847,-117.3018432,56.6565,-26.8598,0.0134112,-0.06,0.003,-0.02,-4.772061e-07,0
2221.24,2026-08-15T15:29:08.680,33.6525848,-117.3018432,56.6565,-26.8487,0.0357632,-0.06,0.003,-0.01,-6.362748e-07,0
2221.28,2026-08-15T15:29:08.720,33.6525848,-117.3018432,56.6565,-26.8487,0.022352,-0.06,0.003,-0.02,-7.953435e-07,0
2221.32,2026-08-15T15:29:08.760,33.6525848,-117.3018432,56.6565,-26.8487,0.0134112,-0.058,0.004,-0.02,-4.772061e-07,0
2221.36,2026-08-15T15:29:08.800,33.6525848,-117.3018432,56.6565,-26.8487,0.0089408,-0.057,0.005,-0.02,-3.181374e-07,0
2221.4,2026-08-15T15:29:08.840,33.6525848,-117.3018432,56.6565,-26.8487,0.0134112,-0.056,0.006,-0.02,-4.772061e-07,0
2221.44,2026-08-15T15:29:08.880,33.6525848,-117.3018432,56.6565,-26.8487,0.0089408,-0.056,0.006,-0.01,-1.590687e-07,0
2221.48,2026-08-15T15:29:08.920,33.6525848,-117.3018432,56.6565,-26.8487,0.0134112,-0.056,0.005,-0.01,-2.386031e-07,0
2221.52,2026-08-15T15:29:08.960,33.6525848,-117.3018432,56.6565,-26.8487,0.0178816,-0.057,0.004,-0.02,-6.362748e-07,0
2221.56,2026-08-15T15:29:09.000,33.6525848,-117.3018432,56.6565,-26.8487,0.022352,-0.058,0.003,-0.02,-7.953435e-07,0
2221.6,2026-08-15T15:29:09.040,33.6525848,-117.3018432,56.6565,-26.8487,0.0357632,-0.059,0.003,-0.03,-1.908824e-06,0
2221.64,2026-08-15T15:29:09.080,33.6525849,-117.3018432,56.6565,-26.8375,0.0178816,-0.059,0.004,-0.02,-6.362748e-07,0
2221.68,2026-08-15T15:29:09.120,33.6525849,-117.3018432,56.6565,-26.8375,0.0134112,-0.059,0.005,-0.02,-4.772061e-07,0
2221.72,2026-08-15T15:29:09.160,33.6525849,-117.3018432,56.6565,-26.8375,0.0134112,-0.058,0.007,-0.02,-4.772061e-07,0
2221.76,2026-08-15T15:29:09.200,33.6525849,-117.3018432,56.6565,-26.8375,0.0178816,-0.057,0.008,-0.02,-6.362748e-07,0
2221.8,2026-08-15T15:29:09.240,33.6525849,-117.3018432,56.6565,-26.8375,0.0178816,-0.054,0.008,-0.02,-6.362748e-07,0
2221.84,2026-08-15T15:29:09.280,33.6525849,-117.3018432,56.6565,-26.8375,0.0178816,-0.043,0.006,-0.01,-3.181374e-07,0
2221.88,2026-08-15T15:29:09.320,33.6525849,-117.3018432,56.6565,-26.8375,0.022352,-0.018,0.003,0,0,0
2221.92,2026-08-15T15:29:09.360,33.6525848,-117.3018432,56.6565,-26.8487,0.0804672,0.048,0.001,0.05,7.158092e-06,0
2221.96,2026-08-15T15:29:09.400,33.6525847,-117.3018433,56.6472,-26.8598,0.178816,0.154,0.001,0.11,3.499511e-05,0
2222,2026-08-15T15:29:09.440,33.6525846,-117.3018434,56.638,-26.8709,0.420218,0.305,0.002,0.16,1.196197e-04,0
2222.04,2026-08-15T15:29:09.480,33.6525842,-117.3018437,56.6102,-26.9154,0.759968,0.477,0.003,0.16,2.163334e-04,0
2222.08,2026-08-15T15:29:09.520,33.6525838,-117.3018439,56.5917,-26.9599,1.11313,0.643,0.003,0.05,9.902027e-05,0
2222.12,2026-08-15T15:29:09.560,33.6525832,-117.3018443,56.5547,-27.0266,1.5557,0.781,0.001,-0.14,-3.874914e-04,0
2222.16,2026-08-15T15:29:09.600,33.6525823,-117.3018448,56.5084,-27.1266,1.98933,0.877,-0.007,-0.41,-0.0014511,0
2222.2,2026-08-15T15:29:09.640,33.6525815,-117.3018454,56.4528,-27.2156,2.37825,0.927,-0.018,-0.78,-0.00330036,0
2222.24,2026-08-15T15:29:09.680,33.6525805,-117.3018460,56.3973,-27.3268,2.70906,0.935,-0.032,-1.21,-0.00583194,0
2222.28,2026-08-15T15:29:09.720,33.6525794,-117.3018467,56.3325,-27.4491,3.00411,0.924,-0.047,-1.76,-0.00940669,0
2222.32,2026-08-15T15:29:09.760,33.6525784,-117.3018475,56.2585,-27.5603,3.33492,0.901,-0.059,-2.52,-0.0149518,0
2222.36,2026-08-15T15:29:09.800,33.6525772,-117.3018483,56.1844,-27.6937,3.67914,0.877,-0.07,-3.44,-0.0225171,0
2222.4,2026-08-15T15:29:09.840,33.6525757,-117.3018493,56.0919,-27.8605,4.02783,0.856,-0.083,-4.47,-0.0320322,0
2222.44,2026-08-15T15:29:09.880,33.6525742,-117.3018503,55.9993,-28.0273,4.38099,0.839,-0.095,-5.58,-0.0434926,0
2222.48,2026-08-15T15:29:09.920,33.6525727,-117.3018514,55.8975,-28.1941,4.72521,0.818,-0.105,-6.75,-0.0567458,0
2222.52,2026-08-15T15:29:09.960,33.6525711,-117.3018526,55.7864,-28.372,5.03367,0.796,-0.117,-7.89,-0.0706594,0
2222.56,2026-08-15T15:29:10.000,33.6525694,-117.3018539,55.6661,-28.5611,5.31978,0.776,-0.133,-8.92,-0.0844241,0
2222.6,2026-08-15T15:29:10.040,33.6525676,-117.3018553,55.5365,-28.7612,5.6327,0.763,-0.15,-9.9,-0.0992112,0
2222.64,2026-08-15T15:29:10.080,33.6525657,-117.3018568,55.3977,-28.9725,5.9501,0.759,-0.165,-10.83,-0.114647,0
2222.68,2026-08-15T15:29:10.120,33.6525638,-117.3018584,55.2496,-29.1838,6.28538,0.76,-0.181,-11.71,-0.130947,0
2222.72,2026-08-15T15:29:10.160,33.6525616,-117.3018601,55.0922,-29.4284,6.59831,0.76,-0.195,-12.75,-0.149676,0
2222.76,2026-08-15T15:29:10.200,33.6525596,-117.3018619,54.9256,-29.6508,6.92912,0.757,-0.214,-14.02,-0.172836,0
2222.8,2026-08-15T15:29:10.240,33.6525573,-117.3018638,54.7497,-29.9065,7.23758,0.749,-0.235,-15.46,-0.199072,0
2222.84,2026-08-15T15:29:10.280,33.6525550,-117.3018659,54.5554,-30.1623,7.55945,0.738,-0.254,-17.05,-0.22931,0
2222.88,2026-08-15T15:29:10.320,33.6525528,-117.3018680,54.361,-30.4069,7.85449,0.733,-0.274,-18.69,-0.261178,1
2222.92,2026-08-15T15:29:10.360,33.6525504,-117.3018703,54.1481,-30.6738,8.13166,0.726,-0.294,-20.09,-0.290648,1
2222.96,2026-08-15T15:29:10.400,33.6525480,-117.3018726,53.9352,-30.9406,8.44012,0.711,-0.315,-21.25,-0.319092,1
2223,2026-08-15T15:29:10.440,33.6525456,-117.3018752,53.6946,-31.2075,8.70834,0.685,-0.345,-22.14,-0.343021,1
2223.04,2026-08-15T15:29:10.480,33.6525431,-117.3018778,53.4539,-31.4855,8.96762,0.645,-0.385,-22.82,-0.364084,1
2223.08,2026-08-15T15:29:10.520,33.6525405,-117.3018806,53.1947,-31.7746,9.18667,0.596,-0.421,-23.31,-0.380986,1
2223.12,2026-08-15T15:29:10.560,33.6525380,-117.3018834,52.9356,-32.0526,9.39231,0.55,-0.449,-23.7,-0.396031,1
2223.16,2026-08-15T15:29:10.600,33.6525355,-117.3018864,52.6579,-32.3306,9.55772,0.517,-0.467,-24.03,-0.408617,1
2223.2,2026-08-15T15:29:10.640,33.6525330,-117.3018893,52.3895,-32.6086,9.74547,0.494,-0.471,-24.35,-0.422192,1
2223.24,2026-08-15T15:29:10.680,33.6525305,-117.3018926,52.084,-32.8865,10.0092,0.49,-0.465,-24.68,-0.439495,1
2223.28,2026-08-15T15:29:10.720,33.6525279,-117.3018959,51.7786,-33.1756,10.2506,0.5,-0.461,-25.08,-0.45739,1
2223.32,2026-08-15T15:29:10.760,33.6525251,-117.3018993,51.4639,-33.487,10.501,0.52,-0.463,-25.55,-0.477341,1
2223.36,2026-08-15T15:29:10.800,33.6525226,-117.3019029,51.1306,-33.765,10.7603,0.538,-0.479,-26.03,-0.498316,1
2223.4,2026-08-15T15:29:10.840,33.6525198,-117.3019066,50.7882,-34.0763,11.0106,0.552,-0.505,-26.47,-0.518529,1
2223.44,2026-08-15T15:29:10.880,33.6525172,-117.3019105,50.4272,-34.3654,11.2565,0.551,-0.533,-26.88,-0.538319,1
2223.48,2026-08-15T15:29:10.920,33.6525147,-117.3019145,50.057,-34.6434,11.4308,0.533,-0.551,-27.24,-0.553978,1
2223.52,2026-08-15T15:29:10.960,33.6525122,-117.3019187,49.6682,-34.9214,11.6186,0.501,-0.564,-27.58,-0.570106,1
2223.56,2026-08-15T15:29:11.000,33.6525095,-117.3019228,49.2887,-35.2216,11.7795,0.463,-0.575,-27.9,-0.584709,1
2223.6,2026-08-15T15:29:11.040,33.6525070,-117.3019271,48.8907,-35.4996,11.9136,0.422,-0.591,-28.15,-0.596665,1
2223.64,2026-08-15T15:29:11.080,33.6525046,-117.3019315,48.4834,-35.7665,12.079,0.381,-0.624,-28.26,-0.607313,1
2223.68,2026-08-15T15:29:11.120,33.6525022,-117.3019361,48.0577,-36.0334,12.2489,0.339,-0.658,-28.22,-0.614982,1
2223.72,2026-08-15T15:29:11.160,33.6525000,-117.3019408,47.6226,-36.278,12.3875,0.297,-0.681,-28.04,-0.617973,1
2223.76,2026-08-15T15:29:11.200,33.6524975,-117.3019456,47.1783,-36.556,12.4545,0.251,-0.683,-27.83,-0.616665,1
2223.8,2026-08-15T15:29:11.240,33.6524954,-117.3019503,46.7433,-36.7895,12.5171,0.205,-0.677,-27.7,-0.616868,1
2223.84,2026-08-15T15:29:11.280,33.6524932,-117.3019551,46.299,-37.0341,12.5439,0.161,-0.668,-27.73,-0.61886,1
2223.88,2026-08-15T15:29:11.320,33.6524911,-117.3019599,45.8547,-37.2676,12.6155,0.12,-0.667,-27.96,-0.627551,1
2223.92,2026-08-15T15:29:11.360,33.6524891,-117.3019649,45.3919,-37.49,12.6602,0.086,-0.667,-28.32,-0.637883,1
2223.96,2026-08-15T15:29:11.400,33.6524872,-117.3019700,44.9199,-37.7013,12.7138,0.064,-0.676,-28.73,-0.64986,1
2224,2026-08-15T15:29:11.440,33.6524854,-117.3019751,44.4478,-37.9014,12.7943,0.053,-0.687,-29.17,-0.663989,1
2224.04,2026-08-15T15:29:11.480,33.6524835,-117.3019803,43.9665,-38.1127,12.8122,0.053,-0.7,-29.58,-0.674263,1
2224.08,2026-08-15T15:29:11.520,33.6524819,-117.3019855,43.4852,-38.2906,12.83,0.066,-0.722,-29.88,-0.682052,1
2224.12,2026-08-15T15:29:11.560,33.6524803,-117.3019908,42.9946,-38.4685,12.9507,0.081,-0.746,-30.07,-0.692846,1
2224.16,2026-08-15T15:29:11.600,33.6524788,-117.3019962,42.4948,-38.6353,13.0312,0.098,-0.765,-30.11,-0.698078,1
2224.2,2026-08-15T15:29:11.640,33.6524774,-117.3020017,41.9857,-38.791,13.1206,0.117,-0.773,-29.98,-0.699833,1
2224.24,2026-08-15T15:29:11.680,33.6524761,-117.3020072,41.4767,-38.9355,13.1966,0.129,-0.768,-29.72,-0.697782,1
2224.28,2026-08-15T15:29:11.720,33.6524748,-117.3020128,40.9583,-39.0801,13.2726,0.13,-0.755,-29.38,-0.693772,1
2224.32,2026-08-15T15:29:11.760,33.6524736,-117.3020183,40.4492,-39.2135,13.3665,0.124,-0.751,-29.04,-0.690594,1
2224.36,2026-08-15T15:29:11.800,33.6524725,-117.3020241,39.9124,-39.3358,13.4067,0.102,-0.751,-28.78,-0.686471,1
2224.4,2026-08-15T15:29:11.840,33.6524716,-117.3020298,39.3848,-39.4359,13.438,0.068,-0.751,-28.65,-0.684965,1
2224.44,2026-08-15T15:29:11.880,33.6524707,-117.3020355,38.8572,-39.536,13.4514,0.03,-0.752,-28.71,-0.687084,1
2224.48,2026-08-15T15:29:11.920,33.6524700,-117.3020413,38.3204,-39.6138,13.4514,-0.005,-0.748,-28.96,-0.693067,1
2224.52,2026-08-15T15:29:11.960,33.6524693,-117.3020470,37.7928,-39.6917,13.447,-0.025,-0.741,-29.34,-0.701928,1
2224.56,2026-08-15T15:29:12.000,33.6524687,-117.3020528,37.2559,-39.7584,13.4827,-0.023,-0.745,-29.73,-0.71315,1
2224.6,2026-08-15T15:29:12.040,33.6524682,-117.3020585,36.7283,-39.814,13.4425,-0.006,-0.755,-29.98,-0.717001,1
2224.64,2026-08-15T15:29:12.080,33.6524679,-117.3020644,36.1822,-39.8473,13.523,0.03,-0.772,-29.98,-0.721293,1
2224.68,2026-08-15T15:29:12.120,33.6524676,-117.3020703,35.6361,-39.8807,13.6481,0.077,-0.787,-29.61,-0.718985,1
2224.72,2026-08-15T15:29:12.160,33.6524674,-117.3020762,35.09,-39.9029,13.7688,0.124,-0.788,-28.9,-0.707951,1
2224.76,2026-08-15T15:29:12.200,33.6524673,-117.3020824,34.5162,-39.9141,13.9476,0.17,-0.779,-27.96,-0.69382,1
2224.8,2026-08-15T15:29:12.240,33.6524673,-117.3020885,33.9515,-39.9141,14.0549,0.212,-0.761,-26.88,-0.672151,1
2224.84,2026-08-15T15:29:12.280,33.6524673,-117.3020946,33.3869,-39.9141,14.1443,0.241,-0.734,-25.74,-0.647739,1
2224.88,2026-08-15T15:29:12.320,33.6524674,-117.3021008,32.8131,-39.9029,14.2695,0.258,-0.705,-24.74,-0.628083,1
2224.92,2026-08-15T15:29:12.360,33.6524676,-117.3021070,32.2392,-39.8807,14.4081,0.263,-0.679,-23.95,-0.613932,1
2224.96,2026-08-15T15:29:12.400,33.6524680,-117.3021133,31.6561,-39.8362,14.5109,0.255,-0.654,-23.43,-0.604889,1
2225,2026-08-15T15:29:12.440,33.6524683,-117.3021196,31.0729,-39.8029,14.6048,0.24,-0.638,-23.19,-0.602566,1
2225.04,2026-08-15T15:29:12.480,33.6524689,-117.3021258,30.4991,-39.7362,14.7076,0.217,-0.632,-23.22,-0.607593,1
2225.08,2026-08-15T15:29:12.520,33.6524694,-117.3021323,29.8974,-39.6806,14.8015,0.192,-0.632,-23.41,-0.616475,1
2225.12,2026-08-15T15:29:12.560,33.6524701,-117.3021387,29.305,-39.6027,14.8686,0.16,-0.639,-23.66,-0.625881,1
2225.16,2026-08-15T15:29:12.600,33.6524709,-117.3021451,28.7127,-39.5138,14.9356,0.125,-0.648,-23.87,-0.634284,1
2225.2,2026-08-15T15:29:12.640,33.6524717,-117.3021514,28.1295,-39.4248,14.9848,0.1,-0.654,-24,-0.639838,1
2225.24,2026-08-15T15:29:12.680,33.6524727,-117.3021579,27.5279,-39.3136,15.0071,0.09,-0.656,-24.02,-0.641326,1
2225.28,2026-08-15T15:29:12.720,33.6524737,-117.3021643,26.9355,-39.2024,15.034,0.105,-0.66,-23.88,-0.638728,1
2225.32,2026-08-15T15:29:12.760,33.6524748,-117.3021707,26.3431,-39.0801,15.1502,0.149,-0.659,-23.55,-0.634771,1
2225.36,2026-08-15T15:29:12.800,33.6524761,-117.3021772,25.7415,-38.9355,15.3469,0.215,-0.653,-22.91,-0.625538,1
2225.4,2026-08-15T15:29:12.840,33.6524774,-117.3021837,25.1398,-38.791,15.5749,0.293,-0.639,-21.65,-0.599916,1
2225.44,2026-08-15T15:29:12.880,33.6524788,-117.3021904,24.5197,-38.6353,15.8118,0.364,-0.605,-19.76,-0.555874,1
2225.48,2026-08-15T15:29:12.920,33.6524803,-117.3021973,23.881,-38.4685,16.0264,0.414,-0.547,-17.13,-0.488429,1
2225.52,2026-08-15T15:29:12.960,33.6524818,-117.3022040,23.2609,-38.3017,16.1828,0.425,-0.461,-13.25,-0.381487,1
2225.56,2026-08-15T15:29:13.000,33.6524834,-117.3022109,22.6222,-38.1238,16.3393,0.407,-0.356,-9.06,-0.263372,1
2225.6,2026-08-15T15:29:13.040,33.6524849,-117.3022177,21.9928,-37.957,16.4511,0.364,-0.228,-4.69,-0.13727,1
2225.64,2026-08-15T15:29:13.080,33.6524864,-117.3022247,21.3449,-37.7902,16.5002,0.305,-0.079,-0.15,-0.00440342,1
2225.68,2026-08-15T15:29:13.120,33.6524879,-117.3022316,20.7062,-37.6234,16.5494,0.247,0.073,4.09,0.120424,1
2225.72,2026-08-15T15:29:13.160,33.6524893,-117.3022385,20.0676,-37.4678,16.6254,0.201,0.213,7.63,0.225686,1
2225.76,2026-08-15T15:29:13.200,33.6524906,-117.3022456,19.4104,-37.3232,16.6835,0.163,0.35,10.99,0.326208,1
2225.8,2026-08-15T15:29:13.240,33.6524918,-117.3022527,18.7532,-37.1898,16.7506,0.133,0.482,14.15,0.421692,1
2225.84,2026-08-15T15:29:13.280,33.6524928,-117.3022598,18.096,-37.0786,16.8087,0.111,0.59,16.87,0.504496,1
2225.88,2026-08-15T15:29:13.320,33.6524939,-117.3022670,17.4296,-36.9563,16.8445,0.086,0.67,19.27,0.577494,1
2225.92,2026-08-15T15:29:13.360,33.6524949,-117.3022742,16.7632,-36.8451,16.8758,0.056,0.719,21.37,0.641618,1
2225.96,2026-08-15T15:29:13.400,33.6524957,-117.3022814,16.0967,-36.7561,16.8668,0.019,0.742,23.31,0.699494,1
2226,2026-08-15T15:29:13.440,33.6524963,-117.3022886,15.4303,-36.6894,16.8445,-0.022,0.757,25.04,0.750412,1
2226.04,2026-08-15T15:29:13.480,33.6524969,-117.3022957,14.7731,-36.6227,16.7908,-0.061,0.775,26.7,0.797612,1
2226.08,2026-08-15T15:29:13.520,33.6524975,-117.3023029,14.1067,-36.556,16.764,-0.087,0.814,28.24,0.842269,1
2226.12,2026-08-15T15:29:13.560,33.6524979,-117.3023102,13.431,-36.5115,16.7148,-0.105,0.863,29.61,0.880539,1
2226.16,2026-08-15T15:29:13.600,33.6524981,-117.3023174,12.7646,-36.4893,16.7238,-0.117,0.902,30.69,0.913144,1
2226.2,2026-08-15T15:29:13.640,33.6524981,-117.3023246,12.0982,-36.4893,16.7014,-0.118,0.924,31.55,0.937478,1
2226.24,2026-08-15T15:29:13.680,33.6524981,-117.3023318,11.4317,-36.4893,16.6478,-0.113,0.935,32.37,0.958754,1
2226.28,2026-08-15T15:29:13.720,33.6524980,-117.3023389,10.7746,-36.5004,16.5852,-0.097,0.94,33.13,0.977575,1
2226.32,2026-08-15T15:29:13.760,33.6524978,-117.3023460,10.1174,-36.5226,16.5762,-0.066,0.948,33.71,0.994153,1
2226.36,2026-08-15T15:29:13.800,33.6524975,-117.3023531,9.4602,-36.556,16.5762,-0.026,0.962,34,1.00271,1
2226.4,2026-08-15T15:29:13.840,33.6524969,-117.3023603,8.79377,-36.6227,16.6657,0.015,0.973,33.82,1.00278,1
2226.44,2026-08-15T15:29:13.880,33.6524963,-117.3023675,8.12734,-36.6894,16.7551,0.049,0.98,33.2,0.989675,1
2226.48,2026-08-15T15:29:13.920,33.6524955,-117.3023747,7.46091,-36.7784,16.7998,0.065,0.99,32.36,0.967208,1
2226.52,2026-08-15T15:29:13.960,33.6524946,-117.3023819,6.79448,-36.8784,16.7908,0.068,0.981,31.54,0.942198,1
2226.56,2026-08-15T15:29:14.000,33.6524934,-117.3023890,6.13731,-37.0119,16.7461,0.064,0.982,30.86,0.91943,1
2226.6,2026-08-15T15:29:14.040,33.6524923,-117.3023962,5.47087,-37.1342,16.7551,0.063,0.979,30.39,0.90591,1
2226.64,2026-08-15T15:29:14.080,33.6524910,-117.3024032,4.82296,-37.2787,16.8132,0.068,0.975,29.9,0.894395,1
2226.68,2026-08-15T15:29:14.120,33.6524897,-117.3024103,4.16578,-37.4233,16.8668,0.07,0.969,29.33,0.880144,1
2226.72,2026-08-15T15:29:14.160,33.6524880,-117.3024175,3.49935,-37.6123,16.916,0.07,0.968,28.67,0.862847,1
2226.76,2026-08-15T15:29:14.200,33.6524864,-117.3024245,2.85143,-37.7902,16.9607,0.066,0.967,27.98,0.844306,1
2226.8,2026-08-15T15:29:14.240,33.6524846,-117.3024316,2.19426,-37.9904,16.9383,0.052,0.966,27.35,0.824208,1
2226.84,2026-08-15T15:29:14.280,33.6524827,-117.3024384,1.56485,-38.2017,16.9294,0.039,0.971,26.89,0.809918,1
2226.88,2026-08-15T15:29:14.320,33.6524806,-117.3024455,0.907675,-38.4352,16.9652,0.033,0.96,26.61,0.803177,1
2226.92,2026-08-15T15:29:14.360,33.6524785,-117.3024524,0.269012,-38.6687,16.992,0.033,0.956,26.45,0.79961,1
2226.96,2026-08-15T15:29:14.400,33.6524762,-117.3024592,-0.360395,-38.9244,17.0188,0.04,0.953,26.29,0.796028,1
2227,2026-08-15T15:29:14.440,33.6524739,-117.3024661,-0.999058,-39.1802,17.0859,0.05,0.956,26.04,0.791565,1
2227.04,2026-08-15T15:29:14.480,33.6524713,-117.3024728,-1.61921,-39.4693,17.1261,0.064,0.951,25.6,0.780022,1
2227.08,2026-08-15T15:29:14.520,33.6524686,-117.3024795,-2.23936,-39.7695,17.2155,0.07,0.938,24.89,0.762348,1
2227.12,2026-08-15T15:29:14.560,33.6524659,-117.3024862,-2.85951,-40.0697,17.2647,0.071,0.901,23.73,0.728895,1
2227.16,2026-08-15T15:29:14.600,33.6524630,-117.3024929,-3.47966,-40.3922,17.2826,0.071,0.847,22.12,0.680145,1
2227.2,2026-08-15T15:29:14.640,33.6524603,-117.3024996,-4.09981,-40.6924,17.2781,0.059,0.788,19.74,0.606808,1
2227.24,2026-08-15T15:29:14.680,33.6524574,-117.3025061,-4.70145,-41.0149,17.2781,0.023,0.722,16.76,0.515203,1
2227.28,2026-08-15T15:29:14.720,33.6524544,-117.3025126,-5.30309,-41.3485,17.287,-0.02,0.645,13.36,0.410899,1
2227.32,2026-08-15T15:29:14.760,33.6524513,-117.3025192,-5.91399,-41.6932,17.2334,-0.085,0.54,9.87,0.302619,1
2227.36,2026-08-15T15:29:14.800,33.6524483,-117.3025255,-6.49711,-42.0268,17.1082,-0.155,0.401,6.51,0.19815,1
2227.4,2026-08-15T15:29:14.840,33.6524453,-117.3025319,-7.0895,-42.3604,16.9875,-0.212,0.255,3.83,0.115754,1
2227.44,2026-08-15T15:29:14.880,33.6524424,-117.3025384,-7.69113,-42.6828,16.8802,-0.248,0.13,1.74,0.052256,1
2227.48,2026-08-15T15:29:14.920,33.6524397,-117.3025448,-8.28352,-42.983,16.8087,-0.269,0.035,0.15,0.00448574,1
2227.52,2026-08-15T15:29:14.960,33.6524368,-117.3025511,-8.86664,-43.3055,16.7819,-0.281,-0.034,-1.29,-0.0385158,1
2227.56,2026-08-15T15:29:15.000,33.6524338,-117.3025575,-9.45903,-43.6391,16.6791,-0.291,-0.091,-2.72,-0.080714,1
2227.6,2026-08-15T15:29:15.040,33.6524310,-117.3025638,-10.0422,-43.9504,16.5539,-0.304,-0.155,-4.4,-0.129587,1
2227.64,2026-08-15T15:29:15.080,33.6524284,-117.3025701,-10.6253,-44.2395,16.4242,-0.32,-0.226,-6.58,-0.192274,1
2227.68,2026-08-15T15:29:15.120,33.6524258,-117.3025764,-11.2084,-44.5287,16.3572,-0.334,-0.292,-9.13,-0.265698,1
2227.72,2026-08-15T15:29:15.160,33.6524233,-117.3025827,-11.7915,-44.8066,16.2365,-0.336,-0.351,-11.96,-0.345487,1
2227.76,2026-08-15T15:29:15.200,33.6524208,-117.3025890,-12.3747,-45.0846,16.1247,-0.336,-0.42,-15.19,-0.435771,1
2227.8,2026-08-15T15:29:15.240,33.6524185,-117.3025953,-12.9578,-45.3404,15.9996,-0.33,-0.494,-18.51,-0.526894,1
2227.84,2026-08-15T15:29:15.280,33.6524162,-117.3026016,-13.5409,-45.5961,15.9057,-0.316,-0.575,-21.61,-0.611527,1
2227.88,2026-08-15T15:29:15.320,33.6524141,-117.3026080,-14.1333,-45.8296,15.8386,-0.294,-0.65,-24.38,-0.687005,1
2227.92,2026-08-15T15:29:15.360,33.6524121,-117.3026144,-14.7257,-46.052,15.7895,-0.271,-0.707,-26.75,-0.751449,1
2227.96,2026-08-15T15:29:15.400,33.6524101,-117.3026208,-15.3181,-46.2744,15.7671,-0.252,-0.75,-28.43,-0.797512,1
2228,2026-08-15T15:29:15.440,33.6524083,-117.3026272,-15.9104,-46.4746,15.7135,-0.24,-0.78,-29.61,-0.827787,1
2228.04,2026-08-15T15:29:15.480,33.6524066,-117.3026336,-16.5028,-46.6636,15.6285,-0.242,-0.795,-30.46,-0.846947,1
2228.08,2026-08-15T15:29:15.520,33.6524050,-117.3026401,-17.1045,-46.8415,15.5302,-0.258,-0.808,-31.16,-0.860958,1
2228.12,2026-08-15T15:29:15.560,33.6524036,-117.3026465,-17.6969,-46.9972,15.4542,-0.269,-0.82,-31.75,-0.872967,1
2228.16,2026-08-15T15:29:15.600,33.6524023,-117.3026529,-18.2892,-47.1417,15.3379,-0.274,-0.836,-32.28,-0.880864,1
2228.2,2026-08-15T15:29:15.640,33.6524010,-117.3026592,-18.8724,-47.2863,15.2441,-0.271,-0.859,-32.69,-0.886592,1
2228.24,2026-08-15T15:29:15.680,33.6523999,-117.3026657,-19.474,-47.4086,15.2038,-0.253,-0.887,-32.84,-0.88831,1
2228.28,2026-08-15T15:29:15.720,33.6523991,-117.3026721,-20.0664,-47.4976,15.2217,-0.233,-0.907,-32.73,-0.886376,1
2228.32,2026-08-15T15:29:15.760,33.6523982,-117.3026786,-20.668,-47.5976,15.177,-0.215,-0.914,-32.43,-0.875672,1
2228.36,2026-08-15T15:29:15.800,33.6523975,-117.3026851,-21.2697,-47.6755,15.0876,-0.2,-0.911,-32.03,-0.859776,1
2228.4,2026-08-15T15:29:15.840,33.6523969,-117.3026915,-21.862,-47.7422,15.0161,-0.189,-0.909,-31.65,-0.845548,1
2228.44,2026-08-15T15:29:15.880,33.6523964,-117.3026979,-22.4544,-47.7978,14.9714,-0.182,-0.912,-31.36,-0.835307,1
2228.48,2026-08-15T15:29:15.920,33.6523961,-117.3027043,-23.0468,-47.8311,14.9267,-0.176,-0.922,-31.16,-0.827501,1
2228.52,2026-08-15T15:29:15.960,33.6523959,-117.3027107,-23.6392,-47.8534,14.9356,-0.165,-0.931,-31.01,-0.824011,1
2228.56,2026-08-15T15:29:16.000,33.6523958,-117.3027172,-24.2408,-47.8645,14.8954,-0.145,-0.928,-30.85,-0.817551,1
2228.6,2026-08-15T15:29:16.040,33.6523958,-117.3027236,-24.8332,-47.8645,14.8686,-0.114,-0.916,-30.58,-0.808937,1
2228.64,2026-08-15T15:29:16.080,33.6523959,-117.3027300,-25.4256,-47.8534,14.8775,-0.071,-0.902,-30.11,-0.796983,1
2228.68,2026-08-15T15:29:16.120,33.6523961,-117.3027365,-26.0272,-47.8311,14.9267,-0.024,-0.89,-29.45,-0.78209,1
2228.72,2026-08-15T15:29:16.160,33.6523965,-117.3027430,-26.6289,-47.7867,14.9982,0.016,-0.888,-28.64,-0.764223,1
2228.76,2026-08-15T15:29:16.200,33.6523969,-117.3027494,-27.2213,-47.7422,15.0563,0.044,-0.885,-27.78,-0.744148,1
2228.8,2026-08-15T15:29:16.240,33.6523977,-117.3027560,-27.8322,-47.6532,15.11,0.054,-0.873,-26.98,-0.725293,1
2228.84,2026-08-15T15:29:16.280,33.6523984,-117.3027625,-28.4338,-47.5754,15.1636,0.055,-0.851,-26.41,-0.71249,1
2228.88,2026-08-15T15:29:16.320,33.6523991,-117.3027689,-29.0262,-47.4976,15.1725,0.055,-0.819,-26.1,-0.704542,1
2228.92,2026-08-15T15:29:16.360,33.6524001,-117.3027754,-29.6278,-47.3864,15.2262,0.057,-0.788,-25.97,-0.703512,1
2228.96,2026-08-15T15:29:16.400,33.6524010,-117.3027820,-30.2387,-47.2863,15.3245,0.075,-0.764,-25.91,-0.70642,1
2229,2026-08-15T15:29:16.440,33.6524022,-117.3027885,-30.8404,-47.1529,15.4139,0.103,-0.752,-25.84,-0.708622,1
2229.04,2026-08-15T15:29:16.480,33.6524034,-117.3027950,-31.442,-47.0194,15.5033,0.134,-0.748,-25.65,-0.707491,1
2229.08,2026-08-15T15:29:16.520,33.6524048,-117.3028016,-32.0529,-46.8637,15.5838,0.166,-0.747,-25.37,-0.7034,1
2229.12,2026-08-15T15:29:16.560,33.6524063,-117.3028080,-32.6453,-46.697,15.7135,0.194,-0.746,-25.09,-0.701424,1
2229.16,2026-08-15T15:29:16.600,33.6524078,-117.3028147,-33.2654,-46.5302,15.8342,0.215,-0.742,-24.84,-0.699769,1
2229.2,2026-08-15T15:29:16.640,33.6524095,-117.3028214,-33.8856,-46.3411,15.9459,0.235,-0.736,-24.65,-0.699318,1
2229.24,2026-08-15T15:29:16.680,33.6524113,-117.3028280,-34.4965,-46.141,16.089,0.254,-0.726,-24.5,-0.701298,1
2229.28,2026-08-15T15:29:16.720,33.6524131,-117.3028347,-35.1166,-45.9408,16.2141,0.273,-0.716,-24.27,-0.700119,1
2229.32,2026-08-15T15:29:16.760,33.6524151,-117.3028414,-35.7368,-45.7184,16.3617,0.293,-0.704,-23.9,-0.695719,1
2229.36,2026-08-15T15:29:16.800,33.6524173,-117.3028482,-36.3662,-45.4738,16.5494,0.309,-0.696,-23.3,-0.686036,1
2229.4,2026-08-15T15:29:16.840,33.6524193,-117.3028549,-36.9863,-45.2514,16.6925,0.321,-0.695,-22.47,-0.667317,1
2229.44,2026-08-15T15:29:16.880,33.6524216,-117.3028617,-37.6157,-44.9957,16.8266,0.325,-0.688,-21.28,-0.637054,1
2229.48,2026-08-15T15:29:16.920,33.6524240,-117.3028685,-38.2451,-44.7288,16.9473,0.316,-0.678,-19.87,-0.59911,1
2229.52,2026-08-15T15:29:16.960,33.6524265,-117.3028753,-38.8745,-44.4508,17.0993,0.288,-0.649,-17.91,-0.544856,1
2229.56,2026-08-15T15:29:17.000,33.6524290,-117.3028821,-39.504,-44.1728,17.211,0.243,-0.6,-15.48,-0.474009,1
2229.6,2026-08-15T15:29:17.040,33.6524315,-117.3028889,-40.1334,-43.8948,17.2155,0.169,-0.527,-12.54,-0.384084,1
2229.64,2026-08-15T15:29:17.080,33.6524342,-117.3028956,-40.7535,-43.5946,17.1976,0.085,-0.425,-8.96,-0.274148,1
2229.68,2026-08-15T15:29:17.120,33.6524367,-117.3029023,-41.3737,-43.3166,17.1261,-0.002,-0.29,-4.98,-0.151739,1
2229.72,2026-08-15T15:29:17.160,33.6524392,-117.3029090,-41.9938,-43.0386,17.0725,-0.077,-0.134,-0.92,-0.0279442,1
2229.76,2026-08-15T15:29:17.200,33.6524416,-117.3029157,-42.614,-42.7718,17.0233,-0.119,0.034,3.35,0.10146,1
2229.8,2026-08-15T15:29:17.240,33.6524440,-117.3029224,-43.2341,-42.5049,16.9786,-0.127,0.201,7.49,0.226252,1
2229.84,2026-08-15T15:29:17.280,33.6524463,-117.3029292,-43.8635,-42.2492,16.983,-0.113,0.355,11.26,0.340222,1
2229.88,2026-08-15T15:29:17.320,33.6524484,-117.3029361,-44.5022,-42.0156,17.0501,-0.083,0.498,14.76,0.447736,1
2229.92,2026-08-15T15:29:17.360,33.6524507,-117.3029431,-45.1501,-41.7599,17.1261,-0.059,0.633,18.04,0.549672,1
2229.96,2026-08-15T15:29:17.400,33.6524525,-117.3029501,-45.798,-41.5597,17.1216,-0.055,0.737,20.8,0.633602,1
2230,2026-08-15T15:29:17.440,33.6524544,-117.3029571,-46.4459,-41.3485,17.0635,-0.062,0.8,23.21,0.704615,1
2230.04,2026-08-15T15:29:17.480,33.6524562,-117.3029641,-47.0939,-41.1483,16.9875,-0.079,0.813,25.33,0.76555,1
2230.08,2026-08-15T15:29:17.520,33.6524579,-117.3029710,-47.7325,-40.9593,16.916,-0.096,0.802,27.08,0.814994,1
2230.12,2026-08-15T15:29:17.560,33.6524594,-117.3029780,-48.3804,-40.7925,16.8892,-0.103,0.795,28.39,0.853065,1
2230.16,2026-08-15T15:29:17.600,33.6524610,-117.3029850,-49.0284,-40.6146,16.8668,-0.107,0.816,29.39,0.881944,1
2230.2,2026-08-15T15:29:17.640,33.6524623,-117.3029921,-49.6855,-40.47,16.8132,-0.11,0.847,30.11,0.900677,1
2230.24,2026-08-15T15:29:17.680,33.6524635,-117.3029992,-50.3427,-40.3366,16.7953,-0.114,0.891,30.59,0.914061,1
2230.28,2026-08-15T15:29:17.720,33.6524646,-117.3030063,-50.9999,-40.2143,16.7819,-0.123,0.918,30.99,0.925274,1
2230.32,2026-08-15T15:29:17.760,33.6524655,-117.3030134,-51.6571,-40.1142,16.7193,-0.135,0.928,31.42,0.934615,1
2230.36,2026-08-15T15:29:17.800,33.6524665,-117.3030205,-52.3142,-40.003,16.6657,-0.143,0.926,31.87,0.944958,1
2230.4,2026-08-15T15:29:17.840,33.6524671,-117.3030275,-52.9622,-39.9363,16.6433,-0.149,0.929,32.34,0.957608,1
2230.44,2026-08-15T15:29:17.880,33.6524677,-117.3030347,-53.6286,-39.8696,16.5718,-0.15,0.938,32.8,0.967055,1
2230.48,2026-08-15T15:29:17.920,33.6524682,-117.3030418,-54.2858,-39.814,16.536,-0.145,0.954,33.21,0.97703,1
2230.52,2026-08-15T15:29:17.960,33.6524684,-117.3030489,-54.9429,-39.7917,16.4868,-0.138,0.965,33.52,0.983218,1
2230.56,2026-08-15T15:29:18.000,33.6524686,-117.3030560,-55.6001,-39.7695,16.4332,-0.132,0.973,33.74,0.986451,1
2230.6,2026-08-15T15:29:18.040,33.6524688,-117.3030630,-56.248,-39.7473,16.4019,-0.128,0.981,33.9,0.989241,1
2230.64,2026-08-15T15:29:18.080,33.6524687,-117.3030700,-56.8959,-39.7584,16.3617,-0.126,0.992,34.04,0.99089,1
2230.68,2026-08-15T15:29:18.120,33.6524685,-117.3030770,-57.5439,-39.7806,16.317,-0.125,0.996,34.2,0.992827,1
2230.72,2026-08-15T15:29:18.160,33.6524682,-117.3030840,-58.1918,-39.814,16.2454,-0.12,0.996,34.38,0.993678,1
2230.76,2026-08-15T15:29:18.200,33.6524677,-117.3030909,-58.8304,-39.8696,16.1918,-0.111,0.994,34.51,0.994141,1
2230.8,2026-08-15T15:29:18.240,33.6524671,-117.3030978,-59.4691,-39.9363,16.156,-0.096,0.996,34.52,0.992233,1
2230.84,2026-08-15T15:29:18.280,33.6524664,-117.3031047,-60.1078,-40.0141,16.1292,-0.074,1.002,34.29,0.983986,1
2230.88,2026-08-15T15:29:18.320,33.6524656,-117.3031116,-60.7464,-40.1031,16.089,-0.049,1.017,33.6,0.96178,1
2230.92,2026-08-15T15:29:18.360,33.6524645,-117.3031184,-61.3758,-40.2254,16.089,-0.022,1.025,32.38,0.926858,1
2230.96,2026-08-15T15:29:18.400,33.6524635,-117.3031253,-62.0145,-40.3366,16.1113,0.003,1.019,30.42,0.871964,1
2231,2026-08-15T15:29:18.440,33.6524622,-117.3031320,-62.6347,-40.4812,16.1516,0.021,0.997,27.51,0.790521,1
2231.04,2026-08-15T15:29:18.480,33.6524608,-117.3031388,-63.2641,-40.6368,16.1739,0.028,0.941,23.03,0.6627,1
2231.08,2026-08-15T15:29:18.520,33.6524593,-117.3031456,-63.8935,-40.8036,16.1828,0.024,0.85,17.23,0.496076,1
2231.12,2026-08-15T15:29:18.560,33.6524580,-117.3031524,-64.5229,-40.9482,16.1516,0.009,0.716,10.21,0.293392,1
2231.16,2026-08-15T15:29:18.600,33.6524564,-117.3031593,-65.1615,-41.1261,16.1828,-0.011,0.521,1.91,0.0549916,1
2231.2,2026-08-15T15:29:18.640,33.6524551,-117.3031660,-65.7817,-41.2706,16.1516,-0.036,0.283,-6.54,-0.187932,1
2231.24,2026-08-15T15:29:18.680,33.6524538,-117.3031729,-66.4204,-41.4152,16.2231,-0.068,0.021,-14.13,-0.407834,1
2231.28,2026-08-15T15:29:18.720,33.6524526,-117.3031796,-67.0405,-41.5486,16.2097,-0.102,-0.255,-20.5,-0.591203,1
2231.32,2026-08-15T15:29:18.760,33.6524516,-117.3031866,-67.6884,-41.6598,16.1292,-0.143,-0.525,-25.44,-0.730026,1
2231.36,2026-08-15T15:29:18.800,33.6524507,-117.3031934,-68.3178,-41.7599,16.0085,-0.185,-0.738,-28.57,-0.813709,1
2231.4,2026-08-15T15:29:18.840,33.6524501,-117.3032002,-68.9472,-41.8266,15.9146,-0.215,-0.888,-30.53,-0.864433,1
2231.44,2026-08-15T15:29:18.880,33.6524495,-117.3032069,-69.5674,-41.8933,15.8073,-0.23,-0.978,-31.64,-0.889823,1
2231.48,2026-08-15T15:29:18.920,33.6524490,-117.3032137,-70.1968,-41.9489,15.7582,-0.237,-1.013,-32.22,-0.903315,1
2231.52,2026-08-15T15:29:18.960,33.6524487,-117.3032205,-70.8262,-41.9823,15.7,-0.23,-0.995,-32.49,-0.907526,1
2231.56,2026-08-15T15:29:19.000,33.6524485,-117.3032272,-71.4464,-42.0045,15.6911,-0.211,-0.936,-32.66,-0.911755,1
2231.6,2026-08-15T15:29:19.040,33.6524483,-117.3032340,-72.0758,-42.0268,15.6464,-0.187,-0.871,-32.71,-0.910549,1
2231.64,2026-08-15T15:29:19.080,33.6524482,-117.3032407,-72.6959,-42.0379,15.6017,-0.157,-0.838,-32.52,-0.902674,1
2231.68,2026-08-15T15:29:19.120,33.6524482,-117.3032474,-73.3161,-42.0379,15.5838,-0.131,-0.845,-32.04,-0.888331,1
2231.72,2026-08-15T15:29:19.160,33.6524483,-117.3032541,-73.9362,-42.0268,15.5838,-0.12,-0.888,-31.31,-0.868091,1
2231.76,2026-08-15T15:29:19.200,33.6524487,-117.3032608,-74.5564,-41.9823,15.5749,-0.128,-0.946,-30.5,-0.845148,1
2231.8,2026-08-15T15:29:19.240,33.6524492,-117.3032675,-75.1765,-41.9267,15.5257,-0.147,-0.974,-29.85,-0.824525,1
2231.84,2026-08-15T15:29:19.280,33.6524499,-117.3032741,-75.7874,-41.8489,15.4139,-0.166,-0.954,-29.67,-0.813654,1
2231.88,2026-08-15T15:29:19.320,33.6524505,-117.3032806,-76.3891,-41.7821,15.3111,-0.171,-0.913,-29.87,-0.813674,1
2231.92,2026-08-15T15:29:19.360,33.6524513,-117.3032872,-76.9999,-41.6932,15.3022,-0.158,-0.884,-30.21,-0.822455,1
2231.96,2026-08-15T15:29:19.400,33.6524520,-117.3032936,-77.5923,-41.6153,15.3201,-0.135,-0.884,-30.45,-0.829958,1
2232,2026-08-15T15:29:19.440,33.6524531,-117.3033001,-78.194,-41.493,15.3871,-0.116,-0.902,-30.38,-0.831674,1
2232.04,2026-08-15T15:29:19.480,33.6524544,-117.3033066,-78.7956,-41.3485,15.3782,-0.109,-0.923,-30.06,-0.822436,1
2232.08,2026-08-15T15:29:19.520,33.6524558,-117.3033130,-79.388,-41.1928,15.3156,-0.109,-0.915,-29.69,-0.809007,1
2232.12,2026-08-15T15:29:19.560,33.6524573,-117.3033194,-79.9804,-41.026,15.2485,-0.106,-0.893,-29.45,-0.798954,1
2232.16,2026-08-15T15:29:19.600,33.6524588,-117.3033257,-80.5635,-40.8592,15.2038,-0.098,-0.875,-29.39,-0.794989,1
2232.2,2026-08-15T15:29:19.640,33.6524603,-117.3033319,-81.1374,-40.6924,15.2128,-0.078,-0.876,-29.43,-0.796539,1
2232.24,2026-08-15T15:29:19.680,33.6524621,-117.3033382,-81.7205,-40.4923,15.2619,-0.052,-0.889,-29.44,-0.799385,1
2232.28,2026-08-15T15:29:19.720,33.6524640,-117.3033444,-82.2944,-40.281,15.3201,-0.022,-0.902,-29.27,-0.797795,1
2232.32,2026-08-15T15:29:19.760,33.6524661,-117.3033506,-82.8682,-40.0475,15.3782,0.005,-0.9,-28.91,-0.790972,1
2232.36,2026-08-15T15:29:19.800,33.6524682,-117.3033568,-83.4421,-39.814,15.4274,0.031,-0.883,-28.4,-0.779503,1
2232.4,2026-08-15T15:29:19.840,33.6524704,-117.3033630,-84.016,-39.5694,15.4765,0.05,-0.865,-27.77,-0.764641,1
2232.44,2026-08-15T15:29:19.880,33.6524726,-117.3033690,-84.5713,-39.3247,15.5257,0.062,-0.848,-27.13,-0.749392,1
2232.48,2026-08-15T15:29:19.920,33.6524750,-117.3033752,-85.1452,-39.0579,15.5749,0.075,-0.836,-26.48,-0.733755,1
2232.52,2026-08-15T15:29:19.960,33.6524775,-117.3033812,-85.7006,-38.7799,15.6375,0.09,-0.814,-25.58,-0.711664,1
2232.56,2026-08-15T15:29:20.000,33.6524802,-117.3033872,-86.2559,-38.4796,15.6956,0.111,-0.782,-24.38,-0.6808,1
2232.6,2026-08-15T15:29:20.040,33.6524829,-117.3033932,-86.8113,-38.1794,15.7626,0.141,-0.735,-22.94,-0.643325,1
2232.64,2026-08-15T15:29:20.080,33.6524857,-117.3033992,-87.3666,-37.8681,15.8699,0.181,-0.676,-20.86,-0.588976,1
2232.68,2026-08-15T15:29:20.120,33.6524886,-117.3034054,-87.9405,-37.5456,16.0532,0.223,-0.618,-18.35,-0.52409,1
2232.72,2026-08-15T15:29:20.160,33.6524914,-117.3034114,-88.4959,-37.2343,16.1918,0.265,-0.562,-15.64,-0.450547,1
2232.76,2026-08-15T15:29:20.200,33.6524945,-117.3034176,-89.0697,-36.8896,16.3527,0.307,-0.508,-12.78,-0.371817,1
2232.8,2026-08-15T15:29:20.240,33.6524976,-117.3034236,-89.6251,-36.5449,16.5405,0.345,-0.442,-9.55,-0.281035,1
2232.84,2026-08-15T15:29:20.280,33.6525008,-117.3034300,-90.2175,-36.189,16.7416,0.375,-0.354,-6.28,-0.187054,1
2232.88,2026-08-15T15:29:20.320,33.6525040,-117.3034362,-90.7914,-35.8332,16.9562,0.392,-0.236,-2.79,-0.084167,1
2232.92,2026-08-15T15:29:20.360,33.6525072,-117.3034427,-91.393,-35.4774,17.1306,0.393,-0.085,0.96,0.0292585,1
2232.96,2026-08-15T15:29:20.400,33.6525103,-117.3034490,-91.9761,-35.1327,17.2736,0.383,0.092,4.9,0.150587,1
2233,2026-08-15T15:29:20.440,33.6525133,-117.3034556,-92.587,-34.7991,17.3541,0.367,0.277,8.88,0.274172,1
2233.04,2026-08-15T15:29:20.480,33.6525163,-117.3034623,-93.2072,-34.4655,17.4614,0.348,0.437,12.61,0.391744,1
2233.08,2026-08-15T15:29:20.520,33.6525192,-117.3034691,-93.8366,-34.143,17.6,0.338,0.569,15.82,0.495367,1
2233.12,2026-08-15T15:29:20.560,33.6525219,-117.3034760,-94.4752,-33.8428,17.7833,0.338,0.669,18.37,0.581204,1
2233.16,2026-08-15T15:29:20.600,33.6525248,-117.3034832,-95.1417,-33.5204,17.971,0.336,0.727,20.17,0.644892,1
2233.2,2026-08-15T15:29:20.640,33.6525276,-117.3034903,-95.7988,-33.209,18.1051,0.337,0.751,21.12,0.680305,1
2233.24,2026-08-15T15:29:20.680,33.6525302,-117.3034975,-96.4653,-32.9199,18.2348,0.342,0.75,21.46,0.696207,1
2233.28,2026-08-15T15:29:20.720,33.6525328,-117.3035048,-97.141,-32.6308,18.3599,0.343,0.735,21.4,0.699026,1
2233.32,2026-08-15T15:29:20.760,33.6525353,-117.3035122,-97.8259,-32.3528,18.494,0.342,0.711,21,0.690971,1
2233.36,2026-08-15T15:29:20.800,33.6525379,-117.3035198,-98.5294,-32.0637,18.6729,0.351,0.688,20.4,0.677719,1
2233.4,2026-08-15T15:29:20.840,33.6525404,-117.3035273,-99.2236,-31.7857,18.8204,0.363,0.666,19.62,0.656955,1
2233.44,2026-08-15T15:29:20.880,33.6525428,-117.3035351,-99.9455,-31.5188,18.9903,0.374,0.648,18.74,0.633153,1
2233.48,2026-08-15T15:29:20.920,33.6525450,-117.3035430,-100.677,-31.2742,19.178,0.377,0.634,17.84,0.608705,1
2233.52,2026-08-15T15:29:20.960,33.6525474,-117.3035509,-101.408,-31.0073,19.3434,0.341,0.631,16.94,0.582982,1
2233.56,2026-08-15T15:29:21.000,33.6525496,-117.3035588,-102.139,-30.7627,19.4462,0.272,0.629,16.17,0.559441,1
2233.6,2026-08-15T15:29:21.040,33.6525516,-117.3035669,-102.889,-30.5403,19.4731,0.154,0.625,15.64,0.54185,1
2233.64,2026-08-15T15:29:21.080,33.6525537,-117.3035748,-103.62,-30.3068,19.3524,-0.011,0.605,15.42,0.530917,1
2233.68,2026-08-15T15:29:21.120,33.6525556,-117.3035827,-104.351,-30.0956,19.111,-0.183,0.574,15.57,0.529395,1
2233.72,2026-08-15T15:29:21.160,33.6525574,-117.3035904,-105.064,-29.8954,18.8114,-0.327,0.533,16.14,0.540174,1
2233.76,2026-08-15T15:29:21.200,33.6525592,-117.3035979,-105.758,-29.6952,18.5611,-0.432,0.506,16.95,0.559734,1
2233.8,2026-08-15T15:29:21.240,33.6525610,-117.3036055,-106.462,-29.4951,18.4046,-0.483,0.517,17.82,0.583503,1
2233.84,2026-08-15T15:29:21.280,33.6525626,-117.3036131,-107.165,-29.3172,18.2973,-0.487,0.561,18.4,0.598983,1
2233.88,2026-08-15T15:29:21.320,33.6525641,-117.3036208,-107.878,-29.1504,18.2437,-0.467,0.62,18.55,0.602095,1
2233.92,2026-08-15T15:29:21.360,33.6525654,-117.3036283,-108.572,-29.0058,18.1364,-0.443,0.671,18.21,0.587584,1
2233.96,2026-08-15T15:29:21.400,33.6525667,-117.3036359,-109.276,-28.8613,18.0023,-0.429,0.686,17.56,0.56242,1
2234,2026-08-15T15:29:21.440,33.6525679,-117.3036435,-109.979,-28.7279,17.828,-0.421,0.663,16.92,0.536674,1
2234.04,2026-08-15T15:29:21.480,33.6525690,-117.3036508,-110.655,-28.6055,17.6402,-0.418,0.63,16.57,0.520037,1
2234.08,2026-08-15T15:29:21.520,33.6525701,-117.3036582,-111.34,-28.4832,17.4301,-0.417,0.604,16.73,0.518805,1
2234.12,2026-08-15T15:29:21.560,33.6525711,-117.3036656,-112.025,-28.372,17.2602,-0.414,0.604,17.29,0.530945,1
2234.16,2026-08-15T15:29:21.600,33.6525720,-117.3036728,-112.691,-28.272,17.1797,-0.412,0.636,18.13,0.554144,1
2234.2,2026-08-15T15:29:21.640,33.6525727,-117.3036802,-113.376,-28.1941,17.068,-0.409,0.673,19.1,0.579995,1
2234.24,2026-08-15T15:29:21.680,33.6525733,-117.3036874,-114.042,-28.1274,16.916,-0.407,0.702,20.15,0.60643,1
2234.28,2026-08-15T15:29:21.720,33.6525739,-117.3036945,-114.7,-28.0607,16.764,-0.408,0.724,21.17,0.631403,1
2234.32,2026-08-15T15:29:21.760,33.6525743,-117.3037016,-115.357,-28.0162,16.6075,-0.402,0.733,22.19,0.655648,1
2234.36,2026-08-15T15:29:21.800,33.6525747,-117.3037087,-116.014,-27.9717,16.4868,-0.392,0.736,23.27,0.682562,1
2234.4,2026-08-15T15:29:21.840,33.6525750,-117.3037157,-116.662,-27.9384,16.3617,-0.381,0.747,24.33,0.708236,1
2234.44,2026-08-15T15:29:21.880,33.6525752,-117.3037227,-117.31,-27.9161,16.2499,-0.365,0.776,25.3,0.731442,1
2234.48,2026-08-15T15:29:21.920,33.6525752,-117.3037296,-117.948,-27.9161,16.1784,-0.352,0.806,26.22,0.754703,1
2234.52,2026-08-15T15:29:21.960,33.6525751,-117.3037365,-118.587,-27.9272,16.0174,-0.34,0.841,27.17,0.774268,1
2234.56,2026-08-15T15:29:22.000,33.6525749,-117.3037433,-119.216,-27.9495,15.8744,-0.325,0.869,28.04,0.791924,1
2234.6,2026-08-15T15:29:22.040,33.6525746,-117.3037500,-119.837,-27.9828,15.7403,-0.309,0.887,28.81,0.806797,1
2234.64,2026-08-15T15:29:22.080,33.6525741,-117.3037567,-120.457,-28.0384,15.6598,-0.294,0.89,29.58,0.824125,1
2234.68,2026-08-15T15:29:22.120,33.6525735,-117.3037634,-121.077,-28.1052,15.5704,-0.276,0.893,30.25,0.83798,1
2234.72,2026-08-15T15:29:22.160,33.6525729,-117.3037700,-121.688,-28.1719,15.4899,-0.264,0.892,30.81,0.849082,1
2234.76,2026-08-15T15:29:22.200,33.6525723,-117.3037766,-122.299,-28.2386,15.4318,-0.257,0.892,31.32,0.859899,1
2234.8,2026-08-15T15:29:22.240,33.6525714,-117.3037831,-122.9,-28.3387,15.329,-0.25,0.903,31.85,0.868624,1
2234.84,2026-08-15T15:29:22.280,33.6525704,-117.3037895,-123.493,-28.4499,15.1502,-0.243,0.915,32.32,0.871159,1
2234.88,2026-08-15T15:29:22.320,33.6525693,-117.3037958,-124.076,-28.5722,15.0518,-0.234,0.926,32.75,0.877019,1
2234.92,2026-08-15T15:29:22.360,33.6525681,-117.3038021,-124.659,-28.7056,14.9758,-0.218,0.937,33.09,0.88165,1
2234.96,2026-08-15T15:29:22.400,33.6525667,-117.3038084,-125.242,-28.8613,14.9714,-0.201,0.946,33.34,0.888046,1
2235,2026-08-15T15:29:22.440,33.6525653,-117.3038147,-125.825,-29.017,14.9624,-0.19,0.952,33.49,0.891509,1
2235.04,2026-08-15T15:29:22.480,33.6525638,-117.3038209,-126.399,-29.1838,14.9714,-0.182,0.959,33.61,0.895238,1
2235.08,2026-08-15T15:29:22.520,33.6525620,-117.3038269,-126.954,-29.3839,14.8596,-0.181,0.963,33.78,0.893049,1
2235.12,2026-08-15T15:29:22.560,33.6525602,-117.3038329,-127.51,-29.5841,14.7344,-0.186,0.964,34.04,0.892342,1
2235.16,2026-08-15T15:29:22.600,33.6525583,-117.3038388,-128.056,-29.7953,14.6048,-0.188,0.966,34.38,0.893326,1
2235.2,2026-08-15T15:29:22.640,33.6525564,-117.3038445,-128.584,-30.0066,14.5377,-0.185,0.967,34.77,0.899311,1
2235.24,2026-08-15T15:29:22.680,33.6525543,-117.3038503,-129.12,-30.2401,14.5243,-0.18,0.976,35.07,0.906234,1
2235.28,2026-08-15T15:29:22.720,33.6525521,-117.3038560,-129.648,-30.4847,14.5109,-0.172,0.986,35.24,0.909786,1
2235.32,2026-08-15T15:29:22.760,33.6525498,-117.3038615,-130.157,-30.7405,14.426,-0.162,0.998,35.25,0.904717,1
2235.36,2026-08-15T15:29:22.800,33.6525474,-117.3038669,-130.657,-31.0073,14.2919,-0.158,1.01,35.1,0.892492,1
2235.4,2026-08-15T15:29:22.840,33.6525449,-117.3038722,-131.147,-31.2853,14.2382,-0.155,1.019,34.83,0.882303,1
2235.44,2026-08-15T15:29:22.880,33.6525422,-117.3038774,-131.629,-31.5856,14.1578,-0.152,1.012,34.52,0.869508,1
2235.48,2026-08-15T15:29:22.920,33.6525396,-117.3038826,-132.11,-31.8747,14.0952,-0.149,0.991,34.18,0.857138,1
2235.52,2026-08-15T15:29:22.960,33.6525368,-117.3038876,-132.573,-32.186,14.0371,-0.149,0.96,33.85,0.845363,1
2235.56,2026-08-15T15:29:23.000,33.6525339,-117.3038926,-133.036,-32.5085,13.9745,-0.149,0.93,33.56,0.834383,1
2235.6,2026-08-15T15:29:23.040,33.6525310,-117.3038974,-133.48,-32.8309,13.894,-0.149,0.911,33.35,0.824388,1
2235.64,2026-08-15T15:29:23.080,33.6525279,-117.3039022,-133.924,-33.1756,13.8582,-0.153,0.912,33.24,0.819554,1
2235.68,2026-08-15T15:29:23.120,33.6525249,-117.3039069,-134.359,-33.5092,13.8001,-0.156,0.924,33.25,0.816362,1
2235.72,2026-08-15T15:29:23.160,33.6525218,-117.3039114,-134.776,-33.8539,13.7062,-0.153,0.946,33.31,0.812272,1
2235.76,2026-08-15T15:29:23.200,33.6525185,-117.3039157,-135.174,-34.2209,13.6481,-0.143,0.96,33.38,0.810528,1
2235.8,2026-08-15T15:29:23.240,33.6525151,-117.3039200,-135.572,-34.5989,13.6481,-0.122,0.968,33.33,0.809314,1
2235.84,2026-08-15T15:29:23.280,33.6525117,-117.3039243,-135.97,-34.977,13.6839,-0.091,0.969,33.08,0.805348,1
2235.88,2026-08-15T15:29:23.320,33.6525081,-117.3039283,-136.34,-35.3773,13.6839,-0.061,0.964,32.61,0.793906,1
2235.92,2026-08-15T15:29:23.360,33.6525045,-117.3039322,-136.701,-35.7776,13.6571,-0.043,0.963,31.9,0.775098,1
2235.96,2026-08-15T15:29:23.400,33.6525008,-117.3039361,-137.062,-36.189,13.6481,-0.038,0.974,31.1,0.755165,1
2236,2026-08-15T15:29:23.440,33.6524969,-117.3039400,-137.423,-36.6227,13.599,-0.055,0.981,30.41,0.73575,1
2236.04,2026-08-15T15:29:23.480,33.6524932,-117.3039435,-137.747,-37.0341,13.523,-0.086,0.976,30.04,0.722737,1
2236.08,2026-08-15T15:29:23.520,33.6524893,-117.3039469,-138.062,-37.4678,13.4157,-0.115,0.948,30.04,0.717002,1
2236.12,2026-08-15T15:29:23.560,33.6524854,-117.3039502,-138.367,-37.9014,13.3218,-0.137,0.903,30.4,0.720518,1
2236.16,2026-08-15T15:29:23.600,33.6524815,-117.3039534,-138.663,-38.3351,13.2592,-0.152,0.852,30.99,0.731051,1
2236.2,2026-08-15T15:29:23.640,33.6524775,-117.3039566,-138.96,-38.7799,13.2592,-0.157,0.825,31.72,0.748271,1
2236.24,2026-08-15T15:29:23.680,33.6524735,-117.3039596,-139.237,-39.2247,13.2056,-0.161,0.828,32.46,0.76263,1
2236.28,2026-08-15T15:29:23.720,33.6524694,-117.3039624,-139.496,-39.6806,13.0983,-0.171,0.861,33.26,0.775077,1
2236.32,2026-08-15T15:29:23.760,33.6524653,-117.3039651,-139.746,-40.1365,13.0223,-0.185,0.906,34.17,0.791663,1
2236.36,2026-08-15T15:29:23.800,33.6524612,-117.3039676,-139.978,-40.5924,12.8792,-0.202,0.943,35.23,0.807255,1
2236.4,2026-08-15T15:29:23.840,33.6524570,-117.3039699,-140.191,-41.0594,12.7719,-0.22,0.949,36.49,0.829161,1
2236.44,2026-08-15T15:29:23.880,33.6524529,-117.3039721,-140.394,-41.5153,12.6959,-0.23,0.931,37.8,0.853817,1
2236.48,2026-08-15T15:29:23.920,33.6524487,-117.3039742,-140.589,-41.9823,12.6512,-0.23,0.905,39.1,0.880071,1
2236.52,2026-08-15T15:29:23.960,33.6524445,-117.3039762,-140.774,-42.4493,12.5663,-0.224,0.892,40.23,0.899426,1
2236.56,2026-08-15T15:29:24.000,33.6524403,-117.3039781,-140.95,-42.9163,12.4948,-0.211,0.896,41.08,0.913202,1
2236.6,2026-08-15T15:29:24.040,33.6524361,-117.3039797,-141.098,-43.3833,12.4098,-0.194,0.927,41.61,0.918696,1
2236.64,2026-08-15T15:29:24.080,33.6524318,-117.3039812,-141.236,-43.8615,12.3338,-0.178,0.97,41.83,0.917898,1
2236.68,2026-08-15T15:29:24.120,33.6524275,-117.3039826,-141.366,-44.3396,12.3025,-0.166,1.006,41.8,0.914912,1
2236.72,2026-08-15T15:29:24.160,33.6524232,-117.3039837,-141.468,-44.8178,12.2578,-0.158,1.015,41.6,0.907226,1
2236.76,2026-08-15T15:29:24.200,33.6524189,-117.3039847,-141.56,-45.2959,12.2131,-0.154,1.003,41.35,0.898485,1
2236.8,2026-08-15T15:29:24.240,33.6524146,-117.3039856,-141.644,-45.774,12.1416,-0.154,0.967,41.11,0.888039,1
2236.84,2026-08-15T15:29:24.280,33.6524102,-117.3039864,-141.718,-46.2633,12.0969,-0.156,0.928,40.96,0.881541,1
2236.88,2026-08-15T15:29:24.320,33.6524059,-117.3039870,-141.773,-46.7414,12.0343,-0.157,0.902,40.89,0.875481,1
2236.92,2026-08-15T15:29:24.360,33.6524017,-117.3039875,-141.82,-47.2084,11.9449,-0.157,0.9,40.87,0.868552,1
2236.96,2026-08-15T15:29:24.400,33.6523974,-117.3039879,-141.857,-47.6866,11.851,-0.155,0.908,40.8,0.86025,1
2237,2026-08-15T15:29:24.440,33.6523931,-117.3039881,-141.875,-48.1647,11.8466,-0.142,0.924,40.57,0.855078,1
2237.04,2026-08-15T15:29:24.480,33.6523889,-117.3039881,-141.875,-48.6317,11.8376,-0.122,0.927,40.09,0.844323,1
2237.08,2026-08-15T15:29:24.520,33.6523846,-117.3039881,-141.875,-49.1099,11.8153,-0.085,0.922,39.22,0.824441,1
2237.12,2026-08-15T15:29:24.560,33.6523803,-117.3039878,-141.847,-49.588,11.8108,-0.038,0.916,38,0.798493,1
2237.16,2026-08-15T15:29:24.600,33.6523760,-117.3039876,-141.829,-50.0662,11.8421,0.009,0.925,36.47,0.768374,1
2237.2,2026-08-15T15:29:24.640,33.6523719,-117.3039871,-141.783,-50.5221,11.8823,0.054,0.944,34.49,0.729127,1
2237.24,2026-08-15T15:29:24.680,33.6523675,-117.3039864,-141.718,-51.0113,11.9315,0.087,0.96,32.14,0.682259,1
2237.28,2026-08-15T15:29:24.720,33.6523633,-117.3039855,-141.634,-51.4783,11.9896,0.103,0.948,29.52,0.629694,1
2237.32,2026-08-15T15:29:24.760,33.6523590,-117.3039845,-141.542,-51.9565,12.0209,0.112,0.891,26.65,0.569958,1
2237.36,2026-08-15T15:29:24.800,33.6523547,-117.3039833,-141.431,-52.4346,12.0522,0.116,0.789,23.7,0.508186,1
2237.4,2026-08-15T15:29:24.840,33.6523503,-117.3039823,-141.338,-52.9239,12.164,0.121,0.655,21.06,0.455766,1
2237.44,2026-08-15T15:29:24.880,33.6523460,-117.3039812,-141.236,-53.402,12.2489,0.133,0.528,19.1,0.416235,1
2237.48,2026-08-15T15:29:24.920,33.6523416,-117.3039802,-141.144,-53.8913,12.3249,0.147,0.438,18.23,0.399741,1
2237.52,2026-08-15T15:29:24.960,33.6523371,-117.3039790,-141.033,-54.3916,12.4277,0.16,0.401,18.56,0.410372,1
2237.56,2026-08-15T15:29:25.000,33.6523327,-117.3039776,-140.903,-54.8809,12.5171,0.172,0.414,19.66,0.437821,1
2237.6,2026-08-15T15:29:25.040,33.6523283,-117.3039761,-140.764,-55.3702,12.5708,0.177,0.464,21.28,0.475928,1
2237.64,2026-08-15T15:29:25.080,33.6523239,-117.3039744,-140.607,-55.8594,12.6959,0.174,0.515,23.02,0.51997,1
2237.68,2026-08-15T15:29:25.120,33.6523195,-117.3039728,-140.459,-56.3487,12.7272,0.164,0.559,24.41,0.552726,1
2237.72,2026-08-15T15:29:25.160,33.6523151,-117.3039709,-140.283,-56.8379,12.7988,0.146,0.585,25.37,0.577692,1
2237.76,2026-08-15T15:29:25.200,33.6523107,-117.3039690,-140.107,-57.3272,12.8569,0.127,0.603,26.06,0.596099,1
2237.8,2026-08-15T15:29:25.240,33.6523063,-117.3039671,-139.931,-57.8164,12.8658,0.11,0.617,26.47,0.605898,1
2237.84,2026-08-15T15:29:25.280,33.6523018,-117.3039651,-139.746,-58.3168,12.906,0.097,0.631,26.71,0.613303,1
2237.88,2026-08-15T15:29:25.320,33.6522976,-117.3039628,-139.533,-58.7838,12.9776,0.089,0.647,26.91,0.62132,1
2237.92,2026-08-15T15:29:25.360,33.6522933,-117.3039606,-139.33,-59.262,13.0402,0.08,0.667,27.19,0.630813,1
2237.96,2026-08-15T15:29:25.400,33.6522890,-117.3039582,-139.108,-59.7401,13.058,0.07,0.682,27.62,0.641667,1
2238,2026-08-15T15:29:25.440,33.6522848,-117.3039556,-138.867,-60.2071,13.0491,0.058,0.693,28.29,0.656783,1
2238.04,2026-08-15T15:29:25.480,33.6522806,-117.3039531,-138.636,-60.6742,13.0446,0.05,0.708,29.26,0.67907,1
2238.08,2026-08-15T15:29:25.520,33.6522765,-117.3039503,-138.376,-61.1301,13.058,0.043,0.738,30.39,0.70602,1
2238.12,2026-08-15T15:29:25.560,33.6522724,-117.3039474,-138.108,-61.586,13.0804,0.038,0.769,31.49,0.732827,1
2238.16,2026-08-15T15:29:25.600,33.6522683,-117.3039445,-137.84,-62.0419,13.0983,0.026,0.792,32.43,0.755735,1
2238.2,2026-08-15T15:29:25.640,33.6522644,-117.3039414,-137.553,-62.4755,13.1162,0.002,0.802,33.17,0.774035,1
2238.24,2026-08-15T15:29:25.680,33.6522604,-117.3039383,-137.266,-62.9203,13.0804,-0.031,0.803,33.73,0.784956,1
2238.28,2026-08-15T15:29:25.720,33.6522566,-117.3039350,-136.96,-63.3428,13.0312,-0.067,0.799,34.32,0.795684,1
2238.32,2026-08-15T15:29:25.760,33.6522528,-117.3039318,-136.664,-63.7654,12.9999,-0.098,0.814,35.07,0.81112,1
2238.36,2026-08-15T15:29:25.800,33.6522491,-117.3039282,-136.331,-64.1768,12.9999,-0.108,0.838,36.09,0.834711,1
2238.4,2026-08-15T15:29:25.840,33.6522455,-117.3039247,-136.007,-64.5771,13.0133,-0.095,0.868,37.14,0.859882,1
2238.44,2026-08-15T15:29:25.880,33.6522420,-117.3039209,-135.655,-64.9663,13.0267,-0.065,0.903,38.06,0.88209,1
2238.48,2026-08-15T15:29:25.920,33.6522385,-117.3039170,-135.294,-65.3555,13.0893,-0.023,0.93,38.65,0.900068,1
2238.52,2026-08-15T15:29:25.960,33.6522352,-117.3039132,-134.942,-65.7224,13.134,0.007,0.943,38.8,0.906647,1
2238.56,2026-08-15T15:29:26.000,33.6522319,-117.3039091,-134.563,-66.0893,13.1653,0.02,0.947,38.6,0.904123,1
2238.6,2026-08-15T15:29:26.040,33.6522287,-117.3039048,-134.165,-66.4452,13.1474,0.008,0.946,38.21,0.893772,1
2238.64,2026-08-15T15:29:26.080,33.6522256,-117.3039007,-133.785,-66.7899,13.0804,-0.027,0.937,37.86,0.881069,1
2238.68,2026-08-15T15:29:26.120,33.6522227,-117.3038964,-133.387,-67.1123,13.0178,-0.077,0.925,37.75,0.874305,1
2238.72,2026-08-15T15:29:26.160,33.6522198,-117.3038919,-132.971,-67.4348,12.9418,-0.122,0.913,37.99,0.874727,1
2238.76,2026-08-15T15:29:26.200,33.6522171,-117.3038876,-132.573,-67.735,12.8345,-0.163,0.9,38.61,0.881633,1
2238.8,2026-08-15T15:29:26.240,33.6522145,-117.3038831,-132.156,-68.0241,12.7138,-0.19,0.897,39.51,0.893699,1
2238.84,2026-08-15T15:29:26.280,33.6522119,-117.3038785,-131.731,-68.3132,12.6602,-0.196,0.907,40.59,0.914254,1
2238.88,2026-08-15T15:29:26.320,33.6522096,-117.3038739,-131.305,-68.569,12.6065,-0.188,0.929,41.79,0.937295,1
2238.92,2026-08-15T15:29:26.360,33.6522073,-117.3038692,-130.87,-68.8247,12.5708,-0.164,0.956,42.93,0.960132,1
2238.96,2026-08-15T15:29:26.400,33.6522052,-117.3038646,-130.444,-69.0583,12.5663,-0.123,0.984,43.86,0.980583,1
2239,2026-08-15T15:29:26.440,33.6522031,-117.3038596,-129.981,-69.2918,12.611,-0.074,1,44.49,0.998206,1
2239.04,2026-08-15T15:29:26.480,33.6522012,-117.3038548,-129.537,-69.503,12.6244,-0.016,0.998,44.66,1.00309,1
2239.08,2026-08-15T15:29:26.520,33.6521994,-117.3038497,-129.065,-69.7032,12.6155,0.038,0.985,44.32,0.994744,1
2239.12,2026-08-15T15:29:26.560,33.6521976,-117.3038447,-128.602,-69.9033,12.7049,0.08,0.971,43.59,0.985294,1
2239.16,2026-08-15T15:29:26.600,33.6521959,-117.3038394,-128.111,-70.0924,12.7898,0.107,0.969,42.5,0.967078,1
2239.2,2026-08-15T15:29:26.640,33.6521945,-117.3038342,-127.63,-70.248,12.839,0.118,0.973,41.33,0.944071,1
2239.24,2026-08-15T15:29:26.680,33.6521931,-117.3038289,-127.14,-70.4037,12.8658,0.112,0.984,40.31,0.922695,1
2239.28,2026-08-15T15:29:26.720,33.6521919,-117.3038234,-126.631,-70.5371,12.9016,0.1,0.992,39.53,0.907356,1
2239.32,2026-08-15T15:29:26.760,33.6521908,-117.3038179,-126.121,-70.6595,12.9016,0.086,0.986,39.04,0.896109,1
2239.36,2026-08-15T15:29:26.800,33.6521898,-117.3038126,-125.631,-70.7707,12.8971,0.072,0.966,38.84,0.891209,1
2239.4,2026-08-15T15:29:26.840,33.6521889,-117.3038071,-125.122,-70.8707,12.8971,0.066,0.941,38.72,0.888456,1
2239.44,2026-08-15T15:29:26.880,33.6521882,-117.3038016,-124.613,-70.9486,12.9642,0.06,0.921,38.56,0.889385,1
2239.48,2026-08-15T15:29:26.920,33.6521875,-117.3037959,-124.085,-71.0264,13.0312,0.059,0.914,38.26,0.88703,1
2239.52,2026-08-15T15:29:26.960,33.6521870,-117.3037904,-123.576,-71.082,13.0714,0.063,0.925,37.77,0.878373,1
2239.56,2026-08-15T15:29:27.000,33.6521866,-117.3037846,-123.039,-71.1265,13.1385,0.063,0.947,37.2,0.869555,1
2239.6,2026-08-15T15:29:27.040,33.6521865,-117.3037789,-122.512,-71.1376,13.134,0.062,0.97,36.59,0.855006,1
2239.64,2026-08-15T15:29:27.080,33.6521864,-117.3037732,-121.984,-71.1487,13.2369,0.066,0.979,36.03,0.848511,1
2239.68,2026-08-15T15:29:27.120,33.6521864,-117.3037676,-121.466,-71.1487,13.2681,0.072,0.971,35.53,0.838714,1
2239.72,2026-08-15T15:29:27.160,33.6521866,-117.3037617,-120.92,-71.1265,13.3039,0.081,0.954,34.95,0.827246,1
2239.76,2026-08-15T15:29:27.200,33.6521869,-117.3037561,-120.401,-71.0931,13.3218,0.096,0.933,34.08,0.807738,1
2239.8,2026-08-15T15:29:27.240,33.6521872,-117.3037504,-119.874,-71.0598,13.3531,0.112,0.908,32.68,0.776376,1
2239.84,2026-08-15T15:29:27.280,33.6521877,-117.3037445,-119.328,-71.0042,13.4157,0.118,0.879,30.42,0.726072,1
2239.88,2026-08-15T15:29:27.320,33.6521883,-117.3037387,-118.791,-70.9374,13.4783,0.106,0.816,26.71,0.640495,1
2239.92,2026-08-15T15:29:27.360,33.6521889,-117.3037329,-118.254,-70.8707,13.5453,0.072,0.716,21.85,0.526561,1
2239.96,2026-08-15T15:29:27.400,33.6521896,-117.3037272,-117.726,-70.7929,13.5051,0.018,0.575,15.99,0.384197,1
2240,2026-08-15T15:29:27.440,33.6521903,-117.3037215,-117.199,-70.7151,13.3754,-0.047,0.388,9.11,0.216788,1
2240.04,2026-08-15T15:29:27.480,33.6521908,-117.3037159,-116.68,-70.6595,13.2458,-0.11,0.168,2.02,0.0476034,1
2240.08,2026-08-15T15:29:27.520,33.6521913,-117.3037102,-116.153,-70.6039,13.1877,-0.153,-0.063,-4.64,-0.108867,1
2240.12,2026-08-15T15:29:27.560,33.6521918,-117.3037045,-115.625,-70.5483,13.1609,-0.17,-0.295,-10.76,-0.251944,1
2240.16,2026-08-15T15:29:27.600,33.6521920,-117.3036989,-115.107,-70.526,13.1519,-0.168,-0.52,-16.16,-0.378128,1
2240.2,2026-08-15T15:29:27.640,33.6521920,-117.3036932,-114.579,-70.526,13.1519,-0.152,-0.694,-20.24,-0.473596,1
2240.24,2026-08-15T15:29:27.680,33.6521920,-117.3036874,-114.042,-70.526,13.21,-0.136,-0.806,-23.22,-0.545726,1
2240.28,2026-08-15T15:29:27.720,33.6521919,-117.3036817,-113.515,-70.5371,13.1519,-0.137,-0.853,-25.22,-0.590123,1
2240.32,2026-08-15T15:29:27.760,33.6521918,-117.3036760,-112.987,-70.5483,13.1072,-0.147,-0.828,-26.54,-0.618899,1
2240.36,2026-08-15T15:29:27.800,33.6521915,-117.3036705,-112.478,-70.5816,13.0178,-0.159,-0.763,-27.39,-0.634363,1
2240.4,2026-08-15T15:29:27.840,33.6521912,-117.3036649,-111.96,-70.615,12.9507,-0.169,-0.703,-28.15,-0.648607,1
2240.44,2026-08-15T15:29:27.880,33.6521908,-117.3036594,-111.451,-70.6595,12.906,-0.165,-0.679,-28.94,-0.664508,1
2240.48,2026-08-15T15:29:27.920,33.6521903,-117.3036537,-110.923,-70.7151,12.9329,-0.152,-0.689,-29.69,-0.683146,1
2240.52,2026-08-15T15:29:27.960,33.6521897,-117.3036482,-110.414,-70.7818,12.982,-0.151,-0.739,-30.4,-0.702142,1
2240.56,2026-08-15T15:29:28.000,33.6521889,-117.3036425,-109.886,-70.8707,12.9776,-0.16,-0.795,-31.09,-0.717831,1
2240.6,2026-08-15T15:29:28.040,33.6521881,-117.3036372,-109.396,-70.9597,12.8882,-0.176,-0.842,-31.81,-0.729395,1
2240.64,2026-08-15T15:29:28.080,33.6521871,-117.3036317,-108.887,-71.0709,12.763,-0.197,-0.864,-32.55,-0.739115,1
2240.68,2026-08-15T15:29:28.120,33.6521860,-117.3036265,-108.405,-71.1932,12.6334,-0.205,-0.862,-33.28,-0.748015,1
2240.72,2026-08-15T15:29:28.160,33.6521848,-117.3036213,-107.924,-71.3266,12.5574,-0.185,-0.831,-33.87,-0.756696,1
2240.76,2026-08-15T15:29:28.200,33.6521836,-117.3036161,-107.443,-71.4601,12.5529,-0.143,-0.798,-34.18,-0.76335,1
2240.8,2026-08-15T15:29:28.240,33.6521823,-117.3036109,-106.962,-71.6046,12.6244,-0.081,-0.791,-34.1,-0.765903,1
2240.84,2026-08-15T15:29:28.280,33.6521808,-117.3036056,-106.471,-71.7714,12.7406,-0.019,-0.822,-33.6,-0.761621,1
2240.88,2026-08-15T15:29:28.320,33.6521792,-117.3036004,-105.99,-71.9493,12.8479,0.024,-0.86,-32.84,-0.750662,1
2240.92,2026-08-15T15:29:28.360,33.6521775,-117.3035951,-105.499,-72.1384,12.8926,0.049,-0.889,-32.06,-0.735383,1
2240.96,2026-08-15T15:29:28.400,33.6521758,-117.3035900,-105.027,-72.3274,12.906,0.053,-0.88,-31.45,-0.722141,1
2241,2026-08-15T15:29:28.440,33.6521738,-117.3035848,-104.546,-72.5498,12.9105,0.054,-0.829,-31.08,-0.713893,1
2241.04,2026-08-15T15:29:28.480,33.6521719,-117.3035798,-104.083,-72.761,12.8882,0.067,-0.77,-30.91,-0.708759,1
2241.08,2026-08-15T15:29:28.520,33.6521699,-117.3035747,-103.611,-72.9834,12.9999,0.091,-0.747,-30.71,-0.710279,1
2241.12,2026-08-15T15:29:28.560,33.6521677,-117.3035695,-103.13,-73.2281,13.1698,0.115,-0.75,-30.33,-0.710657,1
2241.16,2026-08-15T15:29:28.600,33.6521653,-117.3035644,-102.658,-73.4949,13.286,0.14,-0.772,-29.61,-0.69991,1
2241.2,2026-08-15T15:29:28.640,33.6521629,-117.3035594,-102.195,-73.7618,13.3799,0.156,-0.787,-28.59,-0.680574,1
2241.24,2026-08-15T15:29:28.680,33.6521604,-117.3035544,-101.732,-74.0398,13.4336,0.169,-0.768,-27.29,-0.652233,1
2241.28,2026-08-15T15:29:28.720,33.6521578,-117.3035494,-101.269,-74.3289,13.4738,0.192,-0.713,-25.65,-0.614873,1
2241.32,2026-08-15T15:29:28.760,33.6521553,-117.3035443,-100.797,-74.6069,13.6302,0.227,-0.654,-23.71,-0.574968,1
2241.36,2026-08-15T15:29:28.800,33.6521525,-117.3035391,-100.316,-74.9182,13.8314,0.267,-0.602,-21.48,-0.528578,1
2241.4,2026-08-15T15:29:28.840,33.6521497,-117.3035340,-99.8437,-75.2296,14.0415,0.308,-0.557,-18.79,-0.469407,1
2241.44,2026-08-15T15:29:28.880,33.6521468,-117.3035290,-99.3809,-75.552,14.2338,0.343,-0.503,-15.93,-0.403407,1
2241.48,2026-08-15T15:29:28.920,33.6521438,-117.3035238,-98.8996,-75.8856,14.3992,0.363,-0.435,-13.15,-0.336877,1
2241.52,2026-08-15T15:29:28.960,33.6521407,-117.3035187,-98.4275,-76.2303,14.5377,0.373,-0.353,-10.38,-0.268474,1
2241.56,2026-08-15T15:29:29.000,33.6521377,-117.3035135,-97.9462,-76.5639,14.6495,0.385,-0.272,-7.78,-0.202773,1
2241.6,2026-08-15T15:29:29.040,33.6521346,-117.3035080,-97.4372,-76.9086,14.8373,0.398,-0.195,-5.34,-0.140962,1
2241.64,2026-08-15T15:29:29.080,33.6521315,-117.3035027,-96.9466,-77.2533,15.0697,0.412,-0.11,-2.79,-0.0748028,1
2241.68,2026-08-15T15:29:29.120,33.6521282,-117.3034972,-96.4375,-77.6203,15.3022,0.426,-0.01,0.14,0.00381145,1
2241.72,2026-08-15T15:29:29.160,33.6521251,-117.3034917,-95.9284,-77.965,15.4676,0.429,0.099,3.2,0.0880604,1
2241.76,2026-08-15T15:29:29.200,33.6521220,-117.3034859,-95.3916,-78.3097,15.6017,0.423,0.214,6.27,0.174039,1
2241.8,2026-08-15T15:29:29.240,33.6521189,-117.3034802,-94.864,-78.6544,15.7269,0.414,0.311,9.12,0.255179,1
2241.84,2026-08-15T15:29:29.280,33.6521159,-117.3034744,-94.3271,-78.988,15.8699,0.406,0.391,11.59,0.32724,1
2241.88,2026-08-15T15:29:29.320,33.6521129,-117.3034684,-93.7718,-79.3215,16.0443,0.406,0.441,13.38,0.38193,1
2241.92,2026-08-15T15:29:29.360,33.6521100,-117.3034622,-93.1979,-79.644,16.2186,0.41,0.468,14.6,0.421284,1
2241.96,2026-08-15T15:29:29.400,33.6521071,-117.3034560,-92.624,-79.9665,16.4153,0.414,0.484,15.38,0.449173,1
2242,2026-08-15T15:29:29.440,33.6521041,-117.3034496,-92.0317,-80.3001,16.6299,0.417,0.496,15.84,0.468655,1
2242.04,2026-08-15T15:29:29.480,33.6521012,-117.3034433,-91.4485,-80.6225,16.7998,0.419,0.499,16.02,0.478822,1
2242.08,2026-08-15T15:29:29.520,33.6520983,-117.3034368,-90.8469,-80.945,16.9518,0.429,0.508,16.07,0.484662,1
2242.12,2026-08-15T15:29:29.560,33.6520954,-117.3034302,-90.236,-81.2675,17.0948,0.447,0.513,16.01,0.486927,1
2242.16,2026-08-15T15:29:29.600,33.6520927,-117.3034234,-89.6066,-81.5677,17.3049,0.458,0.518,15.92,0.490141,1
2242.2,2026-08-15T15:29:29.640,33.6520899,-117.3034165,-88.9679,-81.879,17.5016,0.455,0.522,15.96,0.496958,1
2242.24,2026-08-15T15:29:29.680,33.6520872,-117.3034096,-88.3293,-82.1793,17.6849,0.432,0.524,16.27,0.511916,1
2242.28,2026-08-15T15:29:29.720,33.6520846,-117.3034026,-87.6814,-82.4684,17.7788,0.393,0.519,16.95,0.536142,1
2242.32,2026-08-15T15:29:29.760,33.6520818,-117.3033955,-87.0242,-82.7797,17.8905,0.36,0.526,17.92,0.570387,1
2242.36,2026-08-15T15:29:29.800,33.6520793,-117.3033883,-86.3577,-83.0577,17.9889,0.351,0.545,18.98,0.607448,1
2242.4,2026-08-15T15:29:29.840,33.6520768,-117.3033811,-85.6913,-83.3357,18.1856,0.365,0.576,19.95,0.645474,1
2242.44,2026-08-15T15:29:29.880,33.6520743,-117.3033736,-84.9971,-83.6137,18.4002,0.387,0.614,20.7,0.677642,1
2242.48,2026-08-15T15:29:29.920,33.6520719,-117.3033660,-84.2937,-83.8805,18.6729,0.401,0.653,21.2,0.704296,1
2242.52,2026-08-15T15:29:29.960,33.6520696,-117.3033583,-83.5809,-84.1363,18.8204,0.392,0.686,21.64,0.724593,1
2242.56,2026-08-15T15:29:30.000,33.6520673,-117.3033505,-82.859,-84.392,18.8651,0.369,0.709,22.06,0.740411,1
2242.6,2026-08-15T15:29:30.040,33.6520652,-117.3033428,-82.1463,-84.6255,18.9545,0.34,0.727,22.52,0.759432,1
2242.64,2026-08-15T15:29:30.080,33.6520630,-117.3033349,-81.415,-84.8702,19.0841,0.326,0.743,23.09,0.78398,1
2242.68,2026-08-15T15:29:30.120,33.6520611,-117.3033268,-80.6653,-85.0814,19.2451,0.322,0.761,23.65,0.809765,1
2242.72,2026-08-15T15:29:30.160,33.6520592,-117.3033188,-79.9248,-85.2927,19.3971,0.327,0.784,24.13,0.832725,1
2242.76,2026-08-15T15:29:30.200,33.6520573,-117.3033105,-79.1566,-85.504,19.5714,0.336,0.808,24.49,0.852745,1
2242.8,2026-08-15T15:29:30.240,33.6520555,-117.3033021,-78.3791,-85.7041,19.6921,0.342,0.825,24.68,0.864661,1
2242.84,2026-08-15T15:29:30.280,33.6520539,-117.3032939,-77.6201,-85.882,19.8173,0.341,0.835,24.71,0.871215,1
2242.88,2026-08-15T15:29:30.320,33.6520524,-117.3032854,-76.8333,-86.0488,19.9603,0.342,0.841,24.65,0.875373,1
2242.92,2026-08-15T15:29:30.360,33.6520510,-117.3032768,-76.0373,-86.2045,20.081,0.344,0.839,24.47,0.874236,1
2242.96,2026-08-15T15:29:30.400,33.6520497,-117.3032682,-75.2413,-86.3491,20.2017,0.344,0.833,24.27,0.872302,1
2243,2026-08-15T15:29:30.440,33.6520485,-117.3032595,-74.436,-86.4825,20.318,0.343,0.825,24.04,0.869007,1
2243.04,2026-08-15T15:29:30.480,33.6520473,-117.3032507,-73.6215,-86.6159,20.5191,0.34,0.815,23.81,0.869214,1
2243.08,2026-08-15T15:29:30.520,33.6520462,-117.3032418,-72.7977,-86.7382,20.689,0.33,0.809,23.63,0.869785,1
2243.12,2026-08-15T15:29:30.560,33.6520453,-117.3032329,-71.9739,-86.8383,20.7829,0.315,0.805,23.48,0.868185,1
2243.16,2026-08-15T15:29:30.600,33.6520445,-117.3032240,-71.1502,-86.9273,20.8499,0.3,0.813,23.36,0.866535,1
2243.2,2026-08-15T15:29:30.640,33.6520438,-117.3032150,-70.3171,-87.0051,20.9349,0.29,0.831,23.17,0.862988,1
2243.24,2026-08-15T15:29:30.680,33.6520432,-117.3032059,-69.4748,-87.0718,21.0198,0.281,0.86,22.72,0.849661,1
2243.28,2026-08-15T15:29:30.720,33.6520427,-117.3031967,-68.6233,-87.1274,21.1539,0.281,0.898,21.96,0.826479,1
2243.32,2026-08-15T15:29:30.760,33.6520424,-117.3031875,-67.7717,-87.1608,21.3283,0.286,0.937,20.86,0.79155,1
2243.36,2026-08-15T15:29:30.800,33.6520422,-117.3031782,-66.9109,-87.183,21.4445,0.29,0.943,19.18,0.731767,1
2243.4,2026-08-15T15:29:30.840,33.6520421,-117.3031688,-66.0409,-87.1941,21.5429,0.286,0.914,17.02,0.652336,1
2243.44,2026-08-15T15:29:30.880,33.6520421,-117.3031596,-65.1893,-87.1941,21.6144,0.28,0.857,14.4,0.55375,1
2243.48,2026-08-15T15:29:30.920,33.6520421,-117.3031502,-64.3192,-87.1941,21.6949,0.266,0.768,11.1,0.428438,1
2243.52,2026-08-15T15:29:30.960,33.6520421,-117.3031408,-63.4492,-87.1941,21.7753,0.258,0.671,7.31,0.283198,1
2243.56,2026-08-15T15:29:31.000,33.6520422,-117.3031314,-62.5791,-87.183,21.8737,0.259,0.573,3.68,0.143211,1
2243.6,2026-08-15T15:29:31.040,33.6520424,-117.3031218,-61.6905,-87.1608,22.0257,0.267,0.466,0.56,0.0219445,1
2243.64,2026-08-15T15:29:31.080,33.6520426,-117.3031122,-60.802,-87.1385,22.1732,0.275,0.343,-1.72,-0.0678523,1
2243.68,2026-08-15T15:29:31.120,33.6520428,-117.3031025,-59.9041,-87.1163,22.3252,0.277,0.215,-2.82,-0.112009,1
2243.72,2026-08-15T15:29:31.160,33.6520429,-117.3030927,-58.9971,-87.1052,22.3833,0.27,0.083,-2.79,-0.111106,1
2243.76,2026-08-15T15:29:31.200,33.6520429,-117.3030831,-58.1085,-87.1052,22.4503,0.26,-0.02,-1.98,-0.0790855,1
2243.8,2026-08-15T15:29:31.240,33.6520429,-117.3030733,-57.2014,-87.1052,22.5442,0.254,-0.073,-0.85,-0.0340928,1
2243.84,2026-08-15T15:29:31.280,33.6520430,-117.3030635,-56.2943,-87.0941,22.6918,0.253,-0.077,0.26,0.0104966,1
2243.88,2026-08-15T15:29:31.320,33.6520431,-117.3030536,-55.378,-87.083,22.8527,0.258,-0.046,1.11,0.0451303,1
2243.92,2026-08-15T15:29:31.360,33.6520432,-117.3030436,-54.4524,-87.0718,22.9823,0.26,0.004,1.58,0.064604,1
2243.96,2026-08-15T15:29:31.400,33.6520434,-117.3030336,-53.5268,-87.0496,23.0762,0.255,0.049,1.67,0.0685629,1
2244,2026-08-15T15:29:31.440,33.6520435,-117.3030235,-52.5919,-87.0385,23.1656,0.246,0.077,1.52,0.0626463,1
2244.04,2026-08-15T15:29:31.480,33.6520437,-117.3030135,-51.6663,-87.0162,23.2818,0.242,0.087,1.24,0.0513626,1
2244.08,2026-08-15T15:29:31.520,33.6520438,-117.3030034,-50.7315,-87.0051,23.3847,0.248,0.083,0.91,0.03786,1
2244.12,2026-08-15T15:29:31.560,33.6520439,-117.3029931,-49.7781,-86.994,23.5098,0.262,0.073,0.61,0.0255145,1
2244.16,2026-08-15T15:29:31.600,33.6520441,-117.3029828,-48.8247,-86.9718,23.6842,0.27,0.064,0.35,0.0147481,1
2244.2,2026-08-15T15:29:31.640,33.6520442,-117.3029725,-47.8714,-86.9606,23.8362,0.256,0.054,0.2,0.00848154,1
2244.24,2026-08-15T15:29:31.680,33.6520443,-117.3029622,-46.918,-86.9495,23.9122,0.21,0.04,0.23,0.00978487,1
2244.28,2026-08-15T15:29:31.720,33.6520445,-117.3029519,-45.9646,-86.9273,23.8764,0.137,0.04,0.49,0.0208149,1
2244.32,2026-08-15T15:29:31.760,33.6520447,-117.3029417,-45.0205,-86.905,23.7825,0.039,0.057,1.09,0.0461204,1
2244.36,2026-08-15T15:29:31.800,33.6520448,-117.3029315,-44.0764,-86.8939,23.7468,-0.062,0.086,2.01,0.0849198,1
2244.4,2026-08-15T15:29:31.840,33.6520450,-117.3029213,-43.1323,-86.8717,23.6931,-0.15,0.134,3.19,0.134469,1
2244.44,2026-08-15T15:29:31.880,33.6520453,-117.3029112,-42.1974,-86.8383,23.5769,-0.217,0.185,4.67,0.19589,1
2244.48,2026-08-15T15:29:31.920,33.6520456,-117.3029011,-41.2626,-86.805,23.4741,-0.262,0.226,6.28,0.262275,1
2244.52,2026-08-15T15:29:31.960,33.6520460,-117.3028911,-40.337,-86.7605,23.3578,-0.285,0.268,7.99,0.332038,1
2244.56,2026-08-15T15:29:32.000,33.6520463,-117.3028811,-39.4114,-86.7271,23.2684,-0.298,0.311,9.7,0.401557,1
2244.6,2026-08-15T15:29:32.040,33.6520467,-117.3028712,-38.4951,-86.6826,23.2014,-0.307,0.359,11.34,0.468096,1
2244.64,2026-08-15T15:29:32.080,33.6520472,-117.3028612,-37.5695,-86.6271,23.1298,-0.321,0.417,12.83,0.527968,1
2244.68,2026-08-15T15:29:32.120,33.6520478,-117.3028514,-36.6624,-86.5603,22.9779,-0.341,0.477,14.21,0.580914,1
2244.72,2026-08-15T15:29:32.160,33.6520484,-117.3028418,-35.7738,-86.4936,22.799,-0.364,0.531,15.48,0.627908,1
2244.76,2026-08-15T15:29:32.200,33.6520491,-117.3028322,-34.8852,-86.4158,22.6426,-0.39,0.593,16.85,0.678788,1
2244.8,2026-08-15T15:29:32.240,33.6520500,-117.3028226,-33.9966,-86.3157,22.4772,-0.411,0.654,18.32,0.732614,1
2244.84,2026-08-15T15:29:32.280,33.6520509,-117.3028131,-33.1173,-86.2156,22.276,-0.422,0.719,19.8,0.784713,1
2244.88,2026-08-15T15:29:32.320,33.6520520,-117.3028037,-32.2473,-86.0933,22.1106,-0.42,0.783,21.24,0.835533,1
2244.92,2026-08-15T15:29:32.360,33.6520531,-117.3027944,-31.3865,-85.971,21.9586,-0.408,0.837,22.44,0.87667,1
2244.96,2026-08-15T15:29:32.400,33.6520544,-117.3027851,-30.5256,-85.8264,21.8245,-0.391,0.87,23.25,0.902767,1
2245,2026-08-15T15:29:32.440,33.6520558,-117.3027759,-29.6741,-85.6708,21.7485,-0.375,0.882,23.73,0.918196,1
2245.04,2026-08-15T15:29:32.480,33.6520572,-117.3027668,-28.8318,-85.5151,21.592,-0.366,0.883,24.02,0.922731,1
2245.08,2026-08-15T15:29:32.520,33.6520588,-117.3027579,-28.008,-85.3372,21.4087,-0.361,0.883,24.23,0.922896,1
2245.12,2026-08-15T15:29:32.560,33.6520604,-117.3027490,-27.1842,-85.1593,21.2523,-0.351,0.885,24.46,0.924848,1
2245.16,2026-08-15T15:29:32.600,33.6520621,-117.3027402,-26.3697,-84.9702,21.1048,-0.337,0.9,24.69,0.927064,1
2245.2,2026-08-15T15:29:32.640,33.6520640,-117.3027314,-25.5552,-84.759,20.9885,-0.319,0.927,24.87,0.92868,1
2245.24,2026-08-15T15:29:32.680,33.6520658,-117.3027228,-24.7592,-84.5588,20.8723,-0.295,0.956,24.97,0.927251,1
2245.28,2026-08-15T15:29:32.720,33.6520680,-117.3027142,-23.9632,-84.3142,20.7605,-0.27,0.974,25.01,0.923763,1
2245.32,2026-08-15T15:29:32.760,33.6520702,-117.3027057,-23.1764,-84.0696,20.6309,-0.243,0.975,25.03,0.918729,1
2245.36,2026-08-15T15:29:32.800,33.6520724,-117.3026973,-22.3989,-83.8249,20.5638,-0.213,0.975,24.97,0.913547,1
2245.4,2026-08-15T15:29:32.840,33.6520747,-117.3026888,-21.6121,-83.5692,20.5817,-0.183,0.971,24.83,0.909215,1
2245.44,2026-08-15T15:29:32.880,33.6520774,-117.3026805,-20.8439,-83.269,20.5325,-0.158,0.963,24.53,0.896084,1
2245.48,2026-08-15T15:29:32.920,33.6520800,-117.3026722,-20.0756,-82.9799,20.4923,-0.141,0.949,24.11,0.879016,1
2245.52,2026-08-15T15:29:32.960,33.6520828,-117.3026641,-19.3259,-82.6685,20.461,-0.134,0.928,23.58,0.85838,1
2245.56,2026-08-15T15:29:33.000,33.6520856,-117.3026560,-18.5762,-82.3572,20.3984,-0.134,0.899,23.05,0.83652,1
2245.6,2026-08-15T15:29:33.040,33.6520885,-117.3026479,-17.8264,-82.0347,20.3761,-0.141,0.874,22.56,0.81784,1
2245.64,2026-08-15T15:29:33.080,33.6520914,-117.3026399,-17.086,-81.7122,20.3135,-0.153,0.866,22.03,0.796173,1
2245.68,2026-08-15T15:29:33.120,33.6520944,-117.3026321,-16.364,-81.3787,20.1749,-0.171,0.872,21.26,0.763103,1
2245.72,2026-08-15T15:29:33.160,33.6520977,-117.3026244,-15.6513,-81.0117,20.0766,-0.196,0.872,20.13,0.719021,1
2245.76,2026-08-15T15:29:33.200,33.6521009,-117.3026168,-14.9478,-80.6559,19.9335,-0.228,0.845,18.39,0.65219,1
2245.8,2026-08-15T15:29:33.240,33.6521041,-117.3026093,-14.2536,-80.3001,19.777,-0.264,0.793,16.17,0.568958,1
2245.84,2026-08-15T15:29:33.280,33.6521075,-117.3026018,-13.5594,-79.922,19.6608,-0.303,0.735,13.55,0.473968,1
2245.88,2026-08-15T15:29:33.320,33.6521108,-117.3025944,-12.8745,-79.5551,19.5535,-0.345,0.681,10.35,0.360059,1
2245.92,2026-08-15T15:29:33.360,33.6521142,-117.3025872,-12.2081,-79.177,19.3479,-0.387,0.628,6.81,0.234417,1
2245.96,2026-08-15T15:29:33.400,33.6521175,-117.3025801,-11.5509,-78.81,19.1333,-0.423,0.577,3.1,0.105526,1
2246,2026-08-15T15:29:33.440,33.6521210,-117.3025730,-10.8937,-78.4209,18.9634,-0.447,0.484,-0.9,-0.0303646,1
2246.04,2026-08-15T15:29:33.480,33.6521242,-117.3025660,-10.2458,-78.065,18.7891,-0.455,0.352,-4.74,-0.15845,1
2246.08,2026-08-15T15:29:33.520,33.6521276,-117.3025590,-9.59787,-77.687,18.6594,-0.444,0.199,-7.86,-0.260933,1
2246.12,2026-08-15T15:29:33.560,33.6521308,-117.3025520,-8.94995,-77.3312,18.57,-0.416,0.044,-10.14,-0.335011,1
2246.16,2026-08-15T15:29:33.600,33.6521339,-117.3025450,-8.30203,-76.9865,18.4762,-0.378,-0.094,-11.52,-0.37868,1
2246.2,2026-08-15T15:29:33.640,33.6521370,-117.3025381,-7.66337,-76.6417,18.3733,-0.336,-0.19,-12,-0.392263,1
2246.24,2026-08-15T15:29:33.680,33.6521400,-117.3025311,-7.01545,-76.3082,18.2929,-0.299,-0.262,-12.1,-0.3938,1
2246.28,2026-08-15T15:29:33.720,33.6521431,-117.3025241,-6.36753,-75.9635,18.2124,-0.28,-0.333,-12.22,-0.395956,1
2246.32,2026-08-15T15:29:33.760,33.6521460,-117.3025171,-5.71961,-75.641,18.1454,-0.279,-0.39,-12.58,-0.40612,1
2246.36,2026-08-15T15:29:33.800,33.6521488,-117.3025102,-5.08095,-75.3296,18.0336,-0.292,-0.439,-13.32,-0.427361,1
2246.4,2026-08-15T15:29:33.840,33.6521516,-117.3025032,-4.43303,-75.0183,17.8995,-0.312,-0.487,-14.43,-0.459531,1
2246.44,2026-08-15T15:29:33.880,33.6521542,-117.3024963,-3.79437,-74.7292,17.7877,-0.318,-0.518,-15.86,-0.501917,1
2246.48,2026-08-15T15:29:33.920,33.6521568,-117.3024893,-3.14645,-74.4401,17.6715,-0.306,-0.543,-17.31,-0.544225,1
2246.52,2026-08-15T15:29:33.960,33.6521592,-117.3024824,-2.50778,-74.1732,17.6089,-0.265,-0.582,-18.65,-0.584278,1
2246.56,2026-08-15T15:29:34.000,33.6521616,-117.3024753,-1.85061,-73.9064,17.6,-0.218,-0.625,-19.73,-0.617799,1
2246.6,2026-08-15T15:29:34.040,33.6521638,-117.3024683,-1.20269,-73.6617,17.6223,-0.172,-0.668,-20.5,-0.642725,1
2246.64,2026-08-15T15:29:34.080,33.6521661,-117.3024612,-0.545515,-73.406,17.6357,-0.136,-0.712,-20.98,-0.658275,1
2246.68,2026-08-15T15:29:34.120,33.6521681,-117.3024540,0.120916,-73.1836,17.6089,-0.119,-0.737,-21.32,-0.667925,1
2246.72,2026-08-15T15:29:34.160,33.6521701,-117.3024467,0.796603,-72.9612,17.5731,-0.121,-0.736,-21.67,-0.677512,1
2246.76,2026-08-15T15:29:34.200,33.6521720,-117.3024396,1.45378,-72.7499,17.5106,-0.13,-0.746,-22.13,-0.689429,1
2246.8,2026-08-15T15:29:34.240,33.6521738,-117.3024324,2.12021,-72.5498,17.3988,-0.139,-0.756,-22.72,-0.703292,1
2246.84,2026-08-15T15:29:34.280,33.6521755,-117.3024252,2.78664,-72.3607,17.3541,-0.151,-0.768,-23.38,-0.721863,1
2246.88,2026-08-15T15:29:34.320,33.6521770,-117.3024179,3.46233,-72.1939,17.3586,-0.162,-0.788,-24.01,-0.741505,1
2246.92,2026-08-15T15:29:34.360,33.6521783,-117.3024107,4.12876,-72.0494,17.3496,-0.169,-0.806,-24.49,-0.75594,1
2246.96,2026-08-15T15:29:34.400,33.6521797,-117.3024034,4.80444,-71.8937,17.3139,-0.174,-0.81,-24.79,-0.763623,1
2247,2026-08-15T15:29:34.440,33.6521809,-117.3023961,5.48013,-71.7603,17.2423,-0.176,-0.809,-24.91,-0.764149,1
2247.04,2026-08-15T15:29:34.480,33.6521820,-117.3023889,6.14656,-71.638,17.1485,-0.172,-0.806,-24.87,-0.758768,1
2247.08,2026-08-15T15:29:34.520,33.6521830,-117.3023816,6.82225,-71.5268,17.0501,-0.162,-0.798,-24.75,-0.750776,1
2247.12,2026-08-15T15:29:34.560,33.6521839,-117.3023744,7.48868,-71.4267,17.0009,-0.152,-0.793,-24.6,-0.744074,1
2247.16,2026-08-15T15:29:34.600,33.6521847,-117.3023671,8.16437,-71.3377,17.0099,-0.141,-0.788,-24.45,-0.739926,1
2247.2,2026-08-15T15:29:34.640,33.6521853,-117.3023598,8.84005,-71.271,16.9875,-0.135,-0.78,-24.34,-0.735629,1
2247.24,2026-08-15T15:29:34.680,33.6521859,-117.3023525,9.51574,-71.2043,16.9473,-0.133,-0.775,-24.29,-0.732379,1
2247.28,2026-08-15T15:29:34.720,33.6521864,-117.3023453,10.1822,-71.1487,16.8847,-0.125,-0.771,-24.31,-0.730275,1
2247.32,2026-08-15T15:29:34.760,33.6521867,-117.3023380,10.8579,-71.1154,16.8221,-0.11,-0.769,-24.36,-0.729065,1
2247.36,2026-08-15T15:29:34.800,33.6521870,-117.3023308,11.5243,-71.082,16.8087,-0.083,-0.767,-24.41,-0.729979,1
2247.4,2026-08-15T15:29:34.840,33.6521871,-117.3023236,12.1907,-71.0709,16.8445,-0.046,-0.774,-24.39,-0.730933,1
2247.44,2026-08-15T15:29:34.880,33.6521872,-117.3023162,12.8757,-71.0598,16.8802,-0.009,-0.785,-24.22,-0.727379,1
2247.48,2026-08-15T15:29:34.920,33.6521871,-117.3023089,13.5513,-71.0709,16.9518,0.02,-0.8,-23.88,-0.720207,1
2247.52,2026-08-15T15:29:34.960,33.6521869,-117.3023015,14.2363,-71.0931,17.0054,0.036,-0.805,-23.38,-0.707359,1
2247.56,2026-08-15T15:29:35.000,33.6521867,-117.3022941,14.9212,-71.1154,17.0501,0.039,-0.798,-22.81,-0.691928,1
2247.6,2026-08-15T15:29:35.040,33.6521863,-117.3022867,15.6062,-71.1598,17.0367,0.033,-0.777,-22.29,-0.675622,1
2247.64,2026-08-15T15:29:35.080,33.6521857,-117.3022794,16.2819,-71.2266,17.0099,0.021,-0.752,-21.94,-0.663966,1
2247.68,2026-08-15T15:29:35.120,33.6521853,-117.3022720,16.9668,-71.271,17.0143,0.01,-0.73,-21.82,-0.660508,1
2247.72,2026-08-15T15:29:35.160,33.6521845,-117.3022646,17.6518,-71.36,17.1172,-0.001,-0.716,-21.99,-0.669677,1
2247.76,2026-08-15T15:29:35.200,33.6521838,-117.3022572,18.3367,-71.4378,17.1663,-0.015,-0.712,-22.37,-0.683206,1
2247.8,2026-08-15T15:29:35.240,33.6521829,-117.3022498,19.0216,-71.5379,17.1932,-0.03,-0.716,-22.93,-0.701404,1
2247.84,2026-08-15T15:29:35.280,33.6521820,-117.3022425,19.6973,-71.638,17.1708,-0.043,-0.725,-23.63,-0.721876,1
2247.88,2026-08-15T15:29:35.320,33.6521808,-117.3022352,20.373,-71.7714,17.1306,-0.056,-0.735,-24.39,-0.743348,1
2247.92,2026-08-15T15:29:35.360,33.6521796,-117.3022279,21.0487,-71.9048,17.1216,-0.064,-0.752,-25.11,-0.764892,1
2247.96,2026-08-15T15:29:35.400,33.6521784,-117.3022207,21.7151,-72.0383,17.135,-0.075,-0.776,-25.78,-0.785917,1
2248,2026-08-15T15:29:35.440,33.6521771,-117.3022135,22.3816,-72.1828,17.135,-0.091,-0.802,-26.33,-0.802684,1
2248.04,2026-08-15T15:29:35.480,33.6521756,-117.3022063,23.048,-72.3496,17.0859,-0.111,-0.822,-26.75,-0.813147,1
2248.08,2026-08-15T15:29:35.520,33.6521740,-117.3021992,23.7052,-72.5275,17.0322,-0.139,-0.83,-27.13,-0.822109,1
2248.12,2026-08-15T15:29:35.560,33.6521723,-117.3021922,24.3531,-72.7166,16.9518,-0.161,-0.83,-27.54,-0.830591,1
2248.16,2026-08-15T15:29:35.600,33.6521705,-117.3021853,24.9917,-72.9167,16.8936,-0.173,-0.823,-28.03,-0.842471,1
2248.2,2026-08-15T15:29:35.640,33.6521686,-117.3021784,25.6304,-73.128,16.8355,-0.171,-0.818,-28.58,-0.856046,1
2248.24,2026-08-15T15:29:35.680,33.6521666,-117.3021715,26.2691,-73.3504,16.8042,-0.154,-0.825,-29.07,-0.869105,1
2248.28,2026-08-15T15:29:35.720,33.6521645,-117.3021646,26.9077,-73.5839,16.8132,-0.124,-0.845,-29.41,-0.879737,1
2248.32,2026-08-15T15:29:35.760,33.6521622,-117.3021579,27.5279,-73.8396,16.84,-0.093,-0.867,-29.53,-0.884736,1
2248.36,2026-08-15T15:29:35.800,33.6521598,-117.3021512,28.148,-74.1065,16.8445,-0.064,-0.89,-29.38,-0.880476,1
2248.4,2026-08-15T15:29:35.840,33.6521573,-117.3021445,28.7682,-74.3845,16.8445,-0.042,-0.911,-28.98,-0.868488,1
2248.44,2026-08-15T15:29:35.880,33.6521547,-117.3021380,29.3698,-74.6736,16.8579,-0.033,-0.925,-28.41,-0.852084,1
2248.48,2026-08-15T15:29:35.920,33.6521520,-117.3021314,29.9807,-74.9738,16.8534,-0.034,-0.926,-27.78,-0.832968,1
2248.52,2026-08-15T15:29:35.960,33.6521492,-117.3021249,30.5824,-75.2852,16.8623,-0.05,-0.915,-27.15,-0.81451,1
2248.56,2026-08-15T15:29:36.000,33.6521463,-117.3021186,31.1655,-75.6076,16.8221,-0.073,-0.901,-26.65,-0.797602,1
2248.6,2026-08-15T15:29:36.040,33.6521433,-117.3021122,31.7579,-75.9412,16.764,-0.096,-0.879,-26.38,-0.786794,1
2248.64,2026-08-15T15:29:36.080,33.6521403,-117.3021060,32.3317,-76.2748,16.6925,-0.115,-0.859,-26.35,-0.782546,1
2248.68,2026-08-15T15:29:36.120,33.6521371,-117.3020999,32.8964,-76.6306,16.688,-0.118,-0.847,-26.52,-0.787383,1
2248.72,2026-08-15T15:29:36.160,33.6521339,-117.3020938,33.461,-76.9865,16.6969,-0.099,-0.849,-26.8,-0.796123,1
2248.76,2026-08-15T15:29:36.200,33.6521304,-117.3020878,34.0163,-77.3756,16.7238,-0.06,-0.859,-26.97,-0.80246,1
2248.8,2026-08-15T15:29:36.240,33.6521270,-117.3020820,34.5532,-77.7537,16.7774,-0.016,-0.868,-26.9,-0.802945,1
2248.84,2026-08-15T15:29:36.280,33.6521233,-117.3020761,35.0993,-78.1651,16.8445,0.03,-0.871,-26.53,-0.795065,1
2248.88,2026-08-15T15:29:36.320,33.6521194,-117.3020703,35.6361,-78.5988,16.9339,0.068,-0.863,-25.9,-0.780305,1
2248.92,2026-08-15T15:29:36.360,33.6521156,-117.3020645,36.173,-79.0213,17.0054,0.091,-0.846,-25.14,-0.760607,1
2248.96,2026-08-15T15:29:36.400,33.6521117,-117.3020588,36.7006,-79.455,17.0725,0.089,-0.828,-24.38,-0.740522,1
2249,2026-08-15T15:29:36.440,33.6521076,-117.3020531,37.2282,-79.9109,17.1172,0.072,-0.815,-23.75,-0.723275,1
2249.04,2026-08-15T15:29:36.480,33.6521035,-117.3020476,37.7372,-80.3668,17.144,0.039,-0.799,-23.31,-0.710988,1
2249.08,2026-08-15T15:29:36.520,33.6520993,-117.3020421,38.2463,-80.8338,17.1306,-0.004,-0.781,-23.1,-0.704032,1
2249.12,2026-08-15T15:29:36.560,33.6520950,-117.3020368,38.7369,-81.3119,17.0456,-0.049,-0.759,-23.15,-0.702057,1
2249.16,2026-08-15T15:29:36.600,33.6520907,-117.3020317,39.2089,-81.7901,17.0009,-0.08,-0.729,-23.44,-0.708988,1
2249.2,2026-08-15T15:29:36.640,33.6520864,-117.3020265,39.6902,-82.2682,16.9786,-0.095,-0.705,-23.88,-0.721347,1
2249.24,2026-08-15T15:29:36.680,33.6520820,-117.3020214,40.1623,-82.7575,16.9965,-0.09,-0.708,-24.44,-0.73904,1
2249.28,2026-08-15T15:29:36.720,33.6520775,-117.3020162,40.6436,-83.2578,17.0322,-0.075,-0.739,-24.99,-0.757262,1
2249.32,2026-08-15T15:29:36.760,33.6520729,-117.3020114,41.0879,-83.7693,17.068,-0.061,-0.791,-25.4,-0.771302,1
2249.36,2026-08-15T15:29:36.800,33.6520682,-117.3020066,41.5322,-84.292,17.1172,-0.049,-0.857,-25.62,-0.780224,1
2249.4,2026-08-15T15:29:36.840,33.6520634,-117.3020018,41.9765,-84.8257,17.0993,-0.043,-0.903,-25.67,-0.78093,1
2249.44,2026-08-15T15:29:36.880,33.6520585,-117.3019973,42.393,-85.3705,17.0412,-0.042,-0.909,-25.54,-0.774334,1
2249.48,2026-08-15T15:29:36.920,33.6520536,-117.3019930,42.791,-85.9154,16.9965,-0.04,-0.879,-25.38,-0.767465,1
2249.52,2026-08-15T15:29:36.960,33.6520486,-117.3019885,43.2075,-86.4714,17.0322,-0.043,-0.83,-25.26,-0.765443,1
2249.56,2026-08-15T15:29:37.000,33.6520436,-117.3019841,43.6148,-87.0274,17.0769,-0.048,-0.778,-25.24,-0.766845,1
2249.6,2026-08-15T15:29:37.040,33.6520385,-117.3019800,43.9943,-87.5944,17.059,-0.061,-0.745,-25.45,-0.772415,1
2249.64,2026-08-15T15:29:37.080,33.6520334,-117.3019758,44.383,-88.1615,17.0903,-0.083,-0.739,-25.88,-0.786907,1
2249.68,2026-08-15T15:29:37.120,33.6520282,-117.3019719,44.744,-88.7398,17.0322,-0.105,-0.76,-26.56,-0.804837,1
2249.72,2026-08-15T15:29:37.160,33.6520230,-117.3019681,45.0957,-89.318,16.9428,-0.122,-0.792,-27.34,-0.824124,1
2249.76,2026-08-15T15:29:37.200,33.6520177,-117.3019645,45.429,-89.9073,16.8847,-0.136,-0.825,-28.11,-0.844428,1
2249.8,2026-08-15T15:29:37.240,33.6520124,-117.3019609,45.7622,-90.4966,16.8668,-0.14,-0.858,-28.73,-0.862139,1
2249.84,2026-08-15T15:29:37.280,33.6520070,-117.3019575,46.0769,-91.0971,16.8758,-0.14,-0.882,-29.18,-0.876107,1
2249.88,2026-08-15T15:29:37.320,33.6520015,-117.3019542,46.3823,-91.7087,16.8579,-0.14,-0.896,-29.43,-0.882676,1
2249.92,2026-08-15T15:29:37.360,33.6519960,-117.3019509,46.6878,-92.3202,16.8221,-0.14,-0.903,-29.59,-0.885592,1
2249.96,2026-08-15T15:29:37.400,33.6519907,-117.3019480,46.9562,-92.9096,16.7908,-0.139,-0.898,-29.73,-0.888127,1
2250,2026-08-15T15:29:37.440,33.6519851,-117.3019451,47.2246,-93.5323,16.7864,-0.134,-0.885,-29.86,-0.891773,1
2250.04,2026-08-15T15:29:37.480,33.6519795,-117.3019423,47.4838,-94.1549,16.7416,-0.124,-0.876,-29.96,-0.892377,1
2250.08,2026-08-15T15:29:37.520,33.6519739,-117.3019396,47.7337,-94.7776,16.7282,-0.105,-0.874,-29.99,-0.892555,1
2250.12,2026-08-15T15:29:37.560,33.6519683,-117.3019372,47.9558,-95.4003,16.7372,-0.079,-0.88,-29.9,-0.890352,1
2250.16,2026-08-15T15:29:37.600,33.6519625,-117.3019348,48.178,-96.0453,16.764,-0.048,-0.903,-29.64,-0.884024,1
2250.2,2026-08-15T15:29:37.640,33.6519568,-117.3019326,48.3816,-96.6791,16.8176,-0.017,-0.931,-29.2,-0.873688,1
2250.24,2026-08-15T15:29:37.680,33.6519509,-117.3019307,48.5575,-97.3351,16.9071,0.008,-0.95,-28.47,-0.856375,1
2250.28,2026-08-15T15:29:37.720,33.6519449,-117.3019286,48.7519,-98.0023,16.983,0.019,-0.951,-27.57,-0.83303,1
2250.32,2026-08-15T15:29:37.760,33.6519390,-117.3019269,48.9092,-98.6583,17.0233,0.009,-0.944,-26.59,-0.805323,1
2250.36,2026-08-15T15:29:37.800,33.6519330,-117.3019252,49.0666,-99.3255,17.0009,-0.019,-0.929,-25.76,-0.779161,1
2250.4,2026-08-15T15:29:37.840,33.6519271,-117.3019236,49.2147,-99.9816,16.9294,-0.066,-0.904,-25.38,-0.764437,1
2250.44,2026-08-15T15:29:37.880,33.6519211,-117.3019223,49.335,-100.649,16.8311,-0.112,-0.882,-25.58,-0.765985,1
2250.48,2026-08-15T15:29:37.920,33.6519151,-117.3019210,49.4553,-101.316,16.7729,-0.143,-0.861,-26.23,-0.782737,1
2250.52,2026-08-15T15:29:37.960,33.6519092,-117.3019199,49.5571,-101.972,16.7506,-0.152,-0.844,-27.17,-0.809707,1
2250.56,2026-08-15T15:29:38.000,33.6519032,-117.3019190,49.6404,-102.639,16.7685,-0.144,-0.844,-28.06,-0.837123,1
2250.6,2026-08-15T15:29:38.040,33.6518972,-117.3019180,49.733,-103.306,16.8042,-0.123,-0.866,-28.62,-0.855651,1
2250.64,2026-08-15T15:29:38.080,33.6518911,-117.3019173,49.7978,-103.985,16.8176,-0.109,-0.895,-28.79,-0.86142,1
2250.68,2026-08-15T15:29:38.120,33.6518851,-117.3019169,49.8348,-104.652,16.7819,-0.103,-0.924,-28.71,-0.8572,1
2250.72,2026-08-15T15:29:38.160,33.6518790,-117.3019166,49.8626,-105.33,16.7238,-0.106,-0.937,-28.47,-0.847091,1
2250.76,2026-08-15T15:29:38.200,33.6518730,-117.3019164,49.8811,-105.997,16.6433,-0.116,-0.925,-28.27,-0.837093,1
2250.8,2026-08-15T15:29:38.240,33.6518670,-117.3019164,49.8811,-106.664,16.6254,-0.126,-0.896,-28.23,-0.83501,1
2250.84,2026-08-15T15:29:38.280,33.6518609,-117.3019164,49.8811,-107.343,16.6254,-0.127,-0.865,-28.33,-0.837968,1
2250.88,2026-08-15T15:29:38.320,33.6518550,-117.3019165,49.8718,-107.999,16.6075,-0.121,-0.844,-28.51,-0.842385,1
2250.92,2026-08-15T15:29:38.360,33.6518490,-117.3019168,49.8441,-108.666,16.5807,-0.109,-0.843,-28.73,-0.847515,1
2250.96,2026-08-15T15:29:38.400,33.6518431,-117.3019173,49.7978,-109.322,16.5628,-0.087,-0.856,-28.89,-0.851315,1
2251,2026-08-15T15:29:38.440,33.6518372,-117.3019180,49.733,-109.978,16.5718,-0.066,-0.872,-28.92,-0.852659,1
2251.04,2026-08-15T15:29:38.480,33.6518312,-117.3019187,49.6682,-110.645,16.5762,-0.048,-0.889,-28.8,-0.849351,1
2251.08,2026-08-15T15:29:38.520,33.6518252,-117.3019196,49.5849,-111.312,16.6075,-0.032,-0.902,-28.51,-0.842385,1
2251.12,2026-08-15T15:29:38.560,33.6518192,-117.3019206,49.4923,-111.979,16.6075,-0.025,-0.91,-28.04,-0.828498,1
2251.16,2026-08-15T15:29:38.600,33.6518133,-117.3019218,49.3813,-112.636,16.6254,-0.027,-0.915,-27.54,-0.814601,1
2251.2,2026-08-15T15:29:38.640,33.6518074,-117.3019230,49.2702,-113.292,16.6299,-0.033,-0.919,-27.07,-0.800914,1
2251.24,2026-08-15T15:29:38.680,33.6518014,-117.3019244,49.1406,-113.959,16.6522,-0.044,-0.917,-26.75,-0.79251,1
2251.28,2026-08-15T15:29:38.720,33.6517955,-117.3019261,48.9833,-114.615,16.6612,-0.06,-0.913,-26.6,-0.788489,1
2251.32,2026-08-15T15:29:38.760,33.6517898,-117.3019278,48.8259,-115.249,16.6344,-0.076,-0.905,-26.66,-0.788996,1
2251.36,2026-08-15T15:29:38.800,33.6517839,-117.3019297,48.65,-115.905,16.612,-0.094,-0.893,-26.86,-0.793846,1
2251.4,2026-08-15T15:29:38.840,33.6517783,-117.3019318,48.4557,-116.527,16.5941,-0.116,-0.88,-27.18,-0.802439,1
2251.44,2026-08-15T15:29:38.880,33.6517725,-117.3019339,48.2613,-117.172,16.545,-0.135,-0.866,-27.57,-0.811541,1
2251.48,2026-08-15T15:29:38.920,33.6517669,-117.3019361,48.0577,-117.795,16.4645,-0.153,-0.851,-28.06,-0.821948,1
2251.52,2026-08-15T15:29:38.960,33.6517612,-117.3019384,47.8448,-118.429,16.3885,-0.171,-0.838,-28.72,-0.837397,1
2251.56,2026-08-15T15:29:39.000,33.6517557,-117.3019409,47.6134,-119.04,16.3661,-0.178,-0.83,-29.52,-0.859549,1
2251.6,2026-08-15T15:29:39.040,33.6517503,-117.3019435,47.3727,-119.641,16.3214,-0.177,-0.832,-30.44,-0.883916,1
2251.64,2026-08-15T15:29:39.080,33.6517449,-117.3019462,47.1228,-120.241,16.2499,-0.163,-0.851,-31.42,-0.908375,1
2251.68,2026-08-15T15:29:39.120,33.6517397,-117.3019490,46.8636,-120.819,16.2544,-0.138,-0.88,-32.27,-0.933206,1
2251.72,2026-08-15T15:29:39.160,33.6517344,-117.3019520,46.586,-121.409,16.2946,-0.112,-0.918,-32.8,-0.950881,1
2251.76,2026-08-15T15:29:39.200,33.6517291,-117.3019552,46.2898,-121.998,16.3348,-0.093,-0.955,-32.95,-0.957588,1
2251.8,2026-08-15T15:29:39.240,33.6517239,-117.3019584,45.9936,-122.576,16.3348,-0.086,-0.983,-32.69,-0.950032,1
2251.84,2026-08-15T15:29:39.280,33.6517187,-117.3019618,45.6789,-123.155,16.2946,-0.094,-0.988,-32.17,-0.932617,1
2251.88,2026-08-15T15:29:39.320,33.6517136,-117.3019655,45.3364,-123.722,16.2276,-0.109,-0.992,-31.54,-0.91059,1
2251.92,2026-08-15T15:29:39.360,33.6517087,-117.3019692,44.9939,-124.267,16.165,-0.124,-0.981,-30.98,-0.890973,1
2251.96,2026-08-15T15:29:39.400,33.6517038,-117.3019729,44.6515,-124.811,16.089,-0.137,-0.957,-30.61,-0.876193,1
2252,2026-08-15T15:29:39.440,33.6516990,-117.3019768,44.2905,-125.345,16.0756,-0.14,-0.935,-30.51,-0.872603,1
2252.04,2026-08-15T15:29:39.480,33.6516942,-117.3019807,43.9295,-125.879,16.0309,-0.126,-0.917,-30.62,-0.873314,1
2252.08,2026-08-15T15:29:39.520,33.6516896,-117.3019848,43.55,-126.39,16.0309,-0.101,-0.904,-30.84,-0.879588,1
2252.12,2026-08-15T15:29:39.560,33.6516851,-117.3019890,43.1612,-126.891,16.0487,-0.065,-0.901,-30.97,-0.884281,1
2252.16,2026-08-15T15:29:39.600,33.6516804,-117.3019934,42.754,-127.413,16.0487,-0.021,-0.909,-30.8,-0.879427,1
2252.2,2026-08-15T15:29:39.640,33.6516760,-117.3019979,42.3375,-127.903,16.1024,0.013,-0.921,-30.29,-0.867756,1
2252.24,2026-08-15T15:29:39.680,33.6516716,-117.3020025,41.9117,-128.392,16.1739,0.025,-0.934,-29.41,-0.846288,1
2252.28,2026-08-15T15:29:39.720,33.6516673,-117.3020072,41.4767,-128.87,16.1828,0.017,-0.945,-28.38,-0.817101,1
2252.32,2026-08-15T15:29:39.760,33.6516630,-117.3020120,41.0324,-129.348,16.1739,-0.011,-0.95,-27.47,-0.790464,1
2252.36,2026-08-15T15:29:39.800,33.6516589,-117.3020168,40.5881,-129.804,16.0577,-0.063,-0.947,-26.9,-0.768499,1
2252.4,2026-08-15T15:29:39.840,33.6516548,-117.3020218,40.1253,-130.26,15.9638,-0.119,-0.944,-26.77,-0.760314,1
2252.44,2026-08-15T15:29:39.880,33.6516509,-117.3020268,39.6625,-130.694,15.8923,-0.167,-0.943,-27.13,-0.767086,1
2252.48,2026-08-15T15:29:39.920,33.6516472,-117.3020319,39.1904,-131.105,15.7626,-0.2,-0.926,-27.94,-0.783544,1
2252.52,2026-08-15T15:29:39.960,33.6516435,-117.3020371,38.7091,-131.516,15.709,-0.211,-0.913,-28.88,-0.807149,1
2252.56,2026-08-15T15:29:40.000,33.6516399,-117.3020424,38.2185,-131.917,15.7,-0.191,-0.918,-29.75,-0.830991,1
2252.6,2026-08-15T15:29:40.040,33.6516363,-117.3020477,37.728,-132.317,15.7,-0.148,-0.935,-30.25,-0.844957,1
2252.64,2026-08-15T15:29:40.080,33.6516330,-117.3020532,37.2189,-132.684,15.7626,-0.094,-0.949,-30.32,-0.850288,1
2252.68,2026-08-15T15:29:40.120,33.6516296,-117.3020589,36.6913,-133.062,15.8163,-0.045,-0.948,-29.97,-0.843333,1
2252.72,2026-08-15T15:29:40.160,33.6516264,-117.3020645,36.173,-133.418,15.8833,-0.002,-0.939,-29.4,-0.830802,1
2252.76,2026-08-15T15:29:40.200,33.6516233,-117.3020704,35.6269,-133.763,15.928,0.026,-0.927,-28.72,-0.81387,1
2252.8,2026-08-15T15:29:40.240,33.6516203,-117.3020762,35.09,-134.096,15.9638,0.041,-0.918,-28.08,-0.79752,1
2252.84,2026-08-15T15:29:40.280,33.6516172,-117.3020821,34.5439,-134.441,15.9727,0.053,-0.906,-27.5,-0.781485,1
2252.88,2026-08-15T15:29:40.320,33.6516144,-117.3020882,33.9793,-134.752,15.9996,0.064,-0.896,-26.94,-0.766856,1
2252.92,2026-08-15T15:29:40.360,33.6516117,-117.3020943,33.4147,-135.052,16.0666,0.073,-0.886,-26.43,-0.755492,1
2252.96,2026-08-15T15:29:40.400,33.6516089,-117.3021006,32.8316,-135.364,16.1203,0.086,-0.878,-26.01,-0.745969,1
2253,2026-08-15T15:29:40.440,33.6516063,-117.3021068,32.2577,-135.653,16.1828,0.095,-0.868,-25.71,-0.740228,1
2253.04,2026-08-15T15:29:40.480,33.6516038,-117.3021132,31.6653,-135.931,16.2723,0.106,-0.859,-25.55,-0.739685,1
2253.08,2026-08-15T15:29:40.520,33.6516014,-117.3021197,31.0637,-136.198,16.3438,0.125,-0.844,-25.51,-0.741774,1
2253.12,2026-08-15T15:29:40.560,33.6515990,-117.3021262,30.462,-136.465,16.4108,0.149,-0.82,-25.55,-0.745985,1
2253.16,2026-08-15T15:29:40.600,33.6515967,-117.3021329,29.8419,-136.72,16.5494,0.182,-0.796,-25.57,-0.752873,1
2253.2,2026-08-15T15:29:40.640,33.6515945,-117.3021398,29.2032,-136.965,16.7193,0.224,-0.78,-25.47,-0.757627,1
2253.24,2026-08-15T15:29:40.680,33.6515923,-117.3021466,28.5738,-137.21,16.8534,0.261,-0.776,-25.2,-0.755608,1
2253.28,2026-08-15T15:29:40.720,33.6515903,-117.3021537,27.9166,-137.432,17.0099,0.296,-0.779,-24.79,-0.750215,1
2253.32,2026-08-15T15:29:40.760,33.6515882,-117.3021607,27.2687,-137.666,17.1529,0.321,-0.784,-24.21,-0.738825,1
2253.36,2026-08-15T15:29:40.800,33.6515863,-117.3021678,26.6115,-137.877,17.2736,0.331,-0.779,-23.51,-0.722511,1
2253.4,2026-08-15T15:29:40.840,33.6515844,-117.3021751,25.9359,-138.088,17.3809,0.332,-0.762,-22.76,-0.703806,1
2253.44,2026-08-15T15:29:40.880,33.6515827,-117.3021824,25.2602,-138.277,17.5329,0.332,-0.737,-21.91,-0.683447,1
2253.48,2026-08-15T15:29:40.920,33.6515811,-117.3021898,24.5752,-138.455,17.7073,0.331,-0.709,-20.96,-0.660315,1
2253.52,2026-08-15T15:29:40.960,33.6515795,-117.3021975,23.8625,-138.633,17.9129,0.341,-0.677,-19.95,-0.635795,1
2253.56,2026-08-15T15:29:41.000,33.6515778,-117.3022050,23.1683,-138.822,18.0962,0.36,-0.647,-19.08,-0.61429,1
2253.6,2026-08-15T15:29:41.040,33.6515763,-117.3022128,22.4464,-138.989,18.2661,0.388,-0.63,-18.41,-0.598283,1
2253.64,2026-08-15T15:29:41.080,33.6515748,-117.3022207,21.7151,-139.156,18.4672,0.409,-0.638,-18.09,-0.594359,1
2253.68,2026-08-15T15:29:41.120,33.6515734,-117.3022286,20.9839,-139.311,18.6505,0.42,-0.659,-18.09,-0.600258,1
2253.72,2026-08-15T15:29:41.160,33.6515722,-117.3022366,20.2434,-139.445,18.8159,0.412,-0.688,-18.36,-0.61462,1
2253.76,2026-08-15T15:29:41.200,33.6515710,-117.3022447,19.4937,-139.578,18.9545,0.388,-0.708,-18.76,-0.632635,1
2253.8,2026-08-15T15:29:41.240,33.6515700,-117.3022529,18.7347,-139.689,19.0439,0.353,-0.711,-19.15,-0.648833,1
2253.84,2026-08-15T15:29:41.280,33.6515691,-117.3022612,17.9665,-139.789,19.1735,0.313,-0.705,-19.4,-0.661778,1
2253.88,2026-08-15T15:29:41.320,33.6515680,-117.3022694,17.2075,-139.912,19.2585,0.27,-0.704,-19.53,-0.669164,1
2253.92,2026-08-15T15:29:41.360,33.6515672,-117.3022777,16.4392,-140.001,19.339,0.222,-0.708,-19.53,-0.67196,1
2253.96,2026-08-15T15:29:41.400,33.6515665,-117.3022861,15.6617,-140.078,19.3837,0.178,-0.713,-19.47,-0.671444,1
2254,2026-08-15T15:29:41.440,33.6515659,-117.3022945,14.8842,-140.145,19.4507,0.149,-0.717,-19.49,-0.674459,1
2254.04,2026-08-15T15:29:41.480,33.6515653,-117.3023028,14.116,-140.212,19.4641,0.142,-0.719,-19.6,-0.678733,1
2254.08,2026-08-15T15:29:41.520,33.6515648,-117.3023113,13.3292,-140.267,19.5848,0.16,-0.727,-19.74,-0.687821,1
2254.12,2026-08-15T15:29:41.560,33.6515643,-117.3023199,12.5332,-140.323,19.7502,0.198,-0.75,-19.87,-0.698198,1
2254.16,2026-08-15T15:29:41.600,33.6515641,-117.3023285,11.7372,-140.345,19.9425,0.232,-0.786,-19.88,-0.705348,1
2254.2,2026-08-15T15:29:41.640,33.6515638,-117.3023373,10.9226,-140.379,20.0855,0.253,-0.817,-19.76,-0.706119,1
2254.24,2026-08-15T15:29:41.680,33.6515638,-117.3023460,10.1174,-140.379,20.1526,0.261,-0.827,-19.61,-0.703099,1
2254.28,2026-08-15T15:29:41.720,33.6515639,-117.3023548,9.30285,-140.368,20.2375,0.251,-0.808,-19.5,-0.702101,1
2254.32,2026-08-15T15:29:41.760,33.6515641,-117.3023636,8.48833,-140.345,20.3001,0.229,-0.766,-19.54,-0.705717,1
2254.36,2026-08-15T15:29:41.800,33.6515642,-117.3023723,7.68306,-140.334,20.3448,0.206,-0.728,-19.75,-0.714873,1
2254.4,2026-08-15T15:29:41.840,33.6515644,-117.3023812,6.85927,-140.312,20.4163,0.178,-0.712,-20.1,-0.730099,1
2254.44,2026-08-15T15:29:41.880,33.6515649,-117.3023902,6.02623,-140.256,20.5102,0.15,-0.727,-20.5,-0.748052,1
2254.48,2026-08-15T15:29:41.920,33.6515654,-117.3023989,5.22096,-140.201,20.5549,0.131,-0.761,-20.83,-0.761751,1
2254.52,2026-08-15T15:29:41.960,33.6515660,-117.3024079,4.38792,-140.134,20.6532,0.119,-0.804,-20.94,-0.769438,1
2254.56,2026-08-15T15:29:42.000,33.6515667,-117.3024168,3.56414,-140.056,20.7427,0.111,-0.841,-20.86,-0.769816,1
2254.6,2026-08-15T15:29:42.040,33.6515677,-117.3024257,2.74036,-139.945,20.7784,0.109,-0.862,-20.58,-0.760793,1
2254.64,2026-08-15T15:29:42.080,33.6515686,-117.3024347,1.90732,-139.845,20.8142,0.107,-0.863,-20.18,-0.747289,1
2254.68,2026-08-15T15:29:42.120,33.6515697,-117.3024436,1.08354,-139.723,20.8768,0.105,-0.851,-19.82,-0.736165,1
2254.72,2026-08-15T15:29:42.160,33.6515709,-117.3024525,0.259756,-139.589,20.9394,0.102,-0.825,-19.65,-0.732039,1
2254.76,2026-08-15T15:29:42.200,33.6515721,-117.3024615,-0.573283,-139.456,21.0019,0.099,-0.8,-19.67,-0.734974,1
2254.8,2026-08-15T15:29:42.240,33.6515736,-117.3024704,-1.39707,-139.289,21.0466,0.095,-0.783,-19.9,-0.745151,1
2254.84,2026-08-15T15:29:42.280,33.6515751,-117.3024793,-2.22085,-139.122,21.0779,0.086,-0.783,-20.3,-0.761259,1
2254.88,2026-08-15T15:29:42.320,33.6515767,-117.3024883,-3.05389,-138.944,21.1316,0.069,-0.794,-20.73,-0.779363,1
2254.92,2026-08-15T15:29:42.360,33.6515784,-117.3024972,-3.87767,-138.755,21.145,0.049,-0.814,-21.1,-0.793777,1
2254.96,2026-08-15T15:29:42.400,33.6515803,-117.3025060,-4.6922,-138.544,21.1405,0.029,-0.833,-21.38,-0.80414,1
2255,2026-08-15T15:29:42.440,33.6515823,-117.3025148,-5.50672,-138.322,21.1003,0.007,-0.843,-21.62,-0.811619,1
2255.04,2026-08-15T15:29:42.480,33.6515843,-117.3025236,-6.32125,-138.099,21.1137,-0.009,-0.846,-21.82,-0.819648,1
2255.08,2026-08-15T15:29:42.520,33.6515865,-117.3025323,-7.12652,-137.855,21.1361,-0.016,-0.847,-22.05,-0.829165,1
2255.12,2026-08-15T15:29:42.560,33.6515888,-117.3025410,-7.93179,-137.599,21.1405,-0.012,-0.852,-22.34,-0.840247,1
2255.16,2026-08-15T15:29:42.600,33.6515911,-117.3025497,-8.73706,-137.343,21.1629,-0.001,-0.865,-22.65,-0.852808,1
2255.2,2026-08-15T15:29:42.640,33.6515937,-117.3025584,-9.54233,-137.054,21.2299,0.016,-0.886,-22.9,-0.864953,1
2255.24,2026-08-15T15:29:42.680,33.6515963,-117.3025671,-10.3476,-136.765,21.297,0.038,-0.908,-23.02,-0.872232,1
2255.28,2026-08-15T15:29:42.720,33.6515991,-117.3025757,-11.1436,-136.453,21.3417,0.056,-0.922,-22.98,-0.872544,1
2255.32,2026-08-15T15:29:42.760,33.6516019,-117.3025843,-11.9396,-136.142,21.364,0.068,-0.924,-22.79,-0.866236,1
2255.36,2026-08-15T15:29:42.800,33.6516050,-117.3025927,-12.7171,-135.797,21.4222,0.074,-0.92,-22.5,-0.857539,1
2255.4,2026-08-15T15:29:42.840,33.6516080,-117.3026013,-13.5131,-135.464,21.449,0.078,-0.909,-22.16,-0.845638,1
2255.44,2026-08-15T15:29:42.880,33.6516113,-117.3026097,-14.2907,-135.097,21.4803,0.081,-0.899,-21.87,-0.83579,1
2255.48,2026-08-15T15:29:42.920,33.6516146,-117.3026180,-15.0589,-134.73,21.5116,0.085,-0.896,-21.6,-0.826674,1
2255.52,2026-08-15T15:29:42.960,33.6516180,-117.3026264,-15.8364,-134.352,21.5652,0.094,-0.896,-21.32,-0.817992,1
2255.56,2026-08-15T15:29:43.000,33.6516216,-117.3026348,-16.6139,-133.952,21.592,0.104,-0.89,-20.98,-0.805949,1
2255.6,2026-08-15T15:29:43.040,33.6516253,-117.3026430,-17.3729,-133.54,21.668,0.106,-0.884,-20.6,-0.794136,1
2255.64,2026-08-15T15:29:43.080,33.6516291,-117.3026512,-18.1319,-133.118,21.7306,0.103,-0.872,-20.16,-0.779419,1
2255.68,2026-08-15T15:29:43.120,33.6516329,-117.3026594,-18.8909,-132.695,21.753,0.092,-0.858,-19.7,-0.762418,1
2255.72,2026-08-15T15:29:43.160,33.6516369,-117.3026676,-19.6499,-132.25,21.7664,0.075,-0.85,-19.32,-0.748172,1
2255.76,2026-08-15T15:29:43.200,33.6516408,-117.3026755,-20.3811,-131.817,21.7664,0.059,-0.846,-19.1,-0.739653,1
2255.8,2026-08-15T15:29:43.240,33.6516451,-117.3026835,-21.1216,-131.339,21.8111,0.047,-0.846,-19,-0.737291,1
2255.84,2026-08-15T15:29:43.280,33.6516493,-117.3026915,-21.862,-130.872,21.8647,0.035,-0.857,-18.93,-0.736382,1
2255.88,2026-08-15T15:29:43.320,33.6516536,-117.3026993,-22.584,-130.393,21.905,0.024,-0.869,-18.76,-0.731112,1
2255.92,2026-08-15T15:29:43.360,33.6516582,-117.3027071,-23.306,-129.882,21.9228,0.002,-0.876,-18.28,-0.712987,1
2255.96,2026-08-15T15:29:43.400,33.6516627,-117.3027150,-24.0372,-129.382,21.905,-0.035,-0.861,-17.39,-0.67772,1
2256,2026-08-15T15:29:43.440,33.6516674,-117.3027224,-24.7221,-128.859,21.8021,-0.09,-0.815,-16,-0.620622,1
2256.04,2026-08-15T15:29:43.480,33.6516720,-117.3027300,-25.4256,-128.347,21.6949,-0.164,-0.724,-13.94,-0.538056,1
2256.08,2026-08-15T15:29:43.520,33.6516766,-117.3027375,-26.1198,-127.836,21.5742,-0.233,-0.601,-11.38,-0.436802,1
2256.12,2026-08-15T15:29:43.560,33.6516811,-117.3027448,-26.7955,-127.336,21.4087,-0.29,-0.457,-8.07,-0.307378,1
2256.16,2026-08-15T15:29:43.600,33.6516857,-117.3027522,-27.4804,-126.824,21.3104,-0.332,-0.321,-4.24,-0.160755,1
2256.2,2026-08-15T15:29:43.640,33.6516901,-117.3027596,-28.1654,-126.335,21.2299,-0.358,-0.191,-0.04,-0.00151083,1
2256.24,2026-08-15T15:29:43.680,33.6516947,-117.3027669,-28.8411,-125.823,21.0869,-0.375,-0.068,4.17,0.156443,1
2256.28,2026-08-15T15:29:43.720,33.6516991,-117.3027742,-29.5167,-125.334,20.9662,-0.394,0.059,8.44,0.314826,1
2256.32,2026-08-15T15:29:43.760,33.6517034,-117.3027816,-30.2017,-124.856,20.8052,-0.402,0.193,12.19,0.451216,1
2256.36,2026-08-15T15:29:43.800,33.6517076,-117.3027888,-30.8681,-124.389,20.6488,-0.401,0.346,15.49,0.569055,1
2256.4,2026-08-15T15:29:43.840,33.6517118,-117.3027962,-31.5531,-123.922,20.5728,-0.394,0.512,18.43,0.674569,1
2256.44,2026-08-15T15:29:43.880,33.6517158,-117.3028035,-32.2287,-123.477,20.4789,-0.377,0.671,20.95,0.763307,1
2256.48,2026-08-15T15:29:43.920,33.6517196,-117.3028110,-32.9229,-123.055,20.3537,-0.363,0.79,23.01,0.833238,1
2256.52,2026-08-15T15:29:43.960,33.6517232,-117.3028185,-33.6171,-122.654,20.1928,-0.349,0.832,25.01,0.898501,1
2256.56,2026-08-15T15:29:44.000,33.6517268,-117.3028259,-34.3021,-122.254,20.0497,-0.332,0.829,26.77,0.954917,1
2256.6,2026-08-15T15:29:44.040,33.6517302,-117.3028333,-34.987,-121.876,19.8978,-0.304,0.811,28.3,1.00184,1
2256.64,2026-08-15T15:29:44.080,33.6517338,-117.3028408,-35.6812,-121.476,19.8262,-0.263,0.822,29.69,1.04727,1
2256.68,2026-08-15T15:29:44.120,33.6517371,-117.3028483,-36.3754,-121.109,19.7905,-0.217,0.871,30.81,1.08482,1
2256.72,2026-08-15T15:29:44.160,33.6517402,-117.3028560,-37.0881,-120.764,19.786,-0.175,0.955,31.48,1.10816,1
2256.76,2026-08-15T15:29:44.200,33.6517432,-117.3028637,-37.8009,-120.43,19.7323,-0.145,1.027,31.87,1.11884,1
2256.8,2026-08-15T15:29:44.240,33.6517459,-117.3028715,-38.5228,-120.13,19.6653,-0.127,1.063,32,1.11959,1
2256.84,2026-08-15T15:29:44.280,33.6517486,-117.3028793,-39.2448,-119.83,19.5714,-0.113,1.052,31.91,1.11111,1
2256.88,2026-08-15T15:29:44.320,33.6517512,-117.3028871,-39.9668,-119.541,19.5356,-0.1,1.021,31.67,1.10074,1
2256.92,2026-08-15T15:29:44.360,33.6517538,-117.3028949,-40.6887,-119.252,19.5044,-0.085,0.99,31.29,1.08579,1
2256.96,2026-08-15T15:29:44.400,33.6517562,-117.3029028,-41.4199,-118.985,19.4954,-0.076,0.965,30.8,1.0683,1
2257,2026-08-15T15:29:44.440,33.6517584,-117.3029107,-42.1512,-118.74,19.4552,-0.081,0.954,30.37,1.05121,1
2257.04,2026-08-15T15:29:44.480,33.6517606,-117.3029187,-42.8916,-118.496,19.406,-0.096,0.955,30.19,1.04234,1
2257.08,2026-08-15T15:29:44.520,33.6517626,-117.3029266,-43.6229,-118.273,19.2898,-0.113,0.957,30.35,1.04158,1
2257.12,2026-08-15T15:29:44.560,33.6517645,-117.3029345,-44.3541,-118.062,19.2227,-0.117,0.968,30.8,1.05335,1
2257.16,2026-08-15T15:29:44.600,33.6517662,-117.3029425,-45.0946,-117.873,19.1467,-0.104,0.983,31.25,1.06452,1
2257.2,2026-08-15T15:29:44.640,33.6517678,-117.3029506,-45.8443,-117.695,19.1512,-0.073,1,31.45,1.07158,1
2257.24,2026-08-15T15:29:44.680,33.6517693,-117.3029587,-46.594,-117.528,19.2004,-0.036,1.014,31.17,1.06477,1
2257.28,2026-08-15T15:29:44.720,33.6517706,-117.3029667,-47.3345,-117.384,19.2317,-0.004,1.026,30.57,1.04597,1
2257.32,2026-08-15T15:29:44.760,33.6517718,-117.3029750,-48.1028,-117.25,19.2451,0.014,1.025,29.82,1.02102,1
2257.36,2026-08-15T15:29:44.800,33.6517728,-117.3029831,-48.8525,-117.139,19.1959,0.035,1.014,29.1,0.993825,1
2257.4,2026-08-15T15:29:44.840,33.6517737,-117.3029913,-49.6115,-117.039,19.1691,0.063,0.992,28.4,0.968563,1
2257.44,2026-08-15T15:29:44.880,33.6517745,-117.3029996,-50.3797,-116.95,19.2093,0.097,0.97,27.63,0.94428,1
2257.48,2026-08-15T15:29:44.920,33.6517752,-117.3030078,-51.1387,-116.872,19.2719,0.143,0.948,26.58,0.911355,1
2257.52,2026-08-15T15:29:44.960,33.6517758,-117.3030162,-51.9162,-116.805,19.3792,0.186,0.94,24.89,0.858161,1
2257.56,2026-08-15T15:29:45.000,33.6517763,-117.3030246,-52.6937,-116.75,19.5133,0.216,0.942,22.9,0.795013,1
2257.6,2026-08-15T15:29:45.040,33.6517764,-117.3030332,-53.4897,-116.739,19.5938,0.229,0.958,20.87,0.727526,1
2257.64,2026-08-15T15:29:45.080,33.6517767,-117.3030415,-54.258,-116.705,19.5848,0.229,0.97,18.82,0.655764,1
2257.68,2026-08-15T15:29:45.120,33.6517767,-117.3030500,-55.0448,-116.705,19.6251,0.223,0.979,16.97,0.592517,1
2257.72,2026-08-15T15:29:45.160,33.6517766,-117.3030585,-55.8315,-116.716,19.7279,0.219,0.975,15.51,0.544378,1
2257.76,2026-08-15T15:29:45.200,33.6517763,-117.3030671,-56.6275,-116.75,19.7905,0.221,0.963,14.19,0.499628,1
2257.8,2026-08-15T15:29:45.240,33.6517760,-117.3030756,-57.4143,-116.783,19.8799,0.232,0.945,12.81,0.453076,1
2257.84,2026-08-15T15:29:45.280,33.6517756,-117.3030844,-58.2288,-116.828,19.9916,0.245,0.917,11.5,0.409029,1
2257.88,2026-08-15T15:29:45.320,33.6517750,-117.3030930,-59.0248,-116.894,20.1302,0.246,0.878,10.27,0.367813,1
2257.92,2026-08-15T15:29:45.360,33.6517744,-117.3031017,-59.8301,-116.961,20.2509,0.236,0.822,9.24,0.332909,1
2257.96,2026-08-15T15:29:45.400,33.6517736,-117.3031105,-60.6446,-117.05,20.309,0.216,0.747,8.51,0.307487,1
2258,2026-08-15T15:29:45.440,33.6517729,-117.3031191,-61.4406,-117.128,20.3269,0.193,0.663,8.12,0.293654,1
2258.04,2026-08-15T15:29:45.480,33.6517720,-117.3031280,-62.2644,-117.228,20.3806,0.176,0.578,7.85,0.284639,1
2258.08,2026-08-15T15:29:45.520,33.6517711,-117.3031368,-63.0789,-117.328,20.4789,0.156,0.481,7.38,0.268888,1
2258.12,2026-08-15T15:29:45.560,33.6517702,-117.3031455,-63.8842,-117.428,20.5594,0.124,0.372,6.55,0.239585,1
2258.16,2026-08-15T15:29:45.600,33.6517693,-117.3031543,-64.6987,-117.528,20.5817,0.071,0.259,5.33,0.195172,1
2258.2,2026-08-15T15:29:45.640,33.6517684,-117.3031631,-65.5133,-117.628,20.546,-0.006,0.148,3.82,0.139636,1
2258.24,2026-08-15T15:29:45.680,33.6517676,-117.3031718,-66.3185,-117.717,20.4118,-0.101,0.051,2.09,0.0758992,1
2258.28,2026-08-15T15:29:45.720,33.6517667,-117.3031806,-67.1331,-117.817,20.2599,-0.19,-0.01,0.32,0.0115344,1
2258.32,2026-08-15T15:29:45.760,33.6517661,-117.3031890,-67.9106,-117.884,20.1034,-0.258,-0.058,-1.57,-0.0561536,1
2258.36,2026-08-15T15:29:45.800,33.6517653,-117.3031976,-68.7066,-117.973,20.005,-0.298,-0.12,-3.95,-0.140587,1
2258.4,2026-08-15T15:29:45.840,33.6517645,-117.3032062,-69.5026,-118.062,19.938,-0.313,-0.198,-6.67,-0.2366,1
2258.44,2026-08-15T15:29:45.880,33.6517639,-117.3032146,-70.2801,-118.129,19.862,-0.304,-0.294,-9.6,-0.339236,1
2258.48,2026-08-15T15:29:45.920,33.6517633,-117.3032232,-71.0761,-118.195,19.7949,-0.282,-0.409,-12.68,-0.446562,1
2258.52,2026-08-15T15:29:45.960,33.6517629,-117.3032316,-71.8536,-118.24,19.7592,-0.253,-0.526,-15.61,-0.548757,1
2258.56,2026-08-15T15:29:46.000,33.6517625,-117.3032402,-72.6496,-118.284,19.7011,-0.232,-0.612,-18,-0.630914,1
2258.6,2026-08-15T15:29:46.040,33.6517623,-117.3032486,-73.4271,-118.306,19.6429,-0.216,-0.673,-19.93,-0.696502,1
2258.64,2026-08-15T15:29:46.080,33.6517621,-117.3032570,-74.2046,-118.329,19.5848,-0.205,-0.713,-21.58,-0.751934,1
2258.68,2026-08-15T15:29:46.120,33.6517621,-117.3032654,-74.9821,-118.329,19.4999,-0.206,-0.734,-22.89,-0.79412,1
2258.72,2026-08-15T15:29:46.160,33.6517621,-117.3032737,-75.7504,-118.329,19.4284,-0.21,-0.756,-23.96,-0.828192,1
2258.76,2026-08-15T15:29:46.200,33.6517623,-117.3032821,-76.5279,-118.306,19.3658,-0.213,-0.792,-24.85,-0.856189,1
2258.8,2026-08-15T15:29:46.240,33.6517625,-117.3032903,-77.2869,-118.284,19.263,-0.221,-0.822,-25.63,-0.878375,1
2258.84,2026-08-15T15:29:46.280,33.6517630,-117.3032986,-78.0551,-118.229,19.2048,-0.229,-0.843,-26.25,-0.896909,1
2258.88,2026-08-15T15:29:46.320,33.6517634,-117.3033069,-78.8234,-118.184,19.1333,-0.231,-0.86,-26.78,-0.91161,1
2258.92,2026-08-15T15:29:46.360,33.6517640,-117.3033151,-79.5824,-118.117,19.0305,-0.231,-0.872,-27.18,-0.920254,1
2258.96,2026-08-15T15:29:46.400,33.6517647,-117.3033232,-80.3321,-118.04,18.9768,-0.225,-0.889,-27.41,-0.925426,1
2259,2026-08-15T15:29:46.440,33.6517656,-117.3033313,-81.0818,-117.94,18.9009,-0.214,-0.916,-27.42,-0.922056,1
2259.04,2026-08-15T15:29:46.480,33.6517666,-117.3033393,-81.8223,-117.828,18.8561,-0.205,-0.937,-27.24,-0.913836,1
2259.08,2026-08-15T15:29:46.520,33.6517677,-117.3033473,-82.5628,-117.706,18.7891,-0.198,-0.941,-26.93,-0.900224,1
2259.12,2026-08-15T15:29:46.560,33.6517689,-117.3033553,-83.3033,-117.573,18.7444,-0.197,-0.94,-26.61,-0.88741,1
2259.16,2026-08-15T15:29:46.600,33.6517703,-117.3033631,-84.0252,-117.417,18.655,-0.198,-0.926,-26.38,-0.875544,1
2259.2,2026-08-15T15:29:46.640,33.6517717,-117.3033709,-84.7472,-117.261,18.5432,-0.198,-0.909,-26.26,-0.86634,1
2259.24,2026-08-15T15:29:46.680,33.6517732,-117.3033786,-85.4599,-117.094,18.4717,-0.192,-0.904,-26.25,-0.862669,1
2259.28,2026-08-15T15:29:46.720,33.6517749,-117.3033863,-86.1726,-116.905,18.4091,-0.176,-0.909,-26.26,-0.860074,1
2259.32,2026-08-15T15:29:46.760,33.6517766,-117.3033939,-86.8761,-116.716,18.3778,-0.153,-0.912,-26.22,-0.857304,1
2259.36,2026-08-15T15:29:46.800,33.6517785,-117.3034015,-87.5795,-116.505,18.4315,-0.122,-0.92,-26.02,-0.853248,1
2259.4,2026-08-15T15:29:46.840,33.6517806,-117.3034090,-88.2737,-116.272,18.427,-0.09,-0.931,-25.66,-0.841239,1
2259.44,2026-08-15T15:29:46.880,33.6517827,-117.3034166,-88.9772,-116.038,18.4449,-0.065,-0.938,-25.16,-0.825647,1
2259.48,2026-08-15T15:29:46.920,33.6517849,-117.3034240,-89.6621,-115.793,18.4046,-0.046,-0.945,-24.57,-0.804527,1
2259.52,2026-08-15T15:29:46.960,33.6517874,-117.3034315,-90.3563,-115.515,18.3555,-0.028,-0.946,-23.89,-0.780171,1
2259.56,2026-08-15T15:29:47.000,33.6517897,-117.3034387,-91.0228,-115.26,18.3778,-0.018,-0.942,-23.25,-0.760195,1
2259.6,2026-08-15T15:29:47.040,33.6517923,-117.3034461,-91.7077,-114.971,18.4315,-0.006,-0.929,-22.58,-0.740444,1
2259.64,2026-08-15T15:29:47.080,33.6517950,-117.3034533,-92.3741,-114.67,18.4896,0.004,-0.912,-21.85,-0.718765,1
2259.68,2026-08-15T15:29:47.120,33.6517979,-117.3034605,-93.0406,-114.348,18.4628,0.01,-0.895,-21.13,-0.694072,1
2259.72,2026-08-15T15:29:47.160,33.6518007,-117.3034678,-93.7163,-114.037,18.4359,0.01,-0.881,-20.51,-0.672727,1
2259.76,2026-08-15T15:29:47.200,33.6518038,-117.3034748,-94.3642,-113.692,18.4002,0.004,-0.865,-20.03,-0.655709,1
2259.8,2026-08-15T15:29:47.240,33.6518069,-117.3034817,-95.0028,-113.347,18.4002,-0.004,-0.85,-19.81,-0.648507,1
2259.84,2026-08-15T15:29:47.280,33.6518101,-117.3034887,-95.6508,-112.991,18.4002,-0.008,-0.832,-19.87,-0.650471,1
2259.88,2026-08-15T15:29:47.320,33.6518134,-117.3034956,-96.2894,-112.624,18.4493,-0.007,-0.814,-20.11,-0.660087,1
2259.92,2026-08-15T15:29:47.360,33.6518168,-117.3035025,-96.9281,-112.246,18.4762,0,-0.797,-20.46,-0.672552,1
2259.96,2026-08-15T15:29:47.400,33.6518202,-117.3035093,-97.5575,-111.868,18.5119,0.011,-0.788,-20.83,-0.68604,1
2260,2026-08-15T15:29:47.440,33.6518238,-117.3035162,-98.1961,-111.468,18.5164,0.016,-0.784,-21.15,-0.696747,1
2260.04,2026-08-15T15:29:47.480,33.6518275,-117.3035229,-98.8163,-111.057,18.5566,0.015,-0.791,-21.42,-0.707175,1
2260.08,2026-08-15T15:29:47.520,33.6518312,-117.3035294,-99.4179,-110.645,18.5656,0.004,-0.798,-21.7,-0.716764,1
2260.12,2026-08-15T15:29:47.560,33.6518350,-117.3035361,-100.038,-110.223,18.5432,-0.015,-0.802,-21.96,-0.724479,1
2260.16,2026-08-15T15:29:47.600,33.6518390,-117.3035425,-100.63,-109.778,18.5522,-0.038,-0.803,-22.26,-0.73473,1
2260.2,2026-08-15T15:29:47.640,33.6518430,-117.3035490,-101.232,-109.333,18.5343,-0.059,-0.802,-22.62,-0.745893,1
2260.24,2026-08-15T15:29:47.680,33.6518470,-117.3035552,-101.806,-108.888,18.503,-0.073,-0.797,-22.98,-0.756485,1
2260.28,2026-08-15T15:29:47.720,33.6518512,-117.3035615,-102.389,-108.421,18.4896,-0.076,-0.794,-23.26,-0.765147,1
2260.32,2026-08-15T15:29:47.760,33.6518555,-117.3035677,-102.963,-107.943,18.494,-0.066,-0.798,-23.35,-0.768293,1
2260.36,2026-08-15T15:29:47.800,33.6518598,-117.3035737,-103.518,-107.465,18.494,-0.047,-0.802,-23.14,-0.761384,1
2260.4,2026-08-15T15:29:47.840,33.6518643,-117.3035799,-104.092,-106.965,18.5432,-0.019,-0.802,-22.35,-0.737345,1
2260.44,2026-08-15T15:29:47.880,33.6518688,-117.3035858,-104.638,-106.464,18.6147,0.006,-0.787,-21.01,-0.695811,1
2260.48,2026-08-15T15:29:47.920,33.6518734,-117.3035916,-105.175,-105.953,18.6416,0.027,-0.748,-18.85,-0.625176,1
2260.52,2026-08-15T15:29:47.960,33.6518780,-117.3035976,-105.731,-105.441,18.646,0.036,-0.683,-15.68,-0.520165,1
2260.56,2026-08-15T15:29:48.000,33.6518827,-117.3036033,-106.258,-104.919,18.6371,0.03,-0.605,-11.94,-0.395905,1
2260.6,2026-08-15T15:29:48.040,33.6518874,-117.3036091,-106.795,-104.396,18.646,0,-0.497,-7.45,-0.247145,1
2260.64,2026-08-15T15:29:48.080,33.6518921,-117.3036148,-107.323,-103.873,18.6103,-0.046,-0.337,-1.91,-0.0632404,1
2260.68,2026-08-15T15:29:48.120,33.6518967,-117.3036206,-107.859,-103.362,18.5119,-0.1,-0.132,3.91,0.128777,1
2260.72,2026-08-15T15:29:48.160,33.6519012,-117.3036264,-108.396,-102.862,18.4449,-0.151,0.101,9.58,0.314376,1
2260.76,2026-08-15T15:29:48.200,33.6519056,-117.3036324,-108.952,-102.372,18.3376,-0.184,0.357,15.2,0.4959,1
2260.8,2026-08-15T15:29:48.240,33.6519098,-117.3036384,-109.507,-101.905,18.2526,-0.197,0.6,19.99,0.649153,1
2260.84,2026-08-15T15:29:48.280,33.6519138,-117.3036445,-110.072,-101.46,18.1901,-0.195,0.791,23.52,0.761167,1
2260.88,2026-08-15T15:29:48.320,33.6519179,-117.3036507,-110.645,-101.005,18.1319,-0.187,0.924,26.06,0.840673,1
2260.92,2026-08-15T15:29:48.360,33.6519217,-117.3036570,-111.229,-100.582,18.1141,-0.184,0.985,27.84,0.897209,1
2260.96,2026-08-15T15:29:48.400,33.6519255,-117.3036633,-111.812,-100.159,18.0247,-0.182,0.973,29.02,0.930621,1
2261,2026-08-15T15:29:48.440,33.6519290,-117.3036697,-112.404,-99.7703,17.9442,-0.172,0.932,29.98,0.957114,1
2261.04,2026-08-15T15:29:48.480,33.6519328,-117.3036760,-112.987,-99.3478,17.9129,-0.144,0.904,30.71,0.97871,1
2261.08,2026-08-15T15:29:48.520,33.6519363,-117.3036824,-113.58,-98.9586,17.9218,-0.095,0.892,31.07,0.990677,1
2261.12,2026-08-15T15:29:48.560,33.6519396,-117.3036891,-114.2,-98.5916,17.9308,-0.036,0.907,30.86,0.984472,1
2261.16,2026-08-15T15:29:48.600,33.6519429,-117.3036958,-114.82,-98.2247,17.9799,0.018,0.95,30.1,0.96286,1
2261.2,2026-08-15T15:29:48.640,33.6519460,-117.3037025,-115.44,-97.88,18.0157,0.048,0.985,28.93,0.927274,1
2261.24,2026-08-15T15:29:48.680,33.6519490,-117.3037095,-116.088,-97.5464,18.0023,0.054,0.991,27.8,0.890392,1
2261.28,2026-08-15T15:29:48.720,33.6519519,-117.3037164,-116.727,-97.2239,17.9844,0.048,0.973,26.99,0.86359,1
2261.32,2026-08-15T15:29:48.760,33.6519547,-117.3037233,-117.365,-96.9126,17.9889,0.044,0.934,26.57,0.850363,1
2261.36,2026-08-15T15:29:48.800,33.6519574,-117.3037304,-118.022,-96.6124,17.9799,0.056,0.892,26.36,0.843223,1
2261.4,2026-08-15T15:29:48.840,33.6519600,-117.3037375,-118.68,-96.3232,18.0604,0.083,0.872,26.19,0.841534,1
2261.44,2026-08-15T15:29:48.880,33.6519626,-117.3037448,-119.355,-96.0341,18.1856,0.104,0.869,25.88,0.837336,1
2261.48,2026-08-15T15:29:48.920,33.6519651,-117.3037522,-120.04,-95.7562,18.3063,0.113,0.875,25.49,0.830192,1
2261.52,2026-08-15T15:29:48.960,33.6519673,-117.3037596,-120.725,-95.5115,18.3242,0.108,0.875,25.27,0.823831,1
2261.56,2026-08-15T15:29:49.000,33.6519695,-117.3037669,-121.401,-95.2669,18.3152,0.094,0.862,25.27,0.823429,1
2261.6,2026-08-15T15:29:49.040,33.6519716,-117.3037743,-122.086,-95.0334,18.3018,0.1,0.841,25.51,0.83064,1
2261.64,2026-08-15T15:29:49.080,33.6519737,-117.3037820,-122.799,-94.7999,18.3778,0.132,0.824,25.85,0.845206,1
2261.68,2026-08-15T15:29:49.120,33.6519756,-117.3037896,-123.502,-94.5886,18.4896,0.181,0.81,26.07,0.857583,1
2261.72,2026-08-15T15:29:49.160,33.6519775,-117.3037973,-124.215,-94.3773,18.646,0.242,0.808,26.02,0.863182,1
2261.76,2026-08-15T15:29:49.200,33.6519792,-117.3038052,-124.946,-94.1883,18.8383,0.297,0.822,25.71,0.861691,1
2261.8,2026-08-15T15:29:49.240,33.6519809,-117.3038133,-125.696,-93.9993,18.9724,0.331,0.836,25.22,0.851285,1
2261.84,2026-08-15T15:29:49.280,33.6519824,-117.3038212,-126.427,-93.8325,19.0931,0.349,0.844,24.69,0.838698,1
2261.88,2026-08-15T15:29:49.320,33.6519839,-117.3038295,-127.195,-93.6657,19.1914,0.36,0.85,24.21,0.826629,1
2261.92,2026-08-15T15:29:49.360,33.6519852,-117.3038377,-127.954,-93.5211,19.3345,0.363,0.846,23.84,0.820063,1
2261.96,2026-08-15T15:29:49.400,33.6519865,-117.3038459,-128.713,-93.3766,19.4954,0.368,0.839,23.55,0.81683,1
2262,2026-08-15T15:29:49.440,33.6519876,-117.3038544,-129.5,-93.2543,19.6385,0.374,0.832,23.26,0.812691,1
2262.04,2026-08-15T15:29:49.480,33.6519886,-117.3038629,-130.287,-93.1431,19.7592,0.381,0.813,22.82,0.802218,1
2262.08,2026-08-15T15:29:49.520,33.6519896,-117.3038715,-131.083,-93.0319,19.9156,0.389,0.788,22.12,0.783768,1
2262.12,2026-08-15T15:29:49.560,33.6519904,-117.3038801,-131.879,-92.9429,20.0721,0.396,0.759,21.07,0.752429,1
2262.16,2026-08-15T15:29:49.600,33.6519912,-117.3038887,-132.675,-92.854,20.2196,0.411,0.722,19.27,0.693207,1
2262.2,2026-08-15T15:29:49.640,33.6519919,-117.3038976,-133.498,-92.7761,20.4163,0.429,0.684,16.77,0.609142,1
2262.24,2026-08-15T15:29:49.680,33.6519925,-117.3039066,-134.332,-92.7094,20.5907,0.451,0.643,13.6,0.498216,1
2262.28,2026-08-15T15:29:49.720,33.6519931,-117.3039156,-135.165,-92.6427,20.8052,0.476,0.59,9.93,0.367562,1
2262.32,2026-08-15T15:29:49.760,33.6519935,-117.3039247,-136.007,-92.5982,21.069,0.498,0.518,6.06,0.227156,1
2262.36,2026-08-15T15:29:49.800,33.6519941,-117.3039340,-136.868,-92.5315,21.297,0.504,0.422,2.49,0.0943465,1
2262.4,2026-08-15T15:29:49.840,33.6519947,-117.3039432,-137.719,-92.4648,21.4624,0.497,0.316,-0.31,-0.0118372,1
2262.44,2026-08-15T15:29:49.880,33.6519952,-117.3039526,-138.589,-92.4092,21.6099,0.464,0.198,-2.06,-0.0792006,1
2262.48,2026-08-15T15:29:49.920,33.6519958,-117.3039620,-139.459,-92.3425,21.7396,0.403,0.087,-2.76,-0.10675,1
2262.52,2026-08-15T15:29:49.960,33.6519964,-117.3039713,-140.32,-92.2758,21.8558,0.311,-0.014,-2.57,-0.0999328,1
2262.56,2026-08-15T15:29:50.000,33.6519970,-117.3039808,-141.199,-92.209,21.8334,0.19,-0.095,-1.85,-0.0718625,1
2262.6,2026-08-15T15:29:50.040,33.6519976,-117.3039900,-142.051,-92.1423,21.7843,0.048,-0.139,-1.06,-0.0410825,1
2262.64,2026-08-15T15:29:50.080,33.6519983,-117.3039993,-142.912,-92.0645,21.6591,-0.109,-0.129,-0.55,-0.0211939,1
2262.68,2026-08-15T15:29:50.120,33.6519990,-117.3040084,-143.754,-91.9866,21.4624,-0.259,-0.099,-0.42,-0.0160375,1
2262.72,2026-08-15T15:29:50.160,33.6519995,-117.3040175,-144.596,-91.931,21.1986,-0.387,-0.058,-0.86,-0.0324351,1
2262.76,2026-08-15T15:29:50.200,33.6520000,-117.3040265,-145.429,-91.8755,20.9662,-0.485,-0.037,-1.71,-0.0637858,1
2262.8,2026-08-15T15:29:50.240,33.6520006,-117.3040352,-146.235,-91.8087,20.7516,-0.55,-0.048,-2.85,-0.105222,1
2262.84,2026-08-15T15:29:50.280,33.6520012,-117.3040441,-147.058,-91.742,20.5773,-0.586,-0.097,-4.1,-0.1501,1
2262.88,2026-08-15T15:29:50.320,33.6520019,-117.3040527,-147.855,-91.6642,20.3984,-0.608,-0.159,-5.41,-0.196337,1
2262.92,2026-08-15T15:29:50.360,33.6520026,-117.3040613,-148.651,-91.5863,20.1928,-0.622,-0.222,-6.58,-0.236391,1
2262.96,2026-08-15T15:29:50.400,33.6520034,-117.3040699,-149.447,-91.4974,19.9425,-0.634,-0.273,-7.66,-0.271779,1
2263,2026-08-15T15:29:50.440,33.6520042,-117.3040782,-150.215,-91.4084,19.6921,-0.637,-0.312,-8.79,-0.307957,1
2263.04,2026-08-15T15:29:50.480,33.6520050,-117.3040865,-150.983,-91.3195,19.4686,-0.63,-0.339,-9.92,-0.343601,1
2263.08,2026-08-15T15:29:50.520,33.6520058,-117.3040947,-151.742,-91.2305,19.254,-0.617,-0.374,-11.01,-0.377152,1
2263.12,2026-08-15T15:29:50.560,33.6520067,-117.3041027,-152.482,-91.1304,19.0439,-0.598,-0.421,-12.05,-0.408274,1
2263.16,2026-08-15T15:29:50.600,33.6520078,-117.3041107,-153.223,-91.0081,18.8696,-0.586,-0.447,-13.02,-0.4371,1
2263.2,2026-08-15T15:29:50.640,33.6520089,-117.3041186,-153.954,-90.8858,18.7131,-0.581,-0.453,-13.88,-0.462108,1
2263.24,2026-08-15T15:29:50.680,33.6520100,-117.3041264,-154.676,-90.7635,18.4851,-0.591,-0.454,-14.72,-0.484103,1
2263.28,2026-08-15T15:29:50.720,33.6520110,-117.3041341,-155.389,-90.6523,18.2169,-0.606,-0.454,-15.59,-0.505276,1
2263.32,2026-08-15T15:29:50.760,33.6520122,-117.3041416,-156.083,-90.5189,17.9487,-0.616,-0.474,-16.43,-0.52466,1
2263.36,2026-08-15T15:29:50.800,33.6520134,-117.3041490,-156.768,-90.3854,17.7117,-0.619,-0.512,-17.16,-0.540738,1
2263.4,2026-08-15T15:29:50.840,33.6520148,-117.3041563,-157.444,-90.2298,17.5463,-0.621,-0.558,-17.73,-0.553482,1
2263.44,2026-08-15T15:29:50.880,33.6520163,-117.3041636,-158.119,-90.063,17.3541,-0.613,-0.606,-18.12,-0.559459,1
2263.48,2026-08-15T15:29:50.920,33.6520178,-117.3041707,-158.777,-89.8962,17.135,-0.602,-0.636,-18.4,-0.560934,1
2263.52,2026-08-15T15:29:50.960,33.6520193,-117.3041776,-159.415,-89.7294,16.8981,-0.589,-0.644,-18.72,-0.562798,1
2263.56,2026-08-15T15:29:51.000,33.6520208,-117.3041845,-160.054,-89.5626,16.7014,-0.568,-0.647,-19.12,-0.568132,1
2263.6,2026-08-15T15:29:51.040,33.6520225,-117.3041913,-160.683,-89.3736,16.5092,-0.538,-0.649,-19.66,-0.577454,1
2263.64,2026-08-15T15:29:51.080,33.6520242,-117.3041980,-161.303,-89.1845,16.3661,-0.504,-0.651,-20.35,-0.592542,1
2263.68,2026-08-15T15:29:51.120,33.6520260,-117.3042046,-161.914,-88.9844,16.2544,-0.463,-0.658,-21.09,-0.609895,1
2263.72,2026-08-15T15:29:51.160,33.6520279,-117.3042111,-162.516,-88.7731,16.1292,-0.42,-0.67,-21.87,-0.627581,1
2263.76,2026-08-15T15:29:51.200,33.6520298,-117.3042176,-163.118,-88.5618,16.0487,-0.377,-0.686,-22.63,-0.646151,1
2263.8,2026-08-15T15:29:51.240,33.6520318,-117.3042240,-163.71,-88.3395,15.9236,-0.334,-0.707,-23.34,-0.661225,1
2263.84,2026-08-15T15:29:51.280,33.6520340,-117.3042303,-164.293,-88.0948,15.8967,-0.295,-0.73,-24.01,-0.679061,1
2263.88,2026-08-15T15:29:51.320,33.6520362,-117.3042366,-164.876,-87.8502,15.8789,-0.261,-0.75,-24.69,-0.697507,1
2263.92,2026-08-15T15:29:51.360,33.6520385,-117.3042428,-165.45,-87.5944,15.8073,-0.231,-0.763,-25.32,-0.712083,1
2263.96,2026-08-15T15:29:51.400,33.6520409,-117.3042490,-166.024,-87.3276,15.7537,-0.21,-0.775,-25.88,-0.725362,1
2264,2026-08-15T15:29:51.440,33.6520433,-117.3042550,-166.579,-87.0607,15.6732,-0.197,-0.783,-26.38,-0.7356,1
2264.04,2026-08-15T15:29:51.480,33.6520459,-117.3042609,-167.125,-86.7716,15.633,-0.188,-0.788,-26.77,-0.744558,1
2264.08,2026-08-15T15:29:51.520,33.6520485,-117.3042668,-167.672,-86.4825,15.5615,-0.187,-0.8,-27.06,-0.749181,1
2264.12,2026-08-15T15:29:51.560,33.6520512,-117.3042725,-168.199,-86.1823,15.4542,-0.189,-0.822,-27.32,-0.751164,1
2264.16,2026-08-15T15:29:51.600,33.6520541,-117.3042782,-168.727,-85.8598,15.3692,-0.191,-0.846,-27.59,-0.754418,1
2264.2,2026-08-15T15:29:51.640,33.6520570,-117.3042838,-169.245,-85.5373,15.3603,-0.189,-0.873,-27.89,-0.762178,1
2264.24,2026-08-15T15:29:51.680,33.6520601,-117.3042893,-169.754,-85.1926,15.3424,-0.178,-0.896,-28.22,-0.770298,1
2264.28,2026-08-15T15:29:51.720,33.6520632,-117.3042946,-170.245,-84.8479,15.2888,-0.155,-0.908,-28.5,-0.775221,1
2264.32,2026-08-15T15:29:51.760,33.6520664,-117.3043000,-170.745,-84.4921,15.2798,-0.115,-0.918,-28.65,-0.778846,1
2264.36,2026-08-15T15:29:51.800,33.6520696,-117.3043052,-171.226,-84.1363,15.3066,-0.066,-0.917,-28.59,-0.778579,1
2264.4,2026-08-15T15:29:51.840,33.6520731,-117.3043105,-171.716,-83.7471,15.3916,-0.009,-0.907,-28.19,-0.771946,1
2264.44,2026-08-15T15:29:51.880,33.6520768,-117.3043155,-172.179,-83.3357,15.4676,0.041,-0.884,-27.44,-0.755118,1
2264.48,2026-08-15T15:29:51.920,33.6520804,-117.3043207,-172.661,-82.9354,15.5257,0.07,-0.864,-26.45,-0.730609,1
2264.52,2026-08-15T15:29:51.960,33.6520841,-117.3043258,-173.133,-82.524,15.5659,0.065,-0.84,-25.4,-0.703424,1
2264.56,2026-08-15T15:29:52.000,33.6520879,-117.3043308,-173.595,-82.1014,15.5883,0.031,-0.826,-24.55,-0.680861,1
2264.6,2026-08-15T15:29:52.040,33.6520918,-117.3043356,-174.04,-81.6678,15.557,-0.028,-0.809,-24.13,-0.667869,1
2264.64,2026-08-15T15:29:52.080,33.6520957,-117.3043403,-174.475,-81.2341,15.4855,-0.098,-0.786,-24.29,-0.669206,1
2264.68,2026-08-15T15:29:52.120,33.6520997,-117.3043449,-174.9,-80.7893,15.3782,-0.165,-0.754,-25.08,-0.686184,1
2264.72,2026-08-15T15:29:52.160,33.6521038,-117.3043494,-175.317,-80.3334,15.2351,-0.218,-0.724,-26.46,-0.717206,1
2264.76,2026-08-15T15:29:52.200,33.6521078,-117.3043538,-175.724,-79.8886,15.1368,-0.252,-0.702,-28.06,-0.755665,1
2264.8,2026-08-15T15:29:52.240,33.6521119,-117.3043580,-176.113,-79.4327,15.0742,-0.273,-0.7,-29.67,-0.795719,1
2264.84,2026-08-15T15:29:52.280,33.6521160,-117.3043622,-176.502,-78.9768,14.9937,-0.29,-0.728,-31.1,-0.829618,1
2264.88,2026-08-15T15:29:52.320,33.6521202,-117.3043661,-176.863,-78.5098,14.8775,-0.298,-0.771,-32.19,-0.852038,1
2264.92,2026-08-15T15:29:52.360,33.6521244,-117.3043700,-177.224,-78.0428,14.8462,-0.306,-0.824,-32.89,-0.868735,1
2264.96,2026-08-15T15:29:52.400,33.6521287,-117.3043738,-177.575,-77.5647,14.7568,-0.318,-0.866,-33.35,-0.875581,1
2265,2026-08-15T15:29:52.440,33.6521330,-117.3043774,-177.909,-77.0865,14.654,-0.326,-0.884,-33.72,-0.879126,1
2265.04,2026-08-15T15:29:52.480,33.6521374,-117.3043808,-178.223,-76.5973,14.5243,-0.33,-0.88,-34.04,-0.879618,1
2265.08,2026-08-15T15:29:52.520,33.6521418,-117.3043841,-178.529,-76.108,14.4126,-0.328,-0.866,-34.4,-0.88208,1
2265.12,2026-08-15T15:29:52.560,33.6521462,-117.3043873,-178.825,-75.6188,14.3232,-0.312,-0.861,-34.77,-0.886037,1
2265.16,2026-08-15T15:29:52.600,33.6521506,-117.3043903,-179.103,-75.1295,14.2606,-0.286,-0.868,-35.09,-0.890284,1
2265.2,2026-08-15T15:29:52.640,33.6521551,-117.3043932,-179.371,-74.6291,14.1667,-0.253,-0.888,-35.24,-0.888204,1
2265.24,2026-08-15T15:29:52.680,33.6521596,-117.3043960,-179.63,-74.1287,14.1086,-0.219,-0.907,-35.22,-0.884059,1
2265.28,2026-08-15T15:29:52.720,33.6521642,-117.3043986,-179.871,-73.6172,14.1131,-0.187,-0.915,-34.93,-0.877057,1
2265.32,2026-08-15T15:29:52.760,33.6521688,-117.3044011,-180.102,-73.1057,14.0549,-0.166,-0.911,-34.44,-0.861193,1
2265.36,2026-08-15T15:29:52.800,33.6521735,-117.3044035,-180.324,-72.5831,14.0147,-0.16,-0.909,-33.8,-0.84277,1
2265.4,2026-08-15T15:29:52.840,33.6521781,-117.3044057,-180.528,-72.0716,13.9834,-0.17,-0.914,-33.11,-0.823722,1
2265.44,2026-08-15T15:29:52.880,33.6521828,-117.3044077,-180.713,-71.549,13.8582,-0.192,-0.921,-32.47,-0.800569,1
2265.48,2026-08-15T15:29:52.920,33.6521874,-117.3044096,-180.889,-71.0375,13.7375,-0.219,-0.921,-32.02,-0.782598,1
2265.52,2026-08-15T15:29:52.960,33.6521922,-117.3044113,-181.046,-70.5038,13.675,-0.242,-0.899,-31.77,-0.77295,1
2265.56,2026-08-15T15:29:53.000,33.6521969,-117.3044130,-181.204,-69.9812,13.6213,-0.257,-0.862,-31.69,-0.767979,1
2265.6,2026-08-15T15:29:53.040,33.6522016,-117.3044145,-181.343,-69.4586,13.5677,-0.264,-0.822,-31.71,-0.765437,1
2265.64,2026-08-15T15:29:53.080,33.6522062,-117.3044159,-181.472,-68.9471,13.4738,-0.265,-0.802,-31.77,-0.761579,1
2265.68,2026-08-15T15:29:53.120,33.6522109,-117.3044172,-181.593,-68.4244,13.3978,-0.264,-0.807,-31.82,-0.758476,1
2265.72,2026-08-15T15:29:53.160,33.6522156,-117.3044182,-181.685,-67.9018,13.2994,-0.263,-0.836,-31.91,-0.755037,1
2265.76,2026-08-15T15:29:53.200,33.6522203,-117.3044191,-181.768,-67.3792,13.2681,-0.262,-0.871,-32.05,-0.756566,1
2265.8,2026-08-15T15:29:53.240,33.6522250,-117.3044197,-181.824,-66.8566,13.219,-0.259,-0.894,-32.31,-0.759877,1
2265.84,2026-08-15T15:29:53.280,33.6522297,-117.3044203,-181.88,-66.334,13.1385,-0.254,-0.897,-32.68,-0.7639,1
2265.88,2026-08-15T15:29:53.320,33.6522344,-117.3044208,-181.926,-65.8114,13.0893,-0.241,-0.879,-33.07,-0.770123,1
2265.92,2026-08-15T15:29:53.360,33.6522391,-117.3044211,-181.954,-65.2887,13.0223,-0.228,-0.855,-33.41,-0.774055,1
2265.96,2026-08-15T15:29:53.400,33.6522437,-117.3044213,-181.972,-64.7772,12.9239,-0.214,-0.84,-33.64,-0.773497,1
2266,2026-08-15T15:29:53.440,33.6522482,-117.3044214,-181.981,-64.2769,12.8345,-0.202,-0.844,-33.74,-0.77043,1
2266.04,2026-08-15T15:29:53.480,33.6522530,-117.3044213,-181.972,-63.7431,12.8211,-0.196,-0.87,-33.71,-0.76894,1
2266.08,2026-08-15T15:29:53.520,33.6522576,-117.3044211,-181.954,-63.2316,12.7898,-0.194,-0.902,-33.65,-0.765698,1
2266.12,2026-08-15T15:29:53.560,33.6522622,-117.3044206,-181.907,-62.7201,12.7272,-0.192,-0.916,-33.66,-0.762178,1
2266.16,2026-08-15T15:29:53.600,33.6522667,-117.3044201,-181.861,-62.2198,12.6781,-0.192,-0.909,-33.77,-0.761714,1
2266.2,2026-08-15T15:29:53.640,33.6522712,-117.3044195,-181.805,-61.7194,12.6155,-0.183,-0.882,-33.99,-0.762892,1
2266.24,2026-08-15T15:29:53.680,33.6522756,-117.3044188,-181.741,-61.2301,12.5663,-0.161,-0.846,-34.25,-0.765731,1
2266.28,2026-08-15T15:29:53.720,33.6522801,-117.3044180,-181.667,-60.7298,12.5886,-0.132,-0.83,-34.47,-0.77202,1
2266.32,2026-08-15T15:29:53.760,33.6522846,-117.3044170,-181.574,-60.2294,12.6423,-0.098,-0.837,-34.58,-0.777784,1
2266.36,2026-08-15T15:29:53.800,33.6522891,-117.3044159,-181.472,-59.729,12.6915,-0.059,-0.854,-34.55,-0.780132,1
2266.4,2026-08-15T15:29:53.840,33.6522936,-117.3044145,-181.343,-59.2286,12.7138,-0.021,-0.871,-34.35,-0.776982,1
2266.44,2026-08-15T15:29:53.880,33.6522980,-117.3044130,-181.204,-58.7394,12.7183,0.012,-0.88,-34,-0.769336,1
2266.48,2026-08-15T15:29:53.920,33.6523024,-117.3044114,-181.056,-58.2501,12.8166,0.042,-0.869,-33.54,-0.764796,1
2266.52,2026-08-15T15:29:53.960,33.6523069,-117.3044097,-180.898,-57.7497,12.9195,0.067,-0.853,-33.01,-0.758749,1
2266.56,2026-08-15T15:29:54.000,33.6523114,-117.3044079,-180.732,-57.2494,12.9731,0.082,-0.839,-32.55,-0.751282,1
2266.6,2026-08-15T15:29:54.040,33.6523158,-117.3044059,-180.547,-56.7601,13.0178,0.085,-0.83,-32.26,-0.747155,1
2266.64,2026-08-15T15:29:54.080,33.6523202,-117.3044038,-180.352,-56.2708,13.0714,0.08,-0.828,-32.23,-0.749536,1
2266.68,2026-08-15T15:29:54.120,33.6523245,-117.3044016,-180.149,-55.7927,13.0402,0.072,-0.829,-32.41,-0.751918,1
2266.72,2026-08-15T15:29:54.160,33.6523288,-117.3043992,-179.926,-55.3146,13.0759,0.062,-0.829,-32.73,-0.761424,1
2266.76,2026-08-15T15:29:54.200,33.6523332,-117.3043967,-179.695,-54.8253,13.1743,0.061,-0.831,-33.05,-0.774651,1
2266.8,2026-08-15T15:29:54.240,33.6523375,-117.3043941,-179.454,-54.3472,13.2413,0.066,-0.831,-33.22,-0.782599,1
2266.84,2026-08-15T15:29:54.280,33.6523418,-117.3043914,-179.205,-53.869,13.371,0.073,-0.831,-33.18,-0.78931,1
2266.88,2026-08-15T15:29:54.320,33.6523460,-117.3043885,-178.936,-53.402,13.4693,0.082,-0.834,-32.93,-0.789125,1
2266.92,2026-08-15T15:29:54.360,33.6523502,-117.3043855,-178.658,-52.935,13.5319,0.087,-0.835,-32.51,-0.78268,1
2266.96,2026-08-15T15:29:54.400,33.6523544,-117.3043823,-178.362,-52.468,13.5677,0.079,-0.832,-32.06,-0.773886,1
2267,2026-08-15T15:29:54.440,33.6523585,-117.3043791,-178.066,-52.0121,13.6347,0.066,-0.826,-31.7,-0.768978,1
2267.04,2026-08-15T15:29:54.480,33.6523626,-117.3043757,-177.751,-51.5562,13.6705,0.049,-0.814,-31.48,-0.765644,1
2267.08,2026-08-15T15:29:54.520,33.6523666,-117.3043723,-177.437,-51.1114,13.6884,0.03,-0.808,-31.4,-0.764697,1
2267.12,2026-08-15T15:29:54.560,33.6523705,-117.3043687,-177.103,-50.6777,13.6928,0.016,-0.805,-31.3,-0.762511,1
2267.16,2026-08-15T15:29:54.600,33.6523744,-117.3043650,-176.761,-50.2441,13.7197,0.006,-0.807,-30.98,-0.756194,1
2267.2,2026-08-15T15:29:54.640,33.6523782,-117.3043611,-176.4,-49.8215,13.7599,-0.008,-0.808,-29.97,-0.733686,1
2267.24,2026-08-15T15:29:54.680,33.6523819,-117.3043572,-176.039,-49.4101,13.7778,-0.032,-0.796,-28.21,-0.691497,1
2267.28,2026-08-15T15:29:54.720,33.6523856,-117.3043533,-175.678,-48.9987,13.7644,-0.069,-0.761,-25.57,-0.626174,1
2267.32,2026-08-15T15:29:54.760,33.6523892,-117.3043492,-175.298,-48.5984,13.6973,-0.13,-0.684,-21.78,-0.530764,1
2267.36,2026-08-15T15:29:54.800,33.6523928,-117.3043453,-174.938,-48.1981,13.5408,-0.198,-0.566,-17.17,-0.413642,1
2267.4,2026-08-15T15:29:54.840,33.6523963,-117.3043413,-174.567,-47.8089,13.4023,-0.266,-0.409,-11.98,-0.285656,1
2267.44,2026-08-15T15:29:54.880,33.6523998,-117.3043375,-174.216,-47.4197,13.2369,-0.327,-0.211,-5.89,-0.13871,1
2267.48,2026-08-15T15:29:54.920,33.6524033,-117.3043338,-173.873,-47.0305,13.1072,-0.368,0.011,0.51,0.0118929,1
2267.52,2026-08-15T15:29:54.960,33.6524068,-117.3043300,-173.521,-46.6414,13.0178,-0.378,0.237,7.06,0.163512,1
2267.56,2026-08-15T15:29:55.000,33.6524105,-117.3043266,-173.207,-46.2299,12.915,-0.364,0.441,13.18,0.302843,1
2267.6,2026-08-15T15:29:55.040,33.6524141,-117.3043233,-172.901,-45.8296,12.8569,-0.329,0.604,18.45,0.422027,1
2267.64,2026-08-15T15:29:55.080,33.6524180,-117.3043200,-172.596,-45.396,12.8122,-0.278,0.702,22.34,0.50923,1
2267.68,2026-08-15T15:29:55.120,33.6524218,-117.3043169,-172.309,-44.9734,12.7362,-0.225,0.742,25.04,0.56739,1
2267.72,2026-08-15T15:29:55.160,33.6524256,-117.3043138,-172.022,-44.5509,12.7093,-0.18,0.736,26.55,0.600338,1
2267.76,2026-08-15T15:29:55.200,33.6524293,-117.3043107,-171.735,-44.1395,12.7138,-0.154,0.708,27.48,0.621586,1
2267.8,2026-08-15T15:29:55.240,33.6524333,-117.3043078,-171.467,-43.6947,12.6646,-0.152,0.687,28.31,0.637883,1
2267.84,2026-08-15T15:29:55.280,33.6524372,-117.3043050,-171.207,-43.261,12.5931,-0.157,0.678,29.32,0.65691,1
2267.88,2026-08-15T15:29:55.320,33.6524412,-117.3043022,-170.948,-42.8162,12.4769,-0.154,0.687,30.57,0.678594,1
2267.92,2026-08-15T15:29:55.360,33.6524451,-117.3042997,-170.717,-42.3826,12.4054,-0.123,0.714,31.97,0.705603,1
2267.96,2026-08-15T15:29:55.400,33.6524491,-117.3042972,-170.485,-41.9378,12.4679,-0.066,0.754,33.19,0.736225,1
2268,2026-08-15T15:29:55.440,33.6524533,-117.3042948,-170.263,-41.4708,12.6512,0.011,0.802,33.89,0.762804,1
2268.04,2026-08-15T15:29:55.480,33.6524576,-117.3042926,-170.06,-40.9927,12.839,0.083,0.843,33.97,0.775952,1
2268.08,2026-08-15T15:29:55.520,33.6524620,-117.3042904,-169.856,-40.5034,12.9195,0.129,0.86,33.66,0.773689,1
2268.12,2026-08-15T15:29:55.560,33.6524665,-117.3042885,-169.68,-40.003,13.0133,0.144,0.857,33.22,0.769124,1
2268.16,2026-08-15T15:29:55.600,33.6524709,-117.3042866,-169.504,-39.5138,13.0804,0.134,0.841,33.04,0.768899,1
2268.2,2026-08-15T15:29:55.640,33.6524753,-117.3042847,-169.328,-39.0245,13.0402,0.106,0.826,33.28,0.772102,1
2268.24,2026-08-15T15:29:55.680,33.6524799,-117.3042830,-169.171,-38.513,13.0804,0.082,0.822,33.94,0.789843,1
2268.28,2026-08-15T15:29:55.720,33.6524844,-117.3042814,-169.023,-38.0126,13.0983,0.075,0.83,34.75,0.809799,1
2268.32,2026-08-15T15:29:55.760,33.6524890,-117.3042801,-168.903,-37.5011,13.1698,0.077,0.841,35.53,0.832497,1
2268.36,2026-08-15T15:29:55.800,33.6524938,-117.3042787,-168.773,-36.9674,13.2324,0.095,0.841,36.04,0.84846,1
2268.4,2026-08-15T15:29:55.840,33.6524984,-117.3042775,-168.662,-36.4559,13.3084,0.124,0.832,36.23,0.857831,1
2268.44,2026-08-15T15:29:55.880,33.6525032,-117.3042765,-168.569,-35.9222,13.4604,0.149,0.831,36.1,0.864515,1
2268.48,2026-08-15T15:29:55.920,33.6525081,-117.3042754,-168.468,-35.3773,13.5721,0.165,0.837,35.84,0.865415,1
2268.52,2026-08-15T15:29:55.960,33.6525130,-117.3042746,-168.394,-34.8325,13.6034,0.168,0.851,35.62,0.862086,1
2268.56,2026-08-15T15:29:56.000,33.6525179,-117.3042739,-168.329,-34.2876,13.6213,0.154,0.862,35.63,0.863462,1
2268.6,2026-08-15T15:29:56.040,33.6525228,-117.3042734,-168.282,-33.7427,13.6794,0.14,0.86,35.9,0.873717,1
2268.64,2026-08-15T15:29:56.080,33.6525279,-117.3042730,-168.245,-33.1756,13.7152,0.136,0.851,36.43,0.888933,1
2268.68,2026-08-15T15:29:56.120,33.6525329,-117.3042727,-168.218,-32.6197,13.8046,0.149,0.847,37.04,0.90971,1
2268.72,2026-08-15T15:29:56.160,33.6525379,-117.3042725,-168.199,-32.0637,13.8985,0.184,0.848,37.5,0.927271,1
2268.76,2026-08-15T15:29:56.200,33.6525431,-117.3042725,-168.199,-31.4855,14.0415,0.232,0.86,37.56,0.938314,1
2268.8,2026-08-15T15:29:56.240,33.6525483,-117.3042725,-168.199,-30.9073,14.2159,0.283,0.87,37.04,0.936813,1
2268.84,2026-08-15T15:29:56.280,33.6525536,-117.3042729,-168.236,-30.3179,14.4394,0.328,0.858,35.69,0.916862,1
2268.88,2026-08-15T15:29:56.320,33.6525589,-117.3042732,-168.264,-29.7286,14.5869,0.38,0.821,32.92,0.854342,1
2268.92,2026-08-15T15:29:56.360,33.6525643,-117.3042737,-168.31,-29.1282,14.7747,0.433,0.761,28.69,0.754148,1
2268.96,2026-08-15T15:29:56.400,33.6525698,-117.3042741,-168.347,-28.5166,14.9848,0.484,0.683,22.81,0.608113,1
2269,2026-08-15T15:29:56.440,33.6525753,-117.3042749,-168.421,-27.905,15.2575,0.518,0.573,14.75,0.40039,1
2269.04,2026-08-15T15:29:56.480,33.6525809,-117.3042754,-168.468,-27.2823,15.5302,0.53,0.43,5.62,0.155282,1
2269.08,2026-08-15T15:29:56.520,33.6525866,-117.3042761,-168.532,-26.6485,15.785,0.508,0.242,-3.41,-0.095765,1
2269.12,2026-08-15T15:29:56.560,33.6525924,-117.3042766,-168.579,-26.0036,15.937,0.468,0.02,-11.39,-0.322952,1
2269.16,2026-08-15T15:29:56.600,33.6525982,-117.3042770,-168.616,-25.3586,16.0085,0.433,-0.204,-17.31,-0.49301,1
2269.2,2026-08-15T15:29:56.640,33.6526040,-117.3042771,-168.625,-24.7137,16.1292,0.417,-0.396,-20.41,-0.585685,1
2269.24,2026-08-15T15:29:56.680,33.6526100,-117.3042772,-168.634,-24.0465,16.3125,0.413,-0.54,-21.38,-0.620492,1
2269.28,2026-08-15T15:29:56.720,33.6526161,-117.3042772,-168.634,-23.3683,16.545,0.414,-0.641,-20.86,-0.614028,1
2269.32,2026-08-15T15:29:56.760,33.6526222,-117.3042771,-168.625,-22.69,16.8176,0.407,-0.704,-19.86,-0.594228,1
2269.36,2026-08-15T15:29:56.800,33.6526284,-117.3042770,-168.616,-22.0006,16.9741,0.383,-0.729,-19.02,-0.574389,1
2269.4,2026-08-15T15:29:56.840,33.6526346,-117.3042765,-168.569,-21.3112,17.0814,0.363,-0.722,-18.63,-0.566167,1
2269.44,2026-08-15T15:29:56.880,33.6526409,-117.3042761,-168.532,-20.6106,17.1485,0.362,-0.696,-18.63,-0.56839,1
2269.48,2026-08-15T15:29:56.920,33.6526471,-117.3042756,-168.486,-19.9212,17.3317,0.363,-0.662,-18.8,-0.579707,1
2269.52,2026-08-15T15:29:56.960,33.6526535,-117.3042751,-168.44,-19.2096,17.5687,0.34,-0.646,-18.85,-0.589194,1
2269.56,2026-08-15T15:29:57.000,33.6526599,-117.3042744,-168.375,-18.4979,17.7609,0.26,-0.648,-18.96,-0.599117,1
2269.6,2026-08-15T15:29:57.040,33.6526665,-117.3042735,-168.292,-17.764,17.819,0.137,-0.647,-19.28,-0.611222,1
2269.64,2026-08-15T15:29:57.080,33.6526726,-117.3042727,-168.218,-17.0857,17.6313,-0.015,-0.623,-20.08,-0.629876,1
2269.68,2026-08-15T15:29:57.120,33.6526788,-117.3042717,-168.125,-16.3963,17.4346,-0.167,-0.595,-21.49,-0.666585,1
2269.72,2026-08-15T15:29:57.160,33.6526849,-117.3042706,-168.023,-15.718,17.22,-0.284,-0.58,-23.53,-0.72088,1
2269.76,2026-08-15T15:29:57.200,33.6526910,-117.3042696,-167.931,-15.0398,17.1082,-0.337,-0.606,-25.67,-0.781338,1
2269.8,2026-08-15T15:29:57.240,33.6526970,-117.3042684,-167.82,-14.3726,17.0725,-0.367,-0.688,-27.73,-0.842276,1
2269.84,2026-08-15T15:29:57.280,33.6527030,-117.3042668,-167.672,-13.7054,17.1082,-0.355,-0.793,-29.4,-0.894871,1
2269.88,2026-08-15T15:29:57.320,33.6527090,-117.3042651,-167.514,-13.0382,16.9652,-0.324,-0.885,-30.61,-0.92391,1
2269.92,2026-08-15T15:29:57.360,33.6527147,-117.3042632,-167.338,-12.4044,16.8981,-0.299,-0.935,-31.3,-0.941003,1
2269.96,2026-08-15T15:29:57.400,33.6527207,-117.3042613,-167.162,-11.7373,16.8489,-0.283,-0.937,-31.78,-0.952653,1
2270,2026-08-15T15:29:57.440,33.6527265,-117.3042594,-166.987,-11.0923,16.7908,-0.278,-0.909,-32.3,-0.964901,1
2270.04,2026-08-15T15:29:57.480,33.6527322,-117.3042574,-166.802,-10.4585,16.6612,-0.289,-0.883,-33.01,-0.978497,1
2270.08,2026-08-15T15:29:57.520,33.6527378,-117.3042552,-166.598,-9.83583,16.4958,-0.295,-0.882,-33.76,-0.990794,1
2270.12,2026-08-15T15:29:57.560,33.6527433,-117.3042529,-166.385,-9.22426,16.3483,-0.288,-0.894,-34.37,-0.999676,1
2270.16,2026-08-15T15:29:57.600,33.6527486,-117.3042504,-166.154,-8.63493,16.241,-0.277,-0.907,-34.64,-1.00092,1
2270.2,2026-08-15T15:29:57.640,33.6527540,-117.3042478,-165.913,-8.03448,16.2588,-0.262,-0.911,-34.41,-0.995366,1
2270.24,2026-08-15T15:29:57.680,33.6527595,-117.3042451,-165.663,-7.4229,16.1963,-0.253,-0.912,-33.91,-0.977127,1
2270.28,2026-08-15T15:29:57.720,33.6527648,-117.3042424,-165.413,-6.83357,16.0934,-0.255,-0.911,-33.46,-0.958039,1
2270.32,2026-08-15T15:29:57.760,33.6527699,-117.3042395,-165.145,-6.26648,16.0085,-0.255,-0.925,-33.32,-0.948995,1
2270.36,2026-08-15T15:29:57.800,33.6527751,-117.3042365,-164.867,-5.68826,15.9236,-0.249,-0.943,-33.49,-0.948776,1
2270.4,2026-08-15T15:29:57.840,33.6527801,-117.3042333,-164.571,-5.13229,15.9012,-0.232,-0.958,-33.87,-0.958195,1
2270.44,2026-08-15T15:29:57.880,33.6527851,-117.3042299,-164.256,-4.57631,15.8654,-0.207,-0.957,-34.21,-0.965637,1
2270.48,2026-08-15T15:29:57.920,33.6527900,-117.3042265,-163.941,-4.03146,15.8073,-0.176,-0.938,-34.37,-0.966599,1
2270.52,2026-08-15T15:29:57.960,33.6527948,-117.3042230,-163.617,-3.49772,15.6822,-0.144,-0.92,-34.16,-0.953086,1
2270.56,2026-08-15T15:29:58.000,33.6527995,-117.3042194,-163.284,-2.97511,15.6419,-0.119,-0.917,-33.68,-0.937283,1
2270.6,2026-08-15T15:29:58.040,33.6528042,-117.3042156,-162.933,-2.45249,15.6375,-0.101,-0.933,-32.87,-0.91448,1
2270.64,2026-08-15T15:29:58.080,33.6528087,-117.3042117,-162.572,-1.95211,15.6062,-0.094,-0.949,-31.88,-0.885162,1
2270.68,2026-08-15T15:29:58.120,33.6528132,-117.3042077,-162.201,-1.45174,15.557,-0.105,-0.954,-30.92,-0.855802,1
2270.72,2026-08-15T15:29:58.160,33.6528176,-117.3042036,-161.822,-0.962479,15.5168,-0.127,-0.937,-30.26,-0.835369,1
2270.76,2026-08-15T15:29:58.200,33.6528219,-117.3041995,-161.442,-0.484341,15.4005,-0.148,-0.908,-29.95,-0.820618,1
2270.8,2026-08-15T15:29:58.240,33.6528261,-117.3041953,-161.054,-0.0173225,15.2798,-0.161,-0.868,-30.08,-0.81772,1
2270.84,2026-08-15T15:29:58.280,33.6528301,-117.3041909,-160.646,0.427457,15.2307,-0.155,-0.852,-30.43,-0.824572,1
2270.88,2026-08-15T15:29:58.320,33.6528343,-117.3041865,-160.239,0.894476,15.1994,-0.125,-0.869,-30.7,-0.83018,1
2270.92,2026-08-15T15:29:58.360,33.6528381,-117.3041820,-159.822,1.31702,15.253,-0.086,-0.91,-30.7,-0.83311,1
2270.96,2026-08-15T15:29:58.400,33.6528420,-117.3041774,-159.397,1.75068,15.2441,-0.045,-0.965,-30.32,-0.822315,1
2271,2026-08-15T15:29:58.440,33.6528457,-117.3041724,-158.934,2.1621,15.2664,-0.004,-1.008,-29.51,-0.801521,1
2271.04,2026-08-15T15:29:58.480,33.6528493,-117.3041674,-158.471,2.5624,15.2932,0.03,-1.021,-28.48,-0.774904,1
2271.08,2026-08-15T15:29:58.520,33.6528529,-117.3041624,-158.008,2.9627,15.3111,0.056,-1.004,-27.35,-0.745028,1
2271.12,2026-08-15T15:29:58.560,33.6528564,-117.3041573,-157.536,3.35188,15.3603,0.087,-0.971,-26.14,-0.714354,1
2271.16,2026-08-15T15:29:58.600,33.6528599,-117.3041521,-157.055,3.74107,15.4139,0.117,-0.942,-24.75,-0.67873,1
2271.2,2026-08-15T15:29:58.640,33.6528633,-117.3041466,-156.546,4.11913,15.5346,0.137,-0.923,-23.27,-0.643141,1
2271.24,2026-08-15T15:29:58.680,33.6528666,-117.3041411,-156.037,4.48607,15.6017,0.148,-0.919,-21.69,-0.60206,1
2271.28,2026-08-15T15:29:58.720,33.6528698,-117.3041356,-155.528,4.8419,15.6509,0.152,-0.905,-20.12,-0.560241,1
2271.32,2026-08-15T15:29:58.760,33.6528728,-117.3041298,-154.991,5.17548,15.6777,0.153,-0.874,-18.8,-0.524383,1
2271.36,2026-08-15T15:29:58.800,33.6528759,-117.3041241,-154.463,5.52018,15.7671,0.161,-0.833,-17.93,-0.502968,1
2271.4,2026-08-15T15:29:58.840,33.6528790,-117.3041183,-153.926,5.86489,15.8967,0.184,-0.8,-17.44,-0.493245,1
2271.44,2026-08-15T15:29:58.880,33.6528820,-117.3041123,-153.371,6.19847,15.9951,0.224,-0.776,-17.29,-0.492028,1
2271.48,2026-08-15T15:29:58.920,33.6528849,-117.3041061,-152.797,6.52094,16.165,0.27,-0.756,-17.38,-0.499842,1
2271.52,2026-08-15T15:29:58.960,33.6528877,-117.3040999,-152.223,6.83228,16.3393,0.313,-0.731,-17.63,-0.512501,1
2271.56,2026-08-15T15:29:59.000,33.6528906,-117.3040935,-151.631,7.15475,16.5584,0.344,-0.702,-18.06,-0.532039,1
2271.6,2026-08-15T15:29:59.040,33.6528934,-117.3040870,-151.029,7.4661,16.7685,0.36,-0.657,-18.76,-0.559673,1
2271.64,2026-08-15T15:29:59.080,33.6528962,-117.3040805,-150.428,7.77744,16.8623,0.364,-0.618,-19.71,-0.591307,1
2271.68,2026-08-15T15:29:59.120,33.6528989,-117.3040740,-149.826,8.07767,16.9294,0.358,-0.606,-20.85,-0.627995,1
2271.72,2026-08-15T15:29:59.160,33.6529016,-117.3040673,-149.206,8.37789,17.0233,0.351,-0.627,-22.11,-0.669639,1
2271.76,2026-08-15T15:29:59.200,33.6529043,-117.3040604,-148.567,8.67812,17.1932,0.351,-0.664,-23.22,-0.710275,1
2271.8,2026-08-15T15:29:59.240,33.6529067,-117.3040535,-147.929,8.94499,17.3764,0.35,-0.709,-24.11,-0.745361,1
2271.84,2026-08-15T15:29:59.280,33.6529092,-117.3040463,-147.262,9.22298,17.5374,0.352,-0.739,-24.73,-0.771609,1
2271.88,2026-08-15T15:29:59.320,33.6529116,-117.3040391,-146.596,9.48984,17.7162,0.358,-0.756,-25.07,-0.790193,1
2271.92,2026-08-15T15:29:59.360,33.6529138,-117.3040319,-145.929,9.73447,17.9129,0.345,-0.77,-25.14,-0.801197,1
2271.96,2026-08-15T15:29:59.400,33.6529160,-117.3040245,-145.244,9.9791,18.0738,0.306,-0.788,-25,-0.803893,1
2272,2026-08-15T15:29:59.440,33.6529181,-117.3040171,-144.559,10.2126,18.1141,0.232,-0.815,-24.63,-0.793759,1
2272.04,2026-08-15T15:29:59.480,33.6529201,-117.3040097,-143.874,10.435,18.0694,0.125,-0.842,-24.19,-0.777655,1
2272.08,2026-08-15T15:29:59.520,33.6529219,-117.3040022,-143.18,10.6352,17.9487,0.001,-0.848,-23.9,-0.7632,1
2272.12,2026-08-15T15:29:59.560,33.6529235,-117.3039948,-142.495,10.8131,17.7922,-0.112,-0.828,-23.93,-0.757496,1
2272.16,2026-08-15T15:29:59.600,33.6529251,-117.3039876,-141.829,10.991,17.667,-0.209,-0.794,-24.48,-0.769455,1
2272.2,2026-08-15T15:29:59.640,33.6529268,-117.3039802,-141.144,11.18,17.5508,-0.272,-0.763,-25.44,-0.794369,1
2272.24,2026-08-15T15:29:59.680,33.6529281,-117.3039728,-140.459,11.3246,17.4614,-0.307,-0.763,-26.57,-0.825427,1
2272.28,2026-08-15T15:29:59.720,33.6529295,-117.3039656,-139.793,11.4802,17.3541,-0.325,-0.793,-27.75,-0.856788,1
2272.32,2026-08-15T15:29:59.760,33.6529306,-117.3039584,-139.126,11.6025,17.2379,-0.334,-0.841,-28.74,-0.881411,1
2272.36,2026-08-15T15:29:59.800,33.6529317,-117.3039510,-138.441,11.7249,17.1216,-0.335,-0.882,-29.49,-0.898314,1
2272.4,2026-08-15T15:29:59.840,33.6529324,-117.3039438,-137.775,11.8027,17.0099,-0.334,-0.907,-30.12,-0.911516,1
2272.44,2026-08-15T15:29:59.880,33.6529332,-117.3039366,-137.108,11.8917,16.8668,-0.329,-0.903,-30.73,-0.922155,1
2272.48,2026-08-15T15:29:59.920,33.6529339,-117.3039295,-136.451,11.9695,16.7193,-0.316,-0.882,-31.28,-0.93045,1
2272.52,2026-08-15T15:29:59.960,33.6529345,-117.3039223,-135.785,12.0362,16.6031,-0.302,-0.856,-31.8,-0.939342,1
2272.56,2026-08-15T15:30:00.000,33.6529349,-117.3039151,-135.118,12.0807,16.4779,-0.284,-0.828,-32.17,-0.943107,1
2272.6,2026-08-15T15:30:00.040,33.6529353,-117.3039081,-134.47,12.1252,16.4198,-0.27,-0.817,-32.34,-0.944747,1
2272.64,2026-08-15T15:30:00.080,33.6529355,-117.3039010,-133.813,12.1474,16.3617,-0.263,-0.824,-32.34,-0.941404,1
2272.68,2026-08-15T15:30:00.120,33.6529357,-117.3038940,-133.165,12.1696,16.2454,-0.256,-0.848,-32.31,-0.933849,1
2272.72,2026-08-15T15:30:00.160,33.6529356,-117.3038871,-132.527,12.1585,16.1024,-0.247,-0.873,-32.34,-0.926485,1
2272.76,2026-08-15T15:30:00.200,33.6529355,-117.3038802,-131.888,12.1474,16.004,-0.24,-0.902,-32.51,-0.925667,1
2272.8,2026-08-15T15:30:00.240,33.6529353,-117.3038732,-131.24,12.1252,15.9862,-0.228,-0.909,-32.88,-0.935156,1
2272.84,2026-08-15T15:30:00.280,33.6529348,-117.3038663,-130.601,12.0696,15.9057,-0.21,-0.897,-33.41,-0.945447,1
2272.88,2026-08-15T15:30:00.320,33.6529343,-117.3038596,-129.981,12.014,15.8744,-0.196,-0.876,-33.94,-0.958555,1
2272.92,2026-08-15T15:30:00.360,33.6529339,-117.3038527,-129.343,11.9695,15.8252,-0.183,-0.851,-34.46,-0.970227,1
2272.96,2026-08-15T15:30:00.400,33.6529333,-117.3038460,-128.722,11.9028,15.7537,-0.167,-0.841,-34.9,-0.978174,1
2273,2026-08-15T15:30:00.440,33.6529325,-117.3038393,-128.102,11.8138,15.633,-0.147,-0.854,-35.24,-0.980136,1
2273.04,2026-08-15T15:30:00.480,33.6529316,-117.3038327,-127.491,11.7137,15.557,-0.127,-0.879,-35.44,-0.980907,1
2273.08,2026-08-15T15:30:00.520,33.6529306,-117.3038261,-126.88,11.6025,15.5123,-0.098,-0.914,-35.5,-0.979744,1
2273.12,2026-08-15T15:30:00.560,33.6529294,-117.3038195,-126.27,11.4691,15.5033,-0.064,-0.944,-35.26,-0.972559,1
2273.16,2026-08-15T15:30:00.600,33.6529281,-117.3038131,-125.677,11.3246,15.5168,-0.037,-0.957,-34.71,-0.958217,1
2273.2,2026-08-15T15:30:00.640,33.6529267,-117.3038064,-125.057,11.1689,15.5302,-0.017,-0.954,-33.87,-0.935836,1
2273.24,2026-08-15T15:30:00.680,33.6529253,-117.3038000,-124.465,11.0132,15.5168,-0.013,-0.942,-32.72,-0.903281,1
2273.28,2026-08-15T15:30:00.720,33.6529236,-117.3037935,-123.863,10.8242,15.4631,-0.031,-0.932,-31.54,-0.867695,1
2273.32,2026-08-15T15:30:00.760,33.6529218,-117.3037872,-123.28,10.624,15.3692,-0.063,-0.917,-30.57,-0.835903,1
2273.36,2026-08-15T15:30:00.800,33.6529200,-117.3037810,-122.706,10.4239,15.2798,-0.1,-0.9,-29.99,-0.815273,1
2273.4,2026-08-15T15:30:00.840,33.6529180,-117.3037749,-122.141,10.2015,15.1904,-0.135,-0.875,-29.87,-0.80726,1
2273.44,2026-08-15T15:30:00.880,33.6529160,-117.3037688,-121.577,9.9791,15.1234,-0.155,-0.85,-30.16,-0.811499,1
2273.48,2026-08-15T15:30:00.920,33.6529139,-117.3037628,-121.021,9.74559,15.0652,-0.157,-0.831,-30.62,-0.82071,1
2273.52,2026-08-15T15:30:00.960,33.6529118,-117.3037568,-120.466,9.51208,15.0116,-0.14,-0.848,-31.05,-0.829272,1
2273.56,2026-08-15T15:30:01.000,33.6529096,-117.3037509,-119.92,9.26745,15.0205,-0.113,-0.872,-31.33,-0.837249,1
2273.6,2026-08-15T15:30:01.040,33.6529070,-117.3037452,-119.392,8.97835,14.9669,-0.08,-0.903,-31.4,-0.836122,1
2273.64,2026-08-15T15:30:01.080,33.6529044,-117.3037395,-118.865,8.68924,14.9043,-0.04,-0.93,-31.25,-0.828649,1
2273.68,2026-08-15T15:30:01.120,33.6529017,-117.3037339,-118.346,8.38901,14.8909,0,-0.931,-30.86,-0.817571,1
2273.72,2026-08-15T15:30:01.160,33.6528989,-117.3037284,-117.837,8.07767,14.9311,0.041,-0.907,-30.24,-0.80331,1
2273.76,2026-08-15T15:30:01.200,33.6528961,-117.3037229,-117.328,7.76632,14.9803,0.077,-0.883,-29.4,-0.783568,1
2273.8,2026-08-15T15:30:01.240,33.6528931,-117.3037174,-116.819,7.43274,14.9982,0.107,-0.879,-28.28,-0.754617,1
2273.84,2026-08-15T15:30:01.280,33.6528900,-117.3037121,-116.329,7.08803,15.0518,0.128,-0.898,-27,-0.723039,1
2273.88,2026-08-15T15:30:01.320,33.6528868,-117.3037068,-115.838,6.73221,15.0965,0.143,-0.931,-25.61,-0.687853,1
2273.92,2026-08-15T15:30:01.360,33.6528834,-117.3037016,-115.357,6.35415,15.1368,0.163,-0.94,-24.01,-0.646597,1
2273.96,2026-08-15T15:30:01.400,33.6528800,-117.3036965,-114.885,5.97608,15.2217,0.185,-0.923,-22.4,-0.606624,1
2274,2026-08-15T15:30:01.440,33.6528764,-117.3036913,-114.403,5.57578,15.2664,0.209,-0.873,-20.9,-0.567665,1
2274.04,2026-08-15T15:30:01.480,33.6528728,-117.3036863,-113.941,5.17548,15.3826,0.23,-0.816,-19.63,-0.537229,1
2274.08,2026-08-15T15:30:01.520,33.6528690,-117.3036810,-113.45,4.75294,15.5257,0.245,-0.791,-18.57,-0.512946,1
2274.12,2026-08-15T15:30:01.560,33.6528651,-117.3036760,-112.987,4.31928,15.6196,0.249,-0.804,-17.72,-0.492426,1
2274.16,2026-08-15T15:30:01.600,33.6528612,-117.3036712,-112.543,3.88562,15.7179,0.253,-0.836,-16.73,-0.467842,1
2274.2,2026-08-15T15:30:01.640,33.6528570,-117.3036664,-112.099,3.4186,15.785,0.25,-0.873,-15,-0.421254,1
2274.24,2026-08-15T15:30:01.680,33.6528527,-117.3036617,-111.664,2.94046,15.8878,0.229,-0.874,-12.24,-0.345982,1
2274.28,2026-08-15T15:30:01.720,33.6528485,-117.3036569,-111.219,2.47344,15.9996,0.187,-0.798,-8.3,-0.236262,1
2274.32,2026-08-15T15:30:01.760,33.6528442,-117.3036523,-110.794,1.99531,15.9906,0.119,-0.643,-3.24,-0.0921762,1
2274.36,2026-08-15T15:30:01.800,33.6528399,-117.3036477,-110.368,1.51717,15.9549,0.035,-0.395,2.96,0.084022,1
2274.4,2026-08-15T15:30:01.840,33.6528358,-117.3036429,-109.923,1.06127,15.8476,-0.045,-0.092,9.28,0.261649,1
2274.44,2026-08-15T15:30:01.880,33.6528320,-117.3036380,-109.47,0.638728,15.7939,-0.109,0.223,15.31,0.430203,1
2274.48,2026-08-15T15:30:01.920,33.6528280,-117.3036329,-108.998,0.193948,15.7671,-0.143,0.519,20.82,0.584038,1
2274.52,2026-08-15T15:30:01.960,33.6528243,-117.3036279,-108.535,-0.217473,15.7313,-0.149,0.771,25.43,0.711738,1
2274.56,2026-08-15T15:30:02.000,33.6528206,-117.3036226,-108.045,-0.628895,15.6911,-0.131,0.936,28.65,0.799809,1
2274.6,2026-08-15T15:30:02.040,33.6528171,-117.3036174,-107.563,-1.01808,15.6732,-0.095,1.025,30.81,0.859129,1
2274.64,2026-08-15T15:30:02.080,33.6528138,-117.3036120,-107.063,-1.38502,15.6822,-0.043,1.045,31.95,0.891426,1
2274.68,2026-08-15T15:30:02.120,33.6528103,-117.3036065,-106.554,-1.7742,15.7269,0.009,1.013,32.16,0.899843,1
2274.72,2026-08-15T15:30:02.160,33.6528071,-117.3036010,-106.045,-2.13003,15.785,0.05,0.966,31.74,0.891373,1
2274.76,2026-08-15T15:30:02.200,33.6528037,-117.3035953,-105.518,-2.50809,15.8744,0.071,0.925,30.98,0.874957,0
2274.8,2026-08-15T15:30:02.240,33.6528005,-117.3035895,-104.981,-2.86391,15.8967,0.071,0.886,30.12,0.851866,0
2274.84,2026-08-15T15:30:02.280,33.6527975,-117.3035836,-104.435,-3.1975,15.8789,0.057,0.857,29.38,0.830003,0
2274.88,2026-08-15T15:30:02.320,33.6527946,-117.3035778,-103.898,-3.51996,15.852,0.038,0.846,28.86,0.813935,0
2274.92,2026-08-15T15:30:02.360,33.6527918,-117.3035719,-103.352,-3.83131,15.8207,0.02,0.863,28.71,0.808106,0
2274.96,2026-08-15T15:30:02.400,33.6527889,-117.3035657,-102.778,-4.15377,15.8789,0.007,0.894,29,0.819267,0
2275,2026-08-15T15:30:02.440,33.6527864,-117.3035597,-102.223,-4.43176,15.8878,-0.001,0.93,29.65,0.838102,0
2275.04,2026-08-15T15:30:02.480,33.6527840,-117.3035535,-101.649,-4.69863,15.8878,-0.003,0.947,30.55,0.863542,0
2275.08,2026-08-15T15:30:02.520,33.6527816,-117.3035472,-101.066,-4.9655,15.8833,0.016,0.928,31.53,0.890992,0
2275.12,2026-08-15T15:30:02.560,33.6527793,-117.3035408,-100.473,-5.22125,15.9146,0.049,0.891,32.21,0.912001,0
2275.16,2026-08-15T15:30:02.600,33.6527770,-117.3035345,-99.89,-5.47699,15.9996,0.084,0.873,32.28,0.918861,0
2275.2,2026-08-15T15:30:02.640,33.6527749,-117.3035280,-99.2884,-5.7105,16.0979,0.099,0.88,31.78,0.910189,0
2275.24,2026-08-15T15:30:02.680,33.6527729,-117.3035214,-98.6775,-5.93289,16.1203,0.085,0.903,30.96,0.887935,0
2275.28,2026-08-15T15:30:02.720,33.6527711,-117.3035147,-98.0573,-6.13304,16.1024,0.039,0.938,30.18,0.864605,0
2275.32,2026-08-15T15:30:02.760,33.6527694,-117.3035082,-97.4557,-6.32207,15.9772,-0.013,0.948,29.98,0.852199,0
2275.36,2026-08-15T15:30:02.800,33.6527678,-117.3035017,-96.854,-6.49999,15.8833,-0.043,0.93,30.43,0.859908,0
2275.4,2026-08-15T15:30:02.840,33.6527664,-117.3034951,-96.2431,-6.65566,15.8789,-0.036,0.902,31.29,0.883961,0
2275.44,2026-08-15T15:30:02.880,33.6527648,-117.3034883,-95.6137,-6.83357,15.9549,0.004,0.886,32.14,0.91232,0
2275.48,2026-08-15T15:30:02.920,33.6527634,-117.3034814,-94.9751,-6.98924,16.0979,0.064,0.902,32.53,0.93167,0
2275.52,2026-08-15T15:30:02.960,33.6527623,-117.3034745,-94.3364,-7.11156,16.2186,0.113,0.93,32.26,0.930864,0
2275.56,2026-08-15T15:30:03.000,33.6527614,-117.3034675,-93.6885,-7.21163,16.3035,0.138,0.953,31.64,0.917755,0
2275.6,2026-08-15T15:30:03.040,33.6527604,-117.3034606,-93.0498,-7.32283,16.2678,0.143,0.949,30.84,0.892588,0
2275.64,2026-08-15T15:30:03.080,33.6527597,-117.3034536,-92.4019,-7.40067,16.2723,0.141,0.917,30.21,0.874595,0
2275.68,2026-08-15T15:30:03.120,33.6527590,-117.3034467,-91.7632,-7.4785,16.3617,0.143,0.876,29.91,0.870667,0
2275.72,2026-08-15T15:30:03.160,33.6527582,-117.3034394,-91.0876,-7.56746,16.4868,0.159,0.859,29.83,0.874982,0
2275.76,2026-08-15T15:30:03.200,33.6527578,-117.3034323,-90.4304,-7.61194,16.6075,0.185,0.868,29.59,0.874296,0
2275.8,2026-08-15T15:30:03.240,33.6527574,-117.3034251,-89.7639,-7.65641,16.7104,0.224,0.873,28.94,0.860384,0
2275.84,2026-08-15T15:30:03.280,33.6527573,-117.3034179,-89.0975,-7.66753,16.8132,0.266,0.862,27.49,0.822305,0
2275.88,2026-08-15T15:30:03.320,33.6527572,-117.3034105,-88.4126,-7.67865,16.983,0.322,0.792,24.72,0.746917,0
2275.92,2026-08-15T15:30:03.360,33.6527571,-117.3034031,-87.7276,-7.68977,17.1172,0.387,0.676,20.73,0.631305,0
2275.96,2026-08-15T15:30:03.400,33.6527568,-117.3033955,-87.0242,-7.72313,17.296,0.451,0.549,15.59,0.479733,0
2276,2026-08-15T15:30:03.440,33.6527567,-117.3033878,-86.3115,-7.73425,17.5329,0.505,0.444,9.55,0.297897,0
2276.04,2026-08-15T15:30:03.480,33.6527566,-117.3033801,-85.5988,-7.74537,17.7698,0.541,0.363,2.86,0.0904186,0
2276.08,2026-08-15T15:30:03.520,33.6527566,-117.3033722,-84.8675,-7.74537,18.0381,0.545,0.291,-3.22,-0.103337,0
2276.12,2026-08-15T15:30:03.560,33.6527567,-117.3033643,-84.1363,-7.73425,18.2348,0.527,0.186,-8.17,-0.265052,0
2276.16,2026-08-15T15:30:03.600,33.6527567,-117.3033564,-83.4051,-7.73425,18.3421,0.491,0.017,-11.53,-0.376258,0
2276.2,2026-08-15T15:30:03.640,33.6527566,-117.3033483,-82.6554,-7.74537,18.4225,0.442,-0.175,-13.28,-0.435267,0
2276.24,2026-08-15T15:30:03.680,33.6527561,-117.3033402,-81.9056,-7.80097,18.5209,0.382,-0.353,-13.55,-0.446487,0
2276.28,2026-08-15T15:30:03.720,33.6527556,-117.3033320,-81.1466,-7.85656,18.6729,0.308,-0.483,-13.12,-0.435866,0
2276.32,2026-08-15T15:30:03.760,33.6527551,-117.3033239,-80.3969,-7.91216,18.7489,0.202,-0.555,-12.51,-0.417292,0
2276.36,2026-08-15T15:30:03.800,33.6527547,-117.3033158,-79.6472,-7.95664,18.6907,0.077,-0.571,-12.05,-0.400702,0
2276.4,2026-08-15T15:30:03.840,33.6527542,-117.3033079,-78.9159,-8.01224,18.57,-0.059,-0.558,-11.87,-0.392168,0
2276.44,2026-08-15T15:30:03.880,33.6527536,-117.3033000,-78.1847,-8.07895,18.418,-0.205,-0.521,-12.03,-0.394201,0
2276.48,2026-08-15T15:30:03.920,33.6527529,-117.3032923,-77.472,-8.15679,18.2437,-0.336,-0.473,-12.37,-0.401505,0
2276.52,2026-08-15T15:30:03.960,33.6527521,-117.3032846,-76.7593,-8.24575,18.0604,-0.439,-0.426,-12.83,-0.412252,0
2276.56,2026-08-15T15:30:04.000,33.6527514,-117.3032770,-76.0558,-8.32358,17.8682,-0.517,-0.381,-13.24,-0.420898,0
2276.6,2026-08-15T15:30:04.040,33.6527506,-117.3032695,-75.3616,-8.41254,17.6894,-0.571,-0.357,-13.43,-0.422666,0
2276.64,2026-08-15T15:30:04.080,33.6527500,-117.3032621,-74.6767,-8.47926,17.4703,-0.602,-0.355,-13.31,-0.413702,0
2276.68,2026-08-15T15:30:04.120,33.6527490,-117.3032549,-74.0103,-8.59045,17.2468,-0.624,-0.358,-12.9,-0.395828,0
2276.72,2026-08-15T15:30:04.160,33.6527481,-117.3032477,-73.3438,-8.69053,17.0322,-0.634,-0.354,-12.14,-0.367873,0
2276.76,2026-08-15T15:30:04.200,33.6527472,-117.3032405,-72.6774,-8.7906,16.7864,-0.64,-0.342,-11.2,-0.33449,0
2276.8,2026-08-15T15:30:04.240,33.6527463,-117.3032336,-72.0387,-8.89068,16.5226,-0.642,-0.325,-10.14,-0.298074,0
2276.84,2026-08-15T15:30:04.280,33.6527454,-117.3032267,-71.4001,-8.99075,16.2946,-0.642,-0.305,-9.01,-0.261202,0
2276.88,2026-08-15T15:30:04.320,33.6527444,-117.3032200,-70.7799,-9.10195,16.0443,-0.64,-0.288,-7.83,-0.223506,0
2276.92,2026-08-15T15:30:04.360,33.6527434,-117.3032134,-70.169,-9.21314,15.8342,-0.639,-0.271,-6.71,-0.189028,0
2276.96,2026-08-15T15:30:04.400,33.6527424,-117.3032068,-69.5581,-9.32434,15.624,-0.636,-0.26,-5.64,-0.156777,0
2277,2026-08-15T15:30:04.440,33.6527413,-117.3032003,-68.9565,-9.44665,15.4139,-0.632,-0.241,-4.65,-0.127519,0
2277.04,2026-08-15T15:30:04.480,33.6527404,-117.3031940,-68.3734,-9.54673,15.1815,-0.631,-0.216,-3.67,-0.0991262,0
2277.08,2026-08-15T15:30:04.520,33.6527394,-117.3031878,-67.7995,-9.65792,14.958,-0.635,-0.176,-2.82,-0.0750464,0
2277.12,2026-08-15T15:30:04.560,33.6527383,-117.3031816,-67.2256,-9.78024,14.721,-0.645,-0.129,-2.1,-0.0550004,0
2277.16,2026-08-15T15:30:04.600,33.6527374,-117.3031756,-66.6703,-9.88031,14.4573,-0.661,-0.079,-1.5,-0.0385821,0
2277.2,2026-08-15T15:30:04.640,33.6527365,-117.3031697,-66.1242,-9.98039,14.189,-0.68,-0.036,-1.04,-0.026254,0
2277.24,2026-08-15T15:30:04.680,33.6527355,-117.3031638,-65.5781,-10.0916,13.9789,-0.702,-0.007,-0.74,-0.0184041,0
2277.28,2026-08-15T15:30:04.720,33.6527346,-117.3031581,-65.0505,-10.1917,13.7107,-0.726,0.002,-0.5,-0.0121966,0
2277.32,2026-08-15T15:30:04.760,33.6527338,-117.3031526,-64.5414,-10.2806,13.3978,-0.749,0.004,-0.33,-0.00786603,0
2277.36,2026-08-15T15:30:04.800,33.6527328,-117.3031472,-64.0416,-10.3918,13.0938,-0.767,0.005,-0.22,-0.00512503,0
2277.4,2026-08-15T15:30:04.840,33.6527320,-117.3031419,-63.551,-10.4808,12.7943,-0.782,0.009,-0.15,-0.00341441,0
2277.44,2026-08-15T15:30:04.880,33.6527312,-117.3031367,-63.0697,-10.5697,12.4858,-0.791,0.014,-0.12,-0.00266567,0
2277.48,2026-08-15T15:30:04.920,33.6527304,-117.3031316,-62.5976,-10.6587,12.2578,-0.788,0.019,-0.13,-0.00283508,0
2277.52,2026-08-15T15:30:04.960,33.6527296,-117.3031266,-62.1348,-10.7476,12.0075,-0.778,0.017,-0.15,-0.00320444,0
2277.56,2026-08-15T15:30:05.000,33.6527288,-117.3031217,-61.6813,-10.8366,11.7572,-0.762,0.01,-0.16,-0.00334681,0
2277.6,2026-08-15T15:30:05.040,33.6527280,-117.3031170,-61.2463,-10.9255,11.4755,-0.742,0.004,-0.19,-0.00387913,0
2277.64,2026-08-15T15:30:05.080,33.6527272,-117.3031123,-60.8112,-11.0145,11.2162,-0.723,0.003,-0.22,-0.00439014,0
2277.68,2026-08-15T15:30:05.120,33.6527265,-117.3031078,-60.3947,-11.0923,10.9704,-0.706,0.003,-0.25,-0.00487943,0
2277.72,2026-08-15T15:30:05.160,33.6527258,-117.3031034,-59.9874,-11.1702,10.72,-0.689,0.005,-0.26,-0.00495881,0
2277.76,2026-08-15T15:30:05.200,33.6527251,-117.3030990,-59.5802,-11.248,10.4965,-0.673,0.004,-0.25,-0.00466867,0
2277.8,2026-08-15T15:30:05.240,33.6527243,-117.3030947,-59.1822,-11.337,10.2864,-0.658,0,-0.23,-0.0042092,0
2277.84,2026-08-15T15:30:05.280,33.6527237,-117.3030906,-58.8027,-11.4037,10.0584,-0.644,-0.009,-0.18,-0.00322114,0
2277.88,2026-08-15T15:30:05.320,33.6527230,-117.3030865,-58.4232,-11.4815,9.83488,-0.631,-0.015,-0.14,-0.00244966,0
2277.92,2026-08-15T15:30:05.360,33.6527224,-117.3030825,-58.0529,-11.5482,9.61583,-0.623,-0.015,-0.12,-0.00205294,0
2277.96,2026-08-15T15:30:05.400,33.6527217,-117.3030786,-57.692,-11.6261,9.41019,-0.619,-0.009,-0.15,-0.0025113,0
2278,2026-08-15T15:30:05.440,33.6527211,-117.3030748,-57.3402,-11.6928,9.18667,-0.622,0.003,-0.2,-0.00326886,0
2278.04,2026-08-15T15:30:05.480,33.6527205,-117.3030711,-56.9978,-11.7595,8.9408,-0.629,0.014,-0.28,-0.00445392,0
2278.08,2026-08-15T15:30:05.520,33.6527200,-117.3030675,-56.6645,-11.8151,8.71281,-0.641,0.021,-0.34,-0.00527042,0
2278.12,2026-08-15T15:30:05.560,33.6527194,-117.3030640,-56.3406,-11.8818,8.44459,-0.651,0.02,-0.38,-0.00570913,0
2278.16,2026-08-15T15:30:05.600,33.6527188,-117.3030607,-56.0351,-11.9485,8.19871,-0.655,0.01,-0.4,-0.00583464,0
2278.2,2026-08-15T15:30:05.640,33.6527182,-117.3030574,-55.7297,-12.0153,7.97966,-0.652,-0.002,-0.39,-0.00553678,0
2278.24,2026-08-15T15:30:05.680,33.6527176,-117.3030542,-55.4335,-12.082,7.75167,-0.64,-0.014,-0.38,-0.00524068,0
2278.28,2026-08-15T15:30:05.720,33.6527172,-117.3030511,-55.1466,-12.1265,7.57286,-0.616,-0.019,-0.38,-0.00511979,0
2278.32,2026-08-15T15:30:05.760,33.6527167,-117.3030480,-54.8596,-12.182,7.39404,-0.585,-0.014,-0.39,-0.00513044,0
2278.36,2026-08-15T15:30:05.800,33.6527162,-117.3030450,-54.582,-12.2376,7.22864,-0.549,-0.003,-0.43,-0.0055301,0
2278.4,2026-08-15T15:30:05.840,33.6527157,-117.3030421,-54.3135,-12.2932,7.06323,-0.518,0.011,-0.49,-0.00615755,0
2278.44,2026-08-15T15:30:05.880,33.6527152,-117.3030392,-54.0451,-12.3488,6.89783,-0.485,0.023,-0.54,-0.00662696,0
2278.48,2026-08-15T15:30:05.920,33.6527148,-117.3030364,-53.7859,-12.3933,6.73242,-0.464,0.028,-0.58,-0.00694717,0
2278.52,2026-08-15T15:30:05.960,33.6527144,-117.3030337,-53.536,-12.4378,6.56702,-0.454,0.027,-0.57,-0.00665965,0
2278.56,2026-08-15T15:30:06.000,33.6527139,-117.3030310,-53.2861,-12.4934,6.42396,-0.452,0.02,-0.53,-0.00605742,0
2278.6,2026-08-15T15:30:06.040,33.6527135,-117.3030284,-53.0455,-12.5379,6.2675,-0.451,0.008,-0.47,-0.00524084,0
2278.64,2026-08-15T15:30:06.080,33.6527130,-117.3030259,-52.8141,-12.5935,6.10657,-0.453,0.001,-0.41,-0.0044544,0
2278.68,2026-08-15T15:30:06.120,33.6527126,-117.3030235,-52.5919,-12.6379,5.92775,-0.448,-0.002,-0.35,-0.00369119,0
2278.72,2026-08-15T15:30:06.160,33.6527122,-117.3030211,-52.3698,-12.6824,5.7847,-0.435,-0.002,-0.32,-0.00329336,0
2278.76,2026-08-15T15:30:06.200,33.6527118,-117.3030187,-52.1476,-12.7269,5.67294,-0.415,0.002,-0.31,-0.0031288,0
2278.8,2026-08-15T15:30:06.240,33.6527114,-117.3030164,-51.9347,-12.7714,5.55224,-0.391,0.009,-0.3,-0.00296345,0
2278.84,2026-08-15T15:30:06.280,33.6527111,-117.3030141,-51.7219,-12.8047,5.45389,-0.363,0.012,-0.28,-0.00271689,0
2278.88,2026-08-15T15:30:06.320,33.6527107,-117.3030119,-51.5182,-12.8492,5.3466,-0.333,0.014,-0.26,-0.0024732,0
2278.92,2026-08-15T15:30:06.360,33.6527103,-117.3030097,-51.3146,-12.8937,5.24378,-0.304,0.014,-0.22,-0.00205246,0
2278.96,2026-08-15T15:30:06.400,33.6527100,-117.3030075,-51.111,-12.9271,5.1946,-0.276,0.012,-0.18,-0.00166354,0
2279,2026-08-15T15:30:06.440,33.6527097,-117.3030054,-50.9166,-12.9604,5.13202,-0.248,0.012,-0.14,-0.00127828,0
2279.04,2026-08-15T15:30:06.480,33.6527093,-117.3030032,-50.7129,-13.0049,5.08732,-0.223,0.012,-0.1,-9.051009e-04,0
2279.08,2026-08-15T15:30:06.520,33.6527090,-117.3030012,-50.5278,-13.0382,5.01132,-0.202,0.009,-0.07,-6.241061e-04,0
2279.12,2026-08-15T15:30:06.560,33.6527085,-117.3029991,-50.3335,-13.0938,4.94873,-0.184,0.003,-0.03,-2.641336e-04,0
2279.16,2026-08-15T15:30:06.600,33.6527083,-117.3029970,-50.1391,-13.1161,4.9085,-0.17,-0.003,0.01,8.732872e-05,0
2279.2,2026-08-15T15:30:06.640,33.6527079,-117.3029950,-49.954,-13.1606,4.85485,-0.162,-0.009,0.05,4.318715e-04,0
2279.24,2026-08-15T15:30:06.680,33.6527076,-117.3029930,-49.7688,-13.1939,4.8638,-0.156,-0.012,0.07,6.057336e-04,0
2279.28,2026-08-15T15:30:06.720,33.6527073,-117.3029909,-49.5745,-13.2273,4.81015,-0.149,-0.008,0.07,5.990527e-04,0
2279.32,2026-08-15T15:30:06.760,33.6527069,-117.3029889,-49.3893,-13.2718,4.74756,-0.145,-0.001,0.06,5.067929e-04,0
2279.36,2026-08-15T15:30:06.800,33.6527066,-117.3029870,-49.2135,-13.3051,4.68498,-0.139,0.009,0.06,5.001120e-04,0
2279.4,2026-08-15T15:30:06.840,33.6527063,-117.3029850,-49.0284,-13.3385,4.64922,-0.133,0.017,0.08,6.617258e-04,0
2279.44,2026-08-15T15:30:06.880,33.6527060,-117.3029830,-48.8432,-13.3718,4.63133,-0.127,0.021,0.11,9.063735e-04,0
2279.48,2026-08-15T15:30:06.920,33.6527057,-117.3029811,-48.6674,-13.4052,4.60898,-0.122,0.021,0.15,0.00123,0
2279.52,2026-08-15T15:30:06.960,33.6527054,-117.3029792,-48.4915,-13.4386,4.62239,-0.113,0.021,0.18,0.00148029,0
2279.56,2026-08-15T15:30:07.000,33.6527050,-117.3029772,-48.3064,-13.483,4.58663,-0.104,0.019,0.19,0.00155044,0
2279.6,2026-08-15T15:30:07.040,33.6527047,-117.3029753,-48.1305,-13.5164,4.52404,-0.095,0.018,0.19,0.00152929,0
2279.64,2026-08-15T15:30:07.080,33.6527044,-117.3029734,-47.9547,-13.5497,4.50616,-0.087,0.015,0.19,0.00152324,0
2279.68,2026-08-15T15:30:07.120,33.6527042,-117.3029715,-47.7788,-13.572,4.5151,-0.079,0.011,0.2,0.00160659,0
2279.72,2026-08-15T15:30:07.160,33.6527039,-117.3029696,-47.6029,-13.6053,4.5151,-0.075,0.005,0.24,0.00192791,0
2279.76,2026-08-15T15:30:07.200,33.6527035,-117.3029677,-47.4271,-13.6498,4.49722,-0.071,-0.001,0.32,0.00256037,0
2279.8,2026-08-15T15:30:07.240,33.6527032,-117.3029658,-47.2512,-13.6832,4.5151,-0.067,-0.007,0.43,0.00345418,0
2279.84,2026-08-15T15:30:07.280,33.6527028,-117.3029639,-47.0753,-13.7277,4.49722,-0.065,-0.01,0.55,0.00440064,0
2279.88,2026-08-15T15:30:07.320,33.6527024,-117.3029620,-46.8995,-13.7721,4.48828,-0.065,-0.007,0.66,0.00527026,0
2279.92,2026-08-15T15:30:07.360,33.6527021,-117.3029601,-46.7236,-13.8055,4.46593,-0.071,0,0.74,0.00587966,0
2279.96,2026-08-15T15:30:07.400,33.6527018,-117.3029582,-46.5478,-13.8389,4.43464,-0.081,0.013,0.79,0.00623295,0
2280,2026-08-15T15:30:07.440,33.6527015,-117.3029564,-46.3811,-13.8722,4.39887,-0.095,0.024,0.82,0.00641747,0
2280.04,2026-08-15T15:30:07.480,33.6527012,-117.3029546,-46.2145,-13.9056,4.34076,-0.113,0.031,0.85,0.00656437,0
2280.08,2026-08-15T15:30:07.520,33.6527010,-117.3029528,-46.0479,-13.9278,4.31841,-0.129,0.033,0.92,0.00706838,0
2280.12,2026-08-15T15:30:07.560,33.6527006,-117.3029510,-45.8813,-13.9723,4.2737,-0.143,0.03,1.04,0.00790762,0
2280.16,2026-08-15T15:30:07.600,33.6527004,-117.3029492,-45.7147,-13.9945,4.22453,-0.153,0.026,1.19,0.00894404,0
2280.2,2026-08-15T15:30:07.640,33.6527000,-117.3029475,-45.5574,-14.039,4.14853,-0.159,0.022,1.36,0.0100379,0
2280.24,2026-08-15T15:30:07.680,33.6526998,-117.3029458,-45.4,-14.0612,4.10383,-0.159,0.02,1.55,0.0113169,0
2280.28,2026-08-15T15:30:07.720,33.6526996,-117.3029440,-45.2334,-14.0835,4.05465,-0.156,0.02,1.76,0.0126962,0
2280.32,2026-08-15T15:30:07.760,33.6526993,-117.3029423,-45.0761,-14.1168,4.03677,-0.149,0.024,1.99,0.0142921,0
2280.36,2026-08-15T15:30:07.800,33.6526990,-117.3029407,-44.928,-14.1502,4.05465,-0.143,0.032,2.25,0.016231,0
2280.4,2026-08-15T15:30:07.840,33.6526988,-117.3029389,-44.7614,-14.1724,4.01442,-0.138,0.042,2.53,0.0180697,0
2280.44,2026-08-15T15:30:07.880,33.6526986,-117.3029373,-44.6133,-14.1947,3.94289,-0.136,0.051,2.8,0.0196418,0
2280.48,2026-08-15T15:30:07.920,33.6526984,-117.3029356,-44.4559,-14.2169,3.88925,-0.137,0.057,3.07,0.0212428,0
2280.52,2026-08-15T15:30:07.960,33.6526982,-117.3029340,-44.3078,-14.2392,3.87137,-0.14,0.058,3.39,0.0233492,0
2280.56,2026-08-15T15:30:08.000,33.6526980,-117.3029324,-44.1597,-14.2614,3.82666,-0.145,0.056,3.7,0.0251901,0
2280.6,2026-08-15T15:30:08.040,33.6526977,-117.3029308,-44.0116,-14.2948,3.78196,-0.151,0.054,3.99,0.0268471,0
2280.64,2026-08-15T15:30:08.080,33.6526976,-117.3029292,-43.8635,-14.3059,3.71937,-0.159,0.055,4.29,0.028388,0
2280.68,2026-08-15T15:30:08.120,33.6526974,-117.3029277,-43.7247,-14.3281,3.67914,-0.168,0.058,4.56,0.0298483,0
2280.72,2026-08-15T15:30:08.160,33.6526972,-117.3029261,-43.5766,-14.3503,3.61208,-0.176,0.062,4.75,0.0305253,0
