t_s,ax_g,ay_g,az_g,roll_rate_dps,pitch_rate_dps,yaw_rate_dps,in_gates
2219.85,0.0107422,-0.0126953,0.998047,0,0,0,0
2219.86,0.0151367,0.00439453,0.992188,0,0,0,0
2219.87,0.00732422,-0.00488281,0.993652,0,0,0,0
2219.88,0.00341797,-0.00244141,1.00146,0,0,0,0
2219.89,-0.00195312,0.0126953,1.01074,0,0,0,0
2219.9,0.00585938,-0.00390625,1.00195,0,0,0,0
2219.91,0.0126953,0.0126953,0.996094,0,0,0,0
2219.92,0.00878906,-0.0136719,0.996582,0,0,0,0
2219.93,0.00683594,-0.00390625,0.991211,0,0,0,0
2219.94,-0.00146484,0.0102539,1.00439,0,0,0,0
2219.95,-4.882812e-04,-0.00488281,1.00635,0,0,0,0
2219.96,0.00244141,0.0166016,1.00586,0,0,0,0
2219.97,0.0078125,-0.00683594,0.998535,0,0,0,0
2219.98,0.012207,-0.00292969,0.991211,0,0,0,0
2219.99,0.00488281,-0.00488281,0.996094,0,0,0,0
2220,0,-9.765625e-04,1.00195,0,0,0,0
2220.01,4.882812e-04,0.0151367,1.00391,0,0,0,0
2220.02,0.00683594,-0.00292969,1.00098,0,0,0,0
2220.03,0.00927734,0.00244141,0.996094,0,0,0,0
2220.04,0.00732422,-0.0161133,0.997559,0,0,0,0
2220.05,0.00830078,0.00439453,0.993652,0,0,0,0
2220.05,0.00244141,0.00634766,1.00293,0,0,0,0
2220.06,-4.882812e-04,-0.00341797,1.00244,0,0,0,0
2220.07,0.00292969,0.0131836,1,0,0,0,0
2220.08,0.0107422,-0.0126953,0.996582,0,0,0,0
2220.09,0.0117188,0.00244141,0.995117,0,0,0,0
2220.1,9.765625e-04,-4.882812e-04,0.99707,0,0,0,0
2220.11,-9.765625e-04,0.00341797,1.00146,0,0,0,0
2220.12,-0.00146484,0.00830078,1.00439,0,0,0,0
2220.13,0.00488281,-0.00537109,1.00342,0,0,0,0
2220.14,0.0117188,0.0117188,0.997559,0,0,0,0
2220.15,0.0107422,-0.0112305,0.991211,0,0,0,0
2220.16,0.00927734,0,0.992188,0,0,0,0
2220.17,0,0.00488281,1.00977,0,0,0,0
2220.18,0.00244141,-4.882812e-04,1.00439,0,0,0,0
2220.19,0.00634766,0.0161133,1.00391,0,0,0,0
2220.2,0.00927734,-0.0126953,0.99707,0,0,0,0
2220.21,0.0131836,0,0.990234,0,0,0,0
2220.22,0.00683594,-0.00439453,0.993652,0,0,0,0
2220.23,0.00195312,-4.882812e-04,1.00537,0,0,0,0
2220.24,0,0.0146484,1.0127,0,0,0,0
2220.25,0.00488281,-0.00146484,1.00244,0,0,0,0
2220.25,0.012207,0.00537109,0.994141,0,0,0,0
2220.26,0.00732422,-0.0170898,0.995605,0,0,0,0
2220.27,0.0078125,0.00341797,0.993164,0.12207,-0.305176,0,0
2220.28,0,0.0136719,1.00244,-0.183105,-0.244141,0,0
2220.29,0.00292969,-0.00830078,1.00342,0,-0.0610352,0,0
2220.3,0.00439453,0.0131836,1.00244,0,0,0,0
2220.31,0.0112305,-0.00976562,0.994629,-0.0610352,0.0610352,0,0
2220.32,0.0146484,0,0.993164,0.0610352,0,0,0
2220.33,0.00390625,4.882812e-04,0.998535,-0.0610352,0,0,0
2220.34,0.00195312,-0.00683594,1.00098,0,0,0,0
2220.35,0.00537109,0.012207,1.00098,0,0,0,0
2220.36,0.0078125,-4.882812e-04,0.997559,-0.0610352,0.0610352,0,0
2220.37,0.00927734,0.00488281,0.998535,0,0.0610352,0,0
2220.38,0.00537109,-0.00292969,0.997559,0,0.0610352,0,0
2220.39,0.00292969,4.882812e-04,0.995605,0,0,0,0
2220.4,-9.765625e-04,-0.00195312,1.00586,0,0,0,0
2220.41,0,0.00292969,1.00342,0.0610352,0,0,0
2220.42,0.00244141,0.0151367,1.00098,-0.0610352,0.0610352,0,0
2220.43,0.00732422,-0.0117188,0.992188,0,0.0610352,0,0
2220.44,0.00732422,-9.765625e-04,0.993652,0.0610352,0,0,0
2220.45,-0.00146484,-0.00683594,1.00342,-0.0610352,0,0,0
2220.46,-0.00195312,0.00537109,1.00391,0.0610352,0,0,0
2220.47,-0.00195312,0.012207,1.00732,-0.0610352,0.0610352,0,0
2220.48,0.00244141,-0.00878906,0.999023,0,0.0610352,0,0
2220.49,0.012207,0.00292969,0.990723,0,-0.0610352,0,0
2220.5,0.0107422,-0.0117188,0.993652,0,-0.0610352,0,0
2220.51,0.00244141,0.00146484,1.00049,0.0610352,-0.0610352,0,0
2220.52,9.765625e-04,4.882812e-04,1.01172,0,0,0,0
2220.53,0.0078125,0.0102539,1.00146,0.12207,0,0,0
2220.54,0.00927734,4.882812e-04,0.998535,0,0,0,0
2220.55,0.0126953,-0.0170898,0.999512,0.183105,-0.0610352,0,0
2220.56,0.0180664,0.0151367,0.994141,0.0610352,-0.0610352,0,0
2220.57,0.00732422,-0.00878906,0.998047,0,-0.0610352,0,0
2220.58,0.00439453,-9.765625e-04,1.00049,0.183105,-0.0610352,0,0
2220.59,-0.00439453,0.0117188,1.00635,0,-0.0610352,0,0
2220.6,0,4.882812e-04,0.995117,0,-0.0610352,0,0
2220.61,0.00732422,9.765625e-04,0.999512,0,0.0610352,0,0
2220.61,0.00927734,0.00292969,0.989746,0,0,0,0
2220.62,0.00830078,-0.0078125,1.00049,0,-0.0610352,0,0
2220.63,0.00634766,-0.00244141,0.988281,0.183105,0,0,0
2220.64,0.00585938,0.00341797,1.00635,0,0,0,0
2220.65,0.00244141,-9.765625e-04,0.993164,0,0,0,0
2220.66,0.00878906,-4.882812e-04,1.00391,0,0,0,0
2220.67,0.00195312,0.00292969,0.98584,0,0,0,0
2220.68,0.00390625,0,1.00977,0,0,0,0
2220.69,0.00292969,0.0112305,1.00049,0,-0.12207,0,0
2220.7,0.00634766,0,1.00439,0,0.183105,0,0
2220.71,0.0078125,0.00439453,1.00928,0,-0.12207,0,0
2220.72,0.00585938,-0.00585938,0.981934,0,0.0610352,0,0
2220.73,0.00585938,-9.765625e-04,1.01514,0,-0.183105,0,0
2220.74,0.00585938,0.00292969,0.984375,0,-0.0610352,0,0
2220.75,0.00390625,9.765625e-04,1.00146,0.0610352,0.0610352,0,0
2220.76,0.00292969,0,1.01611,-0.0610352,-0.244141,0,0
2220.77,0.0136719,0.00830078,0.984375,0,0.0610352,0,0
2220.78,0.00488281,-9.765625e-04,0.996094,0,0,0,0
2220.79,0,-9.765625e-04,1.02246,-0.244141,-0.305176,0,0
2220.8,0.0126953,0.00830078,0.993164,-0.183105,0,0,0
2220.81,0.00976562,-0.00537109,0.991211,0.12207,0.183105,0,0
2220.82,0,-0.0126953,0.998535,0,-0.183105,0,0
2220.83,-4.882812e-04,-0.00244141,1.00732,0,-0.366211,0,0
2220.84,0.00390625,0.0253906,1.00781,0.0610352,0.0610352,0,0
2220.85,0.0141602,-0.0161133,1.00488,-0.12207,0.183105,0,0
2220.86,0.0234375,-0.0112305,0.982422,0.183105,-0.183105,0,0
2220.87,0.0258789,-0.00390625,0.98291,0,-0.12207,0,0
2220.88,0.012207,-0.0141602,1,0.12207,-0.183105,0,0
2220.89,-0.00195312,0.0214844,1.00781,0,-0.183105,0,0
2220.9,-0.00341797,-0.00732422,1.00635,0,-0.0610352,0,0
2220.91,4.882812e-04,0.0117188,1.00098,0.12207,-0.0610352,0,0
2220.91,0.00439453,-4.882812e-04,0.994629,-0.0610352,0.0610352,0,0
2220.92,0.0136719,-0.012207,0.996094,0.12207,-0.0610352,0,0
2220.93,0.0107422,0.0141602,0.990723,0,0,0,0
2220.94,0.0141602,-0.0131836,0.996582,0,0,0,0
2220.95,0.00488281,0.00537109,0.996582,0.183105,-0.0610352,0,0
2220.96,0.00244141,0.00976562,1.00732,0,-0.12207,0,0
2220.97,0.00585938,-0.00292969,1.00195,0,-0.0610352,0,0
2220.98,0.0078125,9.765625e-04,0.994629,0.12207,0,0,0
2220.99,0.0107422,-0.00195312,0.994141,0,0,0,0
2221,0.00976562,-0.00634766,0.998535,0,-0.12207,0,0
2221.01,0.0131836,0.0131836,0.990234,0.12207,0,0,0
2221.02,0.0126953,9.765625e-04,1.00684,-0.183105,0,0,0
2221.03,0.0078125,-0.00927734,0.999023,0.0610352,-0.244141,0,0
2221.04,0.0112305,0.0219727,0.985352,0.12207,0,0,0
2221.05,0.0117188,-0.0136719,1.00684,0,-0.12207,0,0
2221.06,0.00146484,0.00146484,1.01221,0.0610352,-0.305176,0,0
2221.07,0.00292969,0.0209961,0.990234,0,0,0,0
2221.08,0.00439453,-0.0151367,0.990234,0.12207,0.0610352,0,0
2221.09,0.00341797,0.00683594,1.00879,0,-0.244141,0,0
2221.1,0,0.0107422,1.00488,-0.12207,-0.183105,0,0
2221.11,-0.00488281,0.0078125,0.996094,0.183105,0.0610352,0,0
2221.12,-0.00390625,-0.00683594,1.00049,0,0,0,0
2221.13,0.00146484,-0.00244141,0.993652,-0.0610352,-0.183105,0,0
2221.14,9.765625e-04,0.00732422,1.00342,0,0,0,0
2221.15,-0.00439453,0.00634766,1.01172,-0.0610352,0,0,0
2221.16,-0.00292969,0,0.997559,0,0,0,0
2221.17,-4.882812e-04,9.765625e-04,0.996094,0,0,0,0
2221.18,0.00292969,0.00488281,0.997559,-0.0610352,0,0,0
2221.19,0.0078125,-0.00537109,0.992188,0,0,0,0
2221.2,0.00488281,0.00341797,0.99707,0,-0.12207,0,0
2221.2,0.00146484,-0.00244141,0.99707,-0.12207,-0.12207,0,0
2221.21,0.00390625,0.00195312,1.00293,0,-0.12207,0,0
2221.22,0.00341797,0.00732422,1.00244,-0.0610352,0,0,0
2221.23,0.00390625,-0.00927734,0.99707,0,0,0,0
2221.24,4.882812e-04,0.00341797,1.00342,0.12207,-0.183105,0,0
2221.25,0.0078125,0.00830078,1.00586,0,-0.12207,0,0
2221.26,0.00732422,9.765625e-04,0.999023,0,0,0,0
2221.27,0.00195312,0,1.00635,0,-0.0610352,0,0
2221.28,0.00488281,4.882812e-04,1.00537,0,-0.244141,0,0
2221.29,0.00732422,0.00195312,0.998047,0,-0.0610352,0,0
2221.3,0.0117188,-9.765625e-04,1.00195,0,-0.12207,0,0
2221.31,0.00537109,0.00390625,1.00195,0,-0.12207,0,0
2221.32,0.00634766,0.00195312,0.995117,0,-0.0610352,0,0
2221.33,0.0151367,0.00732422,0.998535,0,-0.12207,0,0
2221.34,0.00732422,0,1,-0.183105,-0.12207,0,0
2221.35,0.0136719,0.00292969,0.994141,-0.0610352,-0.12207,0,0
2221.36,0.0166016,0.00683594,1.00146,-0.12207,0,0,0
2221.37,0.019043,-0.00146484,0.995117,-0.12207,0,0,0
2221.38,0.0117188,0.00146484,0.993652,0,0,0,0
2221.39,0.00390625,0.0117188,1.00391,0,0,0,0
2221.4,0.00341797,0.00585938,0.994629,-0.0610352,0,0,0
2221.41,0,0.00732422,0.997559,-0.0610352,0,0,0
2221.42,0.00292969,0.00195312,0.998047,-0.12207,-0.12207,0,0
2221.43,0.0117188,0.00146484,0.995605,-0.12207,-0.183105,0,0
2221.44,0.0126953,-0.00830078,0.995117,-0.12207,0,0,0
2221.45,0.00878906,-0.0078125,0.995605,-0.0610352,0,0,0
2221.46,0.00439453,0.00146484,0.997559,-0.0610352,0,0,0
2221.47,0.00195312,0.00537109,1,-0.0610352,0,0,0
2221.48,-4.882812e-04,-4.882812e-04,0.997559,-0.0610352,0,0,0
2221.49,0,0.00146484,0.999023,-0.12207,-0.183105,0,0
2221.5,0.00585938,-0.0078125,0.999512,-0.12207,-0.0610352,0,0
2221.5,0.0102539,-0.00585938,0.999512,0.0610352,0,0,0
2221.51,4.882812e-04,-0.00634766,1.00586,-0.0610352,0.0610352,0,0
2221.52,0,-0.0078125,0.99707,0,0,0,0
2221.53,-9.765625e-04,0.0141602,1.00488,0,0,0,0
2221.54,0,-0.00585938,1.00195,-0.183105,-0.12207,0,0
2221.55,0.00488281,-0.00341797,1.00098,0,-0.244141,0,0
2221.56,0.00732422,0.00146484,0.997559,0.0610352,-0.12207,0,0
2221.57,0.0102539,-0.00585938,1.00488,0,0,0,0
2221.58,0.00439453,-0.00146484,0.992676,0.12207,0,0,0
2221.59,0,0.00341797,1.00146,0.12207,-0.0610352,0,0
2221.6,-9.765625e-04,-4.882812e-04,1.00146,0,-0.12207,0,0
2221.61,0.00537109,0.00537109,0.999512,0.0610352,-0.183105,0,0
2221.62,0.00927734,0.00146484,1.00146,-0.0610352,-0.0610352,0,0
2221.63,0.0112305,-0.00878906,0.994629,0.0610352,-0.0610352,0,0
2221.64,0.00488281,0.00878906,1.00195,0.12207,0,0,0
2221.65,0.00390625,-0.00195312,0.995605,0,0,0,0
2221.66,0.00341797,0.00537109,1.00537,0.0610352,-0.0610352,0,0
2221.67,0.00927734,0.00732422,0.996094,-0.0610352,0,0,0
2221.68,0.0126953,-0.00683594,0.995117,0,-0.12207,0,0
2221.69,0.00830078,4.882812e-04,1.00342,0,-0.0610352,0,0
2221.7,0.0112305,0.00585938,0.996582,0,0,0,0
2221.71,0.00878906,0.00488281,1.00293,0,0.0610352,0,0
2221.72,0.00732422,-9.765625e-04,0.998535,0,-0.0610352,0,0
2221.73,0.00830078,0.00439453,1.00391,-0.0610352,-0.12207,0,0
2221.74,0.00585938,-0.00146484,1.00098,0,0,0,0
2221.75,0.0107422,0.00292969,1.00098,0,0,0,0
2221.76,0.00732422,0,0.99707,-0.0610352,0.0610352,0,0
2221.77,0.00976562,-4.882812e-04,1.00049,0,-0.12207,0,0
2221.78,0.00976562,0.0102539,1.00488,0,0,0,0
2221.79,0.00585938,-0.00585938,0.998047,0,-0.0610352,0,0
2221.8,0.0102539,-0.00146484,1.00195,0,0,0,0
2221.81,0.0102539,0.00244141,0.990234,0,0.12207,0,0
2221.82,0.00634766,-0.00537109,1.00195,-0.12207,-0.0610352,0,0
2221.83,0.00390625,0.00488281,1.00537,-0.0610352,0,0,0
2221.84,0.00390625,0.00195312,0.996582,0,0,0,0
2221.85,0.00439453,-9.765625e-04,1.00684,0,0,0,0
2221.86,0.00830078,-0.00292969,0.991211,-0.0610352,0,0,0
2221.86,0.00634766,-0.00292969,0.997559,0,-0.0610352,0,0
2221.87,0,0.00439453,1.00586,0,0,0,0
2221.88,0.00195312,9.765625e-04,0.996094,0,0,0,0
2221.89,0.00439453,-0.00146484,1.00391,-0.0610352,0,0,0
2221.9,0.00488281,-0.00585938,0.993164,0,0,0,0
2221.91,0.00683594,0,1.00049,0,-0.0610352,0,0
2221.92,0.00390625,4.882812e-04,1.00098,0,0,0,0
2221.93,0.00292969,-0.00585938,0.995117,0,-0.0610352,0,0
2221.94,0.00341797,0.00195312,1.0083,0,0,0,0
2221.95,0.00976562,-0.00341797,0.990723,0,0.0610352,0,0
2221.96,0.00683594,-9.765625e-04,1.00537,0,-0.0610352,0,0
2221.97,0.00390625,0.00244141,1.00488,0.0610352,-0.0610352,0,0
2221.98,0.00292969,0.00292969,0.993164,0,-0.0610352,0,0
2221.99,0.00341797,0.00585938,1.00928,0.0610352,0,0,0
2222,0.00830078,0.00146484,0.996094,0.0610352,0,0,0
2222.01,0.00732422,0.00683594,1.00049,0.0610352,-0.0610352,0,0
2222.02,0.00537109,0.00439453,1.00391,0,-0.0610352,0,0
2222.03,0.00634766,0.00292969,0.993652,0.0610352,-0.0610352,0,0
2222.04,0.00585938,0.00927734,1.00293,0,0,0,0
2222.05,0.00878906,0.00244141,0.988281,0,0,0,0
2222.06,0.00634766,0.0078125,1.00146,0,0,0,0
2222.07,0.00292969,0.0078125,1.00293,-0.0610352,0,0,0
2222.08,0.00585938,0.00585938,0.993164,-0.0610352,-0.12207,0,0
2222.09,0.00830078,0.00927734,1.00244,-0.0610352,0,0,0
2222.1,0.00976562,-0.00244141,0.992676,-0.12207,0,0,0
2222.11,0.00927734,0.00488281,1.00146,-0.12207,-0.0610352,0,0
2222.12,0.00341797,0.00341797,1.00146,0,0,0,0
2222.12,0.00488281,0,1,0,0,0,0
2222.13,0.00878906,9.765625e-04,1.00684,0,0,0,0
2222.14,0.012207,-0.00732422,0.992676,0,0,0,0
2222.15,0.0141602,9.765625e-04,1.00732,0,0,0,0
2222.16,0.0200195,-0.00585938,1.00439,0,0,0,0
2222.17,0.0258789,-4.882812e-04,1.00293,0,0,0,0
2222.18,0.0302734,-0.00585938,1.01123,0,0,0,0
2222.19,0.0341797,-0.0146484,0.996094,0,0,0,0
2222.2,0.0375977,0.00439453,1.01025,0,0,0,0
2222.21,0.0576172,-0.00732422,1.00439,0,0,0,0
2222.22,0.100586,-0.012207,0.990234,0.12207,-0.244141,0,0
2222.23,0.166504,0.00195312,1.01025,0.0610352,-0.427246,0,0
2222.24,0.246094,-0.0229492,0.992188,0.0610352,-0.732422,0,0
2222.25,0.270508,-0.00585938,1.00244,0.12207,-1.0376,0.305176,0
2222.26,0.291504,0.00195312,1.00195,-0.183105,-1.34277,0.0610352,0
2222.27,0.300293,-0.00585938,0.996094,-0.12207,-1.70898,0.183105,0
2222.28,0.342285,-9.765625e-04,1.02051,0,-1.89209,0.244141,0
2222.29,0.40918,-0.00732422,1.04688,0,-2.62451,0.305176,0
2222.3,0.495605,-0.00976562,1.04395,-0.12207,-3.11279,0.305176,0
2222.31,0.594238,-0.027832,1.03174,-0.0610352,-3.60107,0.366211,0
2222.32,0.731445,-0.00244141,0.999023,0,-4.15039,0.488281,0
2222.33,0.888672,-0.0205078,0.993164,-0.305176,-4.63867,0.366211,0
2222.34,0.997559,-0.0131836,0.981934,-0.0610352,-5.00488,0.366211,0
2222.35,0.916992,0.0712891,1.00439,-0.305176,-5.5542,0.549316,0
2222.36,0.814453,4.882812e-04,1.31689,-1.70898,-6.65283,0.183105,0
2222.37,0.839844,0.0327148,0.986816,-0.854492,-6.89697,0.732422,0
2222.38,0.912109,-0.0229492,1.00732,-1.58691,-7.38525,0.305176,0
2222.39,0.89502,-0.130371,1.05225,-0.244141,-7.50732,0.305176,0
2222.4,0.833984,-0.00488281,1.03516,0.671387,-7.14111,0.12207,0
2222.4,0.834473,0.0795898,0.943359,-0.976562,-6.5918,-0.12207,0
2222.41,0.957031,-0.0576172,0.868652,-1.34277,-5.67627,-0.244141,0
2222.42,0.959473,-0.0292969,0.981934,-0.12207,-4.82178,-0.366211,0
2222.43,0.917969,0.0327148,1.00293,-0.0610352,-4.27246,-0.610352,0
2222.44,0.868652,-0.0219727,1.02881,-0.12207,-3.84521,-0.854492,0
2222.45,0.907227,-0.0263672,1.0332,0.366211,-3.2959,-0.793457,0
2222.46,1.01758,-0.0102539,1.03369,0.0610352,-2.68555,-0.915527,0
2222.47,1.02344,-0.11377,1.0249,-0.0610352,-2.38037,-0.976562,0
2222.48,0.998047,-0.0473633,0.950195,0,-1.70898,-0.976562,0
2222.49,1.01367,-0.0175781,0.914062,-1.34277,-0.854492,-1.0376,0
2222.5,0.995605,-0.153809,1.00635,-1.52588,-0.183105,-1.0376,0
2222.51,0.998535,-0.03125,0.998047,-0.732422,0.366211,-0.915527,0
2222.52,0.940918,0.0297852,0.978516,-1.83105,0.549316,-0.915527,0
2222.53,0.914551,-0.123535,1.03906,-1.89209,0.793457,-1.0376,0
2222.54,0.932129,-0.034668,1.02881,-0.732422,0.854492,-1.28174,0
2222.55,0.973633,0.0112305,1.0415,-1.15967,0.671387,-1.52588,0
2222.56,1.01807,-0.165039,1.07471,-0.732422,0.305176,-1.70898,0
2222.57,1.01807,-0.0600586,1.07031,0.366211,0,-1.70898,0
2222.58,1.00977,-0.0288086,1.0127,-0.793457,-0.183105,-2.13623,0
2222.59,1.02588,-0.175781,1.05029,-0.427246,-0.549316,-2.50244,0
2222.6,1.00244,-0.00830078,1.09473,0.427246,-0.732422,-2.62451,0
2222.61,1.01562,-0.0625,1.09961,-0.854492,-1.0376,-2.74658,0
2222.62,0.969727,-0.195312,1.08252,-0.183105,-1.28174,-2.86865,0
2222.63,0.913086,-0.0405273,1.06934,-0.0610352,-1.40381,-3.23486,0
2222.64,0.880371,-0.139648,1.08594,-0.976562,-1.40381,-3.78418,0
2222.65,0.880859,-0.136719,1.09619,-0.305176,-1.58691,-4.21143,0
2222.66,0.882812,-0.0473633,1.08496,-0.854492,-1.46484,-4.45557,0
2222.67,0.890137,-0.191406,1.08789,-0.976562,-1.46484,-4.69971,0
2222.68,0.904785,-0.0869141,1.06055,-0.488281,-1.46484,-4.94385,0
2222.69,0.917969,-0.0712891,1.05273,-1.46484,-1.34277,-5.37109,0
2222.7,0.89502,-0.192871,1.06543,-1.34277,-1.09863,-5.67627,0
2222.71,0.874512,-0.0600586,1.05029,-1.2207,-1.0376,-5.98145,0
2222.72,0.873047,-0.121582,1.04834,-1.95312,-0.793457,-6.22559,0
2222.73,0.889648,-0.189453,1.06348,-1.0376,-0.671387,-6.53076,0
2222.74,0.871582,-0.0537109,1.01904,-0.854492,-0.549316,-6.71387,0
2222.75,0.854004,-0.15625,0.994141,-1.34277,-0.366211,-7.14111,0
2222.75,0.847656,-0.171875,0.995117,-0.488281,-0.12207,-7.38525,0
2222.76,0.869629,-0.0654297,1.00195,-0.732422,0.12207,-7.56836,0
2222.77,0.868164,-0.170898,0.98877,-1.0376,0.305176,-7.8125,0
2222.78,0.839844,-0.202148,0.97168,-0.244141,0.427246,-8.05664,0
2222.79,0.859375,-0.0913086,0.948242,-0.244141,0.488281,-8.36182,0
2222.8,0.835449,-0.162598,0.949219,-0.793457,0.610352,-8.60596,0
2222.81,0.814941,-0.191406,0.918457,-0.244141,0.488281,-8.78906,0
2222.82,0.821289,-0.0991211,0.916016,-0.183105,0.366211,-9.0332,0
2222.83,0.835449,-0.155762,0.90918,-0.793457,0.12207,-9.39941,0
2222.84,0.841309,-0.181152,0.898926,-0.488281,-0.0610352,-9.70459,0
2222.85,0.82373,-0.120605,0.933105,-0.793457,-0.244141,-9.8877,1
2222.86,0.820312,-0.151367,0.950195,-1.28174,-0.488281,-10.2539,1
2222.87,0.835449,-0.17041,0.935059,-1.09863,-0.793457,-10.437,1
2222.88,0.815918,-0.144531,0.962402,-1.2207,-1.15967,-10.6201,1
2222.89,0.830078,-0.178223,0.988281,-1.40381,-1.34277,-10.8643,1
2222.9,0.815918,-0.202148,0.988281,-1.09863,-1.52588,-11.0474,1
2222.91,0.836426,-0.148438,1.00195,-1.0376,-1.58691,-11.2305,1
2222.92,0.839355,-0.185547,1.00977,-1.34277,-1.58691,-11.4136,1
2222.93,0.824219,-0.226074,0.987793,-0.854492,-1.58691,-11.5356,1
2222.94,0.827148,-0.168457,1.00732,-0.610352,-1.70898,-11.5967,1
2222.95,0.810547,-0.23584,1.05518,-0.549316,-1.58691,-11.7798,1
2222.96,0.808594,-0.240234,1.05615,0.0610352,-1.70898,-11.9019,1
2222.97,0.832031,-0.208008,1.05518,0.0610352,-1.70898,-12.085,1
2222.98,0.838867,-0.279785,1.04053,0.12207,-1.58691,-12.207,1
2222.99,0.817383,-0.234375,1.04883,0.671387,-1.52588,-12.5122,1
2223,0.834473,-0.229492,1.0708,-0.244141,-1.40381,-12.7563,1
2223.01,0.830078,-0.30127,1.07373,-0.366211,-1.28174,-13.1226,1
2223.02,0.819336,-0.178711,1.07275,-0.427246,-1.09863,-13.3667,1
2223.03,0.827637,-0.225586,1.03613,-1.52588,-0.915527,-13.855,1
2223.04,0.821289,-0.296875,1.03662,-1.40381,-0.854492,-14.1602,1
2223.05,0.81543,-0.179199,1.10938,-1.83105,-0.671387,-14.5874,1
2223.06,0.757324,-0.22998,1.12939,-2.80762,-0.610352,-15.0757,1
2223.07,0.793945,-0.298828,1.11084,-2.31934,-0.549316,-15.564,1
2223.08,0.781738,-0.274414,1.0498,-2.0752,-0.549316,-16.0522,1
2223.08,0.796387,-0.291016,1.01514,-1.70898,-0.488281,-16.6016,1
2223.09,0.792969,-0.289062,1.04102,-1.89209,-0.427246,-17.2119,1
2223.1,0.783203,-0.307617,1.02832,-1.83105,-0.427246,-17.7002,1
2223.11,0.762695,-0.26709,1.0376,-1.70898,-0.427246,-18.1885,1
2223.12,0.705566,-0.280762,1.00146,-1.46484,-0.427246,-18.6157,1
2223.13,0.721191,-0.276367,0.94043,-0.610352,-0.305176,-19.165,1
2223.14,0.741211,-0.32959,0.95459,0.305176,0,-19.7144,1
2223.15,0.80957,-0.321289,0.96582,1.58691,0.0610352,-20.2026,1
2223.16,0.781738,-0.303711,0.949707,1.52588,0.12207,-20.5688,1
2223.17,0.775391,-0.324707,0.958496,0.854492,0.0610352,-20.9351,1
2223.18,0.736816,-0.253906,0.946289,0,0.366211,-21.3013,1
2223.19,0.76416,-0.357422,0.887207,-0.610352,0.671387,-21.6064,1
2223.2,0.760742,-0.370117,0.890625,0.0610352,0.976562,-21.7896,1
2223.21,0.785645,-0.34668,0.904785,-0.0610352,1.09863,-21.9727,1
2223.22,0.789551,-0.362793,0.975586,-0.305176,1.2207,-22.1558,1
2223.23,0.770996,-0.30127,1.01611,-1.34277,1.15967,-22.3389,1
2223.24,0.731445,-0.359863,0.930664,-2.31934,1.28174,-22.3999,1
2223.25,0.76123,-0.371094,0.899902,-2.62451,1.46484,-22.4609,1
2223.26,0.725098,-0.435059,0.911133,-2.44141,1.83105,-22.583,1
2223.27,0.75293,-0.425293,0.964355,-1.52588,2.0752,-22.8271,1
2223.28,0.754883,-0.327148,1.03369,-2.2583,2.2583,-22.9492,1
2223.29,0.719238,-0.391113,1.04736,-3.41797,2.38037,-22.8882,1
2223.3,0.656738,-0.442383,1.02979,-3.60107,2.50244,-23.0103,1
2223.31,0.667969,-0.391113,0.984863,-3.54004,2.62451,-23.1934,1
2223.32,0.669922,-0.471191,0.96582,-3.35693,2.92969,-23.3765,1
2223.33,0.645996,-0.479492,1.021,-2.44141,2.99072,-23.4985,1
2223.34,0.591797,-0.362793,1.07178,-2.68555,3.05176,-23.5596,1
2223.35,0.594727,-0.434082,1.04785,-3.17383,2.99072,-23.6816,1
2223.36,0.619629,-0.458496,1.03564,-2.2583,2.80762,-23.7427,1
2223.37,0.608398,-0.439453,1.01758,-2.0752,2.62451,-23.8647,1
2223.38,0.568848,-0.515625,0.984375,-1.52588,2.50244,-24.0479,1
2223.39,0.540527,-0.474609,1,-1.15967,2.31934,-24.231,1
2223.4,0.527832,-0.453613,1.04443,-1.52588,2.0752,-24.353,1
2223.41,0.564941,-0.476074,1.08154,-1.15967,2.13623,-24.353,1
2223.42,0.574219,-0.488281,1.06299,-0.244141,2.13623,-24.292,1
2223.43,0.555176,-0.46875,0.995605,0.244141,2.19727,-24.292,1
2223.44,0.524414,-0.499023,0.959473,-0.183105,2.2583,-24.292,1
2223.45,0.537109,-0.540527,1.02246,0.549316,2.19727,-24.231,1
2223.46,0.5625,-0.307617,1.04248,-0.183105,2.2583,-24.5361,1
2223.47,0.580566,-0.519043,0.98877,-1.83105,2.01416,-24.4751,1
2223.47,0.521973,-0.52002,0.892578,0,1.89209,-24.292,1
2223.48,0.495117,-0.302734,0.874512,-0.427246,1.52588,-24.4751,1
2223.49,0.570312,-0.515137,0.936523,-0.854492,0.976562,-24.6582,1
2223.5,0.620117,-0.415527,1.03613,0.183105,0.793457,-24.7803,1
2223.51,0.55957,-0.390137,0.98584,-1.77002,0.732422,-24.7803,1
2223.52,0.469727,-0.628418,0.929688,-1.2207,0.671387,-24.6582,1
2223.53,0.540039,-0.372559,0.916504,0,0.488281,-24.9634,1
2223.54,0.643555,-0.36084,0.974121,-1.40381,0.183105,-25.3906,1
2223.55,0.642578,-0.583496,1.04004,-0.671387,0,-25.4517,1
2223.56,0.535645,-0.454102,1.01709,0.671387,-0.0610352,-25.2686,1
2223.57,0.5,-0.424805,0.943359,-0.244141,-0.427246,-25.5127,1
2223.58,0.577637,-0.605957,0.971191,0.488281,-0.732422,-25.6958,1
2223.59,0.651855,-0.422363,1.03369,1.2207,-0.915527,-26.001,1
2223.6,0.653809,-0.399902,0.991211,-0.976562,-1.15967,-26.3062,1
2223.61,0.608398,-0.617188,0.938965,-1.09863,-1.2207,-26.4282,1
2223.62,0.593262,-0.444824,0.982422,-0.366211,-1.2207,-26.4282,1
2223.63,0.635742,-0.46875,1.05322,-2.01416,-1.15967,-26.4893,1
2223.64,0.654785,-0.63623,1.0625,-1.58691,-1.0376,-26.6724,1
2223.65,0.659668,-0.445312,1.04688,-1.34277,-1.09863,-26.7334,1
2223.66,0.638672,-0.407715,1.06348,-3.2959,-0.976562,-26.8555,1
2223.67,0.657227,-0.596191,1.07129,-4.15039,-0.732422,-26.9165,1
2223.68,0.639648,-0.563477,1.06689,-3.11279,-0.549316,-26.8555,1
2223.69,0.583008,-0.431152,1.03613,-2.68555,-0.305176,-26.9165,1
2223.7,0.589355,-0.579102,0.94043,-2.74658,-0.183105,-27.1606,1
2223.71,0.607422,-0.556152,0.979004,-1.0376,-0.0610352,-27.2827,1
2223.72,0.604004,-0.445801,1.021,-1.40381,0.183105,-27.3438,1
2223.73,0.562988,-0.627441,1.01611,-1.15967,0.366211,-27.5269,1
2223.74,0.570312,-0.575195,1.01123,0.183105,0.305176,-27.5879,1
2223.75,0.536621,-0.508301,0.991699,0.244141,0.488281,-27.5879,1
2223.76,0.517578,-0.614746,0.988281,0.305176,0.793457,-27.71,1
2223.77,0.501953,-0.635742,0.973145,1.46484,0.976562,-27.5269,1
2223.78,0.527344,-0.489746,0.951172,1.58691,1.15967,-27.5879,1
2223.79,0.527344,-0.580566,0.972656,0.732422,1.2207,-27.4658,1
2223.8,0.523438,-0.668945,0.962402,1.46484,1.2207,-27.4658,1
2223.81,0.541992,-0.532227,0.960938,0.915527,1.40381,-27.5879,1
2223.82,0.533203,-0.606934,0.950195,-0.0610352,1.46484,-27.832,1
2223.83,0.482422,-0.728027,1.00781,-0.0610352,1.64795,-28.1372,1
2223.83,0.479004,-0.552734,0.993164,0.305176,1.58691,-28.1982,1
2223.84,0.51416,-0.545898,1.00977,-2.0752,1.58691,-28.6255,1
2223.85,0.481934,-0.740723,1.0332,-2.86865,1.2207,-28.6255,1
2223.86,0.425293,-0.562988,1.02002,-2.99072,1.0376,-28.6255,1
2223.87,0.385254,-0.498535,0.985352,-4.69971,1.09863,-28.8696,1
2223.88,0.438477,-0.669922,0.937988,-4.76074,0.976562,-28.9307,1
2223.89,0.438965,-0.667969,0.953125,-3.54004,0.793457,-28.7476,1
2223.9,0.456543,-0.572266,1.0376,-3.78418,0.610352,-28.9307,1
2223.91,0.439941,-0.69043,1.09473,-4.63867,0.854492,-29.0527,1
2223.92,0.366211,-0.710449,1.01025,-3.96729,1.28174,-28.5645,1
2223.93,0.287109,-0.619141,1.01074,-4.08936,1.58691,-28.5034,1
2223.94,0.3125,-0.621582,0.993652,-4.08936,1.40381,-28.5645,1
2223.95,0.411133,-0.725098,0.947266,-3.05176,1.70898,-28.3813,1
2223.96,0.378906,-0.615234,0.983887,-1.2207,2.01416,-28.1982,1
2223.97,0.249512,-0.606445,1.05566,-1.77002,2.13623,-28.1982,1
2223.98,0.231445,-0.754883,1.03125,-0.671387,2.38037,-27.832,1
2223.99,0.258789,-0.641602,0.989746,0.976562,3.05176,-27.5269,1
2224,0.284668,-0.67334,0.950684,0.732422,3.17383,-27.771,1
2224.01,0.303711,-0.709961,0.899902,2.2583,2.86865,-27.6489,1
2224.02,0.277344,-0.622559,0.913086,2.44141,3.54004,-27.5879,1
2224.03,0.26709,-0.669922,0.933594,1.83105,3.17383,-27.6489,1
2224.04,0.234375,-0.724121,0.933594,2.01416,3.41797,-27.1606,1
2224.04,0.191895,-0.594727,0.938965,1.52588,3.60107,-27.2217,1
2224.05,0.199219,-0.624512,0.94873,0,4.21143,-27.3438,1
2224.06,0.190918,-0.770508,0.945312,-0.488281,4.08936,-27.2827,1
2224.07,0.191895,-0.672363,0.996582,-0.0610352,4.15039,-26.9775,1
2224.08,0.182617,-0.641602,1.0293,-1.28174,4.63867,-27.4658,1
2224.09,0.166992,-0.671387,0.996094,-1.46484,4.76074,-27.2827,1
2224.1,0.157227,-0.65332,0.988281,-1.95312,5.24902,-27.6489,1
2224.11,0.140625,-0.612305,0.93457,-2.13623,5.06592,-27.6489,1
2224.12,0.151367,-0.691406,0.937012,-2.86865,4.94385,-28.1372,1
2224.13,0.131348,-0.698242,0.97168,-1.52588,4.94385,-27.832,1
2224.14,0.119141,-0.574707,0.978027,-1.52588,5.06592,-28.3813,1
2224.15,0.119141,-0.681152,0.964355,-1.95312,5.12695,-28.7476,1
2224.16,0.116211,-0.729492,0.984863,-0.366211,5.43213,-28.3203,1
2224.17,0.0976562,-0.541016,0.970703,-0.244141,5.31006,-28.8086,1
2224.18,0.111816,-0.69043,0.952148,-1.52588,5.31006,-29.3579,1
2224.19,0.108398,-0.78418,0.949707,0.732422,5.5542,-28.6255,1
2224.2,0.0761719,-0.581055,0.991211,0.488281,5.5542,-29.1748,1
2224.21,0.0947266,-0.728516,0.935059,-0.183105,5.5542,-29.0527,1
2224.22,0.0776367,-0.724121,0.942383,1.09863,5.49316,-28.8696,1
2224.23,0.0727539,-0.590332,0.975586,0.427246,5.37109,-29.48,1
2224.24,0.0791016,-0.686035,0.936035,-0.183105,5.12695,-29.48,1
2224.25,0.09375,-0.73291,0.931641,0.976562,5.24902,-28.9917,1
2224.26,0.100586,-0.628418,0.928223,0.244141,4.63867,-29.6021,1
2224.27,0.140625,-0.754883,0.933105,-0.549316,4.5166,-29.7241,1
2224.28,0.126953,-0.717773,0.963379,0,4.27246,-29.48,1
2224.29,0.128906,-0.630371,0.992676,-1.77002,3.96729,-30.2124,1
2224.3,0.137207,-0.755859,0.962402,-2.31934,3.72314,-30.0293,1
2224.31,0.17334,-0.667969,0.939453,-1.77002,3.41797,-29.9072,1
2224.32,0.180176,-0.697266,0.929199,-2.31934,3.2959,-30.2734,1
2224.33,0.208496,-0.77832,0.939453,-1.2207,2.62451,-30.0293,1
2224.34,0.186523,-0.724609,1.00684,-1.09863,2.56348,-30.3955,1
2224.35,0.160645,-0.731934,1.03174,-0.915527,2.19727,-30.3345,1
2224.36,0.15332,-0.686035,0.977051,-1.2207,1.89209,-30.4565,1
2224.36,0.194824,-0.777344,0.962402,-1.34277,1.70898,-30.3955,1
2224.37,0.214355,-0.717773,0.979004,-0.732422,0.976562,-30.5176,1
2224.38,0.227051,-0.755859,0.978516,-0.671387,1.0376,-30.5176,1
2224.39,0.201172,-0.754883,0.963867,0.12207,0.732422,-30.2734,1
2224.4,0.166992,-0.69043,0.974609,-0.0610352,0.366211,-30.8838,1
2224.41,0.166504,-0.765625,0.956055,0.0610352,0.12207,-30.5786,1
2224.42,0.194336,-0.728516,0.973145,1.09863,0,-30.0903,1
2224.43,0.213867,-0.755859,0.974609,0.366211,-0.244141,-30.6396,1
2224.44,0.223145,-0.865234,0.981445,1.64795,-0.244141,-30.0293,1
2224.45,0.191406,-0.748047,0.995605,2.31934,0,-30.0903,1
2224.46,0.191406,-0.779297,1.00781,1.58691,-0.366211,-30.3345,1
2224.47,0.171387,-0.801758,1.00098,2.38037,-0.244141,-29.6021,1
2224.48,0.160156,-0.679688,1.01758,1.70898,-0.488281,-29.9072,1
2224.49,0.20752,-0.803223,0.973145,1.28174,-0.427246,-29.7241,1
2224.5,0.246094,-0.756348,0.97998,2.56348,-0.0610352,-29.0527,1
2224.51,0.209961,-0.67627,0.964844,1.70898,0,-29.48,1
2224.52,0.186035,-0.84082,0.981934,1.77002,0,-29.1138,1
2224.53,0.140137,-0.689453,0.958984,2.62451,0.12207,-28.8086,1
2224.54,0.159668,-0.713379,0.964355,0.549316,0.12207,-29.2969,1
2224.55,0.208984,-0.793457,0.919434,0.671387,0.0610352,-28.9917,1
2224.56,0.20459,-0.655273,0.976562,0.610352,0.732422,-29.0527,1
2224.57,0.186523,-0.73877,0.99707,0,0.854492,-28.8086,1
2224.58,0.15332,-0.792969,0.939941,0.366211,0.732422,-28.5034,1
2224.59,0.12207,-0.742188,0.908691,0.427246,1.34277,-28.3813,1
2224.6,0.106934,-0.672363,0.986328,-0.305176,1.40381,-28.8086,1
2224.61,0.110352,-0.800293,0.994629,-0.427246,2.0752,-28.6255,1
2224.62,0.103516,-0.733398,0.989258,0.732422,1.77002,-28.3203,1
2224.63,0.129883,-0.685059,0.958008,-0.12207,2.44141,-28.6255,1
2224.64,0.104492,-0.802734,0.980469,0.12207,2.62451,-28.3203,1
2224.65,0.0576172,-0.757812,1.00049,0.854492,2.92969,-28.3203,1
2224.66,0.0556641,-0.695801,0.981934,0.854492,3.41797,-28.4424,1
2224.67,0.0302734,-0.78418,0.999512,0.610352,3.90625,-28.4424,1
2224.68,0.0444336,-0.748047,0.966309,1.52588,3.66211,-28.3813,1
2224.69,0.0610352,-0.728516,0.978516,0.915527,4.08936,-28.9307,1
2224.7,0.0341797,-0.774902,1.01465,1.95312,4.5166,-28.2593,1
2224.71,-9.765625e-04,-0.729004,1.01758,2.01416,4.39453,-28.6865,1
2224.71,-0.0258789,-0.773438,0.949707,2.31934,4.39453,-28.9917,1
2224.72,-0.0166016,-0.708496,0.90918,2.86865,4.27246,-28.8086,1
2224.73,0,-0.743652,0.910156,2.0752,4.3335,-29.48,1
2224.74,0.0209961,-0.712891,0.90625,2.50244,3.66211,-29.2358,1
2224.75,0.0200195,-0.620117,0.918457,1.64795,3.84521,-29.6021,1
2224.76,0.0170898,-0.768555,0.920898,1.15967,3.72314,-29.48,1
2224.77,-0.00830078,-0.760254,0.915527,2.50244,3.66211,-29.3579,1
2224.78,-0.00634766,-0.660645,0.914062,1.70898,3.60107,-30.2734,1
2224.79,0.00830078,-0.786621,0.951172,1.52588,3.479,-30.3955,1
2224.8,0.0581055,-0.722168,0.94043,2.13623,2.99072,-30.2124,1
2224.81,0.0737305,-0.712402,0.948242,1.28174,2.74658,-30.8228,1
2224.82,0.0839844,-0.78418,0.945801,1.64795,2.50244,-30.5786,1
2224.83,0.0512695,-0.730957,0.953125,2.2583,2.62451,-30.3955,1
2224.84,0.0600586,-0.759277,0.96875,1.40381,1.95312,-30.9448,1
2224.85,0.118652,-0.758301,0.941406,1.52588,1.09863,-30.6396,1
2224.86,0.121094,-0.739746,0.959961,0.793457,0.915527,-30.7617,1
2224.87,0.152832,-0.765625,1.01367,0.732422,-0.0610352,-30.7617,1
2224.88,0.177246,-0.722656,0.975098,0.671387,-0.183105,-30.8228,1
2224.89,0.180176,-0.750977,0.968262,0.732422,-0.0610352,-30.6396,1
2224.9,0.160156,-0.803711,0.962891,0.915527,-0.549316,-30.5176,1
2224.91,0.175781,-0.809082,1.00439,1.89209,-0.976562,-30.2124,1
2224.92,0.188477,-0.758301,1.04346,2.44141,-1.2207,-29.9072,1
2224.93,0.194824,-0.84375,1.02393,2.50244,-1.2207,-29.7852,1
2224.94,0.218262,-0.793457,1.00098,3.17383,-1.83105,-29.2358,1
2224.95,0.207031,-0.658691,1.00488,2.2583,-1.64795,-29.541,1
2224.96,0.214844,-0.880371,0.96875,2.13623,-1.77002,-28.6865,1
2224.97,0.200684,-0.786133,1.03613,3.84521,-2.19727,-28.3813,1
2224.98,0.229492,-0.635742,1.02686,2.38037,-2.62451,-28.7476,1
2224.99,0.235352,-0.806641,1.00684,2.62451,-2.2583,-28.0151,1
2225,0.256348,-0.660156,0.966797,3.54004,-2.31934,-27.71,1
2225.01,0.260742,-0.735352,0.931641,2.80762,-2.31934,-27.771,1
2225.01,0.289062,-0.900879,0.952637,4.76074,-2.19727,-26.7944,1
2225.02,0.247559,-0.659668,1.0415,5.00488,-2.0752,-26.6113,1
2225.03,0.262207,-0.709473,1.07373,2.50244,-2.19727,-26.9165,1
2225.04,0.281738,-0.815918,1.02783,3.2959,-1.95312,-25.8179,1
2225.05,0.279297,-0.644043,0.983887,3.54004,-1.64795,-25.7568,1
2225.06,0.327637,-0.739746,0.964844,2.74658,-1.52588,-25.4517,1
2225.07,0.329102,-0.749023,1.00098,3.60107,-1.28174,-24.9634,1
2225.08,0.297363,-0.653809,1.0415,2.92969,-1.28174,-24.7192,1
2225.09,0.305664,-0.67334,1.04102,2.31934,-1.2207,-24.6582,1
2225.1,0.297852,-0.704102,1.02246,2.62451,-0.915527,-24.1699,1
2225.11,0.317871,-0.710449,0.995117,3.23486,-0.732422,-23.8647,1
2225.12,0.326172,-0.658203,1.02441,3.2959,-0.854492,-23.8647,1
2225.13,0.322754,-0.668945,1.05029,2.68555,-0.488281,-23.6206,1
2225.14,0.3125,-0.668457,1.02539,2.56348,-0.366211,-23.3765,1
2225.15,0.314453,-0.61377,0.987793,2.68555,0.0610352,-23.2544,1
2225.16,0.30957,-0.674316,0.999512,3.11279,0.610352,-23.1934,1
2225.17,0.333008,-0.668945,1.01123,3.78418,0.366211,-22.9492,1
2225.18,0.313965,-0.63623,1.00781,3.41797,0.732422,-22.8271,1
2225.19,0.283691,-0.669922,1.0127,3.60107,1.2207,-22.583,1
2225.2,0.271484,-0.612793,0.970703,3.23486,1.15967,-22.7661,1
2225.21,0.309082,-0.650879,0.94873,2.80762,0.854492,-22.8882,1
2225.22,0.290039,-0.669434,1.00049,3.05176,1.0376,-22.8882,1
2225.23,0.277832,-0.580566,1.00586,2.74658,0.976562,-22.8882,1
2225.24,0.231934,-0.656738,0.979492,2.19727,1.40381,-22.8882,1
2225.25,0.247559,-0.595215,0.97168,2.62451,1.0376,-22.644,1
2225.26,0.288574,-0.5625,0.958984,1.40381,1.09863,-23.2544,1
2225.27,0.288086,-0.708496,1.05615,1.09863,1.34277,-23.3154,1
2225.28,0.253418,-0.623047,1.05713,1.64795,1.15967,-23.0713,1
2225.29,0.263184,-0.606445,1.00781,0.793457,1.58691,-23.3765,1
2225.3,0.24707,-0.730469,1.01465,1.28174,1.34277,-23.4985,1
2225.3,0.264648,-0.658203,1.02246,2.50244,1.40381,-23.4985,1
2225.31,0.275391,-0.567871,1.03711,1.64795,1.70898,-23.9258,1
2225.32,0.255371,-0.719238,1.02393,1.40381,1.64795,-23.6206,1
2225.33,0.242188,-0.626953,0.961426,1.70898,1.15967,-23.7427,1
2225.34,0.239258,-0.611816,0.954102,1.0376,1.40381,-23.9868,1
2225.35,0.245117,-0.686523,0.992188,1.70898,0.976562,-23.9258,1
2225.36,0.268555,-0.558105,0.995605,1.58691,0.793457,-24.353,1
2225.37,0.214355,-0.620117,0.958496,1.09863,0.915527,-24.1089,1
2225.38,0.106934,-0.697266,0.937012,1.40381,0.793457,-24.231,1
2225.39,0.0444336,-0.705566,0.935059,2.0752,0.793457,-24.292,1
2225.4,0.0708008,-0.647949,1.02441,2.56348,1.15967,-24.5361,1
2225.41,0.125,-0.584961,1.02588,2.50244,1.70898,-24.4751,1
2225.42,0.144043,-0.631348,0.901855,1.89209,1.52588,-24.4751,1
2225.43,0.160645,-0.632812,0.810547,2.01416,1.34277,-24.1089,1
2225.44,0.0991211,-0.693848,0.916016,1.58691,2.38037,-24.1089,1
2225.45,0.0581055,-0.707031,1.05908,1.70898,2.50244,-23.9258,1
2225.46,0.0429688,-0.653809,1.04639,1.34277,2.80762,-24.353,1
2225.47,0.0771484,-0.715332,0.993652,1.2207,2.68555,-24.4141,1
2225.48,0.122559,-0.626953,0.9375,2.19727,2.38037,-23.9868,1
2225.49,0.100586,-0.572754,0.912598,0.915527,2.38037,-24.4141,1
2225.5,0.109863,-0.672852,0.983398,0.671387,2.19727,-24.292,1
2225.51,0.0830078,-0.628906,0.958984,1.15967,2.86865,-24.231,1
2225.52,0.106445,-0.713379,0.997559,1.46484,2.19727,-23.9868,1
2225.53,0.169922,-0.65332,1.04297,2.50244,1.09863,-23.7427,1
2225.54,0.250488,-0.592773,0.963867,2.0752,0.915527,-23.9258,1
2225.55,0.298828,-0.63916,0.901855,2.01416,0.427246,-23.6816,1
2225.56,0.331543,-0.624512,0.936523,1.95312,-0.12207,-23.6206,1
2225.57,0.333496,-0.655762,1.00146,2.44141,-0.244141,-23.4375,1
2225.58,0.35498,-0.680664,0.98291,2.86865,-0.671387,-23.6206,1
2225.59,0.360352,-0.663574,1.02979,2.80762,-1.46484,-23.6816,1
2225.6,0.360352,-0.598145,1.0957,2.99072,-1.52588,-23.1323,1
2225.61,0.365723,-0.480469,1.03271,2.13623,-2.0752,-23.3154,1
2225.61,0.398926,-0.541016,0.921875,1.58691,-2.38037,-22.8271,1
2225.62,0.509766,-0.628906,0.945801,3.2959,-2.56348,-22.2778,1
2225.63,0.512207,-0.593262,1.03662,4.02832,-2.0752,-22.0337,1
2225.64,0.472168,-0.612793,1.0293,4.02832,-2.13623,-21.5454,1
2225.65,0.377441,-0.609375,1.02686,4.76074,-1.89209,-20.3247,1
2225.66,0.41748,-0.519043,1.01074,4.27246,-2.19727,-20.2026,1
2225.67,0.542969,-0.462402,0.986816,4.39453,-2.38037,-19.5312,1
2225.68,0.585938,-0.568359,0.976074,5.31006,-2.0752,-18.6157,1
2225.69,0.552246,-0.462402,0.910645,6.7749,-1.77002,-17.9443,1
2225.7,0.420898,-0.454102,0.902832,6.53076,-1.15967,-16.9678,1
2225.71,0.394043,-0.51709,1.01221,7.38525,-0.671387,-16.0522,1
2225.72,0.466309,-0.350098,1.06689,6.7749,-0.183105,-15.625,1
2225.73,0.598145,-0.405273,0.972656,6.22559,0,-14.4653,1
2225.74,0.578125,-0.405762,0.903809,6.95801,0.0610352,-13.2446,1
2225.75,0.478516,-0.316895,0.946289,7.69043,0.0610352,-12.0239,1
2225.76,0.565918,-0.229004,1.05566,8.42285,0.366211,-10.9863,1
2225.77,0.567383,-0.220215,1.06299,7.93457,1.2207,-10.0098,1
2225.78,0.442871,-0.324219,0.920898,8.42285,1.40381,-7.93457,1
2225.79,0.363281,-0.233398,0.885254,8.8501,1.58691,-6.28662,1
2225.8,0.412109,-0.121094,0.862793,8.30078,1.58691,-5.5542,1
2225.81,0.458984,-0.0849609,0.893066,7.8125,2.31934,-4.5166,1
2225.82,0.433105,-0.170898,0.908691,7.50732,2.80762,-3.2959,1
2225.83,0.396484,-0.0351562,0.967285,8.54492,2.19727,-1.77002,1
2225.84,0.327148,-0.0224609,0.962891,8.17871,2.74658,-0.549316,1
2225.85,0.277344,-0.108887,0.858398,9.82666,2.44141,0.793457,1
2225.86,0.311523,0.153809,0.901367,11.1694,2.62451,1.77002,1
2225.87,0.320312,0.159668,0.955078,9.76562,2.80762,2.74658,1
2225.87,0.320312,-0.0268555,0.946289,10.8032,2.38037,3.96729,1
2225.88,0.267578,0.102051,0.947266,12.9395,2.74658,5.43213,1
2225.89,0.24707,0.242188,0.931641,12.4512,2.92969,5.98145,1
2225.9,0.234375,0.12793,0.87207,11.3525,2.56348,6.71387,1
2225.91,0.27002,0.165527,0.890625,12.207,2.38037,7.75146,1
2225.92,0.272461,0.369629,0.949707,11.4136,2.68555,8.30078,1
2225.93,0.265625,0.286621,0.937988,10.0708,2.86865,8.78906,1
2225.94,0.234863,0.333008,0.883301,10.3149,2.44141,10.0708,1
2225.95,0.211426,0.422363,0.918457,9.39941,2.44141,10.6201,1
2225.96,0.20752,0.383789,0.949219,9.0332,2.0752,11.3525,1
2225.97,0.206055,0.452637,0.949707,9.0332,1.77002,12.146,1
2225.98,0.198242,0.485352,0.972168,8.11768,1.64795,12.6343,1
2225.99,0.174316,0.441406,1.02148,8.48389,1.64795,13.6108,1
2226,0.192871,0.506836,1.02832,9.09424,1.83105,14.5264,1
2226.01,0.178223,0.561035,1.03613,9.0332,1.83105,14.9536,1
2226.02,0.193848,0.500977,1.03955,9.27734,2.01416,15.625,1
2226.03,0.174316,0.578125,1.07666,10.1929,2.2583,16.4795,1
2226.04,0.151855,0.647461,1.10254,10.0708,2.50244,17.2119,1
2226.05,0.148926,0.549316,1.05518,10.0098,2.50244,17.7612,1
2226.06,0.116211,0.606934,1,10.9863,2.74658,18.9819,1
2226.07,0.134277,0.692383,1.00439,9.94873,3.11279,19.5923,1
2226.08,0.0878906,0.59082,1.00879,8.72803,2.74658,19.9585,1
2226.09,0.134766,0.687988,0.983887,8.17871,2.68555,20.752,1
2226.1,0.0986328,0.731934,0.940918,5.67627,3.35693,21.1182,1
2226.11,0.115234,0.583984,0.932617,4.21143,3.2959,21.8506,1
2226.12,0.106934,0.729004,0.929199,3.41797,2.86865,22.0947,1
2226.13,0.105957,0.755859,0.992676,1.46484,3.66211,22.4609,1
2226.14,0.0717773,0.666992,0.985352,1.40381,3.66211,23.2544,1
2226.15,0.0800781,0.755859,0.995117,0.793457,3.78418,23.1934,1
2226.16,0.0561523,0.693848,0.995605,0.732422,3.78418,23.5596,1
2226.16,0.0883789,0.771973,0.996582,0.854492,3.96729,23.8647,1
2226.17,0.10498,0.824707,0.970215,0.0610352,4.57764,23.8037,1
2226.18,0.0522461,0.700195,1.03271,0.671387,4.63867,24.0479,1
2226.19,0.0317383,0.83252,1.07129,2.50244,4.39453,24.7803,1
2226.2,0.0371094,0.780273,0.990234,2.31934,4.45557,24.7192,1
2226.21,0.0429688,0.709961,0.939941,4.3335,3.90625,25.5737,1
2226.22,0.0297852,0.902832,0.953613,4.3335,4.21143,25.7568,1
2226.23,0.00537109,0.778809,1.00732,3.60107,4.21143,25.9399,1
2226.24,-0.00390625,0.766113,0.964355,4.94385,3.72314,27.3438,1
2226.25,-0.0356445,0.794434,0.927246,4.57764,3.2959,27.2827,1
2226.26,-0.0405273,0.719238,0.875,5.24902,2.50244,28.1372,1
2226.27,-0.0209961,0.845215,0.870605,4.88281,2.50244,28.5034,1
2226.28,0,0.772949,0.870117,3.35693,2.19727,28.9917,1
2226.29,-0.0200195,0.668457,0.909668,4.3335,1.70898,30.0903,1
2226.3,-0.0629883,0.862305,0.869141,4.76074,1.70898,30.3955,1
2226.31,-0.0766602,0.845703,0.965332,3.35693,1.2207,30.4565,1
2226.32,-0.112793,0.858398,0.942871,3.41797,0.915527,31.3721,1
2226.33,-0.0883789,0.821289,0.991699,2.92969,1.58691,31.25,1
2226.34,-0.0908203,0.910156,1.02148,3.17383,1.64795,31.6772,1
2226.35,-0.0673828,0.936035,0.973633,1.58691,1.58691,31.25,1
2226.36,-0.117188,0.95166,1.03125,2.31934,1.77002,31.7383,1
2226.37,-0.0952148,0.963867,1.0835,1.58691,2.74658,31.1279,1
2226.38,-0.0693359,0.812988,0.985352,1.46484,2.74658,31.6772,1
2226.39,-0.0888672,0.881348,0.915527,1.77002,2.2583,31.9824,1
2226.4,-0.0698242,0.949219,0.946289,0.183105,3.11279,31.4941,1
2226.41,-0.0688477,0.940918,0.998535,-0.549316,3.41797,31.9824,1
2226.42,-0.0410156,1.06104,1.05078,-1.46484,3.84521,31.8604,1
2226.43,-0.0595703,0.92041,1.00684,-3.23486,3.96729,31.3721,1
2226.44,-0.118652,0.754395,0.956543,-1.46484,3.35693,32.4707,1
2226.45,-0.0991211,0.964355,0.871582,-0.610352,3.05176,31.9824,1
2226.46,-0.0498047,0.993652,0.901367,-1.52588,3.479,31.8604,1
2226.47,-0.0634766,0.849609,0.953613,-0.793457,3.17383,32.8979,1
2226.48,-0.0805664,0.982422,1.02783,-0.183105,2.62451,33.2642,1
2226.49,-0.0966797,0.850098,0.982422,-0.183105,2.38037,33.5083,1
2226.5,-0.0478516,0.839844,0.912109,2.19727,1.58691,33.9355,1
2226.5,0.00195312,1.09619,0.928223,2.38037,2.13623,34.1187,1
2226.51,0.0893555,0.882324,0.963379,0.915527,1.58691,34.0576,1
2226.52,0.0922852,0.939453,0.956055,3.05176,0.976562,35.3394,1
2226.53,0.0517578,0.994141,1.00977,1.52588,0.976562,34.79,1
2226.54,0.0263672,0.853516,0.938965,2.38037,-0.12207,35.3394,1
2226.55,0.0883789,0.94043,0.920898,2.74658,0.12207,35.3394,1
2226.56,0.0610352,1.07715,0.951172,0.915527,0.0610352,35.1562,1
2226.57,0.0541992,0.816895,0.996094,-0.976562,-0.427246,35.3394,1
2226.58,0.0737305,0.987793,0.943359,0.976562,-0.671387,35.8887,1
2226.59,0.0585938,1.11475,0.910645,-1.89209,-0.610352,34.8511,1
2226.6,0.0532227,0.873535,0.936035,-2.0752,-0.854492,34.729,1
2226.61,0.145996,0.887695,0.975586,-1.0376,-0.305176,34.3628,1
2226.62,0.135742,1.04199,0.871582,-0.915527,0,34.4849,1
2226.63,0.09375,0.84375,0.881836,-2.92969,0.488281,33.5083,1
2226.64,0.109863,1.04688,0.931152,0,0,33.3862,1
2226.65,0.0830078,0.954102,1.03369,-1.15967,1.58691,32.1045,1
2226.66,0.144531,0.865723,1.00293,1.09863,1.52588,32.4097,1
2226.67,0.0927734,0.991211,0.916504,0.610352,2.2583,31.7993,1
2226.68,0.100098,0.878906,0.929688,0.610352,2.0752,31.5552,1
2226.69,0.147949,0.978027,0.967285,1.95312,2.44141,31.3721,1
2226.7,0.159668,1.0083,1.01318,0.854492,2.56348,30.5786,1
2226.71,0.130371,0.856934,1.00977,0.549316,2.31934,30.3955,1
2226.72,0.128906,1.00488,0.944336,1.09863,2.44141,30.6396,1
2226.73,0.0952148,1.0083,0.891602,-0.793457,2.86865,30.0903,1
2226.74,0.162109,0.787598,0.851074,-0.12207,2.31934,30.4565,1
2226.75,0.128906,0.939941,0.958008,1.2207,2.74658,30.6396,1
2226.76,0.105469,1.05908,1.01123,-0.793457,2.56348,29.48,1
2226.77,0.133301,0.772949,0.947754,0,2.2583,30.5176,1
2226.78,0.131836,1.09912,0.914062,0.732422,1.89209,30.3955,1
2226.79,0.119141,1.10791,0.871094,-2.38037,1.15967,30.1514,1
2226.8,0.0576172,0.812988,1.06836,-1.28174,1.52588,30.6396,1
2226.81,0.110352,0.945801,1.06348,-1.46484,1.2207,30.7007,1
2226.82,0.177734,0.88916,0.865723,-2.68555,0.549316,31.0669,1
2226.83,0.171387,0.944824,0.855469,-2.44141,0.244141,30.6396,1
2226.84,0.19043,0.933594,0.894043,-1.77002,0.244141,30.3955,1
2226.84,0.135742,0.897949,0.959961,-0.671387,0.610352,30.3345,1
2226.85,0.125,0.825195,0.961426,0.610352,0.305176,30.4565,1
2226.86,0.0991211,0.998535,0.946289,1.52588,0.183105,29.7241,1
2226.87,0.0581055,0.9375,0.969238,0,0.854492,29.48,1
2226.88,0.097168,0.913574,0.972656,-0.0610352,1.09863,29.541,1
2226.89,0.178223,0.997559,1.02539,-1.95312,0.854492,29.2358,1
2226.9,0.248047,0.936523,0.878906,-1.52588,0.183105,28.9307,1
2226.91,0.144531,1.02002,0.93457,-1.15967,1.15967,28.1982,1
2226.92,0.0273438,1.02002,0.953125,-1.83105,1.77002,27.4048,1
2226.93,-0.00683594,0.897949,0.98877,-0.976562,1.58691,27.832,1
2226.94,0.102051,0.929199,1.00049,0.915527,2.50244,28.0151,1
2226.95,0.230469,1.03125,0.936523,-0.366211,2.2583,27.1606,1
2226.96,0.189453,0.802246,0.932617,-0.305176,2.01416,27.1606,1
2226.97,0.114746,0.905762,1.05859,0.610352,1.95312,26.6113,1
2226.98,0.0131836,1.16211,0.9375,0,2.2583,27.0386,1
2226.99,0.00341797,0.77832,0.85791,-2.56348,3.05176,26.6113,1
2227,0.105957,0.82959,0.800781,0.427246,2.31934,27.4658,1
2227.01,0.185059,1.03809,0.898438,-0.183105,2.01416,26.7334,1
2227.02,0.119629,0.816406,0.943848,0.549316,1.95312,26.8555,1
2227.03,0.0698242,0.75293,0.977051,1.95312,2.13623,26.2451,1
2227.04,0.0463867,1.0752,0.948242,1.0376,2.80762,26.4282,1
2227.05,-0.00732422,0.980469,0.879883,-2.13623,2.92969,26.062,1
2227.06,0.0454102,0.878418,0.956055,-1.83105,2.74658,26.5503,1
2227.07,0.15332,1.0752,1.01807,-1.95312,2.44141,26.7334,1
2227.08,0.150879,0.87793,1.00928,-2.56348,2.19727,26.7944,1
2227.09,0.151367,0.885254,0.883301,-1.83105,1.46484,26.3062,1
2227.1,0.0825195,1.04346,0.897949,-1.70898,1.89209,26.4282,1
2227.11,0.0429688,1.01367,0.975586,-3.35693,2.19727,26.123,1
2227.12,0.0961914,0.711426,1.02295,-2.01416,1.58691,26.7944,1
2227.13,0.151367,1.08398,1.02246,-0.183105,1.15967,26.5503,1
2227.14,0.102051,1.06299,1.03418,-2.62451,1.09863,26.3672,1
2227.15,0.097168,0.632812,0.984375,-0.671387,0.976562,26.3672,1
2227.16,0.166992,1.05908,0.957031,1.70898,0.793457,26.6724,1
2227.17,0.148926,1.03906,0.900391,-1.83105,1.0376,26.2451,1
2227.18,0.109863,0.700195,0.976562,-1.28174,0.671387,26.4282,1
2227.19,0.0751953,1.01025,1.0376,0.671387,0.549316,26.9775,1
2227.2,0.0849609,0.96582,0.964844,-1.77002,0.915527,26.123,1
2227.21,0.065918,0.612793,0.884277,-0.183105,0.12207,26.4282,1
2227.21,0.158691,0.982422,0.911621,0.915527,0.12207,26.4893,1
2227.22,0.160645,1.00049,0.899414,-2.80762,0.732422,26.062,1
2227.23,0.187012,0.852539,0.905273,-2.68555,0.549316,25.8179,1
2227.24,0.115723,0.905762,1.04395,-2.2583,1.0376,25.9399,1
2227.25,0.0473633,0.980957,0.913086,-2.38037,0.610352,25.6348,1
2227.26,0.09375,0.756836,0.938965,-3.60107,0.610352,24.9023,1
2227.27,0.122559,0.848145,0.944336,-2.0752,0.793457,25.2686,1
2227.28,0.166016,1.06299,0.958984,-4.76074,1.2207,24.5361,1
2227.29,0.191406,0.740723,0.970703,-6.10352,1.40381,24.5361,1
2227.3,0.147461,0.80127,0.980469,-3.78418,1.40381,24.4141,1
2227.31,0.0786133,1.01465,0.98584,-4.94385,1.64795,23.6206,1
2227.32,0.0722656,0.745117,0.983887,-6.53076,1.2207,22.9492,1
2227.33,0.134766,0.84375,0.92041,-6.10352,1.2207,23.2544,1
2227.34,0.165527,0.869141,0.826172,-8.30078,1.28174,22.8271,1
2227.35,0.29541,0.700684,0.912598,-7.44629,0.793457,22.583,1
2227.36,0.206055,0.769043,0.945312,-5.24902,0.915527,22.3389,1
2227.37,0.0952148,0.755859,1.05176,-5.61523,0.549316,21.2402,1
2227.38,0.0458984,0.613281,0.925293,-5.7373,0.244141,20.2637,1
2227.39,0.0893555,0.671875,0.752441,-5.31006,0.183105,20.3247,1
2227.4,0.239258,0.746094,0.799805,-6.46973,0.244141,19.3481,1
2227.41,0.26123,0.503906,0.882324,-6.34766,-0.244141,19.104,1
2227.42,0.174316,0.627441,1.02393,-3.78418,0.244141,18.4326,1
2227.43,0.0385742,0.814941,0.967773,-5.7373,0.549316,16.5405,1
2227.44,-0.0483398,0.46875,0.888672,-5.92041,1.09863,15.8691,1
2227.45,-0.0200195,0.535156,0.818359,-4.27246,0.732422,14.7705,1
2227.46,0.0112305,0.750977,0.946777,-5.06592,1.58691,13.7329,1
2227.47,0.0615234,0.450684,1.06396,-7.14111,2.19727,12.6343,1
2227.48,0.0991211,0.427246,1.07861,-5.37109,2.56348,12.085,1
2227.49,0.0161133,0.727539,0.972656,-7.20215,3.2959,10.376,1
2227.5,-0.0913086,0.328613,0.933105,-9.70459,3.84521,8.60596,1
2227.51,-0.134766,0.428711,0.901855,-6.5918,3.72314,8.11768,1
2227.51,-0.141113,0.634766,1.00586,-9.58252,5.00488,6.28662,1
2227.52,-0.0703125,0.267578,1.04053,-11.2305,4.76074,5.5542,1
2227.53,-0.0424805,0.296387,0.971191,-9.70459,5.06592,5.43213,1
2227.54,-0.149414,0.35498,0.866211,-11.0474,5.43213,3.84521,1
2227.55,-0.145996,0.259277,0.837402,-11.4136,4.45557,3.05176,1
2227.56,-0.186523,0.214844,0.934082,-11.5356,4.69971,2.74658,1
2227.57,-0.0727539,0.255859,0.932129,-12.4512,3.54004,2.2583,1
2227.58,-0.0566406,0.101074,0.84082,-12.8174,3.35693,1.77002,1
2227.59,-0.119629,0.0649414,0.838379,-10.8643,2.74658,1.70898,1
2227.6,-0.169922,0.216309,0.893555,-11.2305,2.01416,0.671387,1
2227.61,-0.174316,4.882812e-04,0.902832,-11.4136,1.58691,0.366211,1
2227.62,-0.175293,0.0141602,0.918457,-8.72803,0.549316,0.976562,1
2227.63,-0.170898,0.09375,0.98291,-8.91113,-0.12207,0,1
2227.64,-0.147949,0.043457,0.989746,-8.30078,-0.671387,-0.0610352,1
2227.65,-0.240234,-0.0405273,1.07422,-7.44629,-0.12207,-0.183105,1
2227.66,-0.205078,0.0703125,1.08838,-6.04248,-1.0376,-0.183105,1
2227.67,-0.170898,-0.00390625,1.04688,-5.92041,-0.427246,-0.915527,1
2227.68,-0.162109,0.0239258,1.09814,-3.41797,-0.549316,-0.12207,1
2227.69,-0.178223,0.0380859,1.14941,-4.39453,-0.0610352,-1.46484,1
2227.7,-0.269531,-0.104004,1.14551,-3.2959,0.488281,-0.915527,1
2227.71,-0.304199,0.0727539,1.0498,-2.62451,0.976562,-0.854492,1
2227.72,-0.304199,-0.0776367,1.07227,-4.45557,1.34277,-2.31934,1
2227.73,-0.219238,-0.101074,1.16309,-2.99072,0.854492,-1.89209,1
2227.74,-0.202148,-0.0166016,1.18164,-3.84521,1.64795,-2.80762,1
2227.75,-0.224609,-0.0332031,1.09961,-4.27246,1.70898,-2.80762,1
2227.75,-0.28125,-0.0532227,1.06201,-5.5542,1.83105,-3.479,1
2227.76,-0.270996,-0.187988,1.0835,-5.85938,2.01416,-3.60107,1
2227.77,-0.247559,-0.168457,1.1123,-4.94385,2.19727,-3.60107,1
2227.78,-0.214355,-0.13916,1.12109,-5.7373,2.19727,-4.88281,1
2227.79,-0.224121,-0.272949,1.07031,-5.67627,2.38037,-5.31006,1
2227.8,-0.250488,-0.185059,1.00977,-4.5166,2.50244,-5.49316,1
2227.81,-0.258789,-0.202637,0.967773,-5.61523,2.80762,-6.83594,1
2227.82,-0.265625,-0.418945,0.98877,-4.63867,2.13623,-7.01904,1
2227.83,-0.220703,-0.243652,0.97168,-2.92969,1.64795,-7.08008,1
2227.84,-0.213379,-0.303711,0.92627,-4.15039,1.58691,-8.91113,1
2227.85,-0.210449,-0.463867,0.897461,-2.19727,0.671387,-8.72803,1
2227.86,-0.248047,-0.302734,0.884277,-1.52588,0,-9.58252,1
2227.87,-0.251953,-0.459961,0.878418,-1.70898,0,-10.8032,1
2227.88,-0.26416,-0.512695,0.919922,0.610352,-0.671387,-10.8643,1
2227.89,-0.273438,-0.333496,0.992676,0.366211,-0.793457,-12.2681,1
2227.9,-0.266602,-0.447754,0.976562,-0.854492,-0.488281,-13.5498,1
2227.91,-0.242676,-0.508301,0.941895,-0.12207,-0.732422,-13.4888,1
2227.92,-0.27002,-0.424316,0.94043,-1.52588,-0.915527,-14.7095,1
2227.93,-0.285645,-0.57373,0.923828,-1.89209,-0.854492,-15.686,1
2227.94,-0.336426,-0.485352,1.02295,-1.58691,-0.12207,-16.0522,1
2227.95,-0.293945,-0.399414,1.03516,-4.08936,-0.610352,-17.5781,1
2227.96,-0.293457,-0.705566,1.03857,-4.94385,0.12207,-18.3105,1
2227.97,-0.302734,-0.486816,0.95166,-3.2959,0.305176,-18.3716,1
2227.98,-0.359375,-0.48291,0.937012,-6.95801,1.09863,-20.6299,1
2227.99,-0.330078,-0.829102,1.05908,-6.65283,0.671387,-21.2402,1
2228,-0.269043,-0.431641,1.06543,-5.00488,1.40381,-21.4233,1
2228.01,-0.275391,-0.477539,1.01074,-9.27734,2.13623,-23.3154,1
2228.02,-0.307617,-0.808105,0.912598,-7.56836,1.46484,-22.9492,1
2228.03,-0.299316,-0.662598,0.828125,-5.49316,2.62451,-23.9868,1
2228.04,-0.311523,-0.617188,0.849121,-5.5542,2.80762,-25.0244,1
2228.05,-0.282715,-0.699219,0.998047,-4.94385,2.01416,-25.8789,1
2228.06,-0.239258,-0.694336,1.02246,-3.66211,1.70898,-26.123,1
2228.07,-0.213379,-0.629883,0.916504,-2.74658,2.13623,-26.7334,1
2228.08,-0.19873,-0.833496,0.811523,-2.31934,2.0752,-27.71,1
2228.09,-0.233398,-0.754883,0.939941,0.610352,1.15967,-27.771,1
2228.09,-0.182129,-0.677246,0.947754,-0.244141,0.976562,-29.3579,1
2228.1,-0.147461,-0.824219,0.901367,0.915527,0.976562,-28.8696,1
2228.11,-0.149414,-0.733398,0.995605,0.732422,0.915527,-29.7241,1
2228.12,-0.145508,-0.707031,0.941406,-0.854492,0.793457,-30.5176,1
2228.13,-0.192383,-0.900391,0.952637,-1.15967,1.2207,-30.3345,1
2228.14,-0.234375,-0.904785,0.995117,-0.12207,1.34277,-30.0293,1
2228.15,-0.156738,-0.644531,1.04248,-1.64795,1.70898,-30.4565,1
2228.16,-0.13916,-0.793457,1.04639,-4.63867,2.56348,-30.9448,1
2228.17,-0.127441,-0.858398,1.02979,-2.74658,2.2583,-29.3579,1
2228.18,-0.169922,-0.663086,0.922852,-3.66211,2.86865,-30.3955,1
2228.19,-0.225586,-0.987305,0.85791,-4.15039,3.17383,-30.8228,1
2228.2,-0.184082,-0.905762,0.908203,-1.34277,2.62451,-30.2124,1
2228.21,-0.168457,-0.490723,1.01025,-3.96729,2.31934,-31.3721,1
2228.22,-0.187988,-0.791992,1.08691,-6.40869,2.44141,-31.6162,1
2228.23,-0.178223,-0.935059,0.978027,-3.23486,2.62451,-30.2734,1
2228.24,-0.19873,-0.731445,0.840332,-2.92969,2.86865,-31.0669,1
2228.25,-0.211914,-0.95752,0.942383,-2.80762,1.95312,-31.5552,1
2228.26,-0.173828,-0.833984,0.97998,0.976562,2.2583,-30.2734,1
2228.27,-0.189453,-0.552734,1.04785,-0.854492,2.56348,-31.7383,1
2228.28,-0.205566,-0.993164,1.00342,-1.58691,1.77002,-32.1655,1
2228.29,-0.171387,-0.957031,0.824707,2.13623,1.70898,-31.1279,1
2228.3,-0.229492,-0.619629,0.856934,1.34277,2.01416,-31.9824,1
2228.31,-0.202148,-0.902344,0.989746,-1.46484,1.09863,-33.1421,1
2228.32,-0.197266,-0.846191,1.04785,0.976562,1.15967,-31.7383,1
2228.33,-0.223145,-0.58252,1.02734,-1.52588,1.2207,-32.8369,1
2228.34,-0.228027,-0.936523,0.896973,-3.479,0.244141,-33.3252,1
2228.35,-0.180176,-0.931641,0.834961,0.427246,0.183105,-32.2876,1
2228.36,-0.193848,-0.685059,0.898926,-0.732422,0.183105,-33.6304,1
2228.37,-0.218262,-0.935547,1.0166,-1.70898,-1.09863,-33.9966,1
2228.38,-0.246094,-0.791992,0.984375,-0.793457,-1.09863,-33.2642,1
2228.38,-0.220703,-0.76416,0.990234,-2.92969,-0.732422,-34.3018,1
2228.39,-0.177734,-1.08496,1.00439,-2.44141,-0.854492,-34.0576,1
2228.4,-0.103516,-0.793945,1.02295,-0.793457,-1.2207,-33.9966,1
2228.41,-0.15625,-0.843262,1.03955,-2.68555,-0.244141,-33.6914,1
2228.42,-0.241699,-1.04346,1.06104,-1.46484,-1.0376,-32.7148,1
2228.43,-0.236328,-0.804199,1.00488,-1.09863,-0.488281,-33.02,1
2228.44,-0.165039,-0.978027,1.00488,-1.58691,0.427246,-33.3862,1
2228.45,-0.180176,-1,1.06689,0.854492,-0.305176,-32.4707,1
2228.46,-0.158691,-0.81543,1.05371,0.366211,-0.488281,-33.3862,1
2228.47,-0.141113,-0.882812,0.966797,1.46484,0,-32.2876,1
2228.48,-0.169922,-0.896484,0.883301,2.44141,0.549316,-32.1045,1
2228.49,-0.202148,-0.925781,0.889648,2.92969,0.305176,-32.1045,1
2228.5,-0.177246,-0.837891,0.998047,2.80762,0.305176,-31.9824,1
2228.51,-0.156738,-0.842773,1.05859,1.95312,0.732422,-31.8604,1
2228.52,-0.145508,-0.898926,0.98291,2.19727,0.793457,-31.4331,1
2228.53,-0.154297,-0.904297,0.842773,1.77002,0.671387,-31.7383,1
2228.54,-0.163574,-0.830566,0.825195,2.2583,1.09863,-31.3721,1
2228.55,-0.1875,-0.912598,0.957031,0.976562,1.58691,-32.1655,1
2228.56,-0.148438,-0.828613,0.983887,2.44141,0.671387,-30.9448,1
2228.57,-0.132812,-0.845215,0.960449,0.244141,1.52588,-31.9824,1
2228.58,-0.121582,-1.01367,0.934082,1.77002,1.0376,-30.8838,1
2228.59,-0.145508,-0.791016,0.934082,0.976562,1.34277,-31.4941,1
2228.6,-0.101074,-0.927246,0.950684,-0.549316,1.46484,-31.6162,1
2228.61,-0.0957031,-0.95752,0.968262,0.427246,1.70898,-30.7007,1
2228.62,-0.14502,-0.894043,1.03906,-1.28174,1.64795,-31.8604,1
2228.63,-0.114746,-0.955078,1.01172,-0.793457,1.46484,-30.8228,1
2228.64,-0.111328,-0.881836,1.00244,-0.854492,1.58691,-31.0059,1
2228.65,-0.112305,-0.943359,0.972656,-0.915527,0.915527,-30.8838,1
2228.66,-0.0878906,-0.898438,0.930664,-0.0610352,1.28174,-30.7617,1
2228.67,-0.112793,-0.927246,0.956543,-0.183105,1.70898,-31.25,1
2228.67,-0.0961914,-0.902344,0.976074,0.488281,1.09863,-31.1279,1
2228.68,-0.0512695,-0.899414,0.949219,1.0376,0.610352,-31.0669,1
2228.69,-0.0585938,-0.986328,0.942383,1.0376,0.12207,-31.4941,1
2228.7,-0.109863,-0.885254,0.97168,2.56348,-0.12207,-30.7617,1
2228.71,-0.128418,-0.892578,0.986816,1.52588,0.427246,-31.4941,1
2228.72,-0.11084,-0.92334,0.964844,3.2959,0.0610352,-30.5176,1
2228.73,-0.081543,-0.859863,0.913086,2.86865,0.305176,-31.3721,1
2228.74,-0.0507812,-0.941895,0.932129,3.05176,-0.610352,-31.25,1
2228.75,-0.0717773,-0.939453,0.991211,3.60107,-0.915527,-30.7617,1
2228.76,-0.0546875,-0.82373,1.02539,3.05176,-0.610352,-30.7007,1
2228.77,-0.0708008,-0.943359,0.963867,2.0752,-0.488281,-31.1279,1
2228.78,-0.0400391,-0.92041,0.935547,3.2959,-0.976562,-30.3955,1
2228.79,0.0322266,-0.799805,0.883301,2.56348,-1.34277,-30.3955,1
2228.8,0.0341797,-0.946777,0.978516,2.01416,-1.0376,-30.6396,1
2228.81,0.0625,-0.896484,0.978027,2.19727,-1.46484,-30.2124,1
2228.82,0.0327148,-0.85498,0.98291,0.671387,-0.732422,-30.5786,1
2228.83,-0.0078125,-0.998047,0.995117,1.09863,-1.34277,-29.48,1
2228.84,-0.00683594,-0.834473,1.00684,1.83105,-1.52588,-29.1748,1
2228.85,0.0571289,-0.78418,0.91748,-0.12207,-0.488281,-30.0293,1
2228.86,0.0771484,-0.928223,0.943848,0.549316,-0.244141,-28.8086,1
2228.87,0.0717773,-0.874512,0.982422,0.12207,-0.854492,-28.6865,1
2228.88,0.106934,-0.788574,0.974609,-0.244141,-0.854492,-28.3203,1
2228.89,0.119141,-0.917969,0.999023,-0.183105,0.12207,-28.0762,1
2228.9,0.100586,-0.930664,0.92041,1.15967,-0.12207,-27.4048,1
2228.91,0.107422,-0.810547,0.944824,1.15967,0.12207,-27.5269,1
2228.92,0.0620117,-0.875977,0.974121,0.366211,0.427246,-27.71,1
2228.93,0.11084,-0.896973,0.97998,1.58691,0.366211,-26.9165,1
2228.94,0.114258,-0.738281,0.966309,1.52588,1.28174,-26.9165,1
2228.95,0.133301,-0.820312,0.949707,1.0376,0.976562,-26.6113,1
2228.96,0.104004,-0.915527,0.932129,1.89209,1.28174,-26.123,1
2228.97,0.0698242,-0.785156,0.947754,3.17383,1.0376,-25.3906,1
2228.98,0.059082,-0.76123,0.945312,2.13623,1.52588,-26.1841,1
2228.99,0.125488,-0.893555,0.942871,2.2583,1.52588,-26.1841,1
2229,0.159668,-0.808594,0.914551,4.02832,1.77002,-25.2075,1
2229,0.138184,-0.751953,0.958008,2.74658,2.01416,-26.3062,1
2229.01,0.116699,-0.867676,0.933594,3.66211,2.01416,-25.3906,1
2229.02,0.0751953,-0.714355,0.937988,4.39453,2.2583,-25.3906,1
2229.03,0.0800781,-0.779297,0.947754,3.479,1.95312,-26.2451,1
2229.04,0.117676,-0.901367,0.870605,5.12695,1.28174,-25.3296,1
2229.05,0.154785,-0.719727,0.947754,5.00488,1.09863,-25.8179,1
2229.06,0.101562,-0.74707,0.999023,3.54004,1.28174,-26.2451,1
2229.07,0.0629883,-0.864746,0.940918,3.90625,1.34277,-25.8179,1
2229.08,0.0737305,-0.773438,0.908203,4.57764,0.732422,-25.3906,1
2229.09,0.118652,-0.69043,0.972168,3.17383,0,-26.6113,1
2229.1,0.216309,-0.770508,0.958008,2.31934,-0.305176,-26.7334,1
2229.11,0.203613,-0.761719,0.954102,2.80762,0,-26.123,1
2229.12,0.114746,-0.835938,0.978516,1.89209,-0.427246,-26.6113,1
2229.13,0.132324,-0.88623,0.962402,2.80762,-0.732422,-26.123,1
2229.14,0.148926,-0.612305,0.960449,2.86865,-0.488281,-26.123,1
2229.15,0.157715,-0.743164,1.03516,0,-0.549316,-27.0386,1
2229.16,0.210449,-0.908203,1.01025,1.58691,-1.2207,-26.062,1
2229.17,0.226562,-0.65918,0.955566,1.83105,-0.427246,-26.123,1
2229.18,0.188477,-0.759766,0.974121,0.12207,-0.732422,-26.2451,1
2229.19,0.193359,-0.833984,0.98584,1.28174,-1.40381,-25.6348,1
2229.2,0.207031,-0.661133,1.01514,1.46484,-0.671387,-25.5127,1
2229.21,0.20752,-0.770996,1.02197,0.427246,-0.854492,-25.6958,1
2229.22,0.233887,-0.803711,0.957031,1.58691,-1.2207,-25.1465,1
2229.23,0.26709,-0.708984,0.924805,1.46484,-0.610352,-25.2686,1
2229.24,0.245117,-0.75,0.9375,1.0376,-0.427246,-25.2686,1
2229.25,0.229004,-0.758301,0.967285,1.0376,-0.793457,-25.0854,1
2229.26,0.252441,-0.681152,0.94873,0.915527,-0.732422,-24.9634,1
2229.27,0.28418,-0.721191,0.973145,0.549316,-0.488281,-24.9023,1
2229.28,0.249512,-0.80957,1.00684,0.793457,-0.488281,-24.7803,1
2229.29,0.223145,-0.706543,0.989258,1.46484,-0.610352,-24.5361,1
2229.3,0.211426,-0.693359,0.973633,0.915527,-0.244141,-24.7803,1
2229.31,0.306641,-0.73584,0.970703,1.28174,-0.854492,-24.4751,1
2229.32,0.349609,-0.700195,1.07373,0.793457,-0.854492,-25.0244,1
2229.33,0.321289,-0.834473,1.00635,1.40381,-0.549316,-24.4141,1
2229.34,0.26709,-0.74707,0.955078,2.68555,-0.854492,-24.0479,1
2229.34,0.279297,-0.736816,0.959473,0.976562,-0.793457,-24.8413,1
2229.35,0.324219,-0.763184,1.0498,1.2207,-0.915527,-24.4141,1
2229.36,0.29834,-0.717285,1.12109,0.488281,-0.366211,-25.0244,1
2229.37,0.325684,-0.726562,0.986328,1.34277,-0.793457,-24.292,1
2229.38,0.335449,-0.651367,0.899414,1.2207,-0.793457,-24.7192,1
2229.39,0.332031,-0.769043,1.01709,0.793457,-1.0376,-25.1465,1
2229.4,0.338867,-0.698242,1.04736,1.95312,-1.0376,-24.4141,1
2229.41,0.34375,-0.664062,1.04395,0.793457,-0.976562,-24.9023,1
2229.42,0.308594,-0.792969,0.985352,0.976562,-1.34277,-24.1699,1
2229.43,0.296875,-0.727539,0.995605,1.15967,-1.52588,-24.4141,1
2229.44,0.341797,-0.705078,1.05566,0.732422,-1.09863,-24.8413,1
2229.45,0.395508,-0.692383,1.05762,0.854492,-1.40381,-24.5361,1
2229.46,0.39502,-0.677734,1.00439,0.732422,-1.52588,-24.292,1
2229.47,0.350098,-0.691895,0.964355,0.976562,-1.58691,-24.0479,1
2229.48,0.356445,-0.731934,0.989258,0.976562,-1.09863,-24.0479,1
2229.49,0.345703,-0.731445,0.973145,2.19727,-0.854492,-23.4375,1
2229.5,0.383301,-0.652344,1.01514,1.77002,-1.15967,-23.8647,1
2229.51,0.370605,-0.709473,1.0376,1.09863,-0.976562,-23.6206,1
2229.52,0.357422,-0.678223,0.988281,1.34277,-0.854492,-22.8271,1
2229.53,0.355957,-0.581543,0.941895,0.732422,-0.793457,-22.8882,1
2229.54,0.373535,-0.677734,0.923828,0,-0.549316,-22.9492,1
2229.54,0.376465,-0.733887,0.995117,0.671387,-0.244141,-22.3999,1
2229.55,0.377441,-0.658691,1.04443,0.732422,-0.488281,-22.2168,1
2229.56,0.40332,-0.601562,1.04541,0.305176,-0.12207,-22.0337,1
2229.57,0.386719,-0.644043,0.976074,-0.366211,0.244141,-21.9727,1
2229.58,0.363281,-0.729492,0.994629,-0.305176,0.305176,-21.3623,1
2229.59,0.369629,-0.646484,1.02734,0.183105,0.244141,-20.6909,1
2229.6,0.389648,-0.672852,1.03906,-0.366211,0.183105,-20.9961,1
2229.61,0.354492,-0.679199,1.05713,0.915527,0.12207,-20.2026,1
2229.62,0.335449,-0.592285,1.03711,1.2207,0.610352,-20.1416,1
2229.63,0.355469,-0.598145,0.970215,1.89209,0.488281,-19.7754,1
2229.64,0.443359,-0.606445,0.963379,2.74658,0.366211,-19.4092,1
2229.65,0.445312,-0.661621,0.989746,4.15039,0.366211,-18.7378,1
2229.66,0.416016,-0.591309,1.01172,5.00488,0.610352,-18.1274,1
2229.67,0.355957,-0.592285,1.01123,4.63867,0.610352,-17.6392,1
2229.68,0.285156,-0.618164,0.99707,4.69971,0.488281,-16.9067,1
2229.69,0.317871,-0.524902,0.950684,5.43213,0.0610352,-16.0522,1
2229.7,0.394531,-0.458496,0.917969,4.88281,0.183105,-16.1133,1
2229.71,0.439941,-0.454102,0.929199,4.21143,0.12207,-15.4419,1
2229.72,0.305176,-0.474609,0.966797,4.08936,0.427246,-14.2822,1
2229.73,0.176758,-0.419434,1.00928,4.57764,0.854492,-13.1226,1
2229.74,0.0913086,-0.436035,0.972168,5.06592,1.28174,-12.085,1
2229.75,0.0732422,-0.386719,0.943848,5.67627,1.28174,-11.0474,1
2229.76,0.0751953,-0.373535,0.956543,5.61523,1.70898,-10.437,1
2229.77,0.0639648,-0.33252,0.933594,6.10352,2.13623,-9.39941,1
2229.78,0.0761719,-0.266113,0.958496,6.40869,3.05176,-8.23975,1
2229.79,0.050293,-0.330078,0.96875,7.20215,3.66211,-7.32422,1
2229.8,0.0419922,-0.248047,0.84082,9.09424,3.96729,-5.7373,1
2229.81,0.00439453,-0.160156,0.801758,9.70459,4.63867,-4.94385,1
2229.82,-0.0175781,-0.131836,0.844727,9.94873,4.76074,-4.15039,1
2229.83,-0.0234375,-0.097168,0.9375,10.498,4.88281,-2.92969,1
2229.84,-0.0444336,-0.0317383,0.968262,11.0474,4.94385,-1.89209,1
2229.85,-0.0644531,-0.0615234,0.884277,11.6577,4.88281,-0.915527,1
2229.86,-0.134766,0.0517578,0.814941,12.9395,4.39453,0.610352,1
2229.87,-0.143555,0.124512,0.852539,12.3901,3.90625,1.28174,1
2229.88,-0.0722656,0.132324,0.935547,12.4512,3.72314,2.44141,1
2229.89,-0.0253906,0.149414,0.978516,13.1226,3.35693,3.72314,1
2229.9,-0.00830078,0.112793,0.902832,13.6108,2.62451,4.5166,1
2229.9,0.0234375,0.210449,0.894043,14.5264,1.58691,5.7373,1
2229.91,-0.0483398,0.215332,0.956543,14.0991,2.2583,6.65283,1
2229.92,-0.0893555,0.205078,0.975098,14.0991,1.09863,7.8125,1
2229.93,-0.0878906,0.32959,0.993652,13.5498,0.793457,8.66699,1
2229.94,-0.0766602,0.336426,0.969238,12.3291,0.427246,9.46045,1
2229.95,-0.0712891,0.267578,0.96582,12.6343,0,10.9253,1
2229.96,-0.0351562,0.438477,1.00684,12.7563,-0.671387,11.9019,1
2229.97,-0.0112305,0.459473,1.06885,10.9253,-0.793457,12.3901,1
2229.98,-0.00390625,0.358398,1.0835,10.5591,-1.40381,13.916,1
2229.99,-0.0170898,0.5,1.14697,10.1929,-1.52588,14.8315,1
2230,-0.0551758,0.549316,1.17871,8.8501,-1.15967,15.5029,1
2230.01,-0.0439453,0.458496,1.13623,8.66699,-1.0376,16.0522,1
2230.02,0,0.562988,1.07275,9.70459,-0.915527,17.2119,1
2230.03,0.034668,0.562012,1.11182,8.91113,-0.366211,17.395,1
2230.04,0.0498047,0.574219,1.14551,10.2539,-0.244141,18.8599,1
2230.05,0.0375977,0.735352,1.20654,9.46045,0.12207,19.2261,1
2230.06,-0.0136719,0.654785,1.21338,9.09424,0.671387,19.7144,1
2230.07,-0.0756836,0.619629,1.21484,9.70459,1.2207,21.1792,1
2230.08,-0.0859375,0.734863,1.14551,9.27734,1.58691,21.5454,1
2230.09,-0.0493164,0.684082,1.12598,8.05664,2.19727,21.7285,1
2230.1,-0.0219727,0.679688,1.10254,8.60596,1.95312,23.0103,1
2230.11,0.0239258,0.855957,1.05127,7.56836,1.89209,23.4375,1
2230.12,0.0180664,0.755859,1.01416,5.43213,2.31934,23.5596,1
2230.13,0.00390625,0.80127,1.07373,4.69971,2.50244,24.8413,1
2230.14,-0.00488281,0.765137,1.01562,1.52588,3.23486,24.5972,1
2230.15,-0.0493164,0.737305,0.914551,0.610352,2.99072,26.001,1
2230.16,-0.0708008,0.862305,0.874512,-0.915527,3.11279,25.8179,1
2230.17,-0.0214844,0.87793,0.898438,-2.50244,3.23486,25.8179,1
2230.18,-0.0136719,0.763184,0.963867,-3.479,3.60107,26.4282,1
2230.19,-0.0327148,0.834961,0.967773,-4.21143,2.74658,27.1606,1
2230.2,-0.0249023,0.79541,0.873047,-6.46973,2.74658,26.7944,1
2230.21,-0.074707,0.727051,0.781738,-4.88281,1.95312,28.1982,1
2230.21,-0.0952148,0.827637,0.84082,-4.5166,2.19727,28.0762,1
2230.22,-0.0629883,0.793945,0.947266,-3.96729,1.52588,28.5645,1
2230.23,-0.0239258,0.669922,0.963379,-3.05176,1.83105,28.8696,1
2230.24,-0.0361328,0.717773,0.858887,-1.0376,1.2207,29.7852,1
2230.25,-0.0556641,0.852051,0.824707,0,1.0376,29.9683,1
2230.26,-0.050293,0.773438,0.895508,0.427246,1.70898,29.6021,1
2230.27,-0.0830078,0.808105,0.936035,3.17383,1.77002,30.6396,1
2230.28,-0.0683594,0.83252,0.987305,3.23486,2.2583,29.7241,1
2230.29,-0.09375,0.836426,0.966309,4.63867,1.89209,30.5176,1
2230.3,-0.09375,0.794922,0.942383,4.82178,2.99072,30.1514,1
2230.31,-0.0898438,0.892578,0.912109,5.43213,2.50244,30.7007,1
2230.32,-0.0229492,0.890625,0.972656,3.479,2.56348,29.7241,1
2230.33,-0.0541992,0.830566,1.00488,4.02832,2.92969,30.7007,1
2230.34,-0.0737305,0.919434,0.987793,3.05176,3.23486,30.3345,1
2230.35,-0.0761719,0.82666,0.914551,2.13623,3.17383,30.3345,1
2230.36,-0.0336914,0.80957,0.870117,2.01416,2.86865,30.8228,1
2230.37,-0.0493164,0.950684,0.93457,1.58691,2.92969,30.8838,1
2230.38,-0.0341797,0.939453,0.963379,-0.732422,3.11279,30.0903,1
2230.39,-0.102539,0.919922,1.03809,-0.12207,3.60107,31.4331,1
2230.4,-0.0771484,1.07227,1.03809,-1.70898,3.2959,30.6396,1
2230.41,-0.116699,0.75293,0.990234,-1.95312,3.17383,31.189,1
2230.42,-0.0644531,0.868652,0.939453,0.488281,2.80762,31.4331,1
2230.43,-0.0786133,1.05713,0.904785,-1.46484,3.41797,30.8228,1
2230.44,-0.0581055,0.77002,0.873047,-1.15967,2.99072,31.189,1
2230.45,-0.0732422,1.00293,0.955078,0.854492,3.17383,31.7383,1
2230.46,-0.0532227,0.884766,0.970703,-0.793457,3.23486,31.311,1
2230.47,-0.0795898,0.810547,0.970703,1.0376,2.2583,31.9824,1
2230.48,-0.0703125,1.01953,0.914062,0.427246,2.86865,31.7383,1
2230.49,-0.0766602,0.86377,0.90918,-0.488281,2.74658,31.8604,1
2230.5,-0.0913086,0.908203,0.904297,0.549316,2.31934,32.6538,1
2230.5,-0.101074,0.96582,0.947266,-0.671387,2.50244,31.7383,1
2230.51,-0.11377,0.778809,0.922852,0.427246,2.19727,32.7148,1
2230.52,-0.129883,0.97168,0.917969,1.64795,2.44141,32.5928,1
2230.53,-0.0932617,0.873535,0.866699,-0.0610352,2.19727,32.4097,1
2230.54,-0.0761719,0.943848,0.927246,1.2207,1.70898,33.2031,1
2230.55,-0.0620117,1.0752,0.981934,-0.793457,1.95312,32.4097,1
2230.56,-0.0615234,0.764648,0.937988,0.183105,1.77002,33.6304,1
2230.57,-0.10498,0.960449,0.95752,1.58691,1.95312,33.2642,1
2230.58,-0.125977,1.01221,0.892578,-0.244141,1.95312,32.7148,1
2230.59,-0.117188,0.789062,0.965332,1.09863,1.83105,33.6914,1
2230.6,-0.0703125,1.1123,1.00146,1.52588,1.58691,33.5083,1
2230.61,-0.0581055,0.96582,0.939941,-1.2207,1.70898,33.4473,1
2230.62,-0.0825195,0.74707,0.886719,0.427246,1.09863,33.8745,1
2230.63,-0.154297,1.18311,1.00391,1.2207,1.83105,33.9355,1
2230.64,-0.117188,0.996582,1.00732,-1.89209,2.13623,33.0811,1
2230.65,-0.0839844,0.823242,0.992676,0.610352,1.46484,34.6069,1
2230.66,-0.0234375,1.07178,0.942383,0.0610352,1.64795,33.6304,1
2230.67,-0.0625,0.942383,0.916992,-0.793457,1.77002,33.8745,1
2230.68,-0.0898438,0.870605,0.926758,0.488281,1.77002,34.0576,1
2230.69,-0.0610352,1.0332,0.928711,0,1.46484,33.8135,1
2230.7,-0.0825195,0.987305,0.986328,-0.427246,1.46484,34.1187,1
2230.71,-0.074707,0.946777,1.00879,-0.610352,1.95312,33.9355,1
2230.72,-0.0878906,0.930664,0.92627,0.0610352,2.38037,34.2407,1
2230.73,-0.116699,0.945801,0.891113,0.0610352,2.2583,33.8745,1
2230.74,-0.0898438,1.02539,0.928711,0.854492,2.19727,33.9355,1
2230.75,-0.0673828,0.950195,1.00146,1.28174,2.74658,33.7524,1
2230.76,-0.0654297,1.00293,0.985352,1.70898,2.62451,33.7524,1
2230.77,-0.0629883,0.905273,0.935059,0.793457,2.74658,33.7524,1
2230.78,-0.0756836,0.884277,0.896973,1.83105,2.56348,34.4238,1
2230.79,-0.0996094,1.05615,0.92627,0.549316,2.0752,33.6914,1
2230.79,-0.0595703,0.992188,0.972656,0.366211,2.19727,34.1797,1
2230.8,-0.0634766,0.998535,0.943848,0.0610352,2.44141,34.3018,1
2230.81,-0.0874023,0.915527,0.95166,-0.305176,2.74658,34.4849,1
2230.82,-0.0893555,0.96875,0.916504,-0.305176,1.89209,34.1187,1
2230.83,-0.106445,1.00391,0.943848,-0.854492,2.31934,33.9966,1
2230.84,-0.0429688,0.990723,0.936035,-0.915527,2.13623,34.4238,1
2230.85,-0.0336914,0.976074,0.944336,-1.52588,2.38037,34.6069,1
2230.86,0.00292969,0.873535,0.913086,-1.77002,1.46484,34.729,1
2230.87,0.0078125,1.0332,0.854492,-1.83105,1.64795,34.79,1
2230.88,-0.0581055,0.960449,0.902344,-3.05176,1.34277,34.668,1
2230.89,-0.0859375,0.86377,0.961914,-2.19727,0.610352,35.5225,1
2230.9,-0.0463867,1.04883,0.940918,-2.38037,0.793457,35.2783,1
2230.91,-0.0444336,0.917969,0.937012,-3.54004,0.976562,35.4004,1
2230.92,-0.074707,0.880371,0.971191,-0.854492,0.549316,35.7666,1
2230.93,-0.0244141,1.09375,0.941406,-1.46484,0.732422,34.4849,1
2230.94,-0.0341797,0.980957,0.92041,-0.915527,0.976562,35.0952,1
2230.95,-0.0209961,0.928223,0.984863,0,0.610352,34.8511,1
2230.96,-0.0356445,1.04736,0.996582,0.183105,0.305176,34.729,1
2230.97,0.0185547,1.00537,0.984375,-0.12207,0.915527,34.3628,1
2230.98,0.0175781,0.919434,0.938965,0.244141,1.09863,34.6069,1
2230.99,0.0141602,1.01611,0.976074,0.854492,0.427246,34.3018,1
2231,-0.0131836,0.996094,0.958984,-0.488281,0.671387,33.6914,1
2231.01,0.0107422,0.827637,0.962891,0.0610352,0.427246,33.9355,1
2231.02,0.0141602,1.07812,0.926758,0.305176,0.549316,33.5083,1
2231.03,0.0336914,1.03467,0.984863,-2.01416,0.549316,32.6538,1
2231.04,0.0253906,0.908691,0.983398,-1.15967,0.366211,33.3252,1
2231.05,0.0458984,0.943848,0.930664,-1.77002,0.366211,32.7148,1
2231.06,0.0585938,1.07568,0.955566,-2.50244,0,32.3486,1
2231.07,0.121582,0.806641,0.92334,-4.39453,0.488281,31.25,1
2231.08,0.121582,0.918457,0.928711,-2.13623,0.0610352,31.5552,1
2231.09,0.0854492,1.06982,0.983887,-4.69971,0.549316,29.9072,1
2231.1,0.0522461,0.714844,0.962402,-5.00488,-0.12207,30.0293,1
2231.11,0.0708008,0.818359,0.91748,-3.54004,0.12207,29.6021,1
2231.12,0.101562,1.00146,0.862793,-5.49316,0.244141,28.5034,1
2231.13,0.136719,0.775879,0.892578,-7.20215,-0.0610352,27.3438,1
2231.14,0.130859,0.757812,0.956055,-6.04248,0,26.7944,1
2231.14,0.144043,0.896973,0.941406,-6.71387,0.366211,24.9023,1
2231.15,0.145996,0.800293,0.961426,-7.99561,0.427246,23.3765,1
2231.16,0.100586,0.635742,0.90625,-7.8125,0.244141,22.4609,1
2231.17,0.118164,0.741211,0.96875,-7.56836,0.183105,21.3013,1
2231.18,0.155273,0.742188,1.01025,-9.82666,0.488281,18.9209,1
2231.19,0.13623,0.46875,0.924805,-10.1929,0.366211,17.6392,1
2231.2,0.0991211,0.76123,0.934082,-8.72803,-0.12207,15.625,1
2231.21,0.125488,0.741699,0.905273,-12.207,0,12.9395,1
2231.22,0.0922852,0.293457,0.949707,-11.1084,0,11.6577,1
2231.23,0.0942383,0.663574,0.958984,-10.3149,-0.427246,9.39941,1
2231.24,0.0664062,0.481445,0.967773,-14.6484,-0.244141,7.01904,1
2231.25,0.0961914,0.231934,0.970215,-13.2446,-0.915527,5.06592,1
2231.26,0.103516,0.482422,0.928223,-13.855,-0.610352,2.01416,1
2231.27,0.100098,0.289551,0.938477,-15.9912,-0.854492,-0.488281,1
2231.28,0.0893555,0.314453,0.925293,-15.2588,-1.46484,-2.92969,1
2231.29,0.0566406,0.288086,0.89502,-16.4795,-0.976562,-5.61523,1
2231.3,0.0332031,0.0717773,0.93457,-16.7847,-1.34277,-8.23975,1
2231.31,0.0336914,0.0727539,0.898926,-16.5405,-1.15967,-10.5591,1
2231.32,0.00585938,0.0258789,0.887695,-17.334,-0.976562,-13.2446,1
2231.33,0,-0.0756836,0.917969,-17.4561,-1.40381,-15.5029,1
2231.34,-0.0537109,-0.10791,0.911621,-17.6392,-0.976562,-17.7002,1
2231.35,-0.105469,-0.202637,0.931152,-17.7612,-0.366211,-19.8975,1
2231.36,-0.171387,-0.23291,0.874512,-16.9678,0.183105,-21.4233,1
2231.37,-0.160156,-0.307617,0.961914,-16.7236,0.488281,-23.0103,1
2231.38,-0.0913086,-0.382324,1.00439,-16.3574,1.28174,-24.5361,1
2231.39,-0.0776367,-0.381348,0.938477,-15.9302,2.19727,-25.5737,1
2231.4,-0.105469,-0.485352,0.904785,-16.5405,2.68555,-26.9165,1
2231.41,-0.150879,-0.640625,0.97998,-16.1133,3.05176,-27.6489,1
2231.42,-0.209473,-0.597656,1.13281,-15.7471,3.96729,-27.771,1
2231.43,-0.200684,-0.548828,1.02686,-17.7612,4.94385,-29.6631,1
2231.44,-0.213379,-0.75,1.00879,-17.7002,5.7373,-29.7852,1
2231.45,-0.177246,-0.73877,1.07715,-16.5405,5.24902,-29.9072,1
2231.46,-0.162598,-0.66748,1.08594,-16.9678,5.67627,-30.7007,1
2231.46,-0.165527,-0.663574,1.05713,-16.3574,5.61523,-30.6396,1
2231.47,-0.15332,-0.715332,1.03125,-16.0522,5.24902,-31.311,1
2231.48,-0.192383,-0.932129,1.05225,-14.2822,5.31006,-31.4331,1
2231.49,-0.166504,-0.883789,1.06006,-10.7422,5.24902,-31.0059,1
2231.5,-0.16748,-0.791016,1.08887,-9.46045,5.12695,-31.8604,1
2231.51,-0.129883,-0.931152,1.08008,-7.87354,4.08936,-32.2266,1
2231.52,-0.146484,-0.88623,1.04834,-4.5166,3.78418,-31.6772,1
2231.53,-0.166016,-0.913574,0.998047,-4.02832,3.479,-32.5928,1
2231.54,-0.171875,-0.947266,1.02686,-2.01416,2.86865,-32.4707,1
2231.55,-0.148438,-0.803223,1.07861,-1.34277,2.62451,-33.02,1
2231.56,-0.155273,-0.974121,1.19043,-0.976562,2.86865,-33.2642,1
2231.57,-0.182129,-0.979004,1.12207,0.915527,2.01416,-32.6538,1
2231.58,-0.21875,-0.957031,1.06494,0,2.0752,-33.2642,1
2231.59,-0.202148,-1.00781,1.09863,0.610352,1.58691,-32.5928,1
2231.6,-0.149414,-0.885742,1.13525,-1.28174,1.64795,-33.2031,1
2231.61,-0.0810547,-1.06055,1.16113,-2.56348,1.52588,-32.7759,1
2231.62,-0.144531,-0.960449,1.17285,-1.83105,1.40381,-32.1045,1
2231.63,-0.160156,-0.866699,1.04492,-3.72314,1.34277,-33.0811,1
2231.64,-0.213379,-1.06982,1.00977,-1.28174,1.89209,-31.9214,1
2231.65,-0.137207,-0.884277,0.983398,0.305176,1.28174,-32.5928,1
2231.66,-0.0898438,-0.857422,0.959961,0,1.28174,-33.4473,1
2231.67,-0.0786133,-0.978516,0.960938,1.77002,1.34277,-32.1045,1
2231.68,-0.148926,-0.842285,0.983398,2.86865,0.427246,-32.2266,1
2231.69,-0.124023,-0.806152,0.879883,2.86865,0.488281,-33.2031,1
2231.7,-0.0839844,-0.949219,0.87793,5.18799,0.793457,-32.4097,1
2231.71,-0.182617,-0.773438,0.833008,7.44629,-0.12207,-32.1655,1
2231.72,-0.126953,-0.813477,0.801758,5.37109,-0.366211,-33.6914,1
2231.73,-0.0976562,-0.84375,0.787109,7.50732,-0.488281,-32.5317,1
2231.74,-0.0927734,-0.613281,0.815918,6.04248,-0.732422,-33.3862,1
2231.75,-0.0898438,-0.733887,0.806152,3.54004,-1.64795,-33.9966,1
2231.75,-0.0844727,-0.947754,0.82959,4.39453,-1.15967,-33.1421,1
2231.76,-0.0703125,-0.602051,0.822754,4.02832,-1.2207,-33.5083,1
2231.77,-0.10498,-0.85791,0.798828,-0.0610352,-1.34277,-33.9355,1
2231.78,-0.0791016,-0.925293,0.907715,1.28174,-1.34277,-32.7148,1
2231.79,-0.0800781,-0.67041,0.918945,-1.58691,-0.12207,-33.3252,1
2231.8,-0.119629,-0.977539,0.97168,-3.96729,0.244141,-32.7148,1
2231.81,-0.0932617,-1.00244,0.991211,-2.50244,0.0610352,-31.5552,1
2231.82,-0.081543,-0.733398,0.994629,-3.72314,1.40381,-31.6162,1
2231.83,-0.0898438,-0.970215,0.958008,-5.85938,1.83105,-31.5552,1
2231.84,-0.112305,-0.977051,1.01172,-4.76074,1.95312,-30.1514,1
2231.85,-0.108398,-0.873047,1.09131,-5.7373,2.80762,-30.3345,1
2231.86,-0.11377,-0.974609,1.07373,-5.37109,3.479,-29.8462,1
2231.87,-0.09375,-1.04883,1.02002,-3.66211,3.66211,-28.9917,1
2231.88,-0.0991211,-0.914551,0.992188,-1.70898,3.72314,-28.4424,1
2231.89,-0.10791,-0.873535,0.996094,-1.58691,4.3335,-29.1138,1
2231.9,-0.149414,-1.01367,1.03027,0.183105,4.5166,-28.5034,1
2231.91,-0.119141,-1.00244,1.03125,2.0752,4.3335,-28.2593,1
2231.92,-0.0864258,-0.921387,1.01074,3.23486,4.15039,-28.3203,1
2231.93,-0.100098,-0.945801,0.982422,4.08936,4.45557,-28.3203,1
2231.94,-0.128906,-0.761719,0.937012,5.18799,3.41797,-28.5034,1
2231.95,-0.105469,-0.90332,0.879883,4.5166,3.479,-29.1138,1
2231.96,-0.0786133,-0.922852,0.883789,6.95801,2.19727,-28.1982,1
2231.97,-0.0991211,-0.864746,0.928223,5.85938,2.38037,-30.0293,1
2231.98,-0.0986328,-0.98877,0.941895,6.89697,1.64795,-29.4189,1
2231.99,-0.123535,-0.785156,0.896973,7.87354,1.46484,-29.7852,1
2232,-0.106934,-0.659668,0.838379,5.06592,0.488281,-31.1279,1
2232.01,-0.034668,-0.963867,0.833496,4.21143,0,-31.0059,1
2232.02,-0.0136719,-0.805176,0.868652,5.43213,-0.610352,-30.7617,1
2232.03,-0.0439453,-0.734863,0.940918,2.0752,-0.793457,-32.2266,1
2232.04,-0.0576172,-0.988281,0.970215,1.34277,-1.34277,-31.6772,1
2232.04,-0.0634766,-0.751953,0.948242,0.793457,-1.77002,-31.9214,1
2232.05,-0.0620117,-0.856445,0.918457,-2.68555,-1.09863,-32.2266,1
2232.06,-0.0810547,-1.01562,0.97998,-2.68555,-1.89209,-31.8604,1
2232.07,-0.043457,-0.874512,1.05029,-2.50244,-1.09863,-31.7993,1
2232.08,-0.0458984,-0.899902,1.01855,-2.19727,-0.488281,-31.6162,1
2232.09,-0.0517578,-1.06592,1.00879,-0.915527,-0.671387,-31.1279,1
2232.1,-0.0375977,-0.82373,1.01074,-0.488281,-0.793457,-30.8228,1
2232.11,-0.0561523,-0.951172,1.02295,-1.95312,0.732422,-30.7617,1
2232.12,-0.116699,-1.00684,1.07568,0.488281,0.976562,-29.3579,1
2232.13,-0.0786133,-0.891602,1.01953,0.427246,1.09863,-30.0903,1
2232.14,-0.0634766,-0.932617,0.921875,3.17383,1.89209,-28.8086,1
2232.15,-0.0756836,-0.880371,0.895996,3.54004,1.64795,-29.4189,1
2232.16,-0.0786133,-0.945312,0.896484,4.57764,1.77002,-28.7476,1
2232.17,-0.0766602,-0.853516,0.982422,5.18799,2.19727,-28.6255,1
2232.18,-0.104004,-0.950195,0.963379,5.24902,2.50244,-29.0527,1
2232.19,-0.104004,-0.919434,0.91748,6.53076,2.01416,-28.7476,1
2232.2,-0.0756836,-0.772949,0.866699,6.40869,2.01416,-28.8086,1
2232.21,-0.10791,-0.870605,0.908203,5.00488,2.2583,-29.2358,1
2232.22,-0.0844727,-0.878418,0.929199,5.49316,1.46484,-28.5645,1
2232.23,-0.0478516,-0.760742,0.953125,3.60107,2.01416,-29.541,1
2232.24,-0.0390625,-0.991699,0.92334,3.66211,2.13623,-29.0527,1
2232.25,-0.0546875,-0.839355,0.892578,4.3335,1.15967,-29.1748,1
2232.26,-0.0458984,-0.78418,0.895996,1.89209,1.46484,-30.2734,1
2232.27,-0.0078125,-0.932617,0.892578,2.2583,1.46484,-29.2358,1
2232.28,-4.882812e-04,-0.827148,0.983398,1.0376,0.732422,-30.1514,1
2232.29,0.0244141,-0.842285,1.01074,-0.549316,0.183105,-30.3345,1
2232.3,0.0419922,-0.851074,0.970703,-0.976562,0.549316,-29.9072,1
2232.31,-0.00537109,-0.9375,0.998047,-1.58691,0,-30.1514,1
2232.32,0.0317383,-0.907715,1.0376,-0.976562,0,-29.7852,1
2232.33,0.0322266,-0.866211,1.00977,-1.77002,0.183105,-30.0903,1
2232.34,0.0234375,-0.986816,1.00439,-1.0376,0,-29.7241,1
2232.35,0.0644531,-0.792969,0.995605,-0.12207,-0.488281,-29.8462,1
2232.36,0.0947266,-1.00244,0.972168,-0.671387,-0.305176,-29.9072,1
2232.37,0.100586,-1.04541,1.01611,2.01416,-0.915527,-29.3579,1
2232.38,0.0400391,-0.848145,1.07227,2.13623,-0.0610352,-29.541,1
2232.39,0.0551758,-0.937012,1.03271,1.83105,-0.244141,-29.6021,1
2232.4,0.0375977,-0.916504,1.02393,2.74658,-0.915527,-29.1138,1
2232.4,0.0693359,-0.802734,0.972656,2.80762,-0.854492,-28.9917,1
2232.41,0.0898438,-0.913574,0.938477,2.86865,-0.671387,-29.0527,1
2232.42,0.0927734,-0.936035,0.928711,4.3335,-0.976562,-28.3813,1
2232.43,0.0834961,-0.841309,0.953613,3.35693,-0.793457,-28.9307,1
2232.44,0.0722656,-0.884277,0.944824,3.2959,-0.793457,-28.5034,1
2232.45,0.0615234,-0.821289,0.946289,3.23486,-1.09863,-28.3203,1
2232.46,0.161621,-0.791016,0.876465,2.86865,-0.549316,-28.1372,1
2232.47,0.117188,-0.881836,0.896484,2.19727,-0.488281,-28.3813,1
2232.48,0.0864258,-0.970703,0.996094,2.80762,-0.488281,-27.71,1
2232.49,0.0922852,-0.720215,0.969238,2.99072,0.0610352,-27.4048,1
2232.5,0.078125,-0.798828,0.935059,0,0.183105,-28.0762,1
2232.51,0.11377,-0.94043,0.946777,0.732422,0,-26.9165,1
2232.52,0.13623,-0.833984,0.963867,0.854492,0.793457,-26.9775,1
2232.53,0.10791,-0.776367,0.967285,0.427246,0.854492,-26.7334,1
2232.54,0.0864258,-0.915527,0.986328,-0.305176,0.854492,-27.0386,1
2232.55,0.103516,-0.867676,0.98877,1.70898,0.854492,-26.001,1
2232.56,0.125488,-0.665039,1.04053,0.549316,1.28174,-26.9775,1
2232.57,0.145996,-0.959961,1.02441,-0.12207,1.28174,-26.4893,1
2232.58,0.138672,-0.902832,0.950195,2.50244,1.2207,-25.3296,1
2232.59,0.111816,-0.654785,0.964844,0.549316,1.40381,-26.6113,1
2232.6,0.118164,-0.867188,0.931152,0.427246,1.83105,-25.8179,1
2232.61,0.101074,-0.787109,0.931152,2.38037,0.976562,-25.8179,1
2232.62,0.211914,-0.715332,0.99707,2.38037,0.915527,-26.2451,1
2232.63,0.199219,-0.854004,0.944336,3.479,1.2207,-25.2686,1
2232.64,0.137207,-0.779297,0.945801,4.02832,0.915527,-25.3906,1
2232.65,0.104004,-0.711426,0.928711,3.66211,0.732422,-25.2686,1
2232.66,0.116699,-0.714844,0.962891,3.41797,0.610352,-25.3296,1
2232.67,0.211426,-0.654785,0.964355,2.99072,-0.12207,-25.3296,1
2232.68,0.241211,-0.739746,0.954102,3.479,0.0610352,-24.7192,1
2232.69,0.21875,-0.697754,0.914551,4.88281,0.0610352,-23.5596,1
2232.7,0.203125,-0.585938,0.945312,4.39453,-0.305176,-23.7427,1
2232.71,0.223633,-0.69873,0.967285,3.72314,-0.0610352,-23.5596,1
2232.71,0.258789,-0.663086,0.960938,5.43213,-0.610352,-21.9116,1
2232.72,0.290039,-0.591797,1.01514,4.69971,-0.610352,-22.0337,1
2232.73,0.30957,-0.651855,0.967773,4.88281,-0.488281,-20.813,1
2232.74,0.258301,-0.599121,0.952148,5.18799,-0.183105,-19.7144,1
2232.75,0.227051,-0.587402,0.962402,4.45557,-0.915527,-19.3481,1
2232.76,0.289062,-0.501953,0.978027,4.45557,-1.15967,-18.3716,1
2232.77,0.324707,-0.528809,0.964355,3.72314,-0.854492,-17.8833,1
2232.78,0.334473,-0.540039,0.95166,4.94385,-1.0376,-16.2964,1
2232.79,0.330566,-0.437012,0.945312,4.63867,-1.0376,-16.1133,1
2232.8,0.357422,-0.518555,0.960449,4.76074,-1.40381,-15.1978,1
2232.81,0.378418,-0.5,1.00537,4.27246,-1.83105,-14.4653,1
2232.82,0.383301,-0.509277,0.976562,3.90625,-1.95312,-13.5498,1
2232.83,0.355957,-0.493652,0.978027,4.5166,-1.70898,-12.6343,1
2232.84,0.352539,-0.390137,1.00537,4.63867,-2.19727,-12.085,1
2232.85,0.381836,-0.427246,0.986328,4.39453,-2.01416,-11.3525,1
2232.86,0.432129,-0.443848,0.989746,5.31006,-2.19727,-10.2539,1
2232.87,0.483887,-0.3125,1.02197,5.43213,-2.38037,-9.76562,1
2232.88,0.455566,-0.320312,1.04688,4.21143,-2.31934,-9.46045,1
2232.89,0.384277,-0.480957,1.06055,5.12695,-2.50244,-8.23975,1
2232.9,0.380371,-0.27002,1.03613,6.95801,-2.38037,-7.56836,1
2232.91,0.45459,-0.276855,1.02148,5.79834,-2.2583,-7.32422,1
2232.92,0.476074,-0.412109,1.0791,7.44629,-2.68555,-6.10352,1
2232.93,0.479492,-0.126465,1.06982,7.99561,-2.19727,-5.5542,1
2232.93,0.452148,-0.182129,1.01465,6.71387,-1.58691,-5.12695,1
2232.94,0.453613,-0.289062,0.996094,8.05664,-2.01416,-3.78418,1
2232.95,0.466309,-0.104004,1.01123,9.21631,-1.89209,-2.99072,1
2232.96,0.474121,0.00390625,1.04199,9.39941,-1.70898,-2.13623,1
2232.97,0.477539,-0.131836,1.04639,10.0708,-1.46484,-1.09863,1
2232.98,0.438477,-0.0498047,0.989258,12.207,-1.70898,0.0610352,1
2232.99,0.449219,0.090332,0.982422,11.8408,-1.40381,0.793457,1
2233,0.452637,0.00439453,1.0166,12.6953,-0.976562,2.01416,1
2233.01,0.475586,0.17334,1.02637,13.4277,-1.09863,2.99072,1
2233.02,0.491211,0.109375,0.945801,13.1836,-0.793457,4.15039,1
2233.03,0.452637,0.115234,0.902832,14.6484,-0.854492,5.67627,1
2233.04,0.438965,0.322266,0.931152,13.916,-0.610352,6.53076,1
2233.05,0.412598,0.246582,1.00244,13.3667,-0.305176,7.62939,1
2233.06,0.36377,0.357422,1.04639,14.8315,-0.244141,9.33838,1
2233.07,0.343262,0.37793,0.969727,13.7329,-0.488281,10.1318,1
2233.08,0.418945,0.316895,0.895508,13.6719,-0.854492,11.5356,1
2233.09,0.407227,0.40918,0.900391,13.1836,-0.305176,12.3901,1
2233.1,0.317383,0.522461,0.962402,12.0239,-0.305176,13.2446,1
2233.11,0.296387,0.578613,0.962402,9.94873,0,14.0381,1
2233.12,0.358398,0.461426,0.950684,9.70459,0,15.625,1
2233.13,0.39209,0.544434,1.01416,10.0708,-0.183105,16.2964,1
2233.14,0.353516,0.619629,1.01025,9.0332,0,16.9678,1
2233.15,0.35791,0.543457,0.955566,7.87354,0.366211,17.395,1
2233.16,0.370605,0.57373,0.979492,7.87354,0.610352,18.5547,1
2233.17,0.382324,0.76416,1.08691,6.65283,0.732422,18.8599,1
2233.18,0.392578,0.549805,1.1958,5.67627,0.671387,19.043,1
2233.19,0.37793,0.574707,1.10791,7.87354,0.305176,20.2026,1
2233.2,0.399902,0.772461,0.97998,6.7749,0.793457,20.3857,1
2233.21,0.469727,0.691895,1.03076,4.69971,0.427246,20.6909,1
2233.22,0.452148,0.640625,1.1499,6.22559,0.671387,21.7285,1
2233.23,0.365234,0.791992,1.19824,6.53076,0.549316,21.6064,1
2233.24,0.279785,0.641602,1.14941,5.67627,0.610352,21.8506,1
2233.25,0.356445,0.597656,1.03418,5.98145,0.244141,22.3389,1
2233.26,0.473145,0.630859,1.01074,4.15039,0.183105,22.2778,1
2233.27,0.475586,0.718262,1.06348,3.84521,0.366211,22.2778,1
2233.28,0.421387,0.844727,1.07617,1.40381,0.488281,21.9727,1
2233.29,0.40625,0.608398,1.10938,1.15967,0.366211,22.0337,1
2233.29,0.340332,0.653809,1.06592,2.38037,0,22.2168,1
2233.3,0.374023,0.816406,1.04834,1.52588,0.0610352,22.2778,1
2233.31,0.427246,0.671387,0.986816,-1.09863,0.366211,22.0337,1
2233.32,0.478516,0.634277,0.99707,-0.671387,0.366211,22.0947,1
2233.33,0.414062,0.840332,1.08154,-1.2207,0.610352,21.3623,1
2233.34,0.362793,0.725098,1.07324,-2.31934,0.488281,21.1182,1
2233.35,0.306641,0.520996,1.01465,-0.976562,0.244141,21.6675,1
2233.36,0.390625,0.686523,0.855469,0,-0.244141,21.7896,1
2233.37,0.484863,0.787109,0.898438,-1.95312,0.183105,21.0571,1
2233.38,0.394043,0.585449,0.994141,-1.40381,0.732422,20.9961,1
2233.39,0.341309,0.794434,1.01611,-0.427246,1.09863,20.813,1
2233.4,0.353027,0.712402,0.953613,-2.2583,0.305176,20.6299,1
2233.41,0.392578,0.427246,0.919434,-0.183105,0,21.1182,1
2233.42,0.467773,0.73291,0.891113,1.0376,0.183105,20.813,1
2233.43,0.420898,0.758789,0.906738,-0.854492,0.793457,20.0806,1
2233.44,0.404785,0.464844,0.999512,1.09863,1.0376,20.1416,1
2233.45,0.345215,0.747559,0.984375,2.92969,0.732422,19.8364,1
2233.46,0.361328,0.726074,0.986328,0.488281,0.610352,19.7144,1
2233.47,0.428223,0.467773,0.991699,0.671387,0.427246,20.0806,1
2233.48,0.498047,0.691895,0.932617,0.854492,0.610352,20.0195,1
2233.49,0.458496,0.718262,0.921875,-1.40381,1.0376,18.9819,1
2233.5,0.40625,0.467773,1.00537,-0.732422,0.854492,18.8599,1
2233.51,0.389648,0.719238,1.01318,0,0.244141,18.5547,1
2233.52,0.455566,0.645996,0.994629,-2.38037,0.12207,18.4937,1
2233.53,0.486816,0.491211,0.967285,-1.64795,0.0610352,18.3716,1
2233.54,0.482422,0.67627,0.983887,-1.46484,0.488281,17.8833,1
2233.55,0.446289,0.611328,0.977051,-1.89209,0.427246,17.1509,1
2233.56,0.431641,0.51709,1.01953,-0.671387,0.427246,16.8457,1
2233.57,0.483887,0.667969,1.01855,-0.0610352,0.183105,16.5405,1
2233.58,0.525879,0.580078,1.00928,-0.549316,0.0610352,16.4795,1
2233.58,0.510254,0.543457,0.995605,0.793457,-0.0610352,16.3574,1
2233.59,0.4375,0.64209,1.02002,1.64795,0.244141,16.1133,1
2233.6,0.41748,0.615234,1.04297,1.34277,0.732422,15.625,1
2233.61,0.456543,0.550293,1.06787,1.89209,0.610352,15.7471,1
2233.62,0.451172,0.639648,1.0376,2.01416,0.366211,15.625,1
2233.63,0.440918,0.629395,0.971191,1.09863,0.732422,15.3198,1
2233.64,0.377441,0.581543,0.996094,1.28174,1.15967,15.4419,1
2233.65,0.311035,0.631348,1.01709,1.0376,1.28174,15.3809,1
2233.66,0.205078,0.630859,1.04688,0.305176,1.70898,15.564,1
2233.67,0.177734,0.571289,1.05908,0,1.70898,14.8926,1
2233.68,0.147949,0.666016,0.915527,0.610352,2.56348,14.8926,1
2233.69,0.112305,0.669434,0.939453,0.0610352,3.41797,14.8315,1
2233.7,0.0146484,0.553711,0.973633,-0.427246,3.17383,14.7095,1
2233.71,-0.0527344,0.584961,0.955078,0.305176,3.54004,14.9536,1
2233.72,-0.0786133,0.619629,0.912598,0,4.57764,15.0146,1
2233.73,-0.116211,0.45459,0.875488,-0.610352,4.45557,14.7095,1
2233.74,-0.0742188,0.524414,0.871582,0.183105,4.63867,14.9536,1
2233.75,-0.409668,0.641602,0.928711,-1.58691,6.22559,14.1602,1
2233.76,-0.630371,0.429688,0.86377,-2.50244,6.7749,14.0381,1
2233.77,-0.398926,0.505859,0.840332,-0.244141,7.20215,15.7471,1
2233.78,-0.303711,0.697754,0.918945,-1.89209,7.44629,15.1978,1
2233.79,-0.449219,0.372559,0.918945,-2.74658,6.95801,15.2588,1
2233.8,-0.616699,0.541016,0.780273,-0.732422,6.34766,16.2964,1
2233.81,-0.467285,0.596191,0.859375,-2.99072,7.26318,15.8081,1
2233.82,-0.408203,0.257812,0.885742,-2.19727,6.53076,16.8457,1
2233.83,-0.445801,0.543945,0.81543,0.305176,6.10352,17.334,1
2233.84,-0.554199,0.674316,0.759277,-2.50244,6.10352,16.7847,1
2233.85,-0.447266,0.210938,0.865723,-1.89209,5.12695,18.0664,1
2233.86,-0.229004,0.397949,0.866211,1.89209,4.21143,18.9819,1
2233.87,-0.381836,0.803711,0.90918,0.732422,4.63867,19.104,1
2233.87,-0.476074,0.539062,0.964844,-2.19727,4.45557,18.9209,1
2233.88,-0.391113,0.383789,0.911133,1.40381,3.11279,20.813,1
2233.89,-0.42334,0.640625,0.972168,2.99072,3.23486,20.1416,1
2233.9,-0.42627,0.702637,1.00635,3.17383,1.70898,19.8975,1
2233.91,-0.445312,0.586426,1.13916,3.35693,2.86865,19.7144,1
2233.92,-0.464355,0.661621,1.08301,4.69971,1.83105,20.4468,1
2233.93,-0.398926,0.696777,1.08545,4.21143,2.92969,19.4092,1
2233.94,-0.345703,0.560059,1.08887,4.69971,2.50244,19.104,1
2233.95,-0.333008,0.679199,1.07422,5.61523,2.68555,19.5923,1
2233.96,-0.351562,0.70166,1.01953,3.66211,2.56348,18.4326,1
2233.97,-0.377441,0.621094,1.02393,2.80762,2.19727,18.7378,1
2233.98,-0.394043,0.669434,1.07275,2.0752,2.92969,18.3716,1
2233.99,-0.356934,0.689453,1.11572,0.610352,3.17383,17.6392,1
2234,-0.305664,0.637695,1.0376,0.0610352,3.17383,17.7612,1
2234.01,-0.328613,0.687012,1.0752,-0.305176,2.38037,17.4561,1
2234.02,-0.363281,0.655273,1.06104,-1.70898,2.2583,16.7847,1
2234.03,-0.379395,0.655762,1.06006,-1.40381,2.56348,16.9678,1
2234.04,-0.316895,0.67041,1.08496,-2.31934,2.31934,16.4185,1
2234.05,-0.258301,0.531738,1.06494,-1.89209,2.38037,16.2354,1
2234.06,-0.291504,0.701172,1.04785,-1.2207,2.01416,16.2354,1
2234.07,-0.323242,0.663086,0.980469,-3.11279,2.19727,14.8926,1
2234.08,-0.368164,0.459961,0.891602,-2.50244,2.01416,15.2588,1
2234.09,-0.308105,0.618652,0.919434,-0.976562,1.95312,15.4419,1
2234.1,-0.310547,0.696289,0.97168,-1.95312,2.38037,14.7705,1
2234.11,-0.317383,0.54834,0.959473,-1.95312,1.83105,15.0757,1
2234.12,-0.344727,0.629395,0.818848,-1.83105,0.976562,15.5029,1
2234.13,-0.352539,0.637207,0.832031,-2.86865,1.09863,15.1978,1
2234.14,-0.416504,0.513672,0.893066,-1.70898,0.549316,16.2964,1
2234.15,-0.318848,0.607422,0.954102,-0.183105,0.0610352,16.4795,1
2234.16,-0.297363,0.61084,0.907715,0.183105,0.549316,16.2964,1
2234.17,-0.327148,0.479492,0.87207,1.83105,0.610352,17.0288,1
2234.18,-0.365234,0.682129,0.844238,2.80762,-0.12207,17.395,1
2234.18,-0.317383,0.637207,0.926758,1.09863,0.366211,17.0898,1
2234.19,-0.366699,0.51123,0.982422,3.479,0.12207,18.6768,1
2234.2,-0.36084,0.706055,0.961914,4.82178,0.671387,18.5547,1
2234.21,-0.378418,0.756348,0.944336,3.2959,0.793457,18.1885,1
2234.22,-0.344238,0.595215,0.937012,2.50244,0.854492,18.5547,1
2234.23,-0.372559,0.651855,0.947266,3.05176,0.549316,19.5923,1
2234.24,-0.333496,0.816895,0.992188,1.89209,0.732422,19.3481,1
2234.25,-0.348633,0.711914,1.03467,0.244141,1.28174,18.9819,1
2234.26,-0.361328,0.623047,0.994629,1.2207,1.28174,19.8364,1
2234.27,-0.341309,0.756348,0.939941,1.28174,1.46484,20.0806,1
2234.28,-0.381836,0.743164,1.03076,0.305176,1.15967,19.9585,1
2234.29,-0.314941,0.665527,1.08252,0.427246,0.671387,20.3247,1
2234.3,-0.321777,0.747559,0.990234,0.793457,0.915527,20.9351,1
2234.31,-0.358398,0.714355,0.964844,0.305176,1.09863,20.5078,1
2234.32,-0.347656,0.575684,0.967773,0.976562,1.15967,20.874,1
2234.33,-0.345703,0.768555,0.967773,1.64795,0.793457,21.6675,1
2234.34,-0.346191,0.721191,0.95752,-0.549316,1.09863,20.874,1
2234.35,-0.370605,0.694824,0.949219,0,0.488281,22.2168,1
2234.36,-0.375,0.819336,0.983887,-0.854492,0.976562,21.9727,1
2234.37,-0.310547,0.681152,1.01025,-0.976562,0.610352,22.1558,1
2234.38,-0.256836,0.654785,0.98877,0.244141,0.305176,23.0713,1
2234.39,-0.311523,0.84375,0.913086,-0.366211,0.244141,22.7051,1
2234.4,-0.411133,0.765625,0.947754,-1.28174,0.610352,22.7661,1
2234.41,-0.347168,0.703613,0.964355,-0.0610352,0.12207,23.9258,1
2234.42,-0.310059,0.734863,0.996582,0.0610352,-0.12207,23.8037,1
2234.43,-0.25,0.632324,0.978027,0.549316,-0.427246,24.292,1
2234.44,-0.330566,0.842285,0.847656,1.0376,0.12207,24.7803,1
2234.45,-0.442383,0.82666,0.88916,-0.854492,0.854492,24.0479,1
2234.46,-0.398438,0.802734,0.96582,0.305176,0.549316,25.3906,1
2234.47,-0.284668,0.786133,1.06641,0.305176,0.915527,25.2075,1
2234.48,-0.249512,0.621582,1.0293,0.976562,-0.427246,25.3296,1
2234.49,-0.305176,0.753906,0.875977,3.41797,0.244141,26.4893,1
2234.5,-0.318848,0.899414,0.850098,1.83105,1.83105,25.5737,1
2234.51,-0.306641,0.70166,0.903809,0.732422,1.46484,25.1465,1
2234.52,-0.32373,0.83252,0.991699,2.56348,1.28174,26.4282,1
2234.53,-0.299316,0.949707,1.05371,0.976562,1.34277,25.8789,1
2234.54,-0.297852,0.709473,0.901855,1.40381,1.40381,26.9165,1
2234.54,-0.271484,0.797852,0.910645,2.80762,1.2207,27.0996,1
2234.55,-0.260742,0.923828,0.98584,1.58691,1.09863,26.5503,1
2234.56,-0.26416,0.788086,1.02539,1.46484,1.2207,27.2217,1
2234.57,-0.28125,0.848633,0.996094,2.92969,0.915527,27.8931,1
2234.58,-0.320801,0.979492,0.963379,2.01416,1.28174,27.1606,1
2234.59,-0.260742,0.796875,0.956543,2.13623,1.2207,27.8931,1
2234.6,-0.22168,0.900391,0.980957,3.11279,0.976562,28.7476,1
2234.61,-0.209473,0.897461,0.955566,0.976562,0.732422,28.0762,1
2234.62,-0.226562,0.777344,0.937988,1.15967,0.427246,28.9917,1
2234.63,-0.312988,1.00879,0.945801,1.34277,0.671387,28.7476,1
2234.64,-0.312012,0.927246,0.94873,-0.427246,0.732422,28.3813,1
2234.65,-0.279297,0.80127,0.981445,0.610352,0.488281,29.6631,1
2234.66,-0.27002,0.874512,1.0249,0.183105,0.488281,29.2358,1
2234.67,-0.200195,0.824219,0.867676,0,0.915527,29.2969,1
2234.68,-0.244141,0.901855,0.850586,-0.244141,0.854492,29.6631,1
2234.69,-0.235352,0.889648,0.894531,-1.09863,0.305176,29.2969,1
2234.7,-0.255859,0.928223,0.94873,-0.915527,0.12207,30.2734,1
2234.71,-0.241211,0.858398,0.92334,-1.64795,0.732422,30.3345,1
2234.72,-0.209473,0.795898,0.926758,-0.366211,0.549316,31.0059,1
2234.73,-0.156738,0.790039,0.885742,-0.732422,0.915527,30.3955,1
2234.74,-0.160156,0.86377,0.873535,0.244141,1.46484,31.189,1
2234.75,-0.199707,0.973633,0.923828,-1.28174,1.0376,30.3955,1
2234.76,-0.208984,0.720703,0.944824,-1.2207,0.854492,30.7007,1
2234.77,-0.219238,1.00781,0.946289,0.610352,0.854492,31.311,1
2234.78,-0.279785,1.06738,0.971191,-2.01416,1.83105,30.7007,1
2234.79,-0.236328,0.690918,0.958984,-1.0376,1.46484,31.1279,1
2234.8,-0.17334,0.970703,0.957031,1.52588,1.95312,31.9824,1
2234.81,-0.131348,0.924316,0.882812,-1.52588,1.89209,31.1279,1
2234.82,-0.245117,0.655762,0.945801,-0.183105,0.915527,31.9824,1
2234.83,-0.200684,1.03271,0.963379,0.854492,1.2207,31.4941,1
2234.84,-0.20459,0.867188,0.973145,-0.671387,2.01416,31.5552,1
2234.85,-0.194336,0.799316,0.908203,1.09863,1.40381,32.5928,1
2234.86,-0.177734,1.11426,0.899414,0,1.58691,31.7383,1
2234.87,-0.224609,0.838867,0.885742,-2.31934,2.2583,31.9824,1
2234.88,-0.198242,0.731934,0.894531,0.427246,1.64795,33.0811,1
2234.89,-0.192383,1.11377,0.900879,-0.610352,1.46484,32.1655,1
2234.9,-0.1875,0.760254,0.929199,-2.2583,1.70898,32.5317,1
2234.9,-0.187012,0.803223,0.922363,0.793457,1.15967,33.4473,1
2234.91,-0.175781,1.06934,0.972656,-0.305176,1.46484,32.6538,1
2234.92,-0.15918,0.850098,0.922363,-0.488281,0.854492,33.02,1
2234.93,-0.154785,0.904785,0.955566,1.34277,1.0376,33.8745,1
2234.94,-0.192871,1.09473,0.955566,0.244141,0.610352,33.2031,1
2234.95,-0.196289,0.82666,0.955078,-0.976562,1.09863,33.02,1
2234.96,-0.191406,0.853516,0.902344,1.15967,1.28174,34.3018,1
2234.97,-0.140137,1.09521,0.955566,-0.854492,1.28174,32.959,1
2234.98,-0.114258,0.797363,0.939941,-2.0752,1.34277,33.5693,1
2234.99,-0.137695,0.975098,0.96582,0.12207,0.915527,33.7524,1
2235,-0.11377,1.02832,0.894531,-2.2583,1.28174,33.02,1
2235.01,-0.115723,0.733887,0.901855,-0.854492,0.793457,34.0576,1
2235.02,-0.133789,1.05811,0.98291,-0.12207,1.09863,33.6914,1
2235.03,-0.145996,1.00342,0.99707,-1.77002,1.52588,33.0811,1
2235.04,-0.0976562,0.731445,0.92627,-0.244141,1.40381,34.1797,1
2235.05,-0.12793,0.917969,0.882324,0.0610352,1.15967,33.5083,1
2235.06,-0.137695,0.986328,0.871582,-1.70898,0.854492,33.0811,1
2235.07,-0.121582,0.871094,0.935059,-1.0376,1.70898,33.8135,1
2235.08,-0.0981445,0.96875,0.939453,-0.244141,1.52588,34.1187,1
2235.09,-0.148926,1.08984,0.999023,-0.854492,1.28174,33.5083,1
2235.1,-0.117676,0.791016,0.979004,-1.34277,1.46484,33.2031,1
2235.11,-0.125488,0.989258,0.892578,1.46484,1.70898,34.0576,1
2235.12,-0.152832,1.02734,0.96582,-2.0752,2.19727,32.8979,1
2235.13,-0.161133,0.780762,0.997559,-0.610352,1.2207,33.7524,1
2235.14,-0.0888672,1.05908,1.02441,0.671387,2.13623,33.9355,1
2235.15,-0.104004,1.04688,0.963867,-1.2207,2.68555,33.2031,1
2235.16,-0.119141,0.849609,0.919434,-0.793457,1.34277,33.8135,1
2235.17,-0.190918,1.12061,0.940918,0.305176,1.83105,33.9355,1
2235.18,-0.217773,0.981445,0.988281,-2.86865,2.31934,33.1421,1
2235.19,-0.117676,0.703613,0.958496,0.0610352,1.58691,35.2783,1
2235.2,-0.0629883,1.08691,0.994141,-0.488281,1.28174,34.4238,1
2235.21,-0.0600586,0.980469,0.918945,-2.56348,0.915527,34.5459,1
2235.22,-0.164062,0.81543,0.944336,-0.549316,1.2207,34.9731,1
2235.23,-0.174316,1.16943,0.923828,-0.854492,1.09863,34.3628,1
2235.24,-0.11377,0.884277,0.883301,-2.92969,1.09863,35.2173,1
2235.25,-0.135742,0.776367,1.00098,-0.488281,0.793457,35.7056,1
2235.25,-0.0898438,1.10156,0.969727,-0.427246,0.671387,35.1562,1
2235.26,-0.0976562,0.94043,0.936035,-1.83105,1.34277,35.3394,1
2235.27,-0.177734,0.89502,0.963867,0.12207,0.549316,35.9497,1
2235.28,-0.13623,0.992676,0.901855,-1.15967,0.427246,34.79,1
2235.29,-0.128418,0.941895,0.930664,-0.488281,0.671387,35.8276,1
2235.3,-0.151367,1.02783,1.0127,-0.793457,0.610352,35.6445,1
2235.31,-0.108887,0.883301,1.06299,-0.427246,0.244141,35.6445,1
2235.32,-0.0722656,1.07471,0.963379,0.671387,0.366211,36.0107,1
2235.33,-0.118652,0.904297,0.984863,-0.976562,0.976562,35.7056,1
2235.34,-0.078125,1.02197,0.887207,-0.366211,0,35.2173,1
2235.35,-0.111328,1.07764,0.936035,-1.77002,0.793457,35.2783,1
2235.36,-0.147461,0.866211,0.992188,-0.976562,0.366211,35.8887,1
2235.37,-0.0791016,1.02734,1.04395,-0.183105,0.488281,35.0952,1
2235.38,-0.0791016,0.969238,1.00928,-0.854492,1.15967,34.8511,1
2235.39,-0.142578,0.969238,0.996582,-0.427246,1.15967,35.3394,1
2235.4,-0.12793,1.02393,0.933105,-1.0376,0.854492,34.9731,1
2235.41,-0.171387,1,1.01465,-1.83105,1.28174,34.3628,1
2235.42,-0.0800781,0.958008,0.978027,-0.671387,1.46484,35.2173,1
2235.43,-0.10791,0.989258,0.968262,-0.366211,1.70898,35.0952,1
2235.44,-0.0693359,0.987793,0.986816,-2.0752,0.671387,34.4238,1
2235.45,-0.15918,0.87207,0.934082,-0.671387,1.0376,34.9731,1
2235.46,-0.144531,1.13818,0.994141,-1.09863,1.64795,34.4849,1
2235.47,-0.134766,0.914551,0.94873,-3.11279,1.64795,34.6069,1
2235.48,-0.0800781,0.862793,0.971191,-1.28174,1.46484,34.9121,1
2235.49,-0.0668945,1.11279,0.956543,-2.44141,1.70898,34.1797,1
2235.5,-0.0864258,0.952148,0.910156,-3.41797,1.95312,33.9966,1
2235.51,-0.19043,0.916992,0.950684,-2.50244,1.83105,34.6069,1
2235.52,-0.0854492,0.962891,0.910645,-3.54004,1.64795,33.7524,1
2235.53,-0.090332,0.908691,0.964844,-3.90625,2.2583,34.1187,1
2235.54,-0.050293,0.939453,0.942383,-4.27246,2.01416,33.9355,1
2235.55,-0.0854492,0.823242,0.887207,-4.82178,2.19727,33.8745,1
2235.56,-0.114258,1.11182,0.869141,-4.82178,1.83105,33.6914,1
2235.56,-0.163574,0.861816,0.883301,-6.71387,2.44141,33.5693,1
2235.57,-0.133301,0.969238,0.94873,-4.15039,2.0752,33.8135,1
2235.58,-0.0688477,1.03809,0.958496,-5.79834,2.68555,33.3862,1
2235.59,-0.0874023,0.668457,0.956055,-4.21143,2.74658,33.9355,1
2235.6,-0.097168,0.969727,0.929199,-3.11279,2.0752,33.2642,1
2235.61,-0.108398,0.996582,0.838379,-4.27246,2.92969,32.7148,1
2235.62,-0.145508,0.831055,0.84375,-3.54004,3.05176,33.2642,1
2235.63,-0.117188,1.01709,0.921875,-1.95312,3.17383,33.2642,1
2235.64,-0.111816,0.969238,1.01514,-3.35693,3.72314,32.4097,1
2235.65,-0.0966797,0.79834,0.913086,-0.610352,3.60107,33.4473,1
2235.66,-0.130371,0.907227,0.893555,0.244141,4.15039,33.0811,1
2235.67,-0.171875,0.928223,0.937988,-0.732422,3.54004,32.4707,1
2235.68,-0.0786133,0.822266,0.942871,-0.183105,3.11279,32.959,1
2235.69,-0.100098,0.914062,0.919922,1.2207,4.02832,33.3862,1
2235.7,-0.0800781,0.959961,0.92627,0,3.35693,32.5928,1
2235.71,-0.108398,0.908691,0.847168,0.549316,3.35693,33.02,1
2235.72,-0.123047,0.984375,0.930176,1.46484,3.479,33.6304,1
2235.73,-0.0644531,0.932617,0.944824,0.671387,3.72314,33.1421,1
2235.74,-0.0576172,0.862305,0.932617,0.12207,3.05176,33.5083,1
2235.75,-0.0297852,0.923828,0.932617,-0.0610352,2.44141,33.6304,1
2235.76,-0.0703125,0.966797,0.882324,-2.13623,2.99072,32.7759,1
2235.77,-0.0683594,0.908203,0.921387,-1.52588,2.50244,33.8745,1
2235.78,-0.0839844,1.03857,0.898926,-2.38037,2.44141,33.02,1
2235.79,-0.0859375,0.929688,0.891113,-2.92969,1.77002,33.8135,1
2235.8,-0.074707,0.919434,0.933105,-1.95312,1.58691,33.7524,1
2235.81,-0.0541992,0.862793,0.986816,-2.13623,1.77002,33.6304,1
2235.82,-0.050293,0.946289,0.961914,-1.34277,1.34277,34.1187,1
2235.83,-0.0571289,0.959961,0.928223,-2.74658,1.40381,33.4473,1
2235.84,-0.0913086,0.781738,0.90332,-1.40381,0.427246,34.3018,1
2235.84,-0.019043,1.0708,0.882324,-1.09863,0.427246,33.4473,1
2235.85,-0.0708008,0.950684,0.902344,-2.62451,1.0376,33.5693,1
2235.86,-0.0708008,0.831543,0.932617,-0.915527,0.549316,33.6914,1
2235.87,-0.00585938,1.10596,0.964355,-1.2207,0.488281,33.2642,1
2235.88,0.0307617,0.890137,0.938477,-2.80762,0.854492,32.959,1
2235.89,0.09375,0.914551,0.939941,-1.52588,0,33.5693,1
2235.9,0.0419922,1.07227,0.948242,-3.54004,0.366211,32.8979,1
2235.91,0.0263672,0.832031,0.902832,-3.66211,-0.12207,32.8369,1
2235.92,0.0102539,0.881836,0.948242,-1.2207,0.488281,33.3862,1
2235.93,0.0566406,1.12695,0.966309,-2.68555,0,31.4331,1
2235.94,0.0507812,0.947754,0.967773,-2.80762,0.549316,31.6772,1
2235.95,0.0239258,0.961914,0.976074,-1.40381,0.427246,31.3721,1
2235.96,0.019043,1.00977,0.953613,-0.915527,0.488281,31.4941,1
2235.97,0.0419922,0.861328,0.953613,-1.28174,0.366211,30.9448,1
2235.98,0.0869141,0.918457,0.944336,0.366211,0.488281,31.4331,1
2235.99,0.0576172,0.990723,0.98584,-0.427246,0.915527,30.1514,1
2236,0.00585938,0.936523,1.01074,0.427246,0.976562,30.3345,1
2236.01,-0.0341797,1.02881,0.943359,0.854492,1.89209,29.6631,1
2236.02,-0.0917969,0.943848,0.980957,0.793457,2.01416,29.2358,1
2236.03,-0.0249023,0.917969,1.00439,2.13623,1.95312,29.2358,1
2236.04,-0.0512695,0.992188,0.977051,1.77002,2.99072,29.0527,1
2236.05,-0.0229492,0.863281,1.00537,1.83105,2.68555,29.48,1
2236.06,-0.00439453,0.932129,0.969238,1.89209,2.62451,28.8696,1
2236.07,-0.0634766,0.958496,0.963867,0.915527,2.92969,29.3579,1
2236.08,-0.119629,0.949707,0.950684,-0.549316,2.86865,28.6255,1
2236.09,-0.0742188,0.756836,0.953125,-2.56348,2.92969,28.3203,1
2236.1,-0.0458984,1.11768,0.852539,-2.2583,2.74658,29.4189,1
2236.11,-0.0732422,0.813477,0.913574,-7.01904,3.66211,28.8696,1
2236.12,-0.156738,0.924316,0.898438,-3.23486,2.2583,30.5176,1
2236.13,0.0175781,0.941406,0.950684,-6.89697,3.11279,28.9917,1
2236.14,-0.0444336,0.633789,0.804199,-5.49316,2.2583,30.6396,1
2236.14,-0.112305,0.917969,0.864746,-5.85938,1.64795,30.5176,1
2236.15,-0.0922852,1.0708,0.894043,-7.62939,1.34277,30.5176,1
2236.16,-0.160645,0.644043,0.976074,-7.08008,2.13623,30.7007,1
2236.17,-0.109863,0.863281,0.879883,-4.45557,0.915527,32.2266,1
2236.18,-0.11084,1.07227,0.876953,-7.08008,0.976562,31.25,1
2236.19,-0.108398,0.665039,0.897949,-6.53076,1.2207,31.9824,1
2236.2,-0.0532227,0.76709,0.944336,-2.38037,1.46484,32.5928,1
2236.21,-0.0419922,1.08643,0.932129,-3.54004,1.52588,31.9824,1
2236.22,-0.0581055,0.789551,0.868652,-3.60107,1.46484,32.4707,1
2236.23,-0.172363,0.794922,0.91748,-0.610352,2.01416,32.4097,1
2236.24,-0.219238,1.06836,1.01611,0.366211,2.50244,32.2876,1
2236.25,-0.193848,0.813477,0.914551,-0.488281,3.17383,31.5552,1
2236.26,-0.170898,0.745605,0.920898,3.17383,3.23486,33.1421,1
2236.27,-0.15332,1.08301,1.02441,3.17383,3.60107,32.4097,1
2236.28,-0.118652,0.82959,0.96582,1.58691,4.15039,32.2876,1
2236.29,-0.220703,0.615234,1.00684,5.00488,4.3335,33.6914,1
2236.3,-0.147461,1.06836,0.952148,4.82178,3.96729,33.0811,1
2236.31,-0.13623,0.919922,0.973633,2.62451,4.69971,33.2642,1
2236.32,-0.197266,0.757324,0.996094,4.15039,4.76074,33.9355,1
2236.33,-0.0932617,1.06689,0.95166,3.90625,4.76074,33.8745,1
2236.34,-0.166992,0.858887,1.0127,2.38037,5.61523,34.729,1
2236.35,-0.208496,0.788086,1.00977,3.479,5.24902,34.3628,1
2236.36,-0.150391,1.05859,1.02246,2.80762,5.92041,34.2407,1
2236.37,-0.174316,0.912598,1.00586,0.183105,6.5918,34.4849,1
2236.38,-0.0922852,0.847656,0.958008,0.366211,5.12695,35.7056,1
2236.39,-0.0976562,0.84375,0.902832,-0.671387,5.18799,35.7056,1
2236.4,-0.0957031,1.01807,0.961914,-0.793457,4.39453,36.6821,1
2236.41,-0.171387,0.880371,1.00244,-3.17383,5.12695,36.1328,1
2236.42,-0.09375,0.829102,0.92334,-2.0752,3.84521,37.1094,1
2236.43,-0.106934,0.96875,0.923828,-3.05176,4.3335,37.1704,1
2236.44,-0.141113,0.916504,0.921387,-4.45557,3.17383,37.5977,1
2236.45,-0.126953,0.850098,0.916992,-4.27246,2.31934,38.3911,1
2236.46,-0.108398,0.872559,0.956055,-3.96729,1.64795,38.9404,1
2236.47,-0.107422,1.03174,0.966797,-4.76074,1.28174,38.8794,1
2236.48,-0.125977,0.925293,0.875,-6.71387,1.28174,39.0625,1
2236.49,-0.14502,0.756836,0.902832,-5.37109,0.671387,40.2222,1
2236.5,-0.171875,0.991699,0.919922,-4.3335,0.0610352,40.3442,1
2236.5,-0.116699,0.917969,0.950684,-5.7373,0.12207,39.7949,1
2236.51,-0.145508,0.816406,0.977539,-3.35693,-0.183105,41.0767,1
2236.52,-0.167969,1.03369,0.989258,-3.2959,0.0610352,40.2832,1
2236.53,-0.172852,0.821289,0.906738,-3.96729,-0.244141,41.0156,1
2236.54,-0.222168,0.815918,0.947266,-1.09863,-0.732422,41.748,1
2236.55,-0.202637,1.0918,0.944824,-2.0752,-0.244141,40.8325,1
2236.56,-0.148438,0.828613,0.92334,-2.01416,0,41.8701,1
2236.57,-0.157715,0.789062,1.02734,0.366211,-0.427246,42.2363,1
2236.58,-0.14502,1.12305,0.98877,0.732422,-0.976562,41.687,1
2236.59,-0.195312,0.906738,0.94043,0,-0.0610352,41.9922,1
2236.6,-0.188965,0.815918,0.96582,1.64795,-0.427246,42.2363,1
2236.61,-0.158691,1.00879,0.96582,1.46484,-0.671387,41.8091,1
2236.62,-0.119629,0.997559,0.964355,0.976562,0.12207,42.3584,1
2236.63,-0.158203,0.841309,0.978516,1.64795,0.366211,42.7856,1
2236.64,-0.14209,1.0293,0.941895,1.89209,-0.183105,42.4805,1
2236.65,-0.193359,0.953613,1.04395,1.64795,0.366211,42.0532,1
2236.66,-0.185059,1.01172,1.01709,2.44141,0.610352,42.1753,1
2236.67,-0.1875,1.07324,1.03711,1.89209,1.46484,42.2363,1
2236.68,-0.160645,0.838867,1.04785,0.793457,1.28174,41.8701,1
2236.68,-0.133789,0.942871,0.967285,1.40381,1.15967,42.1143,1
2236.69,-0.160645,1.06592,0.966309,0,2.19727,42.0532,1
2236.7,-0.150879,0.866211,0.973633,-0.976562,1.89209,41.5649,1
2236.71,-0.102539,1.03857,0.92334,-0.366211,1.40381,42.3584,1
2236.72,-0.131348,0.897461,0.952148,-2.44141,2.56348,41.5039,1
2236.73,-0.0996094,0.93457,0.942383,-1.64795,2.19727,41.8091,1
2236.74,-0.14209,1.07959,0.931641,-3.41797,3.11279,40.9546,1
2236.75,-0.140137,0.786133,0.896973,-3.72314,2.92969,41.3818,1
2236.76,-0.0732422,1.02979,0.915039,-2.86865,2.56348,41.5039,1
2236.77,-0.132324,0.967285,0.943848,-6.16455,3.23486,40.7104,1
2236.78,-0.108398,0.82666,0.868652,-4.45557,2.86865,41.5649,1
2236.79,-0.121582,1.02881,0.932617,-5.00488,3.90625,41.0767,1
2236.8,-0.159668,0.884766,0.878418,-6.53076,3.479,40.4053,1
2236.81,-0.100586,0.905762,0.893555,-5.06592,3.11279,41.1987,1
2236.82,-0.121582,0.951172,0.956543,-5.5542,4.39453,40.8936,1
2236.83,-0.133789,0.914551,0.889648,-6.04248,3.60107,40.4663,1
2236.84,-0.10791,0.758789,0.904297,-4.88281,3.96729,40.7715,1
2236.85,-0.121094,0.94873,0.845703,-4.02832,4.02832,40.2832,1
2236.86,-0.155762,0.921875,0.874023,-4.57764,4.15039,41.0767,1
2236.87,-0.141602,0.770508,0.879395,-4.21143,3.90625,40.5884,1
2236.88,-0.12207,1.03662,0.904785,-2.68555,3.96729,41.0156,1
2236.89,-0.135254,0.919434,0.973633,-3.72314,5.31006,40.8325,1
2236.9,-0.106934,0.783691,0.880371,-2.56348,4.08936,40.6494,1
2236.91,-0.0678711,0.92041,0.875977,-1.09863,4.69971,41.2598,1
2236.92,-0.119629,0.932617,0.919434,-2.56348,4.57764,40.2832,1
2236.93,-0.10498,0.859375,0.877441,-1.0376,4.15039,41.3818,1
2236.94,-0.0830078,0.875488,0.891113,-0.671387,4.82178,41.0767,1
2236.95,-0.0639648,0.981445,0.890625,0,3.72314,41.4429,1
2236.96,-0.0834961,0.868652,0.906738,-0.366211,4.27246,40.8936,1
2236.97,-0.0888672,0.884277,0.884277,0.183105,3.54004,41.1377,1
2236.98,-0.115234,0.961426,0.928711,0.610352,4.15039,41.5649,1
2236.99,-0.0859375,0.861328,0.92041,-1.34277,3.78418,40.2832,1
2237,-0.0439453,0.82373,0.863281,0.305176,3.11279,41.5649,1
2237.01,-0.101074,1.00781,0.899902,-0.732422,3.2959,40.9546,1
2237.02,-0.0463867,0.815918,0.95459,-1.77002,2.31934,40.8325,1
2237.03,-0.0585938,0.885254,0.912109,-0.915527,2.86865,41.1377,1
2237.04,-0.0576172,0.943359,0.890625,-3.2959,2.56348,40.4053,1
2237.04,-0.0498047,0.791016,0.889648,-3.17383,1.83105,40.7715,1
2237.05,-0.0576172,0.924805,0.918457,-4.45557,1.58691,39.978,1
2237.06,-0.0703125,0.835938,0.881348,-3.96729,1.28174,40.6494,1
2237.07,-0.046875,0.907715,0.944336,-4.21143,1.28174,39.4287,1
2237.08,-0.0239258,0.866211,0.908691,-3.72314,1.0376,39.7339,1
2237.09,0.0166016,0.850098,0.958496,-2.99072,1.09863,39.3066,1
2237.1,0.0649414,0.880371,0.971191,-3.96729,-0.12207,38.5132,1
2237.11,0.109375,0.895996,0.96582,-3.54004,-0.488281,38.6963,1
2237.12,0.124512,0.905273,0.967285,-4.15039,-0.0610352,38.0859,1
2237.13,0.0898438,0.86084,0.935547,-3.17383,-0.854492,37.7808,1
2237.14,0.0668945,0.943359,0.944336,-2.68555,-0.854492,36.6211,1
2237.15,0.074707,0.900391,1.00684,-1.70898,-1.0376,36.438,1
2237.16,0.0844727,0.865723,1,-0.12207,-1.34277,36.2549,1
2237.17,0.125977,0.925781,1.01025,0.610352,-1.77002,35.7666,1
2237.18,0.147949,0.896973,1.05957,0.793457,-1.64795,35.2173,1
2237.19,0.15625,0.885742,0.976074,1.09863,-1.34277,35.0342,1
2237.2,0.156738,0.945312,1.00684,1.2207,-1.89209,34.5459,1
2237.21,0.160156,0.891113,1.0249,0.732422,-1.64795,33.3252,1
2237.22,0.140137,0.946289,1.03174,1.77002,-1.58691,33.4473,1
2237.23,0.129883,0.96875,1.04785,1.15967,-1.09863,32.2876,1
2237.24,0.15332,0.884766,1.0083,1.2207,-1.2207,31.8604,1
2237.25,0.15332,0.921875,0.984863,1.64795,-0.854492,31.9214,1
2237.26,0.150391,0.92334,1.01172,0.0610352,-0.732422,30.3955,1
2237.27,0.135254,0.870605,1.04004,-0.549316,-0.610352,30.2734,1
2237.28,0.131348,0.857422,1.02148,-2.2583,0.427246,29.2969,1
2237.29,0.137695,0.789062,0.953613,-3.35693,0,28.9917,1
2237.3,0.147461,0.804199,0.907227,-4.63867,-0.183105,27.832,1
2237.31,0.161621,0.801758,0.880371,-5.43213,0.366211,26.8555,1
2237.32,0.148926,0.800293,0.921387,-5.7373,1.0376,26.3672,1
2237.33,0.135254,0.766113,0.956543,-7.38525,1.28174,24.6582,1
2237.33,0.128418,0.656738,0.931152,-7.87354,1.40381,24.353,1
2237.34,0.128418,0.685059,0.925293,-8.30078,2.01416,23.4375,1
2237.35,0.158203,0.626465,0.88916,-9.82666,2.01416,21.7896,1
2237.36,0.162109,0.572266,0.896484,-9.8877,1.70898,21.6675,1
2237.37,0.184082,0.631348,0.913574,-10.8032,1.52588,20.5078,1
2237.38,0.200195,0.540039,0.923828,-10.9253,1.64795,19.7754,1
2237.39,0.187012,0.549316,0.930664,-10.3149,1.34277,19.043,1
2237.4,0.178711,0.547363,0.937012,-10.498,1.09863,17.8833,1
2237.41,0.212402,0.450684,0.915039,-9.33838,0.732422,17.5781,1
2237.42,0.244141,0.494629,0.917969,-7.8125,0.793457,17.2119,1
2237.43,0.280762,0.485352,0.950195,-8.30078,0.305176,15.9302,1
2237.44,0.278809,0.368652,0.986328,-7.38525,0.244141,15.9912,1
2237.45,0.255859,0.484375,1.01416,-6.34766,0,15.8081,1
2237.46,0.211426,0.529785,0.975586,-6.40869,0.0610352,15.0757,1
2237.47,0.21875,0.390137,0.981445,-5.24902,-0.0610352,15.2588,1
2237.48,0.242188,0.465332,1.05713,-3.60107,-0.305176,15.686,1
2237.49,0.259277,0.444336,1.06641,-4.21143,-0.366211,15.3809,1
2237.5,0.233887,0.374023,1.05713,-2.92969,-0.610352,16.4185,1
2237.51,0.215332,0.474609,1.01611,-2.2583,-0.671387,16.9067,1
2237.52,0.210938,0.438965,0.987793,-1.83105,-0.488281,16.8457,1
2237.53,0.226562,0.365234,1.00732,-0.488281,-0.793457,17.6392,1
2237.54,0.246094,0.437988,1.05518,0.854492,-0.854492,18.5547,1
2237.55,0.230957,0.522949,1.10107,0.610352,-0.793457,18.9819,1
2237.56,0.22168,0.444336,1.06445,0.854492,-0.427246,19.8975,1
2237.57,0.218262,0.487793,1.00928,1.77002,-0.244141,20.9351,1
2237.58,0.22168,0.444336,1.02246,1.64795,0.183105,21.3013,1
2237.59,0.249512,0.439453,1.06836,2.62451,-0.183105,22.3389,1
2237.6,0.217285,0.575195,1.09375,2.50244,0.183105,22.8271,1
2237.61,0.216797,0.581055,1.06885,1.28174,0.305176,22.9492,1
2237.62,0.220703,0.472168,1.04883,1.15967,0.610352,23.7427,1
2237.62,0.211426,0.564453,1.06299,1.95312,0.244141,24.5361,1
2237.63,0.225098,0.569336,1.06396,0.976562,0.366211,24.4751,1
2237.64,0.258789,0.519531,1.04834,1.70898,0.244141,25.3296,1
2237.65,0.250488,0.639648,1.0625,0.854492,0.793457,25.3296,1
2237.66,0.226562,0.571289,1.03564,-0.610352,0.549316,25.2686,1
2237.67,0.238281,0.529785,1.00098,-0.366211,0,26.062,1
2237.68,0.208496,0.673828,1.02881,-0.793457,0.366211,25.9399,1
2237.69,0.236816,0.673828,1.021,-2.50244,0.244141,25.3906,1
2237.7,0.213379,0.512207,1.02051,-1.58691,0.793457,26.1841,1
2237.71,0.213379,0.6875,1.03662,-0.915527,0.549316,26.3062,1
2237.72,0.199219,0.629395,0.973145,-2.19727,0.732422,26.001,1
2237.73,0.185059,0.459473,0.924805,-0.12207,0.793457,26.5503,1
2237.74,0.168945,0.704102,0.948242,1.46484,0.976562,26.3062,1
2237.75,0.168945,0.623535,1.00049,0.244141,1.09863,25.6958,1
2237.76,0.147949,0.442871,1.00049,2.38037,0.671387,26.9165,1
2237.77,0.150391,0.681641,0.952148,2.44141,0.854492,26.5503,1
2237.78,0.144531,0.57666,0.847168,0.671387,0.793457,26.3062,1
2237.79,0.137695,0.468262,0.856934,1.95312,0.610352,26.7944,1
2237.8,0.145508,0.713867,0.929688,2.01416,0.610352,26.7944,1
2237.81,0.141113,0.642578,0.939941,-0.366211,0.732422,26.4893,1
2237.82,0.125488,0.51123,0.922363,0,0.366211,27.3438,1
2237.83,0.133301,0.714355,0.90918,0.12207,0.183105,27.0386,1
2237.84,0.140625,0.605957,0.942871,-0.854492,0.671387,26.8555,1
2237.85,0.166504,0.587891,0.974121,0.427246,0.183105,27.2217,1
2237.86,0.141602,0.725586,1.02393,0,0.793457,26.6113,1
2237.87,0.129883,0.656738,1.021,-0.12207,0.915527,26.7944,1
2237.88,0.120117,0.649414,0.996094,0.244141,1.52588,26.9165,1
2237.89,0.126465,0.626465,0.969238,0.183105,1.40381,26.6724,1
2237.9,0.136719,0.658203,0.986328,0.488281,1.2207,26.9165,1
2237.91,0.126465,0.724609,1.04248,0.366211,1.46484,26.7334,1
2237.92,0.134277,0.686035,1.0791,0.366211,1.64795,26.7334,1
2237.93,0.120117,0.664062,1.04297,1.28174,1.77002,27.2217,1
2237.93,0.13916,0.688477,0.979492,1.83105,1.52588,27.1606,1
2237.94,0.130371,0.662109,0.93457,1.95312,1.77002,27.4048,1
2237.95,0.124512,0.645996,0.965332,1.89209,1.64795,27.6489,1
2237.96,0.129395,0.712891,1.01758,1.34277,1.58691,27.5879,1
2237.97,0.0991211,0.743652,1.06104,0.854492,2.13623,27.71,1
2237.98,0.0810547,0.724121,1.0498,0.793457,2.44141,27.832,1
2237.99,0.0751953,0.69873,0.995605,1.09863,2.0752,28.2593,1
2238,0.116699,0.762695,0.941406,0.732422,2.0752,28.4424,1
2238.01,0.11084,0.73291,0.961914,-0.244141,2.38037,28.6865,1
2238.02,0.0986328,0.679199,0.995117,-0.305176,2.19727,29.2969,1
2238.03,0.0898438,0.709473,0.983398,-0.0610352,1.89209,29.6021,1
2238.04,0.0751953,0.697754,0.986328,0.427246,1.64795,29.7241,1
2238.05,0.0742188,0.742188,0.978516,1.2207,1.58691,30.0903,1
2238.06,0.0952148,0.760742,0.955566,0.854492,1.46484,30.2124,1
2238.07,0.131348,0.711426,0.975586,1.15967,1.28174,31.0669,1
2238.08,0.147949,0.716797,0.959473,1.70898,1.15967,31.6162,1
2238.09,0.126953,0.710938,0.943359,2.31934,0.488281,32.2266,1
2238.1,0.100098,0.797852,0.960938,2.2583,0.183105,32.4097,1
2238.11,0.105469,0.755859,0.952148,1.34277,0.427246,32.4097,1
2238.12,0.121094,0.716309,0.966797,2.01416,0.427246,33.2642,1
2238.13,0.144531,0.85498,0.986816,1.15967,0.427246,33.2642,1
2238.14,0.125,0.69873,0.949707,0.427246,0.671387,33.5083,1
2238.15,0.108398,0.791504,0.952148,1.95312,0.549316,34.1187,1
2238.16,0.0541992,0.938965,0.982422,0.183105,1.09863,33.4473,1
2238.17,0.0131836,0.704102,0.953613,-0.976562,1.2207,33.7524,1
2238.18,-0.0229492,0.760742,0.901855,-0.427246,1.46484,34.3018,1
2238.19,-0.0180664,0.907715,0.894043,-2.56348,2.2583,33.3252,1
2238.2,-0.0214844,0.713867,0.898438,-3.72314,2.86865,33.5693,1
2238.21,-0.00439453,0.772461,0.916504,-2.44141,3.17383,33.9355,1
2238.22,-0.027832,1.02588,0.952637,-3.2959,3.96729,33.2642,1
2238.23,-0.0629883,0.721191,0.959473,-4.45557,4.27246,33.1421,1
2238.24,-0.0737305,0.697266,0.919922,-1.28174,4.39453,34.1187,1
2238.25,-0.0756836,0.98291,0.889648,-1.52588,4.76074,33.3862,1
2238.26,-0.0961914,0.736816,0.965332,-2.0752,5.18799,33.4473,1
2238.27,-0.0839844,0.781738,0.998047,1.2207,5.12695,34.2407,1
2238.28,-0.0551758,0.94043,0.955078,0.976562,5.79834,33.6304,1
2238.29,-0.0771484,0.722168,0.958496,1.83105,5.24902,34.2407,1
2238.29,-0.081543,0.830078,0.951172,3.84521,4.82178,35.0342,1
2238.3,-0.0976562,0.910156,0.941895,2.99072,5.43213,34.5459,1
2238.31,-0.0844727,0.73877,0.965332,3.23486,5.37109,35.5225,1
2238.32,-0.0654297,0.823242,0.939941,4.02832,4.88281,35.8887,1
2238.33,-0.0473633,0.875977,0.884277,2.92969,4.82178,35.8276,1
2238.34,-0.0771484,0.741699,0.93457,2.74658,4.57764,36.5601,1
2238.35,-0.0688477,0.85498,0.936035,2.99072,3.78418,36.8652,1
2238.36,-0.0429688,0.901367,0.884277,1.70898,4.08936,36.9263,1
2238.37,-0.0214844,0.79248,0.898438,1.40381,3.72314,37.8418,1
2238.38,0.0175781,0.848145,0.9375,0.976562,2.68555,38.3301,1
2238.39,0.034668,0.929199,0.949219,-0.12207,2.31934,38.3911,1
2238.4,-0.0136719,0.820801,0.950195,-1.09863,2.0752,39.0625,1
2238.41,-0.00488281,0.806152,0.956543,-1.40381,0.793457,39.7339,1
2238.42,0.0292969,0.978516,0.922852,-2.86865,0.366211,39.6118,1
2238.43,0.0458984,0.841309,0.950195,-3.66211,0.671387,39.917,1
2238.44,0.0288086,0.913086,0.998047,-2.0752,0.183105,40.4053,1
2238.45,0.0854492,1.04639,1.01611,-2.50244,0,39.7339,1
2238.46,0.107422,0.847656,0.963379,-2.2583,0.366211,39.6729,1
2238.47,0.116211,0.912109,0.98584,-0.0610352,0.12207,39.7339,1
2238.48,0.090332,1.08008,0.972168,-0.12207,0.366211,38.8794,1
2238.49,0.0654297,0.859863,1.00488,0.0610352,0.610352,39.0625,1
2238.5,0.0366211,0.912109,1.02295,1.95312,0.671387,39.7949,1
2238.51,0.0727539,0.983887,1.03369,0.244141,0.793457,38.7573,1
2238.52,0.11377,0.83252,0.988281,0,0.732422,39.3677,1
2238.53,0.124512,0.897461,0.903809,0.244141,1.2207,39.1235,1
2238.54,0.0888672,1.01709,0.912109,-1.2207,0.915527,38.5132,1
2238.55,0.090332,0.902832,0.956055,-1.77002,1.28174,38.147,1
2238.56,0.124512,0.90332,0.998535,-1.2207,1.58691,38.9404,1
2238.57,0.0893555,0.936035,0.905762,-2.44141,1.52588,38.3911,1
2238.58,0.0932617,0.888184,0.875488,-2.74658,1.09863,38.5132,1
2238.59,0.043457,0.933594,0.933105,-2.62451,1.89209,38.147,1
2238.6,0.00244141,0.913086,0.969238,-2.80762,2.38037,37.1704,1
2238.61,-0.0507812,0.983887,1.00342,-2.0752,2.92969,36.9263,1
2238.62,-0.0742188,0.841797,0.987305,-1.95312,3.90625,36.377,1
2238.63,-0.0644531,0.922363,0.885742,-0.12207,3.72314,37.1094,1
2238.64,-0.059082,0.96875,0.959473,-1.40381,4.39453,36.1938,1
2238.64,-0.0209961,0.875977,0.94043,-0.671387,4.27246,37.1704,1
2238.65,-0.0449219,0.978027,0.939453,-0.549316,5.06592,37.2314,1
2238.66,-0.115723,0.831055,0.871582,-0.976562,4.57764,36.9263,1
2238.67,-0.137695,0.819336,0.86084,0.610352,4.08936,37.4756,1
2238.68,-0.111816,0.981934,0.883301,0.305176,5.06592,37.2314,1
2238.69,-0.100586,0.855957,0.937012,-0.793457,5.43213,37.3535,1
2238.7,-0.0898438,0.915527,0.927734,-0.549316,4.94385,37.7808,1
2238.71,-0.126953,1.06641,0.900391,-2.19727,5.49316,37.6587,1
2238.72,-0.230469,0.773926,0.929688,-2.50244,5.31006,38.208,1
2238.73,-0.146973,0.862305,0.84375,-0.854492,4.45557,38.6353,1
2238.74,-0.115234,0.944336,0.918945,-2.19727,5.49316,38.6963,1
2238.75,-0.144531,0.748535,0.98877,-2.13623,4.88281,38.8794,1
2238.76,-0.129395,0.946289,0.866699,-0.854492,4.3335,39.4287,1
2238.77,-0.182129,0.933594,0.905273,-1.58691,5.37109,39.6729,1
2238.78,-0.21582,0.875488,0.958008,-1.0376,4.63867,40.1001,1
2238.79,-0.182129,0.975098,0.909668,-0.732422,4.63867,40.6494,1
2238.8,-0.17334,0.851562,0.959473,-0.976562,5.24902,40.7715,1
2238.81,-0.11377,0.82959,0.984375,0.915527,4.27246,41.626,1
2238.82,-0.0942383,1.03223,0.94873,0.671387,4.45557,41.0767,1
2238.83,-0.172852,0.998047,0.953613,0.427246,4.39453,41.5649,1
2238.84,-0.154297,0.85498,0.975586,0.366211,4.27246,41.5039,1
2238.85,-0.140625,0.987305,0.942383,1.34277,4.02832,42.4805,1
2238.86,-0.167969,0.921387,0.914062,0,4.5166,42.4194,1
2238.87,-0.11084,0.806641,0.921875,0.854492,3.54004,42.6025,1
2238.88,-0.0976562,0.996582,0.978516,2.0752,3.54004,43.396,1
2238.88,-0.105957,1.01123,0.94873,0.610352,3.78418,42.9077,1
2238.89,-0.106445,0.872559,0.933594,0.976562,2.56348,43.8232,1
2238.9,-0.0512695,1.00879,0.944336,0.976562,2.74658,43.7622,1
2238.91,-0.050293,0.990723,0.97168,-0.366211,2.50244,44.0063,1
2238.92,-0.0136719,0.911133,0.950684,-0.305176,1.83105,45.105,1
2238.93,0.0473633,0.978027,0.94043,-0.915527,0.976562,45.0439,1
2238.94,0.0166016,0.943359,0.965332,-1.09863,0.671387,45.5322,1
2238.95,0.0449219,1.00244,0.93457,-1.28174,0.244141,45.105,1
2238.96,-0.0214844,0.948242,0.95459,-1.58691,-0.12207,46.0205,1
2238.97,-0.0512695,0.928223,0.990234,-1.2207,-0.854492,46.0205,1
2238.98,0.0522461,1.06152,0.966309,-2.68555,-1.0376,45.5933,1
2238.99,0.0888672,0.992188,0.953613,-2.92969,-0.610352,46.0205,1
2239,0.0810547,0.972168,0.970703,-2.92969,-0.793457,46.0205,1
2239.01,0.0761719,0.987793,0.98584,-3.05176,-1.58691,45.4712,1
2239.02,0.0751953,0.955566,1.01465,-3.05176,-1.2207,45.166,1
2239.03,0.0449219,0.95752,0.961914,-2.19727,-0.610352,45.3491,1
2239.04,0.0830078,0.985352,0.928223,-3.2959,-1.0376,44.3115,1
2239.05,0.103027,0.914062,0.922852,-3.41797,-0.671387,44.7998,1
2239.06,0.13623,0.99707,0.834961,-3.479,-0.854492,44.6167,1
2239.07,0.132324,0.825684,0.943848,-3.78418,-0.488281,44.6167,1
2239.08,0.171875,0.907227,0.989258,-2.44141,-0.976562,44.4336,1
2239.09,0.171387,1.05664,0.929688,-3.54004,-0.244141,43.6401,1
2239.1,0.113281,0.791992,0.891113,-3.41797,-0.12207,43.396,1
2239.11,0.122559,0.956543,0.88623,-1.83105,-0.0610352,42.7246,1
2239.12,0.179688,1.06738,0.89209,-3.60107,0.305176,41.8701,1
2239.13,0.145996,0.746094,0.989746,-2.50244,0.915527,42.1753,1
2239.14,0.162109,1.01855,0.95459,-1.09863,0.915527,41.5649,1
2239.15,0.14209,0.95752,0.925781,-2.50244,2.01416,41.3208,1
2239.16,0.150879,0.792969,0.926758,-0.305176,1.83105,41.4429,1
2239.17,0.204102,1.02979,1.00928,-0.0610352,1.64795,40.1611,1
2239.18,0.134277,0.973633,1.0293,-0.427246,2.31934,39.7949,1
2239.18,0.114258,1.10107,0.97998,-0.0610352,2.38037,39.4897,1
2239.19,0.0805664,0.965332,0.935547,-1.58691,3.23486,39.0015,1
2239.2,0.0678711,0.878906,0.991699,0,2.86865,39.856,1
2239.21,0.126465,0.989258,1.00488,-0.549316,3.2959,39.1235,1
2239.22,0.227539,0.943359,0.994629,-1.2207,3.05176,39.4287,1
2239.23,0.141113,0.915039,1.01709,-1.09863,2.99072,39.0015,1
2239.24,0.161621,1.09912,0.935547,-1.89209,3.05176,38.0249,1
2239.25,0.0639648,0.944824,0.941895,-2.86865,3.72314,38.5742,1
2239.26,0.0986328,0.951172,0.948242,-2.19727,3.78418,38.269,1
2239.27,0.122559,0.953613,0.951172,-2.74658,3.479,38.3911,1
2239.28,0.166016,0.891602,1.00781,-2.19727,3.90625,38.6963,1
2239.29,0.143555,0.935059,0.957031,-1.77002,3.35693,39.1235,1
2239.3,0.126953,0.993164,0.917969,-2.99072,2.99072,38.147,1
2239.31,0.144531,0.908691,0.876465,-3.72314,2.86865,38.147,1
2239.32,0.133789,0.915527,0.964355,-2.74658,3.35693,38.6963,1
2239.33,0.124023,0.939941,0.963379,-3.96729,2.80762,38.208,1
2239.34,0.13916,0.810547,0.908691,-3.54004,2.38037,39.4287,1
2239.35,0.145996,0.874023,0.892578,-3.96729,2.19727,39.0015,1
2239.36,0.169922,0.89209,0.85498,-4.39453,1.83105,39.3066,1
2239.37,0.165039,0.939941,0.875488,-4.08936,2.19727,39.4897,1
2239.38,0.138184,0.830566,0.899902,-4.21143,1.34277,39.1846,1
2239.39,0.0922852,0.972656,0.958984,-3.05176,1.46484,39.3066,1
2239.4,0.0595703,0.952637,0.924316,-5.12695,1.89209,38.3911,1
2239.41,0.0859375,0.760742,0.855957,-3.2959,1.89209,39.7339,1
2239.42,0.124512,1.0166,0.882812,-2.99072,1.64795,38.9404,1
2239.43,0.152344,0.88623,0.943848,-3.2959,1.58691,38.5742,1
2239.44,0.0981445,0.879883,0.975586,-0.793457,1.89209,38.5742,1
2239.45,0.0771484,1.10352,0.960449,-1.40381,2.0752,38.0249,1
2239.46,0.0395508,0.803223,0.888672,-2.38037,2.01416,38.0249,1
2239.47,0.100586,0.876953,0.887207,0,1.34277,38.5132,1
2239.48,0.108398,1.00439,0.933594,-0.671387,2.01416,37.9028,1
2239.49,0.129395,0.855469,0.996582,-0.488281,1.52588,37.4756,1
2239.5,0.12207,0.987793,0.925781,1.46484,2.31934,37.7808,1
2239.51,0.0800781,0.948242,0.878906,0.549316,2.56348,36.8042,1
2239.52,0.0527344,0.881836,0.914062,1.40381,1.89209,37.0483,1
2239.53,0.0957031,1.03076,0.932617,1.58691,2.50244,36.5601,1
2239.54,0.10791,0.909668,0.977051,1.0376,2.86865,36.8652,1
2239.54,0.121582,0.862793,1.01465,1.52588,2.31934,36.6211,1
2239.55,0.151367,0.976074,0.95166,1.46484,2.92969,36.377,1
2239.56,0.0991211,0.896973,0.919922,0.305176,2.86865,35.8887,1
2239.57,0.090332,0.96582,0.947266,0.671387,2.44141,36.0718,1
2239.58,0.078125,1.04248,0.976562,-1.15967,3.05176,35.2783,1
2239.59,0.110352,0.837891,0.993164,-1.46484,3.17383,35.7666,1
2239.6,0.148926,0.890625,0.966309,-0.488281,2.80762,35.8887,1
2239.61,0.151855,1.05078,0.899902,-2.19727,2.74658,35.2783,1
2239.62,0.0957031,0.801758,0.950195,-2.74658,3.05176,35.6445,1
2239.63,0.112793,0.959961,0.973145,-1.89209,2.38037,35.5835,1
2239.64,0.150879,1.00244,0.967773,-3.41797,2.56348,35.1562,1
2239.65,0.119141,0.812988,0.983398,-3.23486,2.38037,35.2783,1
2239.66,0.145996,0.958008,0.943359,-3.05176,1.83105,35.0342,1
2239.67,0.148926,0.927734,0.924805,-4.5166,2.44141,34.9121,1
2239.68,0.138184,0.776855,0.936035,-3.90625,2.13623,35.3394,1
2239.69,0.169922,1.00391,0.929199,-3.54004,1.46484,35.4004,1
2239.7,0.176758,0.836426,0.991699,-5.12695,1.95312,35.0342,1
2239.71,0.180664,0.777832,0.973145,-2.80762,1.09863,35.3394,1
2239.72,0.193359,0.999512,0.990234,-3.60107,1.70898,34.1187,1
2239.73,0.154785,0.829102,0.897461,-4.45557,1.46484,34.4238,1
2239.74,0.177734,0.790039,0.933105,-3.23486,1.09863,34.4849,1
2239.75,0.185059,0.910645,0.989746,-3.2959,0.732422,33.9966,1
2239.76,0.207031,0.821289,1.03613,-3.2959,1.0376,33.4473,1
2239.77,0.205078,0.808105,0.973145,-2.19727,0.976562,32.959,1
2239.78,0.168457,0.875977,0.905273,-2.92969,1.2207,32.2876,1
2239.79,0.145996,0.769531,0.958496,-4.45557,0.671387,31.5552,1
2239.8,0.214844,0.71582,1,-4.27246,0.427246,31.8604,1
2239.81,0.271973,0.824219,1.01172,-5.00488,0.549316,30.7007,1
2239.82,0.268555,0.651855,1.01025,-6.28662,0.610352,29.48,1
2239.83,0.224609,0.697754,0.943359,-5.37109,-0.12207,28.7476,1
2239.84,0.203125,0.813965,0.984863,-7.32422,0.183105,27.0386,1
2239.84,0.231934,0.553223,0.946777,-8.72803,0.305176,25.8789,1
2239.85,0.255859,0.674316,0.982422,-7.69043,0.12207,25.0854,1
2239.86,0.210938,0.634277,0.998535,-10.6812,0.549316,22.8882,1
2239.87,0.180664,0.38916,0.978027,-10.1318,-0.0610352,21.8506,1
2239.88,0.188965,0.569336,0.952148,-9.8877,0.549316,19.8975,1
2239.89,0.163086,0.452148,0.939941,-12.146,0.732422,17.2729,1
2239.9,0.078125,0.359375,0.90332,-11.2915,0.305176,16.1133,1
2239.91,0.0180664,0.459473,0.892578,-12.5122,0.427246,13.3667,1
2239.92,-0.0317383,0.276367,0.928223,-12.8174,0.671387,11.7188,1
2239.93,-0.043457,0.275879,0.905762,-12.207,1.09863,10.1929,1
2239.94,-0.0463867,0.249023,0.868652,-13.6108,1.34277,7.75146,1
2239.95,-0.0244141,0.0834961,0.843262,-13.5498,1.2207,6.22559,1
2239.96,-0.0161133,0.0888672,0.876953,-13.1226,1.46484,4.5166,1
2239.97,-0.0322266,0.0458984,0.911133,-13.855,2.01416,2.0752,1
2239.98,-0.0888672,0.0302734,0.877441,-14.0381,1.95312,0.488281,1
2239.99,-0.188965,-0.0498047,0.878418,-15.3198,2.31934,-1.40381,1
2240,-0.216309,-0.133301,0.870117,-15.8081,2.62451,-2.99072,1
2240.01,-0.160156,-0.178711,0.898438,-16.2354,2.92969,-4.69971,1
2240.02,-0.106445,-0.231934,0.912109,-16.2354,3.05176,-6.28662,1
2240.03,-0.146973,-0.244141,0.924316,-16.2354,2.68555,-7.93457,1
2240.04,-0.160156,-0.293945,0.951172,-17.1509,2.99072,-9.58252,1
2240.05,-0.17627,-0.387695,0.938965,-17.395,2.92969,-10.9253,1
2240.06,-0.151855,-0.468262,0.932129,-17.4561,2.74658,-12.3901,1
2240.07,-0.115723,-0.482422,0.986816,-17.7612,2.13623,-14.1602,1
2240.08,-0.0795898,-0.483398,1.02832,-18.1885,2.0752,-15.8691,1
2240.09,-0.0732422,-0.50293,1.01514,-18.1885,2.0752,-17.1509,1
2240.1,-0.103027,-0.569824,0.960938,-17.8223,1.70898,-18.4937,1
2240.11,-0.12793,-0.634277,0.97998,-16.2964,1.46484,-19.7754,1
2240.12,-0.102051,-0.594238,1.04883,-14.9536,1.09863,-20.9961,1
2240.13,-0.0908203,-0.698242,1.11377,-14.0991,1.2207,-22.0947,1
2240.13,-0.0834961,-0.708008,1.1709,-12.146,0.671387,-22.7051,1
2240.14,-0.0512695,-0.685547,1.18018,-11.4746,0.671387,-24.292,1
2240.15,-0.0600586,-0.761719,1.20264,-10.2539,1.40381,-24.8413,1
2240.16,-0.0620117,-0.790039,1.14209,-8.91113,1.28174,-25.3296,1
2240.17,-0.0756836,-0.804688,1.11914,-7.44629,1.09863,-25.6348,1
2240.18,0.0229492,-0.70166,1.16504,-6.10352,0.732422,-26.1841,1
2240.19,-0.00292969,-0.73877,1.18555,-6.10352,1.83105,-26.7334,1
2240.2,-0.0419922,-0.900391,1.2085,-4.63867,1.46484,-26.6724,1
2240.21,-0.0913086,-0.79541,1.14697,-2.2583,1.58691,-26.2451,1
2240.22,-0.0864258,-0.752441,1.14697,-1.64795,2.13623,-27.4658,1
2240.23,-0.0927734,-0.783691,1.16504,-0.305176,1.89209,-27.3438,1
2240.24,0.00244141,-0.785645,1.12939,0.915527,1.34277,-27.2217,1
2240.25,-0.0214844,-0.817383,1.07178,2.2583,1.15967,-26.6113,1
2240.26,-0.0478516,-0.811035,1.06445,2.74658,0.854492,-27.0386,1
2240.27,-0.11084,-0.793457,1.03223,3.23486,1.2207,-27.0386,1
2240.28,-0.124023,-0.75293,1.01953,3.66211,1.83105,-26.9775,1
2240.29,-0.12793,-0.730469,1.03906,3.11279,1.52588,-27.2827,1
2240.3,-0.115234,-0.842773,0.986328,2.74658,1.34277,-27.3438,1
2240.31,-0.0678711,-0.719238,0.924316,3.84521,1.09863,-26.7334,1
2240.32,-0.0883789,-0.657715,0.841797,2.68555,1.40381,-27.9541,1
2240.33,-0.114258,-0.708984,0.86084,3.23486,0.793457,-27.6489,1
2240.34,-0.164551,-0.569336,0.885254,2.56348,0.732422,-28.1372,1
2240.35,-0.163086,-0.682617,0.870117,1.2207,0.366211,-28.9307,1
2240.36,-0.132324,-0.707031,0.822266,2.19727,-0.183105,-28.3203,1
2240.37,-0.118164,-0.621582,0.831543,1.40381,-0.12207,-29.2358,1
2240.38,-0.121582,-0.677734,0.842285,0,-0.427246,-29.9072,1
2240.39,-0.132324,-0.73291,0.856934,-0.488281,-0.671387,-30.0903,1
2240.4,-0.123047,-0.619141,0.847656,-0.793457,-0.305176,-29.7852,1
2240.41,-0.119629,-0.65332,0.907715,-2.86865,-0.12207,-30.9448,1
2240.42,-0.0854492,-0.839355,0.922363,-2.19727,-0.12207,-30.4565,1
2240.43,-0.10791,-0.69043,0.94873,-1.64795,0.183105,-30.3955,1
2240.43,-0.128418,-0.703613,0.977539,-3.96729,0.488281,-31.4331,1
2240.44,-0.10791,-0.835938,0.992676,-3.60107,0.915527,-30.5786,1
2240.45,-0.132812,-0.683594,1.02295,-3.54004,1.58691,-30.6396,1
2240.46,-0.100586,-0.754395,1.00098,-5.00488,2.31934,-31.6772,1
2240.47,-0.10498,-0.932129,1.01953,-3.78418,2.74658,-30.9448,1
2240.48,-0.0966797,-0.74707,1.02148,-2.50244,2.50244,-30.2734,1
2240.49,-0.106934,-0.76416,1.03516,-3.78418,3.17383,-31.4331,1
2240.5,-0.120605,-0.907715,1.03906,-2.19727,3.17383,-30.6396,1
2240.51,-0.145996,-0.807129,0.975586,-1.52588,4.02832,-30.7617,1
2240.52,-0.145508,-0.854492,1.02441,-2.19727,4.15039,-31.4331,1
2240.53,-0.0820312,-0.894531,1.01074,-1.28174,3.78418,-31.4331,1
2240.54,-0.0810547,-0.742676,0.967285,-0.427246,4.08936,-31.3721,1
2240.55,-0.114746,-0.781738,0.949707,-1.34277,3.41797,-32.2876,1
2240.56,-0.126465,-0.870605,0.916504,-0.0610352,3.23486,-32.2266,1
2240.57,-0.172363,-0.770996,0.923828,0.915527,3.2959,-32.2266,1
2240.58,-0.160645,-0.847656,1.00391,-0.0610352,3.11279,-33.5693,1
2240.59,-0.120605,-0.859375,1.04541,0.854492,2.01416,-33.1421,1
2240.6,-0.132812,-0.82959,1.00391,1.2207,1.89209,-33.6914,1
2240.61,-0.131836,-0.859375,0.953613,1.83105,1.40381,-34.2407,1
2240.62,-0.165527,-0.845215,1.01807,1.95312,1.58691,-34.729,1
2240.63,-0.146973,-0.847656,1.02051,2.38037,0.976562,-34.79,1
2240.64,-0.166992,-0.893066,0.98877,2.31934,0.427246,-35.2173,1
2240.65,-0.128906,-0.828613,0.959473,3.35693,0.183105,-34.729,1
2240.66,-0.111328,-0.780273,0.95752,2.44141,0.488281,-35.4614,1
2240.67,-0.105469,-0.893066,0.961426,2.44141,-0.244141,-35.6445,1
2240.68,-0.0952148,-0.862305,0.927734,4.39453,0,-34.3628,1
2240.69,-0.132812,-0.873535,0.966797,4.27246,0,-35.2783,1
2240.7,-0.109863,-0.762207,0.900391,5.79834,-0.488281,-34.8511,1
2240.7,-0.0751953,-0.637695,0.787109,4.02832,-0.0610352,-35.5835,1
2240.71,-0.0644531,-0.816406,0.824707,2.80762,-0.427246,-35.1562,1
2240.72,-0.0566406,-0.72998,0.851074,3.23486,-0.976562,-34.4849,1
2240.73,-0.0292969,-0.747559,0.881836,1.64795,-0.183105,-35.2173,1
2240.74,-0.00195312,-0.82959,0.816406,2.13623,-0.12207,-34.3628,1
2240.75,0.0107422,-0.741211,0.850586,1.28174,-0.305176,-34.3018,1
2240.76,-0.00634766,-0.756836,0.899414,-0.183105,-0.366211,-34.4238,1
2240.77,0.043457,-0.73877,0.894531,-1.09863,-0.183105,-34.0576,1
2240.78,0.0888672,-0.865723,0.962891,-2.38037,0.244141,-33.8745,1
2240.79,0.17627,-0.807617,1.00781,-2.44141,-0.244141,-33.0811,1
2240.8,0.160645,-0.838379,1.021,-4.02832,0.305176,-33.5083,1
2240.81,0.0878906,-0.931641,1.09521,-3.72314,0.793457,-32.6538,1
2240.82,0.0585938,-0.799805,1.10938,-3.90625,1.09863,-32.1655,1
2240.83,0.0927734,-0.905273,1.12793,-4.39453,1.58691,-32.2266,1
2240.84,0.193848,-0.849121,1.09912,-2.19727,1.2207,-31.0669,1
2240.85,0.212402,-0.813965,1.00879,-1.95312,2.2583,-31.4941,1
2240.86,0.183594,-0.944824,1.00635,0,2.0752,-30.8838,1
2240.87,0.120117,-0.952148,1.05029,1.95312,2.50244,-30.7617,1
2240.88,0.0209961,-0.837402,1.09229,3.78418,2.86865,-30.1514,1
2240.89,0.0136719,-0.855957,1.0459,4.21143,3.11279,-30.7007,1
2240.9,0.0424805,-0.854004,0.922852,7.87354,3.2959,-30.1514,1
2240.91,0.202148,-0.709473,0.827637,8.72803,2.44141,-30.8838,1
2240.92,0.214355,-0.866211,0.860352,8.48389,2.2583,-30.8838,1
2240.93,0.0698242,-0.787109,0.926758,8.72803,1.34277,-30.3345,1
2240.94,-0.0371094,-0.816406,0.991699,7.44629,1.83105,-30.7007,1
2240.95,-0.0234375,-0.761719,0.913086,8.66699,1.70898,-30.0903,1
2240.96,0.105957,-0.644043,0.848145,6.89697,1.34277,-31.4331,1
2240.97,0.228516,-0.884277,0.875977,5.06592,0.366211,-31.5552,1
2240.98,0.197754,-0.729492,0.920898,6.04248,0.12207,-30.7617,1
2240.99,0.153809,-0.576172,0.884766,2.13623,0.366211,-31.7383,1
2240.99,0.125,-0.84668,0.871094,0.549316,-0.183105,-31.6772,1
2241,0.174805,-0.775879,0.91748,1.58691,-0.183105,-31.311,1
2241.01,0.174805,-0.537598,1.01514,-0.427246,-0.366211,-31.8604,1
2241.02,0.189453,-0.752441,0.979492,-3.78418,-0.305176,-32.0435,1
2241.03,0.179199,-0.899902,0.935547,-2.01416,-0.244141,-30.5176,1
2241.04,0.166016,-0.699219,0.943848,-2.13623,-0.183105,-31.0669,1
2241.05,0.190918,-0.775391,0.995117,-2.92969,0,-31.9214,1
2241.06,0.19873,-0.761719,1.06006,-0.915527,0.12207,-30.5176,1
2241.07,0.208496,-0.63916,1.01562,-1.0376,0.488281,-30.5786,1
2241.08,0.21582,-0.725586,0.92334,-1.34277,0.427246,-30.4565,1
2241.09,0.206543,-0.807617,1.02148,0.183105,0.671387,-29.8462,1
2241.1,0.169922,-0.853027,1.07764,1.83105,0.793457,-29.2969,1
2241.11,0.182617,-0.746582,1.0376,3.54004,0.915527,-28.6865,1
2241.12,0.218262,-0.666016,0.961426,2.62451,1.64795,-29.1138,1
2241.13,0.230957,-0.759277,0.982422,2.92969,1.28174,-28.5645,1
2241.14,0.214355,-0.799805,1.03125,3.90625,0.976562,-27.771,1
2241.15,0.17334,-0.746094,1.06348,4.57764,0.976562,-27.5269,1
2241.16,0.182129,-0.788574,1.00977,4.82178,1.40381,-27.2827,1
2241.17,0.25293,-0.662598,1.00488,5.61523,0.915527,-26.6113,1
2241.18,0.29248,-0.54834,1.00488,3.90625,0.671387,-26.7944,1
2241.19,0.283691,-0.719238,0.942871,3.90625,0.427246,-26.001,1
2241.2,0.234863,-0.66748,0.921875,5.61523,0,-25.5127,1
2241.21,0.241211,-0.638672,0.904297,5.79834,0.183105,-25.6348,1
2241.22,0.273438,-0.705566,0.949707,6.16455,-0.427246,-25.2075,1
2241.23,0.274414,-0.568359,0.98291,6.16455,-0.488281,-24.4751,1
2241.24,0.262207,-0.504883,0.978027,4.57764,-0.427246,-24.353,1
2241.25,0.303223,-0.580566,0.891113,4.82178,-0.671387,-23.7427,1
2241.26,0.366211,-0.560547,0.897461,5.85938,-1.09863,-23.1323,1
2241.27,0.405762,-0.491699,0.916016,5.92041,-1.40381,-22.3999,1
2241.28,0.348145,-0.5625,0.864746,5.06592,-1.34277,-21.7285,1
2241.29,0.306152,-0.515625,0.833496,5.49316,-1.46484,-20.6909,1
2241.3,0.296387,-0.398438,0.849121,4.63867,-0.915527,-20.4468,1
2241.31,0.380371,-0.41748,0.902344,3.72314,-0.915527,-20.0195,1
2241.32,0.422852,-0.529297,0.882324,4.39453,-0.488281,-18.6768,1
2241.33,0.42041,-0.414062,0.861328,5.12695,-0.427246,-17.9443,1
2241.33,0.359375,-0.384766,0.896973,3.66211,-0.183105,-17.7002,1
2241.34,0.377441,-0.536133,1.10645,4.88281,-0.12207,-16.8457,1
2241.35,0.436523,-0.399902,1.04639,7.20215,0.305176,-15.2588,1
2241.36,0.425781,-0.42041,0.942871,6.22559,0.0610352,-14.9536,1
2241.37,0.38916,-0.610352,1.02197,6.83594,-0.0610352,-13.6719,1
2241.38,0.37207,-0.399414,1.0791,8.42285,0.549316,-12.5122,1
2241.39,0.416016,-0.368164,1.12158,6.71387,0.610352,-13.0005,1
2241.4,0.486328,-0.569336,1.0752,8.97217,0.244141,-11.4746,1
2241.41,0.49707,-0.288574,1.04883,11.1084,0.12207,-10.8032,1
2241.42,0.494141,-0.276367,0.966309,8.8501,0.244141,-10.437,1
2241.43,0.40625,-0.498047,0.970703,9.21631,0.610352,-9.15527,1
2241.44,0.423828,-0.309082,1.03369,9.46045,0.732422,-8.72803,1
2241.45,0.421875,-0.150391,1.07666,7.99561,0.488281,-8.54492,1
2241.46,0.457031,-0.286133,1.06201,7.01904,0.0610352,-8.30078,1
2241.47,0.489746,-0.329102,0.938965,8.23975,-0.427246,-6.95801,1
2241.48,0.51709,-0.0810547,0.86377,8.05664,-0.488281,-6.46973,1
2241.49,0.481934,-0.10791,0.890625,5.18799,-0.305176,-6.7749,1
2241.5,0.431641,-0.227539,0.925293,5.61523,-0.488281,-5.79834,1
2241.51,0.389648,-0.0517578,0.906738,5.61523,-0.610352,-5.5542,1
2241.52,0.44043,-0.0185547,0.883789,4.21143,-1.09863,-5.49316,1
2241.53,0.501465,-0.0727539,0.972656,4.5166,-1.52588,-4.63867,1
2241.54,0.491699,-0.0322266,1.03369,5.43213,-1.2207,-4.08936,1
2241.55,0.473633,-0.0195312,0.900391,6.53076,-1.52588,-3.35693,1
2241.56,0.461914,0.0419922,0.888184,7.32422,-1.40381,-3.05176,1
2241.57,0.472168,-0.0268555,0.986816,8.11768,-1.58691,-2.38037,1
2241.58,0.51123,-0.0498047,1.01221,9.64355,-2.0752,-1.34277,1
2241.59,0.499023,0.0205078,0.998047,10.6201,-1.83105,-0.671387,1
2241.6,0.497559,-0.00244141,0.982422,11.4746,-1.64795,-0.0610352,1
2241.61,0.515137,0.0795898,0.94043,12.4512,-0.976562,1.0376,1
2241.62,0.533691,0.0634766,0.930664,12.3291,-0.549316,1.83105,1
2241.63,0.55957,0.0864258,0.991699,12.6953,-0.854492,3.23486,1
2241.64,0.473145,0.190918,1.08398,12.8174,-0.732422,4.45557,1
2241.65,0.421387,0.207031,1.0708,11.9019,-0.549316,5.12695,1
2241.66,0.410156,0.15332,0.999512,11.7188,-0.305176,6.22559,1
2241.67,0.458008,0.255371,0.970703,10.8643,0.0610352,7.14111,1
2241.67,0.520508,0.279785,0.928711,8.91113,0.305176,7.8125,1
2241.68,0.486816,0.333496,0.961914,7.38525,0.488281,8.60596,1
2241.69,0.439453,0.371582,0.998535,5.43213,0.12207,9.09424,1
2241.7,0.410645,0.362305,1.05664,5.37109,0.244141,10.1318,1
2241.71,0.463379,0.394043,0.951172,5.49316,0.0610352,10.9253,1
2241.72,0.475586,0.406738,0.950684,6.16455,0.427246,11.6577,1
2241.73,0.420898,0.429199,1.0332,6.40869,1.09863,12.0239,1
2241.74,0.411133,0.383301,0.955078,6.53076,0.732422,12.5122,1
2241.75,0.433594,0.38916,0.932129,7.01904,0.610352,13.3057,1
2241.76,0.458008,0.429199,0.987305,6.34766,0.244141,13.6108,1
2241.77,0.449707,0.394043,1.00781,5.85938,0,13.916,1
2241.78,0.40918,0.424316,0.961426,6.28662,-0.12207,14.5874,1
2241.79,0.40332,0.480957,0.961914,6.10352,-0.244141,14.8315,1
2241.8,0.478027,0.458496,0.976074,5.18799,-0.488281,15.0146,1
2241.81,0.540039,0.42041,1.03906,5.43213,-0.305176,15.3809,1
2241.82,0.484375,0.472656,1.05469,5.61523,-0.12207,15.564,1
2241.83,0.452637,0.455566,1.01758,5.37109,0.244141,15.4419,1
2241.84,0.433105,0.436523,0.995605,5.00488,0.366211,15.625,1
2241.85,0.49707,0.479492,1.02148,4.21143,0,15.686,1
2241.86,0.534668,0.441406,1.02441,3.479,0.12207,15.5029,1
2241.87,0.514648,0.428711,1.02637,4.02832,0.488281,15.9302,1
2241.88,0.4375,0.474609,0.995605,3.66211,0.610352,15.9912,1
2241.89,0.47998,0.50293,1.02734,3.11279,0.732422,15.8081,1
2241.9,0.484863,0.513184,1.07812,2.99072,1.15967,15.9302,1
2241.91,0.461914,0.5,1.08301,3.41797,1.09863,16.0522,1
2241.92,0.496582,0.484375,1.00781,3.35693,0.976562,16.1133,1
2241.93,0.510742,0.407715,0.897949,3.17383,0.732422,16.3574,1
2241.94,0.523438,0.513672,1.00342,2.80762,0.915527,15.8691,1
2241.95,0.424805,0.508301,1.09277,2.19727,1.09863,15.686,1
2241.96,0.40332,0.542969,1.05762,3.479,0.976562,16.1743,1
2241.96,0.418945,0.516113,0.992188,2.31934,0.854492,15.9302,1
2241.97,0.524902,0.324219,0.908691,3.11279,0.427246,16.5405,1
2241.98,0.54541,0.555664,0.896973,4.21143,0.732422,16.4185,1
2241.99,0.469727,0.519531,0.904297,2.38037,0.732422,16.0522,1
2242,0.41748,0.388184,0.946777,2.68555,0.244141,16.3574,1
2242.01,0.438965,0.486816,1.01074,2.2583,0.244141,16.2964,1
2242.02,0.489258,0.463867,1.0083,2.0752,0.427246,16.6016,1
2242.03,0.488281,0.495605,0.928223,2.01416,0.732422,16.3574,1
2242.04,0.503418,0.494629,0.834961,1.70898,0.610352,16.0522,1
2242.05,0.47998,0.40625,0.884766,1.2207,1.2207,16.0522,1
2242.06,0.522461,0.469727,0.977539,2.01416,0.854492,15.9302,1
2242.07,0.486816,0.575195,1,1.52588,1.64795,15.564,1
2242.08,0.45752,0.472168,0.992676,1.09863,1.89209,15.4419,1
2242.09,0.443848,0.516602,0.90332,0.976562,2.13623,15.686,1
2242.1,0.556152,0.546387,0.920898,-0.366211,2.31934,15.4419,1
2242.11,0.632324,0.443848,1.03906,-0.366211,2.68555,15.2588,1
2242.12,0.52832,0.507812,1.06201,0.488281,3.41797,14.9536,1
2242.13,0.467285,0.59082,0.98291,0.427246,4.02832,14.8315,1
2242.14,0.443848,0.429199,0.909668,0.305176,4.3335,15.0146,1
2242.15,0.566406,0.515137,0.95752,1.70898,4.27246,15.4419,1
2242.16,0.551758,0.596191,0.952637,0.610352,4.94385,15.4419,1
2242.17,0.48291,0.498047,0.930176,0.305176,4.69971,15.625,1
2242.18,0.419922,0.472168,0.896484,0.0610352,5.00488,15.8081,1
2242.19,0.456055,0.496582,0.92334,0.671387,4.39453,16.3574,1
2242.2,0.4375,0.597168,0.932129,0.854492,4.57764,16.6626,1
2242.21,0.391602,0.508301,0.827637,0.488281,4.02832,17.334,1
2242.21,0.400879,0.526855,0.793945,0.976562,3.41797,18.1274,1
2242.22,0.378418,0.533203,0.847168,0.366211,3.05176,18.4937,1
2242.23,0.355957,0.498535,0.928711,0.427246,2.19727,19.043,1
2242.24,0.290039,0.534668,0.84375,0.488281,2.13623,19.4092,1
2242.25,0.339355,0.604004,0.822754,0.488281,1.77002,19.9585,1
2242.26,0.397949,0.59668,0.880371,-0.244141,1.52588,20.0806,1
2242.27,0.400879,0.452637,0.950684,1.09863,0.915527,20.813,1
2242.28,0.36377,0.640625,0.931152,2.68555,0.732422,20.874,1
2242.29,0.381348,0.689941,0.931641,2.2583,0.915527,20.5688,1
2242.3,0.432617,0.48584,0.910645,3.05176,0.793457,20.6909,1
2242.31,0.522461,0.645508,0.989746,4.82178,0.244141,20.752,1
2242.32,0.509277,0.79541,1.05859,3.54004,0.366211,20.5688,1
2242.33,0.491211,0.472168,1.01074,3.23486,0.244141,21.0571,1
2242.34,0.52002,0.599609,0.972168,5.31006,-0.0610352,21.4844,1
2242.35,0.548828,0.765137,1.06836,3.66211,0.0610352,21.0571,1
2242.36,0.513184,0.572754,1.13818,3.17383,0.0610352,21.4844,1
2242.37,0.513672,0.649414,1.10449,3.35693,-0.0610352,21.4844,1
2242.38,0.51123,0.734375,0.979004,1.77002,0.610352,21.1792,1
2242.39,0.48877,0.611328,1.00244,1.70898,0.976562,21.4844,1
2242.4,0.49707,0.793945,1.06152,2.01416,1.46484,21.4844,1
2242.41,0.515625,0.710938,1.06006,1.15967,1.70898,21.6675,1
2242.42,0.494141,0.560547,1.00488,2.80762,2.01416,21.7285,1
2242.43,0.408691,0.750977,0.962891,3.41797,2.01416,21.3013,1
2242.44,0.366699,0.743652,0.932617,2.56348,2.50244,21.3013,1
2242.45,0.364746,0.510742,0.939941,3.05176,2.44141,21.3623,1
2242.46,0.409668,0.809082,0.919434,4.27246,2.50244,21.4844,1
2242.47,0.42627,0.777344,0.980469,1.58691,2.80762,21.3013,1
2242.48,0.338379,0.537598,0.960449,2.92969,2.13623,22.1558,1
2242.49,0.335938,0.790527,0.879395,3.2959,1.89209,22.1558,1
2242.5,0.361328,0.788086,0.851074,1.64795,2.0752,22.2778,1
2242.51,0.337891,0.588867,0.945312,1.77002,1.77002,22.7661,1
2242.52,0.303223,0.835449,0.970215,2.31934,1.2207,23.1323,1
2242.53,0.274902,0.718262,0.90332,0.0610352,1.58691,23.3154,1
2242.54,0.276367,0.642578,0.917969,1.34277,1.28174,23.7427,1
2242.55,0.368652,0.80127,0.922852,1.52588,1.70898,23.4375,1
2242.56,0.475586,0.672852,0.995605,1.28174,1.89209,23.0713,1
2242.57,0.459473,0.709473,0.990723,3.2959,1.89209,23.4985,1
2242.57,0.389648,0.913086,0.961426,2.86865,1.70898,22.8882,1
2242.58,0.402344,0.813477,0.925293,1.83105,1.2207,23.3154,1
2242.59,0.424805,0.637207,1.01953,3.54004,1.2207,24.1089,1
2242.6,0.45166,0.793457,1.09961,3.90625,1.09863,24.353,1
2242.61,0.429199,0.864258,1.02539,2.0752,0.671387,24.5361,1
2242.62,0.391113,0.578613,0.99707,1.46484,0.488281,24.9023,1
2242.63,0.374512,0.755371,0.983887,3.41797,0.244141,25.0854,1
2242.64,0.437012,0.96582,1.03906,1.40381,0.366211,24.8413,1
2242.65,0.419434,0.67334,1.05078,0.366211,0.12207,25.0854,1
2242.66,0.397461,0.79248,0.922363,1.89209,0,25.5127,1
2242.67,0.404785,0.916504,1.00244,0.427246,0.915527,25.0854,1
2242.68,0.414062,0.739746,1.04443,0.732422,0.976562,24.9023,1
2242.69,0.395508,0.734375,0.987305,2.56348,1.28174,25.1465,1
2242.7,0.319824,0.861328,0.924805,2.56348,1.58691,24.5972,1
2242.71,0.336914,0.820312,0.961426,0.732422,1.70898,24.0479,1
2242.72,0.425293,0.773926,0.975098,0.793457,1.89209,25.0854,1
2242.73,0.412598,0.698242,1.08496,0.915527,1.46484,25.0854,1
2242.74,0.384277,0.89209,1.03027,1.52588,0.732422,24.5972,1
2242.75,0.334961,0.780762,1.00342,0.0610352,1.34277,24.292,1
2242.76,0.376465,0.839844,0.980957,1.0376,0.976562,24.4141,1
2242.77,0.375,0.784668,0.975098,-0.549316,0.976562,24.6582,1
2242.78,0.454102,0.814941,0.95166,-0.183105,0.610352,24.8413,1
2242.79,0.398438,0.970215,0.969727,-1.40381,1.34277,24.7192,1
2242.8,0.355469,0.652832,0.952637,-2.31934,1.46484,24.7192,1
2242.81,0.356934,0.684082,0.953613,-0.0610352,1.34277,24.9023,1
2242.82,0.448242,0.993164,0.948242,-0.244141,1.52588,24.231,1
2242.83,0.444824,0.684082,0.955078,-1.77002,1.95312,23.8647,1
2242.84,0.334961,0.82373,0.90625,0.366211,1.70898,24.5972,1
2242.85,0.344727,0.963867,0.987793,-1.70898,1.89209,23.9868,1
2242.86,0.371094,0.68457,1.0332,-1.0376,1.70898,24.4141,1
2242.87,0.449707,0.827148,1.01221,0.854492,1.83105,24.1699,1
2242.88,0.411621,0.899414,0.95166,-0.915527,1.70898,23.4985,1
2242.89,0.393555,0.713379,1,-0.0610352,1.52588,24.1089,1
2242.9,0.358398,0.873047,0.94873,0.305176,1.46484,24.231,1
2242.91,0.384766,0.718262,0.900391,-1.77002,1.64795,23.9868,1
2242.92,0.433594,0.777832,0.92334,-0.793457,1.64795,24.1699,1
2242.92,0.444824,0.854004,0.939453,-2.74658,1.83105,23.4985,1
2242.93,0.416992,0.685059,0.861328,-2.2583,1.40381,24.0479,1
2242.94,0.322266,0.758301,0.876465,-1.64795,2.19727,23.6816,1
2242.95,0.385742,0.935059,0.902832,-2.74658,2.13623,23.3765,1
2242.96,0.404297,0.708008,0.886719,-3.41797,2.38037,23.9258,1
2242.97,0.461914,0.847168,0.891602,-1.77002,2.13623,23.6206,1
2242.98,0.43457,0.878418,0.995117,-2.86865,2.0752,23.2544,1
2242.99,0.412598,0.587402,0.989258,-1.09863,2.68555,23.1323,1
2243,0.335449,0.835449,0.955078,0.305176,1.83105,22.7661,1
2243.01,0.30957,0.882812,1.01367,-0.244141,1.89209,22.583,1
2243.02,0.377441,0.723145,0.943359,0,1.83105,22.522,1
2243.03,0.368652,0.870605,0.911621,0.488281,2.31934,23.1934,1
2243.04,0.493164,0.896973,0.956055,-0.854492,2.13623,23.2544,1
2243.05,0.430176,0.739258,0.96875,-0.0610352,1.0376,23.6206,1
2243.06,0.328613,0.799316,0.931152,1.15967,0.732422,23.4375,1
2243.07,0.330078,0.875977,0.956055,0.244141,1.09863,23.1323,1
2243.08,0.266602,0.743652,0.919922,0.244141,1.09863,23.8647,1
2243.09,0.33252,0.822266,0.865723,0.427246,1.09863,23.9868,1
2243.1,0.378418,0.904297,0.881836,-0.915527,0.488281,23.6206,1
2243.11,0.447754,0.800781,1.00537,0.0610352,0.671387,24.1089,1
2243.12,0.405273,0.817383,1.03467,1.40381,0.610352,22.9492,1
2243.13,0.367188,0.95459,0.921387,2.86865,0.0610352,22.583,1
2243.14,0.283691,0.992676,1.01465,2.80762,0.732422,22.2168,1
2243.15,0.242676,0.745605,1.09961,2.44141,0.305176,22.583,1
2243.16,0.32959,0.739746,1.00928,3.96729,0.488281,23.5596,1
2243.17,0.364746,0.987305,0.949219,2.92969,0.366211,22.9492,1
2243.18,0.364746,0.796387,0.968262,1.58691,0.183105,21.9727,1
2243.19,0.334473,0.918945,1.0083,3.66211,0,21.3623,1
2243.2,0.301758,1.0625,1.0459,2.13623,0.427246,20.752,1
2243.21,0.330566,0.862793,0.956543,1.58691,0.488281,20.5688,1
2243.21,0.376953,0.785645,0.992188,2.80762,1.34277,20.874,1
2243.22,0.390625,1.01758,1.01562,3.17383,1.34277,20.874,1
2243.23,0.28418,0.844238,1.02979,0.915527,1.58691,20.2026,1
2243.24,0.262695,0.744629,0.988281,2.0752,0.915527,19.5312,1
2243.25,0.270508,1.01025,1.04639,2.38037,1.34277,18.7988,1
2243.26,0.387207,0.924316,1.06543,0.671387,1.70898,17.395,1
2243.27,0.363281,0.806641,1.0415,0.183105,2.0752,17.0898,1
2243.28,0.34375,0.89209,1.01855,-0.915527,2.38037,16.8457,1
2243.29,0.391113,0.837402,1.0166,-2.0752,2.2583,16.6626,1
2243.3,0.380859,0.610352,0.975586,-2.99072,1.83105,16.6626,1
2243.31,0.371094,0.697754,0.921387,-3.2959,1.09863,16.1133,1
2243.32,0.367188,0.785156,0.96875,-5.79834,1.09863,15.1367,1
2243.33,0.452148,0.637695,1.03027,-7.62939,1.40381,13.6108,1
2243.34,0.456055,0.716797,0.937012,-7.44629,1.28174,13.0005,1
2243.35,0.359863,0.718262,0.892578,-8.60596,0.793457,12.5122,1
2243.36,0.287109,0.567871,1.00635,-9.09424,1.28174,11.2915,1
2243.37,0.413086,0.654297,0.942871,-7.32422,0.976562,10.8032,1
2243.38,0.421875,0.603027,0.989746,-7.38525,0.793457,9.64355,1
2243.39,0.390137,0.481445,1.01074,-6.53076,-0.12207,7.87354,1
2243.4,0.280762,0.654297,0.90625,-3.96729,-0.305176,6.83594,1
2243.41,0.301758,0.60498,0.921387,-5.24902,-0.244141,5.12695,1
2243.42,0.378906,0.276367,0.962402,-3.84521,-1.52588,4.69971,1
2243.43,0.356934,0.591309,1.01904,-2.68555,-1.83105,3.84521,1
2243.44,0.299805,0.626953,1.00391,-6.34766,-1.89209,1.89209,1
2243.45,0.289551,0.177734,0.998535,-6.40869,-2.62451,1.40381,1
2243.46,0.391113,0.475098,0.947266,-3.54004,-3.23486,0.732422,1
2243.47,0.385742,0.728516,0.939941,-6.7749,-3.35693,-1.2207,1
2243.48,0.324219,0.325195,1.07129,-7.26318,-3.41797,-1.70898,1
2243.49,0.314453,0.479492,1.08496,-4.76074,-3.72314,-1.89209,1
2243.5,0.328613,0.541992,1.03467,-7.44629,-3.23486,-2.99072,1
2243.5,0.290039,0.163574,1.04736,-8.05664,-2.99072,-3.479,1
2243.51,0.284668,0.250488,1.0542,-6.5918,-2.74658,-3.60107,1
2243.52,0.330566,0.432129,1.1499,-7.93457,-2.2583,-4.76074,1
2243.53,0.325684,0.213379,1.18311,-8.8501,-1.83105,-5.18799,1
2243.54,0.321289,0.181152,1.0708,-7.44629,-1.46484,-4.88281,1
2243.55,0.277832,0.249512,1.1123,-8.23975,-0.976562,-5.31006,1
2243.56,0.26416,0.177734,1.14746,-8.91113,-0.427246,-4.94385,1
2243.57,0.279297,0.207031,1.10791,-8.97217,0.244141,-4.63867,1
2243.58,0.289551,0.0776367,1.08594,-9.0332,0.854492,-4.69971,1
2243.59,0.320801,0.0844727,1.12891,-7.75146,0.854492,-3.72314,1
2243.6,0.312012,0.14502,1.07861,-8.97217,1.46484,-3.78418,1
2243.61,0.28418,-0.0410156,1.00781,-9.15527,1.83105,-3.11279,1
2243.62,0.274902,-0.0229492,1.01953,-7.20215,2.13623,-2.31934,1
2243.63,0.361816,0.0966797,1,-7.44629,2.13623,-2.44141,1
2243.64,0.386719,-0.0390625,0.997559,-7.62939,1.64795,-1.95312,1
2243.65,0.32373,-0.108887,1.02832,-5.92041,0.976562,-0.854492,1
2243.66,0.257812,0.0307617,0.98291,-4.69971,1.15967,-0.549316,1
2243.67,0.291992,-0.0366211,0.978516,-4.63867,1.15967,-0.366211,1
2243.68,0.306641,-0.101562,0.994629,-3.41797,0.793457,0.305176,1
2243.69,0.359863,-0.119141,0.983887,-2.50244,-0.0610352,0.671387,1
2243.7,0.375977,-0.0678711,1.01709,-0.366211,-0.732422,1.2207,1
2243.71,0.354492,-0.00878906,1.04248,-0.488281,-0.915527,0.610352,1
2243.72,0.308105,-0.164551,1.03906,0.793457,-0.976562,1.46484,1
2243.73,0.276855,-0.0297852,1.06201,2.31934,-1.0376,1.95312,1
2243.74,0.342773,0.103516,1.02783,1.2207,-0.976562,1.52588,1
2243.75,0.373047,-0.0830078,1.03906,1.40381,-1.0376,1.89209,1
2243.76,0.358398,-0.0776367,1.12207,2.86865,-1.52588,2.2583,1
2243.77,0.282715,0.0854492,1.14551,2.13623,-1.52588,1.89209,1
2243.78,0.268066,0.00976562,1.12744,0.854492,-0.610352,2.01416,1
2243.79,0.314941,-0.0439453,1.0835,1.2207,-0.244141,2.13623,1
2243.8,0.363281,0.0830078,1.09277,1.28174,0,2.0752,1
2243.81,0.370605,0.0478516,1.11621,0.244141,0.0610352,1.64795,1
2243.82,0.333984,0.059082,1.0708,0.671387,0.12207,2.13623,1
2243.83,0.287598,0.145996,1.04443,-0.0610352,0.732422,1.83105,1
2243.83,0.327148,0.0317383,1.07764,-0.854492,0.305176,1.77002,1
2243.84,0.34082,0.0107422,1.04102,0.549316,0.366211,2.0752,1
2243.85,0.312012,0.129395,0.996582,0.610352,0.305176,1.46484,1
2243.86,0.316406,0.0141602,0.981934,1.09863,0.366211,1.52588,1
2243.87,0.294434,0.0849609,0.998047,2.01416,-0.12207,1.46484,1
2243.88,0.30127,0.126953,0.961914,0.671387,-0.183105,1.2207,1
2243.89,0.29541,0.0253906,0.987305,0.366211,-0.366211,1.2207,1
2243.9,0.325195,0.0341797,1.02002,1.09863,-0.366211,1.28174,1
2243.91,0.313965,0.138672,0.946289,1.40381,-0.610352,1.15967,1
2243.92,0.324219,0.0825195,0.964844,-0.0610352,-0.793457,0.549316,1
2243.93,0.327148,0.0629883,0.973633,-0.671387,-1.58691,0.976562,1
2243.94,0.32373,0.0532227,1.0127,-0.793457,-1.58691,0.915527,1
2243.95,0.30957,0.0644531,1.03174,-0.610352,-2.2583,0.732422,1
2243.96,0.299805,0.0913086,1.08008,-1.15967,-2.2583,0.366211,1
2243.97,0.290039,0.0839844,1.13672,-1.15967,-2.13623,0.732422,1
2243.98,0.307129,0.015625,1.07227,-1.0376,-2.38037,0.366211,1
2243.99,0.331543,0.0825195,1.12109,-0.549316,-2.68555,0.549316,1
2244,0.314453,0.059082,1.125,-1.46484,-2.38037,0.183105,1
2244.01,0.350098,-0.0366211,1.09082,-0.366211,-2.86865,0.427246,1
2244.02,0.318359,0.114746,1.11328,0,-2.86865,0.12207,1
2244.03,0.330566,0.0683594,1.1084,-1.15967,-2.68555,-0.244141,1
2244.04,0.333008,-0.0727539,1.08691,-0.366211,-2.44141,0.183105,1
2244.05,0.331055,0.0834961,1.08057,0.366211,-1.77002,0.366211,1
2244.06,0.337891,0.0639648,1.02832,-0.915527,-1.15967,-0.366211,1
2244.07,0.375488,-0.0219727,1.00537,-0.183105,-1.0376,0,1
2244.07,0.336426,0.0898438,1.0459,-0.305176,-0.732422,-0.0610352,1
2244.08,0.334473,0.0537109,1.11621,-1.28174,-0.488281,-0.244141,1
2244.09,0.296875,0.00976562,1.05908,-1.0376,0.427246,-0.0610352,1
2244.1,0.275391,0.108887,1.04834,-1.09863,0.915527,-0.12207,1
2244.11,0.246582,-0.00830078,1.13086,-1.28174,1.58691,-0.244141,1
2244.12,0.263184,0.0327148,1.16162,-0.488281,1.28174,0,1
2244.13,0.219238,0.0834961,1.03564,-0.976562,1.77002,-0.244141,1
2244.14,0.223633,0.0512695,0.983887,-0.854492,2.13623,0.0610352,1
2244.15,0.226562,0.0307617,0.980469,-0.976562,2.01416,0.0610352,1
2244.16,0.163574,0.0537109,1.01221,-0.915527,1.64795,0.183105,1
2244.17,0.0966797,0.065918,0.977539,-0.854492,1.77002,0.244141,1
2244.18,0.0673828,0.0561523,0.90332,-0.427246,1.70898,0.366211,1
2244.19,0.0390625,0.0678711,0.876465,-0.12207,1.70898,0.488281,1
2244.2,-0.0131836,0.0839844,0.854004,0.488281,1.64795,0.976562,1
2244.21,-0.0322266,0.0742188,0.874023,0.732422,1.15967,1.0376,1
2244.22,-0.0649414,0.114746,0.941895,1.70898,1.0376,1.28174,1
2244.23,-0.050293,0.0898438,0.981445,2.13623,1.89209,1.2207,1
2244.24,-0.0664062,0.0849609,0.886719,3.479,1.89209,2.62451,1
2244.25,-0.168457,0.124023,0.938477,2.99072,1.95312,2.50244,1
2244.26,-0.162598,0.132324,0.973633,2.99072,2.31934,2.74658,1
2244.27,-0.208496,0.21875,1.10352,2.31934,3.60107,3.11279,1
2244.28,-0.319336,0.171875,1.04639,2.19727,3.66211,3.96729,1
2244.29,-0.295898,0.225098,0.946289,1.46484,4.15039,4.15039,1
2244.3,-0.290039,0.291504,0.931641,0.915527,5.31006,4.88281,1
2244.31,-0.259277,0.181152,1.01367,0,5.37109,4.88281,1
2244.32,-0.172852,0.263672,0.943359,0.854492,4.88281,5.67627,1
2244.33,-0.16748,0.255371,0.910156,0.427246,5.49316,5.49316,1
2244.34,-0.233887,0.205078,0.908203,1.28174,4.63867,6.16455,1
2244.35,-0.233398,0.358887,0.867188,0.976562,4.57764,6.34766,1
2244.36,-0.259766,0.253906,0.893555,0.671387,4.57764,6.95801,1
2244.36,-0.224121,0.328613,0.852539,1.64795,3.2959,8.05664,1
2244.37,-0.180176,0.323242,0.849121,0.854492,3.96729,7.75146,1
2244.38,-0.166504,0.240234,0.927734,1.28174,3.05176,8.54492,1
2244.39,-0.184082,0.425293,0.91748,0.976562,2.92969,8.72803,1
2244.4,-0.197266,0.338867,0.959961,-0.305176,2.92969,8.78906,1
2244.41,-0.230469,0.352539,0.99707,0.793457,2.13623,10.0098,1
2244.42,-0.213379,0.462402,0.95459,0.366211,2.56348,9.58252,1
2244.43,-0.230469,0.353516,1.01074,1.40381,2.68555,10.2539,1
2244.44,-0.291504,0.415527,1.04932,3.23486,2.56348,11.2305,1
2244.45,-0.289062,0.430176,1.01221,3.60107,2.80762,11.1694,1
2244.46,-0.288574,0.349121,1.02148,5.00488,3.35693,11.7188,1
2244.47,-0.262695,0.461914,1.03662,6.40869,3.479,12.2681,1
2244.48,-0.245605,0.5,1.00928,6.46973,4.15039,12.207,1
2244.49,-0.28418,0.379395,1,7.50732,4.76074,12.5122,1
2244.5,-0.3125,0.482422,0.936035,8.91113,4.39453,13.6719,1
2244.51,-0.233887,0.501465,0.919434,6.89697,4.3335,13.2446,1
2244.52,-0.216797,0.342773,0.960449,7.14111,3.479,14.3433,1
2244.53,-0.20459,0.507812,0.938477,7.8125,3.2959,14.7705,1
2244.54,-0.208984,0.669434,0.888672,5.37109,3.11279,14.2822,1
2244.55,-0.255371,0.45459,0.920898,3.90625,3.23486,14.7705,1
2244.56,-0.368652,0.437012,0.983398,5.7373,2.80762,16.0522,1
2244.57,-0.349609,0.699219,1.01025,4.76074,2.74658,15.4419,1
2244.58,-0.276855,0.584473,0.997559,3.05176,3.2959,15.3198,1
2244.59,-0.28125,0.404785,0.977051,4.3335,3.41797,16.4185,1
2244.6,-0.282715,0.649902,0.948242,5.00488,2.80762,16.3574,1
2244.61,-0.298828,0.678711,0.973145,3.05176,3.11279,15.7471,1
2244.62,-0.364258,0.442383,0.987793,4.57764,2.99072,16.6626,1
2244.63,-0.333008,0.685547,0.946777,6.83594,2.99072,17.2119,1
2244.64,-0.416016,0.681152,0.996582,5.43213,3.84521,16.4795,1
2244.65,-0.398438,0.525879,0.96875,7.14111,3.41797,17.8833,1
2244.66,-0.362305,0.771484,0.921387,7.87354,3.2959,18.2495,1
2244.67,-0.359375,0.709473,0.976074,6.40869,3.72314,18.1274,1
2244.68,-0.350586,0.641602,1.01367,7.56836,2.74658,19.8364,1
2244.69,-0.376953,0.80127,0.982422,7.14111,2.56348,19.5923,1
2244.7,-0.32373,0.636719,0.992188,6.53076,2.74658,20.0195,1
2244.71,-0.333984,0.706543,0.96582,7.8125,2.19727,21.3623,1
2244.71,-0.306641,0.940918,0.947266,5.43213,2.2583,20.752,1
2244.72,-0.304688,0.693359,0.905762,3.60107,1.83105,21.6064,1
2244.73,-0.34082,0.63623,0.922363,5.18799,1.09863,22.583,1
2244.74,-0.362793,0.901367,0.922852,3.90625,1.0376,21.7896,1
2244.75,-0.425293,0.837891,0.95752,3.479,1.34277,23.0713,1
2244.76,-0.385742,0.882324,0.996094,3.96729,1.40381,24.1089,1
2244.77,-0.367188,0.831543,1.01514,2.62451,0.732422,23.2544,1
2244.78,-0.229492,0.617676,1.02637,3.90625,1.09863,24.353,1
2244.79,-0.291504,0.825684,0.98584,4.27246,0.305176,23.5596,1
2244.8,-0.338867,0.927246,0.890137,2.68555,0.244141,23.3765,1
2244.81,-0.310059,0.861816,0.942383,2.56348,0.0610352,24.1089,1
2244.82,-0.345215,0.952148,0.967773,1.83105,-0.0610352,23.8037,1
2244.83,-0.304688,0.799316,0.984375,0.976562,0.427246,23.9258,1
2244.84,-0.260742,0.71582,0.994629,2.44141,0.183105,25.0854,1
2244.85,-0.246582,0.911133,0.852539,0.671387,0.12207,24.1699,1
2244.86,-0.264648,0.816895,0.801758,-1.70898,0.183105,23.6206,1
2244.87,-0.303711,0.791504,0.863281,-1.2207,0.12207,24.4141,1
2244.88,-0.290527,0.79248,0.97168,-2.19727,0.305176,23.3765,1
2244.89,-0.276367,0.733398,0.902344,-0.854492,0,24.231,1
2244.9,-0.354492,0.930176,0.834961,-1.34277,0.549316,24.0479,1
2244.91,-0.294434,0.979492,0.941406,-2.50244,0,23.9868,1
2244.92,-0.270996,0.78125,1.08301,-1.95312,1.0376,24.1699,1
2244.93,-0.243164,0.797363,1.00977,-0.915527,0.671387,24.1699,1
2244.94,-0.334473,0.833496,0.856934,-0.671387,0.793457,23.4375,1
2244.95,-0.452637,0.907227,0.915039,-0.427246,0.854492,23.8037,1
2244.96,-0.394531,0.938965,0.987305,-1.0376,0.671387,23.6206,1
2244.97,-0.271484,0.813477,1.07275,0.183105,1.40381,24.231,1
2244.98,-0.228027,0.87793,1.06055,1.09863,0.427246,24.5972,1
2244.99,-0.240234,0.95459,0.935059,0.793457,0.488281,24.353,1
2245,-0.319824,0.928223,0.844238,0.183105,-0.244141,24.5361,1
2245.01,-0.291504,0.751465,0.935547,0.0610352,-0.610352,24.7803,1
2245.02,-0.294434,0.867676,0.980957,0.732422,-0.732422,25.3296,1
2245.03,-0.20166,1.08008,0.947266,0.183105,-0.793457,25.3296,1
2245.04,-0.23584,0.805176,1.01172,-0.305176,-0.488281,25.2075,1
2245.04,-0.190918,0.989746,0.997559,1.0376,-1.46484,25.3906,1
2245.05,-0.210938,1.04834,0.885254,-0.976562,-0.793457,24.8413,1
2245.06,-0.294922,0.817871,0.959473,-0.366211,-1.52588,25.6958,1
2245.07,-0.257324,0.837891,1.00586,1.52588,-1.58691,25.9399,1
2245.08,-0.213379,1.04443,1.09131,1.83105,-1.09863,25.2075,1
2245.09,-0.189941,0.910645,1.02295,1.40381,-0.305176,25.0244,1
2245.1,-0.300293,0.991699,0.992676,2.2583,-0.488281,24.9023,1
2245.11,-0.249512,1.03955,1.04736,1.0376,-0.549316,23.9868,1
2245.12,-0.238281,0.874512,1.01465,1.46484,0.305176,24.5361,1
2245.13,-0.220215,0.925293,1.06006,2.01416,0.244141,24.9634,1
2245.14,-0.238281,0.98584,1.00342,0.244141,0.366211,24.292,1
2245.15,-0.221191,0.94873,1.02344,0.610352,0.183105,24.9023,1
2245.16,-0.23584,1.01025,0.946777,-0.305176,1.15967,24.4141,1
2245.17,-0.169922,0.958008,0.929199,-1.52588,0.549316,24.4141,1
2245.18,-0.203125,0.816406,0.950684,-2.2583,0.12207,24.7803,1
2245.19,-0.144043,0.910645,0.914062,-1.09863,0,25.3906,1
2245.2,-0.141602,1.06885,0.938477,-2.0752,0.244141,25.3906,1
2245.21,-0.17627,0.787598,0.947266,-2.80762,0.12207,25.1465,1
2245.22,-0.124023,0.989746,0.915039,-1.95312,-0.915527,25.3296,1
2245.23,-0.152832,0.926758,0.904297,-3.66211,0.488281,25.1465,1
2245.24,-0.1875,0.866699,0.904297,-3.2959,0,25.4517,1
2245.25,-0.140625,0.92627,0.970703,-2.68555,0,25.4517,1
2245.26,-0.0673828,0.986816,0.921875,-2.80762,0.305176,24.8413,1
2245.27,-0.110352,0.854492,0.94873,-1.95312,1.2207,25.6958,1
2245.28,-0.114746,0.989258,0.881836,-1.0376,0.488281,24.9023,1
2245.29,-0.125,0.911621,0.962402,-1.46484,0.976562,24.7803,1
2245.3,-0.0908203,0.885742,1.01514,0.427246,0.793457,25.0854,1
2245.31,-0.0322266,0.885742,0.977051,-0.793457,1.52588,24.1089,1
2245.32,-0.0766602,0.841309,0.89209,-0.427246,1.40381,24.4141,1
2245.33,-0.0371094,1.03418,0.808594,-2.44141,1.77002,23.4375,1
2245.33,-0.0957031,1.01611,0.858887,-4.15039,2.50244,23.7427,1
2245.34,-0.106445,0.931641,1.03906,-4.15039,2.31934,23.5596,1
2245.35,-0.0625,0.793457,0.885254,-3.78418,1.95312,23.9258,1
2245.36,-0.0737305,0.891602,0.925293,-3.2959,2.31934,23.4375,1
2245.37,-0.0410156,0.849609,0.833984,-5.43213,2.2583,23.0103,1
2245.38,-0.0561523,0.870605,0.860352,-5.37109,1.83105,23.2544,1
2245.39,-0.0424805,0.942871,0.921387,-6.7749,2.2583,22.2778,1
2245.4,-0.0776367,0.848633,0.924805,-5.98145,1.95312,22.644,1
2245.41,-0.108398,0.839355,0.864746,-4.88281,1.70898,23.0713,1
2245.42,-0.0712891,1.02539,0.876953,-4.45557,1.64795,22.583,1
2245.43,-0.0664062,0.878418,0.984863,-5.00488,2.86865,22.0337,1
2245.44,-0.0820312,0.698242,0.953125,-2.2583,2.74658,22.8882,1
2245.45,-0.0761719,0.969727,0.924805,-2.2583,2.2583,21.8506,1
2245.46,-0.0805664,0.746094,0.830078,-3.479,2.31934,21.9116,1
2245.47,-0.100098,0.779297,0.890625,0.12207,1.52588,22.7051,1
2245.48,-0.0864258,1.10254,0.975098,-1.09863,1.77002,21.6675,1
2245.49,-0.0615234,0.663574,0.947754,-0.976562,1.40381,22.4609,1
2245.5,-0.0585938,0.916992,0.907715,1.83105,1.34277,22.522,1
2245.51,-0.0683594,0.930664,0.822754,-0.793457,1.34277,21.7285,1
2245.52,-0.0649414,0.820801,0.888184,1.09863,1.0376,22.2168,1
2245.53,-0.0869141,0.953125,0.969238,0.427246,1.70898,21.4233,1
2245.54,-0.0585938,0.745117,0.976562,-0.183105,0.671387,21.4844,1
2245.55,-0.0444336,0.733887,0.931641,-0.610352,0.549316,21.4844,1
2245.56,-0.0859375,0.923828,0.90332,-0.915527,0.366211,21.1182,1
2245.57,-0.0751953,0.681152,0.871094,-3.05176,0.671387,20.0806,1
2245.58,-0.169922,0.725098,0.959961,0.549316,0.671387,21.2402,1
2245.59,-0.23584,1.21533,0.984863,-2.86865,0.671387,18.9209,1
2245.6,-0.259766,0.488281,0.964355,-4.88281,1.15967,18.7378,1
2245.61,-0.246094,0.750977,0.873047,-0.732422,0.610352,18.8599,1
2245.61,-0.195801,1.07471,1,-6.7749,1.70898,16.8457,1
2245.62,-0.161133,0.382324,0.995605,-7.8125,1.09863,17.0288,1
2245.63,-0.241211,0.714355,1.03613,-4.27246,1.70898,16.6016,1
2245.64,-0.178711,1.04785,0.922852,-8.78906,1.15967,14.8315,1
2245.65,-0.289551,0.517578,0.902832,-9.94873,1.52588,14.0991,1
2245.66,-0.283203,0.577637,0.938477,-7.08008,1.58691,14.1602,1
2245.67,-0.303711,0.969727,0.872559,-8.72803,2.13623,12.8174,1
2245.68,-0.277344,0.396973,0.960449,-10.437,2.19727,12.4512,1
2245.69,-0.245605,0.466309,0.935059,-3.90625,1.58691,13.0005,1
2245.7,-0.19043,0.980957,1.02393,-4.94385,2.13623,10.5591,1
2245.71,-0.273438,0.404297,1.01416,-5.49316,2.38037,9.27734,1
2245.72,-0.276855,0.560059,0.979004,-0.183105,1.83105,9.39941,1
2245.73,-0.296387,0.789062,0.965332,-2.68555,2.56348,7.75146,1
2245.74,-0.296875,0.391113,0.923828,-2.38037,1.95312,7.87354,1
2245.75,-0.322266,0.509277,0.942383,0,1.70898,7.44629,1
2245.76,-0.275391,0.715332,1.021,-0.183105,1.70898,5.92041,1
2245.77,-0.293945,0.497559,1.06201,-0.915527,2.01416,4.76074,1
2245.78,-0.317871,0.665527,1.01367,-0.610352,1.34277,4.21143,1
2245.79,-0.334961,0.506836,0.950195,-4.57764,1.2207,2.19727,1
2245.8,-0.364746,0.375488,0.942871,-3.41797,0.915527,2.86865,1
2245.81,-0.352539,0.630859,0.987305,-5.18799,0.671387,0.915527,1
2245.82,-0.328613,0.340332,1.05908,-7.01904,0.549316,-0.366211,1
2245.83,-0.354004,0.401855,1.05615,-4.63867,0,-0.488281,1
2245.84,-0.430176,0.484375,1.08252,-7.38525,0.366211,-3.05176,1
2245.85,-0.397461,0.378906,1.06055,-8.72803,-0.793457,-3.60107,1
2245.86,-0.400879,0.220215,0.979492,-8.91113,0.183105,-4.69971,1
2245.87,-0.407227,0.195312,0.967773,-7.69043,-0.366211,-5.92041,1
2245.88,-0.461914,0.165527,1.03271,-7.8125,-0.244141,-7.62939,1
2245.89,-0.411133,0.304199,0.991211,-6.89697,-0.427246,-7.44629,1
2245.9,-0.37793,0.182129,1.10596,-9.39941,-0.549316,-9.76562,1
2245.9,-0.369629,0.0805664,1.11768,-8.91113,-1.64795,-9.70459,1
2245.91,-0.409668,0.234375,1.07227,-9.70459,-1.52588,-10.9863,1
2245.92,-0.368652,0.0712891,1.07178,-11.1084,-1.28174,-12.085,1
2245.93,-0.338867,-0.0615234,1.02393,-9.46045,-1.58691,-12.085,1
2245.94,-0.328125,0.0844727,0.916504,-8.54492,-1.2207,-12.2681,1
2245.95,-0.325684,0.0297852,0.949219,-9.58252,-2.13623,-13.6719,1
2245.96,-0.345215,-0.177246,0.994629,-7.69043,-2.0752,-13.3667,1
2245.97,-0.288574,-0.0288086,0.977051,-6.04248,-1.64795,-12.8784,1
2245.98,-0.328613,-0.217773,1.08008,-7.69043,-1.40381,-14.2822,1
2245.99,-0.305664,-0.151855,1.08691,-4.5166,-1.89209,-12.146,1
2246,-0.269531,-0.12793,1.09766,-6.28662,-1.95312,-13.5498,1
2246.01,-0.29834,-0.270508,1.00049,-4.27246,-2.86865,-12.3901,1
2246.02,-0.346191,-0.0351562,1.00293,-4.3335,-2.0752,-12.7563,1
2246.03,-0.310059,-0.356445,1.0625,-6.53076,-1.95312,-12.7563,1
2246.04,-0.244629,-0.378906,1.03223,-3.78418,-2.38037,-10.8643,1
2246.05,-0.214844,-0.0356445,1.021,-5.92041,-1.70898,-11.9629,1
2246.06,-0.221191,-0.408203,1.03271,-8.78906,-0.976562,-12.085,1
2246.07,-0.283691,-0.512207,1.07666,-5.12695,-0.244141,-10.6201,1
2246.08,-0.285156,-0.0424805,1.00439,-6.5918,0.244141,-11.4136,1
2246.09,-0.231934,-0.385742,0.870605,-9.46045,0.366211,-11.3525,1
2246.1,-0.20752,-0.445801,0.836914,-6.28662,0.12207,-10.376,1
2246.11,-0.231934,-0.183105,0.878418,-7.20215,0.915527,-11.8408,1
2246.12,-0.279297,-0.506836,0.906738,-7.32422,1.52588,-11.5356,1
2246.13,-0.266602,-0.431641,0.925293,-5.49316,1.40381,-11.1694,1
2246.14,-0.267578,-0.302734,0.862305,-7.69043,2.44141,-12.207,1
2246.15,-0.220215,-0.487305,0.949707,-7.50732,3.11279,-12.0239,1
2246.16,-0.216797,-0.452637,1.01221,-6.7749,2.68555,-11.7188,1
2246.17,-0.20752,-0.326172,0.946777,-7.38525,3.41797,-12.2681,1
2246.18,-0.212891,-0.399414,0.86084,-8.66699,3.90625,-13.0005,1
2246.19,-0.234375,-0.541016,0.970215,-8.30078,3.90625,-13.0615,1
2246.2,-0.230469,-0.443359,1.00195,-7.62939,3.84521,-13.0615,1
2246.21,-0.198242,-0.453125,0.953125,-7.20215,4.57764,-13.5498,1
2246.22,-0.266602,-0.48877,0.959961,-6.83594,4.57764,-14.1602,1
2246.23,-0.231445,-0.4375,0.855957,-5.67627,3.2959,-14.1602,1
2246.24,-0.215332,-0.556641,0.874023,-5.43213,3.72314,-15.1978,1
2246.25,-0.175293,-0.464355,0.898438,-2.92969,2.31934,-14.5874,1
2246.26,-0.184082,-0.441895,0.883789,-3.72314,2.62451,-16.0522,1
2246.27,-0.257324,-0.733398,0.95166,-2.0752,1.28174,-16.1743,1
2246.28,-0.285645,-0.436035,0.925781,-0.488281,1.28174,-16.2964,1
2246.29,-0.280762,-0.474609,0.884277,-3.54004,0.732422,-17.9443,1
2246.3,-0.248047,-0.68457,0.910645,-1.77002,-0.366211,-17.1509,1
2246.31,-0.236328,-0.311523,0.930664,-1.77002,-1.09863,-18.5547,1
2246.32,-0.247559,-0.552734,0.883301,-4.5166,-0.671387,-19.104,1
2246.33,-0.265137,-0.750977,0.919434,-2.2583,-1.40381,-18.1885,1
2246.34,-0.258789,-0.390137,1.01855,-3.35693,-1.34277,-19.165,1
2246.34,-0.178223,-0.572266,0.996582,-5.98145,-1.15967,-20.0806,1
2246.35,-0.175781,-0.750977,0.90918,-2.99072,-1.28174,-19.2871,1
2246.36,-0.160645,-0.628906,0.887695,-1.64795,-1.28174,-19.7754,1
2246.37,-0.15332,-0.684082,1.00537,-2.56348,-1.77002,-20.9351,1
2246.38,-0.158691,-0.670898,0.914062,-2.2583,-1.09863,-20.4468,1
2246.39,-0.127441,-0.666504,0.949219,-3.90625,-0.854492,-20.9351,1
2246.4,-0.0917969,-0.690918,1.0376,-4.82178,-1.46484,-20.813,1
2246.41,-0.0849609,-0.713379,1.07959,-6.28662,-0.915527,-21.6064,1
2246.42,-0.167969,-0.669434,1.03027,-5.43213,-0.793457,-20.6299,1
2246.43,-0.229492,-0.490723,1.0166,-5.79834,-0.671387,-20.9961,1
2246.44,-0.155762,-0.76709,1,-6.89697,-0.488281,-21.3623,1
2246.45,-0.0849609,-0.786133,1.01123,-3.54004,-0.366211,-19.9585,1
2246.46,-0.0141602,-0.544434,1.02734,-4.76074,0.244141,-21.4844,1
2246.47,0.0146484,-0.818848,0.943848,-5.24902,0.671387,-21.3013,1
2246.48,0.0307617,-0.761719,0.958008,-3.41797,0.427246,-21.3623,1
2246.49,-0.0263672,-0.618164,0.939453,-4.21143,1.46484,-22.0337,1
2246.5,-0.112305,-0.779297,0.891602,-3.96729,1.58691,-21.6064,1
2246.51,-0.175293,-0.739746,0.939941,-2.50244,1.70898,-21.1182,1
2246.52,-0.135742,-0.650391,0.953613,-1.70898,2.19727,-21.1792,1
2246.53,-0.027832,-0.637695,0.924805,-0.488281,2.31934,-21.3623,1
2246.54,-0.0224609,-0.671875,0.934082,0.366211,2.13623,-21.6675,1
2246.55,-0.00390625,-0.661621,0.867188,0.793457,1.70898,-21.4233,1
2246.56,-0.0810547,-0.768555,0.842773,0,2.01416,-22.0947,1
2246.57,-0.12207,-0.867188,0.925781,0.244141,1.83105,-21.7896,1
2246.58,-0.09375,-0.628906,0.987793,-0.12207,1.89209,-22.0947,1
2246.59,-0.0717773,-0.612305,1.00391,-0.793457,2.01416,-22.583,1
2246.6,-0.0166016,-0.720215,0.946777,0.0610352,2.13623,-21.9727,1
2246.61,-0.0429688,-0.604492,0.729492,0.549316,2.01416,-22.1558,1
2246.62,-0.0478516,-0.873047,0.727539,-0.854492,1.89209,-22.8882,1
2246.63,-0.0859375,-0.861816,0.894531,1.52588,1.83105,-22.3389,1
2246.64,-0.106934,-0.522461,1.04297,-0.244141,2.2583,-23.4375,1
2246.65,-0.102539,-0.697754,0.953125,-2.19727,2.01416,-24.0479,1
2246.66,-0.090332,-0.912109,0.856934,-0.488281,1.28174,-23.1323,1
2246.67,-0.074707,-0.644531,0.82666,-0.12207,0.732422,-23.7427,1
2246.68,-0.0507812,-0.791016,0.932617,-2.13623,0.976562,-24.9634,1
2246.68,-0.065918,-0.8125,1.05518,1.2207,0.915527,-23.2544,1
2246.69,-0.116211,-0.57666,1.01514,0.183105,1.09863,-24.7803,1
2246.7,-0.0917969,-0.931641,0.893066,-0.366211,-0.183105,-25.1465,1
2246.71,-0.0537109,-0.956055,0.900391,3.96729,-0.610352,-24.0479,1
2246.72,-0.0776367,-0.524414,0.963867,2.0752,-0.732422,-25.8789,1
2246.73,-0.0273438,-0.927246,0.947266,-0.305176,-0.732422,-25.5737,1
2246.74,-0.0209961,-1.09326,1.07666,3.90625,-0.244141,-24.353,1
2246.75,-0.107422,-0.544434,1.03955,3.96729,-0.12207,-25.2686,1
2246.76,-0.0595703,-0.870117,0.942871,1.64795,-0.0610352,-25.6958,1
2246.77,-0.12207,-0.963867,0.879395,5.67627,-0.732422,-24.4751,1
2246.78,-0.140137,-0.486328,0.95166,3.479,-0.915527,-25.6348,1
2246.79,-0.181641,-0.816406,1.00977,-0.610352,-0.610352,-25.6958,1
2246.8,-0.196777,-1.04492,1.10303,2.19727,-0.427246,-24.5972,1
2246.81,-0.131348,-0.60498,1.04639,2.86865,0.305176,-25.0244,1
2246.82,-0.145996,-0.875977,0.955078,0.183105,0.366211,-25.8789,1
2246.83,-0.166504,-1.08203,1.05029,4.15039,-0.732422,-24.4141,1
2246.84,-0.153809,-0.529297,1.00928,4.08936,-0.305176,-25.1465,1
2246.85,-0.129395,-0.693359,1.05469,-0.12207,0.488281,-25.8789,1
2246.86,-0.144043,-1.08398,1.05127,1.40381,0.366211,-24.9634,1
2246.87,-0.136719,-0.724121,0.989258,2.99072,0.610352,-24.353,1
2246.88,-0.144531,-0.706055,1.00488,-0.12207,0.671387,-25.6958,1
2246.89,-0.155273,-1.02295,1.01904,1.64795,0.549316,-24.292,1
2246.9,-0.130859,-0.687012,1.04639,2.99072,0.793457,-24.5361,1
2246.91,-0.103027,-0.746094,1.01807,0.427246,1.15967,-25.5737,1
2246.92,-0.0732422,-0.980957,0.944824,2.31934,1.0376,-24.353,1
2246.93,-0.0756836,-0.653809,0.92627,2.68555,0.671387,-24.6582,1
2246.94,-0.0874023,-0.742676,1.00488,-0.305176,1.0376,-25.5737,1
2246.95,-0.0639648,-0.979004,1.0498,0.610352,0.671387,-24.4141,1
2246.96,-0.0771484,-0.69873,1.05127,1.70898,0.915527,-24.0479,1
2246.97,-0.0722656,-0.661621,0.960938,-0.610352,1.15967,-25.2686,1
2246.98,-0.0771484,-0.911133,0.863281,1.09863,1.15967,-23.9868,1
2246.99,-0.0917969,-0.753906,0.901855,2.31934,1.15967,-24.292,1
2247,-0.0771484,-0.734375,0.982422,0.610352,1.09863,-25.1465,1
2247.01,-0.0595703,-0.928223,1.03418,1.58691,1.40381,-24.231,1
2247.02,-0.0717773,-0.746094,1.0332,2.2583,1.0376,-24.1089,1
2247.02,-0.0810547,-0.63623,0.915039,0.732422,1.2207,-24.5972,1
2247.03,-0.0791016,-0.898438,0.938477,0.366211,1.34277,-24.353,1
2247.04,-0.0869141,-0.750977,0.956543,2.56348,1.09863,-23.5596,1
2247.05,-0.0805664,-0.640137,0.955078,0,1.64795,-24.9634,1
2247.06,-0.09375,-0.889648,0.980957,0.854492,1.58691,-24.0479,1
2247.07,-0.0800781,-0.686035,0.939453,1.89209,1.46484,-23.9258,1
2247.08,-0.0698242,-0.741699,0.921875,0.183105,2.01416,-24.5972,1
2247.09,-0.0644531,-0.82373,0.928711,0.976562,1.2207,-24.1089,1
2247.1,-0.0683594,-0.741211,0.979492,0.854492,1.83105,-24.231,1
2247.11,-0.0922852,-0.707031,0.990723,0.305176,1.40381,-24.292,1
2247.12,-0.0698242,-0.859863,0.973633,-0.12207,1.58691,-24.8413,1
2247.13,-0.0527344,-0.754883,0.924316,1.52588,1.15967,-23.8037,1
2247.14,-0.0488281,-0.608398,0.910645,0.183105,0.732422,-24.8413,1
2247.15,-0.0537109,-0.844727,0.894531,0.305176,0.854492,-24.7192,1
2247.16,-0.0351562,-0.786133,0.908691,2.01416,0.183105,-24.1699,1
2247.17,-0.0351562,-0.713867,0.979492,0.976562,0.427246,-25.3296,1
2247.18,-0.00341797,-0.837891,0.959473,1.40381,0.366211,-24.8413,1
2247.19,-0.0327148,-0.725098,0.921387,2.0752,0.305176,-24.292,1
2247.2,-0.0170898,-0.798828,0.938965,0.488281,0,-25.3906,1
2247.21,0.0532227,-0.83252,0.985352,1.2207,-0.427246,-24.5972,1
2247.22,0.0908203,-0.691406,1.00928,0.976562,0,-24.4751,1
2247.23,0.081543,-0.778809,0.953613,0,-0.305176,-24.9023,1
2247.24,0.0698242,-0.82373,0.932617,1.2207,-0.610352,-24.4141,1
2247.25,0.0595703,-0.708008,0.939453,0.732422,-0.427246,-24.5361,1
2247.26,0.0810547,-0.888672,1.00439,-0.366211,-0.549316,-24.8413,1
2247.27,0.111328,-0.803223,0.977539,0.854492,-1.34277,-24.0479,1
2247.28,0.125977,-0.727051,0.979004,-0.366211,-0.549316,-24.7192,1
2247.29,0.14502,-0.791504,1.02051,-0.915527,-1.28174,-24.4141,1
2247.3,0.147461,-0.756836,1.02539,-0.976562,-1.09863,-24.1089,1
2247.31,0.0942383,-0.765137,0.939453,-0.976562,-1.0376,-23.7427,1
2247.31,0.0922852,-0.780273,0.956543,-0.427246,-0.854492,-23.6206,1
2247.32,0.101562,-0.778809,0.974121,-0.12207,0,-23.9868,1
2247.33,0.140625,-0.807129,1.0249,0.305176,-0.732422,-23.4985,1
2247.34,0.128418,-0.841797,1.02393,0.671387,-0.793457,-23.3154,1
2247.35,0.0854492,-0.742676,1.00391,1.64795,-0.732422,-22.7661,1
2247.36,0.0722656,-0.745605,0.922363,1.0376,0.183105,-23.1934,1
2247.37,0.0996094,-0.777344,0.956543,2.0752,0.305176,-22.644,1
2247.38,0.0717773,-0.80957,0.944336,2.68555,0.244141,-22.4609,1
2247.39,0.0634766,-0.780762,0.996582,3.90625,-0.0610352,-22.0337,1
2247.4,0.0917969,-0.648926,1.01025,3.41797,0.366211,-22.0947,1
2247.41,0.0825195,-0.776855,0.910156,3.05176,0.366211,-22.1558,1
2247.42,0.0771484,-0.772461,0.921875,4.76074,0.244141,-21.1792,1
2247.43,0.0712891,-0.694824,0.972656,4.3335,0.976562,-21.7896,1
2247.44,0.0273438,-0.79248,0.911621,4.02832,1.15967,-21.6675,1
2247.45,0.0366211,-0.788086,1.01465,3.90625,0.915527,-21.4233,1
2247.46,0.0517578,-0.676758,1.0166,3.54004,0.915527,-21.2402,1
2247.47,0.0581055,-0.760254,0.880371,2.0752,1.52588,-21.7896,1
2247.48,0.0693359,-0.717285,0.932617,2.44141,1.09863,-21.2402,1
2247.49,0.0761719,-0.63916,1.03076,0.854492,1.46484,-22.0337,1
2247.5,0.0639648,-0.755859,0.983398,0.793457,1.58691,-21.3013,1
2247.51,0.0200195,-0.748535,0.981934,1.52588,1.28174,-20.9961,1
2247.52,0.0234375,-0.701172,0.970215,0.671387,1.2207,-21.9116,1
2247.53,0.0463867,-0.741211,0.964844,0.305176,1.83105,-22.1558,1
2247.54,0.0561523,-0.748535,0.955566,0.671387,1.89209,-21.9727,1
2247.55,0.0883789,-0.64502,0.977051,0.488281,1.34277,-22.4609,1
2247.56,0.0688477,-0.744141,0.985352,0.305176,1.64795,-22.8271,1
2247.57,0.0292969,-0.818359,0.971191,2.2583,1.77002,-22.0947,1
2247.57,0.00537109,-0.669434,0.972656,2.19727,1.64795,-22.3389,1
2247.59,0.0151367,-0.742188,0.929688,1.46484,2.0752,-23.0103,1
2247.59,0.046875,-0.748535,0.933594,2.2583,1.83105,-22.7051,1
2247.6,0.0610352,-0.683105,0.969238,1.40381,1.83105,-23.6206,1
2247.61,0.0322266,-0.783203,0.944824,1.15967,1.77002,-23.6206,1
2247.62,0.0136719,-0.772461,0.97998,1.70898,1.70898,-23.3154,1
2247.63,0.00146484,-0.672363,1.03516,0.549316,1.64795,-23.8647,1
2247.64,-0.00927734,-0.747559,1.00195,0.305176,1.83105,-23.8647,1
2247.65,0.0117188,-0.763184,0.950195,1.0376,1.64795,-23.4985,1
2247.66,0.0078125,-0.679688,0.959961,0.488281,1.0376,-24.353,1
2247.67,0.0288086,-0.757812,0.921875,-0.12207,1.58691,-24.8413,1
2247.68,0.0249023,-0.73291,0.969238,0.427246,1.64795,-24.4751,1
2247.69,0.0102539,-0.772949,1.00537,-0.732422,1.2207,-25.3906,1
2247.7,0.012207,-0.852051,0.979004,0,1.0376,-24.7192,1
2247.71,-0.0361328,-0.746582,1.00293,0.610352,1.2207,-24.9634,1
2247.72,-0.0146484,-0.774902,0.986816,-0.244141,1.09863,-25.9399,1
2247.73,0.00634766,-0.76416,0.936523,0.671387,1.2207,-25.4517,1
2247.74,0.0107422,-0.682129,0.952148,-0.12207,0.671387,-25.9399,1
2247.75,0.0102539,-0.827637,0.960449,-1.15967,0.366211,-26.6113,1
2247.76,0.00292969,-0.834961,1.00342,0,0.549316,-25.8789,1
2247.77,-0.012207,-0.702637,1.01514,-0.610352,0.549316,-26.4282,1
2247.78,-0.0200195,-0.928711,0.998535,-1.64795,0.488281,-26.9165,1
2247.79,-0.00537109,-0.790527,1,0.0610352,0,-26.1841,1
2247.8,-0.0200195,-0.663086,1.03174,-2.62451,0.610352,-27.9541,1
2247.81,-0.0268555,-0.958008,0.986328,-1.64795,0.549316,-26.6724,1
2247.82,-0.0708008,-0.717773,1.01318,-0.366211,0.488281,-26.6724,1
2247.83,-0.074707,-0.830566,1.0127,-2.99072,1.0376,-28.0151,1
2247.84,-0.0532227,-0.911621,0.956543,-0.12207,0.915527,-26.4282,1
2247.85,-0.09375,-0.676758,0.980957,-0.12207,1.58691,-27.1606,1
2247.86,-0.0654297,-0.852539,1.02002,-1.40381,1.2207,-27.71,1
2247.87,-0.0717773,-0.915527,0.980957,0.854492,2.2583,-26.7334,1
2247.88,-0.157227,-0.724609,0.943359,1.0376,2.44141,-26.9775,1
2247.88,-0.166992,-0.808105,0.973633,-0.976562,1.77002,-28.1982,1
2247.89,-0.14502,-0.878906,0.978027,0.915527,2.50244,-26.6724,1
2247.9,-0.165527,-0.73291,0.99707,1.95312,3.23486,-26.9165,1
2247.91,-0.199219,-0.81543,0.943848,0.549316,2.99072,-28.1372,1
2247.92,-0.183105,-0.916992,0.883789,2.44141,3.2959,-26.9775,1
2247.93,-0.206543,-0.76123,1.00732,2.62451,3.41797,-27.3438,1
2247.94,-0.141113,-0.803711,0.973633,1.09863,3.11279,-28.4424,1
2247.95,-0.0683594,-0.896484,0.969238,2.19727,3.72314,-27.771,1
2247.96,-0.109375,-0.75293,0.90918,2.0752,3.17383,-28.1982,1
2247.97,-0.118652,-0.820801,0.890137,0.12207,2.92969,-29.2358,1
2247.98,-0.135254,-0.87793,0.929688,2.01416,2.86865,-28.0762,1
2247.99,-0.141602,-0.696777,0.978516,1.77002,3.11279,-28.6255,1
2248,-0.106934,-0.891602,0.897949,0.183105,2.56348,-29.6631,1
2248.01,-0.101074,-0.88916,0.927246,1.46484,1.77002,-28.9917,1
2248.02,-0.101074,-0.767578,0.942383,0.976562,2.38037,-29.6021,1
2248.03,-0.0756836,-0.760254,0.977051,-0.0610352,1.64795,-29.9683,1
2248.04,-0.0234375,-0.852539,0.92334,-0.427246,1.58691,-30.1514,1
2248.05,-0.0620117,-0.84375,0.915527,0.671387,1.64795,-29.3579,1
2248.06,-0.101074,-0.834473,0.9375,-0.244141,0.915527,-30.1514,1
2248.07,-0.0649414,-0.905762,0.930176,-0.671387,0.610352,-30.4565,1
2248.08,-0.0473633,-0.912109,0.993164,-0.12207,1.2207,-30.2124,1
2248.09,-0.0332031,-0.796387,0.952148,-0.183105,0.610352,-30.1514,1
2248.1,0.0141602,-0.889648,0.90918,-1.15967,0.671387,-30.8228,1
2248.11,-0.0175781,-0.933594,0.998047,0,0.183105,-29.8462,1
2248.12,-0.0117188,-0.812988,1.02539,-0.427246,0.0610352,-30.1514,1
2248.13,-0.0175781,-0.816406,1.03418,-1.34277,0.183105,-30.3345,1
2248.14,0.0166016,-0.947754,0.964355,-0.854492,0.12207,-29.9072,1
2248.15,0.0371094,-0.937988,0.949219,0.183105,-0.0610352,-29.48,1
2248.16,0.0146484,-0.94873,0.922363,0.244141,0.12207,-29.541,1
2248.17,0.0478516,-0.915527,0.99707,0,-0.183105,-29.541,1
2248.17,0.0454102,-0.832031,1.02441,-0.549316,-0.183105,-29.7241,1
2248.18,0.0449219,-0.875977,0.958984,-0.610352,0.305176,-29.1138,1
2248.19,0.0102539,-0.900391,0.982422,-0.610352,-0.366211,-29.2358,1
2248.2,0.03125,-0.949219,0.916016,0,-0.244141,-28.9917,1
2248.21,0.0180664,-0.904785,0.895996,1.34277,0,-28.3203,1
2248.22,-0.00195312,-0.860352,1.06689,0.427246,-0.671387,-28.9917,1
2248.23,0.0576172,-0.837402,1.0376,-0.244141,-0.671387,-28.7476,1
2248.24,0.0551758,-0.878906,0.92334,-0.183105,0,-28.0762,1
2248.25,0.00488281,-0.928711,0.958008,-0.183105,-0.427246,-27.8931,1
2248.26,-0.00488281,-0.96582,1.00146,-0.183105,-0.671387,-28.2593,1
2248.27,0.0610352,-0.875977,0.953613,1.09863,0.12207,-27.3438,1
2248.28,0.0249023,-0.737305,0.954102,-0.244141,0.183105,-27.8931,1
2248.29,0.0107422,-1.04785,0.948242,-0.12207,0.305176,-27.4658,1
2248.3,-0.0268555,-0.833984,0.940918,2.13623,0.427246,-26.7944,1
2248.31,-0.0263672,-0.79248,0.957031,0.732422,0.976562,-27.5879,1
2248.32,-4.882812e-04,-0.999023,0.946777,2.31934,0.305176,-26.6113,1
2248.33,0.0419922,-0.814941,0.85791,2.74658,0.671387,-26.7334,1
2248.34,-0.03125,-0.969727,0.937012,2.50244,1.83105,-26.123,1
2248.35,-0.136719,-0.945801,1.10205,3.35693,1.64795,-25.8179,1
2248.36,-0.0922852,-0.773926,0.98291,2.44141,1.52588,-26.1841,1
2248.37,-0.0551758,-0.953613,0.924316,2.31934,2.31934,-26.001,1
2248.38,-0.043457,-0.922363,0.880859,4.3335,1.64795,-25.5127,1
2248.39,-0.0532227,-0.699219,0.881348,2.92969,2.19727,-26.3062,1
2248.4,-0.0839844,-0.946289,1.04199,1.34277,2.62451,-26.2451,1
2248.41,-0.0683594,-0.853516,1.0249,2.80762,2.13623,-25.3906,1
2248.42,-0.0634766,-0.77832,0.94043,0.366211,2.68555,-26.4282,1
2248.43,-0.105469,-0.984375,0.943359,1.89209,2.44141,-25.2686,1
2248.44,-0.09375,-0.756348,0.922852,1.15967,2.13623,-26.7334,1
2248.45,-0.0776367,-0.812988,0.899414,0.305176,2.80762,-26.7944,1
2248.46,-0.110352,-0.950195,0.914551,1.70898,2.74658,-26.001,1
2248.47,-0.110352,-0.745605,1.02051,1.83105,2.31934,-26.6724,1
2248.47,-0.0727539,-0.711426,0.9375,1.0376,2.56348,-27.0386,1
2248.48,-0.0820312,-0.97998,0.929688,2.13623,3.05176,-26.6113,1
2248.49,-0.0849609,-0.776855,0.905273,2.74658,1.40381,-27.0996,1
2248.5,-0.034668,-0.875,0.888672,1.28174,2.2583,-27.2827,1
2248.51,-0.0576172,-0.92627,0.965332,2.92969,2.19727,-26.5503,1
2248.52,-0.0800781,-0.831055,0.985352,1.0376,1.64795,-28.1982,1
2248.53,-0.0463867,-0.867676,0.95459,2.0752,1.77002,-27.0386,1
2248.54,-0.059082,-0.84082,0.947754,1.46484,1.70898,-27.71,1
2248.55,0.0517578,-0.845703,0.974609,1.15967,0.671387,-27.6489,1
2248.56,0.117676,-0.743652,0.980469,0.0610352,1.0376,-28.0151,1
2248.57,0.12793,-1.03174,0.994141,0,0.854492,-27.4048,1
2248.58,0.0825195,-0.745605,1.00488,1.34277,-0.12207,-27.6489,1
2248.59,0.106934,-0.82666,0.994629,-1.58691,0.427246,-28.3203,1
2248.6,0.10791,-0.974609,0.929199,0.976562,-0.305176,-27.1606,1
2248.61,0.109375,-0.799316,0.96582,1.15967,-0.0610352,-27.71,1
2248.62,0.174805,-0.726074,0.97998,1.2207,-0.549316,-27.5879,1
2248.63,0.152344,-0.952637,0.987305,1.09863,0.12207,-27.6489,1
2248.64,0.0883789,-0.816406,0.969238,4.39453,-0.549316,-26.2451,1
2248.65,0.0751953,-0.733398,0.916504,2.2583,-0.427246,-27.4048,1
2248.66,0.121094,-1.00879,0.90332,4.45557,-0.12207,-25.8789,1
2248.67,0.15332,-0.76123,0.910645,5.79834,0.0610352,-25.7568,1
2248.68,0.191895,-0.759766,0.971191,3.84521,-0.183105,-26.062,1
2248.69,0.147461,-0.962891,0.929199,5.06592,-0.244141,-24.9023,1
2248.7,0.126465,-0.77832,1.00195,5.49316,-0.183105,-24.7192,1
2248.71,0.125488,-0.847656,0.927246,3.41797,0.610352,-24.6582,1
2248.72,0.128906,-0.799316,0.945312,3.41797,0.12207,-24.1699,1
2248.73,0.17334,-0.745117,0.983887,1.77002,0.732422,-24.353,1
2248.74,0.210938,-0.822266,0.992188,1.89209,0.610352,-23.4985,1
2248.75,0.174316,-0.87207,1.02246,2.0752,0.244141,-23.6206,1
2248.76,0.175781,-0.818848,0.997559,1.95312,0.305176,-23.5596,1
2248.77,0.163574,-0.77002,0.958008,2.38037,0.671387,-23.2544,1
2248.78,0.162109,-0.852539,0.972656,1.83105,0.732422,-23.4985,1
2248.79,0.149902,-0.724121,0.960938,1.52588,0.0610352,-23.5596,1
2248.8,0.164551,-0.88916,0.854004,1.34277,0.549316,-23.2544,1
2248.81,0.120605,-0.841309,0.96582,3.479,0.549316,-23.0713,1
2248.82,0.152344,-0.654785,0.945801,2.13623,0.488281,-23.9868,1
2248.83,0.140137,-0.820801,0.92334,2.44141,1.28174,-22.9492,1
2248.83,0.0395508,-0.734863,0.957031,2.62451,0.793457,-22.8271,1
2248.84,0.00195312,-0.830566,0.931152,1.09863,0.976562,-23.3154,1
2248.85,-0.0366211,-0.936523,0.912109,2.31934,1.83105,-22.3389,1
2248.86,-0.0610352,-0.717285,0.975098,2.44141,2.01416,-22.583,1
2248.87,-0.012207,-0.679199,0.970703,0.488281,1.83105,-23.6206,1
2248.88,-0.0209961,-0.859375,0.957031,1.77002,2.38037,-22.583,1
2248.89,-0.0556641,-0.677246,0.971191,2.44141,2.50244,-22.522,1
2248.9,-0.0683594,-0.78418,0.949707,0.793457,3.11279,-23.4985,1
2248.91,-0.0561523,-0.894043,0.900879,3.479,3.23486,-22.0337,1
2248.92,-0.0571289,-0.655762,0.95459,3.35693,3.479,-23.0713,1
2248.93,-0.0698242,-0.796875,0.950684,1.46484,3.78418,-23.6816,1
2248.94,-0.0791016,-0.910156,0.957031,3.05176,4.02832,-22.7051,1
2248.95,-0.114746,-0.572266,0.938965,2.80762,4.02832,-23.5596,1
2248.96,-0.0786133,-0.717285,0.882324,0.183105,4.15039,-24.4141,1
2248.97,-0.0566406,-0.766113,0.913086,2.19727,3.66211,-23.1934,1
2248.98,-0.0639648,-0.484375,0.946289,0.976562,3.41797,-24.292,1
2248.99,-0.0268555,-0.777832,0.888672,-0.427246,3.23486,-24.353,1
2249,-0.0415039,-0.777832,0.871582,1.89209,2.80762,-23.5596,1
2249.01,-0.0288086,-0.638184,0.881836,-0.0610352,2.56348,-25.0244,1
2249.02,0.0219727,-0.867676,0.908203,0,2.01416,-24.7803,1
2249.03,0.0581055,-0.715332,0.911133,0.305176,1.52588,-25.2075,1
2249.04,0.0537109,-0.748047,1.00244,-2.38037,1.15967,-26.3672,1
2249.05,0.0605469,-0.851074,0.986328,-1.34277,0.732422,-25.1465,1
2249.06,0.0439453,-0.652344,1.01025,-1.77002,0.793457,-25.6348,1
2249.07,0.0644531,-0.686523,1.03857,-3.23486,0.427246,-26.001,1
2249.08,0.0600586,-0.818848,1.03271,-3.2959,0,-25.6348,1
2249.09,0.0830078,-0.869629,1.00293,-2.74658,-0.488281,-25.0854,1
2249.1,0.0478516,-0.858887,1.05566,-4.02832,-0.976562,-25.7568,1
2249.11,0.0551758,-0.932129,1.11865,-5.18799,-0.854492,-26.4893,1
2249.12,0.0488281,-0.786621,1.09473,-4.76074,-0.671387,-25.7568,1
2249.13,0.00341797,-0.6875,1.10205,-5.98145,-0.610352,-26.4282,1
2249.14,0.0449219,-0.836914,1.0918,-5.06592,-0.488281,-26.123,1
2249.14,-0.00195312,-0.84375,0.999023,-3.72314,-0.488281,-25.6958,1
2249.15,-0.00292969,-0.957031,0.998047,-3.2959,-0.732422,-26.123,1
2249.16,-0.0126953,-0.88623,1.06543,-2.50244,-1.09863,-26.123,1
2249.17,-0.00292969,-0.830078,1.0835,-3.78418,-0.366211,-26.9775,1
2249.18,0.0078125,-0.921875,1.09619,-2.01416,-0.0610352,-26.001,1
2249.19,-0.034668,-0.803711,1.03613,-0.0610352,-0.244141,-25.5737,1
2249.2,-0.0273438,-0.876953,1.02246,0.305176,-0.305176,-26.3062,1
2249.21,-0.0424805,-0.844727,1.01025,3.05176,0.244141,-25.3906,1
2249.22,-0.0361328,-0.828613,1.0083,2.31934,0,-26.4282,1
2249.23,0.0283203,-1.00635,1.02881,4.02832,0,-25.3296,1
2249.24,-0.00732422,-0.794434,1.05322,6.16455,0.0610352,-24.9023,1
2249.25,0.0317383,-0.883301,0.995605,5.49316,0.549316,-26.123,1
2249.26,0.0107422,-0.913574,0.964844,7.69043,0.427246,-25.1465,1
2249.27,0.0253906,-0.733887,0.972656,6.71387,0.732422,-25.5127,1
2249.28,-0.0170898,-0.946289,0.972656,6.04248,0.366211,-25.0854,1
2249.29,-0.012207,-0.837402,1.01221,7.99561,0.854492,-24.231,1
2249.3,0.0131836,-0.637695,0.942871,5.00488,1.58691,-25.8179,1
2249.31,0.0366211,-0.95166,0.904785,4.57764,1.15967,-24.9023,1
2249.32,0.0341797,-0.701172,0.919922,5.37109,0.732422,-24.9023,1
2249.33,0.0610352,-0.62207,0.916992,2.44141,1.46484,-25.3906,1
2249.34,0.00390625,-0.907227,0.930176,2.0752,1.77002,-24.5972,1
2249.35,-0.0415039,-0.776367,0.973633,2.74658,1.52588,-24.353,1
2249.36,-0.0454102,-0.777344,0.892578,1.40381,2.0752,-25.0244,1
2249.37,-0.00341797,-0.782715,0.883789,1.95312,2.0752,-24.8413,1
2249.38,-0.00976562,-0.677246,0.900391,0.915527,2.44141,-25.8179,1
2249.39,0.0078125,-0.82666,0.92334,-0.366211,2.56348,-25.8789,1
2249.4,-0.0576172,-0.742188,0.942871,0.488281,2.2583,-25.0854,1
2249.41,-0.0566406,-0.838867,0.972168,-1.0376,3.11279,-25.9399,1
2249.42,-0.0737305,-0.852051,0.945312,0.976562,2.92969,-24.9023,1
2249.42,-0.0517578,-0.629883,0.895996,-0.305176,3.11279,-26.001,1
2249.43,-0.0200195,-0.844727,0.912109,-1.15967,2.62451,-26.4282,1
2249.44,-0.0356445,-0.819336,0.835449,0.427246,2.38037,-25.9399,1
2249.45,-0.0400391,-0.763184,0.852539,-0.854492,3.23486,-27.2217,1
2249.46,-0.0717773,-0.810547,0.937012,-1.34277,2.31934,-27.2217,1
2249.47,-0.0537109,-0.80127,0.899414,-1.46484,2.80762,-27.3438,1
2249.48,-0.0761719,-0.723633,0.897949,-1.52588,2.50244,-27.4658,1
2249.49,-0.0732422,-0.78125,0.946777,-2.80762,2.0752,-28.4424,1
2249.5,-0.0703125,-0.859375,0.893555,-1.64795,2.01416,-28.0762,1
2249.51,-0.0771484,-0.735352,0.905273,-1.2207,1.70898,-28.4424,1
2249.52,-0.0761719,-0.902344,0.891113,-1.70898,2.13623,-29.1138,1
2249.53,-0.116699,-0.894043,0.929199,-0.366211,1.2207,-28.8086,1
2249.54,-0.125488,-0.72998,0.974121,-1.28174,1.15967,-29.6631,1
2249.55,-0.0878906,-0.828613,0.92627,-1.64795,1.70898,-29.9072,1
2249.56,-0.102051,-0.904297,0.904785,0.244141,1.70898,-29.2358,1
2249.57,-0.0878906,-0.789551,0.919922,0.610352,1.40381,-29.541,1
2249.58,-0.10791,-0.89209,0.921875,0.915527,2.01416,-29.8462,1
2249.59,-0.108887,-0.851074,0.903809,2.2583,2.2583,-29.2358,1
2249.6,-0.109863,-0.804199,0.933105,0.732422,2.2583,-30.2734,1
2249.61,-0.0883789,-0.966309,0.958496,0.732422,2.31934,-29.7852,1
2249.62,-0.0859375,-0.791992,0.922852,1.34277,2.31934,-29.6631,1
2249.63,-0.0825195,-0.875977,0.946289,0.793457,3.23486,-29.8462,1
2249.64,-0.121582,-0.816406,0.950684,1.77002,2.56348,-29.541,1
2249.65,-0.145508,-0.925293,0.946289,0.549316,3.41797,-30.0903,1
2249.66,-0.128906,-0.961426,1.01025,1.89209,2.92969,-28.8696,1
2249.67,-0.0986328,-0.758789,1.05908,0.427246,2.86865,-29.9072,1
2249.68,-0.0546875,-1.02295,0.92041,0.244141,3.72314,-29.8462,1
2249.69,-0.0771484,-1.00049,0.9375,2.68555,3.72314,-29.1138,1
2249.7,-0.0981445,-0.770996,0.98291,1.0376,3.23486,-30.4565,1
2249.71,-0.0732422,-0.975586,0.969727,1.0376,3.66211,-29.48,1
2249.71,-0.0805664,-0.911621,1.01953,2.80762,3.90625,-28.8086,1
2249.72,-0.0810547,-0.749512,0.980957,1.46484,3.2959,-30.5176,1
2249.73,-0.0566406,-0.984375,0.888184,2.68555,3.90625,-29.2969,1
2249.74,-0.0952148,-0.695801,0.887207,3.78418,2.62451,-30.0903,1
2249.75,-0.0341797,-0.891113,0.817871,0.976562,2.44141,-30.7007,1
2249.76,-0.0478516,-1.03711,0.88916,4.82178,2.56348,-29.2358,1
2249.77,-0.0732422,-0.762695,0.995117,2.56348,2.01416,-31.1279,1
2249.78,0.0161133,-0.945801,0.976562,1.83105,1.95312,-30.3345,1
2249.79,-0.0820312,-0.846191,0.93457,3.479,2.31934,-29.7852,1
2249.8,-0.116699,-0.836426,0.915527,1.2207,1.58691,-31.189,1
2249.81,-0.0527344,-0.889648,0.90918,2.31934,1.0376,-30.4565,1
2249.82,-0.00634766,-0.835449,0.932129,2.56348,2.19727,-30.3955,1
2249.83,-0.0444336,-0.921875,0.911621,1.52588,0.732422,-30.6396,1
2249.84,-0.0405273,-0.945312,0.970703,2.44141,0.854492,-29.7241,1
2249.85,-0.0429688,-0.847656,0.947754,1.28174,1.52588,-30.3955,1
2249.86,-0.0668945,-0.91748,0.958008,0.610352,1.15967,-30.3345,1
2249.87,-0.0205078,-0.844727,0.910156,0.305176,0.915527,-29.7852,1
2249.88,0.0141602,-0.88916,0.963867,-0.732422,1.0376,-30.4565,1
2249.89,0.0112305,-0.849609,1.00391,-0.488281,0.488281,-30.1514,1
2249.9,0.0727539,-0.790039,0.963867,-1.83105,0.305176,-30.2734,1
2249.91,0.0302734,-1.06689,0.994141,-1.46484,0.305176,-29.4189,1
2249.92,0.0146484,-0.819336,1.00439,0.183105,-0.366211,-29.6631,1
2249.93,0.0415039,-0.802246,0.934082,-1.77002,0.305176,-30.2734,1
2249.94,0.0581055,-0.930664,0.909668,-0.488281,-0.610352,-29.541,1
2249.95,0.116699,-0.934082,0.936035,-1.0376,-0.915527,-30.0293,1
2249.96,0.0864258,-1.00098,0.989258,-0.244141,-0.976562,-29.541,1
2249.97,0.0146484,-1.05566,1.06445,0.305176,-0.732422,-29.1748,1
2249.98,0.100586,-0.785156,1.03467,1.52588,-1.09863,-28.9917,1
2249.99,0.104004,-0.834961,0.927734,-0.305176,-0.732422,-29.1138,1
2250,0.097168,-1.03564,0.912109,1.0376,-1.77002,-28.5645,1
2250.01,0.0786133,-0.887207,0.990723,0.732422,-1.70898,-29.1748,1
2250.02,0.116699,-0.925293,0.959473,0.793457,-1.28174,-28.3813,1
2250.03,0.0888672,-1.02051,0.972656,0.854492,-1.0376,-28.3813,1
2250.04,0.111816,-0.913574,1.00684,1.2207,-2.01416,-28.2593,1
2250.05,0.103027,-0.886719,0.938477,0.976562,-1.2207,-28.0151,1
2250.06,0.0405273,-1.02637,0.996094,1.64795,-0.671387,-26.9775,1
2250.07,0.0649414,-0.87793,0.963379,2.19727,-0.793457,-26.9165,1
2250.07,0.0849609,-0.845703,0.939453,1.83105,0.671387,-26.7944,1
2250.08,0.0361328,-0.940918,0.927246,2.92969,0.305176,-25.7568,1
2250.09,0.0273438,-0.893555,0.915039,3.05176,0.549316,-25.5737,1
2250.1,-0.00195312,-0.891113,0.950684,2.92969,0.976562,-25.4517,1
2250.11,-0.03125,-0.935059,0.921875,4.02832,2.62451,-24.5361,1
2250.12,-0.0600586,-0.913574,0.938477,3.54004,3.11279,-24.292,1
2250.13,-0.00439453,-0.879883,0.976562,2.44141,2.50244,-24.292,1
2250.14,-0.0561523,-0.978027,0.962891,2.86865,3.66211,-23.3765,1
2250.15,-0.116211,-0.930664,0.993164,2.31934,3.60107,-23.8037,1
2250.16,-0.0844727,-0.748535,1.02979,0.305176,3.96729,-24.4751,1
2250.17,-0.0561523,-1.01172,0.936523,-0.793457,5.18799,-24.1699,1
2250.18,-0.0927734,-0.919922,1.00732,0.732422,4.69971,-23.9868,1
2250.19,-0.0952148,-0.693848,1.00635,-1.52588,4.21143,-25.4517,1
2250.2,-0.097168,-0.98877,0.994629,-0.976562,4.5166,-24.4141,1
2250.21,-0.12207,-0.903809,0.960449,1.52588,4.15039,-24.4751,1
2250.22,-0.0727539,-0.834961,0.869141,0.488281,4.82178,-26.001,1
2250.23,-0.0415039,-0.964844,0.903809,1.58691,3.84521,-25.9399,1
2250.24,-0.0888672,-0.818359,0.949219,2.31934,2.74658,-26.7334,1
2250.25,-0.015625,-0.817871,0.880371,3.35693,2.56348,-26.8555,1
2250.26,-0.125977,-0.886719,0.834473,4.69971,2.62451,-27.4048,1
2250.27,-0.0849609,-0.70752,0.841797,4.94385,1.2207,-28.3203,1
2250.28,-0.0522461,-0.727051,0.870117,3.84521,1.46484,-28.5645,1
2250.29,-0.0800781,-0.889648,0.921875,3.60107,-0.12207,-28.6255,1
2250.3,-0.0449219,-0.936523,0.935547,3.35693,-0.915527,-29.541,1
2250.31,-0.09375,-0.916992,0.98291,3.60107,0.0610352,-29.6021,1
2250.32,-0.0615234,-0.727051,0.990723,2.01416,-0.427246,-30.3955,1
2250.33,-0.0493164,-0.911621,0.959961,-0.671387,-0.732422,-30.4565,1
2250.34,-0.0668945,-1.07666,1.0625,0.793457,-0.732422,-28.8086,1
2250.35,-0.0566406,-0.797363,1.05078,-0.549316,-0.610352,-29.7852,1
2250.36,-0.0288086,-0.92627,1.02148,-2.74658,0.305176,-29.9683,1
2250.37,-0.0483398,-0.984863,1.00439,-0.915527,0.183105,-28.8086,1
2250.38,-0.0546875,-0.811035,1.0542,-2.0752,0.183105,-29.7241,1
2250.39,-0.0483398,-0.920898,1.03076,-3.17383,0.427246,-29.9072,1
2250.39,-0.0551758,-0.972656,1.05078,-1.40381,0.671387,-28.8086,1
2250.4,-0.0688477,-0.784668,0.98291,-1.77002,0.549316,-29.1138,1
2250.41,-0.0185547,-1.0166,1.02295,-2.44141,1.0376,-29.2358,1
2250.42,-0.0380859,-0.911133,1.02197,0,0.793457,-28.1372,1
2250.43,-0.0620117,-0.794434,1.02783,-2.56348,0.610352,-29.7241,1
2250.44,-0.0600586,-1.09033,1.00293,-0.854492,0.549316,-28.0762,1
2250.45,-0.0488281,-0.822266,0.99707,0.610352,0.793457,-28.3813,1
2250.46,-0.0629883,-0.87207,0.976074,-0.915527,1.58691,-28.9307,1
2250.47,-0.0478516,-0.947266,0.970703,1.70898,1.34277,-27.6489,1
2250.48,-0.0722656,-0.856445,1.01807,1.46484,1.89209,-28.3203,1
2250.49,-0.0517578,-0.98877,1.02686,2.13623,1.09863,-28.2593,1
2250.5,-0.116211,-0.86377,0.992188,3.54004,1.64795,-27.71,1
2250.51,-0.101074,-0.819336,0.933105,3.41797,2.68555,-28.0151,1
2250.52,-0.134277,-0.909668,0.958984,3.17383,2.68555,-28.5034,1
2250.53,-0.0859375,-0.938477,0.916992,3.78418,2.0752,-28.1982,1
2250.54,-0.0893555,-0.714355,0.940918,3.41797,1.46484,-28.0762,1
2250.55,-0.0742188,-0.946289,1.0083,2.13623,2.01416,-28.4424,1
2250.56,-0.0712891,-0.955078,0.995117,5.18799,1.70898,-27.5269,1
2250.57,-0.090332,-0.745605,0.925293,3.60107,2.56348,-28.9307,1
2250.58,-0.0854492,-0.905762,0.880859,3.2959,1.46484,-28.3813,1
2250.59,-0.102051,-0.904785,0.916016,3.54004,1.70898,-28.0762,1
2250.6,-0.0825195,-0.740723,0.915039,3.05176,1.77002,-28.3203,1
2250.61,-0.0849609,-0.947754,0.908203,1.64795,2.68555,-28.6865,1
2250.62,-0.0576172,-0.90332,0.935059,3.11279,2.19727,-28.1982,1
2250.63,-0.078125,-0.700195,0.927246,1.09863,2.2583,-29.3579,1
2250.64,-0.0869141,-0.947266,0.936035,0.793457,2.44141,-28.5034,1
2250.65,-0.130859,-0.822754,0.94873,2.31934,2.19727,-28.1982,1
2250.66,-0.0751953,-0.705078,0.891113,0.305176,2.74658,-29.6631,1
2250.67,-0.0439453,-0.952637,0.85498,1.15967,2.2583,-28.6865,1
2250.68,-0.0566406,-0.915039,0.869629,1.70898,1.52588,-29.2358,1
2250.68,0.0161133,-0.765137,0.948242,0.488281,0.671387,-29.7241,1
2250.69,0.0161133,-1.01172,1.02393,-0.732422,1.40381,-29.7852,1
2250.7,0.0444336,-0.867188,0.970215,1.2207,1.34277,-28.6255,1
2250.71,0.0205078,-0.728516,0.893555,-0.793457,1.89209,-29.6631,1
2250.72,-0.00292969,-1.00635,0.916992,0,0.854492,-29.0527,1
2250.73,0.0131836,-0.747559,0.889648,1.64795,0.793457,-28.9307,1
2250.74,0.0737305,-0.777832,0.894531,-0.732422,0.976562,-29.7852,1
2250.75,0.0546875,-1.0918,0.928223,-0.305176,0.183105,-29.541,1
2250.76,0.0322266,-0.893066,0.985352,1.64795,0.305176,-28.9307,1
2250.77,0.0180664,-0.730957,0.925781,-0.976562,0.305176,-30.1514,1
2250.78,-0.00195312,-1.01123,0.934082,-0.0610352,0.12207,-29.0527,1
2250.79,0.0229492,-0.862305,0.882812,2.50244,-0.12207,-28.8696,1
2250.8,0.0683594,-0.779785,0.922363,0.976562,-0.0610352,-29.9683,1
2250.81,0.0888672,-1.05469,0.963379,0.854492,-0.427246,-29.1138,1
2250.82,0.0527344,-0.855469,0.955078,2.80762,-0.366211,-27.8931,1
2250.83,-0.0214844,-0.79834,0.999023,-0.488281,-0.0610352,-29.48,1
2250.84,0.0610352,-1.01465,0.952637,0.976562,0,-28.1372,1
2250.85,0.050293,-0.848633,0.917969,1.64795,0.366211,-28.1372,1
2250.86,0.0571289,-0.950195,0.976562,-0.244141,-0.488281,-28.9307,1
2250.87,0.0302734,-0.941406,0.960938,1.52588,0,-27.4048,1
2250.88,0.00585938,-0.73584,1.02051,0.305176,0.610352,-28.0151,1
2250.89,0.0507812,-0.994141,0.919922,-0.427246,0,-27.5269,1
2250.9,0.0302734,-0.937012,0.898926,1.58691,0.610352,-26.8555,1
2250.91,-0.0239258,-0.816406,0.939941,0.0610352,0.732422,-27.5269,1
2250.92,-0.0249023,-0.918457,1.04297,-0.427246,0.793457,-27.3438,1
2250.93,-0.0141602,-0.828613,0.98584,0.12207,1.34277,-26.4282,1
2250.94,-0.0151367,-0.956543,0.94873,-0.366211,1.34277,-26.7944,1
2250.95,-0.0170898,-1.0166,1.01514,0.976562,1.2207,-26.3672,1
2250.96,-0.0078125,-0.899414,1.01123,0.915527,2.0752,-26.7944,1
2250.97,-0.0180664,-0.860352,0.948242,1.2207,2.62451,-26.3062,1
2250.97,-0.0195312,-0.819824,0.97998,0.671387,1.70898,-26.4893,1
2250.98,0.0239258,-1.05566,0.962402,0.366211,1.83105,-26.5503,1
2250.99,9.765625e-04,-0.86377,0.977051,3.11279,2.0752,-25.6348,1
2251,-0.0644531,-0.808105,1.0498,0.0610352,2.2583,-27.2827,1
2251.01,0.0107422,-1.01172,0.981445,1.40381,1.58691,-26.123,1
2251.02,0.012207,-0.79834,0.924805,1.95312,1.89209,-26.123,1
2251.03,0.0322266,-0.991211,0.979492,0.12207,1.0376,-26.9165,1
2251.04,0.0644531,-0.900879,1.01709,2.44141,0.976562,-26.1841,1
2251.05,-0.0141602,-0.73584,0.935059,1.64795,1.83105,-26.8555,1
2251.06,0.00537109,-0.903809,0.928711,1.34277,0.549316,-26.7944,1
2251.07,-0.0185547,-0.913574,0.88916,2.68555,0.793457,-26.4282,1
2251.08,-0.0400391,-0.812012,0.943359,2.38037,1.34277,-26.5503,1
2251.09,-0.0717773,-0.894531,1.00098,1.28174,1.58691,-27.71,1
2251.1,-0.065918,-0.848145,0.981934,3.05176,1.15967,-26.7944,1
2251.11,-0.0629883,-0.924805,0.951172,1.0376,1.2207,-27.9541,1
2251.12,-0.0400391,-0.866211,0.9375,3.35693,0.183105,-26.5503,1
2251.13,-0.131836,-0.835449,0.992676,1.2207,1.64795,-27.71,1
2251.14,-0.10791,-1.05078,0.995605,2.44141,1.28174,-27.0386,1
2251.15,-0.106445,-0.801758,0.975586,3.41797,1.95312,-27.2217,1
2251.16,-0.0703125,-0.991699,1.01221,0.854492,1.77002,-28.2593,1
2251.17,-0.0712891,-0.933105,0.922363,3.479,1.40381,-27.0996,1
2251.18,-0.0825195,-0.71582,0.955566,1.64795,2.68555,-28.3813,1
2251.19,-0.171387,-0.929688,0.991211,1.34277,2.19727,-27.8931,1
2251.2,-0.145996,-0.854004,0.945801,2.99072,3.35693,-27.3438,1
2251.21,-0.124023,-0.783203,0.880859,2.68555,3.72314,-27.4658,1
2251.22,-0.140625,-0.820801,0.923828,2.13623,3.23486,-28.5645,1
2251.23,-0.065918,-0.873535,0.915039,2.56348,3.54004,-28.0762,1
2251.24,-0.131348,-0.839355,0.9375,3.11279,3.479,-28.2593,1
2251.25,-0.183105,-0.876465,0.894043,1.34277,3.05176,-29.1748,1
2251.26,-0.166992,-0.925293,0.903809,2.74658,4.15039,-28.6865,1
2251.27,-0.189453,-0.71875,0.95459,2.62451,4.21143,-29.1138,1
2251.28,-0.100098,-0.855469,0.900879,1.09863,3.96729,-29.7241,1
2251.29,-0.0976562,-0.850098,0.9375,3.11279,3.66211,-28.7476,1
2251.3,-0.14502,-0.791992,0.945312,1.34277,3.41797,-30.2734,1
2251.31,-0.0849609,-0.909668,0.868164,0.915527,3.23486,-30.2124,1
2251.32,-0.129883,-0.92334,0.919434,1.70898,4.27246,-29.6021,1
2251.33,-0.120605,-0.89209,0.96582,0.610352,3.78418,-30.8228,1
2251.33,-0.117188,-0.851074,0.972656,0.549316,3.479,-31.0059,1
2251.34,-0.101562,-0.851562,0.943359,0.183105,4.08936,-31.1279,1
2251.35,-0.120605,-0.797363,0.897949,0.671387,3.479,-30.4565,1
2251.36,-0.134277,-0.901855,0.931152,-1.28174,3.479,-32.2266,1
2251.37,-0.0776367,-0.825195,0.934082,0.671387,3.23486,-31.311,1
2251.38,-0.139648,-0.740723,0.916992,-1.0376,3.41797,-32.5928,1
2251.39,-0.119629,-1.02197,0.892578,-0.976562,1.34277,-32.5928,1
2251.4,-0.0351562,-0.858887,0.874512,-0.366211,0.793457,-32.8979,1
2251.41,-0.0175781,-0.88916,0.931152,-1.09863,1.70898,-33.0811,1
2251.42,0.0317383,-0.927246,0.976562,-1.58691,0.610352,-33.8135,1
2251.43,0.019043,-0.90625,0.993652,-1.40381,0.0610352,-34.2407,1
2251.44,-0.0131836,-0.867188,0.92627,-0.427246,0.244141,-33.4473,1
2251.45,-0.00146484,-0.955566,0.932617,-1.83105,-0.244141,-34.6069,1
2251.46,0.0375977,-0.977539,0.953613,0.12207,-0.427246,-33.5693,1
2251.47,0.0439453,-0.806641,0.996582,-1.15967,-0.488281,-34.2407,1
2251.48,0.00683594,-0.949219,0.984863,-1.70898,-0.732422,-34.2407,1
2251.49,-0.0102539,-0.955078,0.983398,-0.610352,-1.34277,-33.8135,1
2251.5,0.0078125,-0.939453,0.944336,-1.09863,-1.28174,-34.3018,1
2251.51,-0.00341797,-0.979004,0.974609,-0.183105,-1.15967,-33.7524,1
2251.52,0.00146484,-1.0332,1.00977,-0.366211,-0.854492,-33.6304,1
2251.53,0.0166016,-0.844727,0.977539,0.0610352,-1.46484,-32.8979,1
2251.54,-0.0859375,-0.939941,0.98584,-0.976562,-0.366211,-32.959,1
2251.54,-0.0986328,-1.04541,1.03223,0.183105,-1.15967,-32.2266,1
2251.55,-0.0537109,-0.894043,0.993164,0.183105,-0.671387,-32.8369,1
2251.56,-0.0551758,-1.18164,0.901855,0.915527,0,-31.7993,1
2251.57,-0.108398,-1.09424,1.11572,2.80762,-0.488281,-32.0435,1
2251.58,-0.0717773,-0.813965,1.10352,1.83105,0.671387,-32.0435,1
2251.59,-0.132812,-0.830078,0.948242,0.732422,0.488281,-31.189,1
2251.6,-0.100586,-1.125,0.971191,0,0.244141,-31.4331,1
2251.61,-0.0380859,-0.958496,1.02051,2.92969,0.427246,-30.4565,1
2251.62,-0.116699,-0.941406,0.977051,0.671387,2.0752,-31.6772,1
2251.63,-0.159668,-1.06006,0.979004,1.83105,0.976562,-30.4565,1
2251.64,-0.174316,-0.855469,1.00391,1.52588,1.64795,-30.6396,1
2251.65,-0.17041,-0.927734,1.00293,0.671387,2.0752,-30.9448,1
2251.66,-0.0576172,-0.950684,0.860352,2.13623,2.19727,-30.2124,1
2251.67,-0.13623,-0.905273,0.964355,2.50244,2.31934,-30.4565,1
2251.68,-0.118652,-0.919434,0.845703,2.13623,2.56348,-30.5176,1
2251.69,-0.115723,-0.769043,0.856934,2.99072,2.80762,-30.0293,1
2251.7,-0.152344,-1.03418,0.936523,0.549316,3.17383,-31.0059,1
2251.71,-0.0380859,-0.873535,0.925293,3.78418,2.13623,-29.6021,1
2251.72,-0.0966797,-0.709961,0.947754,2.31934,3.84521,-30.8838,1
2251.73,-0.0874023,-1.1084,0.881836,3.2959,2.99072,-30.2734,1
2251.74,-0.177246,-0.958008,0.859375,6.71387,2.92969,-29.4189,1
2251.75,-0.155762,-0.742188,0.964844,3.78418,3.23486,-31.25,1
2251.76,-0.132324,-1.2041,1.04736,3.72314,3.72314,-30.4565,1
2251.77,-0.0932617,-0.833984,1.06787,5.5542,3.11279,-30.2734,1
2251.78,-0.0541992,-0.767578,0.969238,2.13623,3.17383,-30.7007,1
2251.79,-0.0375977,-1.15967,0.998047,3.60107,2.80762,-30.2124,1
2251.8,0.0424805,-0.895996,0.888672,4.39453,2.50244,-30.4565,1
2251.81,0.046875,-0.748535,0.897949,1.64795,1.89209,-31.7383,1
2251.82,-0.0229492,-1.12158,0.963379,0.305176,1.2207,-31.4941,1
2251.83,0.0136719,-0.88623,0.963379,2.13623,0.854492,-31.189,1
2251.84,0.0117188,-0.733398,0.904297,-1.0376,1.64795,-32.1045,1
2251.85,0.0390625,-0.893066,0.833496,-0.732422,0.183105,-31.7993,1
2251.86,0.0405273,-0.887695,0.80957,-0.305176,-0.366211,-31.8604,1
2251.86,0.112793,-0.753418,0.863281,-0.427246,-1.09863,-32.1045,1
2251.87,0.0991211,-0.978027,0.930176,-1.40381,-0.183105,-32.2876,1
2251.88,0.0644531,-1.09521,1.01367,2.13623,-0.793457,-31.1279,1
2251.89,0.0786133,-0.79541,0.883789,2.44141,-0.793457,-31.9824,1
2251.9,0.0556641,-0.910156,0.773926,1.70898,-0.549316,-30.9448,1
2251.91,0.0151367,-1.08789,1.00244,1.34277,-0.976562,-32.0435,1
2251.92,0.19873,-0.80127,0.98877,2.68555,-0.610352,-30.7007,1
2251.93,0.109863,-0.79541,0.989746,0.610352,0.183105,-30.3345,1
2251.94,0.0795898,-1.3042,0.968262,1.28174,-0.183105,-29.48,1
2251.95,0.0117188,-0.829102,0.967773,4.94385,0.183105,-28.9917,1
2251.96,0.0224609,-0.782227,0.928223,-0.183105,1.58691,-30.0903,1
2251.97,0.0917969,-1.11865,0.993164,0,0.427246,-28.6865,1
2251.98,0.115723,-0.746094,1.09424,-1.09863,1.15967,-28.5645,1
2251.99,0.121582,-0.78418,0.977539,-3.54004,1.64795,-28.0151,1
2252,0.0864258,-1.14404,0.848145,-2.50244,2.13623,-27.6489,1
2252.01,0.0234375,-0.96875,0.908691,0,2.2583,-26.9165,1
2252.02,0.0141602,-0.84082,0.908691,-2.74658,2.99072,-27.5269,1
2252.03,-0.0742188,-1.12061,1.0459,-1.52588,2.68555,-26.3062,1
2252.04,-0.0141602,-0.711914,1.05957,-0.244141,3.11279,-26.7944,1
2252.05,0.0932617,-0.958496,0.902832,-1.64795,3.72314,-26.4893,1
2252.06,0.11084,-1.04199,0.802734,2.0752,2.99072,-25.7568,1
2252.07,-4.882812e-04,-0.86084,0.859863,0.549316,2.68555,-26.7944,1
2252.08,-0.0722656,-0.989746,1.06006,3.35693,3.17383,-25.0244,1
2252.09,-0.0693359,-0.731934,1.01953,1.28174,3.479,-26.3672,1
2252.1,-0.00683594,-1.09131,0.980469,0.183105,2.99072,-26.062,1
2252.11,-0.081543,-0.908203,0.901367,3.2959,2.80762,-25.5737,1
2252.12,-0.0844727,-0.778809,0.902832,0.671387,3.41797,-26.6113,1
2252.13,-0.120605,-1.08887,0.963867,0.549316,2.62451,-26.6724,1
2252.14,-0.0537109,-0.84375,0.938965,0.549316,3.05176,-26.6113,1
2252.15,-0.0800781,-0.883789,0.966797,-1.89209,3.35693,-26.6724,1
2252.16,-0.140625,-1.02441,1.11621,-1.0376,2.19727,-26.6113,1
2252.17,-0.115234,-0.818359,1.02734,-0.244141,2.86865,-27.0386,1
2252.18,-0.154785,-0.854004,0.836914,-1.0376,3.54004,-27.4658,1
2252.19,-0.174805,-1.04395,0.865723,-0.427246,2.56348,-27.5879,1
2252.2,-0.179199,-0.953613,1.0127,1.15967,1.77002,-27.832,1
2252.21,-0.123047,-0.766113,1.03955,0.793457,2.2583,-28.5645,1
2252.21,-0.141113,-0.942383,0.971191,1.09863,1.95312,-28.8696,1
2252.22,-0.210938,-1.01807,0.970215,3.41797,0.671387,-28.6255,1
2252.23,-0.164551,-0.846191,0.898438,4.02832,1.28174,-28.8696,1
2252.24,-0.18457,-0.936035,0.978516,2.56348,1.46484,-30.1514,1
2252.25,-0.149902,-1.04346,1.02979,4.39453,0,-29.8462,1
2252.26,-0.120117,-0.631836,0.96875,4.88281,-0.244141,-30.7617,1
2252.27,-0.127441,-0.911133,0.926758,1.95312,-0.244141,-31.4331,1
2252.28,-0.120117,-1.11084,0.918945,5.5542,-1.2207,-30.4565,1
2252.29,-0.13916,-0.69043,0.952148,4.39453,-1.09863,-31.8604,1
2252.3,-0.0820312,-0.985352,0.991699,1.64795,-0.427246,-31.7383,1
2252.31,-0.129883,-1.05273,1.01074,3.479,-0.915527,-30.9448,1
2252.32,-0.106445,-0.834473,0.960449,0.732422,-0.610352,-32.1045,1
2252.33,-0.0600586,-0.848145,1.01025,-1.09863,-0.793457,-31.9824,1
2252.34,-0.0932617,-1.03076,1.05371,-2.68555,-0.366211,-32.2266,1
2252.35,-0.0185547,-0.942383,1.03662,-1.52588,-1.0376,-30.7617,1
2252.36,-0.0385742,-0.870605,1.09473,-2.50244,-0.12207,-31.25,1
2252.37,0.0424805,-1.05859,0.96875,-1.2207,-0.732422,-30.8228,1
2252.38,0.0566406,-0.921875,0.916504,0.549316,-0.427246,-30.5786,1
2252.39,0.00390625,-1.02686,1.04199,0.549316,-0.305176,-31.0059,1
2252.4,-0.0131836,-0.95166,1.08252,2.99072,-0.854492,-30.2124,1
2252.41,0.0620117,-0.929199,0.98291,3.35693,0.732422,-30.0293,1
2252.42,0.100586,-0.969727,1.06787,3.2959,-0.183105,-29.9072,1
2252.43,0.119629,-1.12744,0.978516,3.96729,-0.244141,-28.6865,1
2252.44,0.0688477,-0.946777,0.896973,6.40869,0.610352,-27.8931,1
2252.45,-0.00732422,-0.774902,1.07227,5.24902,1.15967,-28.8086,1
2252.46,0.0537109,-0.918457,1.0791,5.12695,1.09863,-28.5645,1
2252.47,0.138184,-0.838379,0.896484,5.24902,0.549316,-28.4424,1
2252.48,0.212402,-0.73877,0.789062,3.35693,-0.305176,-28.1982,1
2252.49,0.148926,-1.04053,0.894531,0.915527,0.244141,-28.4424,1
2252.5,0.0708008,-0.892578,0.985352,2.19727,0.183105,-27.5879,1
2252.51,0.0673828,-0.70166,0.894043,-0.488281,0.793457,-28.0762,1
2252.51,0.0341797,-0.922852,0.90918,-2.01416,-0.244141,-27.832,1
2252.52,0.0859375,-0.89209,0.895996,-1.09863,-0.427246,-27.8931,1
2252.53,0.124023,-0.734375,0.970703,-1.15967,0.366211,-28.4424,1
2252.54,0.15332,-0.861816,0.981445,-1.40381,0.549316,-28.0762,1
2252.55,0.143066,-0.975586,0.96582,0.244141,0,-27.5879,1
2252.56,0.150391,-0.789551,0.960449,1.58691,-0.12207,-26.9775,1
2252.57,0.0297852,-0.950195,0.876465,0.549316,0.366211,-27.5269,1
2252.58,-0.00927734,-1.05322,0.915527,2.74658,0.427246,-26.7944,1
2252.59,0.0473633,-0.746094,1.0376,3.78418,0.915527,-27.1606,1
2252.6,0.128418,-0.949707,0.994629,3.2959,0.732422,-27.2217,1
2252.61,0.236328,-1.02148,0.902832,6.10352,0.305176,-26.1841,1
2252.62,0.126953,-0.719238,0.992188,6.22559,0.854492,-26.1841,1
2252.63,0.0957031,-0.926758,0.969238,4.3335,1.15967,-25.9399,1
2252.64,0.0786133,-0.945801,0.938477,5.79834,0.976562,-25.1465,1
2252.65,0.112305,-0.765137,0.881348,4.21143,1.52588,-25.8789,1
2252.66,0.14502,-0.882812,0.959961,2.13623,0.793457,-25.8179,1
2252.67,0.150391,-0.853027,0.958984,2.38037,0.854492,-25.2075,1
2252.68,0.15625,-0.796387,0.928711,1.09863,1.46484,-25.5127,1
2252.69,0.126953,-0.878418,0.924805,0.549316,1.77002,-25.3906,1
2252.7,0.135742,-0.746094,0.94873,0.244141,1.40381,-25.6348,1
2252.71,0.186523,-0.796387,1.01318,-1.15967,1.46484,-26.001,1
2252.72,0.188965,-0.811523,1.08057,-0.854492,0.915527,-25.1465,1
2252.73,0.197266,-0.910645,0.948242,-1.28174,1.34277,-25.6958,1
2252.74,0.141113,-0.906738,0.920898,0.671387,1.2207,-24.8413,1
2252.75,0.0668945,-0.800781,0.930176,0.671387,1.34277,-25.8789,1
2252.76,0.145996,-0.867188,0.944824,1.15967,1.0376,-26.2451,1
2252.77,0.194824,-0.828125,1.05908,3.479,1.34277,-25.5737,1
2252.78,0.272949,-0.77832,1.01904,2.68555,1.0376,-26.062,1
2252.79,0.256348,-0.848633,0.841309,3.54004,0.976562,-25.0854,1
2252.79,0.161621,-0.950195,0.864258,4.3335,1.15967,-25.3296,1
2252.8,0.131348,-0.830566,0.990234,5.67627,0.488281,-25.2686,1
2252.81,0.179688,-0.787598,1.00781,4.45557,0.549316,-26.1841,1
2252.82,0.248535,-0.762207,0.988281,5.00488,-0.12207,-25.6348,1
2252.83,0.280762,-0.736328,0.920898,3.54004,-0.488281,-26.3062,1
2252.84,0.312988,-0.803223,0.82666,3.41797,-1.0376,-26.062,1
2252.85,0.289062,-0.781738,0.87207,3.72314,-1.0376,-25.6348,1
2252.86,0.269043,-0.787109,0.974609,3.78418,-1.2207,-25.5737,1
2252.87,0.261719,-0.809082,0.986816,2.99072,-1.46484,-25.9399,1
2252.88,0.25,-0.789062,1.01953,3.17383,-1.34277,-25.5737,1
2252.89,0.245605,-0.8125,1.05859,2.50244,-1.15967,-26.001,1
2252.9,0.277832,-0.785156,0.984863,2.80762,-1.70898,-25.8179,1
2252.91,0.376465,-0.749023,0.873535,2.80762,-1.77002,-26.2451,1
2252.92,0.399414,-0.832031,0.956543,2.19727,-1.46484,-26.2451,1
2252.93,0.333496,-0.794922,1.00537,1.70898,-1.64795,-25.6348,1
2252.94,0.237305,-0.728516,1.03955,0,-0.976562,-25.6348,1
2252.95,0.246582,-0.849609,1,-0.427246,-1.46484,-24.9634,1
2252.96,0.3125,-0.800293,0.968262,0.610352,-1.70898,-24.6582,1
2252.97,0.453125,-0.663086,0.954102,0,-1.52588,-25.5737,1
2252.98,0.481445,-0.835938,1.00781,-0.793457,-0.671387,-25.1465,1
2252.99,0.37793,-0.797852,1.03516,0,-0.488281,-24.7803,1
2253,0.276855,-0.671875,1.00781,-0.793457,0.0610352,-24.7192,1
2253.01,0.294434,-0.755371,0.981934,-0.671387,0,-24.4751,1
2253.02,0.382324,-0.786133,1.00293,0.671387,-0.0610352,-23.9868,1
2253.03,0.396973,-0.83252,0.961914,1.09863,0.244141,-24.5972,1
2253.04,0.34668,-0.841797,0.943848,3.17383,0,-24.1699,1
2253.05,0.350586,-0.711426,0.98291,3.35693,0.610352,-24.0479,1
2253.06,0.354004,-0.627441,1.05566,1.83105,0.488281,-24.1089,1
2253.07,0.331543,-0.978027,1.06152,1.52588,1.15967,-23.2544,1
2253.08,0.393555,-0.780762,0.983887,4.94385,0.793457,-22.1558,1
2253.09,0.43457,-0.66748,0.88623,2.74658,1.2207,-22.9492,1
2253.1,0.469238,-0.925781,0.991211,3.2959,0.366211,-22.644,1
2253.11,0.407227,-0.61084,1.07129,3.54004,1.34277,-22.3999,1
2253.11,0.314453,-0.710449,0.964355,0.610352,1.52588,-22.583,1
2253.12,0.328613,-0.790039,0.999512,2.31934,0.976562,-21.9727,1
2253.13,0.392578,-0.516602,1.00195,2.2583,1.2207,-22.583,1
2253.14,0.47998,-0.733398,0.941895,1.28174,0.549316,-22.522,1
2253.15,0.469727,-0.779297,0.946777,2.68555,0.427246,-22.0337,1
2253.16,0.326172,-0.586426,0.970215,1.2207,0.610352,-21.7896,1
2253.17,0.234863,-0.781738,0.977051,1.0376,0.976562,-20.9961,1
2253.18,0.370605,-0.652832,1.00879,3.05176,0.305176,-20.752,1
2253.19,0.534668,-0.549805,0.982422,2.38037,0.610352,-20.874,1
2253.2,0.477539,-0.788574,0.938477,2.01416,0.183105,-20.2637,1
2253.21,0.34375,-0.730469,0.921387,3.90625,0,-19.3481,1
2253.22,0.314453,-0.526855,0.960938,3.54004,0.549316,-19.3481,1
2253.23,0.396484,-0.592285,0.991211,3.11279,0.366211,-19.3481,1
2253.24,0.454102,-0.619141,0.985352,3.54004,-0.183105,-18.6768,1
2253.25,0.453125,-0.563477,0.918457,3.17383,-0.610352,-18.1274,1
2253.26,0.445801,-0.643066,0.902344,2.62451,-0.915527,-17.9443,1
2253.27,0.391113,-0.630859,0.943848,3.05176,-1.0376,-18.0054,1
2253.28,0.431641,-0.629395,1,2.80762,-0.793457,-18.0054,1
2253.29,0.486816,-0.651367,0.944336,3.72314,-0.671387,-17.2729,1
2253.3,0.564453,-0.609375,0.911133,1.77002,-1.34277,-17.2119,1
2253.31,0.528809,-0.715332,0.958984,0.244141,-1.70898,-17.1509,1
2253.32,0.473145,-0.718262,1.02197,0.244141,-1.34277,-17.0288,1
2253.33,0.435059,-0.615234,1.06738,0.549316,-1.28174,-17.4561,1
2253.34,0.436035,-0.5625,1.02002,-1.09863,-1.46484,-18.3716,1
2253.35,0.487793,-0.762695,1.04541,-1.0376,-0.976562,-17.8833,1
2253.36,0.532715,-0.664062,1.01758,-0.0610352,-1.40381,-17.5171,1
2253.37,0.587402,-0.611328,1.00684,-1.58691,-1.52588,-18.3105,1
2253.37,0.515137,-0.746094,1.00928,-2.2583,-1.40381,-18.2495,1
2253.38,0.428711,-0.783203,1.06836,-1.89209,-0.488281,-18.0664,1
2253.39,0.409668,-0.609863,1.01123,-2.19727,0.12207,-17.7002,1
2253.4,0.481934,-0.707031,0.977051,-3.66211,0.488281,-18.4326,1
2253.41,0.519043,-0.80127,0.997559,-2.38037,0.366211,-18.2495,1
2253.42,0.468262,-0.619141,1.02002,-1.52588,0.915527,-18.5547,1
2253.43,0.384277,-0.653809,1.01514,-2.74658,0.671387,-19.3481,1
2253.44,0.420898,-0.813965,0.991699,-0.610352,0.427246,-18.6768,1
2253.45,0.434082,-0.582031,0.970703,0.671387,0.976562,-19.043,1
2253.46,0.388184,-0.739258,1.02051,-1.09863,1.40381,-19.7754,1
2253.47,0.353516,-0.865234,1.05078,1.77002,1.09863,-19.3481,1
2253.48,0.370605,-0.578125,1.0249,2.13623,1.95312,-19.7754,1
2253.49,0.405273,-0.724609,0.956055,1.2207,1.77002,-19.8975,1
2253.5,0.38623,-0.836914,0.925293,3.05176,1.70898,-19.3481,1
2253.51,0.399902,-0.587891,0.929199,2.62451,1.70898,-19.5923,1
2253.52,0.362793,-0.652344,0.871094,0,1.83105,-20.3247,1
2253.53,0.333496,-0.902832,0.928223,0.732422,2.19727,-19.7754,1
2253.54,0.271484,-0.661133,0.973145,2.19727,2.01416,-19.7754,1
2253.55,0.308594,-0.587402,0.945801,-0.305176,1.64795,-20.6909,1
2253.56,0.327148,-0.853027,0.910156,-0.183105,1.52588,-20.1416,1
2253.57,0.314941,-0.601562,0.889648,0.366211,1.70898,-19.9585,1
2253.58,0.294434,-0.601074,0.865234,-2.13623,2.31934,-20.3857,1
2253.59,0.259277,-0.798828,0.960938,-1.34277,2.13623,-19.6533,1
2253.6,0.277344,-0.729492,0.992188,-1.0376,2.62451,-19.7754,1
2253.61,0.279785,-0.643555,0.974609,-1.64795,2.74658,-19.5923,1
2253.62,0.241211,-0.798828,1.00781,-2.92969,3.2959,-19.7144,1
2253.63,0.243652,-0.733887,0.932617,-1.83105,3.23486,-19.2871,1
2253.64,0.224609,-0.627441,0.935059,-2.80762,3.78418,-19.6533,1
2253.65,0.247559,-0.831055,0.905762,-2.31934,3.78418,-19.165,1
2253.66,0.162109,-0.733887,0.915039,-1.28174,3.41797,-19.043,1
2253.66,0.17627,-0.749512,1.01807,-2.01416,3.84521,-19.4702,1
2253.67,0.135254,-0.722656,0.974121,-0.610352,3.60107,-18.7988,1
2253.68,0.168457,-0.631348,0.929688,0,3.72314,-19.043,1
2253.69,0.206543,-0.796875,0.958984,-0.427246,3.84521,-19.3481,1
2253.7,0.229492,-0.740723,0.92334,0.915527,3.23486,-18.7378,1
2253.71,0.182617,-0.687988,0.936035,-0.488281,3.41797,-19.5312,1
2253.72,0.135254,-0.821777,0.92334,0,2.2583,-19.104,1
2253.73,0.144531,-0.668945,0.929199,0.488281,1.46484,-19.4702,1
2253.74,0.21582,-0.669922,0.943848,-0.305176,1.40381,-20.3857,1
2253.75,0.266113,-0.683594,0.946289,0.12207,0.732422,-19.8975,1
2253.76,0.286621,-0.675781,0.930176,-0.610352,0.549316,-20.0806,1
2253.77,0.241699,-0.763672,0.940918,-1.0376,-0.0610352,-20.0806,1
2253.78,0.271484,-0.751465,1.00244,-1.34277,-0.427246,-20.6909,1
2253.79,0.303711,-0.676758,0.995117,-1.28174,-0.976562,-20.6909,1
2253.8,0.345703,-0.67041,1.08496,-3.11279,-1.40381,-21.3623,1
2253.81,0.386719,-0.776855,1.11377,-2.99072,-1.64795,-20.3857,1
2253.82,0.313477,-0.705078,1.01465,-2.74658,-0.671387,-20.0806,1
2253.83,0.306641,-0.894043,0.963379,-3.479,-0.854492,-20.5078,1
2253.84,0.360352,-0.817871,1.0874,-1.89209,-1.2207,-20.2637,1
2253.85,0.374512,-0.70459,1.18701,-3.66211,-0.488281,-20.813,1
2253.86,0.299805,-0.887695,1.19629,-3.479,-0.976562,-20.0806,1
2253.87,0.308105,-0.785156,1.08057,-2.01416,-0.427246,-19.5312,1
2253.88,0.335449,-0.720703,1.05957,-2.31934,0.305176,-19.8364,1
2253.89,0.355469,-0.835449,1.08398,-2.01416,-0.305176,-20.0806,1
2253.9,0.311035,-0.913086,1.04004,-0.427246,0,-19.2871,1
2253.91,0.222656,-0.70752,1.06885,0.793457,0.0610352,-19.3481,1
2253.92,0.271973,-0.739258,1.04053,-0.549316,0.854492,-20.2026,1
2253.93,0.34375,-0.929688,1.04492,0.976562,1.09863,-19.4702,1
2253.94,0.292969,-0.723633,1.04639,2.38037,1.2207,-18.8599,1
2253.95,0.191406,-0.824707,0.972168,1.77002,1.83105,-19.4092,1
2253.96,0.249512,-0.908203,0.957031,4.08936,1.64795,-18.8599,1
2253.97,0.299805,-0.567383,0.847168,5.18799,2.01416,-19.4092,1
2253.98,0.321777,-0.789551,0.934082,2.74658,1.70898,-20.0806,1
2253.99,0.319336,-0.912598,0.984375,6.04248,1.28174,-19.043,1
2254,0.198242,-0.480469,0.947266,5.79834,2.19727,-19.165,1
2254.01,0.205078,-0.831543,0.89502,2.86865,2.13623,-19.8364,1
2254.02,0.321777,-0.939453,0.918457,6.5918,1.77002,-18.7378,1
2254.03,0.318359,-0.541992,0.996582,5.12695,2.31934,-19.4702,1
2254.04,0.355469,-0.75,1.01221,1.58691,1.46484,-20.3247,1
2254.05,0.303711,-0.767578,0.928711,3.41797,2.38037,-19.4092,1
2254.05,0.234863,-0.594727,0.857422,1.52588,2.44141,-19.6533,1
2254.06,0.253418,-0.817383,0.913574,-0.0610352,1.46484,-19.7754,1
2254.07,0.281738,-0.771484,0.931152,0.427246,1.64795,-19.5312,1
2254.08,0.246582,-0.619629,0.967773,-0.610352,2.38037,-20.2026,1
2254.09,0.191406,-0.733887,0.938477,-2.19727,1.70898,-20.9961,1
2254.1,0.233398,-0.784668,0.898438,-0.976562,1.77002,-20.3247,1
2254.11,0.246582,-0.661133,0.893066,-2.2583,1.70898,-21.0571,1
2254.12,0.189453,-0.86084,0.958984,-3.17383,1.64795,-20.9961,1
2254.13,0.168457,-0.787109,1.01562,-1.77002,1.40381,-20.6909,1
2254.14,0.126953,-0.606934,0.959961,-2.38037,1.46484,-21.3623,1
2254.15,0.196289,-0.855469,0.925293,-3.23486,1.2207,-21.7285,1
2254.16,0.212891,-0.830078,1.00781,-2.0752,0.366211,-21.4844,1
2254.17,0.187012,-0.762695,0.98584,-3.11279,0.732422,-21.8506,1
2254.18,0.132324,-0.890137,1.05371,-2.50244,0.854492,-21.4844,1
2254.19,0.081543,-0.759277,0.993652,-1.70898,0.976562,-21.3013,1
2254.2,0.151367,-0.777832,0.986328,-2.99072,0.549316,-22.3389,1
2254.21,0.206543,-0.893066,1.01074,-1.40381,0.610352,-21.3013,1
2254.22,0.209473,-0.730469,1.03516,-1.46484,0.488281,-21.9116,1
2254.23,0.181641,-0.827148,1.01074,-2.31934,0.915527,-22.0337,1
2254.24,0.14502,-0.879883,0.977539,-0.671387,0.610352,-20.874,1
2254.25,0.178711,-0.831055,0.978516,-1.0376,0.610352,-21.4844,1
2254.26,0.171875,-0.793945,1.04248,-1.34277,0.366211,-21.1182,1
2254.27,0.156738,-0.916016,1.07812,-1.52588,0.854492,-21.1792,1
2254.28,0.144043,-0.898926,1.05713,0.549316,0.854492,-20.0806,1
2254.29,0.172363,-0.737793,0.981445,-0.12207,1.15967,-20.5078,1
2254.3,0.192383,-0.815918,1.0083,-0.915527,1.46484,-20.9351,1
2254.31,0.135254,-0.823242,1.00586,0.12207,1.15967,-19.7754,1
2254.32,0.125977,-0.858887,1.0708,0.12207,1.58691,-19.9585,1
2254.33,0.182129,-0.84082,1.05664,0.366211,1.09863,-19.8364,1
2254.34,0.176758,-0.869141,0.99707,0.793457,1.77002,-19.6533,1
2254.35,0.143066,-0.791992,0.974609,1.46484,1.77002,-19.4092,1
2254.36,0.125,-0.745605,1.03613,0.793457,1.58691,-19.7754,1
2254.36,0.160645,-0.883301,0.976562,1.64795,2.0752,-19.104,1
2254.37,0.165527,-0.8125,1.00537,3.05176,1.52588,-19.104,1
2254.38,0.184082,-0.819336,0.98584,2.19727,1.70898,-19.7754,1
2254.39,0.162109,-0.871094,0.937988,3.2959,1.58691,-19.043,1
2254.4,0.0952148,-0.764648,0.993164,3.54004,1.83105,-19.165,1
2254.41,0.166016,-0.726562,0.977051,2.38037,1.52588,-19.5923,1
2254.42,0.206543,-0.737305,0.912598,2.2583,1.58691,-19.2871,1
2254.43,0.145996,-0.880859,0.904297,2.62451,1.83105,-19.4092,1
2254.44,0.117188,-0.845215,0.993652,3.2959,0.732422,-19.5923,1
2254.45,0.20166,-0.672852,0.964355,2.68555,1.46484,-19.8364,1
2254.46,0.228027,-0.79834,0.940918,1.34277,1.77002,-19.8975,1
2254.47,0.168945,-0.916992,0.946777,1.83105,1.09863,-19.2261,1
2254.48,0.141113,-0.705078,0.953125,1.40381,0.671387,-19.8975,1
2254.49,0.147461,-0.790039,0.961914,0.244141,1.40381,-20.2026,1
2254.5,0.213379,-0.891113,0.955566,0.976562,0.976562,-20.1416,1
2254.51,0.208496,-0.696289,0.950684,0.732422,1.09863,-20.5688,1
2254.52,0.144531,-0.749023,0.9375,-0.549316,1.52588,-20.6909,1
2254.53,0.145996,-0.895508,0.976074,-0.12207,1.15967,-20.6909,1
2254.54,0.17041,-0.750488,0.900391,0,1.0376,-20.752,1
2254.55,0.097168,-0.812988,0.955078,-1.89209,0.854492,-21.9116,1
2254.56,0.119141,-0.927734,0.955566,-0.12207,0.854492,-20.9961,1
2254.57,0.100586,-0.604004,0.992188,-0.183105,0.915527,-21.9116,1
2254.58,0.177734,-0.799805,0.913086,-1.95312,1.34277,-21.7285,1
2254.59,0.134766,-0.811523,0.878418,0.549316,0.793457,-21.3623,1
2254.6,0.0507812,-0.910645,0.855957,-0.366211,1.34277,-22.0947,1
2254.61,0.0302734,-0.828613,0.956055,0.915527,0.854492,-21.6064,1
2254.62,0.00878906,-0.73877,0.921875,-0.0610352,1.89209,-21.6064,1
2254.63,0.0136719,-0.865723,0.928711,-0.12207,1.15967,-21.7896,1
2254.64,0.0800781,-0.753906,0.876465,0.549316,1.77002,-21.7285,1
2254.65,0.0561523,-0.813477,0.926758,0.305176,2.62451,-21.9727,1
2254.66,0.0209961,-0.93457,0.946777,1.15967,1.77002,-21.7285,1
2254.67,0.0214844,-0.735352,0.914062,1.46484,2.80762,-21.6064,1
2254.68,-0.0292969,-0.721191,0.935547,0.549316,3.479,-21.7896,1
2254.69,-0.0356445,-0.898438,0.992188,0.0610352,2.56348,-21.9727,1
2254.7,0.0375977,-0.913574,0.897949,1.58691,2.80762,-21.2402,1
2254.71,-0.00488281,-0.807129,0.955078,1.28174,3.23486,-21.9727,1
2254.71,0.0688477,-0.942871,0.931152,1.15967,2.74658,-22.0337,1
2254.72,0.0322266,-0.900391,0.836426,2.68555,3.60107,-21.4844,1
2254.73,-0.00537109,-0.599121,0.916992,1.70898,3.05176,-21.9116,1
2254.74,0.0478516,-0.950684,0.945312,-0.854492,3.11279,-22.644,1
2254.75,0.0483398,-0.922363,0.926758,2.44141,2.44141,-21.4233,1
2254.76,0.0195312,-0.743164,0.898926,0.183105,3.11279,-22.7051,1
2254.77,0.0268555,-0.933105,0.936523,1.28174,2.86865,-22.0947,1
2254.78,0.00732422,-0.744629,0.90918,1.95312,2.62451,-22.3389,1
2254.79,0.0893555,-0.941406,0.933105,0.183105,2.80762,-22.9492,1
2254.8,0.074707,-0.919434,0.920898,0.915527,1.77002,-22.644,1
2254.81,0.0498047,-0.855957,0.999512,-0.610352,2.62451,-23.0713,1
2254.82,0.0131836,-0.922852,0.972656,-0.183105,1.89209,-22.3999,1
2254.83,0.0888672,-0.821777,0.946289,-0.183105,2.31934,-23.3154,1
2254.84,0.11377,-0.897949,0.900391,-0.488281,1.83105,-23.0713,1
2254.85,0.149902,-0.790039,0.955078,-0.12207,0.793457,-23.0713,1
2254.86,0.13623,-0.928711,0.938965,-0.915527,1.46484,-22.9492,1
2254.87,0.0258789,-0.947754,1.04785,0.244141,0.793457,-23.0713,1
2254.88,0.130859,-0.827637,0.938965,-0.976562,1.34277,-23.6816,1
2254.89,0.100098,-0.807617,0.931641,-0.854492,0.671387,-23.5596,1
2254.9,0.108398,-0.981445,0.999512,-1.83105,0.12207,-23.6206,1
2254.91,0.160156,-0.773926,0.973633,-0.183105,0.488281,-23.4375,1
2254.92,0.09375,-0.876465,0.981934,-1.09863,1.46484,-23.6816,1
2254.93,0.144043,-1.05957,0.939941,0.549316,0,-23.3765,1
2254.94,0.156738,-0.812988,0.98584,1.34277,0.183105,-23.2544,1
2254.95,0.0849609,-0.82959,1.05029,-0.854492,0.366211,-24.292,1
2254.96,0.128906,-0.983398,0.95752,0.427246,0.549316,-23.0103,1
2254.97,0.0917969,-0.888184,0.980957,1.70898,0.427246,-23.0713,1
2254.98,0.162109,-0.972168,0.96582,1.46484,-0.0610352,-23.5596,1
2254.99,0.167969,-0.922852,0.974609,2.86865,0.549316,-22.9492,1
2255,0.0922852,-0.782227,1.02686,3.11279,0.732422,-22.522,1
2255.01,0.107422,-0.830566,0.988281,0.976562,0.244141,-23.3765,1
2255.01,0.160156,-0.920898,0.923828,2.38037,1.09863,-22.2778,1
2255.02,0.102539,-0.830078,0.929688,2.44141,1.15967,-22.3389,1
2255.03,0.132812,-0.982422,0.934082,1.58691,0.305176,-22.8882,1
2255.04,0.0795898,-0.976074,1.06006,3.90625,0.793457,-21.9727,1
2255.05,0.155273,-0.75,1.00195,2.56348,0.793457,-22.522,1
2255.06,0.234863,-0.921387,0.896973,0.793457,0.488281,-22.4609,1
2255.07,0.148438,-1.03857,0.964844,2.01416,0.427246,-21.7285,1
2255.08,0.0893555,-0.882324,1.01611,2.0752,0.671387,-21.6064,1
2255.09,0.0864258,-0.788086,1.02148,1.52588,0.793457,-21.9727,1
2255.1,0.154297,-0.954102,0.936035,1.52588,0.610352,-21.6675,1
2255.11,0.19043,-0.953125,0.943848,3.05176,0.183105,-21.4233,1
2255.12,0.155762,-0.705566,0.990234,1.28174,0,-22.4609,1
2255.13,0.146484,-0.968262,0.96582,0.244141,0.732422,-21.6675,1
2255.14,0.113281,-0.965332,0.957031,2.56348,0.244141,-20.9961,1
2255.15,0.114746,-0.704102,0.954102,1.58691,-0.12207,-21.9116,1
2255.16,0.132324,-0.95459,0.924805,1.52588,0.12207,-21.7896,1
2255.17,0.131348,-0.916016,1.00732,3.35693,-0.0610352,-21.2402,1
2255.18,0.182129,-0.787109,1.02148,1.0376,0.305176,-22.4609,1
2255.19,0.149902,-0.946289,0.958496,1.34277,0.549316,-20.9961,1
2255.2,0.0981445,-0.872559,0.994629,2.0752,0.305176,-20.9961,1
2255.21,0.123535,-0.765137,0.945801,1.09863,-0.427246,-21.5454,1
2255.22,0.155273,-1.0498,0.945312,1.77002,0.549316,-21.1792,1
2255.23,0.152832,-0.849121,1.03271,2.68555,-0.305176,-21.5454,1
2255.24,0.293457,-0.817871,0.99707,0.0610352,-0.183105,-21.6675,1
2255.25,0.178223,-0.958984,0.936523,1.89209,-0.244141,-19.9585,1
2255.25,0.14502,-0.883301,1.01953,1.34277,-0.183105,-21.1182,1
2255.26,0.152344,-0.812988,0.928711,2.2583,0.366211,-20.5078,1
2255.27,0.140137,-0.913574,0.969727,2.50244,0.793457,-20.4468,1
2255.28,0.234375,-0.861328,0.934082,2.01416,-0.549316,-21.1182,1
2255.29,0.234375,-0.891113,0.990234,2.01416,0.12207,-20.0806,1
2255.3,0.12793,-0.817871,0.998047,2.19727,0.488281,-20.1416,1
2255.31,0.15918,-0.868164,0.915039,1.46484,0.0610352,-20.3857,1
2255.32,0.113281,-0.966797,0.957031,2.50244,0.610352,-19.6533,1
2255.33,0.105957,-0.870605,1.00098,2.0752,0.244141,-19.3481,1
2255.34,0.122559,-0.818359,0.941406,0.854492,0.671387,-19.9585,1
2255.35,0.155273,-0.897949,0.956055,1.28174,1.28174,-19.043,1
2255.36,0.175781,-0.751465,0.949219,1.15967,1.83105,-19.3481,1
2255.37,0.059082,-0.894043,0.924316,-0.793457,1.46484,-19.104,1
2255.38,9.765625e-04,-0.933105,1.00928,0.366211,1.46484,-18.6157,1
2255.39,0.0581055,-0.650879,0.958496,0.671387,2.31934,-18.5547,1
2255.4,0.140137,-0.907715,0.913574,-1.64795,2.62451,-19.165,1
2255.41,0.152832,-0.98291,0.930176,-0.976562,1.77002,-18.6157,1
2255.42,0.0297852,-0.807617,1.00293,-1.15967,2.92969,-18.6157,1
2255.43,-0.0380859,-0.79541,1.00293,-1.70898,2.68555,-18.7378,1
2255.44,0.0498047,-0.854492,0.890137,-1.64795,2.62451,-18.7378,1
2255.45,0.125977,-0.901855,0.919922,-1.09863,2.80762,-18.4937,1
2255.46,0.115234,-0.774902,0.950195,-0.671387,2.0752,-18.4937,1
2255.47,0.120117,-0.833008,1.01172,-1.09863,2.74658,-19.4092,1
2255.48,0.136719,-0.843262,0.935547,0.12207,2.38037,-18.6768,1
2255.49,0.117188,-0.767578,0.881348,-1.2207,1.95312,-19.8364,1
2255.5,0.19043,-0.930664,0.918457,-0.488281,1.70898,-18.9819,1
2255.51,0.187988,-0.73877,1.02734,0,1.2207,-19.5923,1
2255.52,0.165039,-0.777344,0.951172,-1.40381,1.64795,-20.0195,1
2255.53,0.0786133,-1.00781,0.931152,0.488281,1.28174,-18.7988,1
2255.54,0.0678711,-0.818848,0.989746,0.854492,0.610352,-19.6533,1
2255.54,0.0625,-0.634277,0.974121,-0.976562,1.28174,-20.2637,1
2255.55,0.0283203,-0.953613,1.03125,-1.28174,2.74658,-20.0806,1
2255.56,0.00537109,-0.802734,0.956543,0.915527,1.2207,-19.165,1
2255.57,0.0625,-0.748535,0.95752,-0.427246,1.64795,-19.2871,1
2255.58,0.114258,-0.919434,0.936035,0.976562,1.2207,-18.2495,1
2255.59,0.123047,-0.760742,0.927734,2.19727,2.01416,-18.5547,1
2255.6,0.0478516,-0.772461,0.99707,1.89209,1.58691,-18.7988,1
2255.61,9.765625e-04,-0.852051,0.925781,3.2959,1.64795,-18.0054,1
2255.62,-0.019043,-0.751953,0.90625,3.90625,2.44141,-17.6392,1
2255.63,0.015625,-0.836426,0.926758,4.45557,2.86865,-17.5781,1
2255.64,0.0327148,-0.742676,0.913086,7.01904,2.44141,-16.4185,1
2255.65,0.0498047,-0.641113,0.92041,7.01904,2.31934,-16.8457,1
2255.66,0.0341797,-0.776855,0.89502,7.87354,2.44141,-16.0522,1
2255.67,-0.0239258,-0.662109,0.925781,9.0332,2.13623,-15.1978,1
2255.68,-0.166992,-0.51123,0.948242,8.54492,2.92969,-14.6484,1
2255.69,-0.239258,-0.650879,0.932129,8.23975,3.11279,-14.2212,1
2255.7,-0.259277,-0.536621,0.921387,10.498,3.11279,-12.207,1
2255.71,-0.255371,-0.578613,0.88916,9.39941,4.02832,-13.3667,1
2255.72,-0.149414,-0.731934,0.809082,12.5732,4.08936,-11.7188,1
2255.73,-0.200684,-0.186035,0.867188,13.9771,4.5166,-11.0474,1
2255.74,-0.228027,-0.304199,0.885254,9.33838,3.72314,-11.4136,1
2255.75,-0.269531,-0.572754,0.842773,12.3901,2.92969,-9.09424,1
2255.76,-0.23584,-0.205078,0.881836,14.0381,3.2959,-8.48389,1
2255.77,-0.269531,-0.25,0.814941,12.6953,3.35693,-8.48389,1
2255.78,-0.279785,-0.408691,0.770996,13.4888,2.31934,-7.26318,1
2255.79,-0.271973,-0.164551,0.817871,14.1602,2.19727,-6.22559,1
2255.8,-0.216309,-0.0458984,0.887695,11.7188,1.77002,-6.04248,1
2255.81,-0.29248,-0.369141,1,12.146,1.52588,-4.5166,1
2255.82,-0.308594,-0.23291,0.914551,14.8315,1.28174,-2.92969,1
2255.83,-0.293945,-0.00585938,0.933105,13.3057,1.46484,-2.44141,1
2255.83,-0.258301,-0.297852,0.986816,10.9863,0.488281,-1.58691,1
2255.84,-0.21582,-0.187012,1.04932,13.1836,0.366211,1.2207,1
2255.85,-0.260254,0.0449219,1.04883,9.94873,1.09863,1.15967,1
2255.86,-0.317383,-0.236816,1.03906,8.60596,0.976562,2.86865,1
2255.87,-0.325195,-0.140625,1.04443,10.6812,1.15967,5.24902,1
2255.88,-0.334961,0.0844727,1.11279,9.64355,1.40381,5.85938,1
2255.89,-0.328125,-0.0532227,1.12695,8.30078,1.15967,6.53076,1
2255.9,-0.335449,-0.0527344,1.06934,9.82666,1.58691,8.8501,1
2255.91,-0.33252,0.181152,1.04688,8.54492,1.89209,9.52148,1
2255.92,-0.366211,0.0161133,1.1001,6.89697,2.01416,9.94873,1
2255.93,-0.387207,0.146973,1.12109,9.33838,1.89209,12.5122,1
2255.94,-0.356934,0.369141,1.05469,8.30078,2.44141,12.207,1
2255.95,-0.318359,0.125977,1.00439,8.23975,1.95312,12.3291,1
2255.96,-0.29541,0.226562,1.03125,11.2305,1.89209,14.5264,1
2255.97,-0.352539,0.449707,0.98291,9.82666,2.0752,14.5264,1
2255.98,-0.412598,0.281738,1.02783,8.91113,1.58691,14.8315,1
2255.99,-0.419922,0.320312,1.00049,10.8032,0.976562,16.6016,1
2256,-0.377441,0.511719,0.98877,10.376,0.915527,16.4185,1
2256.01,-0.339355,0.449219,0.999512,9.33838,0.427246,16.7847,1
2256.02,-0.327637,0.479004,1.0166,10.3149,0.244141,18.1274,1
2256.03,-0.310059,0.601562,1.07178,9.52148,0.0610352,18.4937,1
2256.04,-0.347656,0.481934,1.10059,9.76562,0.183105,19.043,1
2256.05,-0.328613,0.60498,1.06348,10.376,-0.671387,20.1416,1
2256.06,-0.421875,0.653809,1.0166,10.0708,-0.366211,20.6299,1
2256.07,-0.314941,0.545898,1.04297,10.0098,-0.427246,21.2402,1
2256.08,-0.26123,0.687012,1.06885,11.1084,0,22.2778,1
2256.09,-0.240234,0.822754,1.12939,9.58252,0.915527,21.7896,1
2256.1,-0.306641,0.718262,1.09619,10.0098,1.2207,22.8271,1
2256.11,-0.379395,0.699219,1.07324,10.5591,1.28174,23.4375,1
2256.12,-0.381836,0.814941,1.05469,10.0708,1.58691,23.6816,1
2256.13,-0.341797,0.902832,1.02344,8.17871,2.62451,24.1089,1
2256.14,-0.261719,0.78418,1.00977,6.34766,3.11279,24.7192,1
2256.14,-0.294922,0.825195,0.996582,4.76074,2.38037,25.5737,1
2256.15,-0.330566,0.703613,0.980957,3.05176,2.13623,25.1465,1
2256.16,-0.400391,0.870117,0.952637,3.41797,2.86865,26.062,1
2256.17,-0.334961,1.02197,0.945801,0.183105,3.60107,25.6348,1
2256.18,-0.231445,0.734375,0.975098,-1.64795,2.80762,26.2451,1
2256.19,-0.186035,0.734863,0.961914,-1.0376,1.89209,27.4658,1
2256.2,-0.30127,0.970215,0.869141,-3.60107,2.50244,26.8555,1
2256.21,-0.365723,0.821289,0.744141,-5.5542,2.86865,26.9775,1
2256.22,-0.27832,0.70166,0.834961,-4.02832,2.38037,28.0762,1
2256.23,-0.22998,0.762207,0.964355,-3.84521,2.0752,27.8931,1
2256.24,-0.243652,0.898438,0.930664,-3.479,1.52588,28.6255,1
2256.25,-0.255859,0.869629,0.842285,-3.90625,1.46484,28.7476,1
2256.26,-0.282227,0.805664,0.866211,-1.77002,1.28174,30.1514,1
2256.27,-0.23291,0.746582,0.916504,-0.305176,0.793457,29.9072,1
2256.28,-0.228027,0.730469,0.874023,2.38037,0.671387,30.7617,1
2256.29,-0.177734,0.876465,0.983398,5.06592,0.427246,31.25,1
2256.3,-0.168457,0.919434,0.988281,6.40869,1.34277,30.8838,1
2256.31,-0.14209,1.00488,0.961426,8.30078,0.427246,31.9214,1
2256.32,-0.147461,0.88623,1.02148,8.17871,0.671387,31.1279,1
2256.33,-0.100586,0.802734,0.937988,9.94873,0.854492,32.1655,1
2256.34,-0.111816,0.902832,0.936523,10.7422,0.671387,32.5317,1
2256.35,-0.0654297,1.03369,0.938477,9.64355,0,31.9214,1
2256.36,-4.882812e-04,1,0.982422,8.72803,0.854492,32.5928,1
2256.37,-0.0966797,1.01611,1.03076,7.93457,0.915527,32.8369,1
2256.38,-0.108887,0.940918,0.990723,5.24902,0.427246,31.5552,1
2256.39,-0.111816,0.878418,1.00244,6.04248,0.671387,33.02,1
2256.4,-0.0244141,1.23633,0.907715,4.21143,0.366211,32.5317,1
2256.41,-0.0444336,0.955078,0.978516,0.183105,0.854492,31.7383,1
2256.42,-0.00537109,0.822266,1.01953,2.86865,0.183105,32.7759,1
2256.43,-0.0454102,1.13232,0.979492,1.34277,1.2207,31.9824,1
2256.44,-0.104004,1.10303,0.999023,-1.34277,0.610352,31.5552,1
2256.45,-0.114746,0.873535,1.0332,-0.854492,1.28174,31.5552,1
2256.46,-0.0834961,1.04395,0.98291,-0.610352,0.793457,32.0435,1
2256.47,-0.125488,0.979004,0.928223,-2.19727,0.732422,31.0059,1
2256.48,-0.0102539,0.947266,0.970215,-1.0376,0.427246,32.4097,1
2256.49,-0.0898438,1.16113,1.06836,-1.52588,0.915527,31.6772,1
2256.5,0,0.882324,0.901855,-3.54004,0.549316,31.6162,1
2256.5,-0.12207,0.895996,0.944336,0.671387,0.549316,32.4707,1
2256.51,-0.108887,1.13477,0.953125,-1.83105,0.549316,31.0669,1
2256.52,-0.0595703,0.901367,0.912598,-1.52588,1.0376,32.0435,1
2256.53,-0.0527344,0.805664,0.960938,-0.854492,1.15967,31.7993,1
2256.54,0.0527344,1.20459,0.904785,-0.244141,0,31.8604,1
2256.55,-0.0209961,0.976562,0.931152,-3.41797,0.793457,31.189,1
2256.56,-0.0493164,0.633789,0.853516,-0.549316,0.610352,32.1655,1
2256.57,-0.132812,1.08887,0.898926,0.488281,0.610352,31.4331,1
2256.58,-0.0292969,1.00391,0.862793,-2.86865,1.09863,30.5176,1
2256.59,-0.00292969,0.65332,0.842773,-0.12207,1.46484,31.6772,1
2256.6,-0.0224609,1.0542,0.943848,1.40381,1.77002,30.7007,1
2256.61,0.00878906,0.984863,0.876953,-1.58691,1.70898,29.9072,1
2256.62,-0.0859375,0.724121,0.84375,0.366211,3.17383,30.3345,1
2256.63,-0.00195312,1.03906,0.816406,0.488281,2.92969,29.9683,1
2256.64,-0.0380859,1.05469,0.849609,-1.28174,3.66211,28.8696,1
2256.65,-0.0244141,0.682129,0.868652,-1.70898,3.60107,29.4189,1
2256.66,-0.0527344,0.95166,0.85791,0.976562,3.96729,29.1748,1
2256.67,0.0600586,1.20215,0.863281,-3.479,4.45557,28.0762,1
2256.68,-0.0449219,0.62207,0.881348,-3.72314,5.12695,28.4424,1
2256.69,-0.059082,1.01221,0.904297,-1.2207,4.15039,28.7476,1
2256.7,-0.0893555,1.21582,0.898926,-3.17383,4.3335,28.5034,1
2256.71,-0.102051,0.729492,0.973145,-2.92969,4.15039,28.9307,1
2256.72,-0.0400391,0.765625,0.969727,1.64795,3.23486,30.2734,1
2256.73,0.0385742,1.27832,0.845703,-0.183105,2.13623,30.0293,1
2256.74,-0.0209961,0.830078,0.975098,-1.89209,2.56348,29.9683,1
2256.75,-0.0375977,0.811035,0.902832,0.244141,0.671387,31.25,1
2256.76,-0.132812,1.01562,0.979004,0.183105,1.09863,31.9214,1
2256.77,-0.0170898,1.04639,0.841309,-1.28174,0.366211,31.25,1
2256.78,-0.03125,0.812012,0.900391,-0.793457,0.549316,32.8369,1
2256.79,0.0361328,1.1123,0.918945,0.915527,-0.854492,32.5317,1
2256.79,-0.027832,1.11719,1.04004,-2.80762,-1.0376,32.8979,1
2256.8,-0.0546875,0.505859,0.964844,-1.40381,-1.0376,32.6538,1
2256.81,-0.0351562,1.25879,0.80127,0.305176,-1.52588,33.5693,1
2256.82,-0.0263672,1.04688,0.917969,-4.39453,-0.732422,32.4707,1
2256.83,-0.0195312,0.869141,0.932617,-2.01416,-2.01416,33.2031,1
2256.84,-0.0791016,1.0498,1.1084,-0.305176,-1.09863,32.959,1
2256.85,-0.012207,1.229,1.03809,-1.77002,-1.70898,31.4941,1
2256.86,0.0141602,0.688965,1.00586,-2.50244,-0.427246,31.9824,1
2256.87,0.0644531,1.20264,0.907715,0.671387,-0.549316,31.311,1
2256.88,0.043457,0.999023,0.96875,-3.84521,0.244141,31.0669,1
2256.89,0.0200195,0.779785,1.0332,0,0.610352,31.311,1
2256.9,0.0361328,1.20752,0.989746,-0.12207,0.427246,30.4565,1
2256.91,0.0458984,0.815918,0.926758,-1.34277,1.64795,29.8462,1
2256.92,0.0717773,0.869141,0.918945,1.0376,1.58691,29.541,1
2256.93,0.100586,1.22998,0.907227,0.366211,1.95312,29.0527,1
2256.94,0.0913086,1.08838,1,-2.2583,2.2583,28.3813,1
2256.95,0.0424805,0.797363,0.986816,-0.427246,2.56348,28.9917,1
2256.96,0.0761719,1.18945,1.01318,0.427246,1.83105,28.9917,1
2256.97,0.115723,0.77832,0.96582,-2.13623,2.50244,28.3203,1
2256.98,0.0927734,0.944336,0.873535,0.549316,1.34277,28.8086,1
2256.99,0.0761719,1.13086,0.993164,-1.77002,1.89209,27.832,1
2257,0.130859,0.899902,0.947266,-2.38037,1.46484,28.0762,1
2257.01,0.104004,0.984375,1.00049,-1.0376,1.77002,28.2593,1
2257.02,0.105469,0.970703,0.836914,-3.96729,1.2207,28.0762,1
2257.03,0.149414,0.933594,0.910156,-3.05176,0.427246,28.8086,1
2257.04,0.132324,0.780273,0.881836,-3.84521,0.793457,28.5645,1
2257.04,0.191895,1.08105,0.910156,-2.19727,-0.244141,28.4424,1
2257.05,0.133301,0.739258,0.933105,-5.61523,0.0610352,28.3203,1
2257.06,0.125977,0.984375,0.884766,-1.40381,-0.671387,28.5645,1
2257.07,0.0976562,1.03662,0.944336,-5.98145,-0.549316,27.8931,1
2257.08,0.290039,0.646973,0.843262,-4.76074,-1.2207,28.5034,1
2257.09,0.23584,1.07324,0.952637,-2.56348,-1.2207,27.8931,1
2257.1,0.306152,0.953613,0.985352,-4.5166,-0.549316,26.9775,1
2257.11,0.220703,0.871094,1.00146,-2.62451,-0.915527,26.4893,1
2257.12,0.212891,0.916504,0.981934,-2.01416,-0.854492,26.4282,1
2257.13,0.241211,0.959473,0.904785,-1.52588,-1.15967,25.6958,1
2257.14,0.30127,0.87207,0.92627,-2.62451,-0.671387,24.9023,1
2257.15,0.325684,0.772461,0.996094,-0.488281,-0.732422,24.9634,1
2257.16,0.33252,1.02734,1.05664,-0.976562,-0.244141,23.6206,1
2257.17,0.316895,0.824219,0.956543,-1.64795,-0.549316,23.0103,1
2257.18,0.260254,0.977539,0.953125,0.244141,-0.183105,22.644,1
2257.19,0.318359,0.996094,0.954102,-2.31934,-0.366211,21.7285,1
2257.2,0.330078,0.804688,0.971191,0,-0.671387,21.7285,1
2257.21,0.341309,1.021,1.06885,-0.12207,0.0610352,20.6909,1
2257.22,0.274414,0.92041,0.999512,-0.183105,0.0610352,19.9585,1
2257.23,0.229004,0.816895,0.976074,0.0610352,0.427246,19.4702,1
2257.24,0.282715,0.930176,0.927246,0.427246,0.183105,18.9209,1
2257.25,0.347168,0.998535,0.945312,-0.671387,0.366211,18.2495,1
2257.26,0.361816,0.873047,0.962891,-0.671387,0.488281,17.8833,1
2257.27,0.304688,0.955078,1.05273,0.915527,0.488281,17.5781,1
2257.28,0.243652,1.00098,1.02441,0.305176,0.549316,16.7236,1
2257.29,0.245605,0.881836,0.941895,0.488281,0.610352,16.5405,1
2257.3,0.286133,0.984863,0.905273,0.305176,0.427246,16.1133,1
2257.31,0.357422,0.95166,1.00879,-1.15967,0.244141,15.5029,1
2257.32,0.345703,0.83252,1.01172,0.366211,-0.12207,15.686,1
2257.33,0.249023,0.992676,1.021,0.366211,0.183105,15.1978,1
2257.34,0.246582,0.871582,0.922852,-0.732422,0.12207,14.7095,1
2257.35,0.260254,0.964844,0.894531,-1.0376,-0.12207,14.5874,1
2257.36,0.294922,0.939941,1.00684,-2.2583,0,14.1602,1
2257.37,0.345215,0.938477,1.00195,-1.40381,-0.549316,13.9771,1
2257.37,0.291016,0.988281,1.00488,-1.83105,-0.12207,13.7939,1
2257.38,0.256348,0.818359,0.947266,-2.2583,-0.671387,13.7329,1
2257.39,0.270996,0.899414,0.951172,-1.77002,-1.15967,13.5498,1
2257.4,0.311523,0.901367,0.935547,-1.77002,-1.46484,13.0005,1
2257.41,0.32959,0.870605,0.972168,-1.40381,-1.40381,12.3901,1
2257.42,0.298828,0.934082,0.979004,-1.40381,-1.34277,12.146,1
2257.43,0.305176,0.969727,1.0249,-2.19727,-1.58691,11.9629,1
2257.44,0.297363,0.720703,1.00928,-1.70898,-1.52588,12.0239,1
2257.45,0.317383,0.948242,0.990234,0.366211,-1.89209,11.5967,1
2257.46,0.343262,0.926758,0.991699,-1.52588,-1.46484,10.498,1
2257.47,0.338379,0.686523,0.981934,-0.549316,-1.52588,10.6201,1
2257.48,0.349609,0.998535,1.00146,-0.183105,-1.0376,10.1929,1
2257.49,0.318359,0.787109,0.971191,-2.92969,-1.2207,9.52148,1
2257.5,0.31543,0.675293,0.94873,-0.732422,-1.52588,9.58252,1
2257.51,0.300293,0.991699,0.947754,-2.13623,-0.671387,8.66699,1
2257.52,0.328613,0.783691,1.00537,-4.21143,-0.366211,8.23975,1
2257.53,0.320312,0.695312,1.04248,-3.17383,0.183105,8.17871,1
2257.54,0.307129,0.873047,0.984375,-3.90625,0.12207,7.69043,1
2257.55,0.271484,0.67334,0.904297,-5.98145,-0.12207,7.75146,1
2257.56,0.300293,0.587402,0.963379,-4.88281,-0.183105,7.8125,1
2257.57,0.338867,0.884766,1.02881,-4.45557,0.0610352,7.38525,1
2257.58,0.293457,0.655273,1.08301,-6.10352,0.732422,6.83594,1
2257.59,0.220703,0.565918,1.02441,-4.3335,0.183105,7.44629,1
2257.6,0.202637,0.803223,0.918945,-5.43213,0.183105,7.14111,1
2257.61,0.227539,0.523926,0.887207,-6.5918,0.12207,7.32422,1
2257.62,0.251953,0.505371,0.98584,-4.45557,0.0610352,7.75146,1
2257.63,0.248047,0.651367,1.05811,-5.61523,-0.0610352,7.69043,1
2257.64,0.215332,0.471191,1.00732,-6.65283,-0.610352,8.23975,1
2257.65,0.235352,0.508789,0.900391,-6.34766,-1.46484,8.36182,1
2257.66,0.259766,0.544434,0.94043,-6.95801,-1.15967,7.99561,1
2257.67,0.237305,0.434082,1.01416,-6.7749,-1.34277,8.48389,1
2257.68,0.231934,0.475098,1.02344,-7.32422,-1.64795,8.42285,1
2257.69,0.183594,0.426758,1.00049,-7.75146,-1.52588,8.48389,1
2257.7,0.210449,0.345703,0.983887,-7.32422,-1.83105,8.66699,1
2257.71,0.256836,0.454102,0.992188,-7.44629,-2.0752,8.23975,1
2257.72,0.266602,0.380371,1.02393,-9.33838,-1.28174,7.62939,1
2257.73,0.240723,0.226562,1.05859,-8.97217,-1.0376,7.75146,1
2257.74,0.212891,0.338379,1.05029,-8.60596,-1.28174,7.62939,1
2257.75,0.218262,0.325195,0.99707,-9.64355,-0.732422,6.83594,1
2257.76,0.202148,0.240723,0.992676,-9.76562,-0.793457,6.5918,1
2257.76,0.186035,0.317383,1.04004,-10.5591,-0.244141,5.79834,1
2257.77,0.123535,0.162598,1.07275,-11.7798,0.671387,5.18799,1
2257.78,0.0595703,0.140625,1.06348,-10.7422,1.2207,4.94385,1
2257.79,0.0224609,0.268555,1.04395,-10.8032,1.95312,3.96729,1
2257.8,-0.0375977,0.141602,1.00439,-11.5356,2.74658,2.99072,1
2257.81,-0.0463867,0.0410156,1.00586,-9.8877,2.31934,3.11279,1
2257.82,-0.0244141,0.158203,1.06543,-9.09424,2.86865,2.44141,1
2257.83,0.0214844,0.103027,1.06592,-10.0098,3.90625,1.28174,1
2257.84,-0.0673828,-0.0947266,0.956055,-8.36182,4.45557,1.46484,1
2257.85,-0.125,0.00341797,0.886719,-6.5918,3.96729,1.09863,1
2257.86,-0.168457,0.0444336,0.90918,-6.5918,4.39453,0,1
2257.87,-0.170898,-0.105957,1.00879,-5.37109,5.06592,0.12207,1
2257.88,-0.203125,-0.0610352,0.993652,-3.60107,4.94385,0,1
2257.89,-0.203613,-0.0224609,0.864258,-3.41797,5.18799,-0.549316,1
2257.9,-0.258301,-0.0834961,0.891113,-2.68555,4.69971,-0.671387,1
2257.91,-0.233887,-0.0571289,0.933105,-2.44141,4.21143,-0.671387,1
2257.92,-0.223145,-0.100586,1.00586,-2.68555,4.15039,-1.09863,1
2257.93,-0.270996,-0.0200195,0.975098,-2.2583,4.21143,-0.854492,1
2257.94,-0.234863,-0.0634766,0.975098,-4.08936,4.39453,-2.13623,1
2257.95,-0.244629,-0.194336,0.976074,-4.45557,3.90625,-1.89209,1
2257.96,-0.209473,-0.1875,1.03223,-4.88281,3.17383,-2.2583,1
2257.97,-0.197754,-0.130859,1.01904,-5.7373,3.2959,-3.2959,1
2257.98,-0.21582,-0.174805,1.00244,-6.46973,4.21143,-4.15039,1
2257.99,-0.299316,-0.217773,1.01611,-6.83594,3.78418,-4.88281,1
2258,-0.251465,-0.263184,1.04834,-8.23975,3.11279,-6.16455,1
2258.01,-0.15918,-0.275391,1.01123,-8.36182,2.99072,-6.10352,1
2258.02,-0.14502,-0.271973,1.02148,-9.58252,2.2583,-7.44629,1
2258.03,-0.168457,-0.34082,1.03955,-10.2539,1.09863,-8.66699,1
2258.04,-0.188965,-0.324219,1.00879,-10.0098,1.2207,-9.15527,1
2258.05,-0.241211,-0.387695,0.999512,-10.498,0.793457,-10.437,1
2258.06,-0.219727,-0.408691,0.949219,-10.1318,-0.12207,-11.5967,1
2258.07,-0.197754,-0.414551,0.964844,-9.82666,0.549316,-12.2681,1
2258.08,-0.185547,-0.506836,1.02783,-9.52148,0,-13.3667,1
2258.09,-0.175293,-0.477539,0.994141,-8.66699,-0.671387,-14.2212,1
2258.1,-0.21582,-0.434082,1.01025,-8.17871,-0.427246,-15.2588,1
2258.11,-0.239258,-0.519043,1.02246,-7.87354,-0.671387,-16.2964,1
2258.11,-0.197266,-0.546875,0.956543,-6.46973,-0.671387,-16.6626,1
2258.12,-0.208008,-0.526367,1.00684,-5.49316,-0.854492,-17.0898,1
2258.13,-0.198242,-0.580078,1.05664,-5.43213,-1.28174,-17.9443,1
2258.14,-0.214355,-0.583496,1.09717,-5.12695,-0.671387,-18.4937,1
2258.15,-0.209473,-0.60791,1.04199,-5.61523,-0.305176,-19.104,1
2258.16,-0.222168,-0.681152,1.03711,-5.67627,0.366211,-19.4092,1
2258.17,-0.209473,-0.576172,1.06689,-5.31006,0.488281,-19.5312,1
2258.18,-0.164062,-0.59668,1.09961,-6.7749,1.64795,-20.5688,1
2258.19,-0.187988,-0.725098,1.06201,-6.5918,1.83105,-20.1416,1
2258.2,-0.200195,-0.685059,0.972656,-6.16455,1.95312,-20.0806,1
2258.21,-0.188477,-0.708008,0.991699,-6.34766,2.31934,-20.9351,1
2258.22,-0.188965,-0.687012,1.03516,-5.06592,2.50244,-21.2402,1
2258.23,-0.186035,-0.633789,0.925781,-4.5166,3.11279,-21.8506,1
2258.24,-0.158203,-0.757324,0.902344,-3.78418,3.05176,-21.9727,1
2258.25,-0.123535,-0.676758,0.928711,-2.01416,2.86865,-21.7896,1
2258.26,-0.0712891,-0.680176,0.870117,-1.70898,3.60107,-22.583,1
2258.27,-0.124512,-0.88623,0.826172,0.183105,3.2959,-22.4609,1
2258.28,-0.17334,-0.772461,0.899414,2.13623,1.95312,-22.644,1
2258.29,-0.18457,-0.702637,1.0293,0.427246,1.70898,-24.1089,1
2258.3,-0.128418,-0.583496,0.911133,-0.366211,2.0752,-24.1699,1
2258.31,-0.0834961,-0.716797,0.831055,-2.56348,2.13623,-24.7192,1
2258.32,-0.111328,-0.928223,0.89502,-1.34277,1.2207,-24.5972,1
2258.33,-0.138672,-0.71582,1.02637,-0.244141,1.09863,-24.5972,1
2258.34,-0.17627,-0.594727,0.994141,-3.17383,1.64795,-25.8789,1
2258.35,-0.155273,-0.894531,0.949219,-4.69971,1.2207,-25.7568,1
2258.36,-0.113281,-0.874512,0.966309,-3.17383,1.64795,-24.9023,1
2258.37,-0.137695,-0.851562,0.998047,-4.76074,2.13623,-26.001,1
2258.38,-0.16748,-0.95459,1.0376,-4.3335,1.95312,-25.8179,1
2258.39,-0.158203,-0.673828,1.04639,-3.479,2.31934,-25.8179,1
2258.4,-0.185059,-0.689453,0.992676,-4.21143,2.68555,-26.062,1
2258.41,-0.187988,-0.995117,0.931641,-3.05176,2.0752,-26.123,1
2258.42,-0.177246,-0.810059,0.913574,-1.0376,1.46484,-25.6958,1
2258.43,-0.189453,-0.803711,1.02441,-3.54004,2.2583,-27.0996,1
2258.43,-0.18457,-0.947266,1.04248,-2.31934,1.52588,-25.8789,1
2258.44,-0.135742,-0.73291,0.991211,-2.31934,1.58691,-26.3672,1
2258.45,-0.109863,-0.719727,0.905273,-3.11279,1.70898,-26.8555,1
2258.46,-0.129395,-0.943359,0.82666,-1.09863,1.83105,-26.3672,1
2258.47,-0.152832,-0.89209,0.892578,1.15967,0.976562,-26.4893,1
2258.48,-0.129883,-0.729004,0.946289,1.64795,1.0376,-26.9775,1
2258.49,-0.158691,-0.852051,0.898438,0.854492,0.915527,-27.4658,1
2258.5,-0.179199,-0.899902,0.897461,2.68555,-0.12207,-27.0386,1
2258.51,-0.133301,-0.739258,0.881836,2.62451,-0.488281,-28.1982,1
2258.52,-0.129883,-0.943359,0.88916,2.74658,0.0610352,-28.0762,1
2258.53,-0.179199,-0.886719,0.979492,3.479,-1.15967,-27.5879,1
2258.54,-0.17334,-0.801758,1.01562,1.0376,-1.52588,-28.9307,1
2258.55,-0.185059,-0.861328,0.958496,0.610352,-0.793457,-28.1982,1
2258.56,-0.214355,-0.883789,0.992676,-0.671387,-0.976562,-28.5034,1
2258.57,-0.190918,-0.876953,1.00684,-2.31934,-1.83105,-28.8086,1
2258.58,-0.100098,-0.938477,0.972168,-2.38037,-0.671387,-27.71,1
2258.59,-0.190918,-0.922363,1.05127,-3.54004,-0.305176,-28.3203,1
2258.6,-0.200684,-0.941895,1.07422,-3.41797,-0.671387,-27.8931,1
2258.61,-0.153809,-0.920898,1.02539,-2.13623,0.427246,-27.3438,1
2258.62,-0.1875,-0.911621,0.967773,-1.83105,-0.12207,-27.71,1
2258.63,-0.162109,-0.865234,0.931641,-2.19727,0,-28.1372,1
2258.64,-0.166016,-1.02441,0.989258,-1.28174,0.732422,-27.3438,1
2258.65,-0.156738,-0.975586,1.09717,0.0610352,0.671387,-26.9165,1
2258.66,-0.166992,-0.952148,1.02539,0.488281,0.427246,-27.0386,1
2258.67,-0.132324,-0.941895,0.989746,2.19727,0.427246,-26.6724,1
2258.68,-0.153809,-0.804688,0.895508,2.2583,0.854492,-26.7944,1
2258.69,-0.136719,-0.931641,0.911133,1.89209,1.0376,-26.7944,1
2258.7,-0.13916,-0.918945,0.960449,2.13623,0.0610352,-26.6113,1
2258.71,-0.0878906,-1.06592,1.05176,1.64795,1.09863,-26.7944,1
2258.72,-0.127441,-0.822754,1.03369,3.72314,1.2207,-25.8789,1
2258.72,-0.141602,-0.823242,0.946289,0.549316,1.40381,-27.1606,1
2258.73,-0.137207,-1.03662,0.896973,2.74658,0.610352,-25.6348,1
2258.74,-0.135254,-0.789062,0.870117,2.74658,1.34277,-26.123,1
2258.75,-0.173828,-0.945801,0.989746,1.09863,1.58691,-26.9165,1
2258.76,-0.157715,-1.03613,1.01318,2.13623,0.976562,-26.001,1
2258.77,-0.148438,-0.822754,0.973633,1.58691,1.77002,-26.001,1
2258.78,-0.166992,-0.920898,0.932129,0,1.83105,-26.4893,1
2258.79,-0.160645,-1.0083,0.9375,1.64795,1.2207,-25.5737,1
2258.8,-0.152344,-0.756836,0.941895,1.83105,1.34277,-25.8789,1
2258.81,-0.14209,-0.772461,0.949219,-1.09863,1.40381,-27.2827,1
2258.82,-0.139648,-1.1123,0.948242,0.12207,1.58691,-26.001,1
2258.83,-0.134766,-0.839844,0.918945,1.52588,0.854492,-25.8789,1
2258.84,-0.125488,-0.902832,0.916992,-0.610352,1.28174,-26.9165,1
2258.85,-0.140625,-1.04346,0.95459,1.70898,1.09863,-25.8179,1
2258.86,-0.183105,-0.777832,0.990723,1.34277,1.2207,-26.3062,1
2258.87,-0.152344,-0.84082,0.906738,-0.793457,1.09863,-26.9775,1
2258.88,-0.0854492,-1.04199,0.942383,1.0376,1.0376,-26.2451,1
2258.89,-0.109375,-0.895508,0.94873,2.19727,1.52588,-26.1841,1
2258.9,-0.0800781,-0.814453,0.938965,1.0376,0.488281,-26.9165,1
2258.91,-0.0864258,-1.10303,0.921875,0.671387,0.732422,-26.6113,1
2258.92,-0.109863,-0.82666,0.980469,2.13623,0,-26.2451,1
2258.93,-0.09375,-0.799805,0.949219,-0.976562,0.793457,-27.5269,1
2258.94,-0.105469,-1.08984,0.94873,0.732422,0.244141,-26.062,1
2258.95,-0.0957031,-0.736816,0.930176,1.58691,-0.0610352,-26.3672,1
2258.96,-0.0546875,-0.943848,0.901367,-1.09863,0.671387,-27.0996,1
2258.97,-0.0478516,-1.04199,0.935547,1.58691,0.12207,-25.3906,1
2258.98,-0.0439453,-0.749023,0.997559,0.0610352,0.488281,-26.4893,1
2258.99,0.0415039,-0.941895,0.916992,-0.976562,0.366211,-26.2451,1
2259,0.0317383,-1.01514,0.895996,0.244141,0.488281,-25.6348,1
2259,0.0200195,-0.757324,0.929199,0.671387,0.244141,-25.6958,1
2259.01,-0.0102539,-0.91748,0.984375,-1.15967,0.610352,-26.001,1
2259.02,0.00683594,-1.06152,0.930664,1.58691,0.610352,-24.353,1
2259.03,-0.0185547,-0.806152,0.904297,0.549316,0.366211,-25.4517,1
2259.04,0.0249023,-0.970703,0.964844,0.183105,0.183105,-24.8413,1
2259.05,-0.0151367,-0.987793,1.00879,0.427246,0.0610352,-24.6582,1
2259.06,0.0424805,-0.767578,0.996582,0.0610352,-0.183105,-24.5972,1
2259.07,0.0170898,-0.995605,0.950684,-1.34277,0.610352,-24.5361,1
2259.08,0.0629883,-1.06494,1,1.70898,-0.244141,-23.1934,1
2259.09,0.0463867,-0.766602,0.945312,0.915527,0.244141,-23.9258,1
2259.1,0.043457,-0.982422,0.929199,0.183105,0.244141,-24.0479,1
2259.11,0.0131836,-0.965332,0.908691,1.58691,-0.183105,-23.4985,1
2259.12,0.0776367,-0.837891,0.946777,1.15967,0.183105,-23.9868,1
2259.13,0.0395508,-0.928711,0.988281,0.12207,-0.183105,-23.9868,1
2259.14,0.0463867,-0.986816,0.891602,2.19727,-0.12207,-22.2778,1
2259.15,0.00927734,-0.783203,0.912598,1.89209,-0.366211,-23.4985,1
2259.16,0.0395508,-0.934082,0.953125,1.28174,-0.427246,-23.6206,1
2259.17,0.0463867,-0.90918,0.939453,3.54004,-0.610352,-22.3999,1
2259.18,0.0610352,-0.748535,0.945312,3.17383,-1.15967,-22.8882,1
2259.19,0.114746,-0.939453,0.916992,1.64795,-0.671387,-23.0103,1
2259.2,0.0410156,-1.03418,0.933105,3.66211,-0.549316,-21.6064,1
2259.21,0,-0.797852,0.972656,3.35693,-0.549316,-22.0947,1
2259.22,-0.0317383,-0.86084,0.956055,2.31934,-0.366211,-22.644,1
2259.23,0.0625,-0.829102,0.885254,3.23486,0,-21.7896,1
2259.24,0.103027,-0.867188,0.960449,2.31934,0,-22.3999,1
2259.25,0.107422,-0.878418,0.938965,3.35693,-0.854492,-20.874,1
2259.26,0.0664062,-0.855469,0.971191,2.19727,0,-21.4233,1
2259.27,0.0292969,-1.0376,0.966309,2.56348,0.244141,-20.813,1
2259.28,0.0195312,-0.869141,0.969727,3.2959,0.244141,-20.2637,1
2259.29,0.0258789,-0.872559,0.942383,0.793457,0.732422,-21.4844,1
2259.3,0.0786133,-0.951172,0.980957,2.62451,0.427246,-19.7754,1
2259.3,0.104492,-0.704102,0.944336,2.31934,0.854492,-20.1416,1
2259.31,0.136719,-0.864746,0.89502,0.732422,0.366211,-20.0195,1
2259.32,0.0522461,-1.03906,0.928223,2.62451,0.793457,-18.9209,1
2259.33,0.0214844,-0.771484,0.984863,2.86865,1.2207,-19.4092,1
2259.34,0.00292969,-0.863281,0.979004,1.15967,1.77002,-19.7144,1
2259.35,0.0639648,-0.936523,0.958496,1.64795,1.15967,-19.2261,1
2259.36,0.0957031,-0.78125,0.956055,0.915527,1.0376,-19.7144,1
2259.37,0.0703125,-0.82666,0.952637,0.488281,1.40381,-19.5923,1
2259.38,0.0429688,-0.790039,0.978027,1.46484,1.46484,-18.8599,1
2259.39,0.0571289,-0.817871,0.912598,0.854492,1.77002,-19.5923,1
2259.4,0.0224609,-0.953125,0.940918,1.83105,1.46484,-19.2261,1
2259.41,0.0214844,-0.84375,1.00635,2.50244,1.15967,-19.3481,1
2259.42,0.0678711,-0.781738,0.965332,1.58691,1.52588,-19.8364,1
2259.43,0.0732422,-0.894531,1.01123,1.0376,1.15967,-20.3247,1
2259.44,0.0571289,-0.803711,0.988281,2.62451,0.854492,-19.4702,1
2259.45,0.059082,-0.714844,0.929199,1.46484,0.915527,-20.6299,1
2259.46,0.0341797,-0.864746,0.915527,2.38037,0.732422,-19.9585,1
2259.47,0.015625,-0.688477,0.950684,3.2959,0.305176,-20.3857,1
2259.48,0.0483398,-0.758301,0.908691,1.34277,0.183105,-21.4844,1
2259.49,0.11377,-0.924805,0.924805,2.31934,0.305176,-20.3247,1
2259.5,0.0595703,-0.734863,0.981934,2.19727,-0.12207,-20.752,1
2259.51,0.0449219,-0.822266,1.00098,0.366211,-0.0610352,-21.4844,1
2259.52,0.0595703,-0.82666,0.988281,1.70898,0.305176,-20.5078,1
2259.53,0.0566406,-0.71582,0.980469,0.610352,0.427246,-21.4233,1
2259.54,0.0737305,-0.850098,0.96875,0.610352,-0.488281,-21.5454,1
2259.55,0.108887,-0.770996,0.970703,1.77002,-0.183105,-20.9961,1
2259.56,0.137207,-0.685547,0.946777,0.610352,0.671387,-21.6064,1
2259.57,0.0839844,-0.946289,1.00537,-0.549316,0.549316,-21.5454,1
2259.58,0.0405273,-0.836914,1.09521,0.793457,-0.183105,-20.6299,1
2259.58,0.0507812,-0.71875,1,-0.793457,0.793457,-21.4233,1
2259.59,0.0649414,-0.979492,1.02979,-0.671387,1.0376,-21.4844,1
2259.6,0.0888672,-0.709473,1.021,0.0610352,0.366211,-21.5454,1
2259.61,0.128418,-0.601562,0.98584,-2.0752,1.09863,-22.2778,1
2259.62,0.0908203,-0.882812,0.989746,-1.28174,0.976562,-21.4844,1
2259.63,0.0810547,-0.714844,0.96582,0.244141,0.610352,-21.3623,1
2259.64,0.0854492,-0.73291,0.945312,-1.70898,1.28174,-22.522,1
2259.65,0.0727539,-0.992676,0.987305,-0.732422,1.15967,-21.4844,1
2259.66,0.0375977,-0.805176,1.01953,0.488281,0.976562,-21.7285,1
2259.67,0.0200195,-0.708008,1.01562,-0.732422,1.83105,-22.3999,1
2259.68,0.0297852,-0.860352,1.01465,-0.427246,1.64795,-22.522,1
2259.69,0.0444336,-0.746582,0.933105,0.793457,0.976562,-21.9727,1
2259.7,0.0317383,-0.679199,0.939453,0.244141,1.58691,-22.2778,1
2259.71,-0.00341797,-0.834473,1.01221,0,1.40381,-22.644,1
2259.72,0.019043,-0.805176,1.01416,1.58691,1.34277,-21.9116,1
2259.73,-0.00585938,-0.766602,0.991211,1.2207,2.01416,-22.3999,1
2259.74,-0.0522461,-0.879395,0.983398,1.46484,1.40381,-22.4609,1
2259.75,-0.0283203,-0.726562,0.961426,2.2583,1.64795,-22.1558,1
2259.76,0.00878906,-0.780273,0.953125,0.671387,2.50244,-23.3765,1
2259.77,-9.765625e-04,-0.884766,0.972168,2.31934,2.0752,-22.3999,1
2259.78,-0.0126953,-0.679199,0.979492,2.01416,1.52588,-23.0713,1
2259.79,-0.00634766,-0.766113,0.984375,0.732422,1.70898,-23.5596,1
2259.8,-0.0273438,-0.808105,0.947754,1.46484,2.19727,-22.8882,1
2259.81,-0.0224609,-0.768555,0.97998,0.793457,1.95312,-23.1323,1
2259.82,-0.0170898,-0.811035,0.992188,0.549316,1.40381,-23.3154,1
2259.83,-0.0141602,-0.77832,0.98584,1.09863,1.40381,-23.1323,1
2259.84,-0.015625,-0.813477,0.959961,1.34277,1.58691,-23.6816,1
2259.85,-0.0195312,-0.856445,0.97168,1.95312,0.854492,-23.8037,1
2259.86,-0.0112305,-0.84082,0.976562,2.01416,0.976562,-23.9258,1
2259.87,-0.00244141,-0.739258,0.973145,1.70898,0.793457,-24.0479,1
2259.88,0,-0.828613,1.01758,0.549316,0.854492,-24.7192,1
2259.89,0.00195312,-0.753418,1.02686,1.89209,0.12207,-23.3765,1
2259.9,0.0141602,-0.715332,1.02295,0.427246,0,-24.5972,1
2259.9,0.0283203,-0.882324,0.969727,1.46484,-0.244141,-23.7427,1
2259.91,-0.00195312,-0.766113,0.957031,2.2583,-0.12207,-23.4985,1
2259.92,0.0151367,-0.820801,0.975586,0.549316,-0.427246,-24.5972,1
2259.93,0.0141602,-0.888184,1.01172,1.64795,-0.610352,-23.6816,1
2259.94,0.00537109,-0.696777,0.998047,0.976562,-0.0610352,-23.9258,1
2259.95,0.0253906,-0.779297,1.03125,-0.976562,-0.366211,-24.4141,1
2259.96,0.0673828,-0.819824,1.02002,0,-0.793457,-22.9492,1
2259.97,0.0805664,-0.598633,1.00586,0.427246,-0.610352,-22.522,1
2259.98,0.034668,-0.847168,1.02881,-0.305176,-0.366211,-23.0103,1
2259.99,0.0366211,-0.834473,1.00195,2.99072,-0.732422,-21.6064,1
2260,0.081543,-0.614258,0.960449,1.83105,0.12207,-22.3999,1
2260.01,0.0722656,-0.900391,0.999023,1.34277,-0.671387,-21.6675,1
2260.02,0.0883789,-0.833008,1.04102,3.11279,-0.854492,-20.4468,1
2260.03,0.0966797,-0.624512,1.05859,2.13623,0.12207,-20.6909,1
2260.04,0.0942383,-0.799316,1.07178,2.50244,0.12207,-19.9585,1
2260.05,0.0834961,-0.659668,1.04102,4.39453,-0.0610352,-18.6157,1
2260.06,0.108887,-0.447266,0.953613,4.21143,0.183105,-18.5547,1
2260.07,0.118652,-0.719727,0.868164,3.78418,0.488281,-17.8833,1
2260.08,0.15332,-0.696289,0.884766,6.34766,-0.0610352,-16.6016,1
2260.09,0.167969,-0.49707,0.966797,5.43213,0.0610352,-16.4185,1
2260.1,0.0957031,-0.677734,1.06592,4.45557,-0.12207,-15.5029,1
2260.11,0.0800781,-0.589355,0.956055,5.61523,-0.610352,-14.0381,1
2260.12,0.0917969,-0.347656,0.836914,5.12695,0.183105,-13.916,1
2260.13,0.119141,-0.415039,0.792969,4.82178,-0.0610352,-13.0005,1
2260.14,0.18457,-0.511719,0.837891,6.5918,-0.671387,-11.7798,1
2260.15,0.199707,-0.286621,0.893555,7.62939,-0.854492,-10.5591,1
2260.16,0.0834961,-0.380371,0.960449,6.40869,0.305176,-9.46045,1
2260.17,0.0307617,-0.453613,0.967285,7.8125,-0.305176,-7.56836,1
2260.18,-0.0307617,-0.185547,0.897461,8.72803,0.488281,-6.10352,1
2260.19,-0.00830078,-0.236328,0.922363,7.08008,0.793457,-5.7373,1
2260.2,0.00732422,-0.259766,0.887695,10.2539,1.0376,-2.74658,1
2260.21,0.00390625,-0.0258789,0.959961,11.1694,1.28174,-1.40381,1
2260.22,0.0131836,-0.145996,0.920898,11.5356,1.34277,-0.305176,1
2260.23,-0.00341797,-0.0585938,0.903809,15.3198,1.83105,2.62451,1
2260.24,-0.0898438,0.130371,0.907227,15.564,2.62451,3.78418,1
2260.25,-0.12207,0.0541992,0.885742,15.686,2.38037,5.24902,1
2260.25,-0.14209,0.300781,0.919922,20.2637,3.17383,10.7422,1
2260.26,-0.222168,0.345215,0.806641,20.6299,2.99072,12.146,1
2260.27,-0.204102,0.333008,0.832031,21.4844,2.74658,13.916,1
2260.28,-0.215332,0.453125,0.901367,22.2778,2.68555,15.3809,1
2260.29,-0.11084,0.48291,0.969727,20.874,2.38037,16.3574,1
2260.3,-0.0952148,0.408691,0.910645,20.3247,2.44141,17.9443,1
2260.31,-0.175293,0.512695,0.868652,19.8364,2.44141,19.7144,1
2260.32,-0.234863,0.545898,0.942871,18.4326,1.89209,20.3857,1
2260.33,-0.194336,0.586426,0.994629,17.2729,1.70898,21.4844,1
2260.34,-0.135742,0.666016,1,16.1133,2.01416,22.7051,1
2260.35,-0.120117,0.674805,1.05078,14.7705,2.01416,23.6816,1
2260.36,-0.125977,0.741699,1.07275,13.0005,1.64795,24.5972,1
2260.37,-0.189941,0.709473,1.06055,11.2305,2.19727,25.4517,1
2260.38,-0.215332,0.695801,1.16113,10.9253,1.89209,26.6724,1
2260.39,-0.196777,0.837891,1.17578,10.3149,2.01416,26.9165,1
2260.4,-0.149902,0.895996,1.20361,9.46045,2.62451,27.2827,1
2260.41,-0.115723,0.789062,1.19141,8.17871,3.17383,27.2217,1
2260.42,-0.0786133,0.771484,1.1001,9.0332,3.17383,28.3813,1
2260.43,-0.145996,0.934082,1.13135,8.05664,3.11279,28.3813,1
2260.44,-0.203125,0.860352,1.17383,6.83594,3.2959,28.2593,1
2260.45,-0.166016,0.878906,1.13379,6.65283,3.84521,28.8086,1
2260.46,-0.121094,0.977051,1.11963,5.06592,4.27246,28.8086,1
2260.47,-0.0854492,0.887207,1.10596,2.2583,3.35693,28.5034,1
2260.48,-0.100586,0.811035,1.09033,1.40381,3.05176,29.3579,1
2260.49,-0.0600586,0.984863,1.08838,-0.427246,3.479,29.1748,1
2260.5,-0.0708008,0.927734,0.992188,-3.72314,4.08936,28.4424,1
2260.51,-0.0639648,0.85791,0.907227,-3.84521,3.2959,29.6021,1
2260.52,-0.0830078,1.05127,0.963867,-5.24902,2.74658,29.1748,1
2260.53,-0.103027,0.855957,0.984375,-7.08008,2.62451,28.9917,1
2260.54,-0.0854492,0.70752,0.994629,-5.85938,2.38037,30.1514,1
2260.55,-0.0664062,0.952148,0.900879,-6.5918,1.95312,29.7852,1
2260.56,-0.0585938,0.960449,0.879395,-7.93457,1.0376,29.9683,1
2260.57,-0.0761719,0.803711,0.969238,-6.53076,0.488281,30.7617,1
2260.58,-0.100586,0.817383,0.934082,-4.82178,-0.305176,31.189,1
2260.59,-0.106934,0.687012,0.876953,-4.76074,-0.671387,31.25,1
2260.6,-0.0541992,0.81543,0.797363,-2.2583,-1.70898,32.2876,1
2260.61,-0.0463867,1.07471,0.825684,-2.86865,-1.46484,32.3486,1
2260.61,-0.0146484,0.84375,0.965332,-2.86865,-1.95312,32.2266,1
2260.62,0.00390625,0.776367,1.03662,-0.0610352,-2.62451,33.1421,1
2260.63,0.0102539,0.849121,0.978516,1.2207,-2.19727,32.8369,1
2260.64,0.0200195,0.992188,0.85791,0.976562,-2.62451,32.4707,1
2260.65,0.00390625,0.748535,0.853516,-0.0610352,-2.56348,32.4707,1
2260.66,0.00195312,0.934082,0.932617,1.52588,-3.41797,32.8369,1
2260.67,0.0751953,1.03467,0.969727,-0.610352,-2.74658,32.1655,1
2260.68,0.0507812,0.826172,0.968262,-0.183105,-2.80762,31.8604,1
2260.69,0.0419922,0.94873,1.05762,0.854492,-2.19727,31.3721,1
2260.7,0.0341797,1.10303,0.959473,-0.732422,-1.28174,30.3345,1
2260.71,0.0927734,0.88916,0.962891,-2.01416,-0.549316,29.6021,1
2260.72,0.165527,1.01172,0.971191,-0.549316,-0.671387,29.2969,1
2260.73,0.164062,1.07617,1.10303,-2.01416,0.244141,27.4658,1
2260.74,0.0463867,0.793945,1.11279,-0.671387,1.09863,27.5879,1
2260.75,0.0625,1.05518,0.994141,0.366211,1.40381,26.9165,1
2260.76,0.150391,1.09814,0.928711,-2.13623,2.44141,25.9399,1
2260.77,0.202637,0.813477,0.95752,-0.305176,2.62451,26.4282,1
2260.78,0.11084,1.0459,1.06201,1.40381,2.62451,25.2686,1
2260.79,0.0537109,0.993652,1.13428,1.09863,3.05176,25.0244,1
2260.8,0.0351562,0.802246,1.10303,1.89209,3.11279,25.3296,1
2260.81,0.102051,1.14209,0.966797,1.28174,2.44141,25.3906,1
2260.82,0.202637,0.95752,0.853516,-3.2959,2.62451,25.0244,1
2260.82,0.139648,0.773438,0.956543,-1.2207,2.19727,26.123,1
2260.83,0.0742188,1.0166,1.03809,-1.64795,1.89209,25.4517,1
2260.84,0.0224609,0.831055,0.97168,-2.80762,1.70898,26.001,1
2260.85,0.0322266,0.800781,0.836426,-2.68555,1.09863,26.3672,1
2260.86,0.0942383,0.935547,0.713379,-4.08936,0.854492,26.6724,1
2260.87,0.146484,0.808105,0.852051,-5.79834,0.366211,26.7334,1
2260.88,0.0654297,0.697754,0.980469,-4.08936,0.549316,27.5269,1
2260.89,0.0712891,0.950195,0.891602,-4.15039,0.183105,26.9165,1
2260.9,0.0263672,0.799805,0.825684,-5.31006,0.12207,27.2217,1
2260.91,0.121094,0.873535,0.777832,-4.21143,-0.488281,27.1606,1
2260.92,0.188965,0.929199,0.894531,-4.15039,0.0610352,26.9775,1
2260.93,0.172852,0.71875,1.03662,-1.95312,0.0610352,26.9775,1
2260.94,0.154297,0.855957,1.05859,0.427246,0,26.9775,1
2260.95,0.104492,0.953613,0.907227,-0.854492,0.610352,26.2451,1
2260.96,0.152832,0.881348,0.882324,-0.549316,0.793457,26.3672,1
2260.97,0.215332,0.941895,0.945312,0.366211,1.28174,25.8789,1
2260.98,0.245117,0.796875,1.02734,1.58691,1.46484,25.5737,1
2260.99,0.195801,0.79834,1.06201,4.27246,1.46484,25.7568,1
2261,0.183594,0.902344,0.921875,3.90625,2.0752,24.6582,1
2261.01,0.155273,1.00635,0.864746,2.74658,2.74658,24.8413,1
2261.02,0.160645,0.769043,0.917969,0.915527,3.60107,24.353,1
2261.03,0.228516,0.869629,0.975586,2.74658,3.23486,24.6582,1
2261.04,0.211914,0.961426,1.03906,1.15967,3.96729,23.9258,1
2261.05,0.122559,0.751465,0.925781,0.427246,3.60107,23.8647,1
2261.06,0.13623,0.771484,0.808594,0.244141,3.66211,24.353,1
2261.07,0.134766,1.00439,0.879883,-1.52588,3.84521,24.231,1
2261.08,0.182129,0.888184,0.986328,-3.90625,3.479,23.7427,1
2261.09,0.164551,0.878906,1.04297,-2.31934,3.479,24.4141,1
2261.1,0.0727539,0.952637,1.04102,-2.68555,3.35693,24.5361,1
2261.11,0.0913086,0.668457,0.903809,-3.41797,2.44141,24.9023,1
2261.12,0.217773,0.769043,0.76709,-1.52588,1.34277,25.2686,1
2261.13,0.249512,1.01416,0.907715,-1.89209,1.40381,25.4517,1
2261.14,0.210449,0.799805,1.09766,-2.13623,1.2207,25.1465,1
2261.14,0.142578,0.841309,1.06494,0.244141,0.366211,26.123,1
2261.15,0.12207,0.809082,0.869629,-0.549316,0.183105,25.7568,1
2261.16,0.144043,0.714844,0.765137,0.244141,-0.915527,26.7944,1
2261.17,0.275391,0.743652,0.844238,0.610352,-1.09863,26.7334,1
2261.18,0.297363,0.769531,0.980957,1.2207,-1.52588,27.4048,1
2261.19,0.246094,0.73877,1.03809,0.915527,-2.01416,27.1606,1
2261.2,0.209961,0.890137,0.927246,1.28174,-2.44141,26.9775,1
2261.21,0.180176,0.963867,0.902832,-0.244141,-2.19727,26.4893,1
2261.22,0.234863,0.68457,1.02783,-0.305176,-2.01416,27.1606,1
2261.23,0.414062,0.75293,1.07959,1.0376,-2.92969,27.5879,1
2261.24,0.471191,0.958496,1.06201,0.244141,-2.50244,26.4893,1
2261.25,0.368164,0.720215,1.03711,0,-2.13623,25.8789,1
2261.26,0.283691,0.863281,0.977051,1.70898,-2.0752,25.6348,1
2261.27,0.326172,0.951172,1.02734,-0.671387,-1.58691,24.7803,1
2261.28,0.409668,0.60498,1.09375,0.183105,-1.77002,26.062,1
2261.29,0.474121,0.852051,1.08936,2.38037,-1.77002,25.7568,1
2261.3,0.396973,0.960938,0.978027,0.183105,-1.52588,25.0244,1
2261.31,0.335938,0.606445,0.980469,0.305176,-1.2207,24.9023,1
2261.32,0.396484,0.828613,1.06445,2.68555,-1.40381,25.1465,1
2261.33,0.449219,0.957031,1.01855,0.793457,-1.46484,24.4751,1
2261.34,0.380859,0.655762,0.976074,1.77002,-1.2207,25.0244,1
2261.35,0.305176,0.821289,0.966309,3.05176,-1.0376,24.8413,1
2261.36,0.41748,0.909668,1.02197,1.64795,-1.28174,24.5361,1
2261.37,0.416992,0.669434,1.1084,1.89209,-0.915527,24.5361,1
2261.38,0.390625,0.872559,1.0166,2.68555,-1.34277,24.231,1
2261.39,0.351074,0.903809,1.00098,0,-0.671387,23.4985,1
2261.4,0.370117,0.72998,0.984863,0.366211,-0.549316,23.8647,1
2261.41,0.389648,0.772949,0.998535,0.305176,-0.427246,23.9258,1
2261.42,0.422852,0.926758,1.03662,-0.976562,-0.854492,23.6816,1
2261.43,0.433594,0.762207,0.978516,-2.74658,-0.427246,23.3154,1
2261.44,0.403809,0.807617,0.981934,-1.40381,-0.488281,23.1323,1
2261.45,0.364258,0.888672,1.02295,-2.38037,-0.0610352,23.0713,1
2261.46,0.426758,0.704102,0.972168,-2.2583,-0.549316,23.5596,1
2261.47,0.527832,0.822266,1.01172,-0.732422,-0.549316,23.4985,1
2261.48,0.432617,0.832031,0.981445,-1.58691,0.0610352,22.9492,1
2261.49,0.415039,0.729004,0.932617,-0.732422,-0.427246,23.1934,1
2261.5,0.479492,0.695312,1.02686,0.244141,0,24.0479,1
2261.51,0.458984,0.987305,0.967285,-0.610352,0.183105,23.4375,1
2261.52,0.42627,0.739258,0.950195,-3.2959,0.12207,23.0713,1
2261.53,0.416992,0.621094,1.02344,-1.34277,-0.244141,23.3154,1
2261.54,0.384277,1.05127,0.955566,-1.83105,0.12207,23.4375,1
2261.55,0.440918,0.700684,0.939453,-4.82178,0.549316,22.8882,1
2261.56,0.462402,0.625,0.991699,-1.09863,0.0610352,23.4985,1
2261.57,0.442383,0.900879,0.989258,-1.77002,0.610352,22.7661,1
2261.58,0.369629,0.726074,0.93457,-3.54004,0.12207,22.2778,1
2261.59,0.431152,0.624512,0.979492,-2.80762,0.488281,22.2778,1
2261.6,0.434082,0.793945,0.925781,-3.35693,0.854492,21.8506,1
2261.61,0.513184,0.746582,0.771973,-4.69971,0.854492,21.6675,1
2261.62,0.509766,0.75,0.945801,-5.00488,0.732422,21.6064,1
2261.63,0.458008,0.615723,1.06592,-5.5542,0.244141,21.6064,1
2261.64,0.484375,0.615234,0.890625,-3.96729,0.183105,21.7285,1
2261.65,0.434082,0.793945,0.939453,-4.82178,0.488281,20.752,1
2261.66,0.414062,0.577637,0.961426,-5.85938,0.183105,20.5078,1
2261.67,0.462402,0.693848,0.885254,-4.08936,0.12207,20.2637,1
2261.68,0.5625,0.705566,0.918945,-5.43213,0.488281,19.4702,1
2261.68,0.569824,0.43457,1.00244,-4.57764,-0.183105,19.165,1
2261.69,0.481934,0.719727,1.02686,-2.31934,-0.0610352,18.6768,1
2261.7,0.510254,0.847656,0.975098,-5.00488,0.183105,16.7847,1
2261.71,0.512695,0.472656,0.952637,-3.96729,0.183105,16.1743,1
2261.72,0.456055,0.544922,0.992188,-1.77002,-0.244141,15.8691,1
2261.73,0.42627,0.69043,0.998535,-4.27246,-0.793457,15.3198,1
2261.74,0.596191,0.391113,0.958008,-4.76074,-1.09863,14.6484,1
2261.75,0.533203,0.443848,1.01514,-2.86865,-0.854492,13.1836,1
2261.76,0.470703,0.710938,0.995117,-3.84521,-1.34277,11.2915,1
2261.77,0.467285,0.563477,0.921875,-5.49316,-1.2207,9.8877,1
2261.78,0.611816,0.440918,0.929199,-4.5166,-0.854492,9.09424,1
2261.79,0.647949,0.599121,0.982422,-4.27246,-0.549316,7.87354,1
2261.8,0.574707,0.587402,1.05371,-5.67627,-0.549316,6.46973,1
2261.81,0.540039,0.328125,1.00244,-5.37109,-0.549316,5.43213,1
2261.82,0.557129,0.402344,0.936035,-4.57764,-1.09863,4.39453,1
2261.83,0.677734,0.467773,0.946777,-6.46973,-1.15967,3.17383,1
2261.84,0.74707,0.250977,1.00537,-6.7749,-1.28174,1.52588,1
2261.85,0.65918,0.37793,1.05029,-4.63867,-1.52588,0.183105,1
2261.86,0.560059,0.541504,0.899414,-5.98145,-2.01416,-1.09863,1
2261.87,0.611328,0.197754,0.94873,-6.89697,-2.38037,-1.58691,1
2261.88,0.733398,0.197754,1.02979,-4.69971,-2.68555,-1.58691,1
2261.89,0.708008,0.386719,1.02295,-5.31006,-2.86865,-2.31934,1
2261.9,0.579102,0.151367,0.958984,-7.14111,-2.99072,-3.35693,1
2261.91,0.553223,0.0888672,0.917969,-5.31006,-3.35693,-3.78418,1
2261.91,0.595215,0.280762,0.941895,-5.49316,-3.2959,-4.39453,1
2261.92,0.570801,0.185059,0.980957,-6.34766,-2.86865,-4.94385,1
2261.93,0.525391,0.130859,0.955078,-5.85938,-2.56348,-4.88281,1
2261.94,0.431641,0.122559,1.05078,-5.49316,-1.77002,-4.76074,1
2261.95,0.402832,0.0307617,1.01953,-5.12695,-1.70898,-4.76074,1
2261.96,0.433594,0.0771484,1.06494,-4.76074,-0.915527,-4.5166,1
2261.97,0.487793,0.0961914,1.02246,-6.46973,-0.549316,-4.82178,1
2261.98,0.474121,-0.0693359,1.02686,-6.71387,-0.305176,-4.5166,1
2261.99,0.427246,0.0615234,1.09033,-6.04248,0,-3.78418,1
2262,0.394531,0.00878906,1.10205,-7.44629,0.549316,-3.66211,1
2262.01,0.374512,-0.078125,1.11719,-6.65283,0.366211,-2.99072,1
2262.02,0.381836,0.0634766,1.11426,-7.01904,0.793457,-2.68555,1
2262.03,0.374512,-0.0488281,1.0835,-7.69043,1.09863,-2.19727,1
2262.04,0.351562,-0.0595703,1.05273,-6.95801,0.915527,-1.64795,1
2262.05,0.321777,-0.0405273,0.92627,-6.5918,1.0376,-1.40381,1
2262.06,0.293945,-0.0810547,1.00146,-5.85938,0.915527,-1.0376,1
2262.07,0.227539,-0.115234,1.08398,-4.82178,0.915527,-0.793457,1
2262.08,0.0874023,-0.0585938,1.10254,-3.78418,1.46484,-0.244141,1
2262.09,-0.0322266,-0.103027,1.02246,-3.96729,1.58691,-0.732422,1
2262.1,-0.0600586,-0.0893555,1.04688,-2.50244,2.44141,-0.305176,1
2262.11,-0.0605469,-0.0463867,1.06494,-2.56348,3.2959,-0.549316,1
2262.12,-0.0244141,-0.203613,1.02979,-1.58691,3.90625,0,1
2262.13,-0.0776367,-0.113281,1.04395,-0.12207,4.15039,0.305176,1
2262.14,-0.0517578,-0.0273438,0.981934,-0.488281,5.18799,-0.0610352,1
2262.15,-0.199219,-0.21875,1.01953,-0.183105,5.92041,0,1
2262.16,-0.169434,-0.0844727,1.01074,1.89209,5.67627,0.793457,1
2262.17,-0.259277,-0.0620117,0.95459,1.0376,7.26318,-0.12207,1
2262.18,-0.279785,-0.203125,0.888184,2.44141,7.69043,0.12207,1
2262.19,-0.453125,-0.118652,0.930664,4.82178,8.05664,0.549316,1
2262.2,-0.583008,-0.0302734,0.891602,4.08936,8.17871,0.0610352,1
2262.21,-0.428223,0.00341797,0.888672,2.62451,7.8125,-0.366211,1
2262.21,-0.30957,-0.217773,0.944824,2.74658,8.60596,0.12207,1
2262.22,-0.322754,-0.0507812,0.925293,3.35693,7.93457,-0.183105,1
2262.23,-0.461426,0.123047,0.835449,0.366211,7.93457,-1.46484,1
2262.24,-0.539551,-0.166504,0.86084,-0.915527,7.93457,-0.793457,1
2262.25,-0.489746,-0.0380859,0.932617,-0.183105,6.53076,-0.915527,1
2262.26,-0.408203,0.0136719,0.950195,-3.2959,7.50732,-2.92969,1
2262.27,-0.492676,-0.186035,0.90918,-2.99072,7.14111,-2.31934,1
2262.28,-0.504883,0.0581055,0.871582,-3.78418,6.53076,-2.74658,1
2262.29,-0.421387,0.0649414,0.853027,-6.89697,6.04248,-3.84521,1
2262.3,-0.397949,-0.269043,0.931152,-6.04248,5.12695,-3.35693,1
2262.31,-0.425293,-0.0419922,0.927246,-4.39453,3.66211,-3.479,1
2262.32,-0.493164,-0.132324,0.837402,-6.7749,3.72314,-5.18799,1
2262.33,-0.465332,-0.398438,0.921875,-4.21143,2.68555,-4.3335,1
2262.34,-0.428223,-0.0400391,0.919434,-3.23486,2.50244,-5.00488,1
2262.35,-0.487305,-0.126465,0.891602,-5.31006,2.62451,-6.22559,1
2262.36,-0.509766,-0.237305,0.961914,-3.78418,1.52588,-5.49316,1
2262.37,-0.55957,-0.124512,0.95752,-4.27246,1.95312,-6.53076,1
2262.38,-0.489258,-0.328125,0.974121,-3.11279,1.2207,-6.53076,1
2262.39,-0.604004,-0.267578,1.19971,-0.915527,1.83105,-6.40869,1
2262.4,-0.561035,-9.765625e-04,1.14893,-1.89209,1.83105,-7.20215,1
2262.41,-0.560059,-0.303711,1.06201,-4.27246,2.38037,-8.11768,1
2262.42,-0.511719,-0.260254,1.15771,-2.2583,1.70898,-6.83594,1
2262.43,-0.538086,-0.146484,1.18213,-4.76074,2.86865,-8.17871,1
2262.44,-0.629883,-0.444336,1.09082,-4.69971,2.86865,-7.75146,1
2262.45,-0.660645,-0.26416,1.03955,-1.70898,3.17383,-6.95801,1
2262.46,-0.625488,-0.213379,1.0542,-3.96729,4.45557,-9.39941,1
2262.47,-0.574707,-0.335938,1.08643,-2.38037,4.02832,-8.11768,1
2262.48,-0.509766,-0.22998,1.03906,-2.80762,4.08936,-8.54492,1
2262.49,-0.549316,-0.397949,0.865234,-3.2959,3.41797,-8.8501,1
2262.49,-0.527344,-0.388672,0.847656,-1.0376,2.56348,-8.30078,1
2262.5,-0.640137,-0.216309,0.964355,-1.2207,2.86865,-9.46045,1
2262.51,-0.566406,-0.407227,0.982422,-0.854492,1.95312,-10.0708,1
2262.52,-0.551758,-0.387695,0.900391,1.64795,1.34277,-9.8877,1
2262.53,-0.52832,-0.259766,0.953125,1.09863,1.70898,-10.9253,1
2262.54,-0.510742,-0.445312,0.90918,0.549316,1.46484,-11.1084,1
2262.55,-0.570312,-0.441895,1.04785,1.58691,0.183105,-10.8032,1
2262.56,-0.534668,-0.253418,1.11133,0.0610352,0.244141,-11.6577,1
2262.57,-0.539551,-0.411621,1.08691,-1.58691,1.52588,-12.207,1
2262.58,-0.588867,-0.463379,1.03223,-1.46484,1.28174,-11.9629,1
2262.59,-0.504883,-0.296387,0.957031,-2.68555,1.15967,-12.085,1
2262.6,-0.495605,-0.433594,1.00391,-4.27246,1.52588,-12.8174,1
2262.61,-0.476562,-0.617676,1.03076,-3.35693,0.305176,-13.2446,1
2262.62,-0.554199,-0.386719,0.96875,-1.0376,1.2207,-12.9395,1
2262.63,-0.562012,-0.154297,0.904785,-3.41797,2.0752,-14.0381,1
2262.64,-0.555176,-0.465332,0.969727,-6.34766,1.58691,-14.8315,1
2262.65,-0.408691,-0.585938,0.985352,-2.99072,1.0376,-13.1836,1
2262.66,-0.517578,-0.393066,0.933594,-1.09863,1.70898,-13.9771,1
2262.67,-0.601562,-0.524902,0.836426,-0.12207,1.15967,-14.7705,1
2262.68,-0.541016,-0.5,0.866211,2.74658,1.70898,-13.916,1
2262.69,-0.445312,-0.365234,0.918945,3.05176,1.95312,-14.0991,1
2262.7,-0.364258,-0.456055,0.898438,2.80762,1.77002,-14.7095,1
2262.71,-0.541016,-0.548828,1.00537,4.94385,1.0376,-14.4653,1
2262.72,-0.396973,-0.513672,0.818848,6.83594,2.0752,-14.4653,1
2262.73,-0.556152,-0.625488,0.839844,7.26318,1.46484,-14.8315,1
2262.74,-0.505859,-0.510254,0.955078,6.10352,1.34277,-15.1367,1
2262.75,-0.518066,-0.355957,0.984375,4.15039,2.50244,-14.3433,1
2262.76,-0.630371,-0.348633,1.01465,1.46484,1.2207,-15.686,1
2262.77,-0.536133,-0.535645,0.886719,-0.915527,0.427246,-16.9678,1
2262.77,-0.542969,-0.595215,0.916016,1.40381,0.793457,-15.3809,1
2262.78,-0.503906,-0.442871,1.09814,-1.89209,0.732422,-17.0288,1
2262.79,-0.447754,-0.484375,1.01221,-4.76074,-0.305176,-16.9678,1
2262.8,-0.403809,-0.504395,0.926758,-3.78418,0.305176,-16.4185,1
2262.81,-0.499512,-0.435059,0.949707,-4.82178,-0.488281,-18.3716,1
2262.82,-0.625488,-0.553223,0.932617,-4.02832,-0.671387,-17.5781,1
2262.83,-0.550781,-0.487305,0.874512,-3.96729,-0.488281,-17.7002,1
2262.84,-0.5625,-0.708984,0.952148,-5.37109,-0.793457,-18.7988,1
2262.85,-0.464355,-0.773926,0.998535,-2.56348,-1.64795,-18.1274,1
2262.86,-0.512695,-0.471191,0.997559,-1.2207,-1.77002,-18.6157,1
2262.87,-0.579102,-0.55957,1.0498,-2.56348,-1.95312,-19.5923,1
2262.88,-0.538574,-0.499023,1.02588,-1.77002,-3.23486,-18.7378,1
2262.89,-0.543945,-0.383301,0.994629,-3.41797,-2.2583,-19.2871,1
2262.9,-0.521973,-0.814941,1.02832,-3.66211,-2.74658,-18.2495,1
2262.91,-0.481445,-0.719727,1.0293,-0.0610352,-3.11279,-16.5405,1
2262.92,-0.521973,-0.413574,0.935547,-2.0752,-2.19727,-17.8833,1
2262.93,-0.619141,-0.761719,0.89209,-2.92969,-1.64795,-18.6157,1
2262.94,-0.677246,-0.762695,0.903809,0.793457,-1.58691,-17.395,1
2262.95,-0.601562,-0.334961,1.07812,-0.854492,-0.976562,-18.7988,1
2262.96,-0.494629,-0.574707,1.07715,-4.02832,0,-19.4092,1
2262.97,-0.546875,-0.785156,0.920898,-1.09863,0.244141,-17.7002,1
2262.98,-0.554688,-0.599609,0.945801,0.183105,-0.793457,-18.3105,1
2262.99,-0.595215,-0.617188,1.01416,-0.488281,-1.09863,-18.9209,1
2263,-0.587891,-0.524902,1.08398,0.183105,-0.244141,-18.0054,1
2263.01,-0.661133,-0.564453,0.973145,-1.70898,0.0610352,-19.4092,1
2263.02,-0.632324,-0.748535,0.901855,-1.28174,0.305176,-19.4092,1
2263.03,-0.554688,-0.735352,0.86377,1.09863,1.46484,-18.6768,1
2263.04,-0.529297,-0.522461,0.999023,1.40381,1.40381,-19.165,1
2263.05,-0.579102,-0.612793,1.0083,0.183105,1.0376,-19.6533,1
2263.06,-0.473633,-0.689941,0.827637,1.34277,1.89209,-18.3105,1
2263.07,-0.618652,-0.766602,0.946289,2.86865,1.95312,-18.6157,1
2263.08,-0.421387,-0.463867,0.959961,1.64795,1.46484,-19.6533,1
2263.09,-0.431641,-0.574707,1.08936,-0.183105,1.46484,-20.2026,1
2263.1,-0.480957,-0.769531,0.911133,-0.915527,0.793457,-20.9351,1
2263.11,-0.476074,-0.615234,0.775391,0.427246,1.52588,-19.7144,1
2263.11,-0.533203,-0.700195,0.910156,-1.28174,1.70898,-21.4844,1
2263.12,-0.376465,-0.632812,1.02002,0.183105,0.183105,-20.752,1
2263.13,-0.344727,-0.521973,1.01611,-0.732422,1.28174,-21.1792,1
2263.14,-0.390625,-0.79541,0.975098,-1.64795,0.610352,-21.6064,1
2263.15,-0.386719,-0.737793,0.86377,0.610352,1.0376,-20.4468,1
2263.16,-0.381836,-0.632812,0.95166,-0.183105,1.58691,-21.9727,1
2263.17,-0.300293,-0.719238,0.927246,0.0610352,0.427246,-21.8506,1
2263.18,-0.260742,-0.657227,0.919922,0.793457,0.549316,-21.7285,1
2263.19,-0.34668,-0.613281,0.885742,-0.244141,0.854492,-22.522,1
2263.2,-0.414551,-0.742676,0.861816,-0.12207,1.2207,-22.522,1
2263.21,-0.366211,-0.693359,0.857422,1.52588,1.40381,-22.2778,1
2263.22,-0.343262,-0.580566,0.901367,0.610352,0.976562,-23.4375,1
2263.23,-0.288574,-0.770508,0.887695,0.610352,0.976562,-23.4375,1
2263.24,-0.34668,-0.603516,0.895996,0.915527,0.732422,-23.0103,1
2263.25,-0.367188,-0.746094,0.963379,-1.64795,1.0376,-24.4141,1
2263.26,-0.306152,-0.867188,0.952148,0.244141,1.0376,-23.0713,1
2263.27,-0.223145,-0.549316,0.947754,-0.366211,1.34277,-23.6206,1
2263.28,-0.189941,-0.717773,0.951172,-2.56348,1.64795,-24.5972,1
2263.29,-0.20752,-0.87793,0.869141,-0.732422,1.15967,-23.2544,1
2263.3,-0.253418,-0.618652,0.791992,-0.488281,1.52588,-23.5596,1
2263.31,-0.291992,-0.796875,0.873047,-2.38037,2.19727,-25.0244,1
2263.32,-0.261719,-0.910645,0.898438,0.427246,2.13623,-23.8037,1
2263.33,-0.225098,-0.575684,0.887207,0.793457,2.74658,-24.5361,1
2263.34,-0.200195,-0.797363,0.900879,-1.58691,2.80762,-25.6348,1
2263.35,-0.189453,-0.791992,0.852051,1.52588,1.95312,-24.1089,1
2263.36,-0.19043,-0.57959,0.837891,0.427246,2.50244,-25.3906,1
2263.37,-0.197266,-0.860352,0.864746,0.366211,2.13623,-25.5127,1
2263.38,-0.195312,-0.712891,0.867676,2.31934,1.70898,-25.2075,1
2263.39,-0.151855,-0.708008,0.907227,0,2.38037,-26.5503,1
2263.4,-0.141602,-0.856934,0.931152,0.183105,1.95312,-25.8789,1
2263.41,-0.100586,-0.719727,0.862793,0.549316,2.38037,-25.7568,1
2263.42,-0.132324,-0.78125,0.817871,0,2.31934,-26.4893,1
2263.43,-0.153809,-0.819824,0.839844,1.58691,2.0752,-26.062,1
2263.44,-0.169434,-0.716309,0.851074,1.09863,2.50244,-26.6724,1
2263.45,-0.145508,-0.865234,0.905762,-0.0610352,2.38037,-27.3438,1
2263.45,-0.0859375,-0.848633,0.924316,0.732422,1.95312,-26.4893,1
2263.46,-0.0732422,-0.686523,0.879883,0.671387,2.68555,-26.6113,1
2263.47,-0.104492,-0.825684,0.836426,0,2.50244,-27.4048,1
2263.48,-0.142578,-0.783203,0.830078,2.01416,1.70898,-26.4893,1
2263.49,-0.157227,-0.66748,0.806641,0.427246,1.89209,-27.5269,1
2263.5,-0.135742,-0.953613,0.899414,0.549316,2.01416,-27.4048,1
2263.51,-0.0957031,-0.711426,0.899902,2.01416,1.64795,-26.8555,1
2263.52,-0.0703125,-0.730469,0.899414,-0.671387,2.44141,-28.0762,1
2263.53,-0.119141,-0.972656,0.878418,1.2207,1.46484,-26.7334,1
2263.54,-0.145508,-0.724609,0.861816,2.13623,1.77002,-27.0386,1
2263.55,-0.114746,-0.751953,0.858887,-0.244141,2.2583,-28.1982,1
2263.56,-0.133789,-0.905273,0.925781,0.549316,1.95312,-27.1606,1
2263.57,-0.0932617,-0.784668,0.925293,0.671387,2.01416,-26.9775,1
2263.58,-0.115723,-0.782715,0.949707,-0.671387,2.31934,-27.6489,1
2263.59,-0.174316,-0.916016,0.909668,-0.610352,2.68555,-27.5879,1
2263.6,-0.170898,-0.808594,0.880371,0.244141,2.44141,-26.9165,1
2263.61,-0.179688,-0.76709,0.886719,-1.40381,2.68555,-28.0762,1
2263.62,-0.161621,-0.918457,0.975586,-1.52588,2.44141,-27.9541,1
2263.63,-0.140625,-0.790527,0.970703,-0.732422,2.56348,-27.3438,1
2263.64,-0.143555,-0.741211,0.927246,-1.52588,2.92969,-27.8931,1
2263.65,-0.160645,-0.942383,0.958008,-0.854492,2.80762,-27.9541,1
2263.66,-0.129883,-0.849121,0.943848,0.366211,2.50244,-27.5269,1
2263.67,-0.112793,-0.803711,0.937988,0,2.99072,-28.1372,1
2263.68,-0.137695,-0.966309,0.930664,-0.12207,2.44141,-28.5034,1
2263.69,-0.118652,-0.862305,0.946289,0.793457,1.58691,-28.3203,1
2263.7,-0.100586,-0.831543,1.00391,-0.12207,2.68555,-29.2358,1
2263.71,-0.0693359,-0.896484,0.997559,0.976562,2.19727,-28.1982,1
2263.72,-0.0639648,-0.919922,0.959961,1.09863,2.2583,-28.6865,1
2263.73,-0.0644531,-0.827148,0.977051,2.38037,1.15967,-28.3813,1
2263.74,-0.111816,-0.932617,0.931641,2.13623,1.83105,-28.8696,1
2263.74,-0.141113,-0.901367,0.9375,2.80762,0.671387,-28.6865,1
2263.75,-0.0942383,-0.755859,1.04248,1.52588,0.183105,-29.4189,1
2263.76,-0.0336914,-1.0332,1.03271,1.58691,0.793457,-29.1748,1
2263.77,-0.050293,-0.916016,1.0332,3.78418,-0.244141,-28.9307,1
2263.78,0.0151367,-0.754883,0.997559,1.46484,-0.488281,-30.3955,1
2263.79,0.0322266,-1.05908,0.978516,2.62451,-0.671387,-28.7476,1
2263.8,0.00146484,-0.878418,1.02979,4.08936,-1.46484,-28.8696,1
2263.81,0.0292969,-0.77002,0.991699,2.31934,-1.15967,-29.7852,1
2263.82,-0.0136719,-1.05127,0.994629,3.05176,-0.732422,-29.0527,1
2263.83,-0.0268555,-0.844238,1.05176,4.63867,-1.40381,-28.9307,1
2263.84,0.111816,-0.671387,0.966309,1.95312,-1.40381,-29.8462,1
2263.85,0.155762,-1.00781,1.04883,1.58691,-1.83105,-28.9307,1
2263.86,0.0898438,-0.899902,0.978027,3.17383,-2.50244,-28.1372,1
2263.87,0.0864258,-0.77832,0.973633,2.2583,-1.83105,-28.7476,1
2263.88,0.0273438,-1.06055,1.05029,3.78418,-1.64795,-27.832,1
2263.89,0.0488281,-0.75293,0.933105,6.28662,-1.89209,-27.8931,1
2263.9,0.143066,-0.766602,0.895996,4.15039,-1.77002,-28.9307,1
2263.91,0.185547,-1.11279,1.06836,6.16455,-2.19727,-27.5269,1
2263.92,0.207031,-0.668457,0.989746,7.20215,-2.01416,-27.0386,1
2263.93,0.110352,-0.772461,0.883789,3.84521,-1.2207,-27.0996,1
2263.94,0.0786133,-1.08154,0.890137,5.31006,-1.46484,-26.1841,1
2263.95,0.0883789,-0.649902,0.924316,6.04248,-0.366211,-25.8179,1
2263.96,0.15918,-0.765625,1.03467,3.72314,-0.12207,-26.062,1
2263.97,0.19043,-0.886719,1.07178,6.04248,0,-24.292,1
2263.98,0.183594,-0.643555,0.885742,5.61523,0.610352,-24.7803,1
2263.99,0.137207,-0.848633,0.807617,3.60107,0.915527,-24.9634,1
2264,0.137695,-1.05811,0.79541,4.76074,1.40381,-23.8037,1
2264.01,0.0966797,-0.568359,0.959961,4.15039,1.40381,-23.9868,1
2264.02,0.0678711,-0.73584,1.08545,-0.427246,2.01416,-24.4751,1
2264.03,0.0556641,-0.918945,1.07568,3.479,2.01416,-22.522,1
2264.03,0.0253906,-0.730957,0.825684,3.2959,3.41797,-23.4375,1
2264.04,-0.0161133,-0.842773,0.79541,2.38037,2.92969,-23.1323,1
2264.05,-0.0693359,-0.844727,1.04834,3.2959,3.72314,-22.9492,1
2264.06,-0.0522461,-0.743164,0.980957,3.78418,4.21143,-22.644,1
2264.07,-0.0463867,-0.872559,0.97168,2.56348,4.57764,-24.1699,1
2264.08,-0.0976562,-0.942871,0.952148,4.88281,4.63867,-22.583,1
2264.09,-0.119141,-0.612793,0.890625,4.3335,4.21143,-23.5596,1
2264.1,-0.113281,-0.831055,0.910156,2.38037,5.18799,-24.5361,1
2264.11,-0.0786133,-0.861816,0.979492,5.98145,5.43213,-23.1323,1
2264.12,-0.131836,-0.625977,0.958008,5.06592,5.49316,-24.6582,1
2264.13,-0.151855,-0.802246,0.78418,4.27246,4.76074,-24.7192,1
2264.14,-0.212891,-0.887695,0.921875,6.46973,5.18799,-24.5361,1
2264.15,-0.174805,-0.600586,0.966309,5.85938,5.06592,-25.8789,1
2264.16,-0.12207,-0.758789,0.830078,4.08936,5.5542,-26.4282,1
2264.17,-0.14502,-0.814941,0.77832,6.40869,4.21143,-25.7568,1
2264.18,-0.149414,-0.598633,0.850586,5.61523,4.5166,-27.2217,1
2264.19,-0.178223,-0.708496,0.912598,4.5166,4.69971,-27.832,1
2264.2,-0.165527,-0.759277,0.810547,5.92041,4.57764,-27.2217,1
2264.21,-0.15918,-0.634277,0.790527,4.82178,3.90625,-28.6255,1
2264.22,-0.172852,-0.81543,0.786133,3.54004,3.17383,-29.7241,1
2264.23,-0.198242,-0.789551,0.829102,4.02832,2.80762,-29.9683,1
2264.24,-0.229492,-0.574707,0.921387,2.0752,2.56348,-31.3721,1
2264.25,-0.19043,-0.76416,1.01465,0.366211,2.50244,-32.1045,1
2264.26,-0.202148,-0.780762,0.957031,2.62451,2.0752,-30.8228,1
2264.27,-0.187988,-0.648438,0.974121,0.671387,2.31934,-32.0435,1
2264.28,-0.230957,-1.0083,0.942871,-0.915527,2.62451,-32.7148,1
2264.29,-0.275391,-0.89502,0.987793,1.70898,2.56348,-31.0669,1
2264.3,-0.311523,-0.700195,1.01172,-1.34277,2.62451,-33.3252,1
2264.31,-0.249512,-0.909668,0.995605,-2.01416,2.44141,-32.959,1
2264.32,-0.213379,-0.764648,1.01367,-0.549316,3.23486,-32.7759,1
2264.32,-0.259766,-0.751465,1.01465,-2.2583,3.17383,-33.3862,1
2264.33,-0.215332,-0.777344,0.944336,-1.15967,3.05176,-32.2876,1
2264.34,-0.295898,-0.850098,0.898926,-1.58691,4.21143,-32.8979,1
2264.35,-0.308105,-0.832031,0.92334,-0.610352,3.60107,-32.6538,1
2264.36,-0.291016,-0.733887,0.932617,-2.2583,3.72314,-33.9966,1
2264.37,-0.226562,-0.845703,0.95459,-2.38037,3.78418,-33.8135,1
2264.38,-0.204102,-0.788574,0.943359,-1.46484,3.41797,-33.3252,1
2264.39,-0.235352,-0.807129,0.907227,-1.95312,3.23486,-34.1797,1
2264.4,-0.281738,-0.86377,0.955078,-1.46484,2.68555,-33.9966,1
2264.41,-0.310059,-0.835449,1.04541,-0.671387,2.74658,-33.7524,1
2264.42,-0.271973,-0.957031,1.05225,-0.244141,3.17383,-34.1187,1
2264.43,-0.225586,-0.869629,1.03516,0.427246,2.86865,-34.1187,1
2264.44,-0.199707,-0.869629,0.980469,0.0610352,3.54004,-34.3018,1
2264.45,-0.279297,-0.949219,0.99707,1.2207,3.35693,-33.6914,1
2264.46,-0.255859,-0.751465,1.00732,0.305176,2.44141,-34.3628,1
2264.47,-0.234863,-0.979004,0.971191,0.793457,3.54004,-33.6914,1
2264.48,-0.319336,-0.912598,1.02686,2.92969,3.11279,-33.5083,1
2264.49,-0.281738,-0.821777,1.01221,1.83105,2.56348,-34.9121,1
2264.5,-0.22168,-0.9375,0.995117,3.84521,3.35693,-33.3252,1
2264.51,-0.254883,-0.796387,0.990234,3.78418,2.50244,-34.1797,1
2264.52,-0.234375,-0.837891,0.882324,3.2959,1.77002,-34.668,1
2264.53,-0.253418,-0.769531,0.850586,4.08936,2.50244,-34.2407,1
2264.54,-0.300781,-0.897461,0.90332,3.35693,1.70898,-35.2783,1
2264.55,-0.257324,-0.808594,0.900879,3.72314,0.366211,-35.0342,1
2264.56,-0.182129,-0.683105,0.924316,1.70898,0.671387,-35.9497,1
2264.57,-0.251953,-1.01221,0.961426,0.915527,0.976562,-35.5835,1
2264.58,-0.276367,-0.849121,0.969238,1.70898,0.0610352,-35.0342,1
2264.59,-0.240234,-0.827637,0.948242,-0.610352,1.09863,-36.0718,1
2264.6,-0.203613,-0.986816,0.983887,0.427246,0.732422,-34.729,1
2264.61,-0.229492,-0.812988,0.979492,1.15967,-0.12207,-35.2783,1
2264.61,-0.232422,-0.77002,0.962402,-0.427246,-0.366211,-36.6821,1
2264.62,-0.177734,-0.873047,0.934082,1.09863,0.488281,-35.4614,1
2264.63,-0.169922,-0.786133,0.930176,0,0.549316,-36.0718,1
2264.64,-0.175293,-1.04492,1.00586,-1.34277,-0.610352,-36.0718,1
2264.65,-0.157715,-0.905273,0.95459,1.09863,-0.427246,-35.0952,1
2264.66,-0.197754,-0.79834,0.967773,-1.09863,0.0610352,-36.1328,1
2264.67,-0.155762,-1.00684,0.932129,0.244141,-0.732422,-35.2783,1
2264.68,-0.127441,-0.804199,0.948242,1.58691,-0.549316,-35.7056,1
2264.69,-0.10791,-0.924805,0.97998,1.52588,-0.305176,-36.3159,1
2264.7,-0.14209,-0.94873,0.977539,3.11279,-1.09863,-35.5225,1
2264.71,-0.0922852,-0.766602,0.947266,2.44141,-0.793457,-35.9497,1
2264.72,-0.103516,-1.05664,0.955566,2.01416,-0.427246,-35.7056,1
2264.73,-0.0859375,-0.987305,0.946777,4.02832,-1.28174,-34.9731,1
2264.74,-0.0942383,-0.723633,0.911621,3.23486,-0.915527,-35.1562,1
2264.75,-0.157715,-0.993652,0.923828,3.17383,-0.427246,-34.5459,1
2264.76,-0.123535,-0.916504,0.94043,4.3335,-0.976562,-34.4849,1
2264.77,-0.0766602,-0.81543,0.964844,3.23486,0.12207,-34.9121,1
2264.78,-0.111328,-1.06348,0.970703,1.95312,0.183105,-34.4849,1
2264.79,-0.11084,-0.963867,0.985352,3.2959,-0.732422,-33.4473,1
2264.8,-0.114258,-0.765137,0.960449,1.83105,0.732422,-33.9966,1
2264.81,-0.143066,-0.895508,0.944824,0,0.976562,-34.3018,1
2264.82,-0.0947266,-0.916016,0.938477,1.28174,0.610352,-32.6538,1
2264.83,-0.0898438,-0.737793,0.945312,0.0610352,0.610352,-33.1421,1
2264.84,-0.112793,-0.974121,0.958008,-1.77002,0.854492,-33.9355,1
2264.85,-0.11084,-0.988281,0.928223,0.0610352,1.2207,-32.4097,1
2264.86,-0.133789,-0.88916,0.931641,-0.793457,2.0752,-32.4707,1
2264.87,-0.174805,-0.937988,0.986816,-1.40381,1.58691,-32.5928,1
2264.88,-0.149414,-0.919922,0.98584,-0.732422,1.95312,-32.0435,1
2264.89,-0.176758,-0.75293,0.947266,-0.244141,3.05176,-31.7993,1
2264.9,-0.225098,-0.929688,0.964355,-0.976562,3.11279,-32.3486,1
2264.9,-0.155273,-0.92041,0.903809,2.01416,2.99072,-30.8228,1
2264.91,-0.20752,-0.79248,0.985352,1.58691,3.54004,-32.1045,1
2264.92,-0.236816,-0.96875,0.95459,2.68555,3.41797,-31.311,1
2264.93,-0.223145,-0.802246,0.917969,4.27246,3.11279,-30.8838,1
2264.94,-0.22168,-0.832031,0.907227,2.86865,3.23486,-32.2876,1
2264.95,-0.237305,-1.00391,0.88623,5.18799,2.74658,-31.311,1
2264.96,-0.231445,-0.769531,0.894043,6.16455,3.35693,-31.6162,1
2264.97,-0.175781,-0.773926,0.906738,5.24902,2.92969,-32.1045,1
2264.98,-0.185059,-0.847656,0.855469,6.28662,3.05176,-31.7383,1
2264.99,-0.175781,-0.782715,0.896484,7.01904,2.92969,-31.4331,1
2265,-0.245605,-0.96582,0.939941,5.67627,2.74658,-32.5928,1
2265.01,-0.196289,-0.929688,0.932617,7.44629,1.70898,-31.5552,1
2265.02,-0.196777,-0.668945,0.905273,6.40869,2.74658,-31.7383,1
2265.03,-0.175781,-0.899902,0.955078,4.15039,2.99072,-32.7759,1
2265.04,-0.141113,-0.842773,0.88623,6.7749,2.19727,-31.4941,1
2265.05,-0.174805,-0.733398,0.821289,4.94385,2.68555,-32.5928,1
2265.06,-0.279785,-0.830078,0.911133,4.82178,1.58691,-32.1045,1
2265.07,-0.258301,-0.912598,0.885254,3.60107,3.05176,-32.3486,1
2265.08,-0.144531,-0.821777,0.902344,4.08936,2.92969,-31.311,1
2265.09,-0.22168,-0.801758,1.00928,0.305176,2.56348,-33.2031,1
2265.1,-0.165039,-1.00879,0.878418,1.15967,1.77002,-31.5552,1
2265.11,-0.280273,-0.680176,0.958984,1.83105,2.92969,-31.311,1
2265.12,-0.250488,-0.782227,0.984375,-2.44141,2.92969,-33.2031,1
2265.13,-0.159668,-0.956055,0.907715,-0.244141,3.2959,-31.25,1
2265.14,-0.23291,-0.734375,0.927734,-0.854492,3.96729,-31.9214,1
2265.15,-0.280273,-0.858887,0.95752,-3.11279,2.38037,-32.4097,1
2265.16,-0.269531,-0.946289,0.978027,-2.13623,3.2959,-31.6162,1
2265.17,-0.231934,-0.800781,1.00244,-2.01416,3.90625,-31.311,1
2265.18,-0.230469,-0.872559,0.98291,-3.66211,4.15039,-32.7759,1
2265.19,-0.166504,-0.952148,1.00049,-2.31934,3.35693,-31.6772,1
2265.2,-0.212891,-0.69873,0.967773,-1.0376,3.60107,-31.311,1
2265.21,-0.18457,-0.922363,0.993652,-3.05176,3.78418,-32.2876,1
2265.22,-0.186035,-0.913086,0.935547,0.427246,2.74658,-31.4941,1
2265.23,-0.172363,-0.875488,0.942871,-0.427246,3.84521,-32.5317,1
2265.24,-0.193848,-0.908691,0.97168,2.0752,2.38037,-31.7383,1
2265.25,-0.143555,-0.850098,0.989746,1.09863,2.62451,-33.3862,1
2265.26,-0.0820312,-0.855469,0.941895,2.68555,2.74658,-32.7148,1
2265.27,-0.131348,-0.829102,0.946289,2.44141,2.44141,-33.3252,1
2265.28,-0.148926,-0.868652,0.914551,3.2959,1.0376,-32.959,1
2265.28,-0.164062,-0.78418,0.905273,3.11279,0.732422,-32.959,1
2265.29,-0.17334,-0.897949,0.963867,3.66211,1.09863,-33.2642,1
2265.3,-0.148926,-0.902344,0.974609,4.02832,0.183105,-33.2642,1
2265.31,-0.114746,-0.870117,0.991699,3.41797,0.183105,-34.1797,1
2265.32,-0.126953,-0.914551,0.979004,3.54004,-0.0610352,-33.4473,1
2265.33,-0.186035,-0.848633,0.946777,4.08936,-0.610352,-33.3862,1
2265.34,-0.155762,-0.78125,0.933594,3.11279,-0.854492,-34.3018,1
2265.35,-0.17041,-0.859863,0.952637,3.2959,-0.366211,-34.4849,1
2265.36,-0.157715,-0.88623,0.962402,3.96729,-0.671387,-33.8745,1
2265.37,-0.160156,-0.818359,0.980469,3.41797,-1.15967,-34.0576,1
2265.38,-0.146973,-0.864258,0.988281,2.19727,-0.793457,-34.6069,1
2265.39,-0.140625,-0.845215,0.938965,2.74658,-0.610352,-33.7524,1
2265.4,-0.143066,-0.926758,0.936035,2.2583,-1.0376,-33.9355,1
2265.41,-0.163086,-0.877441,0.943848,1.89209,-1.52588,-33.9355,1
2265.42,-0.157715,-0.88623,0.979004,0.793457,-0.305176,-34.5459,1
2265.43,-0.124512,-0.812012,0.994629,0.488281,-0.244141,-34.1187,1
2265.44,-0.147949,-0.824219,0.973145,-0.915527,-0.976562,-34.3628,1
2265.45,-0.178223,-0.875977,0.96582,-0.671387,-0.549316,-33.8745,1
2265.46,-0.205566,-0.830566,0.910156,-1.09863,0,-33.8135,1
2265.47,-0.201172,-0.923828,0.977051,-1.58691,0.427246,-33.9966,1
2265.48,-0.145996,-0.797852,1.03125,-2.50244,-0.12207,-34.3018,1
2265.49,-0.102051,-0.989258,1.021,-2.2583,0.732422,-33.5693,1
2265.5,-0.181152,-0.923828,1.01318,-1.0376,0.671387,-33.4473,1
2265.51,-0.196289,-0.813477,1.00049,-2.0752,0.854492,-34.0576,1
2265.52,-0.188965,-0.885742,0.93457,-1.83105,1.64795,-33.8135,1
2265.53,-0.188477,-0.861328,1.00098,-1.15967,1.52588,-33.2642,1
2265.54,-0.177734,-0.952148,1.01709,-1.28174,1.83105,-33.8745,1
2265.55,-0.130371,-0.922852,1.01807,0.366211,1.89209,-33.1421,1
2265.56,-0.143066,-0.911621,0.997559,0.610352,2.68555,-33.7524,1
2265.57,-0.153809,-0.912598,0.983887,1.89209,2.31934,-33.1421,1
2265.58,-0.194336,-0.817383,0.975586,2.0752,2.01416,-33.5083,1
2265.59,-0.191895,-0.90332,0.947266,2.50244,2.62451,-33.8135,1
2265.6,-0.160156,-0.82959,0.914551,4.88281,2.92969,-33.1421,1
2265.61,-0.122559,-0.842285,0.924805,4.08936,2.74658,-34.6069,1
2265.61,-0.0932617,-0.896973,0.946289,5.85938,1.64795,-33.5693,1
2265.62,-0.0957031,-0.861816,0.974609,5.85938,2.19727,-34.1187,1
2265.63,-0.140625,-0.853516,0.912109,6.40869,1.95312,-34.0576,1
2265.64,-0.161621,-0.761719,0.842285,5.67627,2.38037,-34.79,1
2265.65,-0.120117,-0.937012,0.823242,5.31006,1.58691,-34.9121,1
2265.66,-0.105957,-0.757324,0.869629,5.92041,0.488281,-34.729,1
2265.67,-0.0605469,-0.785156,0.99707,3.05176,1.15967,-35.8276,1
2265.68,-0.0859375,-0.941895,1.03174,4.39453,1.46484,-34.1187,1
2265.69,-0.101562,-0.706543,0.941895,3.60107,1.52588,-34.6069,1
2265.7,-0.139648,-0.896973,0.817383,1.2207,1.64795,-35.2783,1
2265.71,-0.110352,-0.937012,0.878906,2.44141,1.15967,-34.3628,1
2265.72,-0.0371094,-0.733887,0.961914,0.976562,1.09863,-35.5225,1
2265.73,0.0258789,-0.974121,1.0332,-0.427246,1.09863,-35.7666,1
2265.74,0.0419922,-0.871582,1.01514,1.40381,0.854492,-34.5459,1
2265.75,-0.0253906,-0.728027,0.939453,-0.183105,1.15967,-35.1562,1
2265.76,-0.0419922,-0.850586,0.927734,-0.732422,0.244141,-35.0342,1
2265.77,0.0136719,-0.853516,0.959961,-0.427246,0.549316,-34.9121,1
2265.78,0.0717773,-0.856445,0.967285,-0.671387,0.366211,-34.79,1
2265.79,0.0512695,-0.899902,1.00781,-0.915527,-0.427246,-34.8511,1
2265.8,0.0649414,-0.899902,1.0127,-0.549316,-0.366211,-34.4849,1
2265.81,0.0756836,-0.819824,0.989258,0,-0.244141,-34.4849,1
2265.82,0.0673828,-0.931152,0.902832,1.09863,-0.244141,-34.4849,1
2265.83,0.078125,-0.845215,0.915039,2.44141,-0.732422,-34.4238,1
2265.84,0.0205078,-0.88916,1.11523,1.58691,-0.610352,-35.3394,1
2265.85,0.11084,-0.76709,0.974609,2.2583,-0.732422,-34.0576,1
2265.86,0.0751953,-0.847168,0.993164,1.09863,-0.854492,-34.3018,1
2265.87,0.0170898,-1.14355,1.00732,2.13623,-1.89209,-34.3018,1
2265.88,0.0761719,-0.758301,0.903809,4.88281,-1.28174,-33.8135,1
2265.89,0.012207,-0.699707,1.03516,2.68555,-0.427246,-34.3628,1
2265.9,0.113281,-0.959473,1.02393,2.38037,-2.13623,-34.1797,1
2265.91,0.166016,-0.852051,0.896484,4.3335,-0.732422,-33.2031,1
2265.92,0.0678711,-0.813477,0.877441,2.74658,-0.915527,-33.5083,1
2265.93,0.112305,-0.914062,0.997559,1.95312,-1.28174,-33.7524,1
2265.94,0.127441,-0.737305,0.994629,2.92969,-0.366211,-33.0811,1
2265.95,0.124023,-0.89502,0.951172,2.01416,-0.0610352,-32.8369,1
2265.95,0.176758,-0.745605,0.952637,1.28174,0.183105,-34.1797,1
2265.97,0.213379,-0.806641,0.922852,0.549316,0.244141,-34.4238,1
2265.97,0.118652,-0.855957,0.993164,1.77002,0.854492,-33.3252,1
2265.98,0.0473633,-0.810547,0.998047,0.610352,0.366211,-34.1187,1
2265.99,0.0703125,-0.79248,0.913574,0.915527,0.427246,-33.5083,1
2266,0.0688477,-0.893555,0.94043,0.793457,1.34277,-33.4473,1
2266.01,0.115723,-0.919922,0.979004,1.2207,0.305176,-33.6304,1
2266.02,0.145996,-0.812988,0.988281,1.28174,1.09863,-33.7524,1
2266.03,0.140625,-0.798828,0.987305,0.549316,1.46484,-34.1187,1
2266.04,0.0498047,-0.811035,0.986328,0.244141,0.976562,-33.8745,1
2266.05,0.0913086,-0.683594,0.89502,0.366211,0.488281,-33.6914,1
2266.06,0.103027,-0.778809,0.911621,0.915527,1.09863,-33.4473,1
2266.07,0.17627,-0.802734,0.936523,1.15967,0.488281,-33.3252,1
2266.08,0.193359,-0.840332,0.936523,0.854492,1.09863,-33.02,1
2266.09,0.0693359,-0.876953,0.937012,0.366211,1.46484,-33.02,1
2266.1,0.0644531,-0.972656,0.911621,0.732422,2.19727,-32.6538,1
2266.11,0.103516,-0.739258,0.943359,2.19727,2.74658,-32.3486,1
2266.12,0.152344,-0.794434,0.949219,-0.0610352,2.56348,-33.3862,1
2266.13,0.155273,-0.806152,0.949707,1.58691,2.2583,-32.1045,1
2266.14,0.0791016,-0.686035,0.959961,1.46484,3.2959,-32.1045,1
2266.15,0.0883789,-0.84375,0.943359,0.793457,2.92969,-32.5317,1
2266.16,0.170898,-0.839355,0.880859,2.38037,3.05176,-31.1279,1
2266.17,0.101074,-0.789062,0.956543,1.46484,3.60107,-31.9824,1
2266.18,0.0883789,-0.911621,0.931641,1.46484,2.99072,-31.3721,1
2266.19,0.0854492,-0.799805,0.90625,2.50244,4.15039,-30.9448,1
2266.2,0.108887,-0.826172,0.886719,0.976562,3.84521,-31.9824,1
2266.21,0.125977,-0.871582,0.90625,2.13623,3.84521,-31.5552,1
2266.22,0.0991211,-0.760254,0.934082,2.80762,4.39453,-31.25,1
2266.22,0.106445,-0.726074,1.04395,2.50244,3.66211,-31.4941,1
2266.23,0.15625,-0.824219,0.962402,1.40381,3.90625,-31.6772,1
2266.24,0.148438,-0.874023,0.856934,2.68555,4.39453,-30.0903,1
2266.25,0.0268555,-0.904785,0.928711,2.01416,4.15039,-30.9448,1
2266.26,9.765625e-04,-0.854492,0.950195,1.83105,3.23486,-31.25,1
2266.27,0.0786133,-0.65625,0.950684,1.95312,4.15039,-31.5552,1
2266.28,0.0791016,-0.770996,0.910645,0.671387,3.84521,-32.4707,1
2266.29,0.172852,-0.811035,0.938477,1.58691,2.62451,-32.3486,1
2266.3,0.131836,-0.640625,0.862793,1.77002,3.17383,-31.9214,1
2266.31,0.0869141,-0.887695,0.948242,1.09863,3.05176,-31.6772,1
2266.32,0.102051,-0.782227,0.937012,2.50244,1.70898,-31.6162,1
2266.33,0.115723,-0.699707,0.836914,1.34277,2.2583,-31.8604,1
2266.34,0.0522461,-0.995605,0.889648,1.46484,1.70898,-31.7993,1
2266.35,0.101074,-0.762207,0.914551,2.92969,0.915527,-31.9824,1
2266.36,0.151855,-0.597656,0.878906,1.0376,1.77002,-32.8369,1
2266.37,0.0761719,-0.887695,0.964844,1.70898,1.15967,-31.9214,1
2266.38,0.134766,-0.620117,0.919922,2.56348,-0.183105,-31.8604,1
2266.39,0.126465,-0.638184,0.922852,1.64795,0.488281,-31.311,1
2266.4,0.0463867,-0.916016,0.947266,3.479,0.427246,-30.5786,1
2266.41,0.09375,-0.77832,0.980469,5.00488,-0.12207,-30.4565,1
2266.42,0.102051,-0.727051,0.970703,4.3335,0,-30.3345,1
2266.43,0.034668,-0.92334,0.951172,3.96729,0,-29.6631,1
2266.44,-0.0322266,-0.663574,1.0415,4.94385,-0.305176,-28.8086,1
2266.45,-0.0683594,-0.637207,1.05029,2.62451,0.549316,-28.9917,1
2266.46,-0.0395508,-0.832031,0.986328,5.31006,1.09863,-26.6113,1
2266.47,0.00146484,-0.541504,1.00293,5.98145,0.915527,-26.3672,1
2266.48,0.0146484,-0.709473,1.02197,4.45557,1.2207,-26.001,1
2266.49,0.0112305,-0.708008,1.05762,7.20215,1.15967,-23.6816,1
2266.5,-0.0307617,-0.483398,1.08203,5.92041,2.01416,-23.6816,1
2266.5,-0.0595703,-0.703613,1.04736,5.49316,2.19727,-22.3389,1
2266.51,-0.155273,-0.560059,0.961914,8.11768,1.52588,-20.3857,1
2266.52,-0.200684,-0.46582,0.990234,7.50732,2.13623,-20.3247,1
2266.53,-0.12793,-0.460449,0.995605,9.76562,2.31934,-18.1274,1
2266.54,-0.0957031,-0.306641,0.984863,10.498,2.86865,-17.0898,1
2266.55,-0.115723,-0.375488,0.904297,10.0708,1.83105,-16.3574,1
2266.56,-0.182617,-0.398926,0.878418,12.0239,1.58691,-13.916,1
2266.57,-0.31543,-0.230957,0.973145,13.1226,2.62451,-12.7563,1
2266.58,-0.305176,-0.238281,1.00146,13.0005,2.44141,-12.085,1
2266.59,-0.242188,-0.251465,0.895996,14.4653,2.50244,-10.1929,1
2266.6,-0.188477,-0.0375977,0.88623,15.2588,2.13623,-8.78906,1
2266.61,-0.237305,-0.0551758,0.890625,13.916,2.31934,-7.99561,1
2266.62,-0.339844,-0.0488281,0.906738,16.2964,1.70898,-4.88281,1
2266.63,-0.338867,0.106445,0.930664,15.564,2.0752,-4.27246,1
2266.64,-0.321289,0.00976562,0.898438,15.7471,2.01416,-2.62451,1
2266.65,-0.26709,0.0854492,0.987305,17.7002,1.70898,-0.244141,1
2266.66,-0.287109,0.186035,0.933594,17.395,1.0376,1.0376,1
2266.67,-0.271973,0.210938,0.908691,17.8833,0.671387,2.99072,1
2266.68,-0.335938,0.228027,0.881836,17.2119,0.549316,4.27246,1
2266.69,-0.305176,0.237305,0.970215,18.1274,0,6.22559,1
2266.7,-0.277344,0.432129,1.01318,17.1509,0.183105,7.75146,1
2266.71,-0.280273,0.338379,1.01562,15.7471,-0.12207,9.33838,1
2266.72,-0.333008,0.328613,1.00488,16.6016,-1.0376,12.3291,1
2266.73,-0.34082,0.496094,0.95752,15.9302,-1.09863,13.6108,1
2266.74,-0.348633,0.42627,1.04199,14.5874,-1.0376,15.0146,1
2266.75,-0.340332,0.524414,1.09912,14.2822,-1.46484,16.9067,1
2266.76,-0.299805,0.640625,1.0752,12.146,-1.34277,18.3105,1
2266.77,-0.27002,0.485352,1.14795,10.6812,-1.77002,19.5312,1
2266.78,-0.353027,0.48291,1.14844,11.2305,-2.0752,21.9727,1
2266.79,-0.307129,0.63916,1.02686,8.66699,-1.46484,22.2778,1
2266.8,-0.350098,0.647461,1.21924,6.65283,-1.15967,23.4375,1
2266.81,-0.384277,0.647461,1.15576,4.69971,-0.549316,24.292,1
2266.82,-0.223145,0.693848,1.15283,4.3335,-1.15967,25.6348,1
2266.83,-0.270508,0.622559,1.13281,2.0752,-0.244141,25.7568,1
2266.84,-0.260742,0.565918,1.13037,2.68555,-0.305176,26.9775,1
2266.85,-0.321289,0.868652,1.14795,1.46484,0.671387,27.0996,1
2266.86,-0.200195,0.719238,1.09424,-0.793457,1.0376,26.7944,1
2266.86,-0.157227,0.55957,1.09033,0.0610352,0.854492,28.0762,1
2266.87,-0.149902,0.800293,1.0293,-0.793457,1.2207,27.5879,1
2266.88,-0.135254,0.741211,1.01172,-3.17383,2.31934,27.1606,1
2266.89,-0.148438,0.631836,1.00684,-2.56348,2.38037,27.8931,1
2266.9,-0.104004,0.825684,0.934082,-2.62451,2.68555,27.832,1
2266.91,-0.0932617,0.719238,0.96582,-4.3335,2.74658,26.7944,1
2266.92,-0.0771484,0.583496,0.941895,-2.74658,2.99072,28.0151,1
2266.93,-0.0913086,0.753418,0.875,-2.0752,3.78418,27.5269,1
2266.94,-0.104004,0.754395,0.920898,-3.17383,4.21143,26.9165,1
2266.95,-0.10498,0.57959,0.944824,-1.83105,4.3335,27.5269,1
2266.96,-0.0605469,0.704102,0.945801,-0.610352,4.02832,27.771,1
2266.97,-0.0683594,0.667969,0.911621,-1.28174,4.69971,27.2217,1
2266.98,-0.0922852,0.580566,0.898438,-0.305176,4.88281,27.71,1
2266.99,-0.074707,0.730957,0.937012,0.854492,4.63867,28.0762,1
2267,-0.090332,0.706543,0.902832,0,5.18799,27.9541,1
2267.01,-0.0927734,0.581543,0.868652,0.488281,4.3335,28.6865,1
2267.02,-0.0810547,0.724609,0.914551,1.09863,4.57764,29.1748,1
2267.03,-0.0751953,0.693848,0.941895,-0.0610352,5.12695,28.8696,1
2267.04,-0.0883789,0.575684,0.883789,0.976562,4.39453,29.9683,1
2267.05,-0.0668945,0.785156,0.891602,0.976562,3.60107,29.8462,1
2267.06,-0.0805664,0.763184,0.956055,-0.305176,3.17383,30.3345,1
2267.07,-0.0649414,0.67041,0.979492,0,2.99072,31.25,1
2267.08,-0.0957031,0.6875,0.926758,0,2.0752,31.8604,1
2267.09,-0.108398,0.679688,0.90625,0.366211,0.854492,32.3486,1
2267.1,-0.108398,0.753906,0.891602,0.366211,0.732422,32.8979,1
2267.11,-0.0551758,0.79834,0.918457,-0.12207,-0.366211,33.7524,1
2267.12,0.0205078,0.75293,0.928223,-1.34277,-1.09863,33.6914,1
2267.13,0.0629883,0.726074,0.92627,-0.793457,-1.77002,34.729,1
2267.14,0.0385742,0.838867,0.998535,0.793457,-2.56348,35.6445,1
2267.15,0.0688477,0.8125,0.960938,0.488281,-2.99072,35.4614,1
2267.16,0.149902,0.721191,0.929688,1.70898,-4.08936,36.3159,1
2267.17,0.151367,0.769531,0.995605,1.28174,-4.45557,35.8276,1
2267.18,0.150391,0.887695,1.01318,1.70898,-4.45557,35.5835,1
2267.18,0.116699,0.990234,1.04541,1.83105,-3.2959,35.3394,1
2267.19,0.0683594,0.838379,1.0542,1.2207,-2.92969,34.4849,1
2267.2,0.152832,0.752441,1.05518,3.54004,-3.479,35.7056,1
2267.21,0.192871,0.786621,1.05029,3.90625,-3.05176,35.0952,1
2267.22,0.206055,0.90332,1.05762,3.54004,-2.99072,34.5459,1
2267.23,0.228516,0.916992,1.0415,1.95312,-1.77002,33.6914,1
2267.24,0.185059,0.779785,1.03662,1.46484,-1.58691,33.4473,1
2267.25,0.15625,0.797363,0.976074,2.2583,-1.09863,33.6914,1
2267.26,0.12793,0.880859,0.935059,0.915527,-0.366211,32.8979,1
2267.27,0.157715,0.811035,0.995117,-0.244141,-0.12207,32.6538,1
2267.28,0.186523,0.802246,1.0166,-0.671387,0.427246,32.6538,1
2267.29,0.223633,0.949219,0.991211,-1.28174,0.976562,32.1045,1
2267.3,0.185547,0.869629,0.982422,-2.74658,1.77002,31.5552,1
2267.31,0.143066,0.797852,1.04004,-2.50244,1.34277,31.4941,1
2267.32,0.148438,0.861816,1.08154,-2.56348,2.01416,31.4941,1
2267.33,0.194336,0.727539,0.949219,-2.01416,2.0752,31.9214,1
2267.34,0.204102,0.797363,0.917969,-0.488281,2.0752,31.8604,1
2267.35,0.195801,0.950195,0.94873,-0.671387,2.0752,31.4331,1
2267.36,0.172852,0.715332,0.972168,-0.732422,2.56348,31.7383,1
2267.37,0.114746,0.683594,0.996094,2.0752,1.77002,32.6538,1
2267.38,0.111328,0.945312,1.01855,1.95312,1.89209,32.5317,1
2267.39,0.109863,0.671387,0.900391,0,1.95312,32.8979,1
2267.4,0.139648,0.638184,0.787598,2.13623,1.15967,34.2407,1
2267.41,0.218262,0.962402,0.873535,0.488281,0.732422,33.9966,1
2267.42,0.162598,0.745605,0.979004,-0.793457,0.366211,34.4849,1
2267.43,-0.0126953,0.729492,1.04297,0.732422,0.183105,35.2783,1
2267.44,0.00683594,0.910156,1.08252,0.244141,-0.0610352,34.729,1
2267.45,0.112793,0.850098,0.968262,-0.915527,0.610352,35.0342,1
2267.46,0.183105,0.720215,0.945801,-0.366211,0.549316,36.1328,1
2267.47,0.210449,0.935059,0.964844,-0.793457,0,35.8276,1
2267.47,0.152344,0.818848,1.04297,-2.31934,0.610352,35.5225,1
2267.48,0.0952148,0.750977,1.08545,-0.12207,0.610352,36.9263,1
2267.49,0.097168,0.983398,1.0625,-0.976562,0.305176,36.0107,1
2267.5,0.116211,0.846191,0.99707,-2.13623,0.0610352,36.377,1
2267.51,0.117676,0.830566,1.02295,-0.610352,0.305176,37.1704,1
2267.52,0.159668,0.976562,1.03418,-1.64795,0.0610352,36.6821,1
2267.53,0.138672,0.814453,1.01562,-1.52588,0.12207,36.9263,1
2267.54,0.135742,0.802734,1.00146,-0.793457,-0.366211,37.1094,1
2267.55,0.151855,0.846191,0.968262,-1.46484,-0.427246,36.5601,1
2267.56,0.195312,0.685547,0.891602,-1.2207,-0.12207,36.9263,1
2267.57,0.192383,0.845215,0.873535,-0.366211,0.183105,37.0483,1
2267.58,0.202637,0.893066,0.851562,-2.68555,0.549316,36.0107,1
2267.59,0.168457,0.657227,0.90332,-1.64795,0.488281,36.8652,1
2267.6,0.165039,0.857422,0.887695,-0.732422,0.183105,36.499,1
2267.61,0.17041,0.866211,0.883789,-2.38037,0.671387,35.7666,1
2267.62,0.195801,0.580566,0.833008,-1.58691,1.34277,36.5601,1
2267.63,0.216309,0.922363,0.983887,-0.244141,0.976562,36.0107,1
2267.64,0.204102,0.885742,0.961914,-2.38037,1.2207,35.0342,1
2267.65,0.177246,0.688965,0.913574,0.366211,1.52588,35.8887,1
2267.66,0.188477,0.948242,0.921387,1.58691,2.01416,35.3394,1
2267.67,0.239746,0.777344,1.07422,1.0376,2.38037,35.2783,1
2267.68,0.262207,0.816895,1.03662,2.92969,2.13623,35.2173,1
2267.69,0.227051,0.950195,0.937988,1.70898,2.68555,34.6069,1
2267.7,0.204102,0.682617,1.0332,1.70898,2.92969,34.8511,1
2267.71,0.250977,0.868164,0.932617,3.17383,2.92969,34.8511,1
2267.72,0.249512,1.03516,0.943848,1.15967,3.90625,34.2407,1
2267.73,0.192383,0.770996,1.04443,0.12207,4.02832,34.6069,1
2267.74,0.19043,0.94043,1.06689,0.305176,3.479,34.3628,1
2267.75,0.222168,0.885254,1.00439,-1.09863,3.84521,35.2783,1
2267.75,0.199707,0.760254,0.897949,-1.15967,3.60107,35.4004,1
2267.76,0.195801,1.00391,0.94043,-1.46484,3.23486,34.9731,1
2267.77,0.161621,0.955566,1.00342,-2.44141,3.479,35.2783,1
2267.78,0.116699,0.725098,0.978516,-2.0752,2.74658,36.3159,1
2267.79,0.170898,0.746094,0.901855,-1.40381,1.58691,36.438,1
2267.8,0.216797,0.862793,0.90625,-1.46484,1.46484,36.377,1
2267.81,0.175781,0.818359,0.909668,-1.40381,1.83105,37.2314,1
2267.82,0.218262,0.777832,0.848145,-1.58691,1.46484,36.7432,1
2267.83,0.205566,0.786133,0.795898,-0.976562,1.0376,37.9028,1
2267.84,0.192871,0.837891,0.855957,-1.70898,0.793457,37.4146,1
2267.85,0.168457,0.773926,0.93457,-1.95312,0.244141,37.7808,1
2267.86,0.202148,0.737793,0.928223,-0.793457,0.488281,38.4521,1
2267.87,0.257812,0.821777,0.866211,-1.58691,0.183105,37.6587,1
2267.88,0.296875,0.798828,0.839355,-2.0752,-0.0610352,37.8418,1
2267.89,0.297363,0.783203,0.857422,-0.732422,-0.244141,38.6963,1
2267.9,0.327637,0.935059,0.918457,-1.46484,-0.671387,38.0249,1
2267.91,0.275879,0.681152,0.981445,-1.77002,-1.2207,38.5742,1
2267.92,0.290527,0.833496,0.949707,0.244141,-1.0376,39.1235,1
2267.93,0.300293,0.935547,0.931152,-2.2583,-1.0376,38.4521,1
2267.94,0.387207,0.794922,1.01611,-1.83105,-1.40381,38.4521,1
2267.95,0.400391,0.875488,1.02588,-1.77002,-0.915527,37.9639,1
2267.96,0.305176,0.971191,0.988281,-2.31934,-1.0376,38.147,1
2267.97,0.402832,0.825684,1.02246,-3.72314,-0.488281,37.5366,1
2267.98,0.443359,0.771973,1.05371,-2.31934,-0.671387,37.4756,1
2267.99,0.429688,1.02637,1.08057,-2.38037,-0.488281,37.2314,1
2268,0.393555,0.840332,1.04639,-4.3335,-0.488281,36.6821,1
2268.01,0.385254,0.587891,1.04102,-2.99072,-0.976562,36.6821,1
2268.02,0.399414,0.852051,1.04199,-2.13623,-0.671387,36.1328,1
2268.03,0.429688,0.773438,1.05127,-4.69971,-0.488281,35.1562,1
2268.04,0.43457,0.600586,0.999023,-4.69971,-0.610352,34.6069,1
2268.04,0.447754,0.742188,0.927246,-5.31006,-0.793457,33.4473,1
2268.05,0.467285,0.646484,0.943359,-6.46973,-1.34277,32.7148,1
2268.06,0.438477,0.624023,0.98877,-5.98145,-1.34277,31.8604,1
2268.07,0.459961,0.63916,0.922363,-7.26318,-1.46484,30.5786,1
2268.08,0.507812,0.53125,0.854004,-7.56836,-1.34277,29.4189,1
2268.09,0.516602,0.467773,0.943359,-8.30078,-1.28174,28.0151,1
2268.1,0.53125,0.42041,0.891602,-8.54492,-1.58691,26.2451,1
2268.11,0.550293,0.521484,0.827637,-8.97217,-1.2207,24.1089,1
2268.12,0.549316,0.282715,0.842773,-10.0708,-1.09863,22.1558,1
2268.13,0.599121,0.299805,0.950195,-8.97217,-1.28174,20.0806,1
2268.14,0.56543,0.528809,0.961914,-10.9253,-1.15967,17.7002,1
2268.15,0.671875,0.434082,0.771484,-12.4512,-0.915527,15.686,1
2268.16,0.727539,0.256348,0.784668,-13.7329,-0.488281,13.6108,1
2268.17,0.744141,0.185059,1.08203,-13.1836,-0.732422,10.8032,1
2268.18,0.642578,0.230469,1.104,-12.5122,-1.09863,8.23975,1
2268.19,0.678711,0.474609,0.961914,-12.146,-1.0376,4.63867,1
2268.2,0.69043,0.300293,0.978027,-13.4277,-0.793457,1.52588,1
2268.21,0.815918,0.174805,1.06006,-11.0474,-0.854492,-1.15967,1
2268.22,0.746094,0.331543,1.12305,-11.9019,-0.732422,-4.08936,1
2268.23,0.602539,0.034668,1.07178,-14.1602,-1.0376,-7.32422,1
2268.24,0.559082,-0.129883,1.06836,-12.146,-0.732422,-10.2539,1
2268.25,0.587402,0.33252,1.11914,-12.6343,-0.366211,-13.7939,1
2268.26,0.57666,0.0585938,1.06543,-16.7236,-0.183105,-16.7236,1
2268.27,0.503906,-0.272949,1.00732,-13.855,0.0610352,-18.3105,1
2268.28,0.402344,0.131836,1.01758,-13.7329,0.12207,-20.5078,1
2268.29,0.319824,-0.299316,0.99707,-16.1133,0.305176,-22.1558,1
2268.3,0.39502,-0.487305,1.01904,-11.4746,0.305176,-23.0103,1
2268.31,0.380371,-0.0830078,1.01367,-12.085,0.976562,-24.4751,1
2268.32,0.387207,-0.425293,0.942383,-15.0757,0.732422,-25.7568,1
2268.33,0.350098,-0.775879,0.838379,-10.9253,1.15967,-25.0854,1
2268.33,0.379883,-0.147461,0.823242,-7.93457,1.15967,-25.3296,1
2268.34,0.394043,-0.394043,0.865723,-12.0239,1.09863,-26.001,1
2268.35,0.406738,-0.895996,0.967285,-7.50732,0.976562,-24.4141,1
2268.36,0.349121,-0.422852,0.917969,-4.69971,0.976562,-24.1699,1
2268.37,0.416016,-0.561523,0.912598,-6.83594,1.2207,-24.231,1
2268.38,0.494629,-0.648926,0.850098,-4.63867,0.610352,-23.3154,1
2268.39,0.494141,-0.491699,1.0376,-6.16455,0.915527,-22.8271,1
2268.4,0.481445,-0.726074,1.09326,-7.99561,0,-22.0947,1
2268.41,0.507812,-0.678711,1.12451,-6.34766,0.366211,-21.1792,1
2268.42,0.520508,-0.456055,1.08398,-7.69043,0.366211,-20.752,1
2268.43,0.599609,-0.576172,1.0415,-10.0098,-0.244141,-20.0195,1
2268.44,0.549316,-0.822266,1.17236,-9.64355,0,-18.7988,1
2268.45,0.521484,-0.621094,1.20459,-8.72803,-0.0610352,-18.3716,1
2268.46,0.526855,-0.520508,1.125,-10.9253,0.305176,-18.4937,1
2268.47,0.566895,-0.794434,1.11377,-10.9253,0.427246,-18.1885,1
2268.48,0.533203,-0.628418,1.04395,-8.11768,0.854492,-17.6392,1
2268.49,0.475098,-0.611816,1.08008,-8.48389,1.40381,-17.8223,1
2268.5,0.414062,-0.790039,1.10059,-6.34766,1.15967,-17.0898,1
2268.51,0.349609,-0.576172,1.02295,-4.3335,1.58691,-17.2119,1
2268.52,0.335938,-0.54541,0.986328,-4.76074,1.40381,-17.8223,1
2268.53,0.435059,-0.693848,1.05615,-3.17383,1.15967,-18.0664,1
2268.54,0.474121,-0.624023,1.00879,-0.976562,1.0376,-17.5171,1
2268.55,0.428711,-0.675781,0.976562,-1.2207,1.09863,-18.1885,1
2268.56,0.300781,-0.804199,0.98584,0,0.793457,-17.8223,1
2268.57,0.300293,-0.631836,1.05127,1.09863,0.732422,-18.2495,1
2268.58,0.39209,-0.634277,1.04199,0.488281,0.183105,-19.165,1
2268.59,0.47998,-0.677246,1.00098,1.40381,-0.305176,-19.4092,1
2268.6,0.421387,-0.573242,0.91748,1.64795,-1.15967,-19.5923,1
2268.61,0.369629,-0.732422,0.956543,1.83105,-0.915527,-19.6533,1
2268.62,0.387695,-0.637695,0.984863,2.92969,-1.46484,-19.5923,1
2268.63,0.381836,-0.630859,0.98584,2.2583,-1.28174,-19.7754,1
2268.64,0.444824,-0.702637,1.00439,2.13623,-1.70898,-20.2637,1
2268.64,0.452637,-0.476074,0.971191,2.2583,-1.70898,-20.0806,1
2268.65,0.467285,-0.662109,0.862305,0,-1.58691,-19.7144,1
2268.66,0.441406,-0.73877,0.911621,0.854492,-1.34277,-19.3481,1
2268.67,0.413086,-0.501953,0.977051,0.0610352,-0.183105,-19.6533,1
2268.68,0.45459,-0.700684,1.06104,-1.64795,0.915527,-19.3481,1
2268.69,0.467773,-0.597656,1.0459,-1.52588,0.915527,-19.043,1
2268.7,0.443359,-0.567871,1.05762,-4.76074,1.95312,-19.2261,1
2268.71,0.349121,-0.744141,1.05908,-4.02832,3.17383,-18.1274,1
2268.72,0.255371,-0.578125,1.10156,-4.02832,4.57764,-18.4326,1
2268.73,0.223145,-0.722656,1.12744,-4.5166,5.7373,-17.9443,1
2268.74,0.177734,-0.657227,1.12939,-3.479,6.5918,-17.8223,1
2268.75,0.137207,-0.562012,1.11426,-4.94385,7.87354,-18.6768,1
2268.76,0.0546875,-0.749512,0.961914,-3.78418,8.11768,-17.7002,1
2268.77,0.0195312,-0.745117,0.898438,-1.15967,8.17871,-17.5171,1
2268.78,-0.0556641,-0.588867,0.811523,0.183105,9.33838,-18.2495,1
2268.79,-0.0727539,-0.694336,0.799316,0.427246,9.09424,-19.3481,1
2268.8,-0.0761719,-0.719238,0.765625,4.02832,9.15527,-18.9819,1
2268.81,-0.16748,-0.425293,0.689453,4.94385,8.8501,-20.2026,1
2268.82,-0.168945,-0.716309,0.620117,3.96729,8.23975,-20.813,1
2268.83,-0.216309,-0.596191,0.734863,5.61523,7.32422,-22.0947,1
2268.84,-0.265625,-0.515625,0.64502,4.82178,7.14111,-22.2168,1
2268.85,-0.434082,-0.67627,0.828125,5.37109,6.22559,-23.3154,1
2268.86,-0.41748,-0.330078,0.762207,3.35693,5.79834,-25.0854,1
2268.87,-0.307129,-0.677734,0.89209,1.0376,6.83594,-25.3296,1
2268.88,-0.337402,-0.702148,0.90625,1.28174,4.94385,-26.123,1
2268.89,-0.435547,-0.564941,0.869629,-0.305176,5.67627,-26.8555,1
2268.9,-0.327148,-0.628906,0.996094,-3.60107,5.24902,-28.3813,1
2268.91,-0.203125,-0.651367,1.02246,-6.10352,5.37109,-28.3813,1
2268.92,-0.0522461,-0.72168,1.09912,-9.46045,5.98145,-28.6255,1
2268.93,-0.264648,-1.01611,1.11719,-10.6812,5.92041,-28.3203,1
2268.94,-0.397461,-0.822266,0.952637,-8.23975,7.01904,-27.832,1
2268.95,-0.474609,-0.546387,0.943848,-10.6812,7.20215,-30.0293,1
2268.96,-0.456055,-0.938965,0.979004,-11.3525,6.95801,-30.0903,1
2268.97,-0.266602,-0.861328,1.14111,-8.30078,6.65283,-29.541,1
2268.98,-0.274902,-0.669434,1.18896,-9.64355,6.22559,-31.4331,1
2268.99,-0.179199,-0.821289,0.973145,-9.58252,4.82178,-31.1279,1
2269,-0.255859,-0.800293,0.952637,-6.16455,4.5166,-29.8462,1
2269.01,-0.333984,-0.771484,1.08496,-6.53076,3.84521,-31.6772,1
2269.01,-0.157715,-0.897949,1.04443,-4.82178,4.02832,-31.5552,1
2269.02,-0.145996,-1.01904,0.907227,-2.2583,4.27246,-31.4941,1
2269.03,-0.126953,-0.782715,0.834473,0.488281,1.95312,-31.6162,1
2269.04,-0.304199,-0.841797,1.05371,-2.38037,3.78418,-33.2642,1
2269.05,-0.186523,-1.04639,1.02344,-0.244141,2.62451,-32.7148,1
2269.06,-0.300781,-0.788574,0.946777,3.11279,3.23486,-31.7383,1
2269.07,-0.231445,-0.809082,0.931152,0.976562,1.40381,-33.6304,1
2269.08,-0.139648,-0.774414,0.949707,2.19727,1.83105,-32.5928,1
2269.09,-0.0483398,-0.930176,1.13916,2.2583,3.66211,-32.6538,1
2269.1,-0.0908203,-0.986328,1.0835,3.90625,1.52588,-31.6162,1
2269.11,-0.223145,-0.889648,0.894043,3.23486,3.05176,-31.6772,1
2269.12,-0.282227,-1.00586,0.922852,2.74658,3.17383,-31.7993,1
2269.13,-0.306152,-0.995117,0.986328,3.05176,3.41797,-32.1655,1
2269.14,-0.18457,-0.753906,1.05078,3.96729,3.479,-31.189,1
2269.15,-0.0869141,-0.750977,1.04834,1.40381,4.39453,-32.8369,1
2269.16,-0.1875,-1.17334,0.907227,3.11279,3.78418,-31.5552,1
2269.17,-0.210449,-0.775879,0.874023,4.45557,3.66211,-31.5552,1
2269.18,-0.255371,-0.836426,0.966797,0.427246,3.84521,-33.02,1
2269.19,-0.286621,-0.969238,1.03418,3.05176,2.50244,-31.9214,1
2269.2,-0.236328,-0.687988,0.981934,0.12207,1.83105,-34.3628,1
2269.21,-0.192383,-0.719727,0.89209,0.183105,2.19727,-34.2407,1
2269.22,-0.257324,-1.0835,0.961426,-1.95312,2.19727,-35.6445,1
2269.23,-0.232422,-0.867676,0.923828,2.38037,0.427246,-34.668,1
2269.24,-0.205566,-0.763672,0.926758,-1.46484,1.46484,-36.438,1
2269.25,-0.277832,-1.08887,1.00391,1.09863,-0.12207,-35.5225,1
2269.26,-0.273438,-0.75293,1.021,0.366211,-0.915527,-37.3535,1
2269.27,-0.13916,-0.852051,0.897461,-0.12207,-0.549316,-36.8042,1
2269.28,-0.227051,-1.01904,0.908691,0.793457,-0.488281,-36.6821,1
2269.29,-0.226562,-0.979492,0.913574,1.40381,-2.0752,-36.8652,1
2269.3,-0.163574,-0.766113,0.814941,2.44141,-1.34277,-35.7056,1
2269.31,-0.224609,-0.791992,0.935547,1.58691,-0.366211,-36.0107,1
2269.32,-0.210449,-1.146,0.92334,2.19727,-0.915527,-36.0107,1
2269.33,-0.135254,-0.622559,0.907227,6.65283,0.366211,-34.668,1
2269.34,-0.250488,-0.800781,0.927246,1.0376,1.0376,-36.1328,1
2269.35,-0.194336,-1.31348,0.832031,5.06592,0.0610352,-33.7524,1
2269.36,-0.224121,-0.616699,0.873047,7.69043,0.976562,-32.8369,1
2269.37,-0.183105,-0.75293,1.03369,1.83105,2.19727,-34.4238,1
2269.38,-0.215332,-1.21631,0.908691,4.45557,1.70898,-31.9824,1
2269.39,-0.289062,-0.710938,0.976074,6.71387,2.92969,-32.2876,1
2269.4,-0.288574,-0.754395,0.914551,-0.0610352,3.2959,-33.8135,1
2269.4,-0.192383,-1.3584,0.934082,2.50244,4.08936,-31.4941,1
2269.41,-0.230469,-0.713379,0.949219,3.11279,3.35693,-31.7383,1
2269.42,-0.251953,-0.885254,1.09814,-2.62451,3.54004,-33.1421,1
2269.43,-0.228027,-1.07422,1.09961,-0.12207,3.17383,-31.6162,1
2269.44,-0.208008,-0.794922,1.01074,0.12207,3.84521,-32.1045,1
2269.45,-0.207031,-0.944824,0.886719,-1.28174,3.54004,-32.5928,1
2269.46,-0.158691,-0.939941,0.807617,-0.671387,2.2583,-33.1421,1
2269.47,-0.223633,-1.12744,1.0166,0.305176,3.23486,-33.02,1
2269.48,-0.17627,-0.561523,1.08936,1.15967,1.2207,-33.8745,1
2269.49,-0.128418,-1.2124,0.958984,-3.60107,1.58691,-34.5459,1
2269.5,-0.17041,-1.146,0.95752,4.02832,1.2207,-33.3252,1
2269.51,-0.0888672,-0.600586,0.878418,1.0376,0.793457,-34.9731,1
2269.52,-0.183105,-1.08447,1.04688,-0.732422,0.305176,-34.79,1
2269.53,-0.148926,-1.01465,1.0708,2.31934,-0.366211,-34.729,1
2269.54,-0.114258,-0.928711,0.953613,2.92969,-0.0610352,-34.4849,1
2269.55,-0.152832,-0.777832,0.958984,2.86865,-0.671387,-35.5225,1
2269.56,-0.114746,-1.05029,0.918945,2.31934,-1.15967,-35.6445,1
2269.57,-0.108398,-0.909668,0.848145,5.85938,-0.732422,-34.79,1
2269.58,-0.119629,-0.837891,0.932129,3.11279,-1.09863,-35.5835,1
2269.59,-0.0981445,-1.15137,1.03516,4.82178,-1.46484,-34.9731,1
2269.6,-0.0712891,-0.724609,0.977539,5.92041,-1.40381,-34.9731,1
2269.61,-0.0722656,-1.02637,0.97168,3.72314,-0.854492,-34.6069,1
2269.62,-0.125488,-0.976074,0.955078,6.7749,-1.64795,-34.5459,1
2269.63,-0.115723,-0.824707,0.937988,4.57764,-0.427246,-35.3394,1
2269.64,-0.11084,-0.943848,0.928223,4.57764,-1.52588,-34.4849,1
2269.65,-0.13916,-0.863281,0.956055,2.92969,-1.2207,-35.1562,1
2269.66,-0.0791016,-1.26221,0.983398,2.80762,-1.52588,-34.4849,1
2269.67,-0.122559,-0.625,1.05762,5.24902,-0.976562,-33.9966,1
2269.68,-0.116211,-1.01074,1.03369,-2.62451,-0.488281,-35.4614,1
2269.69,-0.0771484,-1.04492,0.929688,3.54004,-0.976562,-33.3252,1
2269.7,-0.078125,-0.802246,0.931641,-1.89209,-0.549316,-35.1562,1
2269.71,-0.0488281,-0.922852,1.00684,-0.244141,-0.549316,-33.3862,1
2269.71,-0.065918,-1.06641,0.995117,-2.13623,0,-34.2407,1
2269.72,-0.00976562,-0.78418,0.95459,0.610352,-0.0610352,-32.7148,1
2269.73,-0.121094,-0.851562,0.905762,-3.60107,0.915527,-33.5083,1
2269.74,-0.101562,-1.02344,0.871582,-1.09863,0.427246,-32.3486,1
2269.75,-0.0561523,-0.883789,0.865234,-0.793457,1.77002,-32.7759,1
2269.76,0.00537109,-0.931152,0.981934,-1.15967,1.52588,-31.9824,1
2269.77,-0.0185547,-1.09082,0.977051,0.244141,1.77002,-31.5552,1
2269.78,-0.0419922,-0.751465,1.00586,1.64795,1.77002,-30.3955,1
2269.79,-0.12207,-1.12744,0.969238,-0.427246,3.11279,-30.7007,1
2269.8,-0.106934,-0.950195,0.9375,3.35693,2.44141,-29.6631,1
2269.81,-0.135254,-0.748047,0.955566,0.183105,3.90625,-30.8838,1
2269.82,-0.0317383,-1.04736,0.983398,1.2207,3.2959,-29.7241,1
2269.83,-0.090332,-0.892578,0.914062,2.2583,4.21143,-29.4189,1
2269.84,-0.0444336,-1.02979,1.05518,2.01416,3.2959,-29.6631,1
2269.85,-0.12207,-0.758789,0.891113,2.31934,4.02832,-29.1748,1
2269.86,-0.0366211,-1.26074,1.06787,2.0752,4.15039,-28.4424,1
2269.87,-0.138184,-0.575195,0.848633,5.49316,3.11279,-28.2593,1
2269.88,-0.0786133,-1.23779,0.994629,-0.366211,3.41797,-29.8462,1
2269.89,-0.0859375,-0.665039,0.810547,7.56836,3.90625,-27.5879,1
2269.9,-0.0219727,-1.01904,0.971191,-0.671387,2.80762,-31.189,1
2269.91,-0.130371,-0.886719,0.810547,5.79834,2.99072,-27.3438,1
2269.92,-0.0751953,-0.997559,0.941895,1.15967,1.28174,-31.1279,1
2269.92,-0.192871,-0.650879,0.80957,4.5166,2.86865,-28.7476,1
2269.93,-0.124023,-0.863281,0.895508,-0.488281,0.854492,-31.6772,1
2269.94,-0.12793,-0.888672,0.833008,4.82178,1.15967,-29.6631,1
2269.95,-0.0849609,-0.400879,1.00439,-0.244141,-0.427246,-32.6538,1
2269.96,-0.0698242,-1.46533,0.802734,0.549316,1.09863,-31.3721,1
2269.97,-0.10498,-0.62207,0.944336,3.78418,-1.2207,-31.9214,1
2269.98,-0.0825195,-1.1123,0.883789,-0.671387,0,-31.7383,1
2269.99,-0.0854492,-0.773438,0.969238,1.95312,-1.15967,-30.8228,1
2270,-0.145508,-1.12354,0.897461,-0.732422,-0.366211,-32.2876,1
2270.01,4.882812e-04,-0.688477,1.02588,2.56348,-1.15967,-31.189,1
2270.02,-0.0395508,-0.921875,0.928711,-1.2207,-0.488281,-32.8369,1
2270.03,0.0722656,-1.12939,0.956055,1.28174,-1.09863,-31.3721,1
2270.04,-0.0175781,-0.699219,0.954102,0.854492,-1.2207,-31.9214,1
2270.05,0.0766602,-1.06348,1.02539,-2.74658,-1.28174,-31.9214,1
2270.06,-0.0561523,-1.04102,0.998535,-1.09863,-1.46484,-31.189,1
2270.07,0.0283203,-0.932617,1.03467,-2.44141,-1.34277,-31.189,1
2270.08,0.0258789,-0.891602,1.01318,-2.92969,-1.46484,-31.1279,1
2270.09,0.103027,-1.04492,0.9375,-3.23486,-0.976562,-30.5176,1
2270.1,0.0576172,-0.974609,1.0625,-3.479,-1.89209,-30.5786,1
2270.11,0.0761719,-1.17529,1.07275,-3.90625,-1.77002,-29.4189,1
2270.12,0.0180664,-0.705078,1.08203,-1.34277,-0.549316,-29.4189,1
2270.13,0.0371094,-1.13867,0.974609,-5.06592,-0.305176,-29.8462,1
2270.14,0.107422,-1.24951,1.01123,2.99072,-0.610352,-27.71,1
2270.15,0.0629883,-0.606934,0.990234,2.2583,-0.610352,-28.8696,1
2270.16,0.0834961,-1.13672,1.02979,0.427246,-0.366211,-28.3813,1
2270.17,0.0874023,-1.0625,0.975586,4.76074,-0.305176,-27.4658,1
2270.18,0.105469,-0.944824,1.02734,3.78418,0.427246,-27.832,1
2270.19,0.168457,-0.893555,0.966797,3.72314,-0.854492,-27.4048,1
2270.2,0.0375977,-1.11914,1.07812,3.41797,-0.732422,-26.6113,1
2270.21,0.0834961,-0.874023,1.01172,6.40869,-1.40381,-26.1841,1
2270.22,0.125977,-0.554199,0.972168,3.479,-0.793457,-26.9775,1
2270.23,0.229492,-1.31055,0.964355,1.77002,-1.0376,-26.5503,1
2270.24,0.187988,-0.85791,0.942871,6.5918,-1.46484,-25.6348,1
2270.25,0.14502,-0.750977,1.0498,0.793457,-1.15967,-26.4893,1
2270.25,0.154785,-1.10303,1.01172,1.58691,-1.28174,-24.9634,1
2270.26,0.121094,-0.848633,0.945312,2.68555,-1.2207,-25.1465,1
2270.27,0.148926,-0.869629,0.958496,1.15967,-0.854492,-24.9023,1
2270.28,0.215332,-0.874023,0.956055,2.44141,-0.854492,-24.9634,1
2270.29,0.178711,-0.929688,1.01025,2.31934,-0.183105,-24.0479,1
2270.3,0.184082,-0.905273,0.930664,4.27246,-0.183105,-23.1934,1
2270.31,0.201172,-0.774414,0.922363,2.19727,0.12207,-23.6206,1
2270.32,0.188477,-1.10889,0.9375,2.50244,0.183105,-22.4609,1
2270.33,0.177246,-0.824707,1.01953,2.56348,0.0610352,-22.3999,1
2270.34,0.179688,-0.734863,0.979004,0,0.244141,-22.1558,1
2270.35,0.248047,-0.899902,0.943848,-0.915527,0.671387,-21.6675,1
2270.36,0.225098,-0.950684,0.991699,0,1.34277,-20.4468,1
2270.37,0.158691,-0.775391,1.05762,-0.366211,1.0376,-20.3247,1
2270.38,0.143066,-0.904785,1.06348,-0.488281,1.77002,-19.7144,1
2270.39,0.183594,-0.921875,0.970215,0.732422,1.0376,-19.2261,1
2270.4,0.264648,-0.664062,0.925781,0.976562,0.915527,-18.9209,1
2270.41,0.23584,-1.01172,0.993164,0.915527,1.64795,-18.4937,1
2270.42,0.23584,-0.863281,0.925781,4.69971,1.15967,-18.0054,1
2270.43,0.171387,-0.813477,1.02246,3.96729,1.58691,-17.7612,1
2270.44,0.206055,-1.02832,1.04932,4.82178,0.854492,-17.334,1
2270.45,0.240723,-0.783203,0.92334,5.79834,0.671387,-16.9067,1
2270.46,0.208984,-0.84375,0.954102,4.57764,1.34277,-16.7847,1
2270.47,0.185547,-0.890137,1.00439,5.5542,0.488281,-16.6016,1
2270.48,0.210449,-0.745605,0.936523,5.79834,0.915527,-16.9067,1
2270.49,0.256348,-0.686035,0.896973,5.92041,-0.488281,-16.6626,1
2270.5,0.311035,-0.714844,0.967285,4.02832,-0.854492,-17.2119,1
2270.51,0.312988,-0.814941,0.928223,3.35693,-1.34277,-16.9067,1
2270.52,0.200684,-0.844727,0.921875,3.35693,-0.976562,-16.5405,1
2270.53,0.188965,-0.699707,0.929199,2.13623,-1.83105,-16.9067,1
2270.54,0.277344,-0.632324,0.946777,-0.366211,-2.38037,-17.8223,1
2270.55,0.389648,-0.790527,0.98877,-1.15967,-2.13623,-17.7002,1
2270.56,0.393066,-0.665527,1.06006,-0.488281,-2.38037,-17.7002,1
2270.57,0.314453,-0.734863,0.884277,-1.40381,-2.50244,-17.8833,1
2270.58,0.27002,-0.982422,0.893066,1.15967,-2.19727,-17.1509,1
2270.59,0.242188,-0.684082,1.04785,2.74658,-2.01416,-17.4561,1
2270.6,0.301758,-0.588379,1.04053,0.671387,-2.13623,-18.3105,1
2270.6,0.403809,-0.922363,0.935059,1.95312,-1.95312,-18.0054,1
2270.61,0.385254,-0.694824,0.938965,4.63867,-1.52588,-17.7612,1
2270.62,0.310547,-0.634766,0.984375,3.05176,-1.40381,-17.8833,1
2270.63,0.286621,-0.900391,0.992676,5.06592,-1.34277,-17.2729,1
2270.64,0.449219,-0.76416,0.98291,7.87354,-0.610352,-17.0288,1
2270.65,0.509277,-0.501953,1.02783,5.43213,-0.244141,-17.8833,1
2270.66,0.387695,-0.82666,0.994629,3.11279,-0.183105,-17.4561,1
2270.67,0.296875,-0.655273,0.98877,5.06592,0.305176,-17.4561,1
2270.68,0.401367,-0.470215,0.913086,3.60107,0.732422,-18.3105,1
2270.69,0.549316,-0.709961,0.958008,3.72314,0.671387,-17.8833,1
2270.7,0.54834,-0.839844,0.972656,4.3335,0.610352,-17.4561,1
2270.71,0.439453,-0.594727,0.943359,4.39453,0.732422,-17.8223,1
2270.72,0.328125,-0.506348,1.08203,2.44141,1.46484,-19.165,1
2270.73,0.33252,-0.678711,1.05029,3.72314,1.40381,-19.104,1
2270.74,0.538086,-0.648926,0.907715,3.60107,0.671387,-19.7144,1
2270.75,0.588867,-0.75293,0.987793,4.02832,0.915527,-19.6533,1
2270.76,0.376953,-0.660156,1.03857,4.21143,1.28174,-20.3857,1
2270.77,0.319336,-0.528809,0.979004,2.74658,0.366211,-21.3623,1
2270.78,0.40332,-0.649902,0.984375,1.52588,0.305176,-21.5454,1
2270.79,0.490723,-0.781738,1.04297,2.01416,0.305176,-21.5454,1
2270.8,0.446289,-0.655273,0.956055,2.13623,0,-21.9727,1
2270.81,0.399902,-0.645996,0.995605,1.2207,-0.12207,-22.7661,1
2270.82,0.567383,-0.770996,1.06494,1.15967,-0.610352,-22.583,1
2270.83,0.456055,-0.578613,0.988281,-0.366211,-0.976562,-22.8882,1
2270.84,0.308594,-0.777344,1.0083,-3.11279,-0.488281,-23.3765,1
2270.85,0.260254,-0.760742,1.00098,-0.610352,-0.732422,-23.3765,1
2270.86,0.382324,-0.314941,0.896973,-1.09863,-1.2207,-24.353,1
2270.87,0.560059,-0.759766,0.98291,-3.479,-1.46484,-25.0854,1
2270.88,0.533203,-0.904297,1.02295,0.610352,-1.15967,-24.5361,1
2270.89,0.352051,-0.619141,0.981934,0.366211,-0.671387,-24.5972,1
2270.89,0.261719,-0.73877,0.952637,-1.09863,-1.15967,-24.9023,1
2270.9,0.347656,-0.920898,1.00781,-0.305176,-1.09863,-25.0244,1
2270.91,0.42041,-0.650879,1.11133,1.0376,-0.610352,-25.0854,1
2270.92,0.473145,-0.67334,0.981934,-2.01416,-0.976562,-25.8789,1
2270.93,0.441406,-0.908691,0.901367,-0.244141,-1.83105,-25.1465,1
2270.94,0.359863,-0.677734,1.02295,1.46484,-1.09863,-25.5127,1
2270.95,0.365234,-0.691895,1.0293,1.09863,-1.09863,-25.5127,1
2270.96,0.441406,-0.818359,1.02051,1.95312,-0.671387,-25.2686,1
2270.97,0.430664,-0.715332,1.05371,1.70898,-0.854492,-25.2075,1
2270.98,0.403809,-0.813965,0.950684,0.549316,-0.793457,-25.2075,1
2270.99,0.415527,-0.798828,0.976562,1.95312,-0.427246,-25.3296,1
2271,0.462891,-0.740234,0.996582,0.793457,-0.244141,-26.123,1
2271.01,0.443848,-0.800293,1.02441,1.52588,-0.183105,-25.5127,1
2271.02,0.335449,-0.626953,1.07568,1.64795,-0.244141,-25.3906,1
2271.03,0.388184,-0.742188,1.03369,0.549316,-0.0610352,-25.6348,1
2271.04,0.4375,-0.797852,0.941895,1.64795,-0.244141,-25.3296,1
2271.05,0.472168,-0.855957,0.998047,0.549316,0.183105,-25.6958,1
2271.06,0.434082,-0.873047,1.09863,0,-0.0610352,-25.5127,1
2271.07,0.327637,-0.735352,1.15137,-1.52588,0.793457,-25.5127,1
2271.08,0.317871,-0.758301,1.03271,-3.23486,1.40381,-25.5737,1
2271.09,0.340332,-0.771484,1.0293,-3.11279,0.915527,-25.0244,1
2271.1,0.399414,-0.845703,1.01611,-2.31934,1.2207,-24.7803,1
2271.11,0.347656,-0.780762,0.929199,-0.732422,1.28174,-24.4751,1
2271.12,0.22998,-0.771973,0.963867,-2.01416,2.19727,-25.3906,1
2271.13,0.176758,-0.896973,0.950195,-1.34277,2.01416,-24.5972,1
2271.14,0.0893555,-0.844238,1.03125,-1.40381,2.50244,-24.4141,1
2271.15,0.0419922,-0.751465,1.01611,-1.83105,2.31934,-24.4141,1
2271.16,0.0234375,-0.953125,0.968262,-0.915527,3.66211,-23.8647,1
2271.17,-0.0556641,-0.860352,0.880371,1.28174,3.72314,-23.1323,1
2271.18,-0.0541992,-0.908203,0.963379,1.0376,4.15039,-23.3765,1
2271.18,-0.0952148,-0.878906,1.08984,2.62451,4.27246,-23.1934,1
2271.19,-0.102539,-0.615723,0.919434,2.44141,5.00488,-23.2544,1
2271.2,-0.117188,-0.821289,0.895508,1.40381,5.5542,-22.7661,1
2271.21,-0.13916,-0.919434,0.916992,2.62451,5.31006,-22.9492,1
2271.22,-0.179688,-0.782715,0.859863,2.99072,6.28662,-23.0713,1
2271.23,-0.301758,-0.819336,0.990723,3.78418,6.89697,-22.522,1
2271.24,-0.353027,-0.806152,0.883789,4.02832,6.22559,-23.4375,1
2271.25,-0.205078,-0.570801,0.840332,5.61523,6.5918,-23.4375,1
2271.26,-0.193848,-0.707031,0.858398,3.66211,6.7749,-24.5361,1
2271.27,-0.158203,-0.845215,0.775391,5.92041,5.61523,-24.1699,1
2271.28,-0.192871,-0.631348,0.891602,4.63867,5.31006,-25.8179,1
2271.29,-0.22168,-0.86084,0.82959,3.54004,5.7373,-25.5737,1
2271.3,-0.270996,-0.817871,0.953125,5.00488,5.24902,-25.9399,1
2271.31,-0.235352,-0.640625,0.955566,3.35693,3.72314,-27.4048,1
2271.32,-0.161133,-0.705078,0.923828,1.77002,3.72314,-28.0762,1
2271.33,-0.210449,-0.76416,0.959473,1.58691,3.66211,-28.0762,1
2271.34,-0.195801,-0.782715,0.944336,0.183105,2.80762,-28.1982,1
2271.35,-0.252441,-0.949707,1.00293,-0.244141,3.479,-28.0151,1
2271.36,-0.320801,-0.832031,1.09424,-0.610352,3.11279,-28.1982,1
2271.37,-0.291504,-0.865723,1.11621,-2.13623,3.11279,-29.4189,1
2271.38,-0.260254,-0.883789,1.04785,-1.95312,3.60107,-28.8086,1
2271.39,-0.220703,-0.892578,0.994629,-3.11279,3.05176,-29.48,1
2271.4,-0.283203,-0.916992,1.00439,-3.72314,2.68555,-29.7852,1
2271.41,-0.256348,-0.712891,1.0874,-3.90625,3.11279,-29.541,1
2271.42,-0.276855,-0.881348,1.13525,-4.63867,3.90625,-29.2969,1
2271.43,-0.309082,-1.08301,1.125,-3.11279,2.44141,-28.8696,1
2271.44,-0.262207,-0.698242,0.895996,-0.732422,1.89209,-29.1748,1
2271.45,-0.346191,-0.924805,0.945801,-2.86865,3.05176,-29.7241,1
2271.46,-0.297852,-1.146,1.11182,0.183105,2.19727,-30.2124,1
2271.47,-0.26416,-0.778809,1.10156,1.2207,2.86865,-30.4565,1
2271.48,-0.245117,-0.895508,1.14502,0.12207,2.92969,-30.8228,1
2271.49,-0.243652,-0.852051,1.02344,0.915527,1.64795,-30.4565,1
2271.5,-0.250977,-0.795898,1.02441,0.610352,2.68555,-30.9448,1
2271.5,-0.312988,-0.84082,1.05811,0.366211,2.0752,-30.5786,1
2271.51,-0.230469,-0.964355,0.980469,0.549316,1.95312,-30.7007,1
2271.52,-0.267578,-0.970703,0.995117,0.732422,1.89209,-30.4565,1
2271.53,-0.290039,-0.984863,1.09082,0.549316,2.19727,-31.189,1
2271.54,-0.330566,-1.08643,1.09766,1.2207,3.17383,-31.0669,1
2271.55,-0.286133,-0.710938,1.10303,2.2583,1.89209,-31.4331,1
2271.56,-0.189453,-0.813477,0.924805,-0.610352,2.13623,-31.9214,1
2271.57,-0.198242,-0.944824,0.823242,2.19727,1.83105,-30.9448,1
2271.58,-0.291504,-0.652832,0.993164,0.793457,1.70898,-31.6162,1
2271.59,-0.246582,-0.990234,1.03125,-0.793457,1.95312,-31.7993,1
2271.6,-0.202637,-0.914551,0.986328,1.15967,1.0376,-31.6772,1
2271.61,-0.160156,-0.79541,0.908691,1.2207,1.64795,-32.5317,1
2271.62,-0.217773,-0.796387,0.736328,1.83105,0.427246,-32.5928,1
2271.63,-0.269043,-0.839355,0.749023,2.80762,0.183105,-33.0811,1
2271.64,-0.25,-0.759277,0.899414,2.38037,0,-33.6914,1
2271.65,-0.189453,-0.696289,0.919434,1.70898,-0.305176,-33.9355,1
2271.66,-0.170898,-0.945312,0.895508,2.01416,0.671387,-33.2031,1
2271.67,-0.218262,-0.808594,0.959473,3.60107,0.488281,-33.1421,1
2271.68,-0.208984,-0.757324,0.888672,2.38037,0.0610352,-33.5083,1
2271.69,-0.164551,-0.96875,0.820312,2.56348,0.549316,-32.8979,1
2271.7,-0.261719,-0.830566,0.919434,3.05176,0.732422,-32.3486,1
2271.71,-0.237305,-0.66748,0.904785,1.09863,1.52588,-32.7148,1
2271.72,-0.239746,-0.827148,0.943848,-0.732422,2.38037,-32.7759,1
2271.73,-0.249512,-0.875977,0.986328,0.976562,2.0752,-31.6772,1
2271.74,-0.294434,-0.783691,0.902344,-0.610352,2.0752,-32.959,1
2271.75,-0.282227,-0.934082,0.861816,0.0610352,2.50244,-32.0435,1
2271.75,-0.265625,-0.945312,0.916016,-0.732422,3.17383,-32.2876,1
2271.76,-0.185547,-0.727051,0.994629,-2.01416,3.2959,-32.1045,1
2271.77,-0.180176,-0.727051,1.04443,-3.84521,2.86865,-32.4097,1
2271.78,-0.253418,-1.00293,1.01416,-3.96729,2.92969,-32.1655,1
2271.79,-0.289062,-0.740234,0.840332,-1.64795,2.92969,-31.6772,1
2271.8,-0.327148,-1.01367,0.999512,-3.54004,4.27246,-32.1045,1
2271.81,-0.134277,-1.00488,0.893555,-0.12207,3.17383,-31.7993,1
2271.82,-0.0678711,-0.696777,0.85498,-0.427246,3.96729,-31.8604,1
2271.83,-0.248047,-0.987305,0.978516,-0.976562,3.23486,-32.1045,1
2271.84,-0.176758,-0.763184,0.909668,1.28174,3.17383,-32.2876,1
2271.85,-0.21875,-0.879395,0.96875,-0.183105,3.60107,-33.2031,1
2271.86,-0.0839844,-0.793945,0.896973,2.50244,2.38037,-32.8979,1
2271.87,-0.129395,-0.776855,0.897949,0.244141,2.92969,-33.5083,1
2271.88,-0.126465,-1.02832,0.918457,3.479,2.01416,-32.1045,1
2271.89,-0.164062,-0.750488,0.957031,2.44141,2.13623,-33.6304,1
2271.9,-0.125488,-0.991699,0.927734,2.19727,1.64795,-33.1421,1
2271.91,-0.0961914,-0.97998,0.88916,4.08936,2.19727,-33.5693,1
2271.92,-0.0917969,-0.749512,0.896973,4.15039,1.89209,-33.8745,1
2271.93,-0.140625,-0.867188,0.905762,3.17383,1.58691,-34.668,1
2271.94,-0.118164,-0.857422,0.958496,4.63867,1.89209,-33.8745,1
2271.95,-0.11377,-0.662109,0.902832,4.82178,1.52588,-34.1797,1
2271.96,-0.0795898,-1.02197,0.89502,3.11279,1.34277,-34.3018,1
2271.97,-0.132812,-0.825195,0.878906,7.38525,0.732422,-34.1187,1
2271.98,-0.125488,-0.805664,0.931641,4.63867,1.70898,-35.4004,1
2271.99,-0.108398,-0.929688,0.836914,5.85938,0.610352,-34.8511,1
2272,-0.141602,-0.900391,0.940918,5.00488,1.15967,-35.4004,1
2272.01,-0.147461,-0.725098,1.0127,4.63867,0.305176,-35.4004,1
2272.02,-0.133789,-0.818848,0.92627,2.50244,1.2207,-35.4614,1
2272.03,-0.0712891,-1.00195,0.834473,3.66211,0.854492,-34.729,1
2272.04,-0.0751953,-0.754883,0.879883,3.90625,0.244141,-35.1562,1
2272.04,-0.109375,-1.04639,0.958008,1.70898,1.15967,-35.8276,1
2272.05,-0.0849609,-0.822754,0.942871,4.08936,0.610352,-35.4004,1
2272.06,-0.161621,-0.796875,1.00195,-1.0376,1.2207,-36.499,1
2272.07,-0.0405273,-1.06641,0.944824,0.915527,0,-34.8511,1
2272.08,-0.0947266,-0.677246,0.882812,1.64795,1.0376,-35.4004,1
2272.09,-0.0395508,-1,0.919922,-1.09863,0.488281,-35.7666,1
2272.1,-0.121582,-0.988281,0.983398,2.74658,0.610352,-34.9121,1
2272.11,-0.137207,-0.608398,1.02002,-0.305176,0.915527,-37.0483,1
2272.12,-0.0571289,-1.20703,0.986816,-2.80762,0.793457,-36.377,1
2272.13,-0.0673828,-0.766113,0.944336,1.95312,0.305176,-35.4614,1
2272.14,-0.128418,-0.687988,0.97998,-2.80762,0.793457,-36.499,1
2272.15,-0.0351562,-1.06592,1.00293,-0.488281,0,-35.5835,1
2272.16,-0.0151367,-0.81543,0.952637,1.64795,0.549316,-35.7056,1
2272.17,-0.0712891,-0.916504,0.830566,-0.610352,0.183105,-35.8887,1
2272.18,-0.0561523,-1.12695,1.00195,0.305176,-0.12207,-35.7056,1
2272.19,0.0195312,-0.921875,1.05615,-0.244141,0.976562,-36.377,1
2272.2,0.0888672,-0.875488,0.979004,-0.183105,0.671387,-36.0107,1
2272.21,0.0664062,-0.942383,0.960449,0.976562,0,-35.7056,1
2272.22,0.116211,-0.904297,1.02637,1.58691,-0.610352,-36.0107,1
2272.23,0.0639648,-0.788086,0.935547,1.46484,-0.305176,-35.7056,1
2272.24,-0.00732422,-1.06592,1.03418,1.40381,-0.12207,-35.1562,1
2272.25,-0.0078125,-0.973145,1.05908,1.28174,-0.976562,-35.3394,1
2272.26,0.115234,-0.85791,1.08057,3.72314,-1.2207,-34.1187,1
2272.27,0.0517578,-0.929199,0.969727,0.915527,-1.2207,-35.4004,1
2272.28,0.135254,-1.21777,0.95752,4.76074,-1.58691,-33.5083,1
2272.29,0.132812,-0.391602,0.852051,3.78418,-1.52588,-34.5459,1
2272.3,0.0825195,-1.24316,1.10596,-0.305176,-0.244141,-33.8135,1
2272.31,-0.0151367,-0.776367,1.01367,5.92041,-0.793457,-32.5317,1
2272.32,0.187988,-1.00928,0.987793,1.52588,-1.58691,-32.2266,1
2272.33,-0.0991211,-0.814453,0.921387,4.88281,0,-31.25,1
2272.34,0.112793,-1.03418,0.974121,1.64795,-0.0610352,-32.6538,1
2272.35,-0.116699,-0.835938,0.888672,3.60107,0.732422,-30.7007,1
2272.36,0.124023,-1.01221,1.05322,-0.610352,0.549316,-32.3486,1
2272.37,-0.0473633,-0.887207,1.06348,1.95312,0.549316,-29.2969,1
2272.38,0.0458984,-1.01611,1.06055,0.610352,1.2207,-30.2734,1
2272.39,-0.019043,-0.669434,0.895996,1.40381,0.732422,-28.9307,1
2272.4,-0.0239258,-1.20508,0.978516,-1.28174,2.2583,-29.3579,1
2272.4,-0.0913086,-0.75,0.970215,3.66211,1.83105,-28.5034,1
2272.41,-0.0986328,-0.87793,1.01855,-2.38037,2.80762,-30.2734,1
2272.42,-0.0136719,-1.15137,0.95166,1.95312,2.44141,-28.1982,1
2272.43,-0.0102539,-0.857422,0.934082,2.38037,2.31934,-29.1748,1
2272.44,-0.0800781,-0.73291,0.969238,0.549316,2.50244,-28.9917,1
2272.45,-0.12207,-1.03027,0.972168,0.244141,2.56348,-29.4189,1
2272.46,-0.0634766,-0.873047,1.00098,3.05176,3.41797,-28.9307,1
2272.47,-0.125977,-0.689941,0.930664,2.01416,2.80762,-29.6021,1
2272.48,-0.0737305,-0.955078,0.936523,2.74658,2.0752,-29.3579,1
2272.49,-0.0834961,-0.816406,0.924805,4.76074,1.77002,-29.2358,1
2272.5,-0.111328,-0.803223,0.972168,4.02832,2.31934,-30.6396,1
2272.51,-0.0947266,-0.819336,0.884277,3.23486,1.83105,-30.2734,1
2272.52,-0.212402,-0.927734,0.929199,2.2583,1.46484,-30.8838,1
2272.53,-0.104492,-0.875488,0.911621,3.54004,1.40381,-30.2734,1
2272.54,-0.131348,-0.722656,0.946289,2.99072,1.34277,-31.7383,1
2272.55,-0.105469,-0.845703,0.970215,3.11279,1.40381,-31.311,1
2272.56,-0.101562,-0.845703,0.916992,2.50244,0.976562,-31.4331,1
2272.57,-0.112793,-0.740234,0.93457,1.89209,0.671387,-31.7993,1
2272.58,-0.0839844,-0.999512,0.924805,-0.793457,1.34277,-32.1655,1
2272.59,-0.0771484,-0.759766,0.95166,1.58691,0.488281,-31.6772,1
2272.6,-0.0947266,-0.743164,0.954102,-1.83105,1.15967,-32.3486,1
2272.61,-0.0898438,-1.22314,1.04199,-2.01416,0.793457,-32.2876,1
2272.62,-0.0888672,-0.613281,0.984375,1.0376,1.15967,-31.6162,1
2272.63,-0.11377,-0.969238,1.09082,-7.50732,2.19727,-33.3862,1
2272.64,-0.0654297,-1.11133,0.981934,-1.2207,1.40381,-30.5786,1
2272.65,-0.0229492,-0.631836,1.05273,-2.68555,1.58691,-32.0435,1
2272.66,-0.0297852,-0.96875,1.0415,-4.76074,1.52588,-31.6162,1
2272.67,-0.0717773,-1.07861,1.03174,0,1.40381,-31.0669,1
2272.68,-0.0224609,-0.665527,0.919434,-1.46484,1.95312,-32.4707,1
2272.69,-0.0649414,-0.991211,0.935547,-3.54004,1.77002,-31.8604,1
2272.7,0.0234375,-0.94043,0.901367,-0.488281,1.58691,-31.189,1
2272.71,0.0317383,-0.951172,0.944336,-2.0752,2.01416,-31.3721,1
2272.72,0.122559,-0.954102,0.941406,1.58691,0.854492,-31.0059,1
2272.72,0.12793,-0.819824,1.02832,1.77002,1.83105,-31.3721,1
2272.73,0.133789,-0.799805,0.91748,3.17383,0.305176,-31.5552,1
2272.74,0.11377,-0.853027,0.869141,2.44141,0.366211,-31.4941,1
2272.75,0.0498047,-0.911133,0.931152,3.78418,0.12207,-31.4331,1
2272.76,0.0727539,-0.969727,0.990723,1.58691,0.366211,-32.1045,1
2272.77,0.0668945,-0.851562,0.983398,4.82178,-0.976562,-30.5786,1
2272.78,0.109375,-0.84082,1.01514,1.83105,-0.976562,-31.25,1
2272.79,0.149414,-0.873535,0.880371,3.84521,-1.70898,-30.3955,1
2272.8,0.200195,-0.879883,0.885742,2.31934,-0.366211,-30.7617,1
2272.81,0.178223,-0.823242,0.960449,3.23486,-1.52588,-30.0293,1
2272.82,0.178711,-0.976074,1.07129,2.44141,-0.366211,-29.7241,1
2272.83,0.133789,-0.6875,0.92334,5.12695,-1.2207,-28.9307,1
2272.84,0.155762,-1.01904,0.971191,1.52588,-0.244141,-29.4189,1
2272.85,0.241211,-0.871094,0.860352,5.31006,-1.2207,-28.3203,1
2272.86,0.183594,-0.856934,0.943848,1.95312,-0.244141,-28.9307,1
2272.87,0.172363,-0.827637,0.959473,2.13623,-0.610352,-27.8931,1
2272.88,0.196777,-0.913086,1.02246,0,0.0610352,-28.1372,1
2272.89,0.100586,-0.911621,1.04395,1.83105,-0.610352,-26.4893,1
2272.9,0.214355,-0.84668,1.06006,-0.488281,-0.854492,-27.4048,1
2272.91,0.147949,-0.793945,1.01807,0,-0.793457,-25.8179,1
2272.92,0.262695,-0.927246,1.02344,-3.11279,0,-26.9165,1
2272.93,0.190918,-1.05518,0.994141,-2.2583,-0.915527,-25.5737,1
2272.94,0.240723,-0.925781,1.08105,-2.80762,-0.12207,-25.8789,1
2272.95,0.211914,-0.883301,1.04395,-5.06592,-1.40381,-25.5737,1
2272.96,0.229004,-0.978516,0.954102,-4.21143,-0.610352,-24.9023,1
2272.97,0.118164,-0.931641,1.00879,-3.479,-0.366211,-24.1699,1
2272.98,0.168457,-0.71582,0.962402,-2.0752,-0.427246,-24.5972,1
2272.99,0.199219,-0.895996,0.957031,-2.44141,0,-24.1699,1
2273,0.253906,-0.999512,0.921875,0.854492,-0.12207,-23.4375,1
2273.01,0.178711,-0.611328,0.945801,1.34277,-0.244141,-23.3154,1
2273.02,0.143555,-1.1499,0.93457,1.34277,0,-22.3389,1
2273.03,0.100586,-0.845703,0.924316,9.15527,0.549316,-21.2402,1
2273.04,0.193359,-0.482422,0.848145,6.34766,0.854492,-22.583,1
2273.05,0.241699,-1.27637,0.803711,7.08008,1.2207,-20.9351,1
2273.06,0.214844,-0.541504,0.849121,12.0239,1.2207,-20.6909,1
2273.07,0.193848,-0.769531,0.987793,5.31006,2.31934,-20.813,1
2273.08,0.284668,-0.822266,0.916016,8.91113,2.0752,-18.7378,1
2273.09,0.343262,-0.750488,0.86377,6.95801,1.46484,-19.104,1
2273.1,0.391113,-0.829102,0.847168,8.11768,1.89209,-17.7002,1
2273.11,0.40918,-0.783691,0.98877,5.7373,1.64795,-18.5547,1
2273.11,0.399414,-0.803711,0.904297,4.57764,1.95312,-17.5781,1
2273.12,0.314941,-0.77832,1.0332,1.52588,1.70898,-18.9209,1
2273.13,0.332031,-0.78125,1.16797,0.671387,0.976562,-18.0664,1
2273.14,0.305176,-0.779785,0.936523,0.0610352,0.915527,-18.0054,1
2273.15,0.390625,-0.853027,0.961914,-0.610352,0.305176,-18.2495,1
2273.16,0.462891,-0.973633,1.03662,-0.732422,0.549316,-17.4561,1
2273.17,0.338379,-0.809082,1.11377,-1.83105,0.366211,-17.5781,1
2273.18,0.243164,-0.770508,1.0376,-3.54004,-0.12207,-17.334,1
2273.19,0.249512,-0.864746,1.0083,-3.41797,-0.0610352,-17.8833,1
2273.2,0.464355,-0.949707,0.972168,-2.01416,-0.305176,-17.5781,1
2273.21,0.432617,-0.623535,0.922852,-1.09863,-0.610352,-18.1885,1
2273.22,0.319336,-0.827637,0.993652,-4.45557,-1.0376,-18.1274,1
2273.23,0.248535,-0.919922,0.995117,-1.95312,-1.0376,-17.395,1
2273.24,0.217285,-0.635742,0.91748,-2.62451,-0.854492,-16.9678,1
2273.25,0.277832,-0.981445,0.904785,-3.17383,-1.77002,-16.3574,1
2273.26,0.40625,-0.837402,1.04443,-0.0610352,-2.13623,-16.4795,1
2273.27,0.415039,-0.65918,1.03027,-0.366211,-1.95312,-16.5405,1
2273.28,0.376465,-0.916504,1.01562,0.12207,-2.62451,-15.9912,1
2273.29,0.299316,-0.722168,0.969238,2.74658,-2.56348,-15.3198,1
2273.3,0.291504,-0.705566,0.948242,1.95312,-2.0752,-14.7095,1
2273.31,0.307129,-0.874023,1.0083,4.82178,-2.13623,-12.9395,1
2273.32,0.353027,-0.621094,1.02246,6.83594,-2.44141,-12.5122,1
2273.33,0.385742,-0.632812,0.999023,7.14111,-2.0752,-11.5356,1
2273.34,0.333984,-0.704102,1.00781,8.60596,-2.01416,-10.1318,1
2273.34,0.285645,-0.554199,0.967285,9.27734,-1.52588,-8.8501,1
2273.35,0.21875,-0.594727,0.883789,9.0332,-0.976562,-7.32422,1
2273.36,0.232422,-0.616211,0.942871,11.6577,-0.793457,-5.18799,1
2273.37,0.150879,-0.405762,1.04785,13.5498,-0.183105,-3.54004,1
2273.38,0.123047,-0.349609,0.991211,13.6108,-0.12207,-2.38037,1
2273.39,0.0410156,-0.396973,0.948242,15.9302,0.183105,0.244141,1
2273.4,-0.0644531,-0.104004,0.932617,17.2119,0.915527,2.01416,1
2273.41,-0.0839844,-0.163574,0.872559,16.1133,1.64795,3.41797,1
2273.42,-0.0556641,-0.333984,0.839844,19.4092,2.01416,6.5918,1
2273.43,-0.0473633,0.0849609,0.925293,21.5454,2.31934,8.11768,1
2273.44,-0.0239258,0.12793,0.84082,19.8364,2.50244,9.0332,1
2273.45,-0.10498,-0.0561523,0.830566,22.522,3.23486,12.146,1
2273.46,-0.166016,0.302246,0.868164,23.7427,3.05176,13.1836,1
2273.47,-0.209961,0.339355,0.817383,22.7661,3.96729,14.5264,1
2273.48,-0.193848,0.289062,0.883789,24.1699,3.84521,16.7236,1
2273.49,-0.217773,0.466309,0.823242,23.7427,4.45557,17.5781,1
2273.5,-0.279785,0.581543,0.844727,23.0103,4.57764,19.3481,1
2273.51,-0.227051,0.496582,0.935547,21.4233,4.82178,20.2026,1
2273.52,-0.15625,0.498535,0.980469,21.9116,4.5166,22.7661,1
2273.53,-0.0986328,0.495605,0.959961,20.0806,5.18799,23.1323,1
2273.54,-0.123535,0.600586,0.916016,19.9585,4.88281,24.7803,1
2273.55,-0.0678711,0.769531,0.963867,17.5781,5.43213,25.3296,1
2273.56,-0.074707,0.782227,1.04346,16.1133,5.7373,26.3062,1
2273.57,-0.0668945,0.729492,1.09082,15.1367,5.43213,27.2827,1
2273.58,-0.081543,0.751465,1.11523,14.7705,5.12695,28.5645,1
2273.59,-0.125488,0.706055,1.06738,12.8784,5.12695,29.0527,1
2273.6,-0.132324,0.867188,1.04443,12.4512,4.88281,29.9683,1
2273.61,-0.130859,0.963867,1.08691,10.1318,5.24902,30.5176,1
2273.62,-0.0864258,0.861816,1.18408,8.97217,4.39453,30.9448,1
2273.63,-0.065918,0.879395,1.20312,8.48389,3.90625,31.9214,1
2273.64,-0.0390625,0.780762,1.12549,7.44629,4.02832,32.0435,1
2273.64,-0.0405273,0.910645,1.07227,7.50732,3.2959,33.1421,1
2273.65,-0.0170898,1.03613,1.12891,5.06592,2.80762,32.7759,1
2273.66,0.0654297,0.96582,1.08887,3.11279,2.86865,33.2031,1
2273.67,0.0458984,0.896484,1.10156,2.01416,2.2583,33.9966,1
2273.68,0.105469,0.966797,1.10547,-0.12207,1.40381,33.5693,1
2273.69,0.0834961,0.881836,0.995605,-1.52588,1.95312,33.8135,1
2273.7,0.03125,1.08008,1.04297,-2.0752,1.64795,34.0576,1
2273.71,0.0273438,0.985352,1.12109,-4.82178,1.09863,33.0811,1
2273.72,0.143555,0.976074,1.16553,-3.96729,0.244141,33.7524,1
2273.73,0.195801,0.998047,1.09424,-4.3335,0.12207,32.8979,1
2273.74,0.215332,1.05078,1.00439,-4.69971,-0.488281,32.2266,1
2273.75,0.174316,0.965332,0.97168,-4.94385,-0.244141,31.9824,1
2273.76,0.106934,0.848633,1.04053,-3.54004,-0.244141,31.9214,1
2273.77,0.158691,0.899414,0.991699,-2.92969,-0.732422,31.9824,1
2273.78,0.235352,0.708496,0.907715,-3.05176,-0.976562,31.7993,1
2273.79,0.29834,0.842773,0.902832,-0.793457,-1.15967,31.4331,1
2273.8,0.229492,0.942871,0.924316,-1.46484,-0.610352,30.5786,1
2273.81,0.145508,0.805664,0.930176,-1.0376,-0.549316,30.2734,1
2273.82,0.0913086,0.94873,0.922363,-0.488281,0,30.2734,1
2273.83,0.120117,0.864746,0.902832,-2.0752,0.549316,29.9072,1
2273.84,0.183594,0.748047,0.874023,-1.28174,0.305176,30.2734,1
2273.85,0.161133,0.85498,0.916504,-1.0376,0.427246,29.4189,1
2273.86,0.0732422,0.789062,0.88916,-1.09863,0.488281,28.8696,1
2273.87,0.0605469,0.782715,0.828613,-0.366211,1.15967,29.0527,1
2273.88,0.0327148,0.87207,0.780762,-2.2583,1.09863,28.8086,1
2273.89,0.0771484,0.737793,0.851562,-4.45557,0.976562,28.5034,1
2273.9,0.0996094,0.800293,0.861816,-4.08936,1.28174,28.5034,1
2273.91,0.0366211,0.831543,0.875488,-5.12695,2.2583,28.1372,1
2273.92,0.0556641,0.853516,0.859863,-4.5166,1.95312,27.9541,1
2273.93,0.0634766,0.974609,0.853516,-4.15039,2.31934,27.8931,1
2273.94,0.0229492,0.847168,0.930176,-4.39453,2.62451,28.0762,1
2273.95,0.0512695,0.816406,0.939453,-3.54004,2.2583,27.9541,1
2273.96,0.0703125,0.959961,0.93457,-2.31934,2.62451,27.771,1
2273.97,0.0136719,0.869629,0.972168,-1.46484,2.80762,28.0151,1
2273.98,0,0.786133,1.04053,0.488281,2.2583,28.0762,1
2273.99,0.0493164,0.98877,1.05029,1.89209,2.19727,27.9541,1
2274,0.0849609,0.983398,0.995117,1.46484,2.62451,27.832,1
2274,0.0639648,0.779785,1.03955,3.60107,2.2583,28.5034,1
2274.01,0.0649414,0.958008,1.07959,6.16455,2.38037,28.4424,1
2274.02,0.115723,1.09229,1.0376,5.7373,2.74658,28.5645,1
2274.03,0.0517578,0.785156,1.07324,5.98145,3.17383,29.1748,1
2274.04,0.108887,0.999512,1.0752,6.65283,2.31934,28.9307,1
2274.05,0.109375,1.01758,1.08008,4.39453,2.62451,29.3579,1
2274.06,0.0942383,0.820801,1.08252,4.21143,2.44141,29.8462,1
2274.07,0.0805664,0.999512,1.04932,3.60107,1.83105,30.3345,1
2274.08,0.0473633,0.956055,0.995605,1.15967,1.95312,30.4565,1
2274.09,0.0737305,0.890625,0.953613,0.244141,1.15967,31.189,1
2274.1,0.0820312,1.05078,1.02246,-2.01416,0.793457,31.1279,1
2274.11,0.0537109,0.948242,1.02051,-5.00488,0.488281,31.5552,1
2274.12,0.043457,0.756348,0.960938,-4.39453,0.0610352,32.959,1
2274.13,0.0703125,0.989746,0.884277,-4.3335,-0.305176,32.8979,1
2274.14,0.118164,0.855957,0.893555,-6.95801,-0.671387,32.8369,1
2274.15,0.140625,0.845215,0.933105,-5.43213,-1.34277,33.5693,1
2274.16,0.146484,0.999023,0.915039,-6.16455,-1.34277,33.5083,1
2274.17,0.0341797,0.705566,0.880371,-5.7373,-1.83105,33.7524,1
2274.18,0.116699,0.792969,0.821289,-2.68555,-2.31934,34.1797,1
2274.19,0.151367,0.962402,0.838379,-2.62451,-2.01416,34.1187,1
2274.2,0.192871,0.675293,0.929688,-2.56348,-2.0752,33.6914,1
2274.21,0.229004,0.85791,0.901855,0.732422,-2.74658,34.3018,1
2274.22,0.164062,0.972168,0.932129,-0.427246,-1.77002,33.5083,1
2274.23,0.189941,0.647949,0.878418,0.427246,-2.01416,33.5693,1
2274.24,0.222656,0.83252,0.914551,4.27246,-1.2207,33.3862,1
2274.25,0.220703,1.07764,0.994141,3.2959,-0.671387,32.0435,1
2274.26,0.193848,0.740723,1.05322,3.78418,0,31.6772,1
2274.27,0.161621,0.984375,1.00684,5.7373,0.488281,31.5552,1
2274.28,0.102539,1.07129,0.947754,2.44141,1.46484,30.2734,1
2274.29,0.11377,0.787109,0.953613,3.479,2.19727,30.3345,1
2274.3,0.0634766,0.991211,1.01953,5.06592,3.35693,29.541,1
2274.31,-0.0131836,0.976562,1.10986,3.11279,4.15039,28.3813,1
2274.31,-0.0102539,0.791016,1.03125,3.78418,4.57764,28.6255,1
2274.32,-0.00488281,0.981445,0.92627,3.90625,5.37109,28.0151,1
2274.33,-0.0102539,1.04297,0.9375,1.28174,5.92041,27.0996,1
2274.34,-0.0209961,0.816895,0.9375,0.915527,6.65283,27.2217,1
2274.35,-0.0585938,0.95459,0.96875,2.01416,6.95801,27.8931,1
2274.36,-0.0786133,0.925781,0.991699,-0.488281,7.14111,27.1606,1
2274.37,-0.090332,0.886719,0.888672,0.0610352,6.28662,28.1982,1
2274.38,-0.0458984,0.954102,0.822266,-0.976562,6.40869,28.3203,1
2274.39,-0.00390625,0.783203,0.837402,-1.46484,5.49316,29.1138,1
2274.4,0.0585938,0.916992,0.913086,-1.15967,4.39453,29.8462,1
2274.41,0.0415039,0.831055,0.903809,-2.80762,4.02832,30.2734,1
2274.42,-0.0170898,0.756348,0.87793,-1.52588,2.99072,31.6772,1
2274.43,0.00732422,0.978516,0.86084,-2.86865,2.44141,31.311,1
2274.44,0.0170898,0.837891,0.827637,-4.15039,1.58691,32.1655,1
2274.45,0.0493164,0.816406,0.953613,-2.68555,0.793457,33.3252,1
2274.46,0.122559,0.982422,0.936035,-3.35693,0.12207,33.5083,1
2274.47,0.131836,0.82959,0.90332,-3.54004,-0.610352,34.4849,1
2274.48,0.132812,0.893066,0.957031,-2.2583,-1.2207,34.4849,1
2274.49,0.120117,0.973633,1.0083,-2.0752,-1.83105,34.3628,1
2274.5,0.109375,0.834961,1.01855,-0.488281,-1.52588,34.729,1
2274.51,0.174316,0.851074,0.898438,1.15967,-1.28174,34.2407,1
2274.52,0.196777,1.07422,0.93457,1.28174,-1.28174,34.1187,1
2274.53,0.15918,0.814453,0.980957,0,-1.15967,33.5083,1
2274.54,0.231445,0.961914,1.03174,2.38037,-1.28174,33.7524,1
2274.55,0.249023,1.04736,1.06396,0.915527,-0.183105,33.0811,1
2274.56,0.211914,0.745605,1.07275,2.31934,-0.366211,32.8369,1
2274.57,0.206055,1.04248,1.01904,4.5166,-0.12207,32.2266,1
2274.58,0.175293,1.01221,1.05127,2.56348,0.915527,31.5552,1
2274.59,0.14209,0.836914,1.04932,2.92969,0.793457,31.25,1
2274.6,0.156738,0.985352,0.953125,2.56348,1.52588,31.189,1
2274.6,0.183594,0.965332,0.936523,1.15967,2.01416,30.8838,1
2274.61,0.195801,0.660645,1.00879,0.12207,2.01416,30.3955,1
2274.62,0.214844,0.970215,0.977539,1.70898,1.77002,30.3955,1
2274.63,0.219238,0.962402,0.86084,-2.86865,2.44141,29.3579,1
2274.64,0.149902,0.809082,0.802734,-3.05176,2.74658,29.7241,1
2274.65,0.150391,1.00977,0.897949,-4.3335,3.05176,29.1748,1
2274.66,0.107422,0.818848,1.03076,-5.31006,3.35693,29.9072,1
2274.67,0.163574,0.669922,0.865234,-4.27246,2.50244,29.48,1
2274.68,0.188965,0.950684,0.789062,-4.15039,2.86865,29.3579,1
2274.69,0.177734,0.821289,0.847656,-6.89697,3.11279,28.6255,1
2274.7,0.146484,0.662598,0.805176,-5.31006,2.44141,29.6631,1
2274.71,0.133301,0.92334,0.844238,-4.15039,2.31934,29.7241,1
2274.72,0.222168,0.761719,0.951172,-5.61523,2.01416,29.3579,1
2274.73,0.343262,0.759277,0.856445,-3.05176,1.40381,29.541,1
2274.74,0.226074,0.95752,0.90625,-3.05176,1.70898,29.3579,1
2274.75,0.20459,0.83252,0.904785,-2.68555,0.915527,29.3579,0
2274.76,0.118164,0.790527,0.95752,-0.976562,1.46484,30.2734,0
2274.77,0.23877,0.815918,0.918457,-0.305176,0.915527,30.5786,0
2274.78,0.383789,0.962402,1.03809,0.549316,0.366211,30.8228,0
2274.79,0.364746,0.824219,1.04053,0.183105,0.610352,30.0903,0
2274.8,0.207031,0.787598,0.963867,1.95312,0.183105,30.3345,0
2274.81,0.132324,1.02686,0.992188,1.64795,0.610352,29.9072,0
2274.82,0.29248,1.00488,0.920898,0,0.488281,30.2124,0
2274.83,0.334961,0.652344,1.05566,0.12207,0.671387,30.8838,0
2274.84,0.388184,1.01758,1.06592,1.46484,0.427246,30.0293,0
2274.85,0.316895,0.962891,0.936035,-2.19727,0.732422,29.3579,0
2274.86,0.220215,0.525391,0.949219,-0.549316,1.2207,29.2969,0
2274.87,0.337891,0.868164,0.873535,-0.610352,0.610352,28.9917,0
2274.88,0.36084,0.864258,0.93457,-4.82178,0.671387,28.8086,0
2274.89,0.328613,0.604492,0.971191,-6.53076,0.610352,28.1372,0
2274.9,0.303711,0.623535,0.910156,-7.56836,0.244141,27.3438,0
2274.9,0.304688,0.797852,0.830566,-8.8501,0.183105,26.6113,0
2274.91,0.342285,0.558594,0.846191,-11.7188,0.366211,25.6958,0
2274.92,0.396973,0.575195,0.870605,-10.9253,-0.427246,24.9634,0
2274.93,0.415527,0.787109,0.939453,-13.0005,0,23.7427,0
2274.94,0.443848,0.364258,0.873047,-15.1978,-0.305176,22.1558,0
2274.95,0.495605,0.32666,0.864258,-12.0239,-0.305176,21.0571,0
2274.96,0.59375,0.646484,0.858398,-11.9019,-0.488281,19.2261,0
2274.97,0.533203,0.379395,0.848145,-13.4888,-0.366211,17.4561,0
2274.98,0.575684,0.230469,0.923828,-11.7188,-0.610352,16.1133,0
2274.99,0.610352,0.42627,0.890137,-11.4746,-0.976562,14.5874,0
2275,0.652832,0.273926,0.94873,-12.207,-1.52588,12.7563,0
2275.01,0.675781,0.223633,1.01025,-11.5356,-2.0752,11.2915,0
2275.02,0.677246,0.354492,1.0459,-11.4746,-2.80762,9.82666,0
2275.03,0.726074,0.265625,0.862305,-11.5356,-3.2959,8.11768,0
2275.04,0.802246,0.333984,0.950195,-9.82666,-3.90625,5.98145,0
2275.05,0.806641,0.433105,1.15088,-8.78906,-4.3335,3.54004,0
2275.06,0.756836,0.23291,1.04688,-6.53076,-4.63867,1.2207,0
2275.07,0.664062,0.490723,0.994629,-3.05176,-4.63867,-1.0376,0
2275.08,0.667969,0.44043,0.984863,-4.63867,-4.57764,-3.05176,0
2275.09,0.70166,0.0874023,1.11377,-2.74658,-4.39453,-4.57764,0
2275.1,0.65625,0.278809,1.13135,-0.0610352,-4.21143,-6.71387,0
2275.11,0.562012,0.296387,1.18213,-1.40381,-3.96729,-9.15527,0
2275.12,0.490723,0.216797,1.08252,-1.52588,-3.66211,-11.4136,0
2275.13,0.500977,0.157715,1.06689,-1.77002,-2.92969,-12.4512,0
2275.14,0.51123,0.160645,1.12256,-2.13623,-2.44141,-13.3667,0
2275.15,0.525391,0.187988,1.16846,-4.3335,-2.0752,-14.1602,0
2275.16,0.44873,-0.0180664,1.12842,-6.22559,-1.15967,-14.7705,0
2275.17,0.442383,-0.0405273,1.09033,-7.32422,-0.549316,-15.1978,0
2275.18,0.458984,-0.00146484,1.09082,-9.82666,0.427246,-15.7471,0
2275.19,0.458984,-0.158691,1.02197,-12.5732,0.976562,-15.8081,0
2275.2,0.47998,-0.222656,0.990234,-13.7939,1.28174,-15.686,0
2275.21,0.483887,-0.169434,1.02344,-15.1978,1.89209,-15.686,0
2275.22,0.491211,-0.255859,1.01367,-16.1743,1.95312,-15.564,0
2275.23,0.458496,-0.336914,0.989258,-15.4419,2.2583,-15.1978,0
2275.24,0.442383,-0.245605,0.961426,-15.3198,2.2583,-14.7705,0
2275.25,0.45459,-0.406738,0.944336,-15.5029,1.95312,-14.2822,0
2275.25,0.48877,-0.374023,0.916016,-13.0615,1.52588,-13.6719,0
2275.26,0.492676,-0.337891,0.932129,-12.3291,1.28174,-13.4888,0
2275.27,0.443848,-0.512695,0.958496,-10.498,0.793457,-13.4277,0
2275.28,0.411621,-0.474121,0.947266,-6.7749,0.549316,-12.7563,0
2275.29,0.449707,-0.389648,0.913574,-5.61523,0.183105,-12.9395,0
2275.3,0.463867,-0.484375,0.954102,-4.94385,-0.0610352,-12.8784,0
2275.31,0.42041,-0.572266,0.965332,-3.60107,0.12207,-12.6343,0
2275.32,0.397949,-0.550781,1.04297,-2.56348,0.183105,-12.146,0
2275.33,0.333008,-0.48877,1.02783,-2.80762,0.488281,-12.0239,0
2275.34,0.275391,-0.556641,1.03418,-3.78418,0.488281,-12.0239,0
2275.35,0.17627,-0.595703,1.09082,-3.17383,1.2207,-11.6577,0
2275.36,0.140625,-0.461914,1.11816,-3.35693,1.77002,-11.4136,0
2275.37,0.097168,-0.525879,1.13574,-4.94385,2.19727,-11.7188,0
2275.38,0.0708008,-0.541992,1.10352,-4.5166,2.44141,-11.2915,0
2275.39,-0.00537109,-0.434082,1.06641,-5.00488,3.2959,-11.4136,0
2275.4,-0.078125,-0.560059,1.08545,-5.18799,3.66211,-11.5356,0
2275.41,-0.125977,-0.571777,1.1416,-3.54004,3.78418,-11.0474,0
2275.42,-0.10791,-0.420898,1.10693,-2.80762,4.69971,-11.4136,0
2275.43,-0.0854492,-0.403809,0.983887,-3.72314,5.67627,-11.7798,0
2275.44,-0.129395,-0.655273,0.916992,-2.80762,5.31006,-11.5967,0
2275.45,-0.168457,-0.533691,0.970215,-0.0610352,5.18799,-11.2915,0
2275.46,-0.196289,-0.29834,1.05859,-1.09863,5.92041,-12.6343,0
2275.46,-0.249023,-0.61377,0.98877,-1.15967,6.34766,-12.6343,0
2275.47,-0.37207,-0.504883,0.988281,3.05176,6.04248,-11.8408,0
2275.48,-0.371582,-0.186035,0.977539,1.58691,5.79834,-13.1226,0
2275.49,-0.268555,-0.557129,0.989258,1.09863,6.10352,-12.7563,0
2275.5,-0.289062,-0.485352,0.984863,4.82178,5.79834,-11.8408,0
2275.51,-0.193359,-0.254883,0.96582,2.92969,5.37109,-13.0615,0
2275.52,-0.323242,-0.518066,0.918457,2.38037,4.94385,-12.6343,0
2275.53,-0.333496,-0.37793,0.911621,4.08936,4.15039,-12.2681,0
2275.54,-0.45752,-0.293457,0.873535,1.58691,4.57764,-13.916,0
2275.55,-0.414551,-0.664551,0.902832,3.17383,3.23486,-13.6108,0
2275.56,-0.380859,-0.288086,1.0625,5.43213,3.66211,-13.6108,0
2275.57,-0.412598,-0.0576172,0.90625,0.671387,3.60107,-14.9536,0
2275.58,-0.604492,-0.648926,0.907715,0.488281,3.41797,-14.1602,0
2275.59,-0.479492,-0.352539,0.999023,3.84521,1.58691,-13.6108,0
2275.6,-0.429199,-0.120605,1.05225,0.793457,2.38037,-14.8315,0
2275.61,-0.54248,-0.56543,1.07666,0,1.34277,-14.5874,0
2275.62,-0.493164,-0.324707,0.916016,2.56348,1.2207,-13.1226,0
2275.63,-0.579102,-0.148926,0.955078,-1.40381,1.77002,-15.0757,0
2275.64,-0.539062,-0.520508,1.08789,-1.58691,1.15967,-14.4653,0
2275.65,-0.415527,-0.338867,1.07227,0.976562,1.83105,-13.4888,0
2275.66,-0.568848,-0.304688,0.962891,-1.0376,2.0752,-14.5874,0
2275.67,-0.618164,-0.456543,0.920898,0,1.28174,-13.6108,0
2275.68,-0.539551,-0.29834,1.01123,0.793457,2.44141,-13.4277,0
2275.69,-0.556641,-0.308594,1.0249,-0.366211,2.68555,-13.855,0
2275.7,-0.630859,-0.428711,1.05615,-0.305176,1.46484,-13.2446,0
2275.71,-0.556641,-0.353516,1.03125,0.793457,1.40381,-12.2681,0
2275.72,-0.550781,-0.290527,0.939941,1.15967,2.2583,-12.3901,0
2275.73,-0.59082,-0.342285,0.956055,1.40381,1.58691,-12.3901,0
2275.74,-0.556152,-0.324219,0.965332,2.0752,1.09863,-11.9629,0
2275.75,-0.548828,-0.312988,0.989258,1.95312,1.77002,-11.7188,0
2275.76,-0.556152,-0.448242,1.04736,2.62451,1.34277,-11.7798,0
2275.77,-0.582031,-0.372559,0.876465,4.76074,1.09863,-10.6201,0
2275.78,-0.618652,-0.179688,0.869141,3.66211,1.52588,-11.4136,0
2275.79,-0.550293,-0.325684,0.921387,2.38037,1.15967,-11.4136,0
2275.79,-0.616211,-0.357422,0.998047,2.99072,0.854492,-10.376,0
2275.8,-0.582031,-0.230469,1.04932,2.50244,0.488281,-10.2539,0
2275.81,-0.530273,-0.254395,0.92334,2.38037,1.15967,-10.0098,0
2275.82,-0.585449,-0.335449,0.92334,2.01416,1.09863,-9.94873,0
2275.83,-0.608398,-0.246582,0.918945,2.19727,0.244141,-9.15527,0
2275.84,-0.559082,-0.310547,1.01416,0.488281,1.09863,-9.76562,0
2275.85,-0.617676,-0.422363,1.06445,0.915527,0.915527,-8.23975,0
2275.86,-0.540527,-0.228516,1.00195,1.15967,1.40381,-7.99561,0
2275.87,-0.611328,-0.178711,0.923828,-0.671387,1.89209,-8.72803,0
2275.88,-0.581055,-0.39209,0.996582,-0.183105,1.83105,-7.93457,0
2275.89,-0.552734,-0.255371,0.998535,1.15967,1.64795,-6.89697,0
2275.9,-0.562988,-0.239258,0.967773,-0.183105,2.19727,-7.44629,0
2275.91,-0.627441,-0.382812,0.932129,0.793457,2.13623,-6.53076,0
2275.92,-0.557129,-0.226562,1.01074,2.2583,1.46484,-5.92041,0
2275.93,-0.515137,-0.140625,1.05908,0.671387,1.77002,-6.83594,0
2275.94,-0.548828,-0.364258,0.950684,0.793457,1.28174,-6.16455,0
2275.95,-0.579102,-0.351562,0.838867,3.17383,1.0376,-4.76074,0
2275.96,-0.590332,-0.0302734,0.909668,2.13623,0.976562,-5.24902,0
2275.97,-0.513672,-0.21875,0.973633,-0.244141,1.28174,-5.85938,0
2275.98,-0.544434,-0.35498,1.00244,2.0752,0.854492,-4.5166,0
2275.99,-0.580078,-0.131836,0.968262,2.44141,0.427246,-4.76074,0
2276,-0.524902,-0.223633,0.866699,1.46484,0.732422,-5.00488,0
2276.01,-0.533691,-0.203613,0.907227,2.62451,0.366211,-3.84521,0
2276.02,-0.507812,-0.103516,0.95752,1.64795,0.183105,-4.5166,0
2276.03,-0.525879,-0.237305,0.978516,1.28174,-0.12207,-4.45557,0
2276.04,-0.579102,-0.170898,1.0498,2.92969,-0.305176,-3.2959,0
2276.05,-0.54541,-0.0527344,0.939941,2.0752,0.427246,-3.96729,0
2276.06,-0.584473,-0.214844,0.950195,1.89209,0.549316,-3.35693,0
2276.07,-0.552246,-0.289551,0.987793,3.41797,-0.12207,-2.31934,0
2276.08,-0.536621,-0.10498,0.993652,4.27246,0.12207,-2.38037,0
2276.09,-0.57666,-0.140625,1.01807,3.17383,0.549316,-3.11279,0
2276.1,-0.618164,-0.288086,1.05566,4.39453,0.793457,-2.19727,0
2276.11,-0.527344,-0.0395508,1.04834,5.24902,0.793457,-1.2207,0
2276.12,-0.493652,-0.104004,1.02979,3.17383,1.46484,-2.44141,0
2276.13,-0.572266,-0.260254,0.953125,5.12695,0.915527,-1.15967,0
2276.14,-0.618652,-0.00488281,0.894043,5.67627,1.09863,-1.34277,0
2276.14,-0.608398,-0.0541992,0.916992,3.2959,1.09863,-2.0752,0
2276.15,-0.574707,-0.220215,1.05615,4.39453,0.610352,-0.610352,0
2276.16,-0.556152,-0.00830078,1.03711,4.94385,0.854492,-0.671387,0
2276.17,-0.589844,-9.765625e-04,0.952148,3.54004,1.64795,-1.58691,0
2276.18,-0.610352,-0.115723,0.895996,3.54004,1.0376,-1.28174,0
2276.19,-0.613281,-0.00585938,0.894531,3.84521,0.183105,-0.610352,0
2276.2,-0.588867,0.0844727,1.00879,1.95312,0,-1.09863,0
2276.21,-0.598633,-0.102051,1.0376,0.732422,0,-1.34277,0
2276.22,-0.600098,-0.107422,1.01904,2.86865,0.0610352,-0.183105,0
2276.23,-0.65332,0.148438,0.910645,2.01416,0.244141,-0.854492,0
2276.24,-0.685059,-0.0693359,0.871094,0.366211,0.12207,-1.64795,0
2276.25,-0.69873,-0.0976562,0.914062,2.86865,0.183105,0.12207,0
2276.26,-0.651855,0.172852,0.904785,1.2207,0.915527,-0.854492,0
2276.27,-0.617676,-0.0917969,1.05322,-0.549316,1.34277,-1.28174,0
2276.28,-0.646973,-0.111816,1.11133,1.89209,0.732422,0.366211,0
2276.29,-0.71582,0.187012,0.998535,0.610352,1.52588,-0.244141,0
2276.3,-0.754883,-0.0424805,0.933594,-1.46484,1.64795,-1.09863,0
2276.31,-0.696289,-0.140137,0.955566,1.28174,1.52588,0.488281,0
2276.32,-0.675781,0.12793,0.978027,1.2207,1.83105,-0.12207,0
2276.33,-0.707031,9.765625e-04,0.926758,-0.671387,2.13623,-0.915527,0
2276.34,-0.775391,-0.11377,0.946289,0.549316,1.95312,0,0
2276.35,-0.728516,4.882812e-04,0.973145,1.2207,2.31934,-0.0610352,0
2276.36,-0.69043,-0.0517578,0.910645,1.40381,2.68555,-0.183105,0
2276.37,-0.669434,0.0385742,0.955566,2.13623,2.0752,0.12207,0
2276.38,-0.789551,0.134277,0.937012,1.0376,2.2583,-0.488281,0
2276.39,-0.644531,0.00390625,0.966797,-0.732422,2.13623,-0.976562,0
2276.4,-0.814453,-0.0761719,0.98291,0.488281,1.58691,0.488281,0
2276.41,-0.686035,-0.0283203,1.06738,0.793457,1.46484,0.12207,0
2276.42,-0.686523,0.0839844,0.910645,0.427246,2.62451,0,0
2276.43,-0.774902,-0.0493164,0.916016,0.366211,2.80762,-0.549316,0
2276.43,-0.697266,-0.00732422,0.910645,1.46484,1.70898,0,0
2276.44,-0.683594,0.0673828,0.851074,0.793457,2.01416,-0.305176,0
2276.45,-0.80957,-0.101562,0.95166,0.610352,1.46484,-0.488281,0
2276.46,-0.692383,0.0576172,0.963867,1.46484,1.0376,0.12207,0
2276.47,-0.645508,0.0683594,0.916504,-0.732422,2.2583,-0.671387,0
2276.48,-0.807617,-0.0888672,0.953125,-0.183105,0.854492,0.183105,0
2276.49,-0.713867,0.0883789,0.984863,-0.183105,0.732422,0,0
2276.5,-0.61377,0.0556641,0.940918,-1.34277,1.77002,-0.610352,0
2276.51,-0.755371,-0.081543,0.943359,-0.671387,1.0376,-0.305176,0
2276.52,-0.75,0.0732422,0.879395,-0.0610352,0.610352,0.0610352,0
2276.53,-0.70752,0.090332,0.920898,-1.52588,1.52588,-0.549316,0
2276.54,-0.70752,-0.0649414,0.963379,-1.64795,1.0376,-0.244141,0
2276.55,-0.668945,0.0288086,0.938965,-0.732422,0.244141,0.183105,0
2276.56,-0.609863,0.0175781,0.947754,-1.28174,0.915527,-0.549316,0
2276.57,-0.655273,-0.0488281,0.962402,-0.12207,0.427246,-0.12207,0
2276.58,-0.623535,0.0522461,0.910156,0,-0.12207,-0.183105,0
2276.59,-0.620117,0.0273438,0.89209,-0.793457,-0.305176,-0.671387,0
2276.6,-0.660645,-0.00146484,0.920898,-0.305176,-0.549316,-0.305176,0
2276.61,-0.603516,0.0283203,0.916016,-0.427246,-0.244141,-0.244141,0
2276.62,-0.617676,-0.0566406,0.949219,-0.488281,-0.488281,-0.488281,0
2276.63,-0.639648,-0.0625,0.961426,0.427246,-0.854492,-0.244141,0
2276.64,-0.601074,0.046875,0.960938,1.0376,-0.854492,0.0610352,0
2276.65,-0.601074,-0.00390625,0.973633,0,-0.915527,-0.793457,0
2276.66,-0.614746,-0.0751953,0.893066,1.15967,-1.28174,-0.183105,0
2276.67,-0.62207,0.0893555,0.921875,0.915527,-1.28174,-0.12207,0
2276.68,-0.614258,-0.0200195,0.956055,-0.427246,-0.976562,-0.793457,0
2276.69,-0.620605,-0.0263672,0.959961,0.549316,-1.28174,0.244141,0
2276.7,-0.624512,0.0742188,0.994141,-0.427246,-1.58691,-0.427246,0
2276.71,-0.617676,-0.0683594,0.984375,-0.427246,-1.2207,-0.549316,0
2276.72,-0.625977,0.0283203,0.975586,0.610352,-1.28174,0.12207,0
2276.73,-0.630371,0.00830078,0.976074,-0.671387,-1.34277,-0.854492,0
2276.74,-0.603027,-0.0449219,0.952637,0.183105,-1.58691,-0.12207,0
2276.75,-0.582031,0.0830078,0.964355,-0.0610352,-1.70898,-0.244141,0
2276.76,-0.57373,0.012207,1.00684,-1.2207,-1.77002,-0.854492,0
2276.77,-0.585938,-0.0288086,1.03809,-0.793457,-1.95312,-0.244141,0
2276.78,-0.583496,0.0126953,1.00732,-1.0376,-1.58691,-0.305176,0
2276.79,-0.588379,-0.0424805,0.995117,-0.915527,-1.70898,-0.488281,0
2276.8,-0.585449,-0.0244141,0.962402,-0.12207,-1.89209,-0.0610352,0
2276.81,-0.581543,0.0546875,0.943848,-0.366211,-1.83105,-0.305176,0
2276.82,-0.575684,0.0166016,0.962402,-0.427246,-1.46484,-0.366211,0
2276.82,-0.59375,0.0112305,0.994141,-0.793457,-1.46484,-0.488281,0
2276.83,-0.583008,-0.0795898,0.984863,-0.427246,-1.58691,-0.305176,0
2276.84,-0.583984,0.0400391,0.987793,0.488281,-1.58691,0.366211,0
2276.85,-0.589355,0.00439453,1.01904,-1.15967,-1.40381,-0.854492,0
2276.86,-0.578613,-0.0668945,0.997559,0,-1.34277,0.0610352,0
2276.87,-0.587891,0.0639648,0.994141,0.244141,-0.976562,0,0
2276.88,-0.582031,-0.0874023,0.974121,-0.183105,-0.793457,-0.671387,0
2276.89,-0.56543,-0.0322266,0.959961,1.58691,-0.915527,0.549316,0
2276.9,-0.544922,0.0498047,0.973145,0.610352,-0.549316,-0.183105,0
2276.91,-0.552734,-0.0644531,0.980469,0.671387,-0.549316,-0.244141,0
2276.92,-0.568359,0.0498047,0.976562,1.40381,-0.244141,0.244141,0
2276.93,-0.557129,0.0229492,0.97998,-0.0610352,0.0610352,-0.915527,0
2276.94,-0.55127,-0.108398,0.995117,1.0376,-0.0610352,-0.12207,0
2276.95,-0.552246,0.0419922,0.97998,1.70898,0,0.183105,0
2276.96,-0.556152,-0.0102539,0.988281,0.793457,0.244141,-0.610352,0
2276.97,-0.552734,-0.050293,0.973633,1.95312,0.183105,0,0
2276.98,-0.535156,0.0405273,0.950684,1.64795,0.305176,-0.305176,0
2276.99,-0.567383,-0.0415039,0.96582,1.0376,0.610352,-0.671387,0
2277,-0.579102,-0.00830078,0.966797,1.58691,0.732422,0,0
2277.01,-0.579102,0.00292969,0.967773,0.915527,1.0376,-0.610352,0
2277.02,-0.606445,-0.0151367,0.994141,1.34277,1.15967,-0.488281,0
2277.03,-0.574707,0.0688477,0.974609,1.28174,1.34277,-0.366211,0
2277.04,-0.595215,-0.0112305,0.989258,0.610352,1.40381,-0.793457,0
2277.04,-0.570312,-9.765625e-04,0.956543,1.34277,1.09863,0,0
2277.05,-0.560547,0.0488281,0.968262,0.305176,1.64795,-0.793457,0
2277.06,-0.574219,-0.0478516,0.958008,0.671387,1.83105,-0.610352,0
2277.07,-0.583984,0.0424805,0.926758,0.976562,1.70898,-0.244141,0
2277.08,-0.589355,0.00634766,0.91748,-0.244141,1.83105,-1.0376,0
2277.09,-0.608887,0.00341797,0.927246,0.12207,1.52588,-0.244141,0
2277.1,-0.575684,0.0380859,0.952148,-0.366211,1.70898,-0.549316,0
2277.11,-0.547852,0.0273438,0.986816,-0.549316,1.52588,-0.549316,0
2277.12,-0.572266,0.0297852,0.988281,-0.671387,1.28174,-0.610352,0
2277.13,-0.592285,0.0219727,0.970215,-0.976562,1.0376,-0.793457,0
2277.14,-0.57959,-0.0351562,0.984375,-0.610352,0.732422,-0.671387,0
2277.15,-0.551758,0.0126953,0.94873,-0.12207,0.671387,-0.12207,0
2277.16,-0.57666,0.0283203,0.967773,-0.915527,0.793457,-0.732422,0
2277.17,-0.589355,-0.0585938,0.959961,-0.488281,0.549316,-0.549316,0
2277.18,-0.572266,0.0541992,0.954102,0.12207,0.671387,-0.244141,0
2277.19,-0.581543,-0.0219727,0.978027,-0.488281,0.549316,-0.915527,0
2277.2,-0.566406,-0.0224609,0.967773,0.671387,0.12207,-0.0610352,0
2277.21,-0.568848,0.043457,0.953613,0.12207,0,-0.488281,0
2277.22,-0.564941,-0.0180664,0.945312,0,-0.366211,-0.488281,0
2277.23,-0.554688,0.0175781,0.971191,0.305176,-0.549316,-0.183105,0
2277.24,-0.530762,0.0224609,0.994141,-0.12207,-0.671387,-0.488281,0
2277.25,-0.530762,-0.0449219,0.96875,0.0610352,-0.671387,-0.427246,0
2277.26,-0.512207,-0.0483398,0.933105,0.671387,-0.732422,-0.366211,0
2277.27,-0.519043,-0.0263672,0.953613,1.15967,-0.976562,-0.305176,0
2277.28,-0.496094,4.882812e-04,0.960449,1.2207,-1.15967,-0.427246,0
2277.29,-0.519531,-0.0317383,0.95459,1.34277,-1.2207,-0.610352,0
2277.3,-0.537598,0.0136719,0.945801,1.77002,-1.40381,-0.244141,0
2277.31,-0.525391,-0.0102539,0.947754,1.0376,-1.0376,-0.793457,0
2277.32,-0.494141,-0.0302734,0.958496,1.58691,-1.28174,-0.244141,0
2277.33,-0.476074,0.0117188,0.993652,1.46484,-1.40381,-0.427246,0
2277.34,-0.466797,-0.0512695,0.981445,1.46484,-1.70898,-0.671387,0
2277.35,-0.442871,-0.0185547,0.958008,2.2583,-1.52588,-0.244141,0
2277.36,-0.384277,-0.00634766,0.945801,1.83105,-1.52588,-0.488281,0
2277.37,-0.307617,-0.0600586,0.976562,2.01416,-2.01416,-0.671387,0
2277.38,-0.361328,0.0219727,0.981445,2.01416,-2.13623,-0.427246,0
2277.39,-0.441406,-0.0136719,0.976562,1.28174,-1.77002,-0.976562,0
2277.39,-0.534668,0.0249023,0.962891,1.46484,-1.95312,-0.427246,0
2277.4,-0.574219,0.0541992,0.967773,0.610352,-1.95312,-0.793457,0
2277.41,-0.463379,-0.0371094,1.0249,0.671387,-2.50244,-0.732422,0
2277.42,-0.315918,0.0556641,1.04102,1.28174,-2.80762,-0.12207,0
2277.43,-0.276855,0.0800781,0.978027,0,-2.0752,-0.854492,0
2277.44,-0.407715,-0.043457,0.941406,-0.366211,-1.83105,-1.0376,0
2277.45,-0.499512,0.00439453,0.943848,0.366211,-1.95312,-0.427246,0
2277.46,-0.446777,-0.0126953,0.995605,0,-1.58691,-1.0376,0
2277.47,-0.344727,-0.00195312,1.0166,0.732422,-1.89209,-0.488281,0
2277.48,-0.313965,0.0571289,1.03418,0.244141,-1.46484,-0.976562,0
2277.49,-0.351562,-0.00439453,0.996094,0,-1.0376,-1.09863,0
2277.5,-0.435547,0.0317383,0.98877,0.366211,-0.915527,-0.549316,0
2277.51,-0.458984,0.019043,0.979004,-0.305176,-0.793457,-1.09863,0
2277.52,-0.425781,0.0141602,1.02881,0.183105,-0.732422,-0.366211,0
2277.53,-0.390625,0.0703125,1.06201,-0.427246,-0.427246,-0.549316,0
2277.54,-0.366211,-0.00976562,1.01123,-0.976562,-0.244141,-0.915527,0
2277.55,-0.402832,-0.0273438,0.986328,-0.488281,-0.244141,-0.427246,0
2277.56,-0.418945,0.0449219,0.978516,-0.610352,-0.0610352,-0.427246,0
2277.57,-0.428223,0.0161133,1.01074,-1.15967,0.244141,-0.671387,0
2277.58,-0.423828,-0.0283203,1.02051,-0.610352,0.488281,-0.488281,0
2277.59,-0.396484,0.034668,0.963379,-0.305176,0.671387,-0.366211,0
2277.6,-0.387695,-0.0209961,0.944824,-0.488281,1.09863,-0.793457,0
2277.61,-0.393555,0.00341797,0.944824,0.183105,0.854492,-0.183105,0
2277.62,-0.390625,0.046875,0.966309,-0.488281,0.732422,-0.427246,0
2277.63,-0.370605,-0.0395508,1.00488,-0.610352,0.671387,-0.610352,0
2277.64,-0.379883,0.00292969,1.01562,0.244141,0.610352,0,0
2277.65,-0.380859,0.0551758,0.980957,-0.427246,0.854492,-0.610352,0
2277.66,-0.417969,-0.065918,0.977539,-0.427246,0.671387,-0.671387,0
2277.67,-0.425293,-0.0131836,0.952148,0.854492,0.244141,0,0
2277.68,-0.394043,0.0444336,0.961914,0.12207,0.0610352,-0.488281,0
2277.68,-0.364746,-0.0639648,0.98584,0.305176,0.0610352,-0.488281,0
2277.69,-0.349609,0.0332031,0.974609,1.0376,0.183105,0.0610352,0
2277.7,-0.36377,-0.00976562,0.947266,-0.244141,0.305176,-0.915527,0
2277.71,-0.331055,-0.103027,0.934082,0.671387,0,-0.183105,0
2277.72,-0.313477,0.0327148,0.957031,0.976562,-0.244141,-0.12207,0
2277.73,-0.3125,-0.0112305,0.993652,0,-0.183105,-0.976562,0
2277.74,-0.320312,-0.012207,0.973145,0.854492,-0.244141,-0.12207,0
2277.75,-0.317383,0.0800781,0.970703,0,-0.305176,-0.488281,0
2277.76,-0.299316,-0.0483398,0.992188,-0.549316,-0.549316,-0.793457,0
2277.77,-0.294434,-0.00683594,0.996094,0.671387,-0.915527,0.12207,0
2277.78,-0.305176,0.0507812,0.986816,0,-0.915527,-0.305176,0
2277.79,-0.289062,-0.015625,0.98877,-0.183105,-1.2207,-0.366211,0
2277.8,-0.274902,0.0234375,1.00244,0.0610352,-1.46484,-0.183105,0
2277.81,-0.269531,0.03125,1.00732,-0.305176,-1.70898,-0.366211,0
2277.82,-0.263184,-0.0258789,1.01953,-0.183105,-1.77002,-0.427246,0
2277.83,-0.256348,0.0366211,0.993652,0.305176,-1.95312,-0.12207,0
2277.84,-0.243652,0.0229492,0.990234,-0.183105,-1.70898,-0.610352,0
2277.85,-0.249023,-0.0112305,0.989258,0.183105,-1.70898,-0.366211,0
2277.86,-0.241211,0.0527344,0.984375,0,-1.89209,-0.244141,0
2277.87,-0.246094,-0.012207,0.992676,-0.427246,-1.83105,-0.732422,0
2277.88,-0.249512,-0.00341797,1.00049,0.183105,-1.95312,-0.12207,0
2277.89,-0.245605,0.0527344,1.0127,-0.12207,-1.89209,-0.366211,0
2277.9,-0.241699,-0.00244141,1.01562,-0.549316,-1.89209,-0.549316,0
2277.91,-0.227539,0.0151367,1.00146,-0.183105,-1.95312,0,0
2277.92,-0.216309,0.0239258,1.02051,-0.854492,-2.01416,-0.305176,0
2277.93,-0.211914,-0.0405273,1.01025,-0.549316,-1.89209,-0.244141,0
2277.94,-0.216309,0.00390625,1.00879,0,-1.70898,0,0
2277.95,-0.218262,0.0078125,1.00049,-0.305176,-1.52588,-0.305176,0
2277.96,-0.212402,-0.0180664,0.982422,-0.0610352,-1.34277,-0.244141,0
2277.97,-0.207031,0.0366211,0.98877,0,-1.28174,-0.0610352,0
2277.97,-0.182617,-0.00146484,0.998535,-0.427246,-1.2207,-0.366211,0
2277.98,-0.148926,4.882812e-04,1.00586,0.0610352,-1.28174,0.0610352,0
2277.99,-0.131348,0.0395508,0.997559,-0.183105,-1.34277,-0.183105,0
2278,-0.110352,-0.0229492,0.996094,-0.183105,-1.58691,-0.183105,0
2278.01,-0.108398,0.0341797,1.00098,0.12207,-1.70898,0.12207,0
2278.02,-0.10498,0.0200195,1.01172,-0.793457,-1.58691,-0.488281,0
2278.03,-0.126465,-0.0234375,0.995117,-0.427246,-1.58691,-0.12207,0
2278.04,-0.157227,0.0375977,0.984863,-0.427246,-1.40381,-0.0610352,0
2278.05,-0.178223,-0.00585938,0.998535,-0.915527,-1.46484,-0.488281,0
2278.06,-0.152832,-4.882812e-04,0.992676,-0.366211,-1.58691,0,0
2278.07,-0.118164,0.0327148,1.00684,-0.610352,-1.40381,-0.12207,0
2278.08,-0.101074,-0.00927734,1.01221,-0.732422,-1.40381,-0.244141,0
2278.09,-0.106445,-0.00878906,0.991699,-0.427246,-1.34277,0,0
2278.1,-0.140137,0.0322266,0.991699,-0.610352,-1.09863,-0.12207,0
2278.11,-0.15332,-0.00537109,0.992188,-0.793457,-0.915527,-0.244141,0
2278.12,-0.112793,-0.0102539,0.991699,-0.549316,-0.793457,-0.0610352,0
2278.13,-0.0834961,0.0244141,0.98584,-0.427246,-0.793457,0,0
2278.14,-0.0756836,-0.0244141,0.979492,-0.793457,-0.671387,-0.366211,0
2278.15,-0.0859375,-0.0136719,0.975586,0,-0.549316,0.0610352,0
2278.16,-0.10791,0.0136719,0.990723,-0.183105,-0.366211,0,0
2278.17,-0.105957,-0.0341797,0.981934,-0.305176,-0.366211,-0.12207,0
2278.18,-0.0898438,-0.0170898,0.982422,0,-0.427246,0.244141,0
2278.19,-0.0810547,-0.00146484,1,-0.12207,-0.244141,0.0610352,0
2278.2,-0.0688477,-0.0161133,0.981934,0,-0.488281,0.0610352,0
2278.21,-0.0893555,-4.882812e-04,0.966309,0.244141,-0.366211,0.0610352,0
2278.22,-0.109375,-0.00976562,0.969727,0.183105,-0.427246,0,0
2278.23,-0.116211,-0.00878906,0.958496,0.549316,-0.427246,0.12207,0
2278.24,-0.108398,-9.765625e-04,0.959961,0.549316,-0.244141,0,0
2278.25,-0.0991211,-0.0249023,0.951172,0.732422,-0.183105,0,0
2278.26,-0.0869141,0.00830078,0.959473,0.915527,0,0.0610352,0
2278.27,-0.090332,-0.0214844,0.978027,0.671387,0.0610352,-0.12207,0
2278.28,-0.0927734,0.00732422,0.977539,0.915527,0,0.0610352,0
2278.29,-0.108398,9.765625e-04,0.998535,0.732422,0.244141,-0.244141,0
2278.29,-0.111816,-0.0151367,1.00342,1.09863,0.305176,0,0
2278.3,-0.105469,0.0356445,0.997559,1.09863,0.488281,-0.0610352,0
2278.31,-0.0839844,-0.0249023,0.996094,0.915527,0.793457,-0.427246,0
2278.32,-0.0698242,0.00683594,1.00684,1.52588,0.549316,0.0610352,0
2278.33,-0.0673828,0.0258789,0.998047,0.854492,0.732422,-0.305176,0
2278.34,-0.0771484,-0.0288086,1.02002,1.0376,0.549316,-0.0610352,0
2278.35,-0.0839844,0.027832,1.01807,0.976562,0.671387,0,0
2278.36,-0.0795898,0.00195312,1.00293,0.488281,1.09863,-0.244141,0
2278.37,-0.0693359,-0.00195312,0.989258,0.610352,1.09863,0,0
2278.38,-0.0634766,0.0327148,0.979492,0.244141,1.0376,0,0
2278.39,-0.0600586,0.0078125,0.984863,0.0610352,0.915527,-0.0610352,0
2278.4,-0.0483398,0.0219727,0.972656,0.305176,0.854492,0.183105,0
2278.41,-0.0400391,0.0336914,0.98877,0,0.854492,0.0610352,0
2278.42,-0.0205078,0.00488281,1.00977,-0.12207,0.793457,0,0
2278.43,-0.0131836,0.0351562,1.00732,0,0.671387,0.183105,0
2278.44,-0.03125,0.0283203,1.0083,-0.488281,0.671387,0,0
2278.45,-0.0634766,-0.00488281,1.00879,-0.305176,0.427246,0.0610352,0
2278.46,-0.078125,0.0361328,1.00635,0,0.366211,0.183105,0
2278.47,-0.0722656,0.0078125,1.00586,-0.12207,0.305176,-0.12207,0
2278.48,-0.0556641,0.00341797,1.00928,0.366211,0.12207,0.183105,0
2278.49,-0.027832,0.0244141,1.00977,0.12207,0,0.0610352,0
2278.5,-0.0112305,-0.0214844,1.00293,0.12207,-0.12207,0.0610352,0
2278.51,-0.00732422,0.00732422,1.00586,0.183105,-0.244141,0.244141,0
2278.52,-0.0166016,0.00976562,1.00439,-0.12207,-0.12207,-0.0610352,0
2278.53,-0.0258789,-0.0136719,1.00439,0.12207,-0.305176,0.12207,0
2278.54,-0.0244141,0.0361328,0.987305,0,-0.183105,0.12207,0
2278.55,-0.0380859,-0.0117188,0.988281,-0.244141,-0.244141,-0.0610352,0
2278.56,-0.0429688,9.765625e-04,1.00049,0.12207,-0.366211,0.305176,0
2278.57,-0.0424805,0.034668,1.01709,-0.183105,-0.366211,0.0610352,0
2278.58,-0.034668,-0.0107422,1.02734,-0.366211,-0.427246,0,0
2278.59,-0.0195312,0.0146484,1.02783,-0.12207,-0.488281,0.305176,0
2278.6,-0.00634766,0.0366211,1.02197,-0.671387,-0.427246,0,0
2278.61,-0.00732422,-0.0200195,1.0083,-0.793457,-0.305176,-0.12207,0
2278.62,-0.0195312,0.0253906,0.99707,-0.366211,-0.305176,0.305176,0
2278.63,-0.0219727,0.0180664,1.00049,-0.976562,-0.183105,-0.183105,0
2278.64,-0.0258789,-0.0146484,0.991699,-0.488281,-0.12207,0.0610352,0
2278.64,-0.0273438,0.0551758,0.995605,-0.427246,0,0.12207,0
2278.65,-0.0219727,0.0102539,1.00439,-0.976562,0.183105,-0.183105,0
2278.66,-0.0136719,-0.00488281,1.00684,-0.366211,0.183105,0.12207,0
2278.67,-0.00976562,0.0463867,1.00537,-0.488281,0.0610352,0.0610352,0
2278.68,-0.0170898,-0.0166016,1.00977,-0.610352,0.244141,-0.0610352,0
2278.69,-0.0126953,0.00732422,1.02295,0,0.0610352,0.305176,0
2278.7,-0.00830078,0.0302734,1.01855,-0.427246,0.244141,0,0
2278.71,-0.00195312,-0.0415039,0.991699,-0.305176,0.12207,0.0610352,0
2278.72,-0.00195312,-0.00341797,0.967773,0.12207,0,0.427246,0
2278.73,-0.00878906,-0.0146484,0.975586,-0.305176,0.12207,0.0610352,0
2278.74,-0.00390625,-0.0375977,0.977539,0.183105,0.0610352,0.427246,0
2278.75,4.882812e-04,0.0146484,0.986328,0,0.12207,0.305176,0
2278.76,0.00439453,-0.0151367,0.985352,-0.183105,0.0610352,0.244141,0
2278.77,0.00292969,-0.00195312,0.978516,0,0,0.488281,0
2278.78,0.0126953,0.0214844,0.978516,-0.244141,-0.0610352,0.488281,0
2278.79,0.00927734,-0.015625,0.975098,-0.305176,-0.0610352,0.427246,0
2278.8,0.00830078,0.0166016,0.990723,0,-0.244141,0.793457,0
2278.81,0.0078125,0.0112305,0.990234,-0.305176,-0.183105,0.427246,0
2278.82,0.00683594,-0.0175781,0.984863,0.12207,-0.305176,0.732422,0
2278.83,0.0151367,0.0224609,0.983887,0.244141,-0.244141,0.671387,0
2278.83,0.019043,-0.0131836,0.98291,0.305176,-0.244141,0.427246,0
2278.84,0.0205078,-0.0175781,0.983887,0.915527,-0.305176,0.793457,0
2278.85,0.00830078,0.0161133,0.991211,0.915527,-0.366211,0.671387,0
2278.86,0.00585938,-0.0336914,0.992676,1.09863,-0.305176,0.488281,0
2278.87,-0.00146484,0.0107422,0.988281,1.77002,-0.427246,0.976562,0
2278.88,-0.00927734,0.00585938,0.999512,1.2207,-0.305176,0.427246,0
2278.89,-0.00976562,-0.0175781,0.980469,1.52588,-0.488281,0.732422,0
2278.9,-0.00878906,0.0258789,0.98584,1.46484,-0.366211,0.732422,0
2278.91,-0.0126953,-0.00390625,0.997559,1.15967,-0.366211,0.610352,0
2278.92,-0.027832,0.00878906,0.999023,1.2207,-0.305176,0.732422,0
2278.93,-0.0385742,0.03125,1.0127,0.976562,-0.183105,0.671387,0
2278.94,-0.0478516,-0.00390625,1.02295,0.732422,0,0.671387,0
2278.95,-0.0424805,0.0356445,1.00391,0.915527,0,0.976562,0
2278.96,-0.0307617,0.0361328,1.01025,0.183105,0.12207,0.488281,0
2278.97,-0.0410156,4.882812e-04,1.01611,0.366211,0.183105,0.671387,0
2278.98,-0.0493164,0.0566406,0.999512,0.427246,0.244141,0.793457,0
2278.99,-0.0708008,0.0219727,0.995605,-0.0610352,0.244141,0.366211,0
2279,-0.0825195,0.0175781,0.986816,0.366211,0.183105,0.793457,0
2279.01,-0.0834961,0.0581055,0.984863,0.305176,0.244141,0.671387,0
2279.02,-0.0766602,0.0302734,0.997559,0,0.366211,0.488281,0
2279.03,-0.0664062,0.0229492,0.988281,0.244141,0.244141,0.793457,0
2279.04,-0.0693359,0.0654297,1.00098,0.12207,0.305176,0.793457,0
2279.05,-0.0952148,0.0175781,1.01025,-0.0610352,0.488281,0.488281,0
2279.06,-0.109863,0.0244141,1.00586,0.427246,0.488281,0.976562,0
2279.07,-0.109863,0.0546875,1.00098,0.12207,0.610352,0.793457,0
2279.08,-0.0996094,-0.0107422,1.00488,0,0.793457,0.732422,0
2279.09,-0.0966797,0.0297852,1.00439,0.427246,0.671387,1.2207,0
2279.1,-0.105957,0.0302734,1,-0.244141,0.915527,0.854492,0
2279.11,-0.116699,-0.015625,1.00586,0.0610352,0.976562,1.09863,0
2279.12,-0.107422,0.0380859,1.01025,0.183105,0.915527,1.34277,0
2279.13,-0.105957,0.00634766,0.999512,0,1.0376,1.09863,0
2279.14,-0.0952148,0,0.994629,0.305176,0.915527,1.46484,0
2279.15,-0.0893555,0.0410156,1.00049,0.12207,0.915527,1.40381,0
2279.16,-0.0849609,9.765625e-04,0.984863,0,0.976562,1.28174,0
2279.17,-0.090332,0.0244141,0.98584,0.305176,0.854492,1.58691,0
2279.18,-0.0874023,0.027832,0.988281,0,0.793457,1.40381,0
2279.18,-0.0820312,0.0229492,0.987793,0.12207,0.671387,1.58691,0
2279.19,-0.0883789,0.0224609,0.984863,0.183105,0.671387,1.52588,0
2279.2,-0.0908203,0.0454102,0.984375,0.305176,0.488281,1.64795,0
2279.21,-0.0932617,0.0356445,0.989258,0.12207,0.610352,1.40381,0
2279.22,-0.0957031,0.0258789,0.987305,0.427246,0.488281,1.70898,0
2279.23,-0.0869141,0.0493164,1.00439,0.244141,0.366211,1.52588,0
2279.24,-0.0786133,0.0117188,1.00879,0.183105,0.305176,1.52588,0
2279.25,-0.0791016,0.034668,1.00342,0.549316,0.183105,1.83105,0
2279.26,-0.074707,0.0366211,0.993164,0.366211,0.12207,1.64795,0
2279.27,-0.0737305,0.00732422,0.997559,0.610352,-0.12207,1.83105,0
2279.28,-0.0610352,0.0375977,0.991699,0.854492,-0.12207,2.01416,0
2279.29,-0.0507812,0.0234375,0.993652,0.732422,-0.183105,1.89209,0
2279.3,-0.0458984,0.00244141,1.0166,1.09863,-0.488281,2.13623,0
2279.31,-0.043457,0.0400391,1.00635,1.09863,-0.488281,2.2583,0
2279.32,-0.0493164,0.0288086,1.00195,0.854492,-0.549316,2.2583,0
2279.33,-0.0507812,0.019043,1.01318,0.915527,-0.671387,2.50244,0
2279.34,-0.0551758,0.0400391,1.00635,0.854492,-0.671387,2.56348,0
2279.35,-0.0512695,0.046875,1.00146,0.671387,-0.610352,2.62451,0
2279.36,-0.0639648,0.0214844,1.0083,0.854492,-0.488281,2.80762,0
2279.37,-0.0717773,0.0634766,1.01318,0.854492,-0.732422,2.92969,0
2279.38,-0.081543,0.0546875,1.00537,0.366211,-0.610352,2.68555,0
2279.39,-0.0888672,0.0595703,0.999512,0.488281,-0.488281,2.99072,0
2279.4,-0.097168,0.0844727,1.00146,0.12207,-0.366211,2.86865,0
2279.41,-0.0908203,0.0473633,1.01367,0.0610352,-0.427246,2.74658,0
2279.42,-0.0791016,0.0825195,0.986328,0.305176,-0.305176,3.05176,0
2279.43,-0.0795898,0.0634766,0.992188,0,-0.305176,2.80762,0
2279.44,-0.0766602,0.059082,0.994629,0.244141,-0.366211,3.11279,0
2279.45,-0.0688477,0.0751953,0.979004,0,-0.244141,3.05176,0
2279.46,-0.0756836,0.043457,0.975586,0,-0.305176,3.11279,0
2279.47,-0.0859375,0.065918,0.995605,0.12207,-0.366211,3.23486,0
2279.48,-0.0830078,0.0717773,0.992188,-0.12207,-0.244141,3.11279,0
2279.49,-0.0795898,0.0493164,0.988281,0,0,3.35693,0
2279.5,-0.0712891,0.0561523,0.981445,0.12207,0,3.479,0
2279.51,-0.078125,0.0415039,0.959473,0,-0.0610352,3.54004,0
2279.51,-0.0859375,0.0112305,0.973145,0.183105,-0.0610352,3.78418,0
2279.52,-0.0961914,0.0615234,0.994141,0.427246,-0.0610352,4.02832,0
2279.53,-0.0981445,0.0551758,0.998047,-0.12207,0.183105,3.66211,0
2279.54,-0.0966797,0.0292969,1.00439,0.183105,0.366211,4.08936,0
2279.55,-0.0942383,0.0683594,0.98877,0.0610352,0.305176,4.3335,0
2279.56,-0.0991211,0.0307617,0.978516,-0.244141,0.366211,4.08936,0
2279.57,-0.105957,0.0600586,0.995605,0.12207,0.305176,4.5166,0
2279.58,-0.114258,0.0756836,0.995605,-0.183105,0.793457,4.21143,0
2279.59,-0.116699,0.0371094,1.00146,0,0.854492,4.45557,0
2279.6,-0.104492,0.0727539,0.988281,0.0610352,0.793457,4.57764,0
2279.61,-0.10791,0.0341797,0.982422,-0.0610352,0.793457,4.45557,0
2279.62,-0.119629,0.0517578,0.996582,0.305176,0.793457,4.69971,0
2279.63,-0.117676,0.078125,1.00244,0.12207,1.0376,4.45557,0
2279.64,-0.110352,0.0498047,0.992188,0.244141,1.28174,4.5166,0
2279.65,-0.110352,0.0708008,1.00049,0.305176,1.0376,4.69971,0
2279.66,-0.120117,0.0366211,1.00928,0.0610352,0.854492,4.63867,0
2279.67,-0.120605,0.0527344,1.00781,0.305176,0.793457,4.88281,0
2279.68,-0.116699,0.0771484,1.00635,-0.0610352,0.976562,4.69971,0
2279.69,-0.117188,0.0385742,1,0,1.09863,4.76074,0
2279.7,-0.120117,0.0693359,1.00146,0,0.793457,5.00488,0
2279.71,-0.123047,0.0615234,1.01318,-0.427246,0.793457,4.69971,0
2279.72,-0.115723,0.0664062,1.00977,-0.366211,0.854492,5.00488,0
2279.73,-0.104492,0.0673828,0.994141,-0.732422,0.915527,4.94385,0
2279.74,-0.107422,0.0292969,0.991211,-0.610352,0.610352,5.12695,0
2279.75,-0.11377,0.0644531,0.995605,-0.610352,0.427246,5.18799,0
2279.76,-0.123535,0.0498047,1.00049,-0.793457,0.488281,5.00488,0
2279.77,-0.122559,0.0585938,1.00537,-0.549316,0.610352,5.18799,0
2279.78,-0.112793,0.0576172,0.995605,-0.854492,0.610352,5.12695,0
2279.79,-0.111328,0.0195312,1.00537,-0.793457,0.183105,5.18799,0
2279.8,-0.104492,0.0654297,0.991699,-0.793457,0.183105,5.24902,0
2279.8,-0.10498,0.046875,1.00879,-1.09863,0.244141,5.06592,0
2279.81,-0.108398,0.0166016,0.997559,-0.732422,0.0610352,5.24902,0
2279.82,-0.106934,0.0605469,0.996094,-0.854492,-0.12207,5.37109,0
2279.83,-0.108398,0.0258789,1.01855,-1.09863,-0.183105,5.00488,0
2279.84,-0.105469,0.0288086,0.999512,-0.793457,0,5.24902,0
2279.85,-0.097168,0.0620117,0.983398,-0.854492,0,5.31006,0
2279.86,-0.0976562,-0.00341797,0.981934,-0.976562,-0.0610352,5.06592,0
2279.87,-0.0927734,0.0395508,0.984375,-0.671387,-0.488281,5.43213,0
2279.88,-0.0927734,0.0444336,0.996582,-1.2207,-0.305176,4.88281,0
2279.89,-0.0961914,0.0244141,0.983887,-0.793457,-0.12207,5.24902,0
2279.9,-0.109375,0.0493164,0.98291,-0.976562,-0.427246,5.12695,0
2279.91,-0.10498,0.0161133,0.991699,-1.09863,-0.488281,4.82178,0
2279.92,-0.103027,0.0576172,0.995605,-0.854492,-0.427246,5.06592,0
2279.93,-0.0991211,0.0175781,0.987305,-0.976562,-0.305176,4.88281,0
2279.94,-0.104492,0.0146484,1.00049,-0.488281,-0.671387,5.12695,0
2279.95,-0.097168,0.0366211,0.99707,-0.671387,-0.793457,4.69971,0
2279.96,-0.0927734,0.00585938,0.993652,-0.305176,-0.610352,4.88281,0
2279.97,-0.0986328,0.0361328,0.998535,-0.0610352,-0.671387,5.18799,0
2279.98,-0.0952148,0.0117188,1.00098,-0.366211,-0.854492,4.69971,0
2279.99,-0.0830078,0.0102539,1.00195,0,-0.793457,4.88281,0
2280,-0.0756836,0.027832,0.996582,0.12207,-0.549316,5.06592,0
2280.01,-0.0708008,9.765625e-04,1.0166,0.0610352,-0.732422,4.94385,0
2280.02,-0.0585938,0.00927734,1.0083,0.305176,-0.854492,5.06592,0
2280.03,-0.0644531,0.0380859,1.00244,0.305176,-0.732422,5.12695,0
2280.04,-0.0629883,0.0131836,1.0166,0.0610352,-0.671387,5.00488,0
2280.05,-0.0546875,0.00976562,1.01807,0.305176,-0.671387,5.06592,0
2280.06,-0.0439453,0.0532227,1.00879,0.183105,-0.610352,5.12695,0
2280.07,-0.0375977,0.0102539,1.01221,0,-0.610352,4.94385,0
2280.08,-0.0288086,0.0327148,1.00732,0.305176,-0.732422,5.24902,0
2280.09,-0.0170898,0.0600586,0.989258,0,-0.549316,4.94385,0
2280.09,-0.00976562,0.0200195,0.985352,0,-0.549316,5.00488,0
2280.1,-0.012207,0.0444336,0.979004,0.183105,-0.549316,5.06592,0
2280.11,-0.00585938,0.059082,0.980469,-0.12207,-0.549316,4.88281,0
2280.12,0.00488281,0.0351562,0.986328,-0.183105,-0.305176,4.82178,0
2280.13,0.00732422,0.0644531,0.970215,0,-0.366211,5.00488,0
2280.14,0.00390625,0.0585938,0.98291,-0.366211,-0.305176,4.76074,0
2280.15,0.00390625,0.0395508,0.971191,-0.305176,-0.366211,4.76074,0
2280.16,-0.00537109,0.0668945,0.975586,-0.183105,-0.305176,4.88281,0
2280.17,-0.00390625,0.0429688,0.991699,-0.366211,-0.183105,4.76074,0
2280.18,0.00439453,0.0454102,0.999512,-0.12207,-0.366211,4.88281,0
2280.19,0.0170898,0.0507812,1.00537,-0.183105,-0.366211,4.76074,0
2280.2,0.0185547,0.0302734,1.00635,-0.0610352,-0.305176,4.82178,0
2280.21,0.0151367,0.0410156,0.998535,0,-0.244141,4.88281,0
2280.22,0.015625,0.0175781,0.999023,-0.12207,-0.183105,4.82178,0
2280.23,0.0170898,0.034668,0.999512,0.183105,-0.183105,5.12695,0
2280.24,0.00390625,0.0268555,1.00146,-0.0610352,-0.0610352,4.94385,0
2280.25,0.00634766,0.0151367,1.00586,0.0610352,-0.244141,5.12695,0
2280.26,0.0112305,0.0366211,0.997559,0,-0.12207,5.18799,0
2280.27,0.0117188,0.0195312,0.990234,0,-0.12207,5.24902,0
2280.28,0.0146484,0.0224609,1.00098,0,-0.366211,5.31006,0
2280.29,0.0205078,0.0288086,0.995117,0,-0.366211,5.31006,0
2280.3,0.0185547,0.0200195,0.994629,-0.0610352,-0.305176,5.49316,0
2280.31,0.0151367,0.0200195,0.990234,0,-0.366211,5.49316,0
2280.32,0.0131836,0.027832,0.98877,-0.0610352,-0.488281,5.37109,0
2280.33,0.0185547,0.0297852,0.987305,0,-0.488281,5.43213,0
2280.34,0.0224609,0.0405273,1.00195,0,-0.488281,5.5542,0
2280.35,0.0200195,0.0424805,0.998047,-0.183105,-0.549316,5.31006,0
2280.36,0.027832,0.0415039,0.991699,0,-0.488281,5.37109,0
2280.37,0.0239258,0.0571289,1.00146,0,-0.427246,5.43213,0
2280.38,0.0229492,0.0385742,0.999512,-0.0610352,-0.549316,5.24902,0
2280.39,0.0258789,0.0439453,1.00342,0.0610352,-0.610352,5.24902,0
2280.4,0.0351562,0.0522461,0.996094,0.12207,-0.427246,5.24902,0
2280.41,0.0292969,0.0336914,1.00049,0.244141,-0.488281,5.18799,0
2280.42,0.0288086,0.0351562,1.0083,0.427246,-0.610352,5.18799,0
2280.43,0.0332031,0.0458984,1.00195,0.549316,-0.488281,5.18799,0
2280.44,0.0332031,0.0351562,1.00684,0.610352,-0.427246,5.31006,0
2280.45,0.0327148,0.0253906,1.01074,0.488281,-0.549316,5.24902,0
2280.46,0.0351562,0.0395508,1.01514,0.549316,-0.610352,5.24902,0
2280.47,0.0415039,0.0371094,1.01318,0.305176,-0.427246,5.31006,0
2280.47,0.0385742,0.0249023,1.01611,0.366211,-0.549316,5.43213,0
2280.48,0.0405273,0.0400391,1.01465,0.12207,-0.610352,5.37109,0
2280.49,0.0429688,0.0400391,1.01367,0,-0.488281,5.43213,0
2280.5,0.0449219,0.0405273,1.00684,0,-0.366211,5.5542,0
2280.51,0.0429688,0.0332031,1.01465,-0.12207,-0.488281,5.43213,0
2280.52,0.0478516,0.046875,1.0166,-0.0610352,-0.427246,5.49316,0
2280.53,0.0498047,0.0483398,1.0083,-0.12207,-0.183105,5.49316,0
2280.54,0.0449219,0.0332031,1.01367,-0.12207,-0.244141,5.43213,0
2280.55,0.0449219,0.0493164,1.01758,-0.12207,-0.427246,5.49316,0
2280.56,0.050293,0.0419922,1.00293,-0.183105,-0.12207,5.43213,0
2280.57,0.050293,0.0336914,1.00342,0,-0.12207,5.49316,0
2280.58,0.0498047,0.043457,1.00977,-0.0610352,-0.305176,5.37109,0
2280.59,0.0537109,0.0395508,0.999512,0,-0.12207,5.24902,0
2280.6,0.0541992,0.0458984,0.991211,0.183105,-0.0610352,5.49316,0
2280.61,0.0551758,0.0371094,1.00293,-0.0610352,-0.244141,5.18799,0
2280.62,0.0585938,0.0351562,0.992676,0,-0.244141,5.31006,0
2280.63,0.0610352,0.0541992,0.989258,0,-0.0610352,5.37109,0
2280.64,0.0615234,0.0185547,0.999512,-0.244141,-0.12207,5.12695,0
2280.65,0.0585938,0.0385742,1.00293,0,-0.366211,5.24902,0
2280.66,0.0610352,0.0449219,0.999023,-0.366211,-0.12207,5.12695,0
2280.67,0.0571289,0.015625,0.99707,-0.12207,-0.12207,5.37109,0
2280.68,0.0595703,0.0419922,1.00293,-0.244141,-0.183105,5.24902,0
2280.69,0.0639648,0.0327148,1.00342,-0.366211,-0.12207,5.06592,0
2280.7,0.0625,0.0380859,0.999512,-0.12207,0,5.43213,0
2280.71,0.0644531,0.0356445,0.999023,-0.366211,0,5.24902,0
2280.72,0.0644531,0.0268555,1.00244,-0.305176,-0.12207,5.24902,0
2280.73,0.0732422,0.0458984,0.990723,-0.244141,0.0610352,5.24902,0
2280.74,0.0664062,0.0288086,0.992188,-0.183105,0.12207,5.37109,0
