t_s,time_local,lat_deg,lon_deg,east_m,north_m,speed_mps,a_long_g,a_lat_g,yaw_rate_dps,a_lat_kin_g,in_gates
2530.56,2026-08-15T15:34:18.000,33.6525772,-117.3018357,57.3507,-27.6937,0.0357632,-0.058,0.004,0,0,0
2530.6,2026-08-15T15:34:18.040,33.6525772,-117.3018357,57.3507,-27.6937,0.0134112,-0.058,0.003,0,0,0
2530.64,2026-08-15T15:34:18.080,33.6525772,-117.3018357,57.3507,-27.6937,0.0357632,-0.058,0.003,0,0,0
2530.68,2026-08-15T15:34:18.120,33.6525772,-117.3018357,57.3507,-27.6937,0.0134112,-0.058,0.003,0,0,0
2530.72,2026-08-15T15:34:18.160,33.6525772,-117.3018357,57.3507,-27.6937,0.022352,-0.058,0.003,0,0,0
2530.76,2026-08-15T15:34:18.200,33.6525772,-117.3018358,57.3414,-27.6937,0.0134112,-0.058,0.003,0,0,0
2530.8,2026-08-15T15:34:18.240,33.6525772,-117.3018358,57.3414,-27.6937,0.022352,-0.059,0.004,0,0,0
2530.84,2026-08-15T15:34:18.280,33.6525772,-117.3018358,57.3414,-27.6937,0.022352,-0.059,0.004,0,0,0
2530.88,2026-08-15T15:34:18.320,33.6525773,-117.3018358,57.3414,-27.6826,0.0312928,-0.059,0.005,0,0,0
2530.92,2026-08-15T15:34:18.360,33.6525772,-117.3018358,57.3414,-27.6937,0.0178816,-0.058,0.005,0,0,0
2530.96,2026-08-15T15:34:18.400,33.6525772,-117.3018358,57.3414,-27.6937,0.0178816,-0.057,0.005,0,0,0
2531,2026-08-15T15:34:18.440,33.6525773,-117.3018358,57.3414,-27.6826,0.0134112,-0.057,0.005,0,0,0
2531.04,2026-08-15T15:34:18.480,33.6525773,-117.3018359,57.3322,-27.6826,0.0178816,-0.057,0.004,0,0,0
2531.08,2026-08-15T15:34:18.520,33.6525773,-117.3018359,57.3322,-27.6826,0.022352,-0.057,0.004,0,0,0
2531.12,2026-08-15T15:34:18.560,33.6525773,-117.3018359,57.3322,-27.6826,0.0491744,-0.057,0.004,-0.01,-8.748779e-07,0
2531.16,2026-08-15T15:34:18.600,33.6525773,-117.3018359,57.3322,-27.6826,0.0089408,-0.058,0.004,-0.01,-1.590687e-07,0
2531.2,2026-08-15T15:34:18.640,33.6525773,-117.3018359,57.3322,-27.6826,0.0268224,-0.058,0.005,-0.01,-4.772061e-07,0
2531.24,2026-08-15T15:34:18.680,33.6525773,-117.3018359,57.3322,-27.6826,0.0178816,-0.059,0.006,0,0,0
2531.28,2026-08-15T15:34:18.720,33.6525773,-117.3018359,57.3322,-27.6826,0.0134112,-0.059,0.006,0,0,0
2531.32,2026-08-15T15:34:18.760,33.6525773,-117.3018360,57.3229,-27.6826,0.0089408,-0.06,0.006,0,0,0
2531.36,2026-08-15T15:34:18.800,33.6525774,-117.3018360,57.3229,-27.6715,0.0312928,-0.06,0.005,0,0,0
2531.4,2026-08-15T15:34:18.840,33.6525775,-117.3018360,57.3229,-27.6604,0.0178816,-0.059,0.005,0,0,0
2531.44,2026-08-15T15:34:18.880,33.6525775,-117.3018360,57.3229,-27.6604,0.0178816,-0.058,0.004,0,0,0
2531.48,2026-08-15T15:34:18.920,33.6525775,-117.3018360,57.3229,-27.6604,0.0089408,-0.057,0.005,0,0,0
2531.52,2026-08-15T15:34:18.960,33.6525775,-117.3018360,57.3229,-27.6604,0.0268224,-0.056,0.005,0,0,0
2531.56,2026-08-15T15:34:19.000,33.6525775,-117.3018361,57.3136,-27.6604,0.0402336,-0.056,0.006,-0.01,-7.158092e-07,0
2531.6,2026-08-15T15:34:19.040,33.6525775,-117.3018361,57.3136,-27.6604,0.022352,-0.057,0.005,-0.01,-3.976718e-07,0
2531.64,2026-08-15T15:34:19.080,33.6525775,-117.3018361,57.3136,-27.6604,0.0312928,-0.058,0.005,-0.01,-5.567405e-07,0
2531.68,2026-08-15T15:34:19.120,33.6525775,-117.3018361,57.3136,-27.6604,0.0134112,-0.059,0.004,-0.01,-2.386031e-07,0
2531.72,2026-08-15T15:34:19.160,33.6525775,-117.3018361,57.3136,-27.6604,0.0178816,-0.06,0.003,-0.02,-6.362748e-07,0
2531.76,2026-08-15T15:34:19.200,33.6525775,-117.3018361,57.3136,-27.6604,0.0089408,-0.059,0.003,-0.02,-3.181374e-07,0
2531.8,2026-08-15T15:34:19.240,33.6525775,-117.3018361,57.3136,-27.6604,0.0089408,-0.058,0.003,-0.02,-3.181374e-07,0
2531.84,2026-08-15T15:34:19.280,33.6525776,-117.3018361,57.3136,-27.6493,0.022352,-0.057,0.004,-0.01,-3.976718e-07,0
2531.88,2026-08-15T15:34:19.320,33.6525776,-117.3018362,57.3044,-27.6493,0.0178816,-0.056,0.005,-0.01,-3.181374e-07,0
2531.92,2026-08-15T15:34:19.360,33.6525776,-117.3018362,57.3044,-27.6493,0.0178816,-0.056,0.005,-0.01,-3.181374e-07,0
2531.96,2026-08-15T15:34:19.400,33.6525776,-117.3018362,57.3044,-27.6493,0.0178816,-0.056,0.006,-0.01,-3.181374e-07,0
2532,2026-08-15T15:34:19.440,33.6525776,-117.3018362,57.3044,-27.6493,0.022352,-0.057,0.005,-0.01,-3.976718e-07,0
2532.04,2026-08-15T15:34:19.480,33.6525776,-117.3018362,57.3044,-27.6493,0.0178816,-0.058,0.005,-0.01,-3.181374e-07,0
2532.08,2026-08-15T15:34:19.520,33.6525776,-117.3018362,57.3044,-27.6493,0.0178816,-0.058,0.004,-0.01,-3.181374e-07,0
2532.12,2026-08-15T15:34:19.560,33.6525776,-117.3018362,57.3044,-27.6493,0.022352,-0.058,0.004,0,0,0
2532.16,2026-08-15T15:34:19.600,33.6525776,-117.3018362,57.3044,-27.6493,0.0044704,-0.058,0.004,-0.01,-7.953435e-08,0
2532.2,2026-08-15T15:34:19.640,33.6525776,-117.3018362,57.3044,-27.6493,0.0089408,-0.057,0.004,-0.01,-1.590687e-07,0
2532.24,2026-08-15T15:34:19.680,33.6525776,-117.3018362,57.3044,-27.6493,0.0312928,-0.057,0.004,-0.01,-5.567405e-07,0
2532.28,2026-08-15T15:34:19.720,33.6525776,-117.3018363,57.2951,-27.6493,0.0089408,-0.056,0.004,-0.01,-1.590687e-07,0
2532.32,2026-08-15T15:34:19.760,33.6525776,-117.3018363,57.2951,-27.6493,0.022352,-0.056,0.004,-0.01,-3.976718e-07,0
2532.36,2026-08-15T15:34:19.800,33.6525776,-117.3018363,57.2951,-27.6493,0.022352,-0.057,0.004,-0.01,-3.976718e-07,0
2532.4,2026-08-15T15:34:19.840,33.6525776,-117.3018363,57.2951,-27.6493,0.0178816,-0.058,0.005,-0.01,-3.181374e-07,0
2532.44,2026-08-15T15:34:19.880,33.6525777,-117.3018363,57.2951,-27.6381,0.0089408,-0.058,0.006,0,0,0
2532.48,2026-08-15T15:34:19.920,33.6525777,-117.3018363,57.2951,-27.6381,0.0178816,-0.058,0.006,0,0,0
2532.52,2026-08-15T15:34:19.960,33.6525776,-117.3018363,57.2951,-27.6493,0.0357632,-0.055,0.006,0,0,0
2532.56,2026-08-15T15:34:20.000,33.6525777,-117.3018363,57.2951,-27.6381,0.0178816,-0.042,0.004,0.01,3.181374e-07,0
2532.6,2026-08-15T15:34:20.040,33.6525777,-117.3018363,57.2951,-27.6381,0.0044704,-0.019,0.002,0.04,3.181374e-07,0
2532.64,2026-08-15T15:34:20.080,33.6525777,-117.3018363,57.2951,-27.6381,0.0357632,0.044,0,0.08,5.090198e-06,0
2532.68,2026-08-15T15:34:20.120,33.6525776,-117.3018364,57.2859,-27.6493,0.169875,0.146,0,0.14,4.231228e-05,0
2532.72,2026-08-15T15:34:20.160,33.6525774,-117.3018365,57.2766,-27.6715,0.420218,0.283,0.001,0.17,1.270959e-04,0
2532.76,2026-08-15T15:34:20.200,33.6525772,-117.3018367,57.2581,-27.6937,0.724205,0.446,0.003,0.15,1.932685e-04,0
2532.8,2026-08-15T15:34:20.240,33.6525767,-117.3018370,57.2303,-27.7493,1.12654,0.612,0.003,0.04,8.017063e-05,0
2532.84,2026-08-15T15:34:20.280,33.6525761,-117.3018375,57.1841,-27.8161,1.54676,0.756,0,-0.17,-4.678211e-04,0
2532.88,2026-08-15T15:34:20.320,33.6525754,-117.3018380,57.1378,-27.8939,1.9938,0.86,-0.01,-0.43,-0.00152531,0
2532.92,2026-08-15T15:34:20.360,33.6525745,-117.3018386,57.0822,-27.994,2.33802,0.922,-0.021,-0.68,-0.00282856,0
2532.96,2026-08-15T15:34:20.400,33.6525736,-117.3018394,57.0082,-28.094,2.65095,0.936,-0.032,-0.91,-0.00429191,0
2533,2026-08-15T15:34:20.440,33.6525726,-117.3018401,56.9434,-28.2052,2.98623,0.926,-0.036,-1.16,-0.00616296,0
2533.04,2026-08-15T15:34:20.480,33.6525715,-117.3018409,56.8694,-28.3276,3.32598,0.9,-0.034,-1.49,-0.00881686,0
2533.08,2026-08-15T15:34:20.520,33.6525703,-117.3018418,56.7861,-28.461,3.62102,0.875,-0.034,-2.08,-0.0133999,0
2533.12,2026-08-15T15:34:20.560,33.6525690,-117.3018428,56.6935,-28.6055,3.95183,0.853,-0.04,-2.92,-0.02053,0
2533.16,2026-08-15T15:34:20.600,33.6525676,-117.3018439,56.5917,-28.7612,4.32288,0.838,-0.054,-3.97,-0.0305332,0
2533.2,2026-08-15T15:34:20.640,33.6525660,-117.3018450,56.4899,-28.9391,4.65816,0.822,-0.074,-5.18,-0.0429291,0
2533.24,2026-08-15T15:34:20.680,33.6525645,-117.3018464,56.3603,-29.1059,5.01579,0.805,-0.101,-6.53,-0.0582721,0
2533.28,2026-08-15T15:34:20.720,33.6525628,-117.3018478,56.2307,-29.2949,5.32872,0.788,-0.131,-7.84,-0.0743271,0
2533.32,2026-08-15T15:34:20.760,33.6525610,-117.3018492,56.1011,-29.4951,5.588,0.777,-0.165,-9.09,-0.0903709,0
2533.36,2026-08-15T15:34:20.800,33.6525592,-117.3018509,55.9438,-29.6952,5.9054,0.773,-0.192,-10.27,-0.107902,0
2533.4,2026-08-15T15:34:20.840,33.6525573,-117.3018525,55.7957,-29.9065,6.25409,0.774,-0.21,-11.32,-0.125956,0
2533.44,2026-08-15T15:34:20.880,33.6525554,-117.3018543,55.6291,-30.1178,6.57596,0.779,-0.216,-12.24,-0.143202,0
2533.48,2026-08-15T15:34:20.920,33.6525533,-117.3018562,55.4532,-30.3513,6.89783,0.78,-0.217,-13.11,-0.160888,0
2533.52,2026-08-15T15:34:20.960,33.6525512,-117.3018583,55.2588,-30.5848,7.16158,0.777,-0.212,-14.11,-0.179781,0
2533.56,2026-08-15T15:34:21.000,33.6525489,-117.3018603,55.0737,-30.8406,7.51474,0.769,-0.21,-15.14,-0.202418,1
2533.6,2026-08-15T15:34:21.040,33.6525466,-117.3018626,54.8608,-31.0963,7.83661,0.761,-0.214,-16.18,-0.225588,1
2533.64,2026-08-15T15:34:21.080,33.6525442,-117.3018648,54.6572,-31.3632,8.18083,0.747,-0.228,-17.36,-0.252671,1
2533.68,2026-08-15T15:34:21.120,33.6525418,-117.3018674,54.4165,-31.63,8.51164,0.725,-0.257,-18.59,-0.281515,1
2533.72,2026-08-15T15:34:21.160,33.6525395,-117.3018699,54.1851,-31.8858,8.77092,0.693,-0.302,-19.77,-0.308504,1
2533.76,2026-08-15T15:34:21.200,33.6525369,-117.3018726,53.9352,-32.1749,8.99892,0.652,-0.356,-20.97,-0.335735,1
2533.8,2026-08-15T15:34:21.240,33.6525345,-117.3018754,53.676,-32.4418,9.20455,0.603,-0.409,-22.25,-0.364369,1
2533.84,2026-08-15T15:34:21.280,33.6525322,-117.3018784,53.3984,-32.6975,9.3789,0.559,-0.455,-23.41,-0.390626,1
2533.88,2026-08-15T15:34:21.320,33.6525296,-117.3018814,53.1207,-32.9866,9.58454,0.527,-0.484,-24.47,-0.417266,1
2533.92,2026-08-15T15:34:21.360,33.6525272,-117.3018846,52.8245,-33.2535,9.82594,0.507,-0.498,-25.47,-0.445258,1
2533.96,2026-08-15T15:34:21.400,33.6525246,-117.3018878,52.5283,-33.5426,10.0539,0.505,-0.505,-26.36,-0.471509,1
2534,2026-08-15T15:34:21.440,33.6525221,-117.3018912,52.2136,-33.8206,10.273,0.519,-0.512,-27.11,-0.495489,1
2534.04,2026-08-15T15:34:21.480,33.6525196,-117.3018948,51.8804,-34.0986,10.5323,0.537,-0.514,-27.76,-0.520175,1
2534.08,2026-08-15T15:34:21.520,33.6525171,-117.3018984,51.5472,-34.3766,10.7647,0.554,-0.527,-28.33,-0.542573,1
2534.12,2026-08-15T15:34:21.560,33.6525147,-117.3019023,51.1862,-34.6434,11.0598,0.562,-0.552,-28.81,-0.566889,1
2534.16,2026-08-15T15:34:21.600,33.6525122,-117.3019063,50.8159,-34.9214,11.2788,0.554,-0.581,-29.19,-0.585742,1
2534.2,2026-08-15T15:34:21.640,33.6525096,-117.3019105,50.4272,-35.2105,11.471,0.524,-0.606,-29.47,-0.601439,1
2534.24,2026-08-15T15:34:21.680,33.6525074,-117.3019148,50.0292,-35.4551,11.6633,0.485,-0.621,-29.69,-0.616083,1
2534.28,2026-08-15T15:34:21.720,33.6525049,-117.3019191,49.6312,-35.7331,11.7795,0.444,-0.626,-29.78,-0.624108,1
2534.32,2026-08-15T15:34:21.760,33.6525026,-117.3019234,49.2332,-35.9889,11.9717,0.409,-0.633,-29.79,-0.634506,1
2534.36,2026-08-15T15:34:21.800,33.6525003,-117.3019280,48.8074,-36.2446,12.1595,0.384,-0.653,-29.65,-0.641429,1
2534.4,2026-08-15T15:34:21.840,33.6524980,-117.3019326,48.3816,-36.5004,12.3294,0.366,-0.679,-29.33,-0.64337,1
2534.44,2026-08-15T15:34:21.880,33.6524959,-117.3019375,47.9281,-36.7339,12.5037,0.347,-0.707,-28.84,-0.641568,1
2534.48,2026-08-15T15:34:21.920,33.6524939,-117.3019424,47.4745,-36.9563,12.6512,0.321,-0.709,-28.27,-0.636307,1
2534.52,2026-08-15T15:34:21.960,33.6524917,-117.3019474,47.0117,-37.2009,12.7541,0.289,-0.7,-27.7,-0.628545,1
2534.56,2026-08-15T15:34:22.000,33.6524897,-117.3019524,46.5489,-37.4233,12.8569,0.255,-0.681,-27.28,-0.624005,1
2534.6,2026-08-15T15:34:22.040,33.6524877,-117.3019575,46.0769,-37.6457,12.9373,0.226,-0.663,-27.07,-0.623077,1
2534.64,2026-08-15T15:34:22.080,33.6524858,-117.3019628,45.5863,-37.857,12.9955,0.2,-0.649,-27.07,-0.625876,1
2534.68,2026-08-15T15:34:22.120,33.6524841,-117.3019680,45.105,-38.046,13.0849,0.177,-0.652,-27.26,-0.634605,1
2534.72,2026-08-15T15:34:22.160,33.6524824,-117.3019733,44.6144,-38.235,13.143,0.16,-0.665,-27.55,-0.644204,1
2534.76,2026-08-15T15:34:22.200,33.6524806,-117.3019788,44.1054,-38.4352,13.21,0.149,-0.684,-27.92,-0.656187,1
2534.8,2026-08-15T15:34:22.240,33.6524791,-117.3019842,43.6055,-38.602,13.2681,0.134,-0.711,-28.36,-0.66946,1
2534.84,2026-08-15T15:34:22.280,33.6524776,-117.3019898,43.0872,-38.7688,13.362,0.134,-0.739,-28.86,-0.686084,1
2534.88,2026-08-15T15:34:22.320,33.6524763,-117.3019953,42.5781,-38.9133,13.4201,0.144,-0.759,-29.35,-0.700767,1
2534.92,2026-08-15T15:34:22.360,33.6524751,-117.3020010,42.0505,-39.0467,13.5095,0.162,-0.762,-29.76,-0.71529,1
2534.96,2026-08-15T15:34:22.400,33.6524738,-117.3020068,41.5137,-39.1913,13.6347,0.188,-0.754,-30.01,-0.727982,1
2535,2026-08-15T15:34:22.440,33.6524726,-117.3020127,40.9676,-39.3247,13.7912,0.219,-0.745,-30.07,-0.737808,1
2535.04,2026-08-15T15:34:22.480,33.6524715,-117.3020187,40.4122,-39.447,13.9521,0.239,-0.745,-29.91,-0.742446,1
2535.08,2026-08-15T15:34:22.520,33.6524705,-117.3020247,39.8569,-39.5582,14.0683,0.248,-0.756,-29.59,-0.740622,1
2535.12,2026-08-15T15:34:22.560,33.6524697,-117.3020307,39.3015,-39.6472,14.1622,0.242,-0.778,-29.21,-0.735989,1
2535.16,2026-08-15T15:34:22.600,33.6524691,-117.3020370,38.7184,-39.7139,14.2516,0.226,-0.795,-28.86,-0.731761,1
2535.2,2026-08-15T15:34:22.640,33.6524684,-117.3020432,38.1445,-39.7917,14.3187,0.209,-0.803,-28.58,-0.728071,1
2535.24,2026-08-15T15:34:22.680,33.6524678,-117.3020494,37.5706,-39.8585,14.4036,0.2,-0.805,-28.42,-0.72829,1
2535.28,2026-08-15T15:34:22.720,33.6524673,-117.3020558,36.9782,-39.9141,14.5333,0.198,-0.798,-28.35,-0.733035,1
2535.32,2026-08-15T15:34:22.760,33.6524671,-117.3020621,36.3951,-39.9363,14.6719,0.208,-0.793,-28.33,-0.739503,1
2535.36,2026-08-15T15:34:22.800,33.6524667,-117.3020686,35.7935,-39.9808,14.8104,0.222,-0.794,-28.3,-0.745697,1
2535.4,2026-08-15T15:34:22.840,33.6524666,-117.3020750,35.2011,-39.9919,14.882,0.235,-0.798,-28.19,-0.746386,1
2535.44,2026-08-15T15:34:22.880,33.6524665,-117.3020817,34.5809,-40.003,15.0071,0.247,-0.801,-27.97,-0.74679,1
2535.48,2026-08-15T15:34:22.920,33.6524666,-117.3020882,33.9793,-39.9919,15.1278,0.256,-0.805,-27.58,-0.7423,1
2535.52,2026-08-15T15:34:22.960,33.6524666,-117.3020949,33.3592,-39.9919,15.2798,0.264,-0.803,-27,-0.733991,1
2535.56,2026-08-15T15:34:23.000,33.6524669,-117.3021016,32.739,-39.9585,15.3782,0.273,-0.794,-26.31,-0.719837,1
2535.6,2026-08-15T15:34:23.040,33.6524672,-117.3021083,32.1189,-39.9252,15.5212,0.283,-0.782,-25.61,-0.707203,1
2535.64,2026-08-15T15:34:23.080,33.6524677,-117.3021152,31.4802,-39.8696,15.6509,0.291,-0.763,-24.89,-0.693061,1
2535.68,2026-08-15T15:34:23.120,33.6524683,-117.3021221,30.8415,-39.8029,15.8029,0.298,-0.742,-24.25,-0.681798,1
2535.72,2026-08-15T15:34:23.160,33.6524689,-117.3021289,30.2121,-39.7362,15.928,0.303,-0.72,-23.7,-0.671613,1
2535.76,2026-08-15T15:34:23.200,33.6524697,-117.3021360,29.5549,-39.6472,16.08,0.305,-0.704,-23.18,-0.663145,1
2535.8,2026-08-15T15:34:23.240,33.6524703,-117.3021430,28.907,-39.5805,16.2141,0.308,-0.688,-22.64,-0.653099,1
2535.84,2026-08-15T15:34:23.280,33.6524712,-117.3021501,28.2499,-39.4804,16.4108,0.312,-0.679,-22.07,-0.644379,1
2535.88,2026-08-15T15:34:23.320,33.6524722,-117.3021573,27.5834,-39.3692,16.5673,0.315,-0.669,-21.45,-0.632248,1
2535.92,2026-08-15T15:34:23.360,33.6524733,-117.3021643,26.9355,-39.2469,16.6925,0.318,-0.653,-20.7,-0.614751,1
2535.96,2026-08-15T15:34:23.400,33.6524745,-117.3021715,26.2691,-39.1135,16.84,0.329,-0.633,-19.8,-0.59322,1
2536,2026-08-15T15:34:23.440,33.6524757,-117.3021789,25.5841,-38.98,17.0099,0.339,-0.608,-18.71,-0.566217,1
2536.04,2026-08-15T15:34:23.480,33.6524771,-117.3021861,24.9177,-38.8244,17.1619,0.349,-0.57,-17.19,-0.524866,1
2536.08,2026-08-15T15:34:23.520,33.6524785,-117.3021935,24.2328,-38.6687,17.3362,0.361,-0.525,-15.26,-0.470671,1
2536.12,2026-08-15T15:34:23.560,33.6524800,-117.3022009,23.5478,-38.5019,17.4971,0.365,-0.477,-12.91,-0.401885,1
2536.16,2026-08-15T15:34:23.600,33.6524814,-117.3022085,22.8444,-38.3462,17.6581,0.361,-0.412,-10.07,-0.31636,1
2536.2,2026-08-15T15:34:23.640,33.6524830,-117.3022160,22.1502,-38.1683,17.828,0.343,-0.313,-6.47,-0.205217,1
2536.24,2026-08-15T15:34:23.680,33.6524845,-117.3022237,21.4374,-38.0015,17.9576,0.309,-0.186,-2.51,-0.0801919,1
2536.28,2026-08-15T15:34:23.720,33.6524859,-117.3022313,20.734,-37.8458,18.0247,0.26,-0.033,1.78,0.0570815,1
2536.32,2026-08-15T15:34:23.760,33.6524872,-117.3022390,20.0213,-37.7013,18.1141,0.201,0.141,6.46,0.208188,1
2536.36,2026-08-15T15:34:23.800,33.6524884,-117.3022466,19.3178,-37.5678,18.0917,0.14,0.318,11.06,0.355994,1
2536.4,2026-08-15T15:34:23.840,33.6524896,-117.3022543,18.6051,-37.4344,18.0604,0.084,0.48,15.25,0.490011,1
2536.44,2026-08-15T15:34:23.880,33.6524907,-117.3022620,17.8924,-37.3121,18.0381,0.036,0.621,19.05,0.611355,1
2536.48,2026-08-15T15:34:23.920,33.6524916,-117.3022698,17.1704,-37.212,18.0157,-0.006,0.738,22.54,0.72246,1
2536.52,2026-08-15T15:34:23.960,33.6524925,-117.3022775,16.4577,-37.112,18.0694,-0.037,0.821,25.52,0.820411,1
2536.56,2026-08-15T15:34:24.000,33.6524931,-117.3022854,15.7265,-37.0452,18.0872,-0.06,0.879,27.99,0.900707,1
2536.6,2026-08-15T15:34:24.040,33.6524936,-117.3022931,15.0138,-36.9896,18.0559,-0.068,0.928,30.08,0.966288,1
2536.64,2026-08-15T15:34:24.080,33.6524940,-117.3023009,14.2918,-36.9452,17.971,-0.06,0.981,31.65,1.01194,1
2536.68,2026-08-15T15:34:24.120,33.6524943,-117.3023087,13.5699,-36.9118,17.9755,-0.041,1.013,32.59,1.04225,1
2536.72,2026-08-15T15:34:24.160,33.6524944,-117.3023165,12.8479,-36.9007,18.0425,-0.015,1.02,32.96,1.05802,1
2536.76,2026-08-15T15:34:24.200,33.6524944,-117.3023242,12.1352,-36.9007,18.0783,0.008,1.002,32.91,1.05851,1
2536.8,2026-08-15T15:34:24.240,33.6524944,-117.3023321,11.404,-36.9007,18.0962,0.025,0.977,32.53,1.04732,1
2536.84,2026-08-15T15:34:24.280,33.6524942,-117.3023399,10.682,-36.9229,18.0828,0.033,0.96,31.99,1.02917,1
2536.88,2026-08-15T15:34:24.320,33.6524940,-117.3023478,9.95077,-36.9452,18.123,0.034,0.964,31.29,1.00889,1
2536.92,2026-08-15T15:34:24.360,33.6524934,-117.3023556,9.2288,-37.0119,18.1051,0.03,0.988,30.55,0.984059,1
2536.96,2026-08-15T15:34:24.400,33.6524928,-117.3023634,8.50684,-37.0786,18.1141,0.02,1.011,29.87,0.96263,1
2537,2026-08-15T15:34:24.440,33.6524920,-117.3023711,7.79413,-37.1675,18.1364,0.008,1.014,29.27,0.944458,1
2537.04,2026-08-15T15:34:24.480,33.6524910,-117.3023788,7.08142,-37.2787,18.1006,0,0.995,28.83,0.928426,1
2537.08,2026-08-15T15:34:24.520,33.6524900,-117.3023866,6.35945,-37.3899,18.0381,-0.008,0.984,28.55,0.91623,1
2537.12,2026-08-15T15:34:24.560,33.6524890,-117.3023943,5.64674,-37.5011,18.0425,-0.005,0.977,28.32,0.909074,1
2537.16,2026-08-15T15:34:24.600,33.6524878,-117.3024020,4.93403,-37.6346,18.0425,0.006,0.982,27.94,0.896876,1
2537.2,2026-08-15T15:34:24.640,33.6524863,-117.3024096,4.23057,-37.8014,18.0604,0.007,0.99,27.47,0.882663,1
2537.24,2026-08-15T15:34:24.680,33.6524849,-117.3024171,3.53637,-37.957,18.0872,0.001,0.989,26.95,0.86724,1
2537.28,2026-08-15T15:34:24.720,33.6524831,-117.3024247,2.83292,-38.1572,18.0828,-0.013,0.973,26.47,0.851583,1
2537.32,2026-08-15T15:34:24.760,33.6524815,-117.3024323,2.12946,-38.3351,18.0381,-0.05,0.958,26.12,0.838246,1
2537.36,2026-08-15T15:34:24.800,33.6524796,-117.3024398,1.43527,-38.5464,17.971,-0.093,0.952,26.02,0.831932,1
2537.4,2026-08-15T15:34:24.840,33.6524777,-117.3024471,0.759579,-38.7576,17.8592,-0.133,0.942,26.13,0.830254,1
2537.44,2026-08-15T15:34:24.880,33.6524756,-117.3024543,0.093148,-38.9911,17.7833,-0.174,0.94,26.44,0.836529,1
2537.48,2026-08-15T15:34:24.920,33.6524734,-117.3024615,-0.573283,-39.2358,17.7117,-0.204,0.946,26.87,0.846714,1
2537.52,2026-08-15T15:34:24.960,33.6524712,-117.3024686,-1.23046,-39.4804,17.6178,-0.223,0.948,27.34,0.856958,1
2537.56,2026-08-15T15:34:25.000,33.6524688,-117.3024756,-1.87838,-39.7473,17.5508,-0.239,0.94,27.79,0.867748,1
2537.6,2026-08-15T15:34:25.040,33.6524663,-117.3024825,-2.51704,-40.0253,17.4793,-0.247,0.929,28.22,0.877584,1
2537.64,2026-08-15T15:34:25.080,33.6524637,-117.3024893,-3.14645,-40.3144,17.372,-0.245,0.917,28.55,0.882396,1
2537.68,2026-08-15T15:34:25.120,33.6524610,-117.3024960,-3.7666,-40.6146,17.211,-0.242,0.902,28.77,0.880958,1
2537.72,2026-08-15T15:34:25.160,33.6524584,-117.3025027,-4.38675,-40.9037,17.1529,-0.234,0.899,28.75,0.877373,1
2537.76,2026-08-15T15:34:25.200,33.6524556,-117.3025092,-4.98839,-41.215,17.1038,-0.227,0.898,28.29,0.86086,1
2537.8,2026-08-15T15:34:25.240,33.6524527,-117.3025157,-5.59003,-41.5375,17.0546,-0.233,0.891,27.35,0.829863,1
2537.84,2026-08-15T15:34:25.280,33.6524497,-117.3025220,-6.17315,-41.8711,16.916,-0.25,0.866,25.8,0.776472,1
2537.88,2026-08-15T15:34:25.320,33.6524467,-117.3025282,-6.74702,-42.2047,16.7551,-0.269,0.808,23.17,0.690686,1
2537.92,2026-08-15T15:34:25.360,33.6524437,-117.3025343,-7.31164,-42.5383,16.6299,-0.283,0.709,19.41,0.574279,1
2537.96,2026-08-15T15:34:25.400,33.6524406,-117.3025405,-7.88551,-42.883,16.5494,-0.286,0.592,14.36,0.42281,1
2538,2026-08-15T15:34:25.440,33.6524376,-117.3025465,-8.44087,-43.2166,16.4824,-0.275,0.473,7.43,0.21788,1
2538.04,2026-08-15T15:34:25.480,33.6524345,-117.3025526,-9.00548,-43.5613,16.4466,-0.257,0.348,-0.44,-0.0128747,1
2538.08,2026-08-15T15:34:25.520,33.6524315,-117.3025587,-9.5701,-43.8948,16.4108,-0.245,0.209,-8.28,-0.241752,1
2538.12,2026-08-15T15:34:25.560,33.6524285,-117.3025648,-10.1347,-44.2284,16.3304,-0.245,0.05,-15.25,-0.443072,1
2538.16,2026-08-15T15:34:25.600,33.6524256,-117.3025709,-10.6993,-44.5509,16.2141,-0.254,-0.138,-20.51,-0.591654,1
2538.2,2026-08-15T15:34:25.640,33.6524229,-117.3025770,-11.2639,-44.8511,16.1069,-0.259,-0.315,-23.39,-0.670269,1
2538.24,2026-08-15T15:34:25.680,33.6524203,-117.3025832,-11.8378,-45.1402,16.0264,-0.254,-0.474,-24.54,-0.699711,1
2538.28,2026-08-15T15:34:25.720,33.6524178,-117.3025893,-12.4024,-45.4182,15.9727,-0.241,-0.612,-24.5,-0.696232,1
2538.32,2026-08-15T15:34:25.760,33.6524153,-117.3025956,-12.9856,-45.6962,15.9549,-0.219,-0.715,-23.97,-0.680408,1
2538.36,2026-08-15T15:34:25.800,33.6524130,-117.3026019,-13.5687,-45.9519,15.9102,-0.198,-0.768,-23.53,-0.666047,1
2538.4,2026-08-15T15:34:25.840,33.6524108,-117.3026082,-14.1518,-46.1966,15.8878,-0.187,-0.789,-23.4,-0.661436,1
2538.44,2026-08-15T15:34:25.880,33.6524086,-117.3026146,-14.7442,-46.4412,15.8297,-0.188,-0.771,-23.7,-0.667466,1
2538.48,2026-08-15T15:34:25.920,33.6524065,-117.3026209,-15.3273,-46.6747,15.7671,-0.204,-0.739,-24.34,-0.68278,1
2538.52,2026-08-15T15:34:25.960,33.6524045,-117.3026272,-15.9104,-46.8971,15.6688,-0.24,-0.71,-25.33,-0.706119,1
2538.56,2026-08-15T15:34:26.000,33.6524027,-117.3026335,-16.4936,-47.0973,15.4899,-0.272,-0.708,-26.5,-0.730304,1
2538.6,2026-08-15T15:34:26.040,33.6524009,-117.3026398,-17.0767,-47.2974,15.3826,-0.303,-0.723,-27.81,-0.761098,1
2538.64,2026-08-15T15:34:26.080,33.6523994,-117.3026461,-17.6598,-47.4642,15.2664,-0.321,-0.76,-29.06,-0.789298,1
2538.68,2026-08-15T15:34:26.120,33.6523978,-117.3026525,-18.2522,-47.6421,15.1994,-0.325,-0.808,-30.15,-0.815307,1
2538.72,2026-08-15T15:34:26.160,33.6523966,-117.3026588,-18.8353,-47.7755,15.1636,-0.31,-0.852,-30.92,-0.834161,1
2538.76,2026-08-15T15:34:26.200,33.6523954,-117.3026652,-19.4277,-47.909,15.1591,-0.295,-0.877,-31.41,-0.847131,1
2538.8,2026-08-15T15:34:26.240,33.6523943,-117.3026716,-20.0201,-48.0313,15.0652,-0.277,-0.884,-31.67,-0.848853,1
2538.84,2026-08-15T15:34:26.280,33.6523933,-117.3026780,-20.6125,-48.1425,14.9937,-0.263,-0.873,-31.82,-0.848825,1
2538.88,2026-08-15T15:34:26.320,33.6523925,-117.3026843,-21.1956,-48.2314,14.8864,-0.252,-0.857,-31.92,-0.845399,1
2538.92,2026-08-15T15:34:26.360,33.6523917,-117.3026906,-21.7787,-48.3204,14.7881,-0.248,-0.857,-32.02,-0.842445,1
2538.96,2026-08-15T15:34:26.400,33.6523910,-117.3026969,-22.3619,-48.3982,14.7121,-0.246,-0.866,-32.16,-0.84178,1
2539,2026-08-15T15:34:26.440,33.6523905,-117.3027032,-22.945,-48.4538,14.6271,-0.244,-0.888,-32.35,-0.841865,1
2539.04,2026-08-15T15:34:26.480,33.6523902,-117.3027095,-23.5281,-48.4872,14.6182,-0.24,-0.909,-32.58,-0.847332,1
2539.08,2026-08-15T15:34:26.520,33.6523899,-117.3027158,-24.1113,-48.5205,14.569,-0.22,-0.91,-32.81,-0.850443,1
2539.12,2026-08-15T15:34:26.560,33.6523898,-117.3027221,-24.6944,-48.5317,14.5512,-0.18,-0.896,-32.95,-0.853024,1
2539.16,2026-08-15T15:34:26.600,33.6523898,-117.3027284,-25.2775,-48.5317,14.5824,-0.131,-0.885,-32.88,-0.853042,1
2539.2,2026-08-15T15:34:26.640,33.6523898,-117.3027347,-25.8606,-48.5317,14.6003,-0.071,-0.883,-32.53,-0.844997,1
2539.24,2026-08-15T15:34:26.680,33.6523899,-117.3027411,-26.453,-48.5205,14.6584,-0.02,-0.889,-31.82,-0.829844,1
2539.28,2026-08-15T15:34:26.720,33.6523903,-117.3027474,-27.0361,-48.4761,14.6853,0.011,-0.896,-30.94,-0.80837,1
2539.32,2026-08-15T15:34:26.760,33.6523907,-117.3027538,-27.6285,-48.4316,14.73,0.023,-0.895,-30.09,-0.788556,1
2539.36,2026-08-15T15:34:26.800,33.6523913,-117.3027601,-28.2117,-48.3649,14.7568,0.023,-0.889,-29.37,-0.771088,1
2539.4,2026-08-15T15:34:26.840,33.6523920,-117.3027663,-28.7855,-48.287,14.7389,0.016,-0.876,-28.87,-0.757043,1
2539.44,2026-08-15T15:34:26.880,33.6523929,-117.3027727,-29.3779,-48.187,14.7747,0.015,-0.859,-28.59,-0.75152,1
2539.48,2026-08-15T15:34:26.920,33.6523937,-117.3027790,-29.961,-48.098,14.8373,0.024,-0.844,-28.38,-0.74916,1
2539.52,2026-08-15T15:34:26.960,33.6523948,-117.3027854,-30.5534,-47.9757,14.9356,0.044,-0.835,-28.12,-0.747217,1
2539.56,2026-08-15T15:34:27.000,33.6523959,-117.3027917,-31.1365,-47.8534,15.0161,0.072,-0.828,-27.81,-0.742961,1
2539.6,2026-08-15T15:34:27.040,33.6523972,-117.3027982,-31.7382,-47.7088,15.0921,0.098,-0.822,-27.46,-0.737323,1
2539.64,2026-08-15T15:34:27.080,33.6523984,-117.3028044,-32.3121,-47.5754,15.1591,0.128,-0.814,-27.09,-0.73062,1
2539.68,2026-08-15T15:34:27.120,33.6523999,-117.3028109,-32.9137,-47.4086,15.2575,0.159,-0.801,-26.7,-0.724773,1
2539.72,2026-08-15T15:34:27.160,33.6524015,-117.3028173,-33.5061,-47.2307,15.3648,0.187,-0.786,-26.36,-0.720576,1
2539.76,2026-08-15T15:34:27.200,33.6524032,-117.3028237,-34.0985,-47.0417,15.4989,0.214,-0.769,-26.01,-0.717214,1
2539.8,2026-08-15T15:34:27.240,33.6524049,-117.3028302,-34.7001,-46.8526,15.6643,0.241,-0.755,-25.62,-0.714,1
2539.84,2026-08-15T15:34:27.280,33.6524069,-117.3028366,-35.2925,-46.6302,15.7939,0.263,-0.741,-25.19,-0.707826,1
2539.88,2026-08-15T15:34:27.320,33.6524088,-117.3028431,-35.8941,-46.419,15.9102,0.28,-0.73,-24.72,-0.699731,1
2539.92,2026-08-15T15:34:27.360,33.6524108,-117.3028496,-36.4958,-46.1966,16.0487,0.294,-0.724,-24.17,-0.690122,1
2539.96,2026-08-15T15:34:27.400,33.6524130,-117.3028561,-37.0974,-45.9519,16.1828,0.305,-0.718,-23.45,-0.675159,1
2540,2026-08-15T15:34:27.440,33.6524154,-117.3028626,-37.699,-45.6851,16.3438,0.314,-0.708,-22.58,-0.656576,1
2540.04,2026-08-15T15:34:27.480,33.6524178,-117.3028692,-38.3099,-45.4182,16.4868,0.322,-0.694,-21.47,-0.629764,1
2540.08,2026-08-15T15:34:27.520,33.6524203,-117.3028757,-38.9116,-45.1402,16.6299,0.32,-0.669,-19.89,-0.588481,1
2540.12,2026-08-15T15:34:27.560,33.6524229,-117.3028822,-39.5132,-44.8511,16.764,0.311,-0.633,-17.86,-0.532681,1
2540.16,2026-08-15T15:34:27.600,33.6524255,-117.3028889,-40.1334,-44.562,16.8758,0.292,-0.589,-15.41,-0.462673,1
2540.2,2026-08-15T15:34:27.640,33.6524283,-117.3028954,-40.735,-44.2507,16.9339,0.254,-0.534,-12.48,-0.375993,1
2540.24,2026-08-15T15:34:27.680,33.6524310,-117.3029020,-41.3459,-43.9504,17.0278,0.2,-0.439,-8.86,-0.26841,1
2540.28,2026-08-15T15:34:27.720,33.6524338,-117.3029085,-41.9475,-43.6391,17.1261,0.14,-0.313,-4.92,-0.14991,1
2540.32,2026-08-15T15:34:27.760,33.6524365,-117.3029152,-42.5677,-43.3389,17.1038,0.075,-0.156,-0.66,-0.0200837,1
2540.36,2026-08-15T15:34:27.800,33.6524392,-117.3029219,-43.1878,-43.0386,17.0322,0.015,0.026,3.8,0.11515,1
2540.4,2026-08-15T15:34:27.840,33.6524417,-117.3029284,-43.7895,-42.7607,16.9696,-0.034,0.23,8.51,0.256927,1
2540.44,2026-08-15T15:34:27.880,33.6524442,-117.3029351,-44.4096,-42.4827,16.9383,-0.069,0.419,12.85,0.387242,1
2540.48,2026-08-15T15:34:27.920,33.6524465,-117.3029420,-45.0483,-42.2269,16.9383,-0.093,0.582,16.79,0.505976,1
2540.52,2026-08-15T15:34:27.960,33.6524488,-117.3029487,-45.6684,-41.9712,16.9383,-0.111,0.714,20.39,0.614464,1
2540.56,2026-08-15T15:34:28.000,33.6524508,-117.3029556,-46.3071,-41.7488,16.9071,-0.125,0.802,23.39,0.703569,1
2540.6,2026-08-15T15:34:28.040,33.6524528,-117.3029625,-46.9458,-41.5264,16.8534,-0.133,0.843,25.7,0.7706,1
2540.64,2026-08-15T15:34:28.080,33.6524547,-117.3029693,-47.5752,-41.3151,16.7685,-0.135,0.846,27.58,0.822803,1
2540.68,2026-08-15T15:34:28.120,33.6524565,-117.3029762,-48.2138,-41.115,16.7372,-0.125,0.837,29.05,0.865041,1
2540.72,2026-08-15T15:34:28.160,33.6524583,-117.3029831,-48.8525,-40.9148,16.7372,-0.108,0.833,30,0.89333,1
2540.76,2026-08-15T15:34:28.200,33.6524599,-117.3029901,-49.5004,-40.7369,16.7595,-0.092,0.848,30.64,0.913606,1
2540.8,2026-08-15T15:34:28.240,33.6524613,-117.3029971,-50.1483,-40.5812,16.7551,-0.085,0.882,31.04,0.925286,1
2540.84,2026-08-15T15:34:28.280,33.6524626,-117.3030040,-50.787,-40.4367,16.7238,-0.085,0.908,31.32,0.931889,1
2540.88,2026-08-15T15:34:28.320,33.6524637,-117.3030112,-51.4534,-40.3144,16.6209,-0.093,0.921,31.67,0.93651,1
2540.92,2026-08-15T15:34:28.360,33.6524648,-117.3030181,-52.0921,-40.192,16.5718,-0.093,0.925,32.14,0.947596,1
2540.96,2026-08-15T15:34:28.400,33.6524659,-117.3030253,-52.7585,-40.0697,16.5271,-0.082,0.936,32.63,0.959448,1
2541,2026-08-15T15:34:28.440,33.6524666,-117.3030323,-53.4064,-39.9919,16.5405,-0.059,0.953,33.01,0.971409,1
2541.04,2026-08-15T15:34:28.480,33.6524673,-117.3030395,-54.0729,-39.9141,16.5807,-0.027,0.983,33.16,0.978196,1
2541.08,2026-08-15T15:34:28.520,33.6524677,-117.3030466,-54.73,-39.8696,16.6209,0.004,0.999,32.95,0.97436,1
2541.12,2026-08-15T15:34:28.560,33.6524681,-117.3030538,-55.3965,-39.8251,16.7193,0.029,0.996,32.49,0.966443,1
2541.16,2026-08-15T15:34:28.600,33.6524685,-117.3030611,-56.0722,-39.7806,16.7729,0.05,0.974,31.94,0.953131,1
2541.2,2026-08-15T15:34:28.640,33.6524687,-117.3030683,-56.7386,-39.7584,16.7551,0.062,0.957,31.42,0.936614,1
2541.24,2026-08-15T15:34:28.680,33.6524687,-117.3030755,-57.405,-39.7584,16.7506,0.069,0.95,31.02,0.924443,1
2541.28,2026-08-15T15:34:28.720,33.6524686,-117.3030827,-58.0715,-39.7695,16.7595,0.075,0.963,30.77,0.917482,1
2541.32,2026-08-15T15:34:28.760,33.6524684,-117.3030899,-58.7379,-39.7917,16.8132,0.083,0.978,30.6,0.915334,1
2541.36,2026-08-15T15:34:28.800,33.6524680,-117.3030972,-59.4136,-39.8362,16.8802,0.098,0.983,30.43,0.913879,1
2541.4,2026-08-15T15:34:28.840,33.6524676,-117.3031045,-60.0893,-39.8807,16.9652,0.117,0.97,30.23,0.912441,1
2541.44,2026-08-15T15:34:28.880,33.6524670,-117.3031118,-60.7649,-39.9474,17.0546,0.141,0.953,29.95,0.908754,1
2541.48,2026-08-15T15:34:28.920,33.6524662,-117.3031193,-61.4591,-40.0364,17.1529,0.167,0.944,29.46,0.899041,1
2541.52,2026-08-15T15:34:28.960,33.6524654,-117.3031267,-62.1441,-40.1253,17.2289,0.191,0.941,28.61,0.876969,1
2541.56,2026-08-15T15:34:29.000,33.6524644,-117.3031340,-62.8198,-40.2365,17.2692,0.212,0.937,27.09,0.832316,1
2541.6,2026-08-15T15:34:29.040,33.6524634,-117.3031414,-63.5047,-40.3477,17.3809,0.235,0.928,25.07,0.775239,1
2541.64,2026-08-15T15:34:29.080,33.6524620,-117.3031488,-64.1897,-40.5034,17.5061,0.251,0.896,22.12,0.688942,1
2541.68,2026-08-15T15:34:29.120,33.6524607,-117.3031564,-64.8931,-40.6479,17.6223,0.252,0.836,18.04,0.565598,1
2541.72,2026-08-15T15:34:29.160,33.6524593,-117.3031638,-65.5781,-40.8036,17.7564,0.229,0.742,12.76,0.403102,1
2541.76,2026-08-15T15:34:29.200,33.6524580,-117.3031713,-66.2723,-40.9482,17.8145,0.165,0.59,6.03,0.191117,1
2541.8,2026-08-15T15:34:29.240,33.6524565,-117.3031789,-66.9757,-41.115,17.743,0.072,0.391,-1.49,-0.0470351,1
2541.84,2026-08-15T15:34:29.280,33.6524552,-117.3031862,-67.6514,-41.2595,17.6044,-0.027,0.144,-9.09,-0.284705,1
2541.88,2026-08-15T15:34:29.320,33.6524541,-117.3031936,-68.3363,-41.3818,17.4435,-0.131,-0.133,-16.17,-0.501825,1
2541.92,2026-08-15T15:34:29.360,33.6524532,-117.3032010,-69.0213,-41.4819,17.3496,-0.211,-0.425,-22.45,-0.69297,1
2541.96,2026-08-15T15:34:29.400,33.6524524,-117.3032083,-69.697,-41.5709,17.2602,-0.26,-0.687,-27.21,-0.83557,1
2542,2026-08-15T15:34:29.440,33.6524516,-117.3032157,-70.3819,-41.6598,17.2066,-0.289,-0.891,-30.77,-0.941955,1
2542.04,2026-08-15T15:34:29.480,33.6524513,-117.3032231,-71.0669,-41.6932,17.1216,-0.296,-1.022,-33.25,-1.01285,1
2542.08,2026-08-15T15:34:29.520,33.6524508,-117.3032306,-71.7611,-41.7488,17.1172,-0.291,-1.084,-34.87,-1.06192,1
2542.12,2026-08-15T15:34:29.560,33.6524506,-117.3032378,-72.4275,-41.771,17.059,-0.273,-1.066,-35.74,-1.08472,1
2542.16,2026-08-15T15:34:29.600,33.6524503,-117.3032452,-73.1124,-41.8044,16.992,-0.243,-1.007,-36.19,-1.09406,1
2542.2,2026-08-15T15:34:29.640,33.6524502,-117.3032524,-73.7789,-41.8155,16.8981,-0.204,-0.939,-36.22,-1.08892,1
2542.24,2026-08-15T15:34:29.680,33.6524502,-117.3032598,-74.4638,-41.8155,16.8668,-0.168,-0.891,-35.84,-1.0755,1
2542.28,2026-08-15T15:34:29.720,33.6524503,-117.3032669,-75.121,-41.8044,16.8668,-0.145,-0.874,-35.09,-1.05299,1
2542.32,2026-08-15T15:34:29.760,33.6524507,-117.3032742,-75.7967,-41.7599,16.8355,-0.148,-0.904,-34.18,-1.02378,1
2542.36,2026-08-15T15:34:29.800,33.6524510,-117.3032815,-76.4724,-41.7265,16.7461,-0.177,-0.955,-33.43,-0.995999,1
2542.4,2026-08-15T15:34:29.840,33.6524516,-117.3032885,-77.1203,-41.6598,16.5941,-0.217,-0.999,-33.14,-0.978397,1
2542.44,2026-08-15T15:34:29.880,33.6524524,-117.3032955,-77.7682,-41.5709,16.4511,-0.252,-1.014,-33.38,-0.976987,1
2542.48,2026-08-15T15:34:29.920,33.6524531,-117.3033025,-78.4161,-41.493,16.3751,-0.263,-0.991,-34.02,-0.991119,1
2542.52,2026-08-15T15:34:29.960,33.6524541,-117.3033094,-79.0548,-41.3818,16.2812,-0.25,-0.94,-34.66,-1.00398,1
2542.56,2026-08-15T15:34:30.000,33.6524551,-117.3033163,-79.6934,-41.2706,16.2454,-0.223,-0.898,-34.99,-1.01131,1
2542.6,2026-08-15T15:34:30.040,33.6524562,-117.3033232,-80.3321,-41.1483,16.1918,-0.198,-0.884,-34.97,-1.00739,1
2542.64,2026-08-15T15:34:30.080,33.6524575,-117.3033300,-80.9615,-41.0038,16.1605,-0.189,-0.903,-34.71,-0.99797,1
2542.68,2026-08-15T15:34:30.120,33.6524589,-117.3033367,-81.5817,-40.8481,16.0666,-0.198,-0.94,-34.48,-0.985599,1
2542.72,2026-08-15T15:34:30.160,33.6524604,-117.3033433,-82.1926,-40.6813,15.9459,-0.213,-0.973,-34.52,-0.979329,1
2542.76,2026-08-15T15:34:30.200,33.6524621,-117.3033498,-82.7942,-40.4923,15.8297,-0.222,-0.979,-34.88,-0.982329,1
2542.8,2026-08-15T15:34:30.240,33.6524638,-117.3033562,-83.3866,-40.3032,15.7313,-0.22,-0.967,-35.33,-0.988821,1
2542.84,2026-08-15T15:34:30.280,33.6524656,-117.3033626,-83.979,-40.1031,15.6688,-0.206,-0.938,-35.71,-0.99548,1
2542.88,2026-08-15T15:34:30.320,33.6524675,-117.3033689,-84.5621,-39.8918,15.5749,-0.188,-0.92,-35.92,-0.995335,1
2542.92,2026-08-15T15:34:30.360,33.6524695,-117.3033752,-85.1452,-39.6694,15.5391,-0.173,-0.92,-35.99,-0.994985,1
2542.96,2026-08-15T15:34:30.400,33.6524716,-117.3033813,-85.7098,-39.4359,15.4899,-0.161,-0.933,-36.01,-0.992387,1
2543,2026-08-15T15:34:30.440,33.6524738,-117.3033874,-86.2744,-39.1913,15.4497,-0.15,-0.944,-36.07,-0.991459,1
2543.04,2026-08-15T15:34:30.480,33.6524762,-117.3033934,-86.8298,-38.9244,15.3826,-0.139,-0.96,-36.18,-0.990166,1
2543.08,2026-08-15T15:34:30.520,33.6524787,-117.3033993,-87.3759,-38.6464,15.3245,-0.125,-0.966,-36.29,-0.989424,1
2543.12,2026-08-15T15:34:30.560,33.6524813,-117.3034052,-87.922,-38.3573,15.2977,-0.111,-0.971,-36.38,-0.990142,1
2543.16,2026-08-15T15:34:30.600,33.6524839,-117.3034109,-88.4496,-38.0682,15.2798,-0.091,-0.971,-36.43,-0.990344,1
2543.2,2026-08-15T15:34:30.640,33.6524867,-117.3034166,-88.9772,-37.7569,15.2083,-0.063,-0.977,-36.34,-0.983273,1
2543.24,2026-08-15T15:34:30.680,33.6524896,-117.3034221,-89.4863,-37.4344,15.1502,-0.023,-0.98,-35.96,-0.969273,1
2543.28,2026-08-15T15:34:30.720,33.6524925,-117.3034276,-89.9953,-37.112,15.1904,0.026,-0.98,-34.89,-0.942929,1
2543.32,2026-08-15T15:34:30.760,33.6524957,-117.3034329,-90.4859,-36.7561,15.2754,0.08,-0.964,-32.15,-0.873737,1
2543.36,2026-08-15T15:34:30.800,33.6524989,-117.3034383,-90.9857,-36.4003,15.3603,0.127,-0.906,-27.44,-0.74988,1
2543.4,2026-08-15T15:34:30.840,33.6525024,-117.3034437,-91.4856,-36.0111,15.4184,0.16,-0.793,-20.5,-0.562344,1
2543.44,2026-08-15T15:34:30.880,33.6525056,-117.3034490,-91.9761,-35.6553,15.4765,0.177,-0.638,-10.62,-0.292419,1
2543.48,2026-08-15T15:34:30.920,33.6525089,-117.3034544,-92.476,-35.2884,15.5346,0.186,-0.473,0.9,0.0248744,1
2543.52,2026-08-15T15:34:30.960,33.6525123,-117.3034599,-92.985,-34.9103,15.6106,0.188,-0.327,13.3,0.369386,1
2543.56,2026-08-15T15:34:31.000,33.6525156,-117.3034654,-93.4941,-34.5433,15.709,0.186,-0.192,24.9,0.695914,1
2543.6,2026-08-15T15:34:31.040,33.6525191,-117.3034708,-93.9939,-34.1542,15.8252,0.185,-0.048,34.46,0.970227,1
2543.64,2026-08-15T15:34:31.080,33.6525225,-117.3034764,-94.5123,-33.7761,15.9459,0.175,0.174,41.06,1.16487,1
2543.68,2026-08-15T15:34:31.120,33.6525258,-117.3034822,-95.0491,-33.4092,16.0219,0.159,0.457,44.92,1.28045,1
2543.72,2026-08-15T15:34:31.160,33.6525287,-117.3034881,-95.5952,-33.0867,16.0621,0.142,0.75,46.01,1.31481,1
2543.76,2026-08-15T15:34:31.200,33.6525316,-117.3034942,-96.1598,-32.7642,16.0264,0.132,0.965,45.55,1.29877,1
2543.8,2026-08-15T15:34:31.240,33.6525342,-117.3035003,-96.7244,-32.4751,16.0219,0.132,1.099,44.38,1.26506,1
2543.84,2026-08-15T15:34:31.280,33.6525369,-117.3035064,-97.2891,-32.1749,16.08,0.144,1.124,42.86,1.22616,1
2543.88,2026-08-15T15:34:31.320,33.6525396,-117.3035127,-97.8722,-31.8747,16.1963,0.169,1.093,41.26,1.18892,1
2543.92,2026-08-15T15:34:31.360,33.6525421,-117.3035191,-98.4646,-31.5967,16.3304,0.198,1.055,39.73,1.15431,1
2543.96,2026-08-15T15:34:31.400,33.6525444,-117.3035256,-99.0662,-31.3409,16.4466,0.223,1.017,37.99,1.11161,1
2544,2026-08-15T15:34:31.440,33.6525468,-117.3035322,-99.6771,-31.0741,16.4958,0.255,0.951,35.91,1.05389,1
2544.04,2026-08-15T15:34:31.480,33.6525489,-117.3035389,-100.297,-30.8406,16.5762,0.296,0.862,33.11,0.976458,1
2544.08,2026-08-15T15:34:31.520,33.6525511,-117.3035456,-100.917,-30.5959,16.7506,0.337,0.767,29.65,0.883615,1
2544.12,2026-08-15T15:34:31.560,33.6525533,-117.3035526,-101.565,-30.3513,16.9875,0.376,0.699,25.41,0.767968,1
2544.16,2026-08-15T15:34:31.600,33.6525554,-117.3035596,-102.213,-30.1178,17.2245,0.403,0.708,20.1,0.615956,1
2544.2,2026-08-15T15:34:31.640,33.6525574,-117.3035667,-102.87,-29.8954,17.3541,0.398,0.77,14.38,0.443986,1
2544.24,2026-08-15T15:34:31.680,33.6525591,-117.3035740,-103.546,-29.7064,17.4346,0.361,0.846,9,0.279166,1
2544.28,2026-08-15T15:34:31.720,33.6525608,-117.3035813,-104.222,-29.5173,17.4569,0.296,0.865,4.7,0.145973,1
2544.32,2026-08-15T15:34:31.760,33.6525623,-117.3035887,-104.907,-29.3505,17.5016,0.209,0.804,2.39,0.0744191,1
2544.36,2026-08-15T15:34:31.800,33.6525639,-117.3035959,-105.573,-29.1726,17.4614,0.11,0.688,2.58,0.0801506,1
2544.4,2026-08-15T15:34:31.840,33.6525656,-117.3036031,-106.24,-28.9836,17.3899,0.006,0.57,4.79,0.148197,1
2544.44,2026-08-15T15:34:31.880,33.6525672,-117.3036103,-106.906,-28.8057,17.296,-0.08,0.481,8.21,0.252637,1
2544.48,2026-08-15T15:34:31.920,33.6525687,-117.3036175,-107.572,-28.6389,17.1932,-0.165,0.44,12.02,0.367679,1
2544.52,2026-08-15T15:34:31.960,33.6525701,-117.3036247,-108.239,-28.4832,17.1127,-0.232,0.437,15.36,0.467647,1
2544.56,2026-08-15T15:34:32.000,33.6525714,-117.3036318,-108.896,-28.3387,17.0143,-0.271,0.446,17.86,0.540636,1
2544.6,2026-08-15T15:34:32.040,33.6525726,-117.3036389,-109.553,-28.2052,16.8802,-0.289,0.475,19.7,0.591634,1
2544.64,2026-08-15T15:34:32.080,33.6525738,-117.3036460,-110.21,-28.0718,16.8221,-0.294,0.538,21.25,0.635987,1
2544.68,2026-08-15T15:34:32.120,33.6525748,-117.3036532,-110.877,-27.9606,16.7595,-0.28,0.621,22.51,0.67119,1
2544.72,2026-08-15T15:34:32.160,33.6525757,-117.3036603,-111.534,-27.8605,16.6791,-0.277,0.705,23.67,0.70239,1
2544.76,2026-08-15T15:34:32.200,33.6525764,-117.3036674,-112.191,-27.7827,16.5718,-0.279,0.765,24.81,0.731483,1
2544.8,2026-08-15T15:34:32.240,33.6525770,-117.3036744,-112.839,-27.716,16.4555,-0.282,0.788,25.91,0.758557,1
2544.84,2026-08-15T15:34:32.280,33.6525776,-117.3036814,-113.487,-27.6493,16.3348,-0.284,0.781,26.97,0.783798,1
2544.88,2026-08-15T15:34:32.320,33.6525781,-117.3036885,-114.144,-27.5937,16.2499,-0.269,0.784,28.1,0.812392,1
2544.92,2026-08-15T15:34:32.360,33.6525786,-117.3036953,-114.774,-27.5381,16.1828,-0.238,0.814,29.08,0.837255,1
2544.96,2026-08-15T15:34:32.400,33.6525788,-117.3037024,-115.431,-27.5158,16.1918,-0.204,0.866,29.84,0.859611,1
2545,2026-08-15T15:34:32.440,33.6525788,-117.3037093,-116.069,-27.5158,16.1694,-0.174,0.919,30.31,0.871945,1
2545.04,2026-08-15T15:34:32.480,33.6525787,-117.3037162,-116.708,-27.5269,16.1471,-0.156,0.944,30.57,0.878209,1
2545.08,2026-08-15T15:34:32.520,33.6525785,-117.3037231,-117.347,-27.5492,16.0487,-0.158,0.935,30.85,0.880855,1
2545.12,2026-08-15T15:34:32.560,33.6525784,-117.3037300,-117.985,-27.5603,15.9236,-0.164,0.913,31.32,0.8873,1
2545.16,2026-08-15T15:34:32.600,33.6525780,-117.3037367,-118.606,-27.6048,15.8029,-0.164,0.909,32.04,0.900817,1
2545.2,2026-08-15T15:34:32.640,33.6525776,-117.3037435,-119.235,-27.6493,15.7179,-0.15,0.927,32.8,0.917228,1
2545.24,2026-08-15T15:34:32.680,33.6525770,-117.3037502,-119.855,-27.716,15.7179,-0.123,0.953,33.39,0.933727,1
2545.28,2026-08-15T15:34:32.720,33.6525763,-117.3037571,-120.494,-27.7938,15.8252,-0.09,0.974,33.63,0.946858,1
2545.32,2026-08-15T15:34:32.760,33.6525754,-117.3037639,-121.123,-27.8939,15.9191,-0.062,0.983,33.52,0.94936,1
2545.36,2026-08-15T15:34:32.800,33.6525743,-117.3037705,-121.734,-28.0162,15.8878,-0.046,0.979,33.19,0.938165,1
2545.4,2026-08-15T15:34:32.840,33.6525732,-117.3037773,-122.364,-28.1385,15.7537,-0.046,0.968,32.89,0.921838,1
2545.44,2026-08-15T15:34:32.880,33.6525720,-117.3037839,-122.974,-28.272,15.6285,-0.054,0.971,32.77,0.911177,1
2545.48,2026-08-15T15:34:32.920,33.6525707,-117.3037904,-123.576,-28.4165,15.6151,-0.061,0.984,32.77,0.910395,1
2545.52,2026-08-15T15:34:32.960,33.6525692,-117.3037969,-124.178,-28.5833,15.6017,-0.061,0.988,32.83,0.911278,1
2545.56,2026-08-15T15:34:33.000,33.6525676,-117.3038034,-124.779,-28.7612,15.6106,-0.059,0.989,32.82,0.911523,1
2545.6,2026-08-15T15:34:33.040,33.6525659,-117.3038098,-125.372,-28.9502,15.6196,-0.06,0.988,32.67,0.907877,1
2545.64,2026-08-15T15:34:33.080,33.6525641,-117.3038161,-125.955,-29.1504,15.5749,-0.068,0.985,32.41,0.898074,1
2545.68,2026-08-15T15:34:33.120,33.6525621,-117.3038224,-126.538,-29.3728,15.5615,-0.088,0.984,32.19,0.891209,1
2545.72,2026-08-15T15:34:33.160,33.6525600,-117.3038286,-127.112,-29.6063,15.481,-0.119,0.986,32.19,0.886601,1
2545.76,2026-08-15T15:34:33.200,33.6525579,-117.3038347,-127.676,-29.8398,15.4139,-0.149,0.978,32.47,0.890439,1
2545.8,2026-08-15T15:34:33.240,33.6525556,-117.3038406,-128.223,-30.0956,15.2754,-0.17,0.969,33,0.896837,1
2545.84,2026-08-15T15:34:33.280,33.6525533,-117.3038465,-128.769,-30.3513,15.177,-0.184,0.966,33.69,0.909694,1
2545.88,2026-08-15T15:34:33.320,33.6525508,-117.3038523,-129.306,-30.6293,15.101,-0.188,0.97,34.42,0.924752,1
2545.92,2026-08-15T15:34:33.360,33.6525483,-117.3038580,-129.833,-30.9073,15.0116,-0.186,0.983,35.04,0.935836,1
2545.96,2026-08-15T15:34:33.400,33.6525457,-117.3038636,-130.351,-31.1964,14.9535,-0.182,1.004,35.54,0.945515,1
2546,2026-08-15T15:34:33.440,33.6525429,-117.3038691,-130.861,-31.5077,14.9311,-0.179,1.019,35.93,0.954462,1
2546.04,2026-08-15T15:34:33.480,33.6525401,-117.3038745,-131.36,-31.8191,14.8417,-0.172,1.018,36.23,0.956668,1
2546.08,2026-08-15T15:34:33.520,33.6525371,-117.3038798,-131.851,-32.1527,14.7657,-0.169,0.997,36.44,0.957286,1
2546.12,2026-08-15T15:34:33.560,33.6525340,-117.3038850,-132.332,-32.4974,14.654,-0.166,0.963,36.62,0.954733,1
2546.16,2026-08-15T15:34:33.600,33.6525311,-117.3038901,-132.804,-32.8198,14.5914,-0.163,0.931,36.83,0.956107,1
2546.2,2026-08-15T15:34:33.640,33.6525279,-117.3038951,-133.267,-33.1756,14.5199,-0.163,0.916,37.1,0.958395,1
2546.24,2026-08-15T15:34:33.680,33.6525248,-117.3038999,-133.711,-33.5204,14.4036,-0.166,0.916,37.48,0.960461,1
2546.28,2026-08-15T15:34:33.720,33.6525215,-117.3039047,-134.156,-33.8873,14.3589,-0.168,0.935,38.02,0.971275,1
2546.32,2026-08-15T15:34:33.760,33.6525181,-117.3039093,-134.581,-34.2654,14.2829,-0.166,0.957,38.62,0.981382,1
2546.36,2026-08-15T15:34:33.800,33.6525147,-117.3039138,-134.998,-34.6434,14.2069,-0.161,0.973,39.17,0.990062,1
2546.4,2026-08-15T15:34:33.840,33.6525112,-117.3039181,-135.396,-35.0326,14.1622,-0.153,0.978,39.59,0.997529,1
2546.44,2026-08-15T15:34:33.880,33.6525075,-117.3039223,-135.785,-35.444,14.0639,-0.144,0.971,39.8,0.995856,1
2546.48,2026-08-15T15:34:33.920,33.6525039,-117.3039265,-136.173,-35.8443,14.0013,-0.137,0.96,39.8,0.991424,1
2546.52,2026-08-15T15:34:33.960,33.6525002,-117.3039304,-136.534,-36.2557,13.8985,-0.14,0.973,39.62,0.979693,1
2546.56,2026-08-15T15:34:34.000,33.6524963,-117.3039343,-136.895,-36.6894,13.7867,-0.152,0.981,39.33,0.964702,1
2546.6,2026-08-15T15:34:34.040,33.6524926,-117.3039379,-137.229,-37.1008,13.675,-0.166,0.974,39.02,0.949339,1
2546.64,2026-08-15T15:34:34.080,33.6524887,-117.3039414,-137.553,-37.5345,13.5319,-0.176,0.935,38.71,0.931945,1
2546.68,2026-08-15T15:34:34.120,33.6524849,-117.3039447,-137.858,-37.957,13.4067,-0.17,0.865,38.33,0.914261,1
2546.72,2026-08-15T15:34:34.160,33.6524810,-117.3039481,-138.173,-38.3907,13.362,-0.147,0.808,37.76,0.897662,1
2546.76,2026-08-15T15:34:34.200,33.6524771,-117.3039514,-138.478,-38.8244,13.3129,-0.106,0.812,36.94,0.874936,1
2546.8,2026-08-15T15:34:34.240,33.6524731,-117.3039545,-138.765,-39.2691,13.3397,-0.07,0.892,35.92,0.852491,1
2546.84,2026-08-15T15:34:34.280,33.6524688,-117.3039574,-139.034,-39.7473,13.2816,-0.048,1.016,34.84,0.823257,1
2546.88,2026-08-15T15:34:34.320,33.6524646,-117.3039599,-139.265,-40.2143,13.1877,-0.032,1.116,33.93,0.796087,1
2546.92,2026-08-15T15:34:34.360,33.6524603,-117.3039623,-139.487,-40.6924,13.0714,-0.025,1.141,33.33,0.775117,1
2546.96,2026-08-15T15:34:34.400,33.6524561,-117.3039647,-139.709,-41.1594,13.0491,-0.004,1.091,32.88,0.763345,1
2547,2026-08-15T15:34:34.440,33.6524517,-117.3039670,-139.922,-41.6487,13.1162,0.041,0.99,32.2,0.751399,1
2547.04,2026-08-15T15:34:34.480,33.6524473,-117.3039693,-140.135,-42.138,13.2145,0.103,0.911,30.66,0.720827,1
2547.08,2026-08-15T15:34:34.520,33.6524429,-117.3039715,-140.339,-42.6272,13.3263,0.153,0.9,28.2,0.668599,1
2547.12,2026-08-15T15:34:34.560,33.6524382,-117.3039734,-140.515,-43.1498,13.3665,0.17,0.954,24.82,0.590239,1
2547.16,2026-08-15T15:34:34.600,33.6524336,-117.3039751,-140.672,-43.6613,13.3531,0.141,1.032,21.36,0.507448,1
2547.2,2026-08-15T15:34:34.640,33.6524290,-117.3039766,-140.811,-44.1728,13.2637,0.077,1.084,18.49,0.436324,1
2547.24,2026-08-15T15:34:34.680,33.6524244,-117.3039778,-140.922,-44.6843,13.1206,0.004,1.061,16.89,0.394269,1
2547.28,2026-08-15T15:34:34.720,33.6524198,-117.3039791,-141.042,-45.1958,13.0491,-0.041,0.968,16.71,0.387941,1
2547.32,2026-08-15T15:34:34.760,33.6524152,-117.3039804,-141.162,-45.7073,13.0938,-0.041,0.85,17.71,0.412565,1
2547.36,2026-08-15T15:34:34.800,33.6524106,-117.3039816,-141.273,-46.2188,13.2234,-0.005,0.748,19.3,0.454057,1
2547.4,2026-08-15T15:34:34.840,33.6524058,-117.3039828,-141.385,-46.7526,13.3397,0.044,0.694,21.12,0.501242,1
2547.44,2026-08-15T15:34:34.880,33.6524010,-117.3039837,-141.468,-47.2863,13.3888,0.081,0.687,23.11,0.550493,1
2547.48,2026-08-15T15:34:34.920,33.6523961,-117.3039845,-141.542,-47.8311,13.438,0.089,0.701,25.06,0.599135,1
2547.52,2026-08-15T15:34:34.960,33.6523912,-117.3039852,-141.607,-48.376,13.4246,0.071,0.714,27.22,0.650127,1
2547.56,2026-08-15T15:34:35.000,33.6523864,-117.3039858,-141.662,-48.9097,13.4201,0.045,0.732,29.4,0.701961,1
2547.6,2026-08-15T15:34:35.040,33.6523815,-117.3039863,-141.709,-49.4546,13.4023,0.021,0.751,31.53,0.751814,1
2547.64,2026-08-15T15:34:35.080,33.6523767,-117.3039867,-141.746,-49.9883,13.371,0.011,0.779,33.35,0.793354,1
2547.68,2026-08-15T15:34:35.120,33.6523719,-117.3039869,-141.764,-50.5221,13.362,0.009,0.827,34.85,0.828483,1
2547.72,2026-08-15T15:34:35.160,33.6523670,-117.3039869,-141.764,-51.0669,13.447,0.009,0.875,35.86,0.857912,1
2547.76,2026-08-15T15:34:35.200,33.6523620,-117.3039868,-141.755,-51.6229,13.4917,0.008,0.899,36.55,0.877327,1
2547.8,2026-08-15T15:34:35.240,33.6523572,-117.3039864,-141.718,-52.1566,13.5051,0.006,0.9,37.04,0.889972,1
2547.84,2026-08-15T15:34:35.280,33.6523523,-117.3039861,-141.69,-52.7015,13.4783,0.003,0.894,37.38,0.896358,1
2547.88,2026-08-15T15:34:35.320,33.6523474,-117.3039856,-141.644,-53.2463,13.5051,0,0.896,37.67,0.905109,1
2547.92,2026-08-15T15:34:35.360,33.6523426,-117.3039850,-141.588,-53.7801,13.523,0.002,0.91,37.9,0.911841,1
2547.96,2026-08-15T15:34:35.400,33.6523377,-117.3039842,-141.514,-54.3249,13.5006,0.003,0.934,38.07,0.914418,1
2548,2026-08-15T15:34:35.440,33.6523329,-117.3039831,-141.412,-54.8587,13.4961,0.003,0.952,38.11,0.915075,1
2548.04,2026-08-15T15:34:35.480,33.6523280,-117.3039820,-141.311,-55.4035,13.4961,0.011,0.949,37.97,0.911714,1
2548.08,2026-08-15T15:34:35.520,33.6523232,-117.3039807,-141.19,-55.9373,13.5364,0.023,0.927,37.63,0.906243,1
2548.12,2026-08-15T15:34:35.560,33.6523184,-117.3039793,-141.061,-56.471,13.5945,0.028,0.914,37.15,0.898525,1
2548.16,2026-08-15T15:34:35.600,33.6523136,-117.3039777,-140.913,-57.0047,13.6481,0.026,0.916,36.62,0.889201,1
2548.2,2026-08-15T15:34:35.640,33.6523089,-117.3039760,-140.755,-57.5273,13.5811,0.014,0.937,36.16,0.873717,1
2548.24,2026-08-15T15:34:35.680,33.6523043,-117.3039741,-140.579,-58.0388,13.5274,-0.011,0.96,35.82,0.862083,1
2548.28,2026-08-15T15:34:35.720,33.6522997,-117.3039721,-140.394,-58.5503,13.4023,-0.045,0.958,35.68,0.850768,1
2548.32,2026-08-15T15:34:35.760,33.6522952,-117.3039700,-140.2,-59.0507,13.371,-0.076,0.937,35.76,0.850685,1
2548.36,2026-08-15T15:34:35.800,33.6522909,-117.3039678,-139.996,-59.5288,13.3531,-0.103,0.916,36.04,0.856199,1
2548.4,2026-08-15T15:34:35.840,33.6522863,-117.3039655,-139.783,-60.0403,13.3441,-0.125,0.918,36.51,0.866784,1
2548.44,2026-08-15T15:34:35.880,33.6522820,-117.3039631,-139.561,-60.5185,13.3084,-0.137,0.937,37.16,0.879851,1
2548.48,2026-08-15T15:34:35.920,33.6522777,-117.3039604,-139.311,-60.9966,13.2056,-0.139,0.958,37.9,0.89044,1
2548.52,2026-08-15T15:34:35.960,33.6522736,-117.3039576,-139.052,-61.4525,13.143,-0.128,0.961,38.68,0.904458,1
2548.56,2026-08-15T15:34:36.000,33.6522696,-117.3039548,-138.793,-61.8973,13.1162,-0.106,0.95,39.35,0.918247,1
2548.6,2026-08-15T15:34:36.040,33.6522655,-117.3039518,-138.515,-62.3532,13.134,-0.074,0.939,39.76,0.92908,1
2548.64,2026-08-15T15:34:36.080,33.6522615,-117.3039487,-138.228,-62.798,13.1564,-0.043,0.944,39.8,0.931597,1
2548.68,2026-08-15T15:34:36.120,33.6522576,-117.3039454,-137.923,-63.2316,13.1519,-0.026,0.959,39.59,0.926367,1
2548.72,2026-08-15T15:34:36.160,33.6522538,-117.3039420,-137.608,-63.6542,13.1206,-0.022,0.974,39.22,0.915525,1
2548.76,2026-08-15T15:34:36.200,33.6522502,-117.3039385,-137.284,-64.0545,13.143,-0.029,0.982,38.89,0.909369,1
2548.8,2026-08-15T15:34:36.240,33.6522465,-117.3039348,-136.942,-64.4659,13.1072,-0.044,0.982,38.73,0.903163,1
2548.84,2026-08-15T15:34:36.280,33.6522429,-117.3039311,-136.599,-64.8662,13.0893,-0.055,0.972,38.77,0.902863,1
2548.88,2026-08-15T15:34:36.320,33.6522394,-117.3039273,-136.248,-65.2554,13.1027,-0.058,0.965,38.91,0.907051,1
2548.92,2026-08-15T15:34:36.360,33.6522361,-117.3039233,-135.877,-65.6223,13.0759,-0.06,0.964,39.04,0.908219,1
2548.96,2026-08-15T15:34:36.400,33.6522327,-117.3039193,-135.507,-66.0004,13.0714,-0.056,0.966,39.12,0.909769,1
2549,2026-08-15T15:34:36.440,33.6522295,-117.3039150,-135.109,-66.3562,13.0938,-0.055,0.969,39.06,0.909927,1
2549.04,2026-08-15T15:34:36.480,33.6522264,-117.3039108,-134.72,-66.7009,13.0759,-0.06,0.966,38.93,0.90566,1
2549.08,2026-08-15T15:34:36.520,33.6522233,-117.3039064,-134.313,-67.0456,13.0357,-0.068,0.961,38.8,0.899858,1
2549.12,2026-08-15T15:34:36.560,33.6522205,-117.3039020,-133.906,-67.357,12.9776,-0.075,0.944,38.74,0.894461,1
2549.16,2026-08-15T15:34:36.600,33.6522178,-117.3038976,-133.498,-67.6572,12.8926,-0.084,0.931,38.78,0.889524,1
2549.2,2026-08-15T15:34:36.640,33.6522151,-117.3038931,-133.082,-67.9574,12.8211,-0.085,0.928,39.01,0.889836,1
2549.24,2026-08-15T15:34:36.680,33.6522125,-117.3038886,-132.665,-68.2465,12.8345,-0.077,0.939,39.38,0.899215,1
2549.28,2026-08-15T15:34:36.720,33.6522100,-117.3038838,-132.221,-68.5245,12.8256,-0.063,0.959,39.81,0.908401,1
2549.32,2026-08-15T15:34:36.760,33.6522077,-117.3038790,-131.777,-68.7803,12.8435,-0.048,0.979,40.21,0.918807,1
2549.36,2026-08-15T15:34:36.800,33.6522057,-117.3038742,-131.333,-69.0027,12.8256,-0.025,0.981,40.54,0.925058,1
2549.4,2026-08-15T15:34:36.840,33.6522035,-117.3038692,-130.87,-69.2473,12.8703,-0.004,0.975,40.73,0.932633,1
2549.44,2026-08-15T15:34:36.880,33.6522015,-117.3038642,-130.407,-69.4697,12.9016,0.013,0.968,40.76,0.935589,1
2549.48,2026-08-15T15:34:36.920,33.6521997,-117.3038592,-129.944,-69.6698,12.8703,0.036,0.963,40.64,0.930572,1
2549.52,2026-08-15T15:34:36.960,33.6521979,-117.3038539,-129.454,-69.87,12.8971,0.062,0.969,40.27,0.924022,1
2549.56,2026-08-15T15:34:37.000,33.6521962,-117.3038488,-128.982,-70.059,12.9507,0.084,0.978,39.77,0.916345,1
2549.6,2026-08-15T15:34:37.040,33.6521948,-117.3038434,-128.482,-70.2147,13.0178,0.107,0.976,39.11,0.905803,1
2549.64,2026-08-15T15:34:37.080,33.6521934,-117.3038380,-127.982,-70.3704,13.1162,0.128,0.959,38.33,0.894445,1
2549.68,2026-08-15T15:34:37.120,33.6521921,-117.3038325,-127.473,-70.5149,13.2011,0.139,0.936,37.58,0.882622,1
2549.72,2026-08-15T15:34:37.160,33.6521909,-117.3038268,-126.945,-70.6483,13.2458,0.14,0.916,37.05,0.873121,1
2549.76,2026-08-15T15:34:37.200,33.6521898,-117.3038213,-126.436,-70.7707,13.3263,0.139,0.907,36.73,0.870839,1
2549.8,2026-08-15T15:34:37.240,33.6521888,-117.3038156,-125.909,-70.8818,13.3531,0.135,0.91,36.67,0.871166,1
2549.84,2026-08-15T15:34:37.280,33.6521879,-117.3038100,-125.39,-70.9819,13.3799,0.13,0.915,36.8,0.87601,1
2549.88,2026-08-15T15:34:37.320,33.6521871,-117.3038041,-124.844,-71.0709,13.4201,0.132,0.915,36.96,0.882465,1
2549.92,2026-08-15T15:34:37.360,33.6521865,-117.3037985,-124.326,-71.1376,13.4872,0.14,0.908,37.04,0.888794,1
2549.96,2026-08-15T15:34:37.400,33.6521861,-117.3037926,-123.78,-71.1821,13.5855,0.151,0.901,37.01,0.89455,1
2550,2026-08-15T15:34:37.440,33.6521857,-117.3037866,-123.224,-71.2266,13.6928,0.163,0.898,36.81,0.896742,1
2550.04,2026-08-15T15:34:37.480,33.6521853,-117.3037806,-122.669,-71.271,13.818,0.171,0.908,36.42,0.895352,1
2550.08,2026-08-15T15:34:37.520,33.6521852,-117.3037747,-122.123,-71.2822,13.8985,0.173,0.918,35.84,0.886224,1
2550.12,2026-08-15T15:34:37.560,33.6521853,-117.3037687,-121.568,-71.271,13.9432,0.171,0.924,34.99,0.867989,1
2550.16,2026-08-15T15:34:37.600,33.6521855,-117.3037627,-121.012,-71.2488,13.9521,0.17,0.922,33.73,0.837269,1
2550.2,2026-08-15T15:34:37.640,33.6521857,-117.3037567,-120.457,-71.2266,13.9834,0.171,0.911,31.67,0.787897,1
2550.24,2026-08-15T15:34:37.680,33.6521861,-117.3037506,-119.892,-71.1821,14.1086,0.173,0.884,28.79,0.722659,1
2550.28,2026-08-15T15:34:37.720,33.6521865,-117.3037445,-119.328,-71.1376,14.1846,0.168,0.839,24.96,0.629897,1
2550.32,2026-08-15T15:34:37.760,33.6521870,-117.3037383,-118.754,-71.082,14.2427,0.147,0.758,19.83,0.502485,1
2550.36,2026-08-15T15:34:37.800,33.6521876,-117.3037322,-118.189,-71.0153,14.274,0.111,0.641,13.93,0.353757,1
2550.4,2026-08-15T15:34:37.840,33.6521882,-117.3037261,-117.624,-70.9486,14.2248,0.062,0.481,7.72,0.195376,1
2550.44,2026-08-15T15:34:37.880,33.6521888,-117.3037200,-117.06,-70.8818,14.1801,0.01,0.275,1.45,0.036581,1
2550.48,2026-08-15T15:34:37.920,33.6521893,-117.3037140,-116.504,-70.8263,14.0996,-0.033,0.028,-4.73,-0.118653,1
2550.52,2026-08-15T15:34:37.960,33.6521895,-117.3037079,-115.94,-70.804,14.0862,-0.062,-0.23,-10.19,-0.255374,1
2550.56,2026-08-15T15:34:38.000,33.6521898,-117.3037017,-115.366,-70.7707,14.1131,-0.074,-0.466,-14.77,-0.37086,1
2550.6,2026-08-15T15:34:38.040,33.6521898,-117.3036956,-114.801,-70.7707,14.122,-0.077,-0.656,-18.35,-0.461042,1
2550.64,2026-08-15T15:34:38.080,33.6521898,-117.3036894,-114.228,-70.7707,14.1399,-0.077,-0.778,-20.93,-0.52653,1
2550.68,2026-08-15T15:34:38.120,33.6521895,-117.3036832,-113.654,-70.804,14.1488,-0.078,-0.821,-22.48,-0.565881,1
2550.72,2026-08-15T15:34:38.160,33.6521894,-117.3036772,-113.098,-70.8151,14.1399,-0.083,-0.803,-23.29,-0.5859,1
2550.76,2026-08-15T15:34:38.200,33.6521891,-117.3036710,-112.524,-70.8485,14.0862,-0.086,-0.753,-23.71,-0.594203,1
2550.8,2026-08-15T15:34:38.240,33.6521888,-117.3036650,-111.969,-70.8818,14.046,-0.081,-0.693,-23.87,-0.596504,1
2550.84,2026-08-15T15:34:38.280,33.6521885,-117.3036590,-111.414,-70.9152,14.0371,-0.067,-0.645,-23.87,-0.596124,1
2550.88,2026-08-15T15:34:38.320,33.6521880,-117.3036528,-110.84,-70.9708,14.1086,-0.049,-0.616,-23.74,-0.595899,1
2550.92,2026-08-15T15:34:38.360,33.6521874,-117.3036466,-110.266,-71.0375,14.1622,-0.032,-0.606,-23.58,-0.594133,1
2550.96,2026-08-15T15:34:38.400,33.6521867,-117.3036406,-109.711,-71.1154,14.1935,-0.028,-0.629,-23.5,-0.593426,1
2551,2026-08-15T15:34:38.440,33.6521859,-117.3036345,-109.146,-71.2043,14.1846,-0.04,-0.668,-23.64,-0.596585,1
2551.04,2026-08-15T15:34:38.480,33.6521851,-117.3036284,-108.581,-71.2933,14.1265,-0.058,-0.705,-24.2,-0.608215,1
2551.08,2026-08-15T15:34:38.520,33.6521840,-117.3036226,-108.045,-71.4156,14.0639,-0.07,-0.732,-25.1,-0.62804,1
2551.12,2026-08-15T15:34:38.560,33.6521831,-117.3036167,-107.498,-71.5157,14.0549,-0.07,-0.741,-26.23,-0.655897,1
2551.16,2026-08-15T15:34:38.600,33.6521819,-117.3036107,-106.943,-71.6491,14.0862,-0.059,-0.74,-27.45,-0.687932,1
2551.2,2026-08-15T15:34:38.640,33.6521807,-117.3036047,-106.388,-71.7825,14.1399,-0.044,-0.761,-28.55,-0.718224,1
2551.24,2026-08-15T15:34:38.680,33.6521793,-117.3035987,-105.832,-71.9382,14.1667,-0.049,-0.789,-29.39,-0.740758,1
2551.28,2026-08-15T15:34:38.720,33.6521777,-117.3035928,-105.286,-72.1161,14.1488,-0.078,-0.816,-30.13,-0.758451,1
2551.32,2026-08-15T15:34:38.760,33.6521762,-117.3035871,-104.759,-72.2829,14.1041,-0.125,-0.815,-31.04,-0.778889,1
2551.36,2026-08-15T15:34:38.800,33.6521746,-117.3035814,-104.231,-72.4608,13.9834,-0.174,-0.796,-32.05,-0.797351,1
2551.4,2026-08-15T15:34:38.840,33.6521728,-117.3035758,-103.713,-72.661,13.9029,-0.208,-0.776,-33.16,-0.820219,1
2551.44,2026-08-15T15:34:38.880,33.6521712,-117.3035702,-103.194,-72.8389,13.818,-0.215,-0.783,-34.18,-0.840283,1
2551.48,2026-08-15T15:34:38.920,33.6521693,-117.3035647,-102.685,-73.0502,13.7733,-0.204,-0.82,-34.81,-0.853003,1
2551.52,2026-08-15T15:34:38.960,33.6521672,-117.3035593,-102.185,-73.2837,13.7197,-0.186,-0.863,-34.87,-0.851145,1
2551.56,2026-08-15T15:34:39.000,33.6521650,-117.3035541,-101.704,-73.5283,13.7241,-0.165,-0.893,-34.55,-0.843609,1
2551.6,2026-08-15T15:34:39.040,33.6521627,-117.3035487,-101.204,-73.784,13.7197,-0.14,-0.894,-33.96,-0.828933,1
2551.64,2026-08-15T15:34:39.080,33.6521604,-117.3035435,-100.723,-74.0398,13.7152,-0.106,-0.87,-33.16,-0.809142,1
2551.68,2026-08-15T15:34:39.120,33.6521581,-117.3035383,-100.242,-74.2955,13.6973,-0.052,-0.842,-32.05,-0.781037,1
2551.72,2026-08-15T15:34:39.160,33.6521556,-117.3035331,-99.7604,-74.5735,13.7465,0.014,-0.838,-30.61,-0.748623,1
2551.76,2026-08-15T15:34:39.200,33.6521529,-117.3035280,-99.2884,-74.8737,13.8851,0.077,-0.849,-28.67,-0.708246,1
2551.8,2026-08-15T15:34:39.240,33.6521501,-117.3035228,-98.807,-75.1851,13.9924,0.129,-0.856,-26.19,-0.65198,1
2551.84,2026-08-15T15:34:39.280,33.6521473,-117.3035178,-98.3442,-75.4964,14.046,0.165,-0.834,-23.2,-0.579761,1
2551.88,2026-08-15T15:34:39.320,33.6521441,-117.3035127,-97.8722,-75.8523,14.1622,0.179,-0.761,-19.54,-0.492339,1
2551.92,2026-08-15T15:34:39.360,33.6521412,-117.3035077,-97.4094,-76.1747,14.2561,0.185,-0.652,-15.46,-0.39212,1
2551.96,2026-08-15T15:34:39.400,33.6521382,-117.3035027,-96.9466,-76.5083,14.3276,0.195,-0.517,-11.03,-0.281163,1
2552,2026-08-15T15:34:39.440,33.6521351,-117.3034977,-96.4838,-76.853,14.4349,0.211,-0.345,-6.16,-0.158199,1
2552.04,2026-08-15T15:34:39.480,33.6521319,-117.3034924,-95.9932,-77.2088,14.6182,0.232,-0.16,-1.43,-0.0371911,1
2552.08,2026-08-15T15:34:39.520,33.6521289,-117.3034871,-95.5027,-77.5424,14.7478,0.255,0.024,2.65,0.0695317,1
2552.12,2026-08-15T15:34:39.560,33.6521260,-117.3034818,-95.0121,-77.8649,14.9043,0.281,0.196,5.97,0.158305,1
2552.16,2026-08-15T15:34:39.600,33.6521231,-117.3034763,-94.503,-78.1874,15.0116,0.305,0.334,8.39,0.224077,1
2552.2,2026-08-15T15:34:39.640,33.6521201,-117.3034706,-93.9754,-78.5209,15.1636,0.324,0.418,9.81,0.264655,1
2552.24,2026-08-15T15:34:39.680,33.6521172,-117.3034649,-93.4478,-78.8434,15.3066,0.338,0.454,10.67,0.290571,1
2552.28,2026-08-15T15:34:39.720,33.6521143,-117.3034591,-92.911,-79.1659,15.4676,0.342,0.451,11.27,0.310138,1
2552.32,2026-08-15T15:34:39.760,33.6521115,-117.3034534,-92.3834,-79.4772,15.5883,0.339,0.426,11.79,0.326979,1
2552.36,2026-08-15T15:34:39.800,33.6521085,-117.3034474,-91.828,-79.8108,15.7045,0.336,0.396,12.35,0.345064,1
2552.4,2026-08-15T15:34:39.840,33.6521057,-117.3034414,-91.2727,-80.1221,15.8297,0.342,0.367,12.92,0.363867,1
2552.44,2026-08-15T15:34:39.880,33.6521029,-117.3034354,-90.7173,-80.4335,15.9906,0.366,0.355,13.38,0.380653,1
2552.48,2026-08-15T15:34:39.920,33.6521000,-117.3034292,-90.1434,-80.756,16.2141,0.4,0.364,13.63,0.393186,1
2552.52,2026-08-15T15:34:39.960,33.6520971,-117.3034229,-89.5603,-81.0784,16.4287,0.425,0.388,13.74,0.401605,1
2552.56,2026-08-15T15:34:40.000,33.6520945,-117.3034165,-88.9679,-81.3675,16.6165,0.423,0.414,13.94,0.412107,1
2552.6,2026-08-15T15:34:40.040,33.6520916,-117.3034098,-88.3478,-81.69,16.8087,0.397,0.435,14.33,0.428537,1
2552.64,2026-08-15T15:34:40.080,33.6520890,-117.3034033,-87.7461,-81.9791,16.8981,0.357,0.449,15.17,0.456071,1
2552.68,2026-08-15T15:34:40.120,33.6520863,-117.3033966,-87.126,-82.2793,16.9696,0.325,0.463,16.41,0.495438,1
2552.72,2026-08-15T15:34:40.160,33.6520836,-117.3033899,-86.5058,-82.5796,17.0859,0.321,0.494,17.92,0.544733,1
2552.76,2026-08-15T15:34:40.200,33.6520811,-117.3033830,-85.8672,-82.8575,17.2915,0.346,0.539,19.24,0.591897,1
2552.8,2026-08-15T15:34:40.240,33.6520786,-117.3033761,-85.2285,-83.1355,17.5597,0.378,0.585,20.25,0.632632,1
2552.84,2026-08-15T15:34:40.280,33.6520760,-117.3033689,-84.5621,-83.4246,17.7609,0.398,0.629,20.81,0.657575,1
2552.88,2026-08-15T15:34:40.320,33.6520737,-117.3033617,-83.8957,-83.6804,17.9531,0.402,0.658,21.08,0.673316,1
2552.92,2026-08-15T15:34:40.360,33.6520714,-117.3033543,-83.2107,-83.9361,18.0291,0.384,0.668,21.16,0.678732,1
2552.96,2026-08-15T15:34:40.400,33.6520690,-117.3033469,-82.5258,-84.203,18.123,0.362,0.671,21.25,0.685169,1
2553,2026-08-15T15:34:40.440,33.6520668,-117.3033396,-81.8501,-84.4476,18.2348,0.352,0.68,21.41,0.694585,1
2553.04,2026-08-15T15:34:40.480,33.6520647,-117.3033320,-81.1466,-84.6811,18.4002,0.359,0.685,21.56,0.705795,1
2553.08,2026-08-15T15:34:40.520,33.6520626,-117.3033243,-80.4339,-84.9146,18.5835,0.373,0.693,21.59,0.713818,1
2553.12,2026-08-15T15:34:40.560,33.6520606,-117.3033164,-79.7027,-85.137,18.807,0.394,0.701,21.49,0.719058,1
2553.16,2026-08-15T15:34:40.600,33.6520587,-117.3033085,-78.9715,-85.3483,19.0126,0.41,0.71,21.29,0.720155,1
2553.2,2026-08-15T15:34:40.640,33.6520569,-117.3033004,-78.2217,-85.5485,19.1914,0.411,0.718,21.06,0.719075,1
2553.24,2026-08-15T15:34:40.680,33.6520551,-117.3032923,-77.472,-85.7486,19.33,0.404,0.729,20.96,0.720828,1
2553.28,2026-08-15T15:34:40.720,33.6520534,-117.3032841,-76.713,-85.9376,19.4507,0.394,0.737,21.05,0.728444,1
2553.32,2026-08-15T15:34:40.760,33.6520519,-117.3032758,-75.9448,-86.1044,19.5938,0.381,0.743,21.32,0.743213,1
2553.36,2026-08-15T15:34:40.800,33.6520503,-117.3032674,-75.1673,-86.2823,19.6876,0.373,0.748,21.73,0.761135,1
2553.4,2026-08-15T15:34:40.840,33.6520489,-117.3032590,-74.3898,-86.438,19.8307,0.369,0.747,22.18,0.782542,1
2553.44,2026-08-15T15:34:40.880,33.6520477,-117.3032504,-73.5937,-86.5715,20.0006,0.366,0.749,22.6,0.804191,1
2553.48,2026-08-15T15:34:40.920,33.6520465,-117.3032418,-72.7977,-86.7049,20.2151,0.354,0.761,23,0.827205,1
2553.52,2026-08-15T15:34:40.960,33.6520453,-117.3032331,-71.9925,-86.8383,20.3895,0.34,0.772,23.37,0.847761,1
2553.56,2026-08-15T15:34:41.000,33.6520442,-117.3032243,-71.1779,-86.9606,20.4744,0.327,0.784,23.67,0.862221,1
2553.6,2026-08-15T15:34:41.040,33.6520434,-117.3032154,-70.3541,-87.0496,20.537,0.325,0.803,23.87,0.872164,1
2553.64,2026-08-15T15:34:41.080,33.6520425,-117.3032066,-69.5396,-87.1497,20.622,0.335,0.812,23.9,0.876872,1
2553.68,2026-08-15T15:34:41.120,33.6520418,-117.3031975,-68.6973,-87.2275,20.8008,0.356,0.82,23.76,0.879294,1
2553.72,2026-08-15T15:34:41.160,33.6520411,-117.3031884,-67.855,-87.3053,21.069,0.377,0.835,23.39,0.876763,1
2553.76,2026-08-15T15:34:41.200,33.6520407,-117.3031793,-67.0127,-87.3498,21.2568,0.389,0.846,22.84,0.863776,1
2553.8,2026-08-15T15:34:41.240,33.6520404,-117.3031700,-66.1519,-87.3832,21.4222,0.393,0.843,22.12,0.843056,1
2553.84,2026-08-15T15:34:41.280,33.6520401,-117.3031607,-65.2911,-87.4165,21.5071,0.389,0.836,21.25,0.81311,1
2553.88,2026-08-15T15:34:41.320,33.6520398,-117.3031513,-64.4211,-87.4499,21.601,0.382,0.816,20.18,0.775538,1
2553.92,2026-08-15T15:34:41.360,33.6520397,-117.3031420,-63.5603,-87.461,21.7217,0.388,0.786,18.76,0.724994,1
2553.96,2026-08-15T15:34:41.400,33.6520397,-117.3031324,-62.6717,-87.461,21.8871,0.402,0.769,16.98,0.661202,1
2554,2026-08-15T15:34:41.440,33.6520397,-117.3031229,-61.7924,-87.461,22.1061,0.426,0.764,14.56,0.572641,1
2554.04,2026-08-15T15:34:41.480,33.6520398,-117.3031132,-60.8945,-87.4499,22.3431,0.445,0.762,11.6,0.461115,1
2554.08,2026-08-15T15:34:41.520,33.6520403,-117.3031034,-59.9874,-87.3943,22.5621,0.447,0.747,8.21,0.329558,1
2554.12,2026-08-15T15:34:41.560,33.6520407,-117.3030936,-59.0804,-87.3498,22.7275,0.429,0.693,4.69,0.189641,1
2554.16,2026-08-15T15:34:41.600,33.6520410,-117.3030836,-58.1548,-87.3165,22.7588,0.398,0.574,1.22,0.0493989,1
2554.2,2026-08-15T15:34:41.640,33.6520413,-117.3030739,-57.2569,-87.2831,22.8348,0.366,0.416,-1.5,-0.0609392,1
2554.24,2026-08-15T15:34:41.680,33.6520415,-117.3030639,-56.3313,-87.2609,22.9242,0.347,0.238,-3.37,-0.137446,1
2554.28,2026-08-15T15:34:41.720,33.6520419,-117.3030539,-55.4057,-87.2164,23.0762,0.338,0.065,-4.35,-0.178592,1
2554.32,2026-08-15T15:34:41.760,33.6520421,-117.3030438,-54.4709,-87.1941,23.2818,0.334,-0.079,-4.59,-0.190125,1
2554.36,2026-08-15T15:34:41.800,33.6520422,-117.3030336,-53.5268,-87.183,23.4741,0.328,-0.177,-4.28,-0.178748,1
2554.4,2026-08-15T15:34:41.840,33.6520424,-117.3030233,-52.5734,-87.1608,23.5814,0.31,-0.236,-3.79,-0.159007,1
2554.44,2026-08-15T15:34:41.880,33.6520426,-117.3030131,-51.6293,-87.1385,23.635,0.285,-0.247,-3.29,-0.138344,1
2554.48,2026-08-15T15:34:41.920,33.6520427,-117.3030027,-50.6667,-87.1274,23.7334,0.268,-0.228,-2.89,-0.12203,1
2554.52,2026-08-15T15:34:41.960,33.6520427,-117.3029924,-49.7133,-87.1274,23.8451,0.267,-0.183,-2.59,-0.109877,1
2554.56,2026-08-15T15:34:42.000,33.6520428,-117.3029821,-48.7599,-87.1163,23.9748,0.279,-0.134,-2.36,-0.100664,1
2554.6,2026-08-15T15:34:42.040,33.6520430,-117.3029716,-47.7881,-87.0941,24.167,0.296,-0.086,-2.12,-0.0911521,1
2554.64,2026-08-15T15:34:42.080,33.6520431,-117.3029610,-46.8069,-87.083,24.319,0.309,-0.06,-1.7,-0.0735534,1
2554.68,2026-08-15T15:34:42.120,33.6520432,-117.3029504,-45.8258,-87.0718,24.4665,0.313,-0.028,-1.01,-0.0439644,1
2554.72,2026-08-15T15:34:42.160,33.6520433,-117.3029397,-44.8354,-87.0607,24.6006,0.305,0.004,0.01,4.376775e-04,1
2554.76,2026-08-15T15:34:42.200,33.6520433,-117.3029290,-43.845,-87.0607,24.6811,0.282,0.046,1.4,0.0614753,1
2554.8,2026-08-15T15:34:42.240,33.6520434,-117.3029182,-42.8454,-87.0496,24.8107,0.242,0.108,3.13,0.138163,1
2554.84,2026-08-15T15:34:42.280,33.6520438,-117.3029076,-41.8642,-87.0051,24.8644,0.173,0.176,5.26,0.232687,1
2554.88,2026-08-15T15:34:42.320,33.6520439,-117.3028969,-40.8738,-86.994,24.842,0.083,0.24,7.65,0.338109,1
2554.92,2026-08-15T15:34:42.360,33.6520443,-117.3028863,-39.8927,-86.9495,24.7168,-0.014,0.314,10.26,0.451179,1
2554.96,2026-08-15T15:34:42.400,33.6520446,-117.3028756,-38.9023,-86.9162,24.6364,-0.103,0.401,13.15,0.576383,1
2555,2026-08-15T15:34:42.440,33.6520452,-117.3028652,-37.9397,-86.8494,24.5336,-0.172,0.493,15.99,0.697939,1
2555.04,2026-08-15T15:34:42.480,33.6520458,-117.3028547,-36.9678,-86.7827,24.4665,-0.211,0.595,18.45,0.803113,1
2555.08,2026-08-15T15:34:42.520,33.6520464,-117.3028442,-35.9959,-86.716,24.4263,-0.224,0.695,20.43,0.887838,1
2555.12,2026-08-15T15:34:42.560,33.6520473,-117.3028337,-35.0241,-86.6159,24.386,-0.23,0.779,21.79,0.945381,1
2555.16,2026-08-15T15:34:42.600,33.6520482,-117.3028234,-34.0707,-86.5159,24.3324,-0.235,0.833,22.51,0.97447,1
2555.2,2026-08-15T15:34:42.640,33.6520493,-117.3028131,-33.1173,-86.3935,24.2072,-0.237,0.856,22.88,0.985392,1
2555.24,2026-08-15T15:34:42.680,33.6520504,-117.3028028,-32.164,-86.2712,24.091,-0.236,0.867,23.12,0.990948,1
2555.28,2026-08-15T15:34:42.720,33.6520516,-117.3027927,-31.2291,-86.1378,23.9658,-0.233,0.878,23.35,0.995606,1
2555.32,2026-08-15T15:34:42.760,33.6520529,-117.3027825,-30.285,-85.9932,23.8809,-0.222,0.9,23.62,1.00355,1
2555.36,2026-08-15T15:34:42.800,33.6520543,-117.3027724,-29.3501,-85.8376,23.8049,-0.211,0.933,23.9,1.01221,1
2555.4,2026-08-15T15:34:42.840,33.6520560,-117.3027625,-28.4338,-85.6485,23.7155,-0.203,0.966,24.2,1.02107,1
2555.44,2026-08-15T15:34:42.880,33.6520577,-117.3027525,-27.5082,-85.4595,23.6261,-0.196,0.986,24.5,1.02983,1
2555.48,2026-08-15T15:34:42.920,33.6520595,-117.3027427,-26.6011,-85.2594,23.4964,-0.187,0.996,24.8,1.03672,1
2555.52,2026-08-15T15:34:42.960,33.6520615,-117.3027329,-25.694,-85.037,23.407,-0.175,0.99,25.08,1.04444,1
2555.56,2026-08-15T15:34:43.000,33.6520634,-117.3027231,-24.7869,-84.8257,23.3802,-0.16,0.983,25.31,1.05281,1
2555.6,2026-08-15T15:34:43.040,33.6520657,-117.3027133,-23.8799,-84.5699,23.3802,-0.148,0.983,25.43,1.0578,1
2555.64,2026-08-15T15:34:43.080,33.6520680,-117.3027037,-22.9913,-84.3142,23.3131,-0.151,0.99,25.39,1.05311,1
2555.68,2026-08-15T15:34:43.120,33.6520703,-117.3026941,-22.1027,-84.0584,23.2014,-0.166,0.997,25.17,1.03898,1
2555.72,2026-08-15T15:34:43.160,33.6520729,-117.3026847,-21.2326,-83.7693,23.0315,-0.197,0.997,24.76,1.01457,1
2555.76,2026-08-15T15:34:43.200,33.6520755,-117.3026753,-20.3626,-83.4802,22.9019,-0.237,0.985,24.23,0.987262,1
2555.8,2026-08-15T15:34:43.240,33.6520782,-117.3026661,-19.511,-83.18,22.7454,-0.282,0.951,23.61,0.955428,1
2555.84,2026-08-15T15:34:43.280,33.6520810,-117.3026570,-18.6687,-82.8687,22.5889,-0.321,0.903,23.04,0.925948,1
2555.88,2026-08-15T15:34:43.320,33.6520838,-117.3026479,-17.8264,-82.5573,22.4459,-0.355,0.855,22.51,0.898919,1
2555.92,2026-08-15T15:34:43.360,33.6520865,-117.3026390,-17.0027,-82.2571,22.3073,-0.386,0.818,21.97,0.871937,1
2555.96,2026-08-15T15:34:43.400,33.6520895,-117.3026302,-16.1881,-81.9235,22.1195,-0.409,0.802,21.26,0.836657,1
2556,2026-08-15T15:34:43.440,33.6520925,-117.3026215,-15.3829,-81.5899,21.9452,-0.426,0.808,20.36,0.794924,1
2556.04,2026-08-15T15:34:43.480,33.6520956,-117.3026130,-14.5961,-81.2452,21.753,-0.44,0.821,19.24,0.744615,1
2556.08,2026-08-15T15:34:43.520,33.6520988,-117.3026046,-13.8186,-80.8894,21.5697,-0.449,0.831,17.81,0.683465,1
2556.12,2026-08-15T15:34:43.560,33.6521020,-117.3025963,-13.0503,-80.5336,21.3909,-0.456,0.84,16.1,0.612721,1
2556.16,2026-08-15T15:34:43.600,33.6521053,-117.3025881,-12.2914,-80.1666,21.1942,-0.463,0.85,14.04,0.52941,1
2556.2,2026-08-15T15:34:43.640,33.6521086,-117.3025801,-11.5509,-79.7997,20.9483,-0.475,0.851,11.13,0.414813,1
2556.24,2026-08-15T15:34:43.680,33.6521120,-117.3025722,-10.8197,-79.4216,20.765,-0.488,0.819,7.46,0.2756,1
2556.28,2026-08-15T15:34:43.720,33.6521155,-117.3025644,-10.0977,-79.0324,20.5594,-0.496,0.747,3.09,0.113026,1
2556.32,2026-08-15T15:34:43.760,33.6521189,-117.3025568,-9.39424,-78.6544,20.309,-0.498,0.639,-1.85,-0.066845,1
2556.36,2026-08-15T15:34:43.800,33.6521222,-117.3025491,-8.68153,-78.2874,20.1392,-0.495,0.51,-7,-0.250812,1
2556.4,2026-08-15T15:34:43.840,33.6521254,-117.3025415,-7.97807,-77.9316,20.005,-0.482,0.382,-11.73,-0.41749,1
2556.44,2026-08-15T15:34:43.880,33.6521289,-117.3025340,-7.28387,-77.5424,19.9112,-0.467,0.245,-15.57,-0.551561,1
2556.48,2026-08-15T15:34:43.920,33.6521321,-117.3025265,-6.58967,-77.1866,19.7636,-0.46,0.08,-18.13,-0.63749,1
2556.52,2026-08-15T15:34:43.960,33.6521354,-117.3025191,-5.90473,-76.8197,19.5356,-0.456,-0.095,-19.26,-0.66941,1
2556.56,2026-08-15T15:34:44.000,33.6521384,-117.3025116,-5.21053,-76.4861,19.339,-0.451,-0.247,-19.32,-0.664735,1
2556.6,2026-08-15T15:34:44.040,33.6521414,-117.3025041,-4.51633,-76.1525,19.2138,-0.452,-0.378,-18.68,-0.638555,1
2556.64,2026-08-15T15:34:44.080,33.6521442,-117.3024967,-3.83139,-75.8411,19.0886,-0.449,-0.467,-17.69,-0.600773,1
2556.68,2026-08-15T15:34:44.120,33.6521471,-117.3024894,-3.1557,-75.5187,18.9456,-0.446,-0.524,-16.67,-0.56189,1
2556.72,2026-08-15T15:34:44.160,33.6521497,-117.3024820,-2.47076,-75.2296,18.7891,-0.438,-0.56,-15.73,-0.525827,1
2556.76,2026-08-15T15:34:44.200,33.6521523,-117.3024747,-1.79507,-74.9405,18.5879,-0.428,-0.573,-14.73,-0.487127,1
2556.8,2026-08-15T15:34:44.240,33.6521549,-117.3024673,-1.11013,-74.6514,18.4851,-0.409,-0.56,-13.5,-0.443981,1
2556.84,2026-08-15T15:34:44.280,33.6521573,-117.3024600,-0.434443,-74.3845,18.3733,-0.389,-0.533,-12.34,-0.403378,1
2556.88,2026-08-15T15:34:44.320,33.6521597,-117.3024527,0.241244,-74.1176,18.3063,-0.371,-0.505,-11.43,-0.372267,1
2556.92,2026-08-15T15:34:44.360,33.6521621,-117.3024454,0.916931,-73.8508,18.1543,-0.361,-0.498,-11.24,-0.36304,1
2556.96,2026-08-15T15:34:44.400,33.6521643,-117.3024382,1.58336,-73.6061,18.0291,-0.362,-0.531,-11.87,-0.380745,1
2557,2026-08-15T15:34:44.440,33.6521664,-117.3024310,2.24979,-73.3726,17.8771,-0.366,-0.586,-13.4,-0.426198,1
2557.04,2026-08-15T15:34:44.480,33.6521684,-117.3024237,2.92548,-73.1502,17.752,-0.364,-0.635,-15.55,-0.491117,1
2557.08,2026-08-15T15:34:44.520,33.6521702,-117.3024165,3.59191,-72.9501,17.6447,-0.347,-0.667,-17.99,-0.564746,1
2557.12,2026-08-15T15:34:44.560,33.6521720,-117.3024092,4.2676,-72.7499,17.5866,-0.316,-0.681,-20.12,-0.629531,1
2557.16,2026-08-15T15:34:44.600,33.6521737,-117.3024019,4.94328,-72.5609,17.5508,-0.278,-0.694,-21.77,-0.679772,1
2557.2,2026-08-15T15:34:44.640,33.6521753,-117.3023946,5.61897,-72.383,17.5195,-0.233,-0.706,-22.86,-0.712535,1
2557.24,2026-08-15T15:34:44.680,33.6521768,-117.3023873,6.29466,-72.2162,17.4569,-0.185,-0.726,-23.46,-0.728625,1
2557.28,2026-08-15T15:34:44.720,33.6521781,-117.3023800,6.97034,-72.0716,17.4346,-0.136,-0.75,-23.68,-0.734516,1
2557.32,2026-08-15T15:34:44.760,33.6521793,-117.3023726,7.65529,-71.9382,17.4122,-0.084,-0.764,-23.69,-0.733884,1
2557.36,2026-08-15T15:34:44.800,33.6521804,-117.3023652,8.34023,-71.8159,17.4971,-0.033,-0.775,-23.52,-0.732172,1
2557.4,2026-08-15T15:34:44.840,33.6521815,-117.3023576,9.04368,-71.6936,17.5955,-0.001,-0.786,-23.28,-0.728774,1
2557.44,2026-08-15T15:34:44.880,33.6521826,-117.3023501,9.73788,-71.5713,17.6178,0.014,-0.79,-23.04,-0.722177,1
2557.48,2026-08-15T15:34:44.920,33.6521833,-117.3023427,10.4228,-71.4934,17.5866,0.016,-0.786,-22.93,-0.717453,1
2557.52,2026-08-15T15:34:44.960,33.6521842,-117.3023351,11.1263,-71.3933,17.5553,0.014,-0.783,-22.93,-0.716176,1
2557.56,2026-08-15T15:34:45.000,33.6521848,-117.3023276,11.8205,-71.3266,17.5553,0.01,-0.776,-23.04,-0.719612,1
2557.6,2026-08-15T15:34:45.040,33.6521854,-117.3023200,12.5239,-71.2599,17.5866,0.005,-0.766,-23.19,-0.725588,1
2557.64,2026-08-15T15:34:45.080,33.6521858,-117.3023123,13.2366,-71.2154,17.6402,-0.009,-0.763,-23.42,-0.735019,1
2557.68,2026-08-15T15:34:45.120,33.6521862,-117.3023047,13.9401,-71.171,17.6268,-0.035,-0.77,-23.78,-0.74575,1
2557.72,2026-08-15T15:34:45.160,33.6521863,-117.3022972,14.6343,-71.1598,17.5731,-0.076,-0.777,-24.36,-0.761614,1
2557.76,2026-08-15T15:34:45.200,33.6521866,-117.3022896,15.3378,-71.1265,17.4703,-0.115,-0.789,-25.16,-0.782024,1
2557.8,2026-08-15T15:34:45.240,33.6521866,-117.3022820,16.0412,-71.1265,17.3854,-0.145,-0.802,-26.16,-0.809153,1
2557.84,2026-08-15T15:34:45.280,33.6521864,-117.3022746,16.7262,-71.1487,17.3139,-0.165,-0.811,-27.1,-0.834779,1
2557.88,2026-08-15T15:34:45.320,33.6521862,-117.3022671,17.4204,-71.171,17.3004,-0.177,-0.823,-27.88,-0.858141,1
2557.92,2026-08-15T15:34:45.360,33.6521859,-117.3022596,18.1145,-71.2043,17.2423,-0.191,-0.838,-28.55,-0.875811,1
2557.96,2026-08-15T15:34:45.400,33.6521854,-117.3022522,18.7995,-71.2599,17.1619,-0.206,-0.845,-29.12,-0.889128,1
2558,2026-08-15T15:34:45.440,33.6521849,-117.3022449,19.4752,-71.3155,17.068,-0.225,-0.849,-29.65,-0.900358,1
2558.04,2026-08-15T15:34:45.480,33.6521842,-117.3022376,20.1509,-71.3933,17.0456,-0.238,-0.858,-30.22,-0.916465,1
2558.08,2026-08-15T15:34:45.520,33.6521834,-117.3022303,20.8266,-71.4823,16.9652,-0.24,-0.863,-30.72,-0.927231,1
2558.12,2026-08-15T15:34:45.560,33.6521826,-117.3022231,21.493,-71.5713,16.9071,-0.233,-0.872,-31.02,-0.933078,1
2558.16,2026-08-15T15:34:45.600,33.6521816,-117.3022159,22.1594,-71.6825,16.8534,-0.223,-0.883,-31.11,-0.932816,1
2558.2,2026-08-15T15:34:45.640,33.6521804,-117.3022088,22.8166,-71.8159,16.8266,-0.211,-0.9,-31,-0.928039,1
2558.24,2026-08-15T15:34:45.680,33.6521791,-117.3022017,23.4738,-71.9604,16.7729,-0.203,-0.912,-30.79,-0.918813,1
2558.28,2026-08-15T15:34:45.720,33.6521777,-117.3021948,24.1124,-72.1161,16.6657,-0.2,-0.916,-30.6,-0.907302,1
2558.32,2026-08-15T15:34:45.760,33.6521762,-117.3021878,24.7603,-72.2829,16.5986,-0.198,-0.915,-30.49,-0.900403,1
2558.36,2026-08-15T15:34:45.800,33.6521746,-117.3021810,25.3898,-72.4608,16.5405,-0.193,-0.912,-30.45,-0.896074,1
2558.4,2026-08-15T15:34:45.840,33.6521728,-117.3021742,26.0192,-72.661,16.4868,-0.185,-0.908,-30.45,-0.893168,1
2558.44,2026-08-15T15:34:45.880,33.6521710,-117.3021674,26.6486,-72.8611,16.4064,-0.172,-0.909,-30.41,-0.887641,1
2558.48,2026-08-15T15:34:45.920,33.6521692,-117.3021607,27.2687,-73.0613,16.384,-0.151,-0.921,-30.27,-0.882351,1
2558.52,2026-08-15T15:34:45.960,33.6521671,-117.3021541,27.8796,-73.2948,16.3304,-0.13,-0.932,-30.02,-0.872198,1
2558.56,2026-08-15T15:34:46.000,33.6521650,-117.3021477,28.472,-73.5283,16.3393,-0.111,-0.944,-29.7,-0.863373,1
2558.6,2026-08-15T15:34:46.040,33.6521625,-117.3021411,29.0829,-73.8063,16.308,-0.098,-0.957,-29.3,-0.850114,1
2558.64,2026-08-15T15:34:46.080,33.6521602,-117.3021346,29.6845,-74.062,16.2812,-0.089,-0.962,-28.83,-0.835102,1
2558.68,2026-08-15T15:34:46.120,33.6521577,-117.3021284,30.2584,-74.34,16.2857,-0.085,-0.955,-28.37,-0.822003,1
2558.72,2026-08-15T15:34:46.160,33.6521551,-117.3021220,30.8508,-74.6291,16.2946,-0.081,-0.942,-27.95,-0.810278,1
2558.76,2026-08-15T15:34:46.200,33.6521524,-117.3021157,31.4339,-74.9293,16.308,-0.072,-0.927,-27.53,-0.798759,1
2558.8,2026-08-15T15:34:46.240,33.6521495,-117.3021095,32.0078,-75.2518,16.2991,-0.06,-0.916,-27.12,-0.786432,1
2558.84,2026-08-15T15:34:46.280,33.6521465,-117.3021034,32.5724,-75.5854,16.2633,-0.045,-0.909,-26.71,-0.772843,1
2558.88,2026-08-15T15:34:46.320,33.6521434,-117.3020975,33.1185,-75.9301,16.2946,-0.026,-0.907,-26.26,-0.761285,1
2558.92,2026-08-15T15:34:46.360,33.6521402,-117.3020915,33.6739,-76.2859,16.308,-0.006,-0.899,-25.74,-0.746824,1
2558.96,2026-08-15T15:34:46.400,33.6521369,-117.3020857,34.2107,-76.6529,16.3438,0.01,-0.889,-25.2,-0.73276,1
2559,2026-08-15T15:34:46.440,33.6521334,-117.3020798,34.7568,-77.042,16.4198,0.024,-0.88,-24.7,-0.72156,1
2559.04,2026-08-15T15:34:46.480,33.6521299,-117.3020740,35.2937,-77.4312,16.4779,0.033,-0.87,-24.24,-0.710629,1
2559.08,2026-08-15T15:34:46.520,33.6521263,-117.3020683,35.8212,-77.8315,16.5002,0.039,-0.854,-23.87,-0.700731,1
2559.12,2026-08-15T15:34:46.560,33.6521226,-117.3020627,36.3396,-78.243,16.5181,0.04,-0.838,-23.61,-0.693849,1
2559.16,2026-08-15T15:34:46.600,33.6521189,-117.3020571,36.8579,-78.6544,16.5405,0.033,-0.822,-23.46,-0.690374,1
2559.2,2026-08-15T15:34:46.640,33.6521151,-117.3020517,37.3577,-79.0769,16.5762,0.02,-0.796,-23.46,-0.691867,1
2559.24,2026-08-15T15:34:46.680,33.6521110,-117.3020462,37.8668,-79.5328,16.5941,0.002,-0.77,-23.67,-0.698813,1
2559.28,2026-08-15T15:34:46.720,33.6521071,-117.3020409,38.3574,-79.9665,16.6031,-0.016,-0.747,-24.07,-0.711005,1
2559.32,2026-08-15T15:34:46.760,33.6521030,-117.3020357,38.8387,-80.4224,16.5941,-0.027,-0.733,-24.67,-0.728336,1
2559.36,2026-08-15T15:34:46.800,33.6520988,-117.3020305,39.32,-80.8894,16.5852,-0.028,-0.731,-25.34,-0.747714,1
2559.4,2026-08-15T15:34:46.840,33.6520946,-117.3020254,39.7921,-81.3564,16.5986,-0.021,-0.743,-25.99,-0.767513,1
2559.44,2026-08-15T15:34:46.880,33.6520903,-117.3020204,40.2549,-81.8345,16.6433,-0.008,-0.766,-26.54,-0.785866,1
2559.48,2026-08-15T15:34:46.920,33.6520859,-117.3020154,40.7177,-82.3238,16.7059,0.007,-0.792,-26.97,-0.801602,1
2559.52,2026-08-15T15:34:46.960,33.6520812,-117.3020106,41.162,-82.8464,16.7729,0.022,-0.821,-27.2,-0.811683,1
2559.56,2026-08-15T15:34:47.000,33.6520767,-117.3020058,41.6062,-83.3468,16.8355,0.036,-0.85,-27.27,-0.816808,1
2559.6,2026-08-15T15:34:47.040,33.6520720,-117.3020012,42.032,-83.8694,16.8802,0.049,-0.878,-27.15,-0.815373,1
2559.64,2026-08-15T15:34:47.080,33.6520671,-117.3019966,42.4578,-84.4143,16.8892,0.06,-0.896,-26.84,-0.80649,1
2559.68,2026-08-15T15:34:47.120,33.6520623,-117.3019922,42.8651,-84.948,16.9339,0.066,-0.892,-26.38,-0.794766,1
2559.72,2026-08-15T15:34:47.160,33.6520573,-117.3019879,43.2631,-85.504,16.9652,0.062,-0.871,-25.86,-0.78054,1
2559.76,2026-08-15T15:34:47.200,33.6520522,-117.3019836,43.6611,-86.0711,17.0188,0.049,-0.837,-25.43,-0.769988,1
2559.8,2026-08-15T15:34:47.240,33.6520471,-117.3019794,44.0498,-86.6382,17.0456,0.032,-0.8,-25.2,-0.764226,1
2559.84,2026-08-15T15:34:47.280,33.6520419,-117.3019753,44.4293,-87.2164,17.068,0.017,-0.772,-25.27,-0.767354,1
2559.88,2026-08-15T15:34:47.320,33.6520367,-117.3019713,44.7996,-87.7946,17.0859,0.004,-0.763,-25.71,-0.781533,1
2559.92,2026-08-15T15:34:47.360,33.6520314,-117.3019675,45.1513,-88.3839,17.0635,-0.004,-0.776,-26.37,-0.800547,1
2559.96,2026-08-15T15:34:47.400,33.6520261,-117.3019638,45.4938,-88.9733,17.0814,-0.009,-0.805,-27.08,-0.822963,1
2560,2026-08-15T15:34:47.440,33.6520208,-117.3019602,45.827,-89.5626,17.1082,-0.014,-0.841,-27.68,-0.842518,1
2560.04,2026-08-15T15:34:47.480,33.6520153,-117.3019567,46.1509,-90.1742,17.1619,-0.016,-0.869,-28.02,-0.855541,1
2560.08,2026-08-15T15:34:47.520,33.6520096,-117.3019533,46.4656,-90.808,17.1797,-0.017,-0.885,-28.05,-0.85735,1
2560.12,2026-08-15T15:34:47.560,33.6520040,-117.3019501,46.7618,-91.4307,17.2021,-0.017,-0.893,-27.89,-0.853568,1
2560.16,2026-08-15T15:34:47.600,33.6519984,-117.3019469,47.058,-92.0534,17.211,-0.021,-0.891,-27.66,-0.846969,1
2560.2,2026-08-15T15:34:47.640,33.6519928,-117.3019439,47.3357,-92.6761,17.22,-0.031,-0.88,-27.51,-0.842814,1
2560.24,2026-08-15T15:34:47.680,33.6519869,-117.3019411,47.5949,-93.3321,17.1797,-0.045,-0.86,-27.52,-0.84115,1
2560.28,2026-08-15T15:34:47.720,33.6519813,-117.3019383,47.854,-93.9548,17.1887,-0.067,-0.845,-27.72,-0.847704,1
2560.32,2026-08-15T15:34:47.760,33.6519754,-117.3019357,48.0947,-94.6108,17.1932,-0.089,-0.839,-28.16,-0.861384,1
2560.36,2026-08-15T15:34:47.800,33.6519695,-117.3019332,48.3261,-95.2669,17.1619,-0.104,-0.841,-28.74,-0.877525,1
2560.4,2026-08-15T15:34:47.840,33.6519638,-117.3019309,48.539,-95.9007,17.1082,-0.108,-0.862,-29.39,-0.894567,1
2560.44,2026-08-15T15:34:47.880,33.6519578,-117.3019288,48.7333,-96.5679,17.0769,-0.096,-0.894,-30.02,-0.912071,1
2560.48,2026-08-15T15:34:47.920,33.6519519,-117.3019267,48.9277,-97.2239,17.1306,-0.072,-0.93,-30.45,-0.928042,1
2560.52,2026-08-15T15:34:47.960,33.6519460,-117.3019248,49.1036,-97.88,17.1842,-0.039,-0.956,-30.52,-0.933088,1
2560.56,2026-08-15T15:34:48.000,33.6519399,-117.3019231,49.2609,-98.5583,17.2468,-0.009,-0.972,-30.24,-0.927895,1
2560.6,2026-08-15T15:34:48.040,33.6519338,-117.3019215,49.409,-99.2366,17.2334,0.014,-0.979,-29.72,-0.91123,1
2560.64,2026-08-15T15:34:48.080,33.6519276,-117.3019200,49.5479,-99.926,17.2602,0.025,-0.975,-29.04,-0.891767,1
2560.68,2026-08-15T15:34:48.120,33.6519214,-117.3019187,49.6682,-100.615,17.3362,0.026,-0.96,-28.43,-0.876878,1
2560.72,2026-08-15T15:34:48.160,33.6519152,-117.3019176,49.77,-101.305,17.3362,0.026,-0.937,-27.95,-0.862074,1
2560.76,2026-08-15T15:34:48.200,33.6519091,-117.3019166,49.8626,-101.983,17.296,0.028,-0.906,-27.6,-0.849303,1
2560.8,2026-08-15T15:34:48.240,33.6519028,-117.3019157,49.9459,-102.684,17.3362,0.026,-0.881,-27.37,-0.844184,1
2560.84,2026-08-15T15:34:48.280,33.6518965,-117.3019149,50.0199,-103.384,17.4167,0.028,-0.878,-27.16,-0.841596,1
2560.88,2026-08-15T15:34:48.320,33.6518901,-117.3019141,50.094,-104.096,17.4524,0.024,-0.888,-26.95,-0.836803,1
2560.92,2026-08-15T15:34:48.360,33.6518838,-117.3019137,50.131,-104.796,17.5061,0.01,-0.909,-26.73,-0.832523,1
2560.96,2026-08-15T15:34:48.400,33.6518775,-117.3019133,50.168,-105.497,17.524,-0.006,-0.932,-26.49,-0.825891,1
2561,2026-08-15T15:34:48.440,33.6518712,-117.3019132,50.1773,-106.197,17.4927,-0.034,-0.939,-26.3,-0.818503,1
2561.04,2026-08-15T15:34:48.480,33.6518649,-117.3019132,50.1773,-106.898,17.4614,-0.069,-0.931,-26.23,-0.814864,1
2561.08,2026-08-15T15:34:48.520,33.6518587,-117.3019134,50.1588,-107.587,17.3943,-0.102,-0.912,-26.31,-0.814211,1
2561.12,2026-08-15T15:34:48.560,33.6518524,-117.3019136,50.1403,-108.288,17.3362,-0.139,-0.888,-26.68,-0.822902,1
2561.16,2026-08-15T15:34:48.600,33.6518462,-117.3019140,50.1032,-108.977,17.2647,-0.177,-0.868,-27.31,-0.838859,1
2561.2,2026-08-15T15:34:48.640,33.6518401,-117.3019146,50.0477,-109.656,17.1797,-0.202,-0.858,-28.18,-0.861323,1
2561.24,2026-08-15T15:34:48.680,33.6518340,-117.3019152,49.9922,-110.334,17.0725,-0.221,-0.853,-29.25,-0.888444,1
2561.28,2026-08-15T15:34:48.720,33.6518279,-117.3019160,49.9181,-111.012,16.9965,-0.232,-0.862,-30.5,-0.922288,1
2561.32,2026-08-15T15:34:48.760,33.6518218,-117.3019169,49.8348,-111.69,16.9562,-0.227,-0.879,-31.72,-0.956909,1
2561.36,2026-08-15T15:34:48.800,33.6518158,-117.3019180,49.733,-112.358,16.9071,-0.215,-0.901,-32.86,-0.988425,1
2561.4,2026-08-15T15:34:48.840,33.6518097,-117.3019192,49.6219,-113.036,16.8892,-0.191,-0.931,-33.83,-1.01653,1
2561.44,2026-08-15T15:34:48.880,33.6518037,-117.3019207,49.4831,-113.703,16.8892,-0.157,-0.961,-34.51,-1.03696,1
2561.48,2026-08-15T15:34:48.920,33.6517978,-117.3019222,49.3442,-114.359,16.8758,-0.123,-0.985,-34.81,-1.04514,1
2561.52,2026-08-15T15:34:48.960,33.6517918,-117.3019239,49.1869,-115.026,16.8445,-0.086,-1,-34.59,-1.03661,1
2561.56,2026-08-15T15:34:49.000,33.6517860,-117.3019258,49.011,-115.671,16.8892,-0.057,-1.002,-33.97,-1.02073,1
2561.6,2026-08-15T15:34:49.040,33.6517802,-117.3019277,48.8352,-116.316,16.916,-0.044,-0.988,-33.04,-0.994365,1
2561.64,2026-08-15T15:34:49.080,33.6517744,-117.3019299,48.6315,-116.961,16.8668,-0.045,-0.971,-31.94,-0.958465,1
2561.68,2026-08-15T15:34:49.120,33.6517685,-117.3019323,48.4094,-117.617,16.84,-0.055,-0.956,-30.87,-0.924883,1
2561.72,2026-08-15T15:34:49.160,33.6517628,-117.3019347,48.1872,-118.251,16.7729,-0.079,-0.94,-30.05,-0.896731,1
2561.76,2026-08-15T15:34:49.200,33.6517572,-117.3019373,47.9466,-118.874,16.7551,-0.1,-0.929,-29.55,-0.88087,1
2561.8,2026-08-15T15:34:49.240,33.6517516,-117.3019399,47.7059,-119.496,16.7104,-0.114,-0.927,-29.4,-0.87406,1
2561.84,2026-08-15T15:34:49.280,33.6517460,-117.3019428,47.4375,-120.119,16.6522,-0.119,-0.926,-29.59,-0.876649,1
2561.88,2026-08-15T15:34:49.320,33.6517407,-117.3019457,47.1691,-120.708,16.612,-0.116,-0.931,-29.91,-0.883989,1
2561.92,2026-08-15T15:34:49.360,33.6517353,-117.3019488,46.8821,-121.309,16.5718,-0.106,-0.947,-30.22,-0.890988,1
2561.96,2026-08-15T15:34:49.400,33.6517299,-117.3019519,46.5952,-121.909,16.5673,-0.102,-0.969,-30.36,-0.894874,1
2562,2026-08-15T15:34:49.440,33.6517247,-117.3019552,46.2898,-122.487,16.5718,-0.1,-0.989,-30.33,-0.894231,1
2562.04,2026-08-15T15:34:49.480,33.6517194,-117.3019588,45.9566,-123.077,16.545,-0.097,-1.001,-30.12,-0.886602,1
2562.08,2026-08-15T15:34:49.520,33.6517144,-117.3019624,45.6233,-123.633,16.4913,-0.094,-1.005,-29.81,-0.874632,1
2562.12,2026-08-15T15:34:49.560,33.6517093,-117.3019662,45.2716,-124.2,16.5092,-0.083,-0.999,-29.38,-0.86295,1
2562.16,2026-08-15T15:34:49.600,33.6517043,-117.3019700,44.9199,-124.756,16.5137,-0.063,-0.983,-28.89,-0.848788,1
2562.2,2026-08-15T15:34:49.640,33.6516993,-117.3019740,44.5496,-125.312,16.545,-0.05,-0.967,-28.35,-0.834501,1
2562.24,2026-08-15T15:34:49.680,33.6516944,-117.3019781,44.1701,-125.857,16.5271,-0.036,-0.955,-27.76,-0.816251,1
2562.28,2026-08-15T15:34:49.720,33.6516897,-117.3019824,43.7721,-126.379,16.5047,-0.02,-0.947,-27.14,-0.796941,1
2562.32,2026-08-15T15:34:49.760,33.6516850,-117.3019868,43.3649,-126.902,16.5047,-0.011,-0.942,-26.55,-0.779616,1
2562.36,2026-08-15T15:34:49.800,33.6516804,-117.3019913,42.9484,-127.413,16.5181,-0.002,-0.936,-25.98,-0.763499,1
2562.4,2026-08-15T15:34:49.840,33.6516758,-117.3019959,42.5226,-127.925,16.5494,0.011,-0.925,-25.43,-0.748751,1
2562.44,2026-08-15T15:34:49.880,33.6516713,-117.3020006,42.0875,-128.425,16.5807,0.016,-0.912,-24.95,-0.736007,1
2562.48,2026-08-15T15:34:49.920,33.6516669,-117.3020054,41.6433,-128.914,16.5852,0.011,-0.897,-24.61,-0.726173,1
2562.52,2026-08-15T15:34:49.960,33.6516625,-117.3020103,41.1897,-129.404,16.5405,-0.005,-0.886,-24.44,-0.719213,1
2562.56,2026-08-15T15:34:50.000,33.6516582,-117.3020153,40.7269,-129.882,16.5181,-0.036,-0.887,-24.49,-0.719711,1
2562.6,2026-08-15T15:34:50.040,33.6516540,-117.3020203,40.2641,-130.349,16.4421,-0.074,-0.895,-24.74,-0.723713,1
2562.64,2026-08-15T15:34:50.080,33.6516499,-117.3020255,39.7828,-130.805,16.393,-0.112,-0.909,-25.26,-0.736714,1
2562.68,2026-08-15T15:34:50.120,33.6516460,-117.3020307,39.3015,-131.238,16.308,-0.138,-0.915,-25.91,-0.751756,1
2562.72,2026-08-15T15:34:50.160,33.6516422,-117.3020362,38.7924,-131.661,16.3259,-0.145,-0.922,-26.71,-0.775817,1
2562.76,2026-08-15T15:34:50.200,33.6516385,-117.3020417,38.2833,-132.072,16.3304,-0.131,-0.929,-27.49,-0.798692,1
2562.8,2026-08-15T15:34:50.240,33.6516348,-117.3020472,37.7743,-132.484,16.3214,-0.104,-0.939,-28.14,-0.817129,1
2562.84,2026-08-15T15:34:50.280,33.6516312,-117.3020529,37.2467,-132.884,16.3751,-0.067,-0.938,-28.53,-0.831177,1
2562.88,2026-08-15T15:34:50.320,33.6516277,-117.3020587,36.7098,-133.273,16.4064,-0.031,-0.934,-28.73,-0.838603,1
2562.92,2026-08-15T15:34:50.360,33.6516243,-117.3020644,36.1822,-133.651,16.4555,-0.002,-0.926,-28.7,-0.840238,1
2562.96,2026-08-15T15:34:50.400,33.6516209,-117.3020704,35.6269,-134.029,16.4868,0.017,-0.917,-28.5,-0.83597,1
2563,2026-08-15T15:34:50.440,33.6516177,-117.3020764,35.0715,-134.385,16.5315,0.034,-0.897,-28.23,-0.830295,1
2563.04,2026-08-15T15:34:50.480,33.6516146,-117.3020826,34.4976,-134.73,16.5986,0.042,-0.876,-27.92,-0.824508,1
2563.08,2026-08-15T15:34:50.520,33.6516115,-117.3020889,33.9145,-135.075,16.6433,0.046,-0.859,-27.63,-0.818142,1
2563.12,2026-08-15T15:34:50.560,33.6516086,-117.3020951,33.3406,-135.397,16.6567,0.049,-0.86,-27.39,-0.811689,1
2563.16,2026-08-15T15:34:50.600,33.6516057,-117.3021015,32.7483,-135.72,16.6567,0.046,-0.872,-27.27,-0.808133,1
2563.2,2026-08-15T15:34:50.640,33.6516028,-117.3021080,32.1466,-136.042,16.6791,0.043,-0.888,-27.24,-0.808327,1
2563.24,2026-08-15T15:34:50.680,33.6516002,-117.3021145,31.545,-136.331,16.7238,0.048,-0.898,-27.25,-0.810791,1
2563.28,2026-08-15T15:34:50.720,33.6515977,-117.3021211,30.9341,-136.609,16.7774,0.053,-0.9,-27.23,-0.812795,1
2563.32,2026-08-15T15:34:50.760,33.6515952,-117.3021278,30.3139,-136.887,16.8534,0.062,-0.892,-27,-0.80958,1
2563.36,2026-08-15T15:34:50.800,33.6515928,-117.3021345,29.6938,-137.154,16.8623,0.069,-0.874,-26.38,-0.791409,1
2563.4,2026-08-15T15:34:50.840,33.6515905,-117.3021413,29.0644,-137.41,16.9205,0.068,-0.854,-25.4,-0.764635,1
2563.44,2026-08-15T15:34:50.880,33.6515881,-117.3021482,28.4257,-137.677,16.9652,0.062,-0.829,-24.1,-0.727417,1
2563.48,2026-08-15T15:34:50.920,33.6515861,-117.3021551,27.7871,-137.899,16.9741,0.055,-0.805,-22.67,-0.684616,1
2563.52,2026-08-15T15:34:50.960,33.6515841,-117.3021621,27.1391,-138.121,17.0322,0.051,-0.779,-21.29,-0.645142,1
2563.56,2026-08-15T15:34:51.000,33.6515820,-117.3021692,26.482,-138.355,17.0948,0.055,-0.764,-20.27,-0.61649,1
2563.6,2026-08-15T15:34:51.040,33.6515801,-117.3021763,25.8248,-138.566,17.1574,0.067,-0.761,-19.63,-0.599211,1
2563.64,2026-08-15T15:34:51.080,33.6515783,-117.3021834,25.1676,-138.766,17.2289,0.082,-0.766,-19.35,-0.593127,1
2563.68,2026-08-15T15:34:51.120,33.6515766,-117.3021908,24.4827,-138.955,17.3049,0.105,-0.763,-19.28,-0.593588,1
2563.72,2026-08-15T15:34:51.160,33.6515751,-117.3021980,23.8162,-139.122,17.3586,0.131,-0.748,-19.3,-0.596046,1
2563.76,2026-08-15T15:34:51.200,33.6515735,-117.3022054,23.1313,-139.3,17.4569,0.156,-0.713,-19.23,-0.597248,1
2563.8,2026-08-15T15:34:51.240,33.6515721,-117.3022128,22.4464,-139.456,17.6178,0.179,-0.669,-19.03,-0.596486,1
2563.84,2026-08-15T15:34:51.280,33.6515706,-117.3022203,21.7522,-139.623,17.7341,0.196,-0.634,-18.74,-0.591271,1
2563.88,2026-08-15T15:34:51.320,33.6515692,-117.3022279,21.0487,-139.778,17.8369,0.201,-0.616,-18.51,-0.5874,1
2563.92,2026-08-15T15:34:51.360,33.6515680,-117.3022355,20.3452,-139.912,17.904,0.205,-0.609,-18.46,-0.588016,1
2563.96,2026-08-15T15:34:51.400,33.6515668,-117.3022432,19.6325,-140.045,18.0202,0.217,-0.61,-18.73,-0.600489,1
2564,2026-08-15T15:34:51.440,33.6515657,-117.3022511,18.9013,-140.167,18.1319,0.23,-0.62,-19.24,-0.620666,1
2564.04,2026-08-15T15:34:51.480,33.6515647,-117.3022588,18.1886,-140.279,18.275,0.239,-0.639,-19.98,-0.649623,1
2564.08,2026-08-15T15:34:51.520,33.6515637,-117.3022669,17.4389,-140.39,18.4046,0.238,-0.662,-20.85,-0.682718,1
2564.12,2026-08-15T15:34:51.560,33.6515629,-117.3022748,16.7076,-140.479,18.4806,0.214,-0.694,-21.82,-0.717431,1
2564.16,2026-08-15T15:34:51.600,33.6515622,-117.3022827,15.9764,-140.557,18.5253,0.182,-0.727,-22.7,-0.74817,1
2564.2,2026-08-15T15:34:51.640,33.6515614,-117.3022907,15.2359,-140.646,18.5522,0.157,-0.762,-23.36,-0.771038,1
2564.24,2026-08-15T15:34:51.680,33.6515610,-117.3022987,14.4955,-140.69,18.5969,0.152,-0.792,-23.63,-0.781829,1
2564.28,2026-08-15T15:34:51.720,33.6515605,-117.3023069,13.7365,-140.746,18.722,0.158,-0.822,-23.45,-0.781096,1
2564.32,2026-08-15T15:34:51.760,33.6515601,-117.3023150,12.9867,-140.79,18.8293,0.172,-0.842,-22.88,-0.766477,1
2564.36,2026-08-15T15:34:51.800,33.6515600,-117.3023234,12.2092,-140.801,18.9679,0.18,-0.854,-22.12,-0.746471,1
2564.4,2026-08-15T15:34:51.840,33.6515599,-117.3023315,11.4595,-140.812,19.0394,0.178,-0.843,-21.37,-0.723881,1
2564.44,2026-08-15T15:34:51.880,33.6515598,-117.3023399,10.682,-140.823,19.1065,0.168,-0.809,-20.81,-0.707394,1
2564.48,2026-08-15T15:34:51.920,33.6515599,-117.3023481,9.923,-140.812,19.1423,0.159,-0.769,-20.5,-0.69816,1
2564.52,2026-08-15T15:34:51.960,33.6515600,-117.3023564,9.15476,-140.801,19.2093,0.151,-0.744,-20.46,-0.699239,1
2564.56,2026-08-15T15:34:52.000,33.6515601,-117.3023648,8.37725,-140.79,19.2987,0.147,-0.734,-20.6,-0.707301,1
2564.6,2026-08-15T15:34:52.040,33.6515605,-117.3023732,7.59975,-140.746,19.3568,0.144,-0.743,-20.89,-0.719418,1
2564.64,2026-08-15T15:34:52.080,33.6515610,-117.3023816,6.82225,-140.69,19.4507,0.142,-0.765,-21.25,-0.735365,1
2564.68,2026-08-15T15:34:52.120,33.6515616,-117.3023902,6.02623,-140.623,19.5356,0.143,-0.787,-21.64,-0.752131,1
2564.72,2026-08-15T15:34:52.160,33.6515622,-117.3023987,5.23948,-140.557,19.5982,0.142,-0.807,-21.95,-0.76535,1
2564.76,2026-08-15T15:34:52.200,33.6515630,-117.3024070,4.47123,-140.468,19.6429,0.134,-0.829,-22.19,-0.775483,1
2564.8,2026-08-15T15:34:52.240,33.6515638,-117.3024156,3.67521,-140.379,19.7458,0.113,-0.851,-22.28,-0.782704,1
2564.84,2026-08-15T15:34:52.280,33.6515648,-117.3024240,2.89771,-140.267,19.777,0.078,-0.867,-22.27,-0.783592,1
2564.88,2026-08-15T15:34:52.320,33.6515660,-117.3024324,2.12021,-140.134,19.7592,0.031,-0.872,-22.24,-0.781829,1
2564.92,2026-08-15T15:34:52.360,33.6515673,-117.3024408,1.34271,-139.989,19.7011,-0.012,-0.857,-22.31,-0.781983,1
2564.96,2026-08-15T15:34:52.400,33.6515685,-117.3024492,0.565203,-139.856,19.6832,-0.05,-0.833,-22.6,-0.791429,1
2565,2026-08-15T15:34:52.440,33.6515700,-117.3024575,-0.203043,-139.689,19.634,-0.071,-0.811,-23.1,-0.806917,1
2565.04,2026-08-15T15:34:52.480,33.6515715,-117.3024657,-0.962034,-139.522,19.6385,-0.068,-0.808,-23.73,-0.829113,1
2565.08,2026-08-15T15:34:52.520,33.6515732,-117.3024741,-1.73954,-139.333,19.6653,-0.045,-0.827,-24.36,-0.852287,1
2565.12,2026-08-15T15:34:52.560,33.6515750,-117.3024824,-2.50778,-139.133,19.6966,-0.013,-0.857,-24.79,-0.868712,1
2565.16,2026-08-15T15:34:52.600,33.6515770,-117.3024906,-3.26677,-138.911,19.8128,0.032,-0.887,-24.85,-0.875953,1
2565.2,2026-08-15T15:34:52.640,33.6515789,-117.3024989,-4.03502,-138.7,19.8799,0.072,-0.903,-24.51,-0.866892,1
2565.24,2026-08-15T15:34:52.680,33.6515812,-117.3025071,-4.79401,-138.444,19.9335,0.098,-0.903,-23.78,-0.843343,1
2565.28,2026-08-15T15:34:52.720,33.6515835,-117.3025152,-5.54375,-138.188,19.9648,0.111,-0.893,-22.9,-0.813409,1
2565.32,2026-08-15T15:34:52.760,33.6515858,-117.3025235,-6.31199,-137.932,20.005,0.117,-0.884,-22.03,-0.784083,1
2565.36,2026-08-15T15:34:52.800,33.6515884,-117.3025317,-7.07098,-137.643,20.09,0.118,-0.874,-21.32,-0.762035,1
2565.4,2026-08-15T15:34:52.840,33.6515910,-117.3025398,-7.82072,-137.354,20.1168,0.123,-0.867,-20.79,-0.744084,1
2565.44,2026-08-15T15:34:52.880,33.6515936,-117.3025478,-8.5612,-137.065,20.166,0.14,-0.858,-20.39,-0.731551,1
2565.48,2026-08-15T15:34:52.920,33.6515965,-117.3025559,-9.31093,-136.743,20.2643,0.161,-0.844,-19.99,-0.720698,1
2565.52,2026-08-15T15:34:52.960,33.6515995,-117.3025641,-10.0699,-136.409,20.4074,0.182,-0.825,-19.44,-0.705816,1
2565.56,2026-08-15T15:34:53.000,33.6516025,-117.3025722,-10.8197,-136.075,20.5057,0.199,-0.807,-18.86,-0.688058,1
2565.6,2026-08-15T15:34:53.040,33.6516056,-117.3025803,-11.5694,-135.731,20.5817,0.21,-0.793,-18.31,-0.670469,1
2565.64,2026-08-15T15:34:53.080,33.6516088,-117.3025884,-12.3191,-135.375,20.689,0.212,-0.788,-17.87,-0.657768,1
2565.68,2026-08-15T15:34:53.120,33.6516122,-117.3025965,-13.0689,-134.997,20.7695,0.212,-0.783,-17.58,-0.64961,1
2565.72,2026-08-15T15:34:53.160,33.6516156,-117.3026045,-13.8093,-134.619,20.8812,0.209,-0.778,-17.49,-0.649762,1
2565.76,2026-08-15T15:34:53.200,33.6516192,-117.3026124,-14.5406,-134.218,20.9796,0.207,-0.77,-17.47,-0.652076,1
2565.8,2026-08-15T15:34:53.240,33.6516229,-117.3026205,-15.2903,-133.807,21.0645,0.206,-0.756,-17.5,-0.65584,1
2565.84,2026-08-15T15:34:53.280,33.6516267,-117.3026284,-16.0215,-133.385,21.1718,0.206,-0.739,-17.56,-0.661441,1
2565.88,2026-08-15T15:34:53.320,33.6516305,-117.3026365,-16.7713,-132.962,21.221,0.201,-0.724,-17.63,-0.66562,1
2565.92,2026-08-15T15:34:53.360,33.6516344,-117.3026444,-17.5025,-132.528,21.3104,0.196,-0.708,-17.75,-0.672974,1
2565.96,2026-08-15T15:34:53.400,33.6516384,-117.3026523,-18.2337,-132.084,21.3998,0.195,-0.695,-17.94,-0.683031,1
2566,2026-08-15T15:34:53.440,33.6516426,-117.3026602,-18.9649,-131.617,21.4937,0.198,-0.695,-18.17,-0.694823,1
2566.04,2026-08-15T15:34:53.480,33.6516469,-117.3026681,-19.6961,-131.138,21.592,0.209,-0.711,-18.32,-0.703764,1
2566.08,2026-08-15T15:34:53.520,33.6516512,-117.3026760,-20.4274,-130.66,21.7083,0.232,-0.735,-18.15,-0.700987,1
2566.12,2026-08-15T15:34:53.560,33.6516556,-117.3026837,-21.1401,-130.171,21.8379,0.255,-0.754,-17.54,-0.681473,1
2566.16,2026-08-15T15:34:53.600,33.6516603,-117.3026916,-21.8713,-129.648,21.9944,0.271,-0.758,-16.41,-0.642138,1
2566.2,2026-08-15T15:34:53.640,33.6516648,-117.3026993,-22.584,-129.148,22.1195,0.28,-0.73,-14.61,-0.574956,1
2566.24,2026-08-15T15:34:53.680,33.6516696,-117.3027072,-23.3152,-128.614,22.2224,0.268,-0.68,-12.26,-0.484718,1
2566.28,2026-08-15T15:34:53.720,33.6516743,-117.3027150,-24.0372,-128.092,22.3118,0.232,-0.61,-9.43,-0.374329,1
2566.32,2026-08-15T15:34:53.760,33.6516791,-117.3027228,-24.7592,-127.558,22.3565,0.175,-0.518,-6.14,-0.244219,1
2566.36,2026-08-15T15:34:53.800,33.6516840,-117.3027304,-25.4626,-127.013,22.3788,0.102,-0.38,-2.16,-0.0860002,1
2566.4,2026-08-15T15:34:53.840,33.6516888,-117.3027381,-26.1753,-126.479,22.2939,0.035,-0.221,2.09,0.0828973,1
2566.44,2026-08-15T15:34:53.880,33.6516936,-117.3027460,-26.9066,-125.946,22.2626,-0.01,-0.026,6.56,0.259829,1
2566.48,2026-08-15T15:34:53.920,33.6516981,-117.3027539,-27.6378,-125.445,22.2894,-0.035,0.208,11.22,0.444938,1
2566.52,2026-08-15T15:34:53.960,33.6517027,-117.3027618,-28.369,-124.934,22.3609,-0.047,0.459,15.74,0.626186,1
2566.56,2026-08-15T15:34:54.000,33.6517071,-117.3027699,-29.1187,-124.444,22.4146,-0.054,0.674,19.47,0.776435,1
2566.6,2026-08-15T15:34:54.040,33.6517114,-117.3027782,-29.887,-123.966,22.3609,-0.071,0.851,22.6,0.899098,1
2566.64,2026-08-15T15:34:54.080,33.6517155,-117.3027864,-30.646,-123.51,22.2849,-0.094,0.958,25.14,0.996748,1
2566.68,2026-08-15T15:34:54.120,33.6517194,-117.3027947,-31.4142,-123.077,22.1866,-0.117,0.989,26.91,1.06222,1
2566.72,2026-08-15T15:34:54.160,33.6517234,-117.3028029,-32.1732,-122.632,22.1106,-0.136,0.965,28.11,1.10578,1
2566.76,2026-08-15T15:34:54.200,33.6517273,-117.3028112,-32.9415,-122.198,22.0614,-0.153,0.928,29.07,1.141,1
2566.8,2026-08-15T15:34:54.240,33.6517311,-117.3028196,-33.719,-121.776,22.0212,-0.173,0.891,29.84,1.16909,1
2566.84,2026-08-15T15:34:54.280,33.6517347,-117.3028279,-34.4872,-121.375,21.9363,-0.196,0.871,30.52,1.19112,1
2566.88,2026-08-15T15:34:54.320,33.6517381,-117.3028363,-35.2647,-120.997,21.7843,-0.222,0.87,31.22,1.21,1
2566.92,2026-08-15T15:34:54.360,33.6517415,-117.3028447,-36.0422,-120.619,21.6591,-0.247,0.9,31.87,1.22809,1
2566.96,2026-08-15T15:34:54.400,33.6517447,-117.3028531,-36.8197,-120.264,21.525,-0.261,0.952,32.31,1.23734,1
2567,2026-08-15T15:34:54.440,33.6517477,-117.3028615,-37.5972,-119.93,21.4043,-0.27,1.014,32.53,1.23878,1
2567.04,2026-08-15T15:34:54.480,33.6517506,-117.3028700,-38.384,-119.607,21.3193,-0.278,1.046,32.54,1.23424,1
2567.08,2026-08-15T15:34:54.520,33.6517533,-117.3028784,-39.1615,-119.307,21.1584,-0.277,1.029,32.47,1.22229,1
2567.12,2026-08-15T15:34:54.560,33.6517560,-117.3028869,-39.9482,-119.007,20.993,-0.27,0.972,32.33,1.2075,1
2567.16,2026-08-15T15:34:54.600,33.6517586,-117.3028952,-40.7165,-118.718,20.8678,-0.26,0.887,32.1,1.19176,1
2567.2,2026-08-15T15:34:54.640,33.6517612,-117.3029037,-41.5032,-118.429,20.8321,-0.25,0.821,31.57,1.17008,1
2567.24,2026-08-15T15:34:54.680,33.6517636,-117.3029121,-42.2807,-118.162,20.7382,-0.245,0.797,30.83,1.1375,1
2567.28,2026-08-15T15:34:54.720,33.6517658,-117.3029206,-43.0675,-117.917,20.6041,-0.25,0.813,30.07,1.10229,1
2567.32,2026-08-15T15:34:54.760,33.6517679,-117.3029290,-43.845,-117.684,20.4253,-0.251,0.851,29.58,1.07491,1
2567.36,2026-08-15T15:34:54.800,33.6517697,-117.3029373,-44.6133,-117.484,20.2688,-0.248,0.9,29.43,1.06127,1
2567.4,2026-08-15T15:34:54.840,33.6517715,-117.3029457,-45.3908,-117.283,20.1481,-0.231,0.945,29.58,1.06033,1
2567.44,2026-08-15T15:34:54.880,33.6517733,-117.3029541,-46.1683,-117.083,20.0542,-0.203,0.975,29.79,1.06288,1
2567.48,2026-08-15T15:34:54.920,33.6517748,-117.3029625,-46.9458,-116.917,19.9737,-0.18,0.975,29.95,1.0643,1
2567.52,2026-08-15T15:34:54.960,33.6517762,-117.3029710,-47.7325,-116.761,19.929,-0.163,0.941,30.17,1.06972,1
2567.56,2026-08-15T15:34:55.000,33.6517776,-117.3029794,-48.51,-116.605,19.8888,-0.145,0.9,30.46,1.07782,1
2567.6,2026-08-15T15:34:55.040,33.6517788,-117.3029877,-49.2783,-116.472,19.7815,-0.13,0.865,30.97,1.08996,1
2567.64,2026-08-15T15:34:55.080,33.6517801,-117.3029961,-50.0558,-116.327,19.6787,-0.107,0.866,31.57,1.1053,1
2567.68,2026-08-15T15:34:55.120,33.6517811,-117.3030044,-50.824,-116.216,19.634,-0.077,0.905,32.01,1.11816,1
2567.72,2026-08-15T15:34:55.160,33.6517818,-117.3030128,-51.6015,-116.138,19.5714,-0.055,0.955,32.1,1.11773,1
2567.76,2026-08-15T15:34:55.200,33.6517824,-117.3030212,-52.379,-116.071,19.5267,-0.054,0.982,31.91,1.10857,1
2567.8,2026-08-15T15:34:55.240,33.6517830,-117.3030295,-53.1473,-116.005,19.4328,-0.065,0.984,31.6,1.09253,1
2567.84,2026-08-15T15:34:55.280,33.6517834,-117.3030377,-53.9063,-115.96,19.2451,-0.093,0.954,31.42,1.07581,1
2567.88,2026-08-15T15:34:55.320,33.6517837,-117.3030459,-54.6653,-115.927,19.111,-0.12,0.92,31.46,1.06967,1
2567.92,2026-08-15T15:34:55.360,33.6517840,-117.3030541,-55.4242,-115.894,19.0037,-0.132,0.914,31.49,1.06468,1
2567.96,2026-08-15T15:34:55.400,33.6517841,-117.3030622,-56.174,-115.882,18.9187,-0.131,0.926,31.19,1.04982,1
2568,2026-08-15T15:34:55.440,33.6517840,-117.3030703,-56.9237,-115.894,18.8561,-0.118,0.921,30.22,1.01381,1
2568.04,2026-08-15T15:34:55.480,33.6517839,-117.3030784,-57.6734,-115.905,18.7712,-0.093,0.889,28.22,0.942449,1
2568.08,2026-08-15T15:34:55.520,33.6517837,-117.3030865,-58.4232,-115.927,18.7131,-0.068,0.85,25.52,0.849639,1
2568.12,2026-08-15T15:34:55.560,33.6517834,-117.3030945,-59.1637,-115.96,18.6729,-0.053,0.832,22.41,0.744494,1
2568.16,2026-08-15T15:34:55.600,33.6517831,-117.3031025,-59.9041,-115.994,18.5924,-0.036,0.866,19.05,0.630142,1
2568.2,2026-08-15T15:34:55.640,33.6517825,-117.3031104,-60.6354,-116.06,18.4851,-0.02,0.934,15.14,0.497916,1
2568.24,2026-08-15T15:34:55.680,33.6517817,-117.3031183,-61.3666,-116.149,18.3555,-0.01,0.984,10.86,0.354653,1
2568.28,2026-08-15T15:34:55.720,33.6517808,-117.3031261,-62.0886,-116.249,18.3421,-0.005,0.963,5.9,0.192534,1
2568.32,2026-08-15T15:34:55.760,33.6517799,-117.3031339,-62.8105,-116.349,18.3778,-0.006,0.857,-0.1,-0.00326966,1
2568.36,2026-08-15T15:34:55.800,33.6517791,-117.3031418,-63.5417,-116.438,18.4091,-0.028,0.722,-6.49,-0.212562,1
2568.4,2026-08-15T15:34:55.840,33.6517782,-117.3031497,-64.273,-116.538,18.3823,-0.059,0.622,-12.6,-0.412077,1
2568.44,2026-08-15T15:34:55.880,33.6517770,-117.3031575,-64.9949,-116.672,18.2571,-0.093,0.592,-18.03,-0.585647,1
2568.48,2026-08-15T15:34:55.920,33.6517760,-117.3031652,-65.7076,-116.783,18.123,-0.117,0.601,-22.19,-0.715477,1
2568.52,2026-08-15T15:34:55.960,33.6517746,-117.3031729,-66.4204,-116.939,18.0604,-0.117,0.565,-24.17,-0.776627,1
2568.56,2026-08-15T15:34:56.000,33.6517733,-117.3031805,-67.1238,-117.083,18.0515,-0.094,0.464,-24.59,-0.789732,1
2568.6,2026-08-15T15:34:56.040,33.6517722,-117.3031881,-67.8273,-117.206,18.1632,-0.054,0.239,-23.44,-0.757459,1
2568.64,2026-08-15T15:34:56.080,33.6517711,-117.3031960,-68.5585,-117.328,18.2482,-0.014,-0.051,-21.58,-0.700615,1
2568.68,2026-08-15T15:34:56.120,33.6517702,-117.3032039,-69.2897,-117.428,18.2973,0.023,-0.349,-19.7,-0.641302,1
2568.72,2026-08-15T15:34:56.160,33.6517695,-117.3032118,-70.0209,-117.506,18.3286,0.038,-0.603,-18.6,-0.606529,1
2568.76,2026-08-15T15:34:56.200,33.6517689,-117.3032197,-70.7522,-117.573,18.3376,0.041,-0.798,-18.24,-0.59508,1
2568.8,2026-08-15T15:34:56.240,33.6517684,-117.3032276,-71.4834,-117.628,18.3599,0.028,-0.899,-18.77,-0.613118,1
2568.84,2026-08-15T15:34:56.280,33.6517680,-117.3032355,-72.2146,-117.673,18.351,0.017,-0.932,-19.74,-0.644488,1
2568.88,2026-08-15T15:34:56.320,33.6517677,-117.3032434,-72.9458,-117.706,18.3152,0.018,-0.906,-20.66,-0.673211,1
2568.92,2026-08-15T15:34:56.360,33.6517675,-117.3032513,-73.677,-117.728,18.3376,0.037,-0.83,-21.11,-0.688714,1
2568.96,2026-08-15T15:34:56.400,33.6517674,-117.3032592,-74.4083,-117.739,18.4046,0.07,-0.749,-20.93,-0.685338,1
2569,2026-08-15T15:34:56.440,33.6517671,-117.3032673,-75.158,-117.773,18.5343,0.099,-0.694,-20.14,-0.664115,1
2569.04,2026-08-15T15:34:56.480,33.6517670,-117.3032754,-75.9077,-117.784,18.655,0.109,-0.671,-19.18,-0.636578,1
2569.08,2026-08-15T15:34:56.520,33.6517671,-117.3032835,-76.6575,-117.773,18.6684,0.092,-0.683,-18.55,-0.616111,1
2569.12,2026-08-15T15:34:56.560,33.6517674,-117.3032915,-77.398,-117.739,18.6326,0.056,-0.714,-18.62,-0.617251,1
2569.16,2026-08-15T15:34:56.600,33.6517677,-117.3032996,-78.1477,-117.706,18.6013,0.011,-0.751,-19.6,-0.648647,1
2569.2,2026-08-15T15:34:56.640,33.6517681,-117.3033076,-78.8882,-117.662,18.5745,-0.031,-0.784,-21.21,-0.700917,1
2569.24,2026-08-15T15:34:56.680,33.6517686,-117.3033155,-79.6194,-117.606,18.5432,-0.07,-0.816,-23.07,-0.761099,1
2569.28,2026-08-15T15:34:56.720,33.6517692,-117.3033235,-80.3599,-117.539,18.503,-0.107,-0.835,-24.89,-0.819361,1
2569.32,2026-08-15T15:34:56.760,33.6517700,-117.3033314,-81.0911,-117.45,18.4583,-0.138,-0.845,-26.43,-0.867954,1
2569.36,2026-08-15T15:34:56.800,33.6517710,-117.3033393,-81.8223,-117.339,18.4091,-0.17,-0.841,-27.66,-0.905927,1
2569.4,2026-08-15T15:34:56.840,33.6517718,-117.3033471,-82.5443,-117.25,18.3555,-0.192,-0.834,-28.78,-0.939863,1
2569.44,2026-08-15T15:34:56.880,33.6517729,-117.3033549,-83.2662,-117.128,18.2616,-0.196,-0.842,-29.77,-0.967221,1
2569.48,2026-08-15T15:34:56.920,33.6517740,-117.3033626,-83.979,-117.006,18.2035,-0.185,-0.874,-30.6,-0.991023,1
2569.52,2026-08-15T15:34:56.960,33.6517753,-117.3033702,-84.6824,-116.861,18.1498,-0.158,-0.92,-31.24,-1.00877,1
2569.56,2026-08-15T15:34:57.000,33.6517768,-117.3033779,-85.3951,-116.694,18.1901,-0.112,-0.958,-31.57,-1.02168,1
2569.6,2026-08-15T15:34:57.040,33.6517784,-117.3033855,-86.0986,-116.516,18.2258,-0.061,-0.978,-31.49,-1.0211,1
2569.64,2026-08-15T15:34:57.080,33.6517801,-117.3033930,-86.7928,-116.327,18.2392,-0.013,-0.972,-31.06,-1.0079,1
2569.68,2026-08-15T15:34:57.120,33.6517819,-117.3034007,-87.5055,-116.127,18.2929,0.028,-0.955,-30.21,-0.983198,1
2569.72,2026-08-15T15:34:57.160,33.6517839,-117.3034083,-88.2089,-115.905,18.3152,0.055,-0.939,-29.17,-0.950511,1
2569.76,2026-08-15T15:34:57.200,33.6517861,-117.3034157,-88.8939,-115.66,18.3555,0.059,-0.942,-28.14,-0.918962,1
2569.8,2026-08-15T15:34:57.240,33.6517882,-117.3034232,-89.5881,-115.427,18.3421,0.053,-0.95,-27.23,-0.888595,1
2569.84,2026-08-15T15:34:57.280,33.6517906,-117.3034306,-90.273,-115.16,18.3421,0.046,-0.958,-26.53,-0.865752,1
2569.88,2026-08-15T15:34:57.320,33.6517930,-117.3034380,-90.958,-114.893,18.3421,0.041,-0.96,-26.08,-0.851067,1
2569.92,2026-08-15T15:34:57.360,33.6517956,-117.3034453,-91.6337,-114.604,18.3421,0.045,-0.957,-25.67,-0.837688,1
2569.96,2026-08-15T15:34:57.400,33.6517983,-117.3034525,-92.3001,-114.303,18.3912,0.059,-0.946,-25.15,-0.822919,1
2570,2026-08-15T15:34:57.440,33.6518011,-117.3034598,-92.9758,-113.992,18.4493,0.072,-0.938,-24.56,-0.806153,1
2570.04,2026-08-15T15:34:57.480,33.6518040,-117.3034670,-93.6422,-113.67,18.5119,0.081,-0.929,-23.92,-0.787809,1
2570.08,2026-08-15T15:34:57.520,33.6518071,-117.3034741,-94.2994,-113.325,18.5522,0.086,-0.919,-23.36,-0.771038,1
2570.12,2026-08-15T15:34:57.560,33.6518102,-117.3034811,-94.9473,-112.98,18.5879,0.09,-0.905,-22.97,-0.759627,1
2570.16,2026-08-15T15:34:57.600,33.6518135,-117.3034882,-95.6045,-112.613,18.6192,0.099,-0.891,-22.77,-0.75428,1
2570.2,2026-08-15T15:34:57.640,33.6518168,-117.3034952,-96.2524,-112.246,18.6639,0.113,-0.878,-22.67,-0.752771,1
2570.24,2026-08-15T15:34:57.680,33.6518203,-117.3035022,-96.9003,-111.857,18.7623,0.132,-0.874,-22.58,-0.753733,1
2570.28,2026-08-15T15:34:57.720,33.6518238,-117.3035091,-97.539,-111.468,18.8338,0.15,-0.876,-22.45,-0.752251,1
2570.32,2026-08-15T15:34:57.760,33.6518275,-117.3035160,-98.1776,-111.057,18.9232,0.163,-0.883,-22.28,-0.750098,1
2570.36,2026-08-15T15:34:57.800,33.6518314,-117.3035229,-98.8163,-110.623,19.0037,0.172,-0.891,-22.09,-0.746864,1
2570.4,2026-08-15T15:34:57.840,33.6518354,-117.3035297,-99.4457,-110.178,19.0975,0.18,-0.884,-21.93,-0.745117,1
2570.44,2026-08-15T15:34:57.880,33.6518394,-117.3035364,-100.066,-109.733,19.1512,0.182,-0.873,-21.78,-0.742099,1
2570.48,2026-08-15T15:34:57.920,33.6518436,-117.3035431,-100.686,-109.266,19.2406,0.188,-0.858,-21.57,-0.738375,1
2570.52,2026-08-15T15:34:57.960,33.6518478,-117.3035498,-101.306,-108.799,19.3255,0.197,-0.848,-21.08,-0.724787,1
2570.56,2026-08-15T15:34:58.000,33.6518522,-117.3035564,-101.917,-108.31,19.4284,0.199,-0.831,-20.24,-0.699608,1
2570.6,2026-08-15T15:34:58.040,33.6518567,-117.3035630,-102.528,-107.81,19.5222,0.196,-0.815,-18.9,-0.656447,1
2570.64,2026-08-15T15:34:58.080,33.6518612,-117.3035694,-103.12,-107.309,19.5893,0.188,-0.787,-17.04,-0.593877,1
2570.68,2026-08-15T15:34:58.120,33.6518658,-117.3035760,-103.731,-106.798,19.5938,0.157,-0.732,-14.46,-0.504074,1
2570.72,2026-08-15T15:34:58.160,33.6518705,-117.3035823,-104.314,-106.275,19.6295,0.113,-0.645,-11.49,-0.401271,1
2570.76,2026-08-15T15:34:58.200,33.6518752,-117.3035888,-104.916,-105.753,19.6653,0.068,-0.533,-8.16,-0.285495,1
2570.8,2026-08-15T15:34:58.240,33.6518798,-117.3035952,-105.508,-105.241,19.6563,0.025,-0.393,-4.49,-0.157021,1
2570.84,2026-08-15T15:34:58.280,33.6518845,-117.3036015,-106.092,-104.718,19.6116,-0.006,-0.226,-0.28,-0.00976968,1
2570.88,2026-08-15T15:34:58.320,33.6518891,-117.3036080,-106.693,-104.207,19.5893,-0.026,-0.051,4.04,0.140802,1
2570.92,2026-08-15T15:34:58.360,33.6518938,-117.3036144,-107.286,-103.684,19.6206,-0.046,0.139,8.47,0.295668,1
2570.96,2026-08-15T15:34:58.400,33.6518982,-117.3036211,-107.906,-103.195,19.6295,-0.066,0.336,12.91,0.450863,1
2571,2026-08-15T15:34:58.440,33.6519025,-117.3036277,-108.517,-102.717,19.5625,-0.082,0.508,16.89,0.587843,1
2571.04,2026-08-15T15:34:58.480,33.6519068,-117.3036344,-109.137,-102.239,19.5088,-0.092,0.648,20.06,0.696258,1
2571.08,2026-08-15T15:34:58.520,33.6519110,-117.3036412,-109.766,-101.772,19.4731,-0.089,0.771,22.45,0.777784,1
2571.12,2026-08-15T15:34:58.560,33.6519150,-117.3036480,-110.396,-101.327,19.4552,-0.072,0.863,24.06,0.832797,1
2571.16,2026-08-15T15:34:58.600,33.6519189,-117.3036550,-111.043,-100.893,19.4999,-0.055,0.907,24.93,0.864894,1
2571.2,2026-08-15T15:34:58.640,33.6519227,-117.3036621,-111.701,-100.471,19.5133,-0.036,0.911,25.43,0.882847,1
2571.24,2026-08-15T15:34:58.680,33.6519264,-117.3036692,-112.358,-100.059,19.4865,-0.02,0.893,25.78,0.893767,1
2571.28,2026-08-15T15:34:58.720,33.6519301,-117.3036764,-113.024,-99.648,19.4597,-0.004,0.877,26.06,0.902231,1
2571.32,2026-08-15T15:34:58.760,33.6519337,-117.3036836,-113.691,-99.2477,19.4641,0.019,0.874,26.2,0.907287,1
2571.36,2026-08-15T15:34:58.800,33.6519372,-117.3036909,-114.366,-98.8585,19.5535,0.047,0.896,26.1,0.907975,1
2571.4,2026-08-15T15:34:58.840,33.6519406,-117.3036984,-115.061,-98.4804,19.6116,0.064,0.927,25.8,0.900206,1
2571.44,2026-08-15T15:34:58.880,33.6519437,-117.3037060,-115.764,-98.1357,19.6698,0.068,0.951,25.37,0.887826,1
2571.48,2026-08-15T15:34:58.920,33.6519468,-117.3037135,-116.458,-97.791,19.6787,0.059,0.948,25,0.875276,1
2571.52,2026-08-15T15:34:58.960,33.6519497,-117.3037213,-117.18,-97.4686,19.6206,0.043,0.915,24.88,0.868502,1
2571.56,2026-08-15T15:34:59.000,33.6519527,-117.3037289,-117.884,-97.135,19.5759,0.03,0.875,24.98,0.870006,1
2571.6,2026-08-15T15:34:59.040,33.6519555,-117.3037365,-118.587,-96.8236,19.5535,0.032,0.848,25.14,0.874578,1
2571.64,2026-08-15T15:34:59.080,33.6519582,-117.3037444,-119.318,-96.5234,19.6072,0.039,0.848,25.27,0.881513,1
2571.68,2026-08-15T15:34:59.120,33.6519608,-117.3037523,-120.05,-96.2343,19.71,0.043,0.869,25.37,0.889642,1
2571.72,2026-08-15T15:34:59.160,33.6519633,-117.3037602,-120.781,-95.9563,19.7011,0.036,0.886,25.47,0.892744,1
2571.76,2026-08-15T15:34:59.200,33.6519656,-117.3037683,-121.53,-95.7006,19.6832,0.029,0.89,25.69,0.899637,1
2571.8,2026-08-15T15:34:59.240,33.6519679,-117.3037763,-122.271,-95.4448,19.6563,0.027,0.891,26.07,0.911701,1
2571.84,2026-08-15T15:34:59.280,33.6519701,-117.3037844,-123.021,-95.2002,19.6653,0.034,0.893,26.46,0.92576,1
2571.88,2026-08-15T15:34:59.320,33.6519722,-117.3037925,-123.77,-94.9667,19.6921,0.052,0.903,26.72,0.936132,1
2571.92,2026-08-15T15:34:59.360,33.6519741,-117.3038007,-124.529,-94.7554,19.777,0.077,0.932,26.73,0.940522,1
2571.96,2026-08-15T15:34:59.400,33.6519759,-117.3038090,-125.298,-94.5552,19.8665,0.102,0.959,26.52,0.937351,1
2572,2026-08-15T15:34:59.440,33.6519777,-117.3038174,-126.075,-94.3551,19.8888,0.126,0.969,26.1,0.923544,1
2572.04,2026-08-15T15:34:59.480,33.6519791,-117.3038257,-126.843,-94.1994,19.9067,0.159,0.962,25.47,0.902062,1
2572.08,2026-08-15T15:34:59.520,33.6519805,-117.3038342,-127.63,-94.0438,20.0274,0.203,0.93,24.4,0.869406,1
2572.12,2026-08-15T15:34:59.560,33.6519819,-117.3038428,-128.426,-93.8881,20.1794,0.257,0.872,22.77,0.817484,1
2572.16,2026-08-15T15:34:59.600,33.6519832,-117.3038514,-129.222,-93.7435,20.3403,0.321,0.796,20.4,0.738238,1
2572.2,2026-08-15T15:34:59.640,33.6519844,-117.3038603,-130.046,-93.6101,20.5281,0.386,0.696,16.99,0.620512,1
2572.24,2026-08-15T15:34:59.680,33.6519856,-117.3038691,-130.861,-93.4767,20.7203,0.447,0.595,13.05,0.481077,1
2572.28,2026-08-15T15:34:59.720,33.6519868,-117.3038782,-131.703,-93.3432,20.993,0.495,0.521,9.15,0.341746,1
2572.32,2026-08-15T15:34:59.760,33.6519880,-117.3038873,-132.545,-93.2098,21.2255,0.516,0.479,5.7,0.215249,1
2572.36,2026-08-15T15:34:59.800,33.6519890,-117.3038966,-133.406,-93.0986,21.4043,0.508,0.457,3.28,0.124906,1
2572.4,2026-08-15T15:34:59.840,33.6519899,-117.3039057,-134.248,-92.9985,21.5384,0.48,0.44,2.24,0.085836,1
2572.44,2026-08-15T15:34:59.880,33.6519909,-117.3039152,-135.128,-92.8873,21.6636,0.437,0.404,2.28,0.0878766,1
2572.48,2026-08-15T15:34:59.920,33.6519919,-117.3039244,-135.979,-92.7761,21.7619,0.387,0.344,2.98,0.115378,1
2572.52,2026-08-15T15:34:59.960,33.6519929,-117.3039339,-136.858,-92.6649,21.9228,0.324,0.273,3.83,0.149384,1
2572.56,2026-08-15T15:35:00.000,33.6519938,-117.3039433,-137.728,-92.5649,22.0122,0.251,0.202,4.27,0.167225,1
2572.6,2026-08-15T15:35:00.040,33.6519947,-117.3039529,-138.617,-92.4648,22.048,0.154,0.143,4.15,0.162789,1
2572.64,2026-08-15T15:35:00.080,33.6519956,-117.3039622,-139.478,-92.3647,22.0122,0.039,0.101,3.53,0.138244,1
2572.68,2026-08-15T15:35:00.120,33.6519965,-117.3039717,-140.357,-92.2646,21.896,-0.085,0.065,2.64,0.102844,1
2572.72,2026-08-15T15:35:00.160,33.6519974,-117.3039809,-141.209,-92.1646,21.6993,-0.203,0.034,1.77,0.0683326,1
2572.76,2026-08-15T15:35:00.200,33.6519983,-117.3039900,-142.051,-92.0645,21.4982,-0.298,0.021,1.11,0.0424554,1
2572.8,2026-08-15T15:35:00.240,33.6519992,-117.3039992,-142.903,-91.9644,21.364,-0.363,0.023,0.63,0.023946,1
2572.84,2026-08-15T15:35:00.280,33.6520002,-117.3040083,-143.745,-91.8532,21.2523,-0.404,0.02,0.25,0.00945266,1
2572.88,2026-08-15T15:35:00.320,33.6520010,-117.3040173,-144.578,-91.7643,21.1584,-0.431,0.018,-0.13,-0.00489367,1
2572.92,2026-08-15T15:35:00.360,33.6520018,-117.3040263,-145.411,-91.6753,21.0109,-0.456,0.005,-0.65,-0.0242977,1
2572.96,2026-08-15T15:35:00.400,33.6520027,-117.3040350,-146.216,-91.5752,20.8276,-0.482,-0.017,-1.24,-0.0459483,1
2573,2026-08-15T15:35:00.440,33.6520036,-117.3040439,-147.04,-91.4751,20.6041,-0.511,-0.035,-1.89,-0.0692825,1
2573.04,2026-08-15T15:35:00.480,33.6520045,-117.3040525,-147.836,-91.3751,20.3671,-0.538,-0.057,-2.53,-0.0916767,1
2573.08,2026-08-15T15:35:00.520,33.6520053,-117.3040611,-148.632,-91.2861,20.1347,-0.555,-0.095,-3.18,-0.113915,1
2573.12,2026-08-15T15:35:00.560,33.6520062,-117.3040695,-149.41,-91.186,19.929,-0.559,-0.128,-3.81,-0.135089,1
2573.16,2026-08-15T15:35:00.600,33.6520073,-117.3040779,-150.187,-91.0637,19.7681,-0.551,-0.161,-4.53,-0.159321,1
2573.2,2026-08-15T15:35:00.640,33.6520083,-117.3040863,-150.965,-90.9525,19.6206,-0.535,-0.205,-5.47,-0.190945,1
2573.24,2026-08-15T15:35:00.680,33.6520093,-117.3040945,-151.724,-90.8413,19.4686,-0.516,-0.254,-6.57,-0.227566,1
2573.28,2026-08-15T15:35:00.720,33.6520104,-117.3041027,-152.482,-90.719,19.2719,-0.498,-0.294,-7.84,-0.268812,1
2573.32,2026-08-15T15:35:00.760,33.6520115,-117.3041107,-153.223,-90.5967,19.0975,-0.492,-0.322,-9.3,-0.315987,1
2573.36,2026-08-15T15:35:00.800,33.6520127,-117.3041187,-153.963,-90.4633,18.9411,-0.496,-0.338,-10.85,-0.365631,1
2573.4,2026-08-15T15:35:00.840,33.6520138,-117.3041266,-154.695,-90.341,18.7533,-0.509,-0.355,-12.45,-0.41539,1
2573.44,2026-08-15T15:35:00.880,33.6520150,-117.3041344,-155.417,-90.2075,18.5209,-0.531,-0.391,-14.1,-0.46461,1
2573.48,2026-08-15T15:35:00.920,33.6520163,-117.3041421,-156.129,-90.063,18.2929,-0.541,-0.454,-15.7,-0.510964,1
2573.52,2026-08-15T15:35:00.960,33.6520176,-117.3041497,-156.833,-89.9184,18.1141,-0.535,-0.523,-17.27,-0.556566,1
2573.56,2026-08-15T15:35:01.000,33.6520190,-117.3041572,-157.527,-89.7627,17.9755,-0.515,-0.589,-18.67,-0.597081,1
2573.6,2026-08-15T15:35:01.040,33.6520207,-117.3041646,-158.212,-89.5737,17.8592,-0.489,-0.649,-19.86,-0.631031,1
2573.64,2026-08-15T15:35:01.080,33.6520223,-117.3041720,-158.897,-89.3958,17.7341,-0.463,-0.681,-20.88,-0.658791,1
2573.68,2026-08-15T15:35:01.120,33.6520240,-117.3041793,-159.573,-89.2068,17.591,-0.443,-0.687,-21.79,-0.681957,1
2573.72,2026-08-15T15:35:01.160,33.6520257,-117.3041864,-160.23,-89.0177,17.439,-0.43,-0.692,-22.55,-0.699644,1
2573.76,2026-08-15T15:35:01.200,33.6520275,-117.3041935,-160.887,-88.8176,17.2379,-0.427,-0.702,-23.31,-0.714881,1
2573.8,2026-08-15T15:35:01.240,33.6520294,-117.3042005,-161.535,-88.6063,17.1082,-0.418,-0.717,-24,-0.730507,1
2573.84,2026-08-15T15:35:01.280,33.6520314,-117.3042073,-162.164,-88.3839,16.9741,-0.397,-0.743,-24.59,-0.742598,1
2573.88,2026-08-15T15:35:01.320,33.6520335,-117.3042142,-162.803,-88.1504,16.8892,-0.369,-0.77,-25.1,-0.754207,1
2573.92,2026-08-15T15:35:01.360,33.6520357,-117.3042209,-163.423,-87.9058,16.7819,-0.33,-0.788,-25.55,-0.762851,1
2573.96,2026-08-15T15:35:01.400,33.6520380,-117.3042275,-164.034,-87.65,16.7148,-0.285,-0.792,-25.9,-0.770211,1
2574,2026-08-15T15:35:01.440,33.6520404,-117.3042341,-164.645,-87.3832,16.6969,-0.246,-0.78,-26.21,-0.778596,1
2574.04,2026-08-15T15:35:01.480,33.6520427,-117.3042407,-165.256,-87.1274,16.6344,-0.218,-0.764,-26.54,-0.785444,1
2574.08,2026-08-15T15:35:01.520,33.6520453,-117.3042471,-165.848,-86.8383,16.5762,-0.198,-0.758,-26.87,-0.792432,1
2574.12,2026-08-15T15:35:01.560,33.6520479,-117.3042535,-166.441,-86.5492,16.5047,-0.188,-0.767,-27.26,-0.800465,1
2574.16,2026-08-15T15:35:01.600,33.6520506,-117.3042598,-167.024,-86.249,16.4377,-0.182,-0.795,-27.68,-0.809496,1
2574.2,2026-08-15T15:35:01.640,33.6520533,-117.3042660,-167.598,-85.9488,16.4019,-0.177,-0.84,-28.1,-0.81999,1
2574.24,2026-08-15T15:35:01.680,33.6520563,-117.3042721,-168.162,-85.6152,16.3751,-0.177,-0.887,-28.44,-0.828555,1
2574.28,2026-08-15T15:35:01.720,33.6520593,-117.3042781,-168.717,-85.2816,16.3259,-0.183,-0.923,-28.71,-0.833909,1
2574.32,2026-08-15T15:35:01.760,33.6520624,-117.3042840,-169.264,-84.9369,16.2499,-0.196,-0.94,-28.93,-0.836388,1
2574.36,2026-08-15T15:35:01.800,33.6520656,-117.3042898,-169.8,-84.5811,16.165,-0.218,-0.941,-29.16,-0.838631,1
2574.4,2026-08-15T15:35:01.840,33.6520689,-117.3042955,-170.328,-84.2141,16.0487,-0.244,-0.936,-29.4,-0.839453,1
2574.44,2026-08-15T15:35:01.880,33.6520722,-117.3043010,-170.837,-83.8472,15.9504,-0.266,-0.931,-29.69,-0.842539,1
2574.48,2026-08-15T15:35:01.920,33.6520756,-117.3043064,-171.337,-83.4691,15.8297,-0.281,-0.933,-29.97,-0.844049,1
2574.52,2026-08-15T15:35:01.960,33.6520791,-117.3043117,-171.828,-83.0799,15.7179,-0.278,-0.934,-30.16,-0.843403,1
2574.56,2026-08-15T15:35:02.000,33.6520827,-117.3043168,-172.3,-82.6796,15.6151,-0.265,-0.924,-30.26,-0.840664,1
2574.6,2026-08-15T15:35:02.040,33.6520864,-117.3043219,-172.772,-82.2682,15.5525,-0.244,-0.903,-30.27,-0.837571,1
2574.64,2026-08-15T15:35:02.080,33.6520901,-117.3043268,-173.225,-81.8568,15.4989,-0.221,-0.883,-30.24,-0.833855,1
2574.68,2026-08-15T15:35:02.120,33.6520938,-117.3043318,-173.688,-81.4454,15.4765,-0.202,-0.867,-30.23,-0.832377,1
2574.72,2026-08-15T15:35:02.160,33.6520977,-117.3043365,-174.123,-81.0117,15.4363,-0.19,-0.862,-30.26,-0.831037,1
2574.76,2026-08-15T15:35:02.200,33.6521016,-117.3043412,-174.558,-80.578,15.3737,-0.18,-0.866,-30.37,-0.830676,1
2574.8,2026-08-15T15:35:02.240,33.6521056,-117.3043457,-174.975,-80.1333,15.3022,-0.168,-0.87,-30.52,-0.830895,1
2574.84,2026-08-15T15:35:02.280,33.6521096,-117.3043500,-175.373,-79.6885,15.2217,-0.152,-0.877,-30.64,-0.829776,1
2574.88,2026-08-15T15:35:02.320,33.6521138,-117.3043543,-175.771,-79.2215,15.1725,-0.132,-0.882,-30.63,-0.826825,1
2574.92,2026-08-15T15:35:02.360,33.6521181,-117.3043585,-176.159,-78.7433,15.1994,-0.112,-0.89,-30.49,-0.824501,1
2574.96,2026-08-15T15:35:02.400,33.6521223,-117.3043626,-176.539,-78.2763,15.1636,-0.1,-0.912,-30.16,-0.813658,1
2575,2026-08-15T15:35:02.440,33.6521266,-117.3043665,-176.9,-77.7982,15.1591,-0.099,-0.94,-29.67,-0.800203,1
2575.04,2026-08-15T15:35:02.480,33.6521311,-117.3043701,-177.233,-77.2978,15.1591,-0.12,-0.95,-29.15,-0.786178,1
2575.08,2026-08-15T15:35:02.520,33.6521357,-117.3043739,-177.585,-76.7863,15.1189,-0.156,-0.938,-28.8,-0.774677,1
2575.12,2026-08-15T15:35:02.560,33.6521402,-117.3043774,-177.909,-76.2859,15.0161,-0.194,-0.908,-28.7,-0.766737,1
2575.16,2026-08-15T15:35:02.600,33.6521447,-117.3043808,-178.223,-75.7855,14.882,-0.228,-0.875,-28.93,-0.765979,1
2575.2,2026-08-15T15:35:02.640,33.6521493,-117.3043841,-178.529,-75.274,14.7568,-0.256,-0.862,-29.35,-0.770563,1
2575.24,2026-08-15T15:35:02.680,33.6521538,-117.3043872,-178.816,-74.7737,14.6942,-0.271,-0.866,-29.84,-0.780105,1
2575.28,2026-08-15T15:35:02.720,33.6521585,-117.3043901,-179.084,-74.2511,14.6406,-0.278,-0.878,-30.28,-0.788718,1
2575.32,2026-08-15T15:35:02.760,33.6521631,-117.3043929,-179.343,-73.7396,14.5869,-0.279,-0.882,-30.65,-0.795431,1
2575.36,2026-08-15T15:35:02.800,33.6521679,-117.3043956,-179.593,-73.2058,14.5109,-0.276,-0.876,-30.91,-0.797999,1
2575.4,2026-08-15T15:35:02.840,33.6521726,-117.3043982,-179.834,-72.6832,14.4349,-0.271,-0.87,-31.1,-0.798699,1
2575.44,2026-08-15T15:35:02.880,33.6521773,-117.3044007,-180.065,-72.1606,14.3276,-0.269,-0.869,-31.27,-0.797096,1
2575.48,2026-08-15T15:35:02.920,33.6521820,-117.3044029,-180.269,-71.638,14.2159,-0.266,-0.883,-31.43,-0.794925,1
2575.52,2026-08-15T15:35:02.960,33.6521868,-117.3044050,-180.463,-71.1042,14.0862,-0.262,-0.893,-31.64,-0.792939,1
2575.56,2026-08-15T15:35:03.000,33.6521916,-117.3044068,-180.63,-70.5705,14.0639,-0.255,-0.89,-31.86,-0.797185,1
2575.6,2026-08-15T15:35:03.040,33.6521964,-117.3044086,-180.797,-70.0368,13.9655,-0.242,-0.866,-32.09,-0.797325,1
2575.64,2026-08-15T15:35:03.080,33.6522012,-117.3044103,-180.954,-69.503,13.9253,-0.222,-0.841,-32.25,-0.798992,1
2575.68,2026-08-15T15:35:03.120,33.6522061,-117.3044120,-181.111,-68.9582,13.9208,-0.204,-0.823,-32.36,-0.80146,1
2575.72,2026-08-15T15:35:03.160,33.6522109,-117.3044135,-181.25,-68.4244,13.8761,-0.189,-0.838,-32.38,-0.79938,1
2575.76,2026-08-15T15:35:03.200,33.6522158,-117.3044148,-181.37,-67.8796,13.8359,-0.187,-0.875,-32.44,-0.798539,1
2575.8,2026-08-15T15:35:03.240,33.6522208,-117.3044158,-181.463,-67.3236,13.8359,-0.196,-0.913,-32.63,-0.803216,1
2575.84,2026-08-15T15:35:03.280,33.6522257,-117.3044167,-181.546,-66.7788,13.742,-0.212,-0.935,-33,-0.806812,1
2575.88,2026-08-15T15:35:03.320,33.6522305,-117.3044174,-181.611,-66.245,13.6615,-0.226,-0.928,-33.63,-0.817401,1
2575.92,2026-08-15T15:35:03.360,33.6522354,-117.3044181,-181.676,-65.7002,13.5855,-0.237,-0.899,-34.42,-0.831948,1
2575.96,2026-08-15T15:35:03.400,33.6522402,-117.3044186,-181.722,-65.1664,13.5095,-0.239,-0.863,-35.21,-0.846282,1
2576,2026-08-15T15:35:03.440,33.6522450,-117.3044190,-181.759,-64.6327,13.4246,-0.231,-0.841,-35.93,-0.858158,1
2576.04,2026-08-15T15:35:03.480,33.6522498,-117.3044193,-181.787,-64.099,13.3576,-0.22,-0.849,-36.5,-0.867418,1
2576.08,2026-08-15T15:35:03.520,33.6522546,-117.3044194,-181.796,-63.5652,13.2994,-0.208,-0.89,-36.82,-0.871215,1
2576.12,2026-08-15T15:35:03.560,33.6522594,-117.3044193,-181.787,-63.0315,13.2547,-0.199,-0.936,-37,-0.872532,1
2576.16,2026-08-15T15:35:03.600,33.6522640,-117.3044190,-181.759,-62.52,13.2726,-0.183,-0.96,-37.13,-0.876778,1
2576.2,2026-08-15T15:35:03.640,33.6522689,-117.3044185,-181.713,-61.9751,13.2369,-0.157,-0.962,-37.21,-0.8763,1
2576.24,2026-08-15T15:35:03.680,33.6522736,-117.3044181,-181.676,-61.4525,13.1832,-0.124,-0.94,-37.24,-0.873452,1
2576.28,2026-08-15T15:35:03.720,33.6522783,-117.3044175,-181.62,-60.9299,13.2011,-0.076,-0.916,-37.19,-0.873463,1
2576.32,2026-08-15T15:35:03.760,33.6522831,-117.3044167,-181.546,-60.3962,13.2816,-0.026,-0.908,-36.97,-0.873588,1
2576.36,2026-08-15T15:35:03.800,33.6522878,-117.3044158,-181.463,-59.8736,13.3352,0.009,-0.92,-36.62,-0.868813,1
2576.4,2026-08-15T15:35:03.840,33.6522926,-117.3044147,-181.361,-59.3398,13.4112,0.033,-0.934,-36.25,-0.864936,1
2576.44,2026-08-15T15:35:03.880,33.6522974,-117.3044134,-181.241,-58.8061,13.438,0.05,-0.937,-35.92,-0.858776,1
2576.48,2026-08-15T15:35:03.920,33.6523020,-117.3044120,-181.111,-58.2946,13.4783,0.057,-0.922,-35.63,-0.854393,1
2576.52,2026-08-15T15:35:03.960,33.6523067,-117.3044105,-180.972,-57.772,13.5006,0.061,-0.896,-35.35,-0.849085,1
2576.56,2026-08-15T15:35:04.000,33.6523115,-117.3044089,-180.824,-57.2382,13.5453,0.061,-0.878,-35.02,-0.843944,1
2576.6,2026-08-15T15:35:04.040,33.6523162,-117.3044071,-180.658,-56.7156,13.5453,0.051,-0.877,-34.62,-0.834304,1
2576.64,2026-08-15T15:35:04.080,33.6523207,-117.3044052,-180.482,-56.2152,13.5632,0.034,-0.898,-34.21,-0.825512,1
2576.68,2026-08-15T15:35:04.120,33.6523254,-117.3044031,-180.287,-55.6926,13.5855,0.008,-0.927,-33.88,-0.818896,1
2576.72,2026-08-15T15:35:04.160,33.6523298,-117.3044008,-180.075,-55.2034,13.59,-0.015,-0.947,-33.66,-0.813846,1
2576.76,2026-08-15T15:35:04.200,33.6523345,-117.3043984,-179.852,-54.6807,13.6437,-0.027,-0.953,-33.57,-0.814874,1
2576.8,2026-08-15T15:35:04.240,33.6523388,-117.3043959,-179.621,-54.2026,13.6571,-0.026,-0.944,-33.46,-0.813003,1
2576.84,2026-08-15T15:35:04.280,33.6523433,-117.3043933,-179.38,-53.7022,13.6973,-0.015,-0.922,-33.26,-0.810524,1
2576.88,2026-08-15T15:35:04.320,33.6523478,-117.3043905,-179.121,-53.2019,13.7465,0.002,-0.897,-32.86,-0.803651,1
2576.92,2026-08-15T15:35:04.360,33.6523521,-117.3043876,-178.853,-52.7237,13.8091,0.015,-0.88,-32.31,-0.793797,1
2576.96,2026-08-15T15:35:04.400,33.6523564,-117.3043846,-178.575,-52.2456,13.818,0.016,-0.865,-31.69,-0.779069,1
2577,2026-08-15T15:35:04.440,33.6523607,-117.3043815,-178.288,-51.7674,13.8314,0.007,-0.856,-31.12,-0.765799,1
2577.04,2026-08-15T15:35:04.480,33.6523649,-117.3043783,-177.992,-51.3004,13.8225,-0.012,-0.852,-30.66,-0.753991,1
2577.08,2026-08-15T15:35:04.520,33.6523689,-117.3043749,-177.677,-50.8556,13.8404,-0.042,-0.855,-30.36,-0.74758,1
2577.12,2026-08-15T15:35:04.560,33.6523729,-117.3043715,-177.363,-50.4109,13.8046,-0.078,-0.859,-30.15,-0.74049,1
2577.16,2026-08-15T15:35:04.600,33.6523770,-117.3043679,-177.029,-49.955,13.742,-0.114,-0.856,-29.93,-0.731754,1
2577.2,2026-08-15T15:35:04.640,33.6523808,-117.3043642,-176.687,-49.5324,13.7062,-0.149,-0.84,-29.68,-0.723754,1
2577.24,2026-08-15T15:35:04.680,33.6523845,-117.3043605,-176.344,-49.121,13.6571,-0.179,-0.81,-29.35,-0.713139,1
2577.28,2026-08-15T15:35:04.720,33.6523882,-117.3043567,-175.993,-48.7096,13.5766,-0.201,-0.788,-28.86,-0.697101,1
2577.32,2026-08-15T15:35:04.760,33.6523919,-117.3043529,-175.641,-48.2982,13.4917,-0.211,-0.771,-28.11,-0.674737,1
2577.36,2026-08-15T15:35:04.800,33.6523954,-117.3043490,-175.28,-47.909,13.4604,-0.215,-0.758,-26.89,-0.643956,1
2577.4,2026-08-15T15:35:04.840,33.6523990,-117.3043449,-174.9,-47.5087,13.4514,-0.213,-0.739,-24.9,-0.595904,1
2577.44,2026-08-15T15:35:04.880,33.6524023,-117.3043408,-174.521,-47.1417,13.4246,-0.212,-0.693,-21.83,-0.521391,1
2577.48,2026-08-15T15:35:04.920,33.6524057,-117.3043367,-174.141,-46.7637,13.3933,-0.212,-0.579,-17.07,-0.406752,1
2577.52,2026-08-15T15:35:04.960,33.6524092,-117.3043327,-173.771,-46.3745,13.2816,-0.206,-0.382,-10.51,-0.248348,1
2577.56,2026-08-15T15:35:05.000,33.6524126,-117.3043288,-173.41,-45.9964,13.1743,-0.19,-0.129,-3.01,-0.0705507,1
2577.6,2026-08-15T15:35:05.040,33.6524162,-117.3043250,-173.059,-45.5961,13.1251,-0.162,0.141,4.81,0.11232,1
2577.64,2026-08-15T15:35:05.080,33.6524197,-117.3043213,-172.716,-45.2069,13.134,-0.125,0.384,12.26,0.286482,1
2577.68,2026-08-15T15:35:05.120,33.6524236,-117.3043177,-172.383,-44.7733,13.21,-0.094,0.565,18.54,0.435735,1
2577.72,2026-08-15T15:35:05.160,33.6524273,-117.3043142,-172.059,-44.3619,13.2056,-0.081,0.695,23.56,0.553529,1
2577.76,2026-08-15T15:35:05.200,33.6524311,-117.3043107,-171.735,-43.9393,13.1922,-0.09,0.786,27.57,0.647084,1
2577.8,2026-08-15T15:35:05.240,33.6524349,-117.3043074,-171.429,-43.5168,13.1072,-0.12,0.844,30.84,0.719173,1
2577.84,2026-08-15T15:35:05.280,33.6524389,-117.3043043,-171.143,-43.072,13.0223,-0.16,0.853,33.87,0.784712,1
2577.88,2026-08-15T15:35:05.320,33.6524428,-117.3043014,-170.874,-42.6383,12.8703,-0.189,0.833,36.66,0.839438,1
2577.92,2026-08-15T15:35:05.360,33.6524467,-117.3042985,-170.606,-42.2047,12.7451,-0.198,0.796,39.07,0.885922,1
2577.96,2026-08-15T15:35:05.400,33.6524507,-117.3042957,-170.347,-41.7599,12.7809,-0.182,0.778,41.02,0.932748,1
2578,2026-08-15T15:35:05.440,33.6524547,-117.3042928,-170.078,-41.3151,12.8703,-0.151,0.815,42.22,0.966751,1
2578.04,2026-08-15T15:35:05.480,33.6524589,-117.3042904,-169.856,-40.8481,12.9284,-0.126,0.905,42.57,0.979167,1
2578.08,2026-08-15T15:35:05.520,33.6524632,-117.3042880,-169.634,-40.37,12.8613,-0.109,1.002,42.37,0.969512,1
2578.12,2026-08-15T15:35:05.560,33.6524675,-117.3042861,-169.458,-39.8918,12.8166,-0.107,1.065,42.01,0.957933,1
2578.16,2026-08-15T15:35:05.600,33.6524718,-117.3042842,-169.282,-39.4137,12.7451,-0.104,1.066,41.84,0.948732,1
2578.2,2026-08-15T15:35:05.640,33.6524761,-117.3042822,-169.097,-38.9355,12.6736,-0.088,1.018,41.97,0.946339,1
2578.24,2026-08-15T15:35:05.680,33.6524804,-117.3042803,-168.921,-38.4574,12.7183,-0.048,0.963,42.25,0.956013,1
2578.28,2026-08-15T15:35:05.720,33.6524848,-117.3042787,-168.773,-37.9682,12.8256,0.008,0.945,42.3,0.965219,1
2578.32,2026-08-15T15:35:05.760,33.6524893,-117.3042771,-168.625,-37.4678,12.8882,0.061,0.954,41.9,0.960757,1
2578.36,2026-08-15T15:35:05.800,33.6524939,-117.3042758,-168.505,-36.9563,12.9686,0.102,0.968,40.97,0.945297,1
2578.4,2026-08-15T15:35:05.840,33.6524986,-117.3042747,-168.403,-36.4337,13.0178,0.128,0.967,39.62,0.917615,1
2578.44,2026-08-15T15:35:05.880,33.6525031,-117.3042737,-168.31,-35.9333,13.0402,0.14,0.941,37.95,0.880446,1
2578.48,2026-08-15T15:35:05.920,33.6525079,-117.3042727,-168.218,-35.3995,13.0938,0.14,0.905,36.3,0.845631,1
2578.52,2026-08-15T15:35:05.960,33.6525127,-117.3042718,-168.134,-34.8658,13.1787,0.136,0.887,34.78,0.815477,1
2578.56,2026-08-15T15:35:06.000,33.6525173,-117.3042711,-168.07,-34.3543,13.21,0.124,0.887,33.53,0.788036,1
2578.6,2026-08-15T15:35:06.040,33.6525221,-117.3042706,-168.023,-33.8206,13.2637,0.11,0.893,32.63,0.769998,1
2578.64,2026-08-15T15:35:06.080,33.6525270,-117.3042703,-167.996,-33.2757,13.3039,0.105,0.895,32.1,0.759788,1
2578.68,2026-08-15T15:35:06.120,33.6525318,-117.3042699,-167.959,-32.742,13.3441,0.119,0.89,31.73,0.753302,1
2578.72,2026-08-15T15:35:06.160,33.6525367,-117.3042698,-167.949,-32.1971,13.4336,0.156,0.868,31.37,0.749745,1
2578.76,2026-08-15T15:35:06.200,33.6525416,-117.3042698,-167.949,-31.6523,13.5721,0.208,0.841,30.84,0.744682,1
2578.8,2026-08-15T15:35:06.240,33.6525468,-117.3042698,-167.949,-31.0741,13.7912,0.268,0.807,29.9,0.733637,1
2578.84,2026-08-15T15:35:06.280,33.6525518,-117.3042699,-167.959,-30.5181,13.9924,0.33,0.754,28.08,0.699031,1
2578.88,2026-08-15T15:35:06.320,33.6525571,-117.3042703,-167.996,-29.9288,14.2069,0.382,0.699,25.29,0.63923,1
2578.92,2026-08-15T15:35:06.360,33.6525622,-117.3042705,-168.014,-29.3617,14.426,0.433,0.635,21.36,0.54822,1
2578.96,2026-08-15T15:35:06.400,33.6525675,-117.3042710,-168.06,-28.7723,14.6182,0.473,0.565,15.8,0.410922,1
2579,2026-08-15T15:35:06.440,33.6525729,-117.3042715,-168.107,-28.1719,14.8462,0.493,0.474,9.29,0.24538,1
2579.04,2026-08-15T15:35:06.480,33.6525784,-117.3042720,-168.153,-27.5603,15.0921,0.483,0.336,2.58,0.0692751,1
2579.08,2026-08-15T15:35:06.520,33.6525839,-117.3042724,-168.19,-26.9487,15.253,0.447,0.147,-3.74,-0.101493,1
2579.12,2026-08-15T15:35:06.560,33.6525894,-117.3042727,-168.218,-26.3372,15.3648,0.399,-0.084,-9.03,-0.246844,1
2579.16,2026-08-15T15:35:06.600,33.6525950,-117.3042729,-168.236,-25.7145,15.4229,0.364,-0.3,-12.5,-0.342992,1
2579.2,2026-08-15T15:35:06.640,33.6526006,-117.3042727,-168.218,-25.0918,15.5436,0.358,-0.463,-14.46,-0.399878,1
2579.24,2026-08-15T15:35:06.680,33.6526064,-117.3042727,-168.218,-24.4468,15.7492,0.382,-0.558,-15.21,-0.426183,1
2579.28,2026-08-15T15:35:06.720,33.6526124,-117.3042725,-168.199,-23.7797,16.0532,0.411,-0.605,-15.3,-0.43698,1
2579.32,2026-08-15T15:35:06.760,33.6526182,-117.3042722,-168.171,-23.1347,16.3572,0.42,-0.599,-15.22,-0.442927,1
2579.36,2026-08-15T15:35:06.800,33.6526242,-117.3042720,-168.153,-22.4676,16.4868,0.412,-0.584,-15.38,-0.45113,1
2579.4,2026-08-15T15:35:06.840,33.6526302,-117.3042715,-168.107,-21.8004,16.545,0.394,-0.557,-15.85,-0.466555,1
2579.44,2026-08-15T15:35:06.880,33.6526362,-117.3042710,-168.06,-21.1332,16.6254,0.391,-0.524,-16.4,-0.485093,1
2579.48,2026-08-15T15:35:06.920,33.6526423,-117.3042705,-168.014,-20.455,16.7953,0.425,-0.494,-16.75,-0.500508,1
2579.52,2026-08-15T15:35:06.960,33.6526486,-117.3042699,-167.959,-19.7544,17.1529,0.472,-0.485,-16.7,-0.509639,1
2579.56,2026-08-15T15:35:07.000,33.6526550,-117.3042692,-167.894,-19.0428,17.5106,0.501,-0.491,-16.49,-0.513723,1
2579.6,2026-08-15T15:35:07.040,33.6526614,-117.3042684,-167.82,-18.3311,17.819,0.488,-0.518,-16.39,-0.519602,1
2579.64,2026-08-15T15:35:07.080,33.6526679,-117.3042674,-167.727,-17.6084,17.8771,0.417,-0.541,-16.88,-0.536882,1
2579.68,2026-08-15T15:35:07.120,33.6526742,-117.3042663,-167.625,-16.9078,17.8011,0.315,-0.549,-17.95,-0.568487,1
2579.72,2026-08-15T15:35:07.160,33.6526805,-117.3042653,-167.533,-16.2073,17.7609,0.209,-0.56,-19.5,-0.61618,1
2579.76,2026-08-15T15:35:07.200,33.6526869,-117.3042641,-167.422,-15.4957,17.8145,0.114,-0.601,-21.18,-0.671288,1
2579.8,2026-08-15T15:35:07.240,33.6526933,-117.3042629,-167.311,-14.784,17.8861,0.019,-0.667,-22.79,-0.725216,1
2579.84,2026-08-15T15:35:07.280,33.6526996,-117.3042613,-167.162,-14.0835,17.9218,-0.065,-0.735,-24.11,-0.768755,1
2579.88,2026-08-15T15:35:07.320,33.6527058,-117.3042596,-167.005,-13.3941,17.8011,-0.139,-0.788,-25.26,-0.799999,1
2579.92,2026-08-15T15:35:07.360,33.6527119,-117.3042579,-166.848,-12.7158,17.6178,-0.215,-0.806,-26.34,-0.825614,1
2579.96,2026-08-15T15:35:07.400,33.6527181,-117.3042560,-166.672,-12.0264,17.5687,-0.28,-0.806,-27.32,-0.853941,1
2580,2026-08-15T15:35:07.440,33.6527242,-117.3042541,-166.496,-11.3481,17.5374,-0.323,-0.795,-28.19,-0.879565,1
2580.04,2026-08-15T15:35:07.480,33.6527301,-117.3042521,-166.311,-10.692,17.3943,-0.365,-0.795,-29.03,-0.898386,1
2580.08,2026-08-15T15:35:07.520,33.6527359,-117.3042500,-166.117,-10.0471,17.2379,-0.392,-0.816,-29.88,-0.916373,1
2580.12,2026-08-15T15:35:07.560,33.6527417,-117.3042478,-165.913,-9.40217,17.0501,-0.403,-0.847,-30.61,-0.928536,1
2580.16,2026-08-15T15:35:07.600,33.6527474,-117.3042454,-165.691,-8.76836,16.8713,-0.409,-0.861,-31.2,-0.936507,1
2580.2,2026-08-15T15:35:07.640,33.6527530,-117.3042428,-165.45,-8.14567,16.7685,-0.41,-0.863,-31.57,-0.941838,1
2580.24,2026-08-15T15:35:07.680,33.6527587,-117.3042402,-165.209,-7.51186,16.6969,-0.404,-0.856,-31.79,-0.944356,1
2580.28,2026-08-15T15:35:07.720,33.6527641,-117.3042376,-164.969,-6.91141,16.5584,-0.398,-0.85,-31.93,-0.940643,1
2580.32,2026-08-15T15:35:07.760,33.6527696,-117.3042348,-164.71,-6.29984,16.4198,-0.381,-0.851,-32.05,-0.936276,1
2580.36,2026-08-15T15:35:07.800,33.6527749,-117.3042320,-164.45,-5.7105,16.2901,-0.345,-0.862,-32.14,-0.931492,1
2580.4,2026-08-15T15:35:07.840,33.6527801,-117.3042289,-164.164,-5.13229,16.2499,-0.299,-0.871,-32.15,-0.92948,1
2580.44,2026-08-15T15:35:07.880,33.6527853,-117.3042258,-163.877,-4.55408,16.2499,-0.251,-0.883,-31.99,-0.924854,1
2580.48,2026-08-15T15:35:07.920,33.6527904,-117.3042225,-163.571,-3.98698,16.2141,-0.206,-0.891,-31.57,-0.910703,1
2580.52,2026-08-15T15:35:07.960,33.6527954,-117.3042191,-163.256,-3.43101,16.0934,-0.167,-0.907,-30.89,-0.884454,1
2580.56,2026-08-15T15:35:08.000,33.6528003,-117.3042157,-162.942,-2.88615,16.0353,-0.142,-0.927,-30.03,-0.856725,1
2580.6,2026-08-15T15:35:08.040,33.6528053,-117.3042120,-162.599,-2.33018,16.0174,-0.123,-0.946,-29.11,-0.829552,1
2580.64,2026-08-15T15:35:08.080,33.6528101,-117.3042082,-162.248,-1.79644,16.0174,-0.114,-0.959,-28.08,-0.8002,1
2580.68,2026-08-15T15:35:08.120,33.6528148,-117.3042043,-161.887,-1.27383,16.004,-0.119,-0.963,-27.17,-0.77362,1
2580.72,2026-08-15T15:35:08.160,33.6528194,-117.3042002,-161.507,-0.762329,15.9906,-0.133,-0.96,-26.52,-0.754479,1
2580.76,2026-08-15T15:35:08.200,33.6528240,-117.3041962,-161.137,-0.250832,15.8654,-0.153,-0.949,-26.25,-0.740952,1
2580.8,2026-08-15T15:35:08.240,33.6528284,-117.3041920,-160.748,0.238426,15.7224,-0.173,-0.931,-26.31,-0.735949,1
2580.84,2026-08-15T15:35:08.280,33.6528327,-117.3041878,-160.359,0.716564,15.6553,-0.183,-0.914,-26.71,-0.743952,1
2580.88,2026-08-15T15:35:08.320,33.6528370,-117.3041835,-159.961,1.1947,15.6017,-0.182,-0.906,-27.23,-0.755836,1
2580.92,2026-08-15T15:35:08.360,33.6528412,-117.3041791,-159.554,1.66172,15.5615,-0.166,-0.896,-27.77,-0.768838,1
2580.96,2026-08-15T15:35:08.400,33.6528453,-117.3041746,-159.138,2.11762,15.5883,-0.138,-0.902,-28.13,-0.780147,1
2581,2026-08-15T15:35:08.440,33.6528494,-117.3041698,-158.693,2.57352,15.6375,-0.099,-0.92,-28.25,-0.785947,1
2581.04,2026-08-15T15:35:08.480,33.6528532,-117.3041650,-158.249,2.99606,15.624,-0.048,-0.951,-27.95,-0.776933,1
2581.08,2026-08-15T15:35:08.520,33.6528572,-117.3041602,-157.805,3.44084,15.6151,0.003,-0.968,-27.27,-0.757597,1
2581.12,2026-08-15T15:35:08.560,33.6528609,-117.3041550,-157.323,3.85226,15.7179,0.05,-0.978,-26.22,-0.733223,1
2581.16,2026-08-15T15:35:08.600,33.6528646,-117.3041499,-156.851,4.26368,15.8118,0.089,-0.975,-24.94,-0.701595,1
2581.2,2026-08-15T15:35:08.640,33.6528683,-117.3041446,-156.361,4.6751,15.8699,0.111,-0.957,-23.58,-0.665774,1
2581.24,2026-08-15T15:35:08.680,33.6528718,-117.3041392,-155.861,5.06429,15.8833,0.114,-0.92,-22.47,-0.63497,1
2581.28,2026-08-15T15:35:08.720,33.6528753,-117.3041337,-155.352,5.45347,15.9191,0.109,-0.875,-21.72,-0.615158,1
2581.32,2026-08-15T15:35:08.760,33.6528787,-117.3041282,-154.843,5.83153,15.9459,0.098,-0.831,-21.38,-0.606549,1
2581.36,2026-08-15T15:35:08.800,33.6528821,-117.3041226,-154.324,6.20959,15.9414,0.09,-0.791,-21.38,-0.606378,1
2581.4,2026-08-15T15:35:08.840,33.6528854,-117.3041169,-153.797,6.57654,16.0219,0.088,-0.771,-21.53,-0.613715,1
2581.44,2026-08-15T15:35:08.880,33.6528885,-117.3041111,-153.26,6.92124,16.1247,0.091,-0.76,-21.69,-0.622244,1
2581.48,2026-08-15T15:35:08.920,33.6528918,-117.3041052,-152.714,7.28818,16.1918,0.088,-0.753,-21.77,-0.627136,1
2581.52,2026-08-15T15:35:08.960,33.6528949,-117.3040992,-152.159,7.63289,16.2186,0.072,-0.745,-21.9,-0.631926,1
2581.56,2026-08-15T15:35:09.000,33.6528979,-117.3040932,-151.603,7.96647,16.2097,0.047,-0.736,-22.1,-0.637345,1
2581.6,2026-08-15T15:35:09.040,33.6529008,-117.3040872,-151.048,8.28894,16.2052,0.008,-0.72,-22.6,-0.651585,1
2581.64,2026-08-15T15:35:09.080,33.6529036,-117.3040810,-150.474,8.60028,16.1292,-0.031,-0.71,-23.37,-0.670625,1
2581.68,2026-08-15T15:35:09.120,33.6529064,-117.3040748,-149.9,8.91163,16.1247,-0.063,-0.713,-24.32,-0.697693,1
2581.72,2026-08-15T15:35:09.160,33.6529090,-117.3040688,-149.345,9.20074,16.0934,-0.083,-0.73,-25.27,-0.72354,1
2581.76,2026-08-15T15:35:09.200,33.6529116,-117.3040625,-148.762,9.48984,16.1292,-0.098,-0.752,-26.16,-0.750687,1
2581.8,2026-08-15T15:35:09.240,33.6529140,-117.3040561,-148.169,9.75671,16.1516,-0.107,-0.784,-26.81,-0.770406,1
2581.84,2026-08-15T15:35:09.280,33.6529164,-117.3040497,-147.577,10.0236,16.1426,-0.118,-0.809,-27.25,-0.782616,1
2581.88,2026-08-15T15:35:09.320,33.6529186,-117.3040432,-146.975,10.2682,16.0711,-0.134,-0.832,-27.6,-0.789156,1
2581.92,2026-08-15T15:35:09.360,33.6529207,-117.3040369,-146.392,10.5017,16.0711,-0.15,-0.844,-27.92,-0.798305,1
2581.96,2026-08-15T15:35:09.400,33.6529228,-117.3040303,-145.781,10.7352,16.0309,-0.164,-0.846,-28.29,-0.80686,1
2582,2026-08-15T15:35:09.440,33.6529247,-117.3040240,-145.198,10.9465,15.9683,-0.17,-0.839,-28.77,-0.817346,1
2582.04,2026-08-15T15:35:09.480,33.6529265,-117.3040175,-144.596,11.1466,15.9012,-0.165,-0.833,-29.25,-0.827493,1
2582.08,2026-08-15T15:35:09.520,33.6529282,-117.3040109,-143.986,11.3357,15.8476,-0.152,-0.837,-29.63,-0.835416,1
2582.12,2026-08-15T15:35:09.560,33.6529298,-117.3040044,-143.384,11.5136,15.8207,-0.137,-0.851,-29.82,-0.83935,1
2582.16,2026-08-15T15:35:09.600,33.6529312,-117.3039977,-142.764,11.6693,15.8029,-0.127,-0.86,-29.73,-0.835871,1
2582.2,2026-08-15T15:35:09.640,33.6529325,-117.3039910,-142.144,11.8138,15.8029,-0.128,-0.862,-29.45,-0.827998,1
2582.24,2026-08-15T15:35:09.680,33.6529337,-117.3039845,-141.542,11.9473,15.7492,-0.14,-0.85,-29.12,-0.815941,1
2582.28,2026-08-15T15:35:09.720,33.6529349,-117.3039778,-140.922,12.0807,15.633,-0.162,-0.825,-28.9,-0.8038,1
2582.32,2026-08-15T15:35:09.760,33.6529359,-117.3039713,-140.32,12.1919,15.5168,-0.188,-0.809,-28.97,-0.799757,1
2582.36,2026-08-15T15:35:09.800,33.6529369,-117.3039647,-139.709,12.3031,15.4631,-0.208,-0.806,-29.34,-0.807171,1
2582.4,2026-08-15T15:35:09.840,33.6529377,-117.3039581,-139.098,12.392,15.405,-0.22,-0.813,-29.89,-0.819211,1
2582.44,2026-08-15T15:35:09.880,33.6529383,-117.3039516,-138.497,12.4587,15.3379,-0.219,-0.828,-30.48,-0.831745,1
2582.48,2026-08-15T15:35:09.920,33.6529390,-117.3039450,-137.886,12.5366,15.3156,-0.207,-0.843,-30.94,-0.843068,1
2582.52,2026-08-15T15:35:09.960,33.6529395,-117.3039384,-137.275,12.5922,15.2351,-0.187,-0.853,-31.06,-0.841891,1
2582.56,2026-08-15T15:35:10.000,33.6529398,-117.3039319,-136.673,12.6255,15.1636,-0.164,-0.861,-30.9,-0.833622,1
2582.6,2026-08-15T15:35:10.040,33.6529400,-117.3039254,-136.072,12.6478,15.101,-0.143,-0.865,-30.44,-0.817822,1
2582.64,2026-08-15T15:35:10.080,33.6529402,-117.3039189,-135.47,12.67,15.0876,-0.129,-0.867,-29.77,-0.799111,1
2582.68,2026-08-15T15:35:10.120,33.6529402,-117.3039123,-134.859,12.67,15.101,-0.119,-0.862,-29.11,-0.78209,1
2582.72,2026-08-15T15:35:10.160,33.6529400,-117.3039058,-134.257,12.6478,15.0384,-0.114,-0.851,-28.55,-0.763865,1
2582.76,2026-08-15T15:35:10.200,33.6529398,-117.3038993,-133.656,12.6255,15.0071,-0.108,-0.843,-28.12,-0.750795,1
2582.8,2026-08-15T15:35:10.240,33.6529394,-117.3038929,-133.063,12.5811,14.9177,-0.098,-0.836,-27.85,-0.739156,1
2582.84,2026-08-15T15:35:10.280,33.6529390,-117.3038864,-132.462,12.5366,14.9088,-0.08,-0.832,-27.69,-0.734469,1
2582.88,2026-08-15T15:35:10.320,33.6529384,-117.3038801,-131.879,12.4699,14.9133,-0.053,-0.834,-27.45,-0.728322,1
2582.92,2026-08-15T15:35:10.360,33.6529378,-117.3038735,-131.268,12.4032,14.9803,-0.016,-0.837,-27.12,-0.722801,1
2582.96,2026-08-15T15:35:10.400,33.6529370,-117.3038671,-130.675,12.3142,15.0697,0.016,-0.843,-26.65,-0.714514,1
2583,2026-08-15T15:35:10.440,33.6529361,-117.3038606,-130.074,12.2141,15.0921,0.043,-0.848,-26.05,-0.699463,1
2583.04,2026-08-15T15:35:10.480,33.6529351,-117.3038541,-129.472,12.1029,15.1278,0.061,-0.848,-25.33,-0.681742,1
2583.08,2026-08-15T15:35:10.520,33.6529340,-117.3038477,-128.88,11.9806,15.1681,0.064,-0.845,-24.64,-0.664935,1
2583.12,2026-08-15T15:35:10.560,33.6529327,-117.3038412,-128.278,11.8361,15.1904,0.051,-0.832,-24.04,-0.6497,1
2583.16,2026-08-15T15:35:10.600,33.6529314,-117.3038349,-127.695,11.6915,15.177,0.036,-0.814,-23.6,-0.637245,1
2583.2,2026-08-15T15:35:10.640,33.6529300,-117.3038285,-127.103,11.5358,15.2307,0.018,-0.795,-23.37,-0.633265,1
2583.24,2026-08-15T15:35:10.680,33.6529285,-117.3038221,-126.51,11.369,15.2351,0.003,-0.78,-23.37,-0.633451,1
2583.28,2026-08-15T15:35:10.720,33.6529269,-117.3038158,-125.927,11.1911,15.2396,-0.006,-0.763,-23.54,-0.638246,1
2583.32,2026-08-15T15:35:10.760,33.6529252,-117.3038095,-125.344,11.0021,15.2709,-0.008,-0.753,-23.89,-0.649066,1
2583.36,2026-08-15T15:35:10.800,33.6529234,-117.3038031,-124.752,10.8019,15.2977,-0.002,-0.745,-24.34,-0.662453,1
2583.4,2026-08-15T15:35:10.840,33.6529215,-117.3037969,-124.178,10.5907,15.3379,0.012,-0.74,-24.87,-0.678658,1
2583.44,2026-08-15T15:35:10.880,33.6529196,-117.3037907,-123.604,10.3794,15.3379,0.036,-0.742,-25.47,-0.695031,1
2583.48,2026-08-15T15:35:10.920,33.6529175,-117.3037845,-123.03,10.1459,15.3782,0.063,-0.751,-26.07,-0.71327,1
2583.52,2026-08-15T15:35:10.960,33.6529152,-117.3037783,-122.456,9.89015,15.4765,0.091,-0.758,-26.58,-0.731875,1
2583.56,2026-08-15T15:35:11.000,33.6529129,-117.3037720,-121.873,9.6344,15.6062,0.115,-0.763,-26.93,-0.747723,1
2583.6,2026-08-15T15:35:11.040,33.6529105,-117.3037658,-121.299,9.36753,15.6643,0.135,-0.773,-27.07,-0.754409,1
2583.64,2026-08-15T15:35:11.080,33.6529080,-117.3037598,-120.744,9.08954,15.7358,0.149,-0.78,-27.01,-0.756174,1
2583.68,2026-08-15T15:35:11.120,33.6529053,-117.3037536,-120.17,8.78932,15.7895,0.16,-0.783,-26.81,-0.753134,1
2583.72,2026-08-15T15:35:11.160,33.6529026,-117.3037475,-119.605,8.48909,15.9191,0.166,-0.773,-26.62,-0.753937,1
2583.76,2026-08-15T15:35:11.200,33.6528997,-117.3037414,-119.041,8.16662,15.9906,0.17,-0.764,-26.57,-0.755902,1
2583.8,2026-08-15T15:35:11.240,33.6528968,-117.3037354,-118.485,7.84416,16.0711,0.17,-0.752,-26.71,-0.763708,1
2583.84,2026-08-15T15:35:11.280,33.6528937,-117.3037293,-117.921,7.49945,16.1605,0.168,-0.757,-27.02,-0.77687,1
2583.88,2026-08-15T15:35:11.320,33.6528905,-117.3037234,-117.375,7.14363,16.2231,0.169,-0.773,-27.35,-0.789403,1
2583.92,2026-08-15T15:35:11.360,33.6528872,-117.3037175,-116.828,6.77669,16.317,0.173,-0.802,-27.52,-0.798907,1
2583.96,2026-08-15T15:35:11.400,33.6528838,-117.3037116,-116.282,6.39862,16.3974,0.181,-0.825,-27.36,-0.798179,1
2584,2026-08-15T15:35:11.440,33.6528802,-117.3037057,-115.736,5.99832,16.5092,0.189,-0.837,-26.76,-0.785996,1
2584.04,2026-08-15T15:35:11.480,33.6528766,-117.3037000,-115.209,5.59802,16.6209,0.19,-0.827,-25.84,-0.764111,1
2584.08,2026-08-15T15:35:11.520,33.6528729,-117.3036942,-114.672,5.1866,16.7148,0.183,-0.8,-24.75,-0.736013,1
2584.12,2026-08-15T15:35:11.560,33.6528691,-117.3036885,-114.144,4.76406,16.7774,0.166,-0.773,-23.49,-0.701159,1
2584.16,2026-08-15T15:35:11.600,33.6528652,-117.3036829,-113.626,4.3304,16.7864,0.144,-0.754,-22.03,-0.657929,1
2584.2,2026-08-15T15:35:11.640,33.6528612,-117.3036772,-113.098,3.88562,16.8221,0.128,-0.732,-20.14,-0.602766,1
2584.24,2026-08-15T15:35:11.680,33.6528572,-117.3036717,-112.589,3.44084,16.8668,0.12,-0.695,-17.47,-0.524245,1
2584.28,2026-08-15T15:35:11.720,33.6528530,-117.3036662,-112.08,2.97382,16.9965,0.122,-0.615,-13.43,-0.406109,1
2584.32,2026-08-15T15:35:11.760,33.6528488,-117.3036607,-111.571,2.5068,17.0948,0.135,-0.485,-8.47,-0.257606,1
2584.36,2026-08-15T15:35:11.800,33.6528447,-117.3036552,-111.062,2.0509,17.1842,0.152,-0.307,-2.89,-0.088356,1
2584.4,2026-08-15T15:35:11.840,33.6528406,-117.3036496,-110.544,1.595,17.22,0.168,-0.084,2.85,0.0873144,1
2584.44,2026-08-15T15:35:11.880,33.6528365,-117.3036437,-109.998,1.1391,17.2781,0.185,0.142,7.95,0.244383,1
2584.48,2026-08-15T15:35:11.920,33.6528327,-117.3036379,-109.461,0.716564,17.3541,0.191,0.328,11.82,0.364945,1
2584.52,2026-08-15T15:35:11.960,33.6528287,-117.3036319,-108.905,0.271784,17.4346,0.176,0.488,14.84,0.460313,1
2584.56,2026-08-15T15:35:12.000,33.6528248,-117.3036259,-108.35,-0.161876,17.5329,0.151,0.616,17.12,0.534031,1
2584.6,2026-08-15T15:35:12.040,33.6528210,-117.3036198,-107.785,-0.584417,17.5597,0.119,0.696,18.79,0.58702,1
2584.64,2026-08-15T15:35:12.080,33.6528173,-117.3036136,-107.211,-0.995838,17.5553,0.083,0.74,20.37,0.636219,1
2584.68,2026-08-15T15:35:12.120,33.6528138,-117.3036073,-106.628,-1.38502,17.5418,0.06,0.761,22,0.686604,1
2584.72,2026-08-15T15:35:12.160,33.6528102,-117.3036010,-106.045,-1.78532,17.5418,0.056,0.769,23.45,0.731858,1
2584.76,2026-08-15T15:35:12.200,33.6528067,-117.3035946,-105.453,-2.1745,17.6089,0.063,0.784,24.67,0.772876,0
2584.8,2026-08-15T15:35:12.240,33.6528033,-117.3035881,-104.851,-2.55257,17.7073,0.078,0.812,25.61,0.806806,0
2584.84,2026-08-15T15:35:12.280,33.6528001,-117.3035814,-104.231,-2.90839,17.7922,0.099,0.833,26.11,0.826503,0
2584.88,2026-08-15T15:35:12.320,33.6527969,-117.3035746,-103.602,-3.26421,17.8414,0.117,0.842,26.17,0.830692,0
2584.92,2026-08-15T15:35:12.360,33.6527938,-117.3035678,-102.972,-3.60892,17.9084,0.13,0.839,26.07,0.830628,0
2584.96,2026-08-15T15:35:12.400,33.6527908,-117.3035609,-102.334,-3.9425,17.9487,0.128,0.834,26.03,0.831217,0
2585,2026-08-15T15:35:12.440,33.6527879,-117.3035541,-101.704,-4.26497,17.9844,0.11,0.829,26.23,0.839273,0
2585.04,2026-08-15T15:35:12.480,33.6527851,-117.3035470,-101.047,-4.57631,17.9576,0.084,0.833,26.76,0.854954,0
2585.08,2026-08-15T15:35:12.520,33.6527823,-117.3035400,-100.399,-4.88766,17.9665,0.054,0.848,27.51,0.879353,0
2585.12,2026-08-15T15:35:12.560,33.6527798,-117.3035328,-99.7326,-5.16565,17.9934,0.023,0.871,28.28,0.905316,0
2585.16,2026-08-15T15:35:12.600,33.6527773,-117.3035257,-99.0755,-5.44363,17.9621,-0.002,0.894,28.84,0.921637,0
2585.2,2026-08-15T15:35:12.640,33.6527749,-117.3035185,-98.409,-5.7105,17.9352,-0.025,0.91,29.18,0.93111,0
2585.24,2026-08-15T15:35:12.680,33.6527728,-117.3035113,-97.7426,-5.94401,17.8548,-0.053,0.918,29.41,0.934239,0
2585.28,2026-08-15T15:35:12.720,33.6527705,-117.3035040,-97.0669,-6.19976,17.8011,-0.076,0.915,29.76,0.942516,0
2585.32,2026-08-15T15:35:12.760,33.6527686,-117.3034967,-96.3912,-6.41103,17.752,-0.088,0.902,30.25,0.955389,0
2585.36,2026-08-15T15:35:12.800,33.6527666,-117.3034895,-95.7248,-6.63342,17.7609,-0.084,0.892,30.83,0.974197,0
2585.4,2026-08-15T15:35:12.840,33.6527649,-117.3034821,-95.0399,-6.82245,17.7698,-0.063,0.904,31.34,0.990811,0
2585.44,2026-08-15T15:35:12.880,33.6527633,-117.3034747,-94.3549,-7.00036,17.7743,-0.027,0.932,31.6,0.999282,0
2585.48,2026-08-15T15:35:12.920,33.6527616,-117.3034673,-93.67,-7.1894,17.8101,0.009,0.98,31.51,0.998441,0
2585.52,2026-08-15T15:35:12.960,33.6527604,-117.3034596,-92.9573,-7.32283,17.8414,0.045,1.005,31.05,0.985594,0
2585.56,2026-08-15T15:35:13.000,33.6527593,-117.3034520,-92.2538,-7.44514,17.895,0.071,0.999,30.4,0.967863,0
2585.6,2026-08-15T15:35:13.040,33.6527582,-117.3034443,-91.5411,-7.56746,17.9129,0.092,0.971,29.71,0.94684,0
2585.64,2026-08-15T15:35:13.080,33.6527572,-117.3034368,-90.8469,-7.67865,17.9576,0.1,0.934,29.05,0.928117,0
2585.68,2026-08-15T15:35:13.120,33.6527561,-117.3034290,-90.1249,-7.80097,18.0068,0.106,0.905,28.43,0.910796,0
2585.72,2026-08-15T15:35:13.160,33.6527554,-117.3034213,-89.4122,-7.8788,18.0783,0.111,0.906,27.83,0.895116,0
2585.76,2026-08-15T15:35:13.200,33.6527548,-117.3034136,-88.6995,-7.94552,18.1141,0.115,0.923,26.98,0.869493,0
2585.8,2026-08-15T15:35:13.240,33.6527542,-117.3034058,-87.9775,-8.01224,18.1588,0.127,0.924,25.61,0.827379,0
2585.84,2026-08-15T15:35:13.280,33.6527539,-117.3033979,-87.2463,-8.0456,18.2258,0.156,0.889,23.25,0.753908,0
2585.88,2026-08-15T15:35:13.320,33.6527536,-117.3033900,-86.5151,-8.07895,18.3197,0.192,0.818,20.04,0.653167,0
2585.92,2026-08-15T15:35:13.360,33.6527532,-117.3033821,-85.7839,-8.12343,18.3644,0.232,0.737,16.08,0.525377,0
2585.96,2026-08-15T15:35:13.400,33.6527530,-117.3033741,-85.0434,-8.14567,18.4851,0.291,0.668,11.46,0.37689,0
2586,2026-08-15T15:35:13.440,33.6527529,-117.3033658,-84.2751,-8.15679,18.6818,0.351,0.614,6.84,0.227344,0
2586.04,2026-08-15T15:35:13.480,33.6527527,-117.3033577,-83.5254,-8.17903,18.9009,0.406,0.563,2.75,0.0924746,0
2586.08,2026-08-15T15:35:13.520,33.6527527,-117.3033493,-82.7479,-8.17903,19.1601,0.456,0.471,-0.67,-0.0228392,0
2586.12,2026-08-15T15:35:13.560,33.6527527,-117.3033409,-81.9704,-8.17903,19.3747,0.489,0.308,-3.33,-0.114786,0
2586.16,2026-08-15T15:35:13.600,33.6527525,-117.3033323,-81.1744,-8.20127,19.5088,0.492,0.112,-5.05,-0.175279,0
2586.2,2026-08-15T15:35:13.640,33.6527523,-117.3033239,-80.3969,-8.22351,19.5893,0.465,-0.073,-6.11,-0.212945,0
2586.24,2026-08-15T15:35:13.680,33.6527518,-117.3033153,-79.6009,-8.27911,19.7279,0.408,-0.223,-6.75,-0.236915,0
2586.28,2026-08-15T15:35:13.720,33.6527515,-117.3033067,-78.8049,-8.31246,19.8262,0.304,-0.328,-7.26,-0.256086,0
2586.32,2026-08-15T15:35:13.760,33.6527512,-117.3032981,-78.0088,-8.34582,19.8441,0.168,-0.384,-7.8,-0.275381,0
2586.36,2026-08-15T15:35:13.800,33.6527507,-117.3032896,-77.2221,-8.40142,19.7502,0.024,-0.415,-8.58,-0.301486,0
2586.4,2026-08-15T15:35:13.840,33.6527501,-117.3032813,-76.4538,-8.46814,19.5535,-0.102,-0.431,-9.52,-0.331185,0
2586.44,2026-08-15T15:35:13.880,33.6527495,-117.3032729,-75.6763,-8.53485,19.4328,-0.2,-0.434,-10.46,-0.36164,0
2586.48,2026-08-15T15:35:13.920,33.6527489,-117.3032646,-74.9081,-8.60157,19.3747,-0.255,-0.43,-11.19,-0.385721,0
2586.52,2026-08-15T15:35:13.960,33.6527483,-117.3032563,-74.1398,-8.66829,19.3434,-0.287,-0.425,-11.46,-0.39439,0
2586.56,2026-08-15T15:35:14.000,33.6527476,-117.3032480,-73.3716,-8.74612,19.2764,-0.304,-0.413,-11.25,-0.385821,0
2586.6,2026-08-15T15:35:14.040,33.6527469,-117.3032399,-72.6219,-8.82396,19.1691,-0.323,-0.399,-10.76,-0.366963,0
2586.64,2026-08-15T15:35:14.080,33.6527460,-117.3032318,-71.8721,-8.92404,19.0484,-0.35,-0.376,-10.02,-0.339574,0
2586.68,2026-08-15T15:35:14.120,33.6527452,-117.3032236,-71.1131,-9.01299,18.9187,-0.378,-0.345,-9.23,-0.310672,0
2586.72,2026-08-15T15:35:14.160,33.6527444,-117.3032157,-70.3819,-9.10195,18.7578,-0.404,-0.305,-8.55,-0.285336,0
2586.76,2026-08-15T15:35:14.200,33.6527435,-117.3032078,-69.6507,-9.20202,18.5745,-0.432,-0.272,-7.95,-0.26272,0
2586.8,2026-08-15T15:35:14.240,33.6527427,-117.3032001,-68.938,-9.29098,18.4225,-0.454,-0.252,-7.35,-0.240904,0
2586.84,2026-08-15T15:35:14.280,33.6527417,-117.3031924,-68.2253,-9.40217,18.2526,-0.473,-0.243,-6.8,-0.220822,0
2586.88,2026-08-15T15:35:14.320,33.6527408,-117.3031846,-67.5033,-9.50225,18.0962,-0.489,-0.241,-6.26,-0.201544,0
2586.92,2026-08-15T15:35:14.360,33.6527398,-117.3031771,-66.8091,-9.61344,17.9576,-0.496,-0.238,-5.74,-0.183387,0
2586.96,2026-08-15T15:35:14.400,33.6527388,-117.3031695,-66.1057,-9.72464,17.7698,-0.494,-0.225,-5.23,-0.165346,0
2587,2026-08-15T15:35:14.440,33.6527379,-117.3031621,-65.4207,-9.82472,17.5866,-0.489,-0.204,-4.78,-0.149561,0
2587.04,2026-08-15T15:35:14.480,33.6527369,-117.3031548,-64.745,-9.93591,17.4033,-0.486,-0.18,-4.39,-0.135926,0
2587.08,2026-08-15T15:35:14.520,33.6527359,-117.3031475,-64.0693,-10.0471,17.2468,-0.493,-0.158,-4.08,-0.125192,0
2587.12,2026-08-15T15:35:14.560,33.6527349,-117.3031403,-63.4029,-10.1583,17.0948,-0.51,-0.141,-3.86,-0.117398,0
2587.16,2026-08-15T15:35:14.600,33.6527339,-117.3031332,-62.7457,-10.2695,16.8758,-0.533,-0.131,-3.73,-0.11199,0
2587.2,2026-08-15T15:35:14.640,33.6527328,-117.3031262,-62.0978,-10.3918,16.6657,-0.56,-0.122,-3.7,-0.109707,0
2587.24,2026-08-15T15:35:14.680,33.6527318,-117.3031194,-61.4684,-10.503,16.4332,-0.583,-0.115,-3.71,-0.108469,0
2587.28,2026-08-15T15:35:14.720,33.6527308,-117.3031126,-60.839,-10.6142,16.2007,-0.599,-0.106,-3.74,-0.107799,0
2587.32,2026-08-15T15:35:14.760,33.6527298,-117.3031059,-60.2188,-10.7254,15.9906,-0.612,-0.096,-3.76,-0.10697,0
2587.36,2026-08-15T15:35:14.800,33.6527288,-117.3030993,-59.608,-10.8366,15.7537,-0.623,-0.088,-3.73,-0.104544,0
2587.4,2026-08-15T15:35:14.840,33.6527278,-117.3030928,-59.0063,-10.9478,15.5078,-0.631,-0.093,-3.62,-0.0998775,0
2587.44,2026-08-15T15:35:14.880,33.6527268,-117.3030864,-58.4139,-11.059,15.3022,-0.637,-0.098,-3.45,-0.0939249,0
2587.48,2026-08-15T15:35:14.920,33.6527258,-117.3030801,-57.8308,-11.1702,15.0652,-0.64,-0.1,-3.23,-0.0865739,0
2587.52,2026-08-15T15:35:14.960,33.6527248,-117.3030739,-57.2569,-11.2814,14.8417,-0.644,-0.093,-2.97,-0.0784241,0
2587.56,2026-08-15T15:35:15.000,33.6527237,-117.3030678,-56.6923,-11.4037,14.6271,-0.645,-0.086,-2.74,-0.0713048,0
2587.6,2026-08-15T15:35:15.040,33.6527228,-117.3030618,-56.137,-11.5038,14.3947,-0.65,-0.067,-2.51,-0.0642813,0
2587.64,2026-08-15T15:35:15.080,33.6527219,-117.3030559,-55.5909,-11.6038,14.1488,-0.657,-0.055,-2.31,-0.0581488,0
2587.68,2026-08-15T15:35:15.120,33.6527209,-117.3030502,-55.0633,-11.715,13.8717,-0.667,-0.05,-2.1,-0.051827,0
2587.72,2026-08-15T15:35:15.160,33.6527200,-117.3030445,-54.5357,-11.8151,13.599,-0.68,-0.048,-1.92,-0.0464532,0
2587.76,2026-08-15T15:35:15.200,33.6527190,-117.3030390,-54.0266,-11.9263,13.3844,-0.695,-0.044,-1.74,-0.0414339,0
2587.8,2026-08-15T15:35:15.240,33.6527181,-117.3030335,-53.5175,-12.0264,13.1698,-0.71,-0.039,-1.59,-0.037255,0
2587.84,2026-08-15T15:35:15.280,33.6527172,-117.3030282,-53.0269,-12.1265,12.9016,-0.728,-0.03,-1.47,-0.0337418,0
2587.88,2026-08-15T15:35:15.320,33.6527163,-117.3030229,-52.5364,-12.2265,12.611,-0.744,-0.023,-1.36,-0.0305138,0
2587.92,2026-08-15T15:35:15.360,33.6527155,-117.3030179,-52.0736,-12.3155,12.2802,-0.762,-0.015,-1.24,-0.0270916,0
2587.96,2026-08-15T15:35:15.400,33.6527146,-117.3030129,-51.6108,-12.4156,11.9896,-0.779,-0.003,-1.07,-0.0228243,0
2588,2026-08-15T15:35:15.440,33.6527138,-117.3030081,-51.1665,-12.5045,11.7169,-0.792,0.009,-0.86,-0.0179275,0
2588.04,2026-08-15T15:35:15.480,33.6527130,-117.3030034,-50.7315,-12.5935,11.4353,-0.801,0.023,-0.6,-0.0122069,0
2588.08,2026-08-15T15:35:15.520,33.6527122,-117.3029988,-50.3057,-12.6824,11.1268,-0.807,0.033,-0.3,-0.00593883,0
2588.12,2026-08-15T15:35:15.560,33.6527115,-117.3029944,-49.8984,-12.7603,10.8273,-0.812,0.033,0,0,0
2588.16,2026-08-15T15:35:15.600,33.6527108,-117.3029900,-49.4912,-12.8381,10.5367,-0.813,0.027,0.28,0.00524895,0
2588.2,2026-08-15T15:35:15.640,33.6527100,-117.3029858,-49.1024,-12.9271,10.2417,-0.816,0.016,0.49,0.00892845,0
2588.24,2026-08-15T15:35:15.680,33.6527093,-117.3029818,-48.7322,-13.0049,9.95558,-0.82,0.007,0.61,0.0108045,0
2588.28,2026-08-15T15:35:15.720,33.6527085,-117.3029778,-48.3619,-13.0938,9.665,-0.825,0.01,0.61,0.0104891,0
2588.32,2026-08-15T15:35:15.760,33.6527079,-117.3029740,-48.0102,-13.1606,9.3342,-0.832,0.021,0.53,0.00880159,0
2588.36,2026-08-15T15:35:15.800,33.6527074,-117.3029703,-47.6677,-13.2162,9.01233,-0.841,0.031,0.41,0.00657399,0
2588.4,2026-08-15T15:35:15.840,33.6527068,-117.3029668,-47.3438,-13.2829,8.70387,-0.849,0.041,0.28,0.00433589,0
2588.44,2026-08-15T15:35:15.880,33.6527062,-117.3029634,-47.0291,-13.3496,8.38647,-0.858,0.037,0.19,0.00283492,0
2588.48,2026-08-15T15:35:15.920,33.6527057,-117.3029601,-46.7236,-13.4052,8.06907,-0.863,0.023,0.15,0.00215339,0
2588.52,2026-08-15T15:35:15.960,33.6527051,-117.3029570,-46.4367,-13.4719,7.73826,-0.865,0.011,0.18,0.00247813,0
2588.56,2026-08-15T15:35:16.000,33.6527046,-117.3029539,-46.1497,-13.5275,7.43428,-0.867,0.001,0.24,0.00317438,0
2588.6,2026-08-15T15:35:16.040,33.6527041,-117.3029510,-45.8813,-13.5831,7.13923,-0.867,0,0.31,0.00393751,0
2588.64,2026-08-15T15:35:16.080,33.6527037,-117.3029483,-45.6314,-13.6276,6.81289,-0.863,0.01,0.38,0.00460599,0
2588.68,2026-08-15T15:35:16.120,33.6527032,-117.3029457,-45.3908,-13.6832,6.48208,-0.861,0.02,0.43,0.00495897,0
2588.72,2026-08-15T15:35:16.160,33.6527028,-117.3029432,-45.1594,-13.7277,6.17362,-0.857,0.028,0.45,0.00494266,0
2588.76,2026-08-15T15:35:16.200,33.6527024,-117.3029409,-44.9465,-13.7721,5.90093,-0.844,0.034,0.47,0.00493431,0
2588.8,2026-08-15T15:35:16.240,33.6527020,-117.3029386,-44.7336,-13.8166,5.60588,-0.82,0.036,0.52,0.00518628,0
2588.84,2026-08-15T15:35:16.280,33.6527017,-117.3029365,-44.5392,-13.85,5.34213,-0.782,0.034,0.59,0.00560757,0
2588.88,2026-08-15T15:35:16.320,33.6527014,-117.3029344,-44.3448,-13.8833,5.11414,-0.727,0.035,0.69,0.00627812,0
2588.92,2026-08-15T15:35:16.360,33.6527010,-117.3029324,-44.1597,-13.9278,4.88168,-0.659,0.033,0.84,0.00729553,0
2588.96,2026-08-15T15:35:16.400,33.6527006,-117.3029305,-43.9838,-13.9723,4.70286,-0.593,0.029,1.03,0.00861802,0
2589,2026-08-15T15:35:16.440,33.6527004,-117.3029287,-43.8172,-13.9945,4.5464,-0.533,0.025,1.26,0.0101917,0
2589.04,2026-08-15T15:35:16.480,33.6527000,-117.3029269,-43.6506,-14.039,4.40781,-0.485,0.025,1.54,0.0120768,0
2589.08,2026-08-15T15:35:16.520,33.6526999,-117.3029251,-43.484,-14.0501,4.27817,-0.449,0.029,1.89,0.0143856,0
2589.12,2026-08-15T15:35:16.560,33.6526996,-117.3029234,-43.3267,-14.0835,4.1083,-0.425,0.038,2.3,0.0168112,0
2589.16,2026-08-15T15:35:16.600,33.6526994,-117.3029218,-43.1786,-14.1057,3.98313,-0.406,0.05,2.78,0.0197005,0
2589.2,2026-08-15T15:35:16.640,33.6526992,-117.3029202,-43.0305,-14.128,3.8356,-0.392,0.064,3.32,0.0226558,0
2589.24,2026-08-15T15:35:16.680,33.6526990,-117.3029187,-42.8916,-14.1502,3.70596,-0.377,0.078,3.93,0.0259121,0
2589.28,2026-08-15T15:35:16.720,33.6526988,-117.3029172,-42.7528,-14.1724,3.59867,-0.363,0.088,4.53,0.0290034,0
2589.32,2026-08-15T15:35:16.760,33.6526986,-117.3029157,-42.614,-14.1947,3.5182,-0.349,0.094,5.14,0.0321731,0
2589.36,2026-08-15T15:35:16.800,33.6526985,-117.3029143,-42.4844,-14.2058,3.43327,-0.332,0.094,5.73,0.0350002,0
2589.4,2026-08-15T15:35:16.840,33.6526983,-117.3029129,-42.3548,-14.228,3.31704,-0.313,0.09,6.3,0.0371791,0
2589.44,2026-08-15T15:35:16.880,33.6526982,-117.3029116,-42.2345,-14.2392,3.19187,-0.295,0.085,6.85,0.0388995,0
2589.48,2026-08-15T15:35:16.920,33.6526981,-117.3029103,-42.1141,-14.2503,3.12928,-0.274,0.08,7.43,0.0413658,0
2589.52,2026-08-15T15:35:16.960,33.6526979,-117.3029090,-41.9938,-14.2725,3.03987,-0.255,0.08,8,0.0432667,0
2589.56,2026-08-15T15:35:17.000,33.6526979,-117.3029077,-41.8735,-14.2725,2.9907,-0.237,0.082,8.54,0.04544,0
2589.6,2026-08-15T15:35:17.040,33.6526978,-117.3029065,-41.7624,-14.2836,2.90576,-0.217,0.085,9.01,0.0465793,0
2589.64,2026-08-15T15:35:17.080,33.6526977,-117.3029052,-41.6421,-14.2948,2.88788,-0.197,0.088,9.49,0.0487589,0
2589.68,2026-08-15T15:35:17.120,33.6526977,-117.3029040,-41.531,-14.2948,2.83423,-0.176,0.089,9.94,0.0501222,0
2589.72,2026-08-15T15:35:17.160,33.6526976,-117.3029028,-41.4199,-14.3059,2.794,-0.155,0.088,10.4,0.0516973,0
2589.76,2026-08-15T15:35:17.200,33.6526976,-117.3029016,-41.3089,-14.3059,2.77612,-0.138,0.088,10.85,0.0535891,0
2589.8,2026-08-15T15:35:17.240,33.6526975,-117.3029005,-41.2071,-14.317,2.75377,-0.125,0.086,11.3,0.0553623,0
2589.84,2026-08-15T15:35:17.280,33.6526976,-117.3028993,-41.096,-14.3059,2.71353,-0.116,0.085,11.71,0.0565328,0
2589.88,2026-08-15T15:35:17.320,33.6526976,-117.3028981,-40.9849,-14.3059,2.68671,-0.111,0.086,12.1,0.0578382,0
2589.92,2026-08-15T15:35:17.360,33.6526976,-117.3028970,-40.8831,-14.3059,2.68671,-0.11,0.087,12.43,0.0594156,0
2589.96,2026-08-15T15:35:17.400,33.6526976,-117.3028959,-40.7813,-14.3059,2.65095,-0.11,0.091,12.73,0.0600396,0
2590,2026-08-15T15:35:17.440,33.6526977,-117.3028947,-40.6702,-14.2948,2.64201,-0.112,0.095,13.02,0.0612003,0
2590.04,2026-08-15T15:35:17.480,33.6526978,-117.3028936,-40.5684,-14.2836,2.61071,-0.112,0.099,13.29,0.0617295,0
2590.08,2026-08-15T15:35:17.520,33.6526978,-117.3028925,-40.4666,-14.2836,2.59283,-0.108,0.101,13.57,0.0625983,0
2590.12,2026-08-15T15:35:17.560,33.6526979,-117.3028914,-40.3648,-14.2725,2.56601,-0.098,0.101,13.89,0.0634116,0
2590.16,2026-08-15T15:35:17.600,33.6526980,-117.3028904,-40.2722,-14.2614,2.52578,-0.084,0.1,14.27,0.064125,0
2590.2,2026-08-15T15:35:17.640,33.6526981,-117.3028894,-40.1796,-14.2503,2.53025,-0.07,0.099,14.73,0.0663092,0
2590.24,2026-08-15T15:35:17.680,33.6526982,-117.3028883,-40.0778,-14.2392,2.5526,-0.063,0.099,15.18,0.0689386,0
2590.28,2026-08-15T15:35:17.720,33.6526983,-117.3028872,-39.976,-14.228,2.55707,-0.074,0.102,15.59,0.0709246,0
2590.32,2026-08-15T15:35:17.760,33.6526985,-117.3028861,-39.8742,-14.2058,2.51684,-0.101,0.108,15.9,0.0711968,0
2590.36,2026-08-15T15:35:17.800,33.6526987,-117.3028851,-39.7816,-14.1836,2.42296,-0.141,0.113,16.08,0.0693171,0
2590.4,2026-08-15T15:35:17.840,33.6526989,-117.3028842,-39.6983,-14.1613,2.29779,-0.187,0.115,16.13,0.0659405,0
2590.44,2026-08-15T15:35:17.880,33.6526991,-117.3028833,-39.615,-14.1391,2.20391,-0.228,0.11,16.12,0.0632072,0
2590.48,2026-08-15T15:35:17.920,33.6526993,-117.3028824,-39.5317,-14.1168,2.1145,-0.252,0.1,16.09,0.0605302,0
2590.52,2026-08-15T15:35:17.960,33.6526994,-117.3028816,-39.4577,-14.1057,2.03403,-0.253,0.087,16.11,0.0582991,0
2590.56,2026-08-15T15:35:18.000,33.6526996,-117.3028808,-39.3836,-14.0835,1.97592,-0.231,0.073,16.19,0.0569146,0
2590.6,2026-08-15T15:35:18.040,33.6526998,-117.3028799,-39.3003,-14.0612,1.96698,-0.197,0.063,16.29,0.057007,0
2590.64,2026-08-15T15:35:18.080,33.6527000,-117.3028792,-39.2355,-14.039,1.97145,-0.159,0.06,16.4,0.0575224,0
2590.68,2026-08-15T15:35:18.120,33.6527001,-117.3028784,-39.1615,-14.0279,1.98039,-0.125,0.06,16.49,0.0581004,0
2590.72,2026-08-15T15:35:18.160,33.6527005,-117.3028776,-39.0874,-13.9834,1.97145,-0.104,0.064,16.57,0.0581187,0
