t_s,ax_g,ay_g,az_g,roll_rate_dps,pitch_rate_dps,yaw_rate_dps,in_gates
2530.54,0.0126953,-0.0180664,0.993164,0,0,0,0
2530.55,0.012207,-0.00292969,0.995117,0,0,0,0
2530.56,-0.00195312,0.0117188,1.00439,0,0,0,0
2530.57,-0.00292969,4.882812e-04,1.0083,0,0,0,0
2530.58,0.00390625,0.0126953,1.00537,0,0,0,0
2530.59,0.0151367,-0.0136719,0.993164,0,0,0,0
2530.6,0.0141602,4.882812e-04,0.994141,0,0,0,0
2530.61,0.00292969,-0.00488281,0.995117,0,0,0,0
2530.62,9.765625e-04,9.765625e-04,0.998535,0,0,0,0
2530.63,-0.00292969,0.0175781,1.01367,0,0,0,0
2530.64,0.00732422,-0.00732422,1.00342,0,0,0,0
2530.65,0.015625,0.00878906,0.993164,0,0,0,0
2530.66,0.0107422,-0.0126953,0.996094,0,0,0,0
2530.67,0.00830078,-0.00585938,0.992676,0,0,0,0
2530.68,-0.00244141,0.00830078,1,0,0,0,0
2530.69,0.00146484,-4.882812e-04,1.00732,0,0,0,0
2530.7,0.0102539,0.0141602,1.00635,0,0,0,0
2530.71,0.0141602,-0.00732422,0.992676,0,0,0,0
2530.72,0.0126953,-0.00341797,0.991699,0,0,0,0
2530.73,0.00292969,-0.0078125,1.00098,0,0,0,0
2530.74,-9.765625e-04,0.00683594,1.00244,0,0,0,0
2530.74,-0.00390625,0.0170898,1.00928,0,0,0,0
2530.75,0.00634766,-0.00634766,1.00391,0,0,0,0
2530.76,0.0151367,0.00439453,0.990234,0,0,0,0
2530.77,0.0112305,-0.0161133,0.994629,0,0,0,0
2530.78,0.0078125,0.00244141,0.99707,0,0,0,0
2530.79,-0.00244141,0.00976562,1.00635,0,0,0,0
2530.8,0,0.00439453,1.0083,0,0,0,0
2530.81,0.00927734,0.00927734,0.999023,0,0,0,0
2530.82,0.0141602,-0.0180664,0.991699,0,0,0,0
2530.83,0.015625,0.00292969,0.992188,0,0,0,0
2530.84,0.00341797,-0.00390625,1.00293,0,0,0,0
2530.85,-0.00146484,0.00732422,1.00195,0,0,0,0
2530.86,-0.00146484,0.0175781,1.00879,0,0,0,0
2530.87,0.00830078,-0.0161133,1.00488,0,0,0,0
2530.88,0.0151367,0.0117188,0.991211,0,0,0,0
2530.89,0.00976562,-0.015625,0.989258,0,0,0,0
2530.9,0.00683594,-0.00488281,0.999512,0.244141,-0.12207,0,0
2530.91,-0.00292969,0.0175781,1.00781,0,0,0,0
2530.92,0,-0.00390625,1.00684,0,0.0610352,0,0
2530.93,0.00927734,0.0126953,1.00439,0,0.12207,0,0
2530.94,0.0146484,-0.0126953,0.991211,-0.0610352,0.12207,0,0
2530.95,0.0146484,-0.00585938,0.985352,0.12207,-0.0610352,0,0
2530.96,0.00341797,-0.00341797,1.00146,0,-0.0610352,0,0
2530.97,-9.765625e-04,0.00537109,1.00342,0.12207,0,0,0
2530.98,0,0.0166016,1.01025,-0.0610352,0.12207,0,0
2530.99,0.0078125,-0.0078125,1.00146,0,0.183105,0,0
2531,0.0131836,0.00439453,0.988281,0.0610352,0,0,0
2531.01,0.00927734,-0.0166016,0.994141,0.0610352,0,0,0
2531.02,0.00488281,0.00341797,0.999023,0.244141,-0.0610352,0,0
2531.03,-0.00292969,0.0166016,1.00439,0,0,0,0
2531.04,0,-0.00439453,1.01074,0,0.0610352,0,0
2531.05,0.00830078,0.00976562,1.00146,0.0610352,0.0610352,0,0
2531.06,0.0107422,-0.0131836,0.992188,0,0,0,0
2531.07,0.0151367,-0.00195312,0.990723,0.12207,-0.12207,0,0
2531.08,0.00488281,0.00146484,0.998047,-0.0610352,-0.0610352,0,0
2531.09,9.765625e-04,0.00488281,1.00195,0.0610352,0,0,0
2531.1,-4.882812e-04,0.00878906,1.00879,-0.0610352,0.12207,0,0
2531.11,0.00732422,-0.00390625,0.998535,0.0610352,0.0610352,0,0
2531.12,0.0146484,0.00683594,0.997559,0,0,0,0
2531.13,0.00927734,-0.015625,0.991211,0,0,0,0
2531.13,0.00537109,0.00683594,0.996094,0.0610352,-0.12207,0,0
2531.14,-0.00537109,0.00439453,1.0083,0,0,0,0
2531.15,-4.882812e-04,4.882812e-04,1.00781,0.0610352,0.0610352,0,0
2531.16,0.00390625,0.0185547,1.00439,0,0.12207,0,0
2531.17,0.0151367,-0.015625,0.995117,-0.0610352,0.0610352,0,0
2531.18,0.0180664,9.765625e-04,0.989258,0.183105,-0.0610352,0,0
2531.19,0.00390625,-0.00878906,0.999023,-0.0610352,-0.0610352,0,0
2531.2,-9.765625e-04,0.00292969,1.00439,0.12207,-0.183105,0,0
2531.21,-0.00146484,0.0180664,1.0083,-0.0610352,0.0610352,0,0
2531.22,0.00830078,-0.00683594,1.00195,0,0.183105,0,0
2531.23,0.0136719,0.00390625,0.990723,0.0610352,0,0,0
2531.24,0.0146484,-0.0195312,0.989746,-0.12207,0,0,0
2531.25,0.0117188,9.765625e-04,0.99707,0.12207,-0.12207,0,0
2531.26,-0.00292969,0.0117188,1.0083,-0.12207,0,0,0
2531.27,-4.882812e-04,4.882812e-04,1.00732,0,0.0610352,0,0
2531.28,0,0.015625,1.00342,0,0.12207,0,0
2531.29,0.0107422,-0.0161133,0.996094,0,0.12207,0,0
2531.3,0.0175781,-0.00146484,0.992188,0.12207,0,0,0
2531.31,0.00439453,9.765625e-04,0.993652,-0.0610352,0,0,0
2531.32,-4.882812e-04,-0.00488281,1.00293,0.12207,-0.0610352,0,0
2531.33,-0.00488281,0.0141602,1.01172,0.0610352,0,0,0
2531.34,0.00439453,-9.765625e-04,1.00244,0,0.0610352,0,0
2531.35,0.0126953,0.00439453,0.999023,0.0610352,0,0,0
2531.36,0.0151367,-0.0146484,0.992676,-0.0610352,0,0,0
2531.37,0.0117188,-0.00244141,0.989746,0.12207,-0.0610352,0,0
2531.38,0,0.00244141,1.00244,-0.0610352,-0.0610352,0,0
2531.39,0.00195312,0,1.00488,0.0610352,0.0610352,0,0
2531.4,0.00537109,0.0146484,1.00928,0,0.0610352,0,0
2531.41,0.0141602,-0.00830078,0.99707,0,0.0610352,0,0
2531.41,0.0170898,-0.00292969,0.992188,0,0,0,0
2531.42,0.00732422,-0.0112305,0.99707,0,-0.0610352,0,0
2531.43,0.00488281,0.0102539,1.00146,0.0610352,-0.0610352,0,0
2531.44,-0.00146484,0.00976562,1.00488,-0.0610352,0.0610352,0,0
2531.45,0.00488281,0.00146484,1.00098,0.12207,0.0610352,0,0
2531.46,0.0078125,0.00195312,1.00537,0,0.0610352,0,0
2531.47,0.0107422,-0.0146484,0.995117,0.183105,0.0610352,0,0
2531.48,0.00683594,0.0112305,0.992676,0.12207,-0.0610352,0,0
2531.49,-0.00488281,-0.00976562,1.00049,0,0,0,0
2531.5,0.00439453,0.00878906,0.994141,0.183105,0,0,0
2531.51,-0.00341797,0.00488281,1.00488,0,0.0610352,0,0
2531.52,0.00341797,-0.0112305,0.995605,0.12207,0,0,0
2531.53,0,0.012207,1.00488,0.12207,0.0610352,0,0
2531.54,0.00341797,0.00292969,0.996094,0,0,0,0
2531.55,0.0078125,-0.00878906,1.00098,0.0610352,0,0,0
2531.56,0.00976562,0.00732422,0.989746,0,0,0,0
2531.57,0.0078125,-0.00195312,0.996094,0,0,0,0
2531.58,0.00537109,0.00830078,1.01709,0,-0.12207,0,0
2531.59,0.00244141,0.00146484,0.990723,0,0.12207,0,0
2531.6,0,0.00195312,1.02441,0,-0.0610352,0,0
2531.61,0.00634766,0.00439453,0.979492,0.0610352,0,0,0
2531.62,0.00878906,-0.00927734,1.01025,0.0610352,0.12207,0,0
2531.63,0.012207,0.00292969,0.996094,0.0610352,-0.183105,0,0
2531.64,0.00585938,0.00878906,0.981445,0,0.183105,0,0
2531.65,0.00390625,-0.00830078,1.021,0,-0.12207,0,0
2531.66,0.00878906,0.015625,0.994629,0,0,0,0
2531.67,0.00927734,0.00341797,0.988281,0.0610352,0.305176,0,0
2531.68,9.765625e-04,-0.012207,1.01807,0.0610352,-0.12207,0,0
2531.69,0.00488281,0.00732422,1.01123,-0.183105,-0.244141,-0.305176,0
2531.7,0.015625,0.0151367,0.981445,0,0.0610352,0,0
2531.7,0.00683594,-0.0117188,0.990234,0,0.0610352,0.12207,0
2531.71,-0.00146484,-0.012207,1.00146,0,-0.305176,0,0
2531.72,0.00195312,0.0288086,1.00586,0.12207,0,0,0
2531.73,0.012207,-0.00341797,1.01807,0,0.366211,-0.12207,0
2531.74,0.0209961,-0.00537109,0.994141,0.183105,0,0.0610352,0
2531.75,0.0239258,-0.0200195,0.980957,0,-0.0610352,0,0
2531.76,0.0185547,-0.0209961,0.983398,0.244141,-0.183105,0.183105,0
2531.77,0.00439453,0.0214844,0.995117,0.0610352,-0.12207,0,0
2531.78,-0.00292969,-0.00390625,1.00342,0,0.0610352,-0.0610352,0
2531.79,0,0.0136719,1.01611,0.183105,-0.12207,0.0610352,0
2531.8,0,0.00927734,1.00391,0,0,-0.0610352,0
2531.81,0.00830078,-0.00732422,1.00049,0,0,0.0610352,0
2531.82,0.00976562,-0.00830078,0.994629,0,0,0,0
2531.83,0.0151367,-0.00683594,0.984375,0.0610352,0,0,0
2531.84,0.00830078,-0.00439453,1,0.0610352,0,0,0
2531.85,0.00537109,0.0078125,1.00635,0.12207,0,0,0
2531.86,0.00439453,0.0078125,1.00537,0,0,0,0
2531.87,0.00585938,-0.00488281,1,0.183105,0,0.0610352,0
2531.88,0.012207,0.0102539,0.995117,0.0610352,0,0,0
2531.89,0.0102539,-0.0151367,0.989258,0.0610352,-0.0610352,-0.0610352,0
2531.9,0.015625,0.00878906,0.98877,0.305176,0.0610352,0.12207,0
2531.91,0.00878906,0.00732422,1.0127,0,-0.0610352,-0.183105,0
2531.92,0.00390625,-0.0078125,0.999023,0.12207,-0.183105,0,0
2531.93,0.0112305,0.019043,0.995605,0.183105,0,0.0610352,0
2531.94,0.00244141,-0.0131836,1.01514,0,-0.244141,-0.0610352,0
2531.95,0.00195312,0.00732422,1.00098,0.12207,-0.183105,0,0
2531.96,0.0078125,0.0117188,0.987793,0,0.0610352,0.0610352,0
2531.97,0.00292969,-0.0205078,1.00391,0,-0.0610352,0,0
2531.98,0,0.00976562,1.01172,0,-0.244141,-0.12207,0
2531.99,0.00341797,0.0107422,0.996582,0,0,0,0
2531.99,0,-0.00488281,0.995117,0.0610352,0.12207,0.12207,0
2532,0.00390625,-0.00683594,1.00049,0,-0.12207,-0.0610352,0
2532.01,0.00634766,0.00927734,1.00439,0,-0.12207,-0.0610352,0
2532.02,-0.00146484,0.00976562,1.00439,0.0610352,0.12207,0,0
2532.03,-0.00585938,-0.00195312,1.00488,0,-0.0610352,0,0
2532.04,0.00488281,-0.00683594,0.990234,0,0,-0.0610352,0
2532.05,0.0112305,0.00488281,0.992676,0,0.0610352,0,0
2532.06,0.00585938,-9.765625e-04,0.999512,0,0.0610352,-0.0610352,0
2532.07,0.00341797,-0.00146484,1.00342,0.0610352,-0.0610352,0,0
2532.08,-0.00244141,0.0117188,1.00732,0,-0.244141,0,0
2532.09,0.00341797,-0.0078125,1,-0.0610352,0,-0.12207,0
2532.1,0.00341797,0,1.00098,0.12207,0.12207,0,0
2532.11,0.00341797,0.00585938,1.00391,0,0.0610352,-0.0610352,0
2532.12,0.00927734,-0.00878906,1.00342,0,-0.0610352,0,0
2532.13,0.00878906,0.00292969,1.00146,0.0610352,-0.0610352,0,0
2532.14,0.00927734,-0.00146484,1.00781,-0.0610352,0,0,0
2532.15,0.0126953,-0.0078125,1.00146,0,0,0,0
2532.16,0.0112305,-0.00439453,0.997559,0,0,0,0
2532.17,0.0107422,-0.00585938,0.998535,0,-0.0610352,0,0
2532.18,0.0146484,-0.00146484,0.994141,0.12207,0,0,0
2532.19,0.00830078,9.765625e-04,1.00439,0.0610352,-0.12207,0,0
2532.2,0.00927734,0.00244141,1.00098,0,-0.0610352,0,0
2532.21,0.0136719,0.00195312,0.997559,0,0,0,0
2532.22,0.00146484,0.00390625,1.00439,0,-0.0610352,0,0
2532.23,0.00585938,0.00488281,0.997559,0,0,0,0
2532.24,0.00537109,0.00195312,0.991699,0,0,0,0
2532.25,0.00830078,0.00439453,1.00146,0,-0.0610352,0,0
2532.26,0.00683594,0.00732422,1,-0.0610352,-0.0610352,0,0
2532.27,0.00878906,0.00341797,0.99707,-0.0610352,0,0,0
2532.28,0.0112305,0.00146484,1.00488,-0.0610352,0,0,0
2532.28,0.012207,0.00341797,0.996094,-0.0610352,0,0,0
2532.29,0.00976562,-0.00488281,0.994141,-0.0610352,0,0,0
2532.3,0.00439453,0.0078125,1.00293,0,0,0,0
2532.31,0.00390625,4.882812e-04,0.999023,0,0,0,0
2532.32,9.765625e-04,0.00439453,0.999023,0.0610352,0,0,0
2532.33,0.00292969,0.00292969,1.00195,-0.0610352,0,0,0
2532.34,0.0078125,-0.00439453,1.00098,-0.0610352,-0.12207,0,0
2532.35,0.00927734,-0.00585938,0.996582,0,0,0,0
2532.36,0.00732422,-0.00292969,1.00244,0,0,0,0
2532.37,0.00439453,-0.00341797,1,0,0,0,0
2532.38,0.00146484,0.00439453,1.00342,0,0,0,0
2532.39,-0.00146484,-4.882812e-04,1.00195,-0.0610352,0,0,0
2532.4,0.00390625,-4.882812e-04,1.00293,-0.12207,-0.12207,0,0
2532.41,0.00732422,-0.00390625,0.997559,-0.0610352,-0.0610352,0,0
2532.42,0.0107422,-0.00195312,0.998535,0,0,0,0
2532.43,0.00537109,-0.012207,1.00293,-0.0610352,0,0,0
2532.44,0.00634766,0.00439453,0.996094,0.0610352,0,0,0
2532.45,0,0.00244141,1.00049,0,0.12207,0,0
2532.46,-4.882812e-04,-0.00390625,1.00488,0.12207,-0.0610352,0,0
2532.47,0.00390625,0.00878906,0.99707,0,-0.0610352,0,0
2532.48,0.0117188,-0.0102539,1.00098,0.0610352,-0.12207,0,0
2532.49,0.00976562,-0.00292969,1.00195,0.183105,-0.0610352,0,0
2532.5,0.00878906,0.00292969,0.993652,0,0,0,0
2532.51,4.882812e-04,-0.00439453,1.00684,0.0610352,0,0,0
2532.52,0.00195312,0.00830078,0.999023,0.12207,0,0,0
2532.53,0.00390625,0.00537109,1.00391,0,-0.12207,0,0
2532.54,0.0112305,-0.00878906,1.00098,0,-0.0610352,0,0
2532.55,0.0151367,0.00683594,0.995605,0.0610352,-0.0610352,0,0
2532.56,0.00732422,-0.00976562,0.999023,0,0,0,0
2532.57,0.00830078,0.00244141,0.997559,0.0610352,0,0,0
2532.58,0.00292969,0.0146484,1.00049,0,0.0610352,0,0
2532.59,0.00878906,-0.00292969,0.999023,0,0.0610352,0,0
2532.59,0.00732422,0.00732422,1.00342,0.0610352,0,0,0
2532.6,0.0102539,-0.00146484,0.99707,0,0,0,0
2532.61,0.0151367,0.00195312,1.00439,0.183105,0,0,0
2532.62,0.00878906,-4.882812e-04,0.996582,0.183105,0.12207,0,0
2532.63,0.00390625,0.00390625,0.999023,0.0610352,-0.0610352,0,0
2532.64,0.00390625,0.00439453,1.00146,0,0,0,0
2532.65,0.00732422,0.00195312,0.999023,0,0,0,0
2532.66,0.00585938,0.00488281,1.00439,0,0,0,0
2532.67,0.0107422,-0.0078125,0.997559,-0.0610352,0,0,0
2532.68,0.00830078,0.0078125,1.00293,0.0610352,0,0,0
2532.69,0.00195312,0.00244141,1.00146,-0.0610352,0.12207,0,0
2532.7,0.00488281,-0.00390625,1.00293,-0.0610352,-0.0610352,0,0
2532.71,0.0078125,0.00927734,0.999023,-0.12207,0.0610352,0,0
2532.72,0.00927734,-0.0102539,0.993164,-0.0610352,0.0610352,0,0
2532.73,0.00488281,-0.00244141,1.00684,0.0610352,-0.0610352,0,0
2532.74,0.00292969,0.00488281,0.997559,0,0,0,0
2532.75,0.00537109,-4.882812e-04,1.00146,0,0,0,0
2532.76,0.00585938,-9.765625e-04,0.999512,0,0.0610352,0,0
2532.77,0.0078125,-0.00341797,0.990234,0,0,0,0
2532.78,0.00146484,-0.00146484,1.00537,0,0,0,0
2532.79,0.00537109,-0.00195312,0.996582,0,0,0,0
2532.8,0.00537109,0.00683594,1.00293,0,0,0,0
2532.81,0.00439453,-0.00585938,0.999512,0,0,0,0
2532.82,0.0112305,-0.00341797,0.994629,0,0,0,0
2532.83,0.00439453,0.00537109,1.00098,0,0,0,0
2532.84,0.00488281,-0.0102539,0.995605,0,0,0,0
2532.85,0.00585938,0.00830078,1.00635,0,0,0,0
2532.86,0.00976562,-0.00292969,0.992676,0,0,0,0
2532.87,0.0141602,-0.00634766,1.00098,0,0,0,0
2532.88,0.00488281,0.00732422,1,0,0,0,0
2532.89,0.00830078,-0.00439453,0.996582,0,0,0,0
2532.9,0.00830078,0.0102539,1.00342,0,0,0,0
2532.91,0.00976562,-0.00195312,0.996582,0,0,0,0
2532.92,0.012207,-0.00292969,1.00146,0,0,0,0
2532.93,0.00585938,0.00634766,1,0,0,0,0
2532.94,0.0107422,0,0.998047,0,0,0,0
2532.94,0.00585938,0.00146484,1.00146,0,0,0,0
2532.95,0.00976562,-4.882812e-04,0.996094,0,0,0,0
2532.96,0.0102539,0.00439453,1.00244,0,0,0,0
2532.97,0.00537109,-0.00537109,0.997559,0,0,0,0
2532.98,0.00878906,0.00537109,0.999512,0,0,0,0
2532.99,0.00634766,9.765625e-04,1,0,0,0,0
2533,0.0078125,-9.765625e-04,0.998047,0,0,0,0
2533.01,0.00537109,0.00927734,1.00391,0,0,0,0
2533.02,0.00195312,-0.0141602,1,0,0,0,0
2533.03,0.00634766,0.00878906,1.00244,0,0,0,0
2533.04,0.00976562,-9.765625e-04,0.999023,0,0,0,0
2533.05,0.00634766,-0.00830078,0.999512,0,0,0,0
2533.06,0.00585938,0.015625,1.00342,0,0,0,0
2533.07,0.00732422,-0.00976562,0.999512,0,0,0,0
2533.08,0.00585938,0.00341797,1.00391,0,0,0,0
2533.09,0.00488281,0.00585938,0.998535,0,0,0,0
2533.1,0.00585938,-0.00537109,1.00098,0,0,0,0
2533.11,0.00390625,0.00830078,1.00342,0,0,0,0
2533.12,0.00488281,0.00292969,0.996094,0,0,0,0
2533.13,0.00585938,-0.00195312,1.00195,0,0,0,0
2533.14,0.00537109,0.00683594,0.990234,0,0,0,0
2533.15,0.00488281,0.00537109,0.998047,0,0,0,0
2533.16,0.00244141,0.00341797,1.00293,0,0,0,0
2533.17,0.00537109,0.0102539,0.998535,0,0,0,0
2533.18,0.00585938,-0.00537109,1.00049,0,0,0,0
2533.19,0.00537109,0,0.994141,0,0,0,0
2533.2,0.00341797,0.00976562,1.00342,0,0,0,0
2533.21,0.00390625,-0.00634766,0.993164,0,0,0,0
2533.22,0.00732422,0.0112305,1.00146,0,0,0,0
2533.23,0.0102539,-0.00341797,0.999023,0,0,0,0
2533.24,0.015625,-0.00634766,0.995117,0,0,0,0
2533.24,0.00585938,0.0136719,1.0083,0,0,0,0
2533.25,0.0161133,-0.00976562,0.996582,0,0,0,0
2533.26,0.0219727,9.765625e-04,1.00537,0,0,0,0
2533.27,0.0263672,-0.00537109,1.00732,0,0,0,0
2533.28,0.0292969,-0.00732422,1,0,0,0,0
2533.29,0.0195312,0.00341797,1.01367,0,0,0,0
2533.3,0.0253906,-0.00878906,1.00293,0,0,0,0
2533.31,0.0585938,-0.00195312,1.00439,0,0,0,0
2533.32,0.102051,-0.0112305,0.995117,0,0,0,0
2533.33,0.149414,-0.0185547,1.00586,0.12207,-0.488281,0,0
2533.34,0.195312,-0.00390625,0.997559,0.12207,-0.671387,0,0
2533.35,0.23877,-0.00341797,1.00146,0,-0.671387,0,0
2533.36,0.25293,-0.00976562,1.00195,0,-0.976562,0,0
2533.37,0.277344,-0.00341797,0.994629,0,-1.46484,0,0
2533.38,0.312012,-0.0102539,1.02197,0,-1.95312,0,0
2533.39,0.370117,-0.019043,1.0376,0.12207,-2.38037,0.366211,0
2533.4,0.486328,-0.00683594,1.03271,0,-2.92969,0.305176,0
2533.41,0.61377,-0.0146484,1.01904,0,-3.479,0.366211,0
2533.42,0.751953,-0.0166016,0.994141,0,-3.96729,0.305176,0
2533.43,0.899414,-0.00244141,0.992188,-0.183105,-4.5166,0.305176,0
2533.44,0.948242,-0.0126953,0.990234,-0.183105,-5.00488,0.305176,0
2533.45,0.885254,0.0405273,1.01465,-0.366211,-5.67627,0.366211,0
2533.46,0.782715,0.0175781,1.33691,-1.52588,-6.7749,0.244141,0
2533.47,0.84375,0.0673828,0.977539,-1.2207,-7.14111,0.427246,0
2533.48,0.870605,-0.0927734,1.02148,-1.40381,-7.44629,0.183105,0
2533.48,0.891602,-0.106445,1.04102,0.0610352,-7.50732,0.12207,0
2533.49,0.862305,0.012207,1.02295,0.366211,-7.08008,0,0
2533.5,0.858887,0.0683594,0.965332,-0.976562,-6.53076,-0.305176,0
2533.51,0.953613,-0.0532227,0.854004,-1.34277,-5.67627,-0.427246,0
2533.52,0.936035,-0.0361328,0.983398,-0.244141,-4.88281,-0.610352,0
2533.53,0.886719,0.0473633,1.0166,-0.305176,-4.3335,-0.732422,0
2533.54,0.883789,-0.0317383,1.06494,-0.488281,-3.96729,-0.976562,1
2533.55,0.94043,0,1.0249,0.12207,-3.35693,-0.976562,1
2533.56,1.01611,-0.0297852,0.999512,-0.305176,-2.86865,-1.09863,1
2533.57,1.04443,-0.124512,1.01123,0,-2.44141,-1.09863,1
2533.58,1.02637,0.012207,0.947754,0,-1.77002,-1.0376,1
2533.59,1.01855,-0.0288086,0.904297,-1.2207,-0.854492,-1.09863,1
2533.6,1.02588,-0.138672,1.01709,-0.671387,-0.427246,-1.09863,1
2533.61,1.01367,-0.00927734,1.00439,0.0610352,0.0610352,-0.915527,1
2533.62,0.941895,0.0175781,1.00244,-0.793457,0.305176,-0.915527,1
2533.63,0.910645,-0.163086,1.01904,-0.793457,0.610352,-0.915527,1
2533.64,0.959961,-0.0449219,1.01025,0.610352,0.610352,-0.915527,1
2533.65,0.984863,0.034668,1.02393,0.0610352,0.732422,-0.915527,1
2533.66,0.989258,-0.138672,1.05029,0.244141,0.671387,-0.976562,1
2533.67,1.01074,-0.0654297,1.05371,1.28174,0.488281,-0.915527,1
2533.68,1.0249,-0.0209961,1.04541,0.305176,0.183105,-1.09863,1
2533.69,1.01318,-0.130859,1.05176,0.244141,-0.0610352,-1.2207,1
2533.7,0.991699,-0.0463867,1.07666,0.793457,-0.244141,-1.2207,1
2533.71,0.925781,-0.0112305,1.10449,0,-0.610352,-1.28174,1
2533.72,0.875,-0.114258,1.10107,-0.305176,-0.732422,-1.34277,1
2533.73,0.897949,-0.0869141,1.08154,0.12207,-0.854492,-1.40381,1
2533.74,0.934082,-0.0170898,1.09131,-0.549316,-1.15967,-1.83105,1
2533.75,0.937012,-0.114258,1.07666,-1.15967,-1.34277,-2.19727,1
2533.76,0.910156,-0.0742188,1.07666,-0.854492,-1.34277,-2.44141,1
2533.77,0.88623,-0.015625,1.05811,-1.70898,-1.40381,-2.68555,1
2533.78,0.89209,-0.0996094,1.0708,-1.95312,-1.34277,-3.05176,1
2533.79,0.915039,-0.0493164,1.09326,-1.46484,-1.40381,-3.35693,1
2533.8,0.917969,-0.0473633,1.09033,-1.95312,-1.46484,-3.72314,1
2533.81,0.874023,-0.105469,1.06006,-1.95312,-1.46484,-4.15039,1
2533.82,0.887695,-0.0893555,1.04004,-1.95312,-1.2207,-4.5166,1
2533.82,0.88916,-0.0795898,1.00244,-2.0752,-1.0376,-4.88281,1
2533.83,0.89209,-0.0917969,1.01221,-1.95312,-0.793457,-5.31006,1
2533.84,0.861328,-0.09375,1.02539,-1.77002,-0.610352,-5.61523,1
2533.85,0.842773,-0.115234,1.01465,-1.83105,-0.305176,-5.85938,1
2533.86,0.849609,-0.138672,0.997559,-1.46484,-0.12207,-6.22559,1
2533.87,0.874023,-0.12207,1.01904,-1.34277,0,-6.53076,1
2533.88,0.85498,-0.135742,0.971191,-1.2207,0.183105,-6.83594,1
2533.89,0.836426,-0.146973,0.949707,-1.34277,0.366211,-7.20215,1
2533.9,0.838379,-0.146973,0.908203,-1.28174,0.305176,-7.50732,1
2533.91,0.839355,-0.167969,0.908691,-1.15967,0.427246,-7.69043,1
2533.92,0.848145,-0.13623,0.895996,-1.09863,0.183105,-8.11768,1
2533.93,0.855469,-0.166992,0.89502,-1.2207,0.0610352,-8.48389,1
2533.94,0.862305,-0.179688,0.924805,-1.15967,-0.244141,-8.91113,1
2533.95,0.849121,-0.145996,0.903809,-1.64795,-0.549316,-9.33838,1
2533.96,0.839844,-0.213379,0.936523,-1.89209,-0.732422,-9.70459,1
2533.97,0.833496,-0.171875,0.986328,-1.77002,-0.976562,-10.0708,1
2533.98,0.833008,-0.140137,0.987305,-1.83105,-1.2207,-10.3149,1
2533.99,0.847168,-0.238281,1.01758,-1.89209,-1.2207,-10.5591,1
2534,0.850098,-0.203125,1.02637,-1.46484,-1.40381,-10.8032,1
2534.01,0.825684,-0.214355,1.01221,-1.77002,-1.40381,-11.0474,1
2534.02,0.851562,-0.275879,1.00098,-1.58691,-1.52588,-11.3525,1
2534.03,0.837891,-0.213867,1.0083,-1.09863,-1.52588,-11.5967,1
2534.04,0.831543,-0.235352,1.01611,-1.09863,-1.52588,-11.7798,1
2534.05,0.812012,-0.268066,1.04297,-0.427246,-1.52588,-11.9019,1
2534.06,0.810547,-0.187012,1.06055,-0.12207,-1.52588,-12.0239,1
2534.07,0.830078,-0.265137,1.05127,-0.12207,-1.64795,-12.2681,1
2534.08,0.849121,-0.298828,1.01807,1.0376,-1.64795,-12.3901,1
2534.09,0.841797,-0.218262,1.01807,1.34277,-1.52588,-12.6343,1
2534.1,0.859375,-0.246582,1.05615,1.09863,-1.46484,-12.8174,1
2534.11,0.842285,-0.274902,1.08398,1.09863,-1.2207,-12.9395,1
2534.11,0.822266,-0.213379,1.0542,0.854492,-1.15967,-13.1226,1
2534.12,0.844238,-0.241699,1.03271,0.305176,-0.976562,-13.3667,1
2534.13,0.869141,-0.22998,1.06299,0.305176,-0.854492,-13.6719,1
2534.14,0.818848,-0.199219,1.09375,-0.305176,-0.793457,-13.6719,1
2534.15,0.817383,-0.233887,1.11133,-0.854492,-0.732422,-13.9771,1
2534.16,0.827637,-0.262207,1.09326,-0.732422,-0.732422,-14.2822,1
2534.17,0.84668,-0.203613,1.0415,-0.610352,-0.610352,-14.5874,1
2534.18,0.827148,-0.218262,1.01758,-1.15967,-0.488281,-14.7705,1
2534.19,0.822754,-0.258789,1.02734,-0.915527,-0.427246,-15.0757,1
2534.2,0.809082,-0.134766,1.0293,-1.15967,-0.366211,-15.3198,1
2534.21,0.828125,-0.277832,1.03662,-1.77002,-0.427246,-15.564,1
2534.22,0.794922,-0.274414,1.0293,-0.610352,-0.427246,-15.7471,1
2534.23,0.742188,-0.143555,0.964844,-0.671387,-0.366211,-15.9912,1
2534.24,0.752441,-0.28418,0.94873,-0.732422,-0.183105,-16.4795,1
2534.25,0.785156,-0.286133,0.958984,0.854492,0,-16.6626,1
2534.26,0.827148,-0.175293,0.931641,1.2207,0.244141,-16.9067,1
2534.27,0.796875,-0.349609,0.930664,0.610352,0.244141,-17.2729,1
2534.28,0.824707,-0.232422,0.964355,1.15967,0.305176,-17.5171,1
2534.29,0.779297,-0.141113,0.951172,-1.28174,0.488281,-18.0054,1
2534.3,0.770996,-0.396484,0.879883,-1.83105,0.854492,-18.3716,1
2534.31,0.781738,-0.281738,0.865234,-0.0610352,1.15967,-18.4326,1
2534.32,0.800781,-0.217285,0.918945,-1.52588,1.15967,-18.8599,1
2534.33,0.786133,-0.40625,1.00244,-2.19727,1.0376,-19.2261,1
2534.34,0.785156,-0.239746,1.03467,-2.01416,0.976562,-19.3481,1
2534.35,0.718262,-0.263184,0.946289,-4.39453,0.976562,-19.8364,1
2534.36,0.729492,-0.466309,0.897461,-4.08936,1.34277,-20.2637,1
2534.37,0.754395,-0.352539,0.917969,-2.56348,1.83105,-20.4468,1
2534.38,0.783203,-0.353516,1.03418,-3.479,2.01416,-20.9961,1
2534.39,0.729004,-0.431641,1.05029,-3.66211,2.13623,-21.2402,1
2534.4,0.665527,-0.355957,1.05469,-3.72314,2.38037,-21.3623,1
2534.4,0.654297,-0.353027,1.03467,-4.5166,2.38037,-21.7285,1
2534.41,0.675781,-0.466797,0.989258,-4.3335,2.56348,-22.0947,1
2534.42,0.652832,-0.536621,0.985352,-3.23486,2.86865,-22.2778,1
2534.43,0.598145,-0.405273,1.03613,-2.86865,2.92969,-22.7051,1
2534.44,0.587402,-0.449219,1.05371,-3.78418,2.92969,-23.0713,1
2534.45,0.595703,-0.483887,1.05664,-2.92969,2.86865,-23.4985,1
2534.46,0.637207,-0.406738,1.02783,-2.99072,2.62451,-23.7427,1
2534.47,0.592773,-0.533691,0.982422,-2.68555,2.44141,-24.1089,1
2534.48,0.554199,-0.540527,0.973145,-1.64795,2.2583,-24.4141,1
2534.49,0.508789,-0.486328,1.00732,-1.89209,2.19727,-24.7192,1
2534.5,0.564453,-0.50293,1.09131,-1.28174,2.2583,-25.0244,1
2534.51,0.5625,-0.459473,1.06934,-0.976562,2.13623,-25.1465,1
2534.52,0.603027,-0.48584,0.962402,-0.732422,2.31934,-25.3296,1
2534.53,0.53418,-0.586914,0.942871,-0.671387,2.2583,-25.3906,1
2534.54,0.547363,-0.571289,1.00098,0.244141,2.13623,-25.5737,1
2534.55,0.571289,-0.396484,1.05615,-0.488281,2.01416,-25.8789,1
2534.56,0.584961,-0.555176,0.989258,-1.77002,1.83105,-26.062,1
2534.57,0.550781,-0.49707,0.894043,-0.732422,1.70898,-26.062,1
2534.58,0.477051,-0.382812,0.854492,-1.52588,1.34277,-26.3062,1
2534.59,0.569336,-0.606934,0.893066,-0.671387,0.976562,-26.7334,1
2534.6,0.661621,-0.397949,1.021,0.793457,0.732422,-27.0996,1
2534.61,0.618652,-0.392578,0.999023,-1.77002,0.488281,-27.1606,1
2534.62,0.477539,-0.699219,1.00146,-1.64795,0.366211,-27.1606,1
2534.63,0.500488,-0.470703,0.912109,-0.0610352,0.305176,-27.2217,1
2534.64,0.655762,-0.376953,0.929688,-1.64795,0,-27.832,1
2534.65,0.710449,-0.709961,1.0459,-1.40381,-0.0610352,-28.0151,1
2534.66,0.587891,-0.54248,1.0542,0.610352,-0.12207,-27.71,1
2534.67,0.501953,-0.387695,0.98584,-1.0376,-0.488281,-28.0151,1
2534.68,0.564941,-0.706543,0.958984,-0.915527,-0.732422,-28.4424,1
2534.69,0.700195,-0.49707,1.02637,1.15967,-0.793457,-28.6255,1
2534.7,0.700684,-0.398438,1.03613,-0.915527,-1.09863,-28.8696,1
2534.71,0.637695,-0.698242,0.955566,-1.09863,-1.2207,-28.8086,1
2534.72,0.570801,-0.510742,0.97998,-0.0610352,-1.0376,-28.6255,1
2534.73,0.618164,-0.456055,1.05908,-1.70898,-0.854492,-28.8696,1
2534.73,0.660645,-0.685059,1.05713,-1.77002,-0.488281,-28.9307,1
2534.74,0.696777,-0.549805,0.98291,-0.549316,-0.488281,-28.9307,1
2534.75,0.649902,-0.524902,1.02686,-1.89209,-0.488281,-29.0527,1
2534.76,0.662598,-0.633301,1.10498,-2.38037,-0.305176,-29.0527,1
2534.77,0.638672,-0.531738,1.06738,-3.05176,-0.183105,-28.9917,1
2534.78,0.605957,-0.540527,1.00635,-3.78418,-0.0610352,-29.1138,1
2534.79,0.59082,-0.57666,0.942871,-3.41797,0.183105,-29.4189,1
2534.8,0.623535,-0.560547,0.955566,-2.74658,0.244141,-29.48,1
2534.81,0.647949,-0.55957,0.994629,-2.31934,0.366211,-29.6631,1
2534.82,0.571289,-0.568848,1.0376,-2.13623,0.427246,-29.8462,1
2534.83,0.584961,-0.589355,1.04883,-2.01416,0.488281,-30.0903,1
2534.84,0.550781,-0.627441,1.00098,-1.28174,0.488281,-30.2124,1
2534.85,0.520996,-0.631836,0.988281,-0.366211,0.610352,-30.2734,1
2534.86,0.456055,-0.672363,0.986328,0.427246,0.854492,-30.3345,1
2534.87,0.46582,-0.628418,0.954102,1.52588,1.15967,-30.2124,1
2534.88,0.494629,-0.615234,0.982422,1.28174,1.2207,-30.2124,1
2534.89,0.510742,-0.67627,0.991699,1.28174,1.09863,-29.9683,1
2534.9,0.466309,-0.59082,0.971191,1.0376,1.28174,-29.7852,1
2534.91,0.468262,-0.705078,0.911621,0.427246,1.46484,-29.7852,1
2534.92,0.445801,-0.705566,0.937012,1.34277,1.83105,-29.7241,1
2534.93,0.443359,-0.625977,0.995117,0.854492,1.83105,-29.7852,1
2534.94,0.467285,-0.640625,0.980469,0.305176,2.01416,-29.9072,1
2534.95,0.455078,-0.697754,0.962891,-0.244141,1.83105,-29.7241,1
2534.96,0.402832,-0.685059,0.96875,-0.427246,1.70898,-29.7241,1
2534.97,0.380859,-0.615234,0.961914,-1.64795,1.46484,-29.7852,1
2534.98,0.439941,-0.680176,0.939453,-2.86865,1.2207,-29.9683,1
2534.99,0.453125,-0.581055,0.962402,-3.05176,0.793457,-30.0293,1
2535,0.457031,-0.63916,0.990723,-4.57764,0.427246,-30.0903,1
2535.01,0.486328,-0.68457,1.05029,-4.3335,0.0610352,-30.0293,1
2535.02,0.467773,-0.62207,1.07861,-4.88281,0,-29.7852,1
2535.03,0.373535,-0.74707,1.04688,-5.06592,0.305176,-29.8462,1
2535.04,0.342285,-0.637207,1.04004,-3.84521,0.305176,-29.7241,1
2535.05,0.450684,-0.590332,1.00635,-4.45557,0.366211,-29.7241,1
2535.06,0.454102,-0.756348,1.05859,-3.84521,0.488281,-29.3579,1
2535.07,0.38916,-0.712891,1.04248,-2.13623,0.610352,-28.8086,1
2535.08,0.324219,-0.63623,1.03027,-1.52588,1.15967,-28.5645,1
2535.09,0.289062,-0.751953,0.992188,-0.732422,1.70898,-28.3813,1
2535.09,0.34375,-0.681152,0.973633,1.34277,2.31934,-28.1982,1
2535.1,0.352051,-0.589355,0.960449,1.15967,2.62451,-28.1372,1
2535.11,0.355469,-0.755371,0.899414,1.52588,2.74658,-27.771,1
2535.12,0.339355,-0.664551,0.913574,2.92969,2.99072,-27.4658,1
2535.13,0.288086,-0.60498,0.944824,2.38037,3.41797,-27.2827,1
2535.14,0.259766,-0.69873,0.907227,2.19727,3.66211,-27.0996,1
2535.15,0.253418,-0.652832,0.88916,2.38037,3.84521,-26.9165,1
2535.16,0.282715,-0.65625,0.871582,2.0752,4.02832,-26.7334,1
2535.17,0.291016,-0.678711,0.887207,2.31934,4.02832,-26.8555,1
2535.18,0.302734,-0.674316,0.957031,2.38037,4.08936,-26.7944,1
2535.19,0.285645,-0.620117,1.01953,1.89209,3.90625,-26.9165,1
2535.2,0.266113,-0.644531,0.98291,0.305176,3.72314,-26.6113,1
2535.21,0.235352,-0.713379,0.956055,-0.732422,3.479,-26.6113,1
2535.22,0.258789,-0.666504,0.990234,-1.64795,3.54004,-26.6724,1
2535.23,0.280273,-0.639648,1.03027,-2.62451,3.41797,-27.0996,1
2535.24,0.324219,-0.67334,1.04297,-2.68555,3.23486,-27.0996,1
2535.25,0.296387,-0.610352,1.01074,-2.2583,3.17383,-26.9775,1
2535.26,0.267578,-0.628906,0.942383,-2.68555,3.17383,-26.9165,1
2535.27,0.283203,-0.724609,0.9375,-1.95312,3.05176,-26.9165,1
2535.28,0.273438,-0.644531,0.986328,-0.793457,3.05176,-27.0386,1
2535.29,0.27832,-0.662598,1.00244,-0.915527,2.92969,-27.4658,1
2535.3,0.255371,-0.695312,1.00342,-0.12207,2.38037,-27.5269,1
2535.31,0.228027,-0.680664,0.969238,0.183105,2.31934,-27.5269,1
2535.32,0.221191,-0.633789,0.931152,0.305176,2.0752,-27.4048,1
2535.33,0.221191,-0.673828,0.939453,0.0610352,2.13623,-27.4048,1
2535.34,0.213867,-0.729004,0.941895,0.610352,2.01416,-27.4048,1
2535.35,0.212891,-0.596191,0.969238,0.183105,2.19727,-27.71,1
2535.36,0.187988,-0.729492,1.00488,-1.34277,2.2583,-27.771,1
2535.37,0.17627,-0.767578,0.995605,-0.976562,2.0752,-27.771,1
2535.38,0.165527,-0.556152,0.958008,-2.13623,2.13623,-28.1372,1
2535.39,0.203613,-0.730957,0.968262,-3.2959,2.31934,-28.0762,1
2535.4,0.188965,-0.758789,0.905762,-2.01416,2.62451,-28.0151,1
2535.41,0.143555,-0.618164,0.966309,-2.99072,2.92969,-28.4424,1
2535.42,0.0820312,-0.786621,1.08545,-3.78418,3.72314,-28.6865,1
2535.43,0.0629883,-0.682617,1.0542,-3.11279,3.479,-28.5034,1
2535.44,0.0742188,-0.685547,0.995117,-3.84521,3.96729,-28.3203,1
2535.44,0.141602,-0.833496,1.02734,-3.05176,4.27246,-28.5645,1
2535.45,0.160156,-0.726074,0.963379,-1.89209,4.57764,-28.8696,1
2535.46,0.19043,-0.76416,0.969238,-1.70898,4.88281,-29.1138,1
2535.47,0.193848,-0.780762,0.995605,-0.610352,4.45557,-29.3579,1
2535.48,0.234863,-0.675781,0.916992,-0.854492,4.21143,-29.7852,1
2535.49,0.29541,-0.750977,0.947754,-0.427246,3.96729,-29.6631,1
2535.5,0.279785,-0.714844,0.969238,0,3.72314,-29.9683,1
2535.51,0.239258,-0.743652,0.952637,0.12207,3.35693,-30.0293,1
2535.52,0.207031,-0.764648,0.980957,0.854492,3.35693,-30.1514,1
2535.53,0.199707,-0.773438,1.04688,0.793457,3.05176,-30.7007,1
2535.54,0.211426,-0.771484,1.03613,0.915527,1.95312,-30.8228,1
2535.55,0.310059,-0.763184,0.986816,1.09863,1.40381,-30.5786,1
2535.56,0.344727,-0.771973,0.941895,1.09863,0.915527,-30.5176,1
2535.57,0.354004,-0.765625,0.902832,1.46484,0.793457,-30.3345,1
2535.58,0.265625,-0.726074,0.967773,1.89209,1.09863,-30.2734,1
2535.59,0.208008,-0.712402,0.950195,1.77002,1.2207,-30.4565,1
2535.6,0.223145,-0.754395,0.894043,1.58691,1.09863,-30.7617,1
2535.61,0.317871,-0.72168,0.947266,1.70898,0.976562,-30.7617,1
2535.62,0.38916,-0.750977,0.933594,1.2207,0.427246,-30.5176,1
2535.63,0.347656,-0.735352,0.937012,0.976562,0.12207,-29.9683,1
2535.64,0.26416,-0.730469,0.921875,0.366211,0.183105,-30.0903,1
2535.65,0.277344,-0.732422,0.964355,0.549316,0.671387,-30.3345,1
2535.65,0.374023,-0.604492,0.931641,0.427246,0.427246,-30.2734,1
2535.66,0.340332,-0.725098,0.938477,-0.671387,0.244141,-29.9072,1
2535.67,0.307129,-0.819824,0.973633,0.0610352,0.488281,-29.9683,1
2535.68,0.304199,-0.660156,0.941406,0.305176,1.0376,-29.8462,1
2535.69,0.297852,-0.756348,0.900879,-0.488281,0.915527,-29.2358,1
2535.7,0.325195,-0.873535,0.976074,-0.183105,0.915527,-29.0527,1
2535.71,0.376953,-0.674805,1.01025,-0.610352,1.15967,-29.6631,1
2535.72,0.335938,-0.76123,0.98584,-1.58691,1.28174,-29.3579,1
2535.73,0.27002,-0.864746,1.00049,-0.610352,1.34277,-28.9917,1
2535.74,0.285156,-0.736816,0.945312,0,1.2207,-28.6255,1
2535.75,0.253906,-0.711426,0.981445,0.305176,2.13623,-28.6255,1
2535.76,0.262695,-0.870117,1.00391,0.488281,2.19727,-28.5645,1
2535.77,0.254883,-0.787109,0.950195,2.0752,1.64795,-28.2593,1
2535.78,0.254883,-0.777832,0.958496,1.28174,1.77002,-28.5034,1
2535.79,0.301758,-0.92041,0.979492,1.83105,1.95312,-28.4424,1
2535.8,0.285645,-0.74707,0.994141,2.19727,2.13623,-28.4424,1
2535.81,0.24707,-0.749023,0.964355,1.09863,2.0752,-28.3813,1
2535.82,0.199219,-0.811523,0.941895,1.52588,2.0752,-28.1372,1
2535.83,0.203613,-0.725098,0.929199,1.95312,1.89209,-28.1372,1
2535.84,0.248047,-0.804688,0.939941,1.0376,1.83105,-28.6255,1
2535.85,0.27832,-0.875488,0.973145,2.44141,1.64795,-28.2593,1
2535.86,0.241211,-0.771973,1.01904,2.31934,1.46484,-28.5034,1
2535.87,0.208496,-0.743652,0.998047,1.28174,0.915527,-28.7476,1
2535.88,0.209961,-0.808105,0.958496,1.46484,0.915527,-28.3813,1
2535.89,0.254395,-0.760742,0.981934,1.77002,0.854492,-28.3813,1
2535.9,0.296875,-0.772949,0.967773,1.2207,0.488281,-28.5645,1
2535.91,0.316895,-0.86377,0.964355,2.0752,0.732422,-28.3203,1
2535.92,0.268066,-0.756348,0.952637,2.13623,0.671387,-28.3203,1
2535.93,0.252441,-0.762695,0.960449,1.64795,0.610352,-28.3203,1
2535.94,0.248047,-0.787598,1.00342,1.70898,0.732422,-28.4424,1
2535.95,0.286621,-0.79248,0.989258,1.34277,0.732422,-28.5645,1
2535.96,0.313965,-0.75293,0.940918,1.64795,0.854492,-28.5034,1
2535.97,0.317871,-0.799805,0.962891,2.31934,0.366211,-28.3203,1
2535.98,0.307617,-0.794434,1.00391,2.38037,0.183105,-28.6255,1
2535.98,0.322754,-0.70459,1.02002,1.64795,0,-28.8086,1
2535.99,0.299316,-0.874512,0.983887,0.976562,0.0610352,-28.2593,1
2536,0.289062,-0.817871,0.978027,1.34277,-0.12207,-28.3203,1
2536.01,0.272461,-0.681152,0.993164,0.610352,-0.244141,-28.5645,1
2536.02,0.301758,-0.84668,1.021,0.732422,-0.12207,-28.6255,1
2536.03,0.316895,-0.780273,1.01025,2.19727,-0.549316,-28.5645,1
2536.04,0.393555,-0.726074,1.0083,1.77002,-0.671387,-28.3813,1
2536.05,0.378906,-0.915039,0.992676,2.13623,-0.427246,-27.9541,1
2536.06,0.287598,-0.825195,1.00439,2.68555,-0.366211,-27.8931,1
2536.07,0.262695,-0.772949,1.03125,1.77002,-0.12207,-28.0762,1
2536.08,0.262695,-0.813965,1.02002,2.31934,-0.12207,-27.771,1
2536.09,0.308594,-0.727539,0.989258,2.2583,-0.0610352,-27.832,1
2536.1,0.352051,-0.816406,0.986816,2.13623,0.0610352,-27.5879,1
2536.11,0.335938,-0.723145,0.979004,2.56348,-0.12207,-27.5879,1
2536.12,0.314941,-0.754883,0.981934,1.64795,0,-27.2217,1
2536.13,0.29541,-0.810059,0.999023,2.38037,-0.366211,-26.8555,1
2536.14,0.306641,-0.781738,1.03906,2.50244,-0.12207,-26.9165,1
2536.15,0.304688,-0.848145,1.02686,2.44141,-0.183105,-26.7334,1
2536.16,0.31543,-0.731445,0.984863,2.56348,-0.12207,-26.3672,1
2536.17,0.286133,-0.757812,0.945312,1.83105,0,-26.3062,1
2536.18,0.34082,-0.823242,0.995117,2.86865,-0.0610352,-26.062,1
2536.19,0.382812,-0.6875,0.997559,3.35693,0.305176,-25.7568,1
2536.2,0.357422,-0.80127,0.983887,2.74658,0.427246,-25.3906,1
2536.21,0.316895,-0.816406,1.00293,4.08936,0.366211,-24.8413,1
2536.22,0.249512,-0.611816,1.00391,4.3335,0.671387,-24.8413,1
2536.23,0.353516,-0.709473,0.96582,3.23486,0.732422,-25.2686,1
2536.24,0.415039,-0.854004,0.955078,4.08936,0.610352,-24.8413,1
2536.25,0.337891,-0.727539,0.998047,4.63867,0.610352,-24.353,1
2536.26,0.29248,-0.753906,1.02344,3.35693,0.732422,-24.5361,1
2536.27,0.302246,-0.768066,0.973633,4.15039,0.793457,-24.292,1
2536.28,0.362793,-0.564941,0.990234,3.66211,0.793457,-24.231,1
2536.29,0.399902,-0.754883,1.04736,2.0752,0.610352,-24.0479,1
2536.3,0.37793,-0.738281,1.03857,3.35693,0.488281,-23.6816,1
2536.31,0.297363,-0.658691,0.959961,2.68555,0.793457,-23.4985,1
2536.32,0.313477,-0.859863,0.972656,3.41797,0.610352,-23.3154,1
2536.33,0.424316,-0.694336,1.05469,4.45557,0.671387,-23.3765,1
2536.33,0.43457,-0.57666,1.0376,2.56348,0.427246,-23.3765,1
2536.34,0.326172,-0.827148,0.946289,2.2583,0.488281,-22.9492,1
2536.35,0.289062,-0.693848,0.894531,4.3335,0.549316,-22.8882,1
2536.36,0.374512,-0.515137,0.947266,3.54004,0.610352,-23.4375,1
2536.37,0.477539,-0.767578,0.991211,3.2959,0.305176,-22.9492,1
2536.38,0.400879,-0.724121,1.01758,4.5166,0.488281,-22.583,1
2536.39,0.311035,-0.611328,0.96582,3.05176,0.427246,-22.7661,1
2536.4,0.289551,-0.741699,0.933105,3.05176,0.488281,-22.522,1
2536.41,0.40332,-0.628418,0.974121,3.2959,0.427246,-22.644,1
2536.42,0.44873,-0.642578,1.02539,1.89209,0.366211,-22.583,1
2536.43,0.382812,-0.73291,0.998047,2.74658,0.549316,-22.1558,1
2536.44,0.327637,-0.554688,0.92627,2.92969,0.732422,-21.7896,1
2536.45,0.351074,-0.703613,0.953125,1.34277,0.671387,-21.5454,1
2536.46,0.390625,-0.70752,1.06982,1.83105,0.732422,-21.6675,1
2536.47,0.359863,-0.583008,1.07861,1.40381,0.976562,-21.6064,1
2536.48,0.34082,-0.644043,0.947266,1.89209,0.671387,-21.1792,1
2536.49,0.411621,-0.658691,0.940918,2.74658,0.915527,-21.1792,1
2536.5,0.456543,-0.664062,0.982422,3.41797,1.0376,-20.9961,1
2536.51,0.377441,-0.689941,1.02295,3.479,1.34277,-20.752,1
2536.52,0.312012,-0.643555,0.98291,3.90625,1.0376,-20.5688,1
2536.53,0.339355,-0.532715,0.929688,3.05176,1.09863,-20.5078,1
2536.54,0.347168,-0.653809,0.986816,2.50244,1.0376,-20.3247,1
2536.55,0.401367,-0.589844,1.07861,3.35693,1.0376,-20.0806,1
2536.56,0.449219,-0.572266,0.990723,3.35693,0.976562,-19.7144,1
2536.57,0.450684,-0.648926,0.902832,4.21143,0.793457,-19.5312,1
2536.58,0.412109,-0.612793,0.950195,4.08936,0.671387,-19.3481,1
2536.59,0.354004,-0.616211,1.02246,3.78418,0.427246,-18.9819,1
2536.6,0.365723,-0.486816,0.986816,3.60107,0.610352,-18.9209,1
2536.61,0.387695,-0.513672,0.906738,2.86865,0.366211,-18.7378,1
2536.62,0.499512,-0.561523,0.928711,3.90625,0.12207,-18.3716,1
2536.62,0.517578,-0.53125,0.980957,4.57764,0.0610352,-17.7612,1
2536.63,0.393066,-0.568359,0.993652,4.69971,0.183105,-17.334,1
2536.64,0.343262,-0.567383,0.989746,4.63867,0.366211,-17.0288,1
2536.65,0.395996,-0.443359,0.983887,4.82178,0.427246,-16.6016,1
2536.66,0.512207,-0.465332,0.997559,3.78418,0.244141,-16.3574,1
2536.67,0.488281,-0.570801,0.959473,4.69971,0.427246,-15.625,1
2536.68,0.432129,-0.436523,0.915039,5.49316,0.488281,-14.8926,1
2536.69,0.382324,-0.460449,1,4.69971,0.610352,-14.4043,1
2536.7,0.387695,-0.485352,1.03711,5.12695,0.305176,-13.6108,1
2536.71,0.429688,-0.413086,1.06152,5.61523,0.427246,-13.0005,1
2536.72,0.413574,-0.354004,1.00488,5.43213,0.305176,-12.3291,1
2536.73,0.443848,-0.358887,0.89209,5.31006,0.549316,-11.4746,1
2536.74,0.445801,-0.344727,0.898438,5.49316,0.854492,-10.6812,1
2536.75,0.438477,-0.329102,0.946289,5.37109,1.2207,-9.94873,1
2536.76,0.364746,-0.344727,0.963379,6.04248,1.28174,-8.78906,1
2536.77,0.374512,-0.244141,1.00684,6.28662,1.28174,-8.11768,1
2536.78,0.418457,-0.23877,0.916504,5.98145,1.34277,-7.38525,1
2536.79,0.436523,-0.197266,0.921875,6.22559,1.28174,-6.34766,1
2536.8,0.410645,-0.211914,0.935547,6.34766,1.70898,-5.43213,1
2536.81,0.364746,-0.238281,0.896484,7.56836,1.83105,-4.15039,1
2536.82,0.341797,-0.0551758,0.960938,9.27734,2.19727,-3.2959,1
2536.83,0.331543,-0.0112305,1.01562,8.8501,1.95312,-2.44141,1
2536.84,0.384277,-0.17334,0.967285,10.0708,1.58691,-0.915527,1
2536.85,0.413574,0.0463867,0.953125,11.5967,1.70898,0.0610352,1
2536.86,0.42334,0.0429688,0.931641,10.8032,2.2583,1.09863,1
2536.87,0.341797,-0.00537109,0.903809,12.5122,2.50244,2.56348,1
2536.88,0.282227,0.240234,0.938477,12.6953,2.56348,3.78418,1
2536.89,0.28125,0.212891,0.942383,11.9019,2.31934,5.06592,1
2536.9,0.286621,0.185059,0.912109,13.0005,2.31934,6.53076,1
2536.9,0.274902,0.330078,0.878418,13.0615,2.44141,7.8125,1
2536.91,0.241699,0.379395,0.911133,12.2681,2.19727,8.91113,1
2536.92,0.175781,0.29834,0.886719,12.3901,2.2583,10.376,1
2536.93,0.161133,0.436523,0.861816,12.3901,2.0752,11.4136,1
2536.94,0.150879,0.473633,0.92041,11.2305,2.31934,12.2681,1
2536.95,0.125977,0.423828,0.943848,11.2915,2.13623,13.7939,1
2536.96,0.108398,0.555664,0.902344,11.1694,1.95312,14.8315,1
2536.97,0.0893555,0.616699,0.892578,10.1318,2.19727,15.9302,1
2536.98,0.0878906,0.507324,0.959961,9.76562,2.44141,16.6016,1
2536.99,-0.00488281,0.528809,0.995117,11.5967,3.35693,18.3716,1
2537,0.0112305,0.788574,1.03662,11.2915,3.479,18.7378,1
2537.01,-0.0131836,0.58252,1.03906,10.0708,4.21143,19.2871,1
2537.02,0.0180664,0.616699,1.01025,13.3667,4.57764,21.1792,1
2537.03,0.00830078,0.733887,1.02832,12.2681,5.12695,21.0571,1
2537.04,-0.00976562,0.672852,1.03857,12.085,5.00488,21.8506,1
2537.05,-0.00244141,0.682617,0.985352,12.207,6.28662,22.644,1
2537.06,0.0229492,0.887695,0.975586,11.6577,6.89697,23.8037,1
2537.07,0.015625,0.678711,0.947754,7.93457,6.71387,23.8037,1
2537.08,-0.00439453,0.60791,0.996094,9.70459,6.04248,25.7568,1
2537.09,-0.059082,1.021,1.01123,8.91113,6.71387,25.7568,1
2537.1,0.0307617,0.803223,0.95459,5.85938,6.83594,26.123,1
2537.11,0.0537109,0.623047,0.952148,6.95801,6.5918,27.5269,1
2537.12,0.0581055,1.12451,0.942871,5.24902,5.61523,27.832,1
2537.13,0.0224609,0.782715,0.978027,0.732422,5.31006,28.1372,1
2537.14,-0.012207,0.708984,1.021,4.15039,5.00488,29.9072,1
2537.15,0.0112305,1.0083,0.966797,2.31934,5.06592,29.2969,1
2537.16,-0.00927734,0.901855,0.981934,3.17383,4.5166,30.5786,1
2537.17,0.0366211,0.990723,0.99707,2.92969,4.76074,30.6396,1
2537.18,0.0283203,1.02734,1.06152,2.38037,4.02832,30.8228,1
2537.19,0.0283203,0.847168,1.00293,2.74658,4.08936,31.4331,1
2537.2,0.00439453,0.852539,1.00635,5.49316,3.41797,31.8604,1
2537.21,0.0195312,1.08105,1.01514,5.98145,3.35693,31.8604,1
2537.22,0.015625,0.850098,0.950195,4.94385,3.23486,32.5317,1
2537.23,-0.0512695,0.733398,0.88916,6.34766,2.31934,33.2642,1
2537.23,-0.0273438,1.11475,0.941406,5.79834,2.0752,32.8979,1
2537.24,0.0688477,0.859863,0.942871,2.68555,2.13623,33.3862,1
2537.25,-0.019043,0.80957,1.02246,5.92041,1.83105,34.6069,1
2537.26,0.0756836,1.23145,1.02441,2.86865,0.976562,33.7524,1
2537.27,0.0429688,0.85498,0.957031,0.12207,0.671387,34.2407,1
2537.28,-0.00634766,0.825195,0.929199,1.40381,0.793457,34.4849,1
2537.29,0.11377,1.21484,0.944336,-0.183105,0.610352,34.3018,1
2537.3,0.0825195,0.915039,1.07666,-2.99072,0.976562,33.8135,1
2537.31,0.0527344,0.884766,1.02539,-0.549316,0.976562,33.9966,1
2537.32,0.0644531,1.07275,0.891602,-2.19727,0.976562,33.6304,1
2537.33,0.0449219,0.888672,0.962402,-3.2959,1.28174,33.6304,1
2537.34,0.100586,0.966309,0.966797,-4.08936,1.46484,32.7759,1
2537.35,0.142578,1.06006,0.913574,-5.79834,1.52588,32.8369,1
2537.36,0.0385742,0.814453,0.983887,-6.46973,1.83105,32.7148,1
2537.37,0.0791016,0.976562,0.921387,-4.02832,1.58691,32.2876,1
2537.38,0.125,1.04541,0.839844,-4.88281,1.64795,32.1045,1
2537.39,0.120117,0.789551,0.870117,-4.02832,1.70898,32.2266,1
2537.4,0.090332,0.910156,0.970703,-2.62451,0.610352,32.1655,1
2537.41,0.097168,1.05127,1.04883,-3.84521,0.549316,31.6772,1
2537.42,0.106445,0.753906,0.925293,-1.58691,0.427246,31.9824,1
2537.43,0.118652,1.05176,0.90918,1.40381,0.854492,31.8604,1
2537.44,0.131348,0.989746,0.906738,-0.549316,0.732422,31.3721,1
2537.45,0.0766602,0.910156,1.00391,2.2583,0.183105,32.0435,1
2537.46,0.081543,1.02832,1.06055,2.74658,0.732422,31.0669,1
2537.47,0.122559,0.874512,0.916504,4.02832,0.366211,31.25,1
2537.48,0.0756836,1.01953,1,5.31006,0.915527,30.8228,1
2537.48,0.0375977,1.05762,0.967773,3.23486,1.15967,30.3345,1
2537.49,0.0966797,0.919434,0.875,3.66211,1.28174,30.7617,1
2537.5,0.0449219,0.914551,0.910156,3.23486,1.34277,30.5176,1
2537.51,0.0605469,1.11133,0.978027,2.44141,1.40381,29.6021,1
2537.52,0.0449219,0.951172,1.02393,0.671387,1.70898,29.2358,1
2537.53,-0.0102539,0.987793,0.925781,1.15967,2.44141,29.8462,1
2537.54,0.0668945,0.984863,0.859375,-1.46484,2.0752,29.541,1
2537.55,0.081543,0.994141,0.942383,-1.70898,1.77002,29.1748,1
2537.56,0.0805664,0.902832,1.0166,-2.13623,2.0752,28.5645,1
2537.57,0.0263672,1.10889,1.0835,-0.793457,2.62451,28.5645,1
2537.58,0.0385742,1.03271,0.949219,-2.92969,3.2959,27.832,1
2537.59,0.0415039,0.80127,0.887695,-0.427246,3.17383,28.9307,1
2537.6,0.0698242,1.14551,0.901367,-0.793457,2.74658,28.0762,1
2537.61,0.0693359,0.969238,0.949707,-3.60107,2.31934,28.0762,1
2537.62,0.0913086,0.759766,0.961426,-0.793457,3.05176,28.3813,1
2537.63,0.0957031,1.21582,0.961426,-0.549316,2.92969,28.3203,1
2537.64,0.0522461,0.953613,0.858887,-3.11279,2.44141,27.9541,1
2537.65,-9.765625e-04,0.709473,0.893066,-0.305176,1.70898,28.6255,1
2537.66,0.0800781,1.04395,0.818848,0.976562,1.28174,28.8696,1
2537.67,0.0737305,0.834473,0.998047,-0.915527,1.2207,28.5034,1
2537.68,0.11377,0.860352,0.973633,0.915527,0.671387,28.8086,1
2537.69,0.0605469,1.19531,0.945312,0.305176,0.427246,28.9917,1
2537.7,-0.0288086,0.962891,0.943848,-1.70898,1.15967,28.5034,1
2537.71,0.0268555,0.675781,0.976562,0,0.427246,29.48,1
2537.72,0.0615234,1.10596,0.884766,0.610352,-0.244141,28.9307,1
2537.73,0.157715,0.939941,0.902832,-2.50244,0,28.9307,1
2537.74,0.123535,0.867188,0.900391,0.732422,0.12207,28.5645,1
2537.75,0.0595703,0.939941,0.932617,0.671387,1.15967,28.3203,1
2537.76,0.0415039,1.0083,0.921875,2.86865,1.28174,28.1372,1
2537.77,-0.00439453,0.815918,0.982422,0.854492,1.09863,27.71,1
2537.77,0.0166016,1.04492,1.00244,2.13623,0.915527,27.3438,1
2537.78,0.0996094,1.12451,0.991211,-1.89209,1.52588,26.8555,1
2537.79,0.126953,0.940918,0.931152,-1.58691,1.89209,26.6724,1
2537.8,0.120605,0.976074,1.00391,-1.28174,2.13623,26.4893,1
2537.81,-0.00292969,1.10986,0.961914,-1.46484,2.31934,26.062,1
2537.82,-0.00683594,0.848145,0.96582,-2.99072,2.99072,25.7568,1
2537.83,0.0644531,0.963867,0.90625,-0.854492,2.19727,25.9399,1
2537.84,0.153809,1.1665,1.02539,-2.99072,2.2583,25.8789,1
2537.85,0.0683594,0.714844,0.949219,-3.84521,2.86865,25.2686,1
2537.86,0.0717773,0.998047,1.03223,-0.793457,2.31934,25.7568,1
2537.87,-0.0131836,1.04297,0.942383,-3.84521,2.74658,25.2686,1
2537.88,-0.132324,0.724609,0.81543,-2.19727,2.92969,26.062,1
2537.89,-0.0556641,0.838379,0.818848,0.854492,2.31934,25.8179,1
2537.9,0.00634766,1.16846,0.97168,1.52588,2.44141,26.062,1
2537.91,0.00244141,0.692871,0.983887,-0.671387,2.50244,25.5737,1
2537.92,0.0498047,0.833496,0.885742,1.52588,1.77002,26.062,1
2537.93,-0.0185547,1.12354,0.827148,0,2.2583,25.8789,1
2537.94,-0.164062,0.83252,0.925293,-1.0376,3.41797,26.1841,1
2537.95,-0.0771484,0.930176,0.940918,1.2207,2.19727,25.9399,1
2537.96,-0.134277,1.05859,1.00684,1.15967,3.17383,26.4282,1
2537.97,-0.0361328,0.890625,0.998047,0.549316,2.68555,25.5737,1
2537.98,-0.125977,0.980469,0.980957,1.40381,3.17383,26.062,1
2537.99,-0.137695,1.1665,1.01514,-0.671387,3.41797,25.6958,1
2538,-0.17041,0.672363,0.966309,-2.38037,3.54004,25.6348,1
2538.01,-0.179688,0.982422,0.919922,1.15967,2.56348,26.9775,1
2538.02,-0.192383,1.00928,1.05225,-2.19727,3.2959,26.1841,1
2538.03,-0.124512,0.835449,0.952148,-0.488281,2.50244,26.9775,1
2538.04,-0.15332,1.0835,0.914551,0.183105,3.54004,26.9775,1
2538.05,-0.179199,0.864746,0.931152,-2.01416,3.41797,26.5503,1
2538.06,-0.176758,0.770996,0.963867,-0.671387,3.17383,27.1606,1
2538.07,-0.119141,1.02979,0.891113,-1.58691,3.60107,26.9165,1
2538.08,-0.135742,0.805176,0.899902,-3.35693,3.35693,27.4658,1
2538.09,-0.162109,0.784668,0.88623,-0.610352,2.31934,28.3813,1
2538.1,-0.15918,1.07861,0.849121,-0.793457,2.13623,28.1982,1
2538.11,-0.211914,0.726562,0.938477,-1.52588,2.68555,27.8931,1
2538.12,-0.192871,0.965332,0.882812,0.427246,1.95312,28.7476,1
2538.13,-0.236328,0.977539,0.973633,-2.99072,3.11279,27.832,1
2538.13,-0.191406,0.792969,0.957031,-2.31934,1.95312,28.8086,1
2538.14,-0.144043,0.990723,0.996094,-1.95312,2.44141,28.2593,1
2538.15,-0.133301,0.983887,0.999023,-2.86865,2.38037,28.5034,1
2538.16,-0.15625,0.807617,1.00684,-2.38037,2.50244,28.3813,1
2538.17,-0.194824,1.07031,0.97168,-2.56348,2.62451,28.3203,1
2538.18,-0.200195,0.953613,0.929199,-5.18799,3.2959,27.771,1
2538.19,-0.236816,0.840332,0.936035,-3.90625,3.05176,28.6865,1
2538.2,-0.23877,1.02734,0.955078,-4.88281,2.86865,28.0151,1
2538.21,-0.163574,0.904785,0.994629,-5.00488,2.44141,28.5034,1
2538.22,-0.178223,0.847656,1.00049,-4.08936,2.74658,29.0527,1
2538.23,-0.187012,1.0249,0.964355,-4.02832,2.2583,28.8086,1
2538.24,-0.192383,0.812988,0.817871,-5.67627,2.0752,28.8696,1
2538.25,-0.206055,0.770996,0.860352,-2.86865,1.83105,29.7852,1
2538.26,-0.193359,0.880371,0.879883,-2.68555,1.83105,28.9917,1
2538.27,-0.0805664,0.770996,0.916992,-1.0376,1.70898,29.7852,1
2538.28,-0.146484,0.896973,0.957031,-0.549316,1.64795,29.7852,1
2538.29,-0.142578,0.841309,0.844238,-1.40381,1.0376,29.7852,1
2538.3,-0.174316,0.881348,0.796387,-1.52588,1.09863,29.6631,1
2538.31,-0.195801,0.774414,0.924805,-1.52588,2.13623,29.2969,1
2538.32,-0.146484,0.826172,0.884766,-0.793457,1.70898,29.48,1
2538.33,-0.131836,1.01416,0.977051,-1.64795,1.89209,28.9917,1
2538.34,-0.208496,0.883301,0.975586,-4.27246,2.2583,28.3203,1
2538.35,-0.168457,0.871094,0.970215,-2.56348,2.19727,28.8696,1
2538.36,-0.22998,1.08203,0.936523,-4.21143,2.86865,27.6489,1
2538.37,-0.158203,0.635742,1.04297,-4.88281,2.80762,27.2827,1
2538.38,-0.113281,0.816406,0.996582,-1.83105,2.99072,27.5879,1
2538.39,-0.154785,1.12061,0.975586,-4.5166,3.66211,26.3062,1
2538.4,-0.218262,0.608887,0.958496,-6.89697,3.66211,25.9399,1
2538.41,-0.168457,0.697754,0.887207,-2.68555,3.05176,26.5503,1
2538.42,-0.179688,0.960449,0.822266,-4.94385,3.479,25.2686,1
2538.43,-0.145996,0.564453,0.932617,-5.79834,2.80762,24.4141,1
2538.44,-0.132812,0.560547,0.90918,-3.35693,2.74658,24.9634,1
2538.45,-0.209473,0.751465,0.942871,-5.7373,3.05176,23.3154,1
2538.45,-0.169922,0.590332,0.831543,-7.62939,1.95312,22.7051,1
2538.46,-0.220703,0.578125,0.853027,-7.62939,2.19727,22.1558,1
2538.47,-0.180664,0.605957,0.910645,-9.09424,0.732422,21.3013,1
2538.48,-0.150879,0.51709,0.871582,-10.437,0.671387,19.9585,1
2538.49,-0.194824,0.407715,0.939453,-11.7188,0.244141,19.4702,1
2538.5,-0.202637,0.559082,0.860352,-12.6343,-0.976562,17.7612,1
2538.51,-0.195312,0.375,0.874023,-14.5264,-0.671387,16.1133,1
2538.52,-0.196289,0.41748,0.864258,-12.5122,-2.13623,14.8926,1
2538.53,-0.148438,0.441406,0.943848,-14.4653,-1.52588,12.5122,1
2538.54,-0.130371,0.27002,0.920898,-13.0615,-2.31934,11.1694,1
2538.55,-0.220215,0.289062,0.916504,-12.6343,-1.2207,8.78906,1
2538.56,-0.226562,0.34082,0.899414,-11.1084,-1.95312,7.08008,1
2538.57,-0.213379,0.299316,0.928711,-11.6577,-1.2207,3.96729,1
2538.58,-0.210938,0.0117188,1.00195,-10.1929,-1.77002,1.64795,1
2538.59,-0.17627,0.27002,0.985352,-7.32422,-1.52588,-0.244141,1
2538.6,-0.200195,0.396484,0.989258,-8.78906,-0.671387,-3.84521,1
2538.61,-0.226562,0.00927734,0.971191,-7.8125,-0.793457,-5.98145,1
2538.62,-0.262695,0.189453,1.03076,-4.76074,-0.610352,-8.11768,1
2538.63,-0.222656,0.220215,1.0625,-7.56836,0,-11.9019,1
2538.64,-0.183594,9.765625e-04,1.01758,-6.34766,0,-13.4888,1
2538.65,-0.167969,0.187012,1.07324,-6.16455,0.610352,-16.6626,1
2538.66,-0.157715,0.0932617,1.07764,-7.14111,1.34277,-19.2261,1
2538.67,-0.201172,-0.101074,1.12939,-6.5918,2.0752,-21.1182,1
2538.68,-0.227539,0.00195312,1.12695,-7.01904,2.13623,-22.8271,1
2538.69,-0.199707,-0.00439453,1.0918,-9.0332,2.86865,-24.7192,1
2538.7,-0.163574,-0.17627,1.07715,-10.2539,3.2959,-25.6348,1
2538.71,-0.181641,-0.16748,1.08154,-9.94873,2.86865,-26.123,1
2538.72,-0.214844,-0.197266,1.02686,-11.6577,3.35693,-27.2217,1
2538.73,-0.224609,-0.421875,0.929199,-10.9863,3.05176,-27.0386,1
2538.74,-0.227051,-0.366699,0.960938,-9.39941,2.2583,-27.1606,1
2538.75,-0.17334,-0.333008,0.982422,-9.76562,2.31934,-27.6489,1
2538.76,-0.193848,-0.410645,1.01855,-8.23975,1.58691,-26.4893,1
2538.77,-0.183105,-0.466309,0.995117,-7.75146,1.2207,-26.7944,1
2538.78,-0.211426,-0.546875,0.908691,-6.04248,0.610352,-26.3062,1
2538.79,-0.195801,-0.541992,0.992676,-4.76074,0.12207,-26.123,1
2538.8,-0.167969,-0.495605,0.981445,-4.21143,0,-25.8179,1
2538.81,-0.189941,-0.690918,0.998047,-3.479,0,-24.7192,1
2538.82,-0.197754,-0.594238,1.02783,-2.86865,-0.915527,-24.6582,1
2538.83,-0.111816,-0.484375,0.935059,-3.96729,-0.732422,-24.6582,1
2538.83,-0.236816,-0.794434,1.08057,-4.5166,-0.244141,-23.8647,1
2538.84,-0.212891,-0.673828,1.07129,-3.84521,-1.28174,-23.6816,1
2538.85,-0.141113,-0.694336,1.00977,-6.16455,-0.549316,-23.7427,1
2538.86,-0.166992,-0.714355,1.14795,-5.7373,-0.915527,-22.2778,1
2538.87,-0.107422,-0.60791,1.15527,-9.58252,-0.915527,-23.7427,1
2538.88,-0.113281,-0.876953,1.11084,-9.33838,-0.12207,-22.583,1
2538.89,-0.195312,-0.688477,1.06152,-7.44629,0.854492,-21.9727,1
2538.9,-0.134766,-0.599121,0.918945,-8.8501,0.366211,-23.0713,1
2538.91,-0.165039,-0.906738,0.910156,-7.20215,0.793457,-22.3999,1
2538.92,-0.117676,-0.708496,0.971191,-4.5166,0.976562,-22.7661,1
2538.93,-0.100098,-0.57666,1.02051,-5.61523,1.95312,-22.583,1
2538.94,-0.153809,-0.91748,1.11377,-5.06592,1.2207,-22.4609,1
2538.95,-0.136719,-0.94873,0.899414,-0.488281,0.854492,-22.0947,1
2538.96,-0.146973,-0.614746,0.873535,2.19727,1.95312,-22.7661,1
2538.97,-0.158203,-0.745605,0.857422,1.34277,0.976562,-23.8037,1
2538.98,-0.12207,-0.802734,0.918457,3.90625,0.671387,-23.0103,1
2538.99,-0.101562,-0.555664,0.928223,3.60107,0.671387,-23.5596,1
2539,-0.102539,-0.81543,0.872559,3.05176,1.15967,-23.9868,1
2539.01,-0.145508,-0.83252,0.853027,5.43213,0.671387,-23.7427,1
2539.02,-0.160645,-0.603516,0.861816,4.02832,1.34277,-24.5972,1
2539.03,-0.176758,-0.734375,0.922363,1.89209,1.46484,-24.9023,1
2539.04,-0.139648,-0.709473,1.01709,2.38037,1.77002,-24.1089,1
2539.05,-0.0878906,-0.541504,0.933594,0.488281,2.56348,-25.1465,1
2539.06,-0.131348,-0.80127,0.824707,-0.427246,2.92969,-24.6582,1
2539.07,-0.245117,-0.891113,0.828613,0.915527,2.92969,-24.5361,1
2539.08,-0.248047,-0.672852,0.928711,0.12207,3.479,-25.3906,1
2539.09,-0.244629,-0.663086,0.952148,-2.86865,4.15039,-26.4282,1
2539.1,-0.253906,-0.725586,0.966309,-3.66211,2.99072,-25.8179,1
2539.11,-0.228027,-0.588379,1.00342,-5.18799,2.99072,-26.7944,1
2539.12,-0.249512,-0.902344,1.01953,-5.24902,3.66211,-26.9165,1
2539.13,-0.220215,-0.743652,0.962402,-1.77002,3.78418,-26.4282,1
2539.14,-0.272949,-0.572754,0.987793,-4.3335,3.54004,-28.4424,1
2539.15,-0.220703,-0.901855,1.02783,-4.21143,2.56348,-27.6489,1
2539.16,-0.23877,-0.752441,1,-1.46484,2.62451,-27.71,1
2539.17,-0.249512,-0.748535,1.03857,-3.23486,2.31934,-29.6021,1
2539.18,-0.243164,-0.880371,0.992188,-2.0752,2.0752,-29.6631,1
2539.19,-0.241211,-0.758789,0.92041,-1.2207,2.19727,-29.2969,1
2539.2,-0.254395,-0.796387,0.974609,-2.31934,1.46484,-30.2124,1
2539.2,-0.227051,-0.651855,0.992676,-2.50244,0.488281,-30.2124,1
2539.21,-0.205078,-0.71875,1.00244,-2.99072,1.2207,-30.8228,1
2539.22,-0.266602,-0.857422,1.00586,-2.44141,-0.0610352,-31.1279,1
2539.23,-0.220215,-0.863281,0.85498,-1.15967,-0.976562,-31.1279,1
2539.24,-0.203613,-0.803223,0.983887,-0.488281,-0.12207,-31.7383,1
2539.25,-0.300293,-0.768555,1.02393,-1.58691,-0.610352,-32.1655,1
2539.26,-0.307129,-0.770508,1.01758,-2.50244,-1.28174,-32.5317,1
2539.27,-0.225098,-0.948242,1.03076,-2.0752,-1.46484,-32.4097,1
2539.28,-0.223633,-0.789551,0.993652,-0.976562,-1.34277,-31.9824,1
2539.29,-0.272949,-0.844238,1.06787,-3.90625,-0.854492,-33.4473,1
2539.3,-0.216309,-1.0332,1.11816,-2.13623,-0.366211,-31.6162,1
2539.31,-0.219238,-0.708008,1.04541,-1.40381,0.0610352,-31.189,1
2539.32,-0.234863,-0.996094,0.931152,-3.41797,-0.183105,-31.8604,1
2539.33,-0.279785,-1.04834,0.938965,0.732422,-0.488281,-31.3721,1
2539.34,-0.31543,-0.691406,1.04004,0.854492,0.976562,-31.9214,1
2539.35,-0.190918,-0.898926,1.07178,-0.305176,0.488281,-32.2876,1
2539.36,-0.139648,-0.933105,0.942383,2.68555,0.305176,-31.189,1
2539.37,-0.211914,-0.75293,0.86084,3.05176,0.610352,-31.6772,1
2539.38,-0.255371,-0.847168,0.823242,2.50244,0.366211,-31.8604,1
2539.39,-0.260742,-0.883789,0.914062,3.72314,0.488281,-31.311,1
2539.4,-0.203125,-0.785645,1.0127,2.99072,0.549316,-32.0435,1
2539.41,-0.15625,-0.812988,0.969238,3.54004,0.854492,-31.7993,1
2539.41,-0.169922,-0.797363,0.791016,3.66211,0.976562,-31.8604,1
2539.42,-0.206055,-0.899414,0.790527,3.05176,0.244141,-32.2266,1
2539.43,-0.216797,-0.787598,0.911133,3.23486,0.12207,-32.0435,1
2539.44,-0.188965,-0.776367,0.991699,1.58691,0.915527,-32.4707,1
2539.45,-0.214844,-0.916016,0.999512,1.46484,1.0376,-32.2266,1
2539.46,-0.187988,-0.770508,0.918457,0.793457,0.610352,-32.4707,1
2539.47,-0.18457,-0.931152,0.889648,-0.305176,1.58691,-32.3486,1
2539.48,-0.169922,-0.927246,0.970215,0.366211,1.52588,-31.8604,1
2539.49,-0.200684,-0.769531,1.03662,-1.0376,1.09863,-32.2876,1
2539.5,-0.237793,-0.930664,1.03174,-2.38037,2.31934,-32.6538,1
2539.51,-0.241211,-0.886719,0.996094,-1.2207,2.38037,-31.5552,1
2539.52,-0.205566,-0.896484,0.986328,-2.92969,2.19727,-32.7759,1
2539.53,-0.181152,-0.993164,1.02295,-2.01416,1.52588,-32.2876,1
2539.54,-0.174805,-0.863281,1.00439,-0.915527,2.13623,-31.9824,1
2539.55,-0.220703,-0.867188,0.992188,-1.46484,2.38037,-32.5928,1
2539.56,-0.178223,-0.933105,1.01904,-0.488281,1.34277,-32.4707,1
2539.57,-0.169922,-0.854492,0.969727,0,1.70898,-32.7759,1
2539.58,-0.160156,-0.946289,0.963379,1.09863,1.09863,-32.6538,1
2539.59,-0.229004,-0.94873,0.983887,2.2583,0.976562,-32.7759,1
2539.6,-0.187988,-0.824219,0.988281,2.62451,0.488281,-32.7148,1
2539.61,-0.146484,-0.908691,0.97168,1.2207,1.09863,-33.7524,1
2539.62,-0.140625,-0.951172,0.93457,3.54004,0.610352,-32.4097,1
2539.63,-0.159668,-0.777832,0.952148,2.44141,0.244141,-33.3862,1
2539.64,-0.146484,-0.967285,0.944336,2.19727,-0.305176,-33.5083,1
2539.65,-0.154785,-0.870605,0.927734,4.3335,0.0610352,-32.5317,1
2539.66,-0.140137,-0.785645,0.921387,2.38037,0,-33.8745,1
2539.67,-0.122559,-0.95459,0.969727,2.92969,-0.671387,-33.4473,1
2539.68,-0.0458984,-0.837402,0.933594,3.90625,-0.488281,-33.8135,1
2539.69,-0.0629883,-0.79834,0.840332,3.54004,-0.305176,-33.8745,1
2539.7,-0.131348,-0.946777,0.89209,3.35693,-0.732422,-33.8135,1
2539.71,-0.149902,-0.859863,0.961914,4.08936,-1.52588,-33.3252,1
2539.72,-0.145996,-0.793457,1.03467,2.74658,-0.732422,-33.7524,1
2539.73,-0.0219727,-0.944824,0.966797,2.13623,-0.854492,-33.2031,1
2539.73,0.0766602,-0.838379,0.916992,2.74658,-1.2207,-32.5928,1
2539.74,0.104004,-0.882812,0.916992,0,-0.671387,-33.5083,1
2539.75,0.0834961,-1.00098,0.963867,0.305176,-0.732422,-32.7759,1
2539.76,-0.0302734,-0.762695,1.02783,-0.488281,0,-32.7759,1
2539.77,0.0136719,-0.805664,1.00195,-2.74658,0.12207,-32.5928,1
2539.78,0.0351562,-0.978027,0.935059,-1.34277,0.427246,-31.0669,1
2539.79,0.0751953,-0.864746,0.931641,-0.793457,0.366211,-31.4331,1
2539.8,0.111328,-0.850586,0.913086,-0.915527,0.732422,-31.3721,1
2539.81,0.0786133,-0.93457,0.966797,0.12207,0.915527,-30.6396,1
2539.82,0.0664062,-0.794434,1.01416,0.793457,0.488281,-30.2734,1
2539.83,0.0996094,-0.880859,0.970703,0.0610352,1.2207,-30.5786,1
2539.84,0.126465,-1.00684,0.915039,2.86865,1.34277,-28.9307,1
2539.85,0.0737305,-0.84668,0.938477,3.54004,1.28174,-29.3579,1
2539.86,0.0859375,-0.894043,0.97168,2.68555,1.15967,-29.2969,1
2539.87,0.0668945,-0.885742,0.88916,4.02832,1.58691,-28.1982,1
2539.88,0.0541992,-0.848633,0.914062,2.92969,2.01416,-29.1138,1
2539.89,0.0849609,-0.868652,0.950684,2.86865,1.46484,-28.8086,1
2539.9,0.102051,-0.852539,0.984863,2.74658,2.44141,-28.6255,1
2539.91,0.0629883,-0.774414,0.977539,2.31934,1.64795,-28.3203,1
2539.92,0.0532227,-0.771484,1.00049,0.671387,1.34277,-28.7476,1
2539.93,0.0673828,-0.887695,0.939941,1.15967,1.46484,-28.3203,1
2539.94,0.0820312,-0.835449,0.883789,1.64795,1.2207,-28.2593,1
2539.95,0.102539,-0.893066,0.943359,0.488281,0.671387,-29.1748,1
2539.96,0.0830078,-0.90625,1,1.28174,0.549316,-28.3203,1
2539.97,0.0361328,-0.819336,0.988281,0.732422,0.854492,-28.8086,1
2539.98,0.046875,-0.867188,0.95459,0.610352,0.427246,-29.1138,1
2539.99,0.0639648,-0.819336,0.908691,1.70898,0,-28.6255,1
2540,0.0917969,-0.827637,0.937988,1.46484,0,-28.8696,1
2540.01,0.0898438,-0.847168,1.02197,2.13623,-0.427246,-28.5034,1
2540.02,0.0854492,-0.85791,1.02686,2.38037,0,-28.5645,1
2540.03,0.0668945,-0.82373,0.931152,3.66211,-0.183105,-28.0151,1
2540.04,0.0722656,-0.855469,0.907715,3.11279,0,-28.8696,1
2540.05,0.106445,-0.835449,0.90625,3.41797,-0.366211,-28.4424,1
2540.06,0.12793,-0.829102,0.964844,2.2583,0,-28.6255,1
2540.07,0.104004,-0.805664,1.04053,2.0752,-0.366211,-28.2593,1
2540.08,0.12207,-0.725098,0.981934,1.52588,-0.183105,-27.9541,1
2540.09,0.0976562,-0.813965,0.924316,0.427246,-0.0610352,-28.2593,1
2540.09,0.120605,-0.864746,0.918457,1.58691,-0.610352,-27.3438,1
2540.1,0.163086,-0.754883,0.949707,0.976562,0.0610352,-27.5269,1
2540.11,0.160645,-0.868652,1.02539,0,-0.12207,-27.771,1
2540.12,0.166016,-0.752441,0.933594,1.0376,-0.12207,-27.0996,1
2540.13,0.164551,-0.738281,0.869629,-0.0610352,0,-27.771,1
2540.14,0.163574,-0.849609,0.924316,0.976562,-0.549316,-27.0386,1
2540.15,0.215332,-0.739746,1.02783,1.09863,-0.427246,-27.4658,1
2540.16,0.18457,-0.813965,0.997559,1.2207,-0.427246,-27.0386,1
2540.17,0.179688,-0.848633,0.960449,2.13623,-0.549316,-26.6724,1
2540.18,0.161621,-0.773438,0.970215,2.44141,-0.610352,-26.6724,1
2540.19,0.137695,-0.84082,1.01123,2.2583,-0.549316,-27.0996,1
2540.2,0.211914,-0.806152,1.01904,3.17383,-0.732422,-26.6724,1
2540.21,0.303711,-0.737305,0.993652,2.50244,-0.427246,-26.9775,1
2540.22,0.285645,-0.828613,0.958496,2.56348,-0.976562,-26.6724,1
2540.23,0.251953,-0.862305,0.970215,3.05176,-1.2207,-26.3062,1
2540.24,0.243164,-0.714844,1.04346,2.62451,-0.854492,-26.1841,1
2540.25,0.185059,-0.813965,1.05615,0.793457,-0.183105,-26.4893,1
2540.26,0.269531,-0.848145,1.02441,1.46484,-0.854492,-25.9399,1
2540.27,0.242188,-0.637695,0.969238,1.83105,-0.671387,-26.001,1
2540.28,0.302734,-0.821777,0.958984,1.2207,-0.610352,-26.1841,1
2540.29,0.339844,-0.710449,0.936523,2.74658,-0.976562,-26.2451,1
2540.3,0.328613,-0.686523,0.991699,1.2207,-0.183105,-26.123,1
2540.31,0.258301,-0.846191,1.00146,1.40381,-1.15967,-25.4517,1
2540.32,0.249512,-0.712402,0.981445,1.70898,-0.976562,-25.5127,1
2540.33,0.285645,-0.704102,0.978516,1.52588,-0.610352,-25.7568,1
2540.34,0.318848,-0.748047,1.00635,1.52588,-0.671387,-25.6958,1
2540.35,0.366699,-0.773438,1.00635,1.89209,-0.854492,-25.3906,1
2540.36,0.339355,-0.669922,1.00879,2.0752,-1.0376,-25.1465,1
2540.37,0.308105,-0.761719,1.01221,1.28174,-0.793457,-25.3906,1
2540.37,0.336426,-0.719727,1.00049,2.01416,-1.0376,-24.8413,1
2540.38,0.331055,-0.701172,1.04102,1.09863,-0.549316,-25.0854,1
2540.39,0.288086,-0.803223,0.979004,1.40381,-0.793457,-24.7192,1
2540.4,0.376465,-0.652344,0.932129,1.89209,-1.15967,-25.0244,1
2540.41,0.394531,-0.727051,0.993652,1.0376,-0.671387,-25.0244,1
2540.42,0.387207,-0.754883,1.06787,1.70898,-1.09863,-24.7803,1
2540.43,0.353027,-0.666992,1.03418,1.2207,-0.610352,-24.5972,1
2540.44,0.307617,-0.757812,0.979004,1.70898,-0.244141,-23.8647,1
2540.45,0.307617,-0.716309,0.951172,2.01416,-0.610352,-23.9258,1
2540.46,0.390137,-0.751465,0.968262,1.95312,-0.610352,-24.0479,1
2540.47,0.418945,-0.680664,1.05078,2.74658,-0.915527,-23.5596,1
2540.48,0.360352,-0.667969,1.00781,0.854492,-0.427246,-23.9868,1
2540.49,0.317383,-0.756348,0.980957,1.46484,-0.549316,-23.1323,1
2540.5,0.321777,-0.646973,1.02148,1.15967,-0.244141,-23.2544,1
2540.51,0.38623,-0.671387,1.03369,0.244141,-0.549316,-22.9492,1
2540.52,0.414062,-0.741211,1.05859,0.244141,-0.488281,-22.8882,1
2540.53,0.377441,-0.659668,1.01904,0.549316,-0.244141,-22.522,1
2540.54,0.329102,-0.652344,0.981445,-0.0610352,0.0610352,-22.3999,1
2540.55,0.349121,-0.713379,1.01367,-0.0610352,-0.244141,-21.9727,1
2540.56,0.360352,-0.61377,1.0083,0.366211,-0.12207,-21.6675,1
2540.57,0.398438,-0.678711,0.992188,0.610352,0.427246,-21.5454,1
2540.58,0.383789,-0.67334,0.95752,2.50244,0,-21.0571,1
2540.59,0.40332,-0.67334,0.994141,2.80762,0,-21.2402,1
2540.6,0.372559,-0.633789,1.02881,3.90625,0.12207,-20.2637,1
2540.61,0.353516,-0.581543,1.00049,3.17383,0.732422,-20.3857,1
2540.62,0.370117,-0.696777,0.95166,3.72314,0.549316,-19.3481,1
2540.63,0.379883,-0.516602,0.940918,4.69971,0.183105,-19.104,1
2540.64,0.427246,-0.541992,1.00342,3.41797,0.427246,-19.104,1
2540.65,0.404785,-0.615234,0.998047,4.27246,0.915527,-17.7002,1
2540.66,0.314453,-0.501465,0.944824,3.54004,0.915527,-17.0898,1
2540.66,0.308594,-0.521484,0.89209,2.99072,0.549316,-16.2964,1
2540.67,0.390625,-0.498535,0.947266,3.05176,0.488281,-15.686,1
2540.68,0.404785,-0.442383,1.00146,2.68555,0.732422,-15.2588,1
2540.69,0.379395,-0.467773,0.976074,2.62451,0.915527,-14.5264,1
2540.7,0.317383,-0.478516,0.941895,2.92969,1.28174,-13.5498,1
2540.71,0.306152,-0.430176,0.890137,3.2959,1.70898,-12.6343,1
2540.72,0.271973,-0.4375,0.914551,4.15039,1.83105,-11.7798,1
2540.73,0.296387,-0.416016,0.991211,5.37109,1.46484,-11.0474,1
2540.74,0.325195,-0.412109,0.984863,6.95801,1.64795,-10.0708,1
2540.75,0.292969,-0.319336,0.922852,7.93457,1.70898,-9.09424,1
2540.76,0.236816,-0.375488,1.00293,7.62939,1.70898,-8.30078,1
2540.77,0.23877,-0.357422,0.968262,8.8501,1.34277,-6.71387,1
2540.78,0.252441,-0.236816,0.949707,9.58252,1.46484,-5.98145,1
2540.79,0.240234,-0.210449,0.950684,9.64355,1.09863,-5.24902,1
2540.8,0.254883,-0.146484,0.927734,10.1318,1.15967,-4.15039,1
2540.81,0.203125,-0.0830078,0.934082,10.0708,1.34277,-3.11279,1
2540.82,0.136719,-0.0898438,0.970703,10.6201,0.671387,-2.0752,1
2540.83,0.144043,-0.0439453,0.960449,12.085,0.305176,-0.488281,1
2540.84,0.162109,0.0146484,0.956543,13.1226,0,0.488281,1
2540.85,0.154785,0.110352,0.930664,13.4277,-0.12207,1.64795,1
2540.86,0.119141,0.0737305,0.969238,12.9395,-0.244141,2.68555,1
2540.87,0.0678711,0.140137,0.978516,13.7329,-0.549316,4.3335,1
2540.88,0.0400391,0.196777,0.950684,13.7329,-0.183105,5.31006,1
2540.89,-0.0458984,0.186035,0.921875,14.8315,-0.305176,6.95801,1
2540.9,-0.0664062,0.334961,0.909668,15.1978,-0.366211,7.87354,1
2540.91,-0.0463867,0.386719,0.930176,14.7705,-0.0610352,9.15527,1
2540.92,-0.00976562,0.328613,1.00293,14.6484,-0.183105,10.5591,1
2540.93,-0.00634766,0.430664,1.01611,14.8315,0,11.9629,1
2540.94,-0.0708008,0.489258,1,13.7939,0,13.0615,1
2540.95,-0.117676,0.411133,0.924316,13.3667,0.427246,14.1602,1
2540.96,-0.171387,0.494629,0.910645,13.3667,0.610352,15.625,1
2540.97,-0.134766,0.593262,0.983398,12.207,0.915527,16.1743,1
2540.98,-0.0722656,0.605469,1.06445,11.4746,1.64795,17.395,1
2540.98,-0.0405273,0.612305,1.09229,11.1084,1.58691,18.3105,1
2540.99,-0.0556641,0.619629,1.10156,10.7422,1.83105,19.4092,1
2541,-0.101074,0.602539,1.09814,10.2539,2.13623,20.3247,1
2541.01,-0.117188,0.67041,1.08691,9.64355,2.62451,20.9961,1
2541.02,-0.138184,0.726074,1.07812,8.60596,2.92969,21.6675,1
2541.03,-0.101074,0.67334,1.07422,7.75146,2.99072,22.1558,1
2541.04,-0.0883789,0.734863,1.09131,7.75146,2.92969,23.1934,1
2541.05,-0.0625,0.787598,1.11328,6.65283,3.17383,23.4985,1
2541.06,-0.0786133,0.717285,1.11426,5.98145,3.90625,24.353,1
2541.07,-0.0561523,0.820801,1.08398,5.31006,3.66211,24.9634,1
2541.08,-0.103516,0.806641,1.04297,3.23486,4.3335,25.1465,1
2541.09,-0.100586,0.794922,1.04541,2.74658,3.66211,26.062,1
2541.1,-0.0957031,0.804688,1.0498,2.13623,4.15039,26.123,1
2541.11,-0.0273438,0.844727,1.04932,1.83105,4.08936,26.5503,1
2541.12,-0.0307617,0.854004,1.01611,0.671387,4.02832,26.9775,1
2541.13,-0.0415039,0.832031,1.03516,-0.305176,3.54004,27.4048,1
2541.14,-0.0913086,0.853027,1.0376,-0.915527,3.54004,27.771,1
2541.15,-0.113281,0.816406,1.03027,-1.0376,3.54004,28.1982,1
2541.16,-0.0957031,0.863281,0.989746,-0.671387,2.80762,28.7476,1
2541.17,-0.0419922,0.84668,0.933594,-0.854492,2.62451,28.8086,1
2541.18,-0.0380859,0.875488,0.978516,-0.610352,2.01416,29.48,1
2541.19,-0.0244141,0.852051,0.980469,-1.77002,1.83105,29.2358,1
2541.2,-0.0375977,0.744141,0.939453,-0.976562,1.52588,30.3955,1
2541.21,-0.0576172,0.830078,0.888184,-0.366211,1.58691,30.5176,1
2541.22,-0.0961914,0.815918,0.864746,-0.854492,1.52588,30.3345,1
2541.23,-0.0893555,0.88623,0.911621,0,1.09863,30.9448,1
2541.24,-0.0307617,0.864258,0.953613,-0.366211,1.77002,31.25,1
2541.24,-0.0102539,0.751465,0.90625,-0.305176,1.58691,31.4941,1
2541.25,-0.0541992,0.847656,0.878906,0.549316,0.854492,31.6772,1
2541.26,-0.0541992,0.921387,0.88623,0.0610352,1.15967,31.3721,1
2541.27,-0.0947266,0.770996,0.960449,0.610352,1.83105,31.7383,1
2541.28,-0.0078125,0.77002,0.918457,2.62451,1.52588,32.1655,1
2541.29,0.0239258,0.87207,0.916992,2.80762,1.89209,31.189,1
2541.3,0.034668,0.930664,0.915527,3.72314,2.13623,31.4331,1
2541.31,-0.0302734,0.804199,0.953613,3.479,2.99072,30.5786,1
2541.32,-0.100098,1.02686,1.01953,5.37109,3.17383,31.6162,1
2541.33,-0.0493164,0.980957,0.993652,1.89209,3.72314,30.5176,1
2541.34,-0.0473633,0.664551,0.941895,2.86865,3.479,31.311,1
2541.35,-0.0102539,0.888672,0.870605,3.66211,3.479,31.0059,1
2541.36,-0.0375977,1.0791,0.89209,0.976562,4.02832,30.4565,1
2541.37,-0.0405273,0.787598,0.910156,-0.427246,3.96729,30.9448,1
2541.38,-0.0415039,0.979004,0.876465,0.427246,3.78418,31.4331,1
2541.39,-0.0166016,0.966797,0.924805,-2.50244,3.90625,31.1279,1
2541.4,-0.0849609,0.765625,0.899414,-2.62451,3.05176,31.6162,1
2541.41,0.00927734,0.958496,0.925781,-2.68555,2.92969,31.7993,1
2541.42,-0.0224609,0.961426,0.899902,-3.84521,3.17383,31.7993,1
2541.43,-0.0195312,0.868652,0.898438,-3.479,2.56348,32.5928,1
2541.44,-0.0327148,0.943359,0.879395,-3.66211,2.19727,32.1655,1
2541.45,-0.043457,0.825195,0.907715,-2.80762,2.0752,32.959,1
2541.46,-0.046875,0.932617,0.925781,-0.610352,1.83105,32.8979,1
2541.47,-0.0600586,0.847656,0.958984,-0.732422,1.89209,33.0811,1
2541.48,-0.0234375,1.03613,0.96582,1.52588,0.976562,33.6914,1
2541.49,0.0317383,1.01465,0.953613,-0.427246,1.2207,33.4473,1
2541.5,0.0429688,0.767578,0.967285,1.46484,0.305176,34.4238,1
2541.51,0.0195312,0.954102,1.01172,2.86865,0.305176,33.8745,1
2541.52,0.0214844,1.04004,0.977051,2.31934,0.183105,33.7524,1
2541.53,-0.046875,0.855957,1.05225,3.35693,0.427246,34.3628,1
2541.53,0.0410156,1.14209,0.991211,3.78418,0,34.3628,1
2541.54,0.115234,0.978516,0.96875,1.0376,0.0610352,34.0576,1
2541.55,0.0986328,0.793945,0.94043,1.95312,0,33.6914,1
2541.56,0.0756836,1.14404,0.975586,2.38037,0.244141,33.6914,1
2541.57,0.0185547,1.01709,1.04248,-0.793457,1.34277,33.1421,1
2541.58,0.0625,0.868164,1.00439,-0.183105,0.488281,33.5693,1
2541.59,0.134766,1.05518,0.955566,-0.488281,0.732422,33.2642,1
2541.6,0.0771484,0.932129,0.973145,-1.83105,0.610352,32.5317,1
2541.61,0.0620117,0.908691,0.931641,-0.915527,0.610352,32.7148,1
2541.62,0.0375977,1.02783,0.939453,-1.64795,1.46484,31.9214,1
2541.63,0.0771484,1.0415,0.963379,-2.99072,1.28174,32.1655,1
2541.64,0.0966797,0.867188,0.959961,-4.76074,1.40381,31.7383,1
2541.65,0.10791,0.859863,0.893555,-3.05176,0.915527,32.0435,1
2541.66,0.133301,0.978516,0.92334,-3.17383,1.70898,31.189,1
2541.67,0.108887,0.855957,0.902832,-2.56348,1.70898,31.3721,1
2541.68,0.0825195,0.939941,0.976562,-1.46484,1.34277,31.0669,1
2541.69,0.109863,1.00635,0.990234,-2.13623,1.46484,30.5176,1
2541.7,0.0961914,0.813477,0.926758,-1.46484,2.01416,30.8838,1
2541.71,0.131836,0.865234,0.894043,0.366211,1.95312,31.1279,1
2541.72,0.158203,1.06445,0.913574,0.305176,1.52588,30.5176,1
2541.73,0.147949,0.848145,0.969727,0,1.46484,30.6396,1
2541.74,0.12793,0.905273,0.966797,2.50244,1.40381,31.189,1
2541.75,0.126465,0.987305,0.926758,1.28174,1.40381,30.6396,1
2541.76,0.133789,0.842773,0.865234,2.62451,1.34277,30.9448,1
2541.77,0.114746,1.03076,0.970215,2.92969,1.70898,30.4565,1
2541.78,0.0800781,1.00098,1.04004,1.95312,1.40381,30.1514,1
2541.79,0.15332,0.928711,1.03223,2.13623,1.70898,30.5176,1
2541.8,0.150879,0.98291,0.908203,1.64795,1.95312,30.7007,1
2541.81,0.159668,0.885254,0.885254,-0.0610352,1.52588,30.5176,1
2541.82,0.158203,0.996094,0.968262,1.0376,0.671387,30.8228,1
2541.83,0.0976562,1.0752,1.06006,-0.549316,1.2207,30.3955,1
2541.84,0.134766,0.883789,0.97998,-1.09863,0.976562,30.8838,1
2541.85,0.163086,0.916016,0.887695,-0.976562,0.915527,30.6396,1
2541.86,0.150879,0.965332,0.893066,-1.70898,0.671387,30.7007,1
2541.87,0.199707,0.984375,0.925781,-1.64795,0.854492,30.5786,1
2541.87,0.17627,0.895508,1.02148,-1.89209,1.28174,30.4565,1
2541.88,0.181152,0.944336,1.03271,-1.40381,0.488281,30.3345,1
2541.89,0.195312,0.961914,0.914551,-2.38037,0.610352,30.1514,1
2541.9,0.180176,0.904785,0.883301,-2.50244,0.366211,30.6396,1
2541.91,0.177734,0.972656,0.967285,-2.74658,0.244141,30.2734,1
2541.92,0.220215,0.947266,1.06592,-2.86865,0.244141,30.5176,1
2541.93,0.22168,0.883789,1.03857,-2.74658,0.549316,30.2124,1
2541.94,0.249023,0.890625,0.919922,-2.01416,-0.12207,30.3955,1
2541.95,0.216309,1.01123,0.939941,-2.0752,-0.366211,29.7241,1
2541.96,0.247559,0.881836,1.00195,-1.83105,-0.427246,29.6021,1
2541.97,0.270996,0.915039,1.02051,-0.244141,0.183105,29.9683,1
2541.98,0.280273,0.907715,0.967285,-0.854492,0.305176,29.4189,1
2541.99,0.27832,0.836914,0.960449,-0.12207,-0.12207,29.48,1
2542,0.250977,0.952148,0.981445,0.549316,-0.12207,28.9917,1
2542.01,0.237305,0.913086,1.00781,0.183105,-0.183105,29.1138,1
2542.02,0.251953,0.763184,0.999512,0.427246,-0.244141,29.0527,1
2542.03,0.280273,0.916504,0.941895,1.0376,-0.427246,28.8696,1
2542.04,0.273438,0.92334,0.94873,-0.488281,-0.488281,28.6255,1
2542.05,0.258301,0.84668,0.994141,-0.610352,-0.610352,28.4424,1
2542.06,0.249023,0.932129,0.999023,-1.09863,-0.366211,27.8931,1
2542.07,0.275879,0.952148,1.03369,-2.0752,-0.0610352,27.4658,1
2542.08,0.321777,0.68457,0.929688,-2.80762,0,27.2217,1
2542.09,0.294434,0.910156,0.902344,-1.46484,-0.0610352,26.9165,1
2542.1,0.253906,1.00977,0.996094,-4.5166,0.183105,26.001,1
2542.11,0.254883,0.703125,1.01221,-5.67627,0.305176,26.062,1
2542.12,0.320801,0.759277,0.943848,-4.5166,0.12207,25.2686,1
2542.13,0.359863,0.806152,0.871582,-5.06592,0,24.1089,1
2542.14,0.287598,0.791504,0.905762,-4.63867,0.12207,23.3765,1
2542.15,0.231445,0.721191,0.967285,-5.85938,0.671387,22.4609,1
2542.16,0.311523,0.557129,0.922852,-6.5918,0.12207,21.9116,1
2542.17,0.47168,0.768066,0.919922,-6.46973,-0.0610352,20.752,1
2542.18,0.438477,0.717773,0.973145,-7.87354,0.244141,18.9209,1
2542.19,0.358887,0.595215,1.03369,-7.01904,-0.0610352,17.5171,1
2542.2,0.297852,0.758789,1.00977,-7.8125,0,15.8691,1
2542.2,0.316406,0.625,0.9375,-10.0098,-0.305176,14.4043,1
2542.21,0.374512,0.404785,0.945312,-10.3149,0.0610352,13.2446,1
2542.22,0.431152,0.595215,0.985352,-10.437,-0.244141,11.4136,1
2542.23,0.42041,0.490723,0.991211,-12.8174,-0.244141,9.33838,1
2542.24,0.339355,0.259277,0.89209,-12.085,-1.15967,7.50732,1
2542.25,0.321777,0.517578,0.916992,-12.3901,-0.793457,5.24902,1
2542.26,0.297852,0.382324,0.941895,-14.9536,-0.793457,2.44141,1
2542.27,0.227539,0.108398,0.880859,-12.9395,-0.854492,0.488281,1
2542.28,0.097168,0.431641,0.95166,-13.0005,-0.549316,-2.2583,1
2542.29,-0.015625,0.213867,0.963379,-16.6016,0,-5.24902,1
2542.3,-0.0195312,-0.125,0.974609,-14.9536,0.854492,-6.89697,1
2542.31,-0.0874023,0.136719,0.882812,-15.5029,1.2207,-9.09424,1
2542.32,-0.133789,-0.0732422,0.800293,-19.165,1.2207,-11.7798,1
2542.33,-0.125977,-0.262207,0.881348,-17.8223,1.64795,-13.6108,1
2542.34,-0.0708008,0.0385742,0.931152,-18.2495,3.54004,-16.2354,1
2542.35,-0.0727539,-0.249512,0.851074,-21.4233,5.12695,-18.4326,1
2542.36,-0.285156,-0.519531,0.85791,-18.6768,5.12695,-18.8599,1
2542.37,-0.305664,-0.240723,0.922852,-18.7378,5.12695,-21.1182,1
2542.38,-0.431641,-0.408691,0.959473,-21.1792,7.20215,-22.8882,1
2542.39,-0.348633,-0.668945,0.771973,-20.2026,7.38525,-23.1934,1
2542.4,-0.274414,-0.441406,0.864746,-20.752,7.87354,-24.7192,1
2542.41,-0.211426,-0.703125,0.976562,-22.644,8.11768,-26.5503,1
2542.42,-0.283691,-0.889648,1.01172,-19.7144,8.11768,-26.6724,1
2542.43,-0.324707,-0.45752,1.04102,-19.165,7.99561,-28.3203,1
2542.44,-0.256836,-0.494629,1.02002,-21.8506,8.42285,-30.0293,1
2542.45,-0.147949,-0.950684,0.958008,-19.9585,7.93457,-30.0903,1
2542.46,-0.12207,-0.787598,1.02686,-16.7236,7.01904,-30.7617,1
2542.47,-0.164551,-0.827148,1.04004,-17.334,7.20215,-32.7148,1
2542.48,-0.186035,-1.05957,1.1333,-14.4043,6.7749,-32.7148,1
2542.49,-0.208984,-0.763184,1.10205,-12.9395,5.79834,-33.7524,1
2542.5,-0.181152,-0.854492,1.14404,-13.5498,5.7373,-34.3628,1
2542.51,-0.213379,-0.990723,1.08545,-10.8032,4.21143,-34.3628,1
2542.52,-0.145508,-0.786621,1.06104,-8.54492,3.78418,-34.9121,1
2542.53,-0.146973,-0.964355,1.06641,-8.23975,3.2959,-35.9497,1
2542.54,-0.134277,-1.03369,1.15283,-5.31006,1.95312,-35.4614,1
2542.55,-0.210449,-0.869629,1.24561,-4.76074,2.68555,-36.499,1
2542.56,-0.208984,-1.09229,1.17041,-4.39453,2.44141,-36.5601,1
2542.57,-0.251953,-1.13818,1.07129,-1.2207,2.19727,-36.0107,1
2542.58,-0.210938,-0.963379,1.03613,-0.12207,1.46484,-36.438,1
2542.59,-0.258789,-1.05371,1.16553,-0.305176,1.34277,-37.1094,1
2542.59,-0.248535,-1.15088,1.15137,1.15967,0.671387,-36.6211,1
2542.6,-0.184082,-0.938965,1.13916,2.92969,1.58691,-35.7666,1
2542.61,-0.230469,-1.12939,1.18018,0.427246,1.95312,-36.499,1
2542.62,-0.183105,-1.09863,1.15723,3.23486,0.488281,-35.3394,1
2542.63,-0.171875,-0.858887,0.967285,3.78418,1.0376,-35.5835,1
2542.64,-0.130859,-0.93457,0.912598,3.05176,0.244141,-36.6821,1
2542.65,-0.125,-1.00781,0.82959,3.54004,0,-36.5601,1
2542.66,-0.100098,-0.855469,0.94043,4.15039,0.488281,-36.499,1
2542.67,-0.135254,-0.980469,0.947266,2.86865,0.0610352,-37.2314,1
2542.68,-0.117676,-0.885254,0.90332,5.06592,-0.183105,-36.438,1
2542.69,-0.0981445,-0.642578,0.745117,5.37109,-0.854492,-36.9873,1
2542.7,-0.120117,-0.788574,0.742188,4.3335,-1.15967,-37.5977,1
2542.71,-0.108398,-0.850586,0.740723,5.24902,-2.38037,-36.8042,1
2542.72,-0.0859375,-0.615723,0.799805,3.66211,-1.64795,-37.9028,1
2542.73,-0.0742188,-0.949707,0.847656,2.80762,-1.0376,-37.2314,1
2542.74,-0.0507812,-0.808105,0.779297,5.43213,-1.28174,-36.499,1
2542.75,-0.116211,-0.791016,0.761719,3.2959,-0.671387,-36.6211,1
2542.76,-0.144531,-0.796875,0.82666,3.60107,-0.488281,-35.7056,1
2542.77,-0.161621,-0.936035,0.894043,1.70898,0.915527,-35.7666,1
2542.78,-0.146484,-0.86084,0.958496,2.31934,1.2207,-34.729,1
2542.78,-0.0893555,-0.80127,0.889648,-0.854492,2.38037,-35.0342,1
2542.79,-0.166016,-0.889648,0.884277,0,3.05176,-33.0811,1
2542.8,-0.180176,-0.937988,0.925293,-2.13623,3.17383,-33.6914,1
2542.81,-0.158691,-0.958496,0.960449,-0.671387,4.27246,-32.4707,1
2542.82,-0.134277,-0.921875,1.03125,-3.05176,5.7373,-32.4707,1
2542.83,-0.131348,-1.08154,0.974609,-2.0752,4.82178,-31.189,1
2542.84,-0.202148,-0.847168,1.03076,-2.2583,5.7373,-31.4331,1
2542.85,-0.146484,-1.13965,1.00635,-3.17383,5.92041,-31.4331,1
2542.86,-0.219238,-1.06836,1.03369,-0.671387,6.34766,-30.8838,1
2542.87,-0.144043,-0.781738,1.06055,-2.0752,6.5918,-31.6162,1
2542.88,-0.140625,-1.13135,0.944336,-2.01416,6.16455,-31.311,1
2542.89,-0.189941,-1.03369,1.01953,0.427246,4.63867,-31.5552,1
2542.9,-0.195801,-0.768555,0.981445,-0.183105,4.45557,-32.5317,1
2542.91,-0.166992,-1.09277,0.952148,0.183105,4.63867,-32.4097,1
2542.92,-0.178711,-1.17627,1.02588,3.2959,3.11279,-32.7148,1
2542.93,-0.110352,-0.702637,0.919434,3.96729,2.44141,-33.9966,1
2542.94,-0.161621,-1.14697,1.00879,3.84521,1.83105,-33.5083,1
2542.95,-0.225098,-0.931641,0.98291,6.83594,0.854492,-34.8511,1
2542.96,-0.145996,-0.780273,0.862305,5.24902,0.488281,-35.5225,1
2542.97,-0.173828,-1.0957,0.979492,6.89697,0.427246,-35.0952,1
2542.98,-0.177734,-0.875977,0.986328,7.56836,-1.0376,-36.438,1
2542.99,-0.0932617,-0.777344,0.858887,8.78906,-1.2207,-35.8276,1
2543,-0.232422,-1.0542,0.942383,7.08008,-0.915527,-36.9873,1
2543.01,-0.204102,-0.907227,0.916504,9.09424,-2.19727,-36.6821,1
2543.02,-0.118164,-0.65918,0.824707,6.89697,-1.52588,-36.8652,1
2543.03,-0.233398,-1.14355,0.954102,6.40869,-1.15967,-36.8652,1
2543.04,-0.158691,-0.844727,0.887695,8.54492,-2.01416,-36.5601,1
2543.05,-0.196777,-0.681152,1.00635,4.39453,-0.488281,-37.0483,1
2543.06,-0.190918,-1.04053,0.905762,3.60107,-0.976562,-36.1328,1
2543.07,-0.150879,-0.902344,0.875,3.17383,0.305176,-35.7056,1
2543.08,-0.159668,-0.854004,0.916504,2.2583,0.488281,-35.1562,1
2543.09,-0.16748,-0.870605,0.942383,0.366211,1.46484,-35.8887,1
2543.1,-0.164062,-1.03711,0.899902,1.52588,1.83105,-33.9966,1
2543.11,-0.193848,-0.831055,0.946289,0.366211,2.01416,-34.729,1
2543.12,-0.120117,-0.939941,0.980469,-1.89209,2.2583,-34.3018,1
2543.13,-0.111816,-0.993652,0.968262,-1.52588,3.23486,-33.6304,1
2543.13,-0.154785,-0.90332,0.958496,-2.01416,3.54004,-33.6304,1
2543.14,-0.149414,-0.88623,1.01318,-2.92969,3.17383,-33.6304,1
2543.15,-0.147461,-1.19092,0.961914,-2.44141,3.23486,-33.3252,1
2543.16,-0.0976562,-0.848145,0.919434,0.244141,3.96729,-32.6538,1
2543.17,-0.17334,-0.794434,0.987793,-3.72314,3.90625,-34.5459,1
2543.18,-0.119629,-1.31152,0.979492,-0.366211,3.23486,-33.02,1
2543.19,-0.178711,-0.937988,1.02002,0.915527,2.80762,-34.1187,1
2543.2,-0.140625,-0.925293,0.972168,1.40381,2.80762,-33.7524,1
2543.21,-0.216309,-1.14111,1.06836,0.793457,2.56348,-34.668,1
2543.22,-0.133789,-0.82666,1.0127,4.63867,1.34277,-34.1187,1
2543.23,-0.138184,-0.743652,0.992676,0.549316,1.52588,-35.5225,1
2543.24,-0.125,-1.2373,0.873535,3.96729,0.793457,-34.9121,1
2543.25,-0.194824,-0.825684,0.913086,5.61523,0.244141,-35.9497,1
2543.26,-0.125488,-0.88916,0.993164,3.05176,0.366211,-36.5601,1
2543.27,-0.192383,-1.08252,0.967285,4.63867,-0.183105,-36.0107,1
2543.28,-0.164062,-0.801758,0.928711,4.88281,-0.610352,-36.377,1
2543.29,-0.145508,-0.836914,0.880859,4.88281,-0.549316,-36.8652,1
2543.3,-0.17627,-0.932129,0.92627,3.78418,-0.671387,-37.9028,1
2543.31,-0.152344,-1.00879,0.910156,5.31006,-0.915527,-36.6821,1
2543.32,-0.135254,-0.696289,0.963867,3.66211,-0.427246,-37.1704,1
2543.33,-0.136719,-1.23047,0.958008,1.52588,-0.793457,-36.438,1
2543.34,-0.180176,-0.930664,1.00684,5.85938,0.12207,-36.5601,1
2543.35,-0.156738,-0.665039,0.949219,1.70898,0,-37.0483,1
2543.36,-0.177246,-1.21729,0.936523,2.31934,0.854492,-35.8887,1
2543.37,-0.158691,-0.81543,0.920898,2.99072,1.0376,-36.1328,1
2543.38,-0.160645,-0.98877,1.06982,-0.244141,1.70898,-36.0718,1
2543.39,-0.131348,-0.899414,1.03076,1.15967,1.58691,-35.6445,1
2543.4,-0.134766,-1.05371,0.99707,-1.09863,2.31934,-35.5835,1
2543.41,-0.081543,-0.79541,0.897949,2.2583,2.01416,-34.729,1
2543.42,-0.210449,-0.966309,0.895508,-2.44141,2.92969,-36.0718,1
2543.43,-0.0341797,-0.98877,0.880859,1.70898,2.19727,-35.2173,1
2543.44,-0.0834961,-0.683105,0.910156,-0.976562,2.2583,-35.8276,1
2543.45,-0.0878906,-1.26855,0.965332,-0.732422,1.89209,-35.6445,1
2543.46,-0.148926,-0.794922,1.01611,2.2583,1.70898,-36.0107,1
2543.46,-0.11084,-0.928223,0.983398,-1.77002,1.95312,-36.438,1
2543.47,-0.106934,-1.09424,0.904297,1.2207,0.976562,-35.3394,1
2543.48,-0.106934,-0.655273,0.928223,1.40381,1.34277,-36.6211,1
2543.49,-0.0224609,-1.24219,1.00537,-1.0376,1.34277,-36.6211,1
2543.5,-0.0493164,-0.895996,0.881836,4.5166,1.15967,-35.8887,1
2543.51,-0.103027,-0.750977,0.981934,-0.183105,0.976562,-37.4756,1
2543.52,-0.0883789,-1.19385,0.94043,1.77002,0.793457,-36.1328,1
2543.53,-0.0454102,-0.862793,0.976074,2.99072,0.732422,-37.2314,1
2543.54,-0.104004,-0.930664,0.863281,0.244141,1.0376,-36.8042,1
2543.55,-0.0576172,-1.09033,1.02686,1.64795,1.34277,-36.9263,1
2543.56,-0.0493164,-0.789062,0.999023,0.610352,1.70898,-36.9873,1
2543.57,-0.0332031,-1.02197,0.977051,0.793457,1.34277,-36.3159,1
2543.58,-0.102539,-0.921875,0.854492,1.83105,1.52588,-35.8887,1
2543.59,-0.0258789,-0.911621,0.877441,-0.183105,1.70898,-37.2314,1
2543.6,-0.0878906,-0.888184,0.973633,0.12207,1.58691,-36.2549,1
2543.61,-0.0541992,-1.07227,1.00537,-0.854492,1.89209,-36.6821,1
2543.62,-0.0712891,-1.01465,0.916992,1.64795,1.28174,-35.7666,1
2543.63,-0.00537109,-0.929199,1.01123,0,2.01416,-37.0483,1
2543.64,-0.0996094,-1.06885,0.958496,1.83105,1.77002,-35.6445,1
2543.65,-0.0107422,-0.697754,0.983887,1.09863,1.28174,-36.8042,1
2543.66,-0.0473633,-1.16895,0.937988,-0.610352,1.15967,-36.2549,1
2543.67,0.0107422,-0.935059,0.934082,4.39453,1.15967,-36.377,1
2543.68,-0.0151367,-0.675293,0.901855,0.305176,0.976562,-37.3535,1
2543.69,0.0654297,-1.34326,0.899902,2.0752,0.488281,-36.1938,1
2543.7,0.0332031,-0.791016,0.936035,5.00488,0,-36.6821,1
2543.71,0.0517578,-0.808105,0.892578,0.366211,-0.0610352,-37.1094,1
2543.72,0.0751953,-1.15527,0.977051,2.0752,-0.305176,-36.6821,1
2543.73,0.134277,-0.844727,0.932129,4.5166,-0.488281,-36.6821,1
2543.74,0.148438,-0.661133,0.894531,2.80762,-1.2207,-37.1094,1
2543.75,0.164551,-1.31445,0.904785,1.0376,-1.46484,-36.7432,1
2543.75,0.101074,-0.677246,0.950684,7.75146,-1.34277,-36.0718,1
2543.76,0.101562,-0.673828,0.936523,-0.366211,-1.46484,-37.2314,1
2543.77,0.17041,-1.1709,0.92334,3.54004,-2.31934,-34.4849,1
2543.78,0.188965,-0.872559,0.925293,4.82178,-2.62451,-34.729,1
2543.79,0.139648,-0.627441,0.971191,6.16455,-1.89209,-33.6304,1
2543.8,0.195312,-0.818848,0.920898,4.94385,-1.83105,-33.6304,1
2543.81,0.327148,-1.0166,0.901367,8.78906,-2.2583,-31.0669,1
2543.82,0.245605,-0.504395,0.965332,10.1929,-1.95312,-30.6396,1
2543.83,0.281738,-0.623047,0.899414,6.95801,-2.0752,-29.6021,1
2543.84,0.184082,-0.944336,0.919434,11.2305,-1.46484,-26.3062,1
2543.85,0.221191,-0.339844,0.888184,14.4653,-1.89209,-24.7192,1
2543.86,0.306641,-0.512207,0.867676,11.9019,-1.58691,-22.7051,1
2543.87,0.338379,-0.630371,0.875977,15.8691,-1.89209,-19.5923,1
2543.88,0.246582,-0.26416,0.980469,15.8081,-1.52588,-16.9067,1
2543.89,0.178223,-0.280762,1.02832,15.686,-2.19727,-13.6719,1
2543.9,0.145996,-0.541992,1.08594,18.4937,-1.40381,-9.64355,1
2543.91,0.207031,-0.23291,0.938477,22.0947,-2.13623,-6.7749,1
2543.92,0.243164,-0.29248,0.867676,19.4092,-1.52588,-3.72314,1
2543.93,0.267578,-0.319336,0.897949,20.752,-1.64795,0.12207,1
2543.94,0.224121,-0.148438,0.982422,17.6392,-0.915527,3.54004,1
2543.95,0.164551,-0.347656,1.04346,17.0898,-0.976562,7.87354,1
2543.96,0.182129,-0.131348,0.967285,16.3574,-0.366211,11.0474,1
2543.97,0.163574,-0.166016,0.910645,13.1836,0.0610352,14.2212,1
2543.98,0.21875,-0.204102,0.935547,11.7798,-0.183105,17.8223,1
2543.99,0.194824,-0.143066,0.970215,8.23975,0,20.813,1
2544,0.199707,-0.276367,1.03369,4.88281,0.12207,24.6582,1
2544.01,0.194824,-0.148926,1.12695,3.54004,0.976562,28.3203,1
2544.02,0.166016,-0.142578,1.09473,-0.366211,1.0376,30.8228,1
2544.03,0.189453,-0.286133,1.03271,0,1.0376,34.8511,1
2544.03,0.158203,-0.00146484,1.15674,-0.244141,1.09863,37.5366,1
2544.04,0.23291,0.012207,1.16309,-1.83105,0.915527,39.3677,1
2544.05,0.235352,-0.0932617,1.08154,0.183105,0.976562,42.6025,1
2544.06,0.278809,0.0966797,1.12695,2.19727,1.28174,44.3726,1
2544.07,0.246094,0.231445,1.21191,3.72314,1.46484,45.9595,1
2544.08,0.237793,0.255371,1.20996,6.83594,1.34277,47.3022,1
2544.09,0.221191,0.361328,1.12891,11.1084,0.976562,48.4619,1
2544.1,0.239258,0.476562,1.02734,14.4043,0.549316,48.5229,1
2544.11,0.251465,0.533691,1.00635,17.8223,0.183105,48.7061,1
2544.12,0.26416,0.641602,0.992676,20.9961,0.183105,48.8281,1
2544.13,0.243164,0.762207,1.06006,22.7051,0.244141,48.8892,1
2544.14,0.193848,0.717285,0.981445,23.7427,0,48.8892,1
2544.15,0.146484,0.702148,0.931641,24.6582,-0.427246,49.0112,1
2544.16,0.165039,0.793945,0.88916,23.8647,-0.427246,48.4619,1
2544.17,0.132324,0.710449,0.89502,22.2168,-0.0610352,48.0957,1
2544.18,0.125,0.869629,0.907715,20.6299,-0.244141,47.6685,1
2544.19,0.09375,1.04102,0.991211,16.8457,0,46.9971,1
2544.2,0.0839844,0.885742,0.91748,14.5264,0.305176,46.7529,1
2544.21,0.0654297,0.98877,0.930176,13.2446,0.0610352,45.8374,1
2544.22,0.00537109,1.04541,1.01074,10.376,0.915527,44.9219,1
2544.23,-0.0146484,1.01807,0.94043,8.42285,1.34277,44.9219,1
2544.24,-0.00146484,1.02881,0.94873,5.31006,2.31934,44.3726,1
2544.25,0.074707,0.92041,0.970215,2.44141,2.31934,43.5791,1
2544.26,0.167969,0.937012,0.950195,0.732422,2.0752,43.2129,1
2544.27,0.112793,0.974609,0.955566,-1.46484,2.99072,42.6025,1
2544.28,0.0756836,0.961914,1.13477,-2.56348,3.2959,41.8091,1
2544.29,0.115234,1.10498,0.968262,-3.05176,3.60107,41.5039,1
2544.3,0.208496,0.987305,0.942383,-4.39453,3.35693,41.748,1
2544.31,0.249023,0.982422,1.02832,-3.66211,2.92969,41.5649,1
2544.32,0.306152,1.02295,1.17383,-3.66211,2.56348,41.4429,1
2544.33,0.330078,0.850098,1.0874,-0.610352,2.56348,41.1987,1
2544.34,0.395508,0.96875,1.0752,2.31934,1.77002,40.8936,1
2544.35,0.206055,1.11328,1.15186,3.41797,1.46484,39.6118,1
2544.36,0.288574,1.11768,1.06348,3.54004,1.34277,39.4287,1
2544.37,0.289062,1.02051,1.09521,3.35693,1.2207,40.1001,1
2544.37,0.415527,0.826172,1.12744,2.01416,0,40.4663,1
2544.38,0.43457,0.933105,1.12842,3.35693,-0.671387,40.1001,1
2544.39,0.357422,1.1001,0.98584,2.56348,-0.671387,39.4287,1
2544.4,0.187012,0.882324,0.98584,0.976562,-0.671387,38.8794,1
2544.41,0.120117,1.05176,0.990234,0.793457,0,38.0859,1
2544.42,0.181152,1.02637,0.955566,-1.77002,0.183105,37.5366,1
2544.43,0.262207,0.698242,0.765137,-2.13623,0.732422,37.2925,1
2544.44,0.333984,0.907227,0.810547,-2.38037,0.671387,36.438,1
2544.45,0.29834,0.868164,0.899414,-4.08936,0.976562,35.6445,1
2544.46,0.218262,0.818359,0.914551,-3.72314,2.01416,34.5459,1
2544.47,0.224609,0.78125,0.783691,-4.57764,2.44141,33.8135,1
2544.48,0.231445,0.80957,0.710938,-5.7373,2.74658,33.2031,1
2544.49,0.260254,0.666504,0.737305,-7.32422,3.11279,32.8979,1
2544.5,0.411133,0.637695,0.773926,-7.8125,3.35693,32.2876,1
2544.51,0.492676,0.610352,0.85498,-8.78906,2.99072,31.3721,1
2544.52,0.40625,0.490723,0.88623,-7.75146,2.86865,30.3955,1
2544.53,0.367188,0.669922,0.805176,-8.05664,2.38037,29.2969,1
2544.54,0.449219,0.589355,0.794922,-9.21631,1.89209,28.8696,1
2544.55,0.710938,0.437988,0.862793,-9.46045,0.854492,27.832,1
2544.56,0.675293,0.569336,0.996582,-7.56836,0,26.8555,1
2544.57,0.54541,0.635254,0.993164,-5.92041,-0.549316,25.5127,1
2544.58,0.375977,0.533203,0.95459,-4.08936,-1.0376,24.231,1
2544.59,0.467773,0.647949,1.06445,-0.549316,-1.77002,22.7051,1
2544.6,0.566406,0.713379,1.03125,-0.12207,-2.50244,20.9961,1
2544.61,0.646973,0.603027,0.989258,1.40381,-2.68555,19.165,1
2544.61,0.742676,0.577637,1.04541,3.05176,-2.62451,17.5781,1
2544.62,0.637695,0.727051,1.03711,5.00488,-2.74658,15.9912,1
2544.63,0.551758,0.861328,1.11377,4.94385,-2.31934,13.6108,1
2544.64,0.507812,0.737793,1.16309,5.85938,-2.44141,11.9019,1
2544.65,0.50293,0.840332,1.17139,8.30078,-2.13623,10.0098,1
2544.66,0.448242,0.979492,1.0791,8.54492,-1.83105,8.30078,1
2544.67,0.360352,0.706543,1.07666,8.91113,-1.28174,6.53076,1
2544.68,0.319824,0.769043,1.10059,10.376,-0.915527,4.76074,1
2544.69,0.283691,0.970215,1.08057,8.11768,-0.549316,3.2959,1
2544.7,0.302734,0.831055,1.06885,4.76074,0.244141,1.40381,1
2544.71,0.273926,0.731445,1.01074,3.90625,1.09863,0.305176,1
2544.72,0.22168,0.767578,1.04004,3.41797,2.01416,-0.610352,1
2544.73,0.191406,0.779785,1.00977,1.77002,2.38037,-1.58691,1
2544.74,0.196289,0.774902,0.974121,0.366211,3.05176,-2.0752,1
2544.75,0.208008,0.772949,0.897949,-2.44141,4.15039,-2.80762,1
2544.76,0.224121,0.62793,0.865723,-5.12695,5.00488,-3.2959,1
2544.77,0.297363,0.679199,0.791992,-5.67627,5.12695,-3.2959,1
2544.78,0.294922,0.723145,0.845215,-7.08008,5.06592,-3.17383,1
2544.79,0.226562,0.58252,0.905273,-8.05664,4.39453,-2.86865,1
2544.8,0.23877,0.563965,0.888184,-7.62939,3.78418,-1.52588,1
2544.81,0.256348,0.683105,0.803223,-7.8125,3.35693,-0.488281,1
2544.82,0.246094,0.555176,0.810059,-8.17871,2.74658,0.549316,1
2544.83,0.138184,0.628418,1.00146,-6.71387,2.38037,1.83105,1
2544.84,0.0898438,0.706543,0.964844,-6.53076,1.34277,3.41797,1
2544.85,-0.00244141,0.325195,0.913086,-4.63867,0.305176,5.98145,1
2544.86,-0.0742188,0.40918,0.928223,-1.15967,-0.732422,7.8125,1
2544.87,-0.0639648,0.572754,0.969727,-2.13623,-0.915527,7.93457,1
2544.88,-0.0385742,0.391602,0.967773,-0.732422,-0.366211,10.376,1
2544.89,-0.00390625,0.563965,1.05273,0.549316,0,11.9629,1
2544.9,0.0209961,0.583008,1.00977,-1.09863,0,13.1226,1
2544.91,-0.162109,0.397949,0.993164,0.183105,0.854492,15.686,1
2544.91,-0.224609,0.539551,0.957031,0.12207,0.793457,16.2354,1
2544.92,-0.274414,0.432617,0.976074,-1.77002,1.70898,16.4185,1
2544.93,-0.371582,0.342773,0.978027,-0.793457,2.92969,18.2495,1
2544.94,-0.374512,0.552246,1.03223,-1.52588,2.99072,17.9443,1
2544.95,-0.383301,0.608398,1.05615,-3.35693,3.96729,18.0664,1
2544.96,-0.371094,0.428711,1.07373,-3.35693,4.63867,19.4702,1
2544.97,-0.315918,0.458496,1.06396,-3.78418,4.39453,19.5312,1
2544.98,-0.217773,0.460449,0.936035,-4.76074,5.12695,19.043,1
2544.99,-0.210938,0.436035,0.952637,-4.3335,5.49316,19.5923,1
2545,-0.214844,0.569336,1.00928,-3.90625,5.12695,19.4702,1
2545.01,-0.210449,0.458008,0.96875,-4.5166,5.49316,18.9819,1
2545.02,-0.210449,0.402832,0.90625,-1.83105,5.00488,19.6533,1
2545.03,-0.202148,0.557617,0.912598,-1.28174,4.5166,19.104,1
2545.04,-0.234375,0.547363,0.893555,-0.976562,4.3335,18.9819,1
2545.05,-0.254395,0.594727,0.912109,0.610352,3.96729,20.2637,1
2545.06,-0.259277,0.62793,0.963379,1.2207,3.90625,20.3247,1
2545.07,-0.209961,0.566406,0.992676,2.44141,2.74658,21.1182,1
2545.08,-0.143555,0.538574,0.990723,4.08936,1.52588,21.9116,1
2545.09,-0.108398,0.633789,1.01514,5.06592,0.366211,22.4609,1
2545.1,-0.111816,0.618164,0.959961,5.06592,0.183105,22.4609,1
2545.11,-0.15918,0.645508,0.904297,6.34766,0.427246,23.4375,1
2545.12,-0.141602,0.76709,0.929199,6.16455,0.183105,23.3765,1
2545.13,-0.151367,0.690918,0.974609,5.67627,0.671387,23.6206,1
2545.14,-0.175781,0.791992,1.00732,6.40869,0.427246,24.8413,1
2545.15,-0.245117,0.808105,1.00928,4.76074,1.2207,24.4751,1
2545.16,-0.259766,0.733887,1.03271,5.00488,1.0376,25.3906,1
2545.17,-0.251465,0.808594,1.08447,4.5166,1.58691,25.3296,1
2545.18,-0.239258,0.81543,1.0835,2.74658,1.46484,24.9023,1
2545.19,-0.27832,0.702637,1.03613,1.58691,2.01416,25.1465,1
2545.2,-0.270508,0.774414,0.989746,1.52588,2.44141,25.5737,1
2545.21,-0.214844,0.900879,0.973145,-0.610352,2.80762,24.7803,1
2545.22,-0.220215,0.751465,0.969727,-1.46484,2.92969,25.4517,1
2545.23,-0.197266,0.828125,0.941895,-0.793457,2.38037,26.1841,1
2545.24,-0.245117,0.814453,0.980957,-2.31934,2.99072,25.4517,1
2545.25,-0.26123,0.693359,0.942871,-1.77002,2.92969,26.3672,1
2545.26,-0.266602,0.808105,0.981445,-1.34277,3.35693,26.6113,1
2545.27,-0.258789,0.833984,1.00049,-2.68555,2.62451,26.001,1
2545.27,-0.250977,0.668457,0.98291,-2.13623,2.44141,26.8555,1
2545.28,-0.276855,0.842285,0.943359,-0.549316,1.95312,27.0996,1
2545.29,-0.136719,0.803223,0.888184,-2.0752,1.40381,26.9775,1
2545.3,-0.109375,0.723633,0.89502,-0.183105,0.427246,28.8086,1
2545.31,-0.111816,0.835449,0.939453,-0.488281,-0.0610352,28.6255,1
2545.32,-0.183105,0.729492,0.944336,0.610352,-0.305176,29.48,1
2545.33,-0.159668,0.803711,0.940918,2.38037,-0.427246,29.7241,1
2545.34,-0.148926,0.76123,0.902832,2.50244,-0.549316,29.48,1
2545.35,-0.161133,0.83252,0.979004,3.96729,-1.52588,30.6396,1
2545.36,-0.146484,0.849609,1.05371,3.05176,-1.34277,30.3955,1
2545.37,-0.164062,0.824707,0.98291,4.57764,-1.64795,31.5552,1
2545.38,-0.172363,0.902832,0.933594,4.15039,-1.15967,30.7007,1
2545.39,-0.202637,0.901367,0.999023,4.5166,-1.64795,31.25,1
2545.4,-0.141602,0.89209,1.06299,3.96729,-1.40381,31.1279,1
2545.41,-0.128906,0.83252,1.05615,4.57764,-0.732422,31.6772,1
2545.42,-0.12793,1.03516,1.02832,4.02832,-0.0610352,31.3721,1
2545.43,-0.155273,0.874512,0.974609,1.70898,0.732422,30.2734,1
2545.44,-0.182129,0.89209,0.976562,2.44141,0.793457,31.0059,1
2545.45,-0.165039,1.0415,0.998047,0.610352,2.01416,30.2734,1
2545.46,-0.111328,0.8125,1.04004,-0.366211,2.31934,30.2734,1
2545.47,-0.0756836,0.987305,0.968262,0.0610352,2.44141,30.3955,1
2545.48,-0.128906,0.898926,0.940918,-2.86865,3.05176,29.8462,1
2545.49,-0.188477,0.868652,0.906738,-1.95312,2.68555,30.3955,1
2545.5,-0.13623,0.889648,0.887695,-3.72314,3.96729,29.6631,1
2545.51,-0.136719,0.916992,0.921387,-2.80762,3.84521,30.6396,1
2545.52,-0.0654297,0.918457,0.932129,-4.27246,3.96729,29.7852,1
2545.53,-0.109375,0.829102,0.940918,-3.17383,3.35693,30.8838,1
2545.54,-0.121582,0.923828,0.916016,-3.41797,3.66211,30.3345,1
2545.55,-0.0810547,0.914551,0.836914,-3.479,3.84521,30.7617,1
2545.56,-0.116699,0.820801,0.926758,-2.50244,3.78418,31.0669,1
2545.57,-0.120117,0.907227,0.958496,-1.0376,3.11279,31.3721,1
2545.58,-0.116699,0.918945,1.00732,-0.305176,3.479,31.6772,1
2545.58,-0.127441,0.96582,0.927734,0.549316,3.23486,31.9824,1
2545.59,-0.112793,0.879395,0.896484,0.610352,2.44141,32.2876,1
2545.6,-0.103516,0.867676,0.925293,2.38037,1.52588,33.1421,1
2545.61,-0.0488281,0.893066,0.936523,2.80762,1.40381,33.5693,1
2545.62,-0.0634766,0.936035,0.955566,3.66211,0.976562,34.0576,1
2545.63,-0.0629883,1.01074,0.991211,2.31934,0.671387,33.8135,1
2545.64,-0.0473633,0.867188,0.928711,2.56348,0.244141,34.8511,1
2545.65,-0.0805664,0.92627,0.973633,2.86865,-0.0610352,34.8511,1
2545.66,-0.0981445,0.89209,0.973145,2.13623,-0.488281,34.79,1
2545.67,-0.0737305,0.963867,0.987305,2.0752,0,34.8511,1
2545.68,-0.0751953,1.09814,0.953613,0.366211,0.793457,34.6069,1
2545.69,-0.0185547,0.963867,0.882812,-1.77002,0.427246,34.5459,1
2545.7,-0.0463867,0.978027,1.01123,-1.64795,0.305176,34.729,1
2545.71,-0.0561523,0.955078,0.984863,-2.62451,0.427246,33.8135,1
2545.72,9.765625e-04,0.853027,0.977051,-1.0376,0.427246,34.729,1
2545.73,-0.0610352,1.06445,0.973633,-1.58691,0.732422,34.0576,1
2545.74,0.0600586,0.977051,0.896484,-3.17383,0.549316,33.2031,1
2545.75,0.0151367,0.933105,0.969727,-2.19727,1.64795,33.4473,1
2545.76,0.0185547,1.12842,0.996094,-2.31934,1.77002,33.1421,1
2545.77,-0.0283203,0.920898,0.939453,-2.56348,1.40381,32.4707,1
2545.78,-0.00244141,0.830078,0.997559,0.488281,1.64795,32.8979,1
2545.79,0.065918,1.07666,0.914062,1.15967,2.44141,32.5317,1
2545.8,0.0683594,0.950684,0.939941,-1.0376,2.50244,32.1045,1
2545.81,0.0371094,0.81543,0.947266,0.244141,1.52588,32.5317,1
2545.82,0.00244141,1.09082,0.960938,1.09863,2.2583,32.4097,1
2545.83,-0.015625,0.942871,0.975586,0.976562,2.38037,31.9214,1
2545.84,0.0229492,0.787109,0.96582,2.92969,2.68555,32.1655,1
2545.85,0.0449219,1.17139,0.962891,2.86865,2.80762,31.9824,1
2545.86,-0.0234375,0.951172,0.916016,-0.976562,2.62451,32.1655,1
2545.86,-0.0136719,0.763672,0.888672,0.854492,2.0752,32.8369,1
2545.87,-0.0151367,0.957031,0.845215,0.915527,1.77002,32.4097,1
2545.88,0.0625,0.962891,0.836914,1.2207,1.64795,32.8979,1
2545.89,-0.0126953,0.911133,0.992188,0.549316,1.64795,32.5317,1
2545.9,-0.0522461,0.985352,1.0332,0.610352,1.2207,32.7148,1
2545.91,-0.0117188,1.05225,0.896973,-0.610352,1.2207,33.02,1
2545.92,-0.0263672,0.883789,0.881348,-1.40381,1.46484,33.6304,1
2545.93,0.0200195,0.913086,0.867676,-0.732422,0.488281,33.2031,1
2545.94,0.0126953,0.967773,1.01758,-1.2207,1.2207,33.2031,1
2545.95,0.00732422,0.922852,1.04492,-0.488281,0.671387,33.5693,1
2545.96,-0.0112305,1.04443,0.960938,-1.28174,0.610352,33.02,1
2545.97,-0.0581055,0.961426,0.879395,-1.15967,0.610352,33.6304,1
2545.98,-0.0317383,1.09277,0.897949,-1.58691,0.854492,33.5693,1
2545.99,0.0522461,0.905273,0.980469,-3.23486,1.15967,32.959,1
2546,0.114258,0.86377,0.976562,-0.915527,0.305176,33.4473,1
2546.01,0.0742188,1.03809,0.977539,-1.64795,0.915527,32.8369,1
2546.02,-0.0327148,1.05371,0.904785,-2.80762,0.732422,32.5317,1
2546.03,-0.0429688,0.928711,0.938965,-3.11279,0.732422,32.6538,1
2546.04,-0.0600586,0.859375,1.0332,-0.793457,0.854492,33.4473,1
2546.05,0.0297852,1.08545,0.944336,-1.0376,0.671387,32.1045,1
2546.06,0.0668945,0.800293,0.924316,-1.09863,1.28174,32.0435,1
2546.07,-0.0493164,0.972656,0.958496,1.70898,1.95312,32.1045,1
2546.08,-0.0805664,1.15283,0.992188,-0.488281,1.83105,31.311,1
2546.09,-0.0830078,0.819824,0.924805,0.732422,1.83105,32.3486,1
2546.1,-0.0498047,1.05811,0.972168,2.01416,1.89209,31.6772,1
2546.11,-0.0522461,1.02783,0.987793,0.427246,2.19727,31.6162,1
2546.12,-0.0629883,0.786621,1.0249,0.854492,2.01416,31.5552,1
2546.13,-0.0820312,1.13916,1.03369,2.68555,2.74658,31.9824,1
2546.14,-0.0429688,1.0249,0.890625,-1.70898,3.11279,30.5786,1
2546.15,-0.0830078,0.760254,0.869141,0,2.80762,31.9214,1
2546.16,-0.128418,1.23291,0.927734,0.610352,2.68555,31.5552,1
2546.16,-0.140137,0.891602,1.05078,-2.74658,2.92969,31.4331,1
2546.17,-0.147461,0.749023,0.987793,1.09863,2.56348,32.7148,1
2546.18,-0.0581055,1.14746,0.930664,-0.793457,2.31934,32.1045,1
2546.19,-0.0859375,0.775879,0.89209,-3.23486,2.38037,32.0435,1
2546.2,-0.160645,0.855469,0.897949,-1.15967,1.70898,32.7148,1
2546.21,-0.133301,1.05273,0.880859,-3.05176,1.95312,32.7759,1
2546.22,-0.13916,0.788574,0.92627,-2.92969,1.83105,33.8135,1
2546.23,-0.125977,0.914062,0.958984,-1.34277,1.52588,33.5693,1
2546.24,-0.0888672,1.01367,0.910156,-2.2583,1.34277,33.5693,1
2546.25,-0.132324,0.849121,0.914551,-1.77002,1.95312,34.5459,1
2546.26,-0.0947266,0.996094,0.909668,-1.95312,0.732422,34.668,1
2546.27,-0.14502,0.884766,0.972168,-1.89209,1.34277,34.9121,1
2546.28,-0.162109,1.02637,0.964355,-0.183105,0.610352,34.9121,1
2546.29,-0.143066,1.14502,1.01562,-0.793457,1.2207,34.79,1
2546.3,-0.118652,0.802734,0.964844,-0.366211,0.854492,35.3394,1
2546.31,-0.0888672,0.925781,0.987305,1.89209,0.12207,36.0107,1
2546.32,-0.134277,1.22217,0.956055,-0.671387,0.854492,35.2783,1
2546.33,-0.162109,0.780273,1.01514,-2.31934,0.793457,35.2173,1
2546.34,-0.22168,0.959961,1.01904,1.89209,1.28174,36.0107,1
2546.35,-0.117676,1.3042,1.01318,-0.671387,1.70898,35.2173,1
2546.36,-0.145996,0.719238,0.984375,-1.2207,2.13623,35.4614,1
2546.37,-0.117676,1.16455,0.977051,1.77002,1.2207,35.8276,1
2546.38,-0.230957,0.887207,1.00439,-2.38037,2.50244,35.2783,1
2546.39,-0.144043,1.00586,1.02002,0.366211,1.70898,35.8887,1
2546.4,-0.0957031,1.04785,0.95459,-1.09863,2.19727,35.8276,1
2546.41,-0.115234,0.836426,0.919922,0,2.0752,36.5601,1
2546.42,-0.138184,1.1709,0.997559,-0.427246,1.34277,36.1938,1
2546.43,-0.151855,0.921387,1.00928,-2.38037,2.0752,35.5835,1
2546.44,-0.178711,0.975586,0.945312,-0.244141,1.95312,36.9263,1
2546.45,-0.0996094,1.01123,0.921875,-2.2583,1.95312,36.8652,1
2546.46,-0.0844727,0.804688,0.94873,-2.56348,1.15967,37.2314,1
2546.47,-0.0424805,1.1499,0.946289,-1.70898,1.64795,37.0483,1
2546.48,-0.145508,0.995605,0.939453,-4.63867,2.44141,36.0107,1
2546.49,-0.123535,0.896973,0.964355,-3.60107,1.77002,36.6211,1
2546.5,-0.12793,0.987793,0.893066,-4.08936,1.83105,36.8652,1
2546.51,-0.100586,0.948242,0.913574,-6.16455,2.0752,36.6211,1
2546.51,-0.134277,0.79248,0.967773,-5.67627,2.0752,37.2925,1
2546.52,-0.124023,1.06543,0.918457,-5.43213,2.50244,36.438,1
2546.53,-0.12207,0.878418,0.885254,-6.71387,2.80762,36.7432,1
2546.54,-0.15625,1.04443,0.86084,-4.57764,2.44141,36.7432,1
2546.55,-0.162109,0.847656,0.972656,-7.20215,2.86865,36.3159,1
2546.56,-0.112305,0.798828,0.962891,-3.41797,2.74658,36.9873,1
2546.57,-0.0581055,1.01318,0.943359,-4.94385,3.54004,36.6211,1
2546.58,-0.143555,0.905273,0.836914,-3.479,3.17383,37.1704,1
2546.59,-0.146484,1.00879,0.842773,-3.23486,3.66211,36.438,1
2546.6,-0.167969,0.941406,0.950195,-2.0752,3.96729,37.4756,1
2546.61,-0.124512,0.92627,0.948242,-1.70898,3.72314,36.8042,1
2546.62,-0.131348,0.863281,0.972656,-1.40381,4.15039,37.2925,1
2546.63,-0.134766,0.869141,0.915527,0.427246,4.39453,36.8042,1
2546.64,-0.134766,1.05811,0.953125,-0.244141,4.15039,37.2925,1
2546.65,-0.152832,0.830078,0.90625,-1.0376,4.21143,37.2314,1
2546.66,-0.141113,1.00195,0.908691,0.244141,3.72314,37.6587,1
2546.67,-0.0786133,0.939453,0.884277,-0.793457,4.57764,37.4756,1
2546.68,-0.115723,0.845703,0.92041,1.0376,4.02832,38.5132,1
2546.69,-0.104004,1.00488,0.956543,0.732422,3.54004,37.7197,1
2546.7,-0.0766602,0.925293,0.928223,0,3.2959,38.3301,1
2546.71,-0.0625,0.932617,0.957031,-0.183105,3.54004,38.5742,1
2546.72,-0.0834961,0.930176,0.855469,-1.34277,3.41797,38.269,1
2546.73,-0.0263672,1.03027,0.846191,-1.46484,2.31934,38.8184,1
2546.74,-0.118164,0.902832,0.953613,-1.46484,2.74658,39.856,1
2546.75,-0.0878906,0.930664,0.918457,-1.58691,1.77002,39.5508,1
2546.76,-0.0742188,0.952637,0.921875,-2.31934,1.95312,39.6729,1
2546.77,-0.0546875,0.883301,0.893066,-1.58691,1.83105,40.2832,1
2546.78,-0.0996094,0.96875,0.974609,-1.77002,1.64795,40.1611,1
2546.79,-0.0581055,0.96875,0.910156,-1.89209,0.854492,39.7949,1
2546.8,-0.0678711,0.882324,0.955566,-1.28174,1.15967,40.8325,1
2546.81,-0.137207,1.03467,0.910645,-1.40381,1.0376,40.0391,1
2546.82,-0.144531,0.93457,0.889648,-3.60107,1.09863,40.0391,1
2546.83,-0.117676,0.717773,0.962402,-1.58691,1.64795,40.9546,1
2546.84,-0.110352,1.30176,0.953125,-2.44141,1.15967,40.2832,1
2546.85,-0.0629883,0.789062,0.941895,-6.16455,1.89209,39.7339,1
2546.86,-0.0786133,0.873047,0.937012,-1.0376,1.46484,40.5273,1
2546.87,-0.0698242,1.12354,0.890137,-3.66211,1.83105,39.7949,1
2546.87,-0.107422,0.846191,0.885254,-4.3335,2.01416,39.856,1
2546.88,-0.0683594,0.870605,0.902832,-2.92969,2.31934,40.0391,1
2546.89,-0.10498,1.04346,0.921387,-3.2959,2.68555,40.1611,1
2546.9,-0.115234,0.956055,0.944336,-3.17383,2.31934,39.7949,1
2546.91,-0.0693359,0.822754,0.931152,-2.44141,2.56348,39.6729,1
2546.92,-0.153809,1.01514,0.970703,-0.0610352,2.80762,39.978,1
2546.93,-0.101074,1.06299,0.919434,-2.56348,3.23486,38.8794,1
2546.94,-0.0922852,0.76123,0.911621,-1.15967,3.41797,39.7339,1
2546.95,-0.1875,1.14307,0.966309,0.244141,3.72314,39.4897,1
2546.96,-0.0751953,1.01318,1.00342,-2.44141,3.41797,38.8794,1
2546.97,-0.151855,0.807129,1.01709,1.15967,3.78418,39.978,1
2546.98,-0.0688477,0.979492,1.00146,1.89209,3.84521,39.4287,1
2546.99,-0.0874023,1.00439,0.9375,0.793457,3.60107,38.6353,1
2547,-0.0932617,0.931641,0.95459,0.732422,3.60107,38.8184,1
2547.01,-0.118652,0.998047,0.95459,0.793457,3.54004,39.1846,1
2547.02,-0.0737305,1.04297,1.06641,-0.427246,3.60107,38.5742,1
2547.03,-0.106445,0.733398,1.00928,-2.80762,3.72314,38.5742,1
2547.04,-0.0141602,0.883301,0.875488,-1.70898,2.86865,38.8184,1
2547.05,-0.162109,1.08594,0.832031,-7.38525,2.80762,37.7197,1
2547.06,-0.102051,0.688965,1.00635,-8.30078,2.2583,38.3911,1
2547.07,-0.0615234,0.85791,0.859863,-8.05664,1.40381,38.6353,1
2547.08,-0.0581055,0.658203,0.868164,-10.498,1.77002,38.3911,1
2547.09,-0.138672,0.763184,0.783691,-8.42285,0.0610352,38.6353,1
2547.1,-0.0615234,0.798828,0.867188,-10.6201,-0.183105,38.0859,1
2547.11,-0.122559,0.819336,0.786133,-9.52148,-1.34277,38.7573,1
2547.12,-0.0512695,0.792969,0.844727,-10.6201,-0.549316,38.269,1
2547.13,-0.125,0.706055,0.794434,-7.32422,-1.40381,38.6353,1
2547.14,-0.111328,0.84375,0.876465,-5.00488,-0.671387,38.5132,1
2547.15,-0.0859375,0.773926,0.881836,-3.05176,-0.854492,37.8418,1
2547.16,-0.0585938,0.785645,0.902832,0,-0.915527,38.0249,1
2547.17,-0.0957031,0.909668,0.885742,1.83105,-0.183105,37.2314,1
2547.17,-0.0585938,0.884766,0.91748,4.08936,0.488281,36.3159,1
2547.18,-0.12793,0.900879,0.947754,6.5918,1.34277,36.1328,1
2547.19,-0.0224609,0.828125,1.02002,10.6201,1.64795,36.0107,1
2547.2,-0.046875,1.3667,0.973633,11.5356,2.50244,34.6069,1
2547.21,-0.0273438,0.801758,1.02002,9.58252,3.54004,33.9355,1
2547.22,-0.0532227,0.923828,1.0874,15.1978,3.60107,34.668,1
2547.23,0.012207,1.23389,1.08838,10.9253,4.08936,33.2031,1
2547.24,-0.0947266,0.863281,1.00684,10.7422,4.39453,33.5693,1
2547.25,-0.0854492,0.957031,1.04053,11.9019,4.02832,33.3862,1
2547.26,-0.0341797,1.42188,0.934082,10.7422,3.479,33.2031,1
2547.27,0.118164,0.955078,1.10352,4.5166,5.00488,32.2266,1
2547.28,0.289551,1.01562,1.02197,9.94873,3.72314,33.2642,1
2547.29,0.150391,1.51758,1.12451,3.05176,3.60107,31.4331,1
2547.3,-0.0888672,0.684082,0.941895,-1.09863,5.00488,32.1655,1
2547.31,0.0273438,1.13281,0.990723,0.976562,2.99072,32.7759,1
2547.32,0.100098,1.10156,1.02686,-8.11768,3.479,32.4707,1
2547.33,0.0605469,0.916992,0.934082,-6.10352,2.62451,32.959,1
2547.34,0.0151367,1.07715,1.04346,-7.38525,1.58691,32.2876,1
2547.35,0.00244141,1.07715,0.928223,-8.97217,0.976562,32.6538,1
2547.36,0.104492,0.945312,0.89502,-13.0005,0.12207,32.4707,1
2547.37,0.26123,0.671387,0.829102,-11.7188,-0.366211,33.6304,1
2547.38,0.224121,1.02686,0.909668,-11.1084,-1.46484,33.5083,1
2547.39,0.250977,0.67041,0.830078,-12.9395,-2.86865,34.3628,1
2547.4,0.130859,0.705566,0.943848,-8.54492,-3.90625,34.1797,1
2547.41,0.27002,1.0166,0.788574,-9.46045,-4.5166,33.8135,1
2547.42,0.218262,0.941895,0.817383,-9.64355,-5.00488,33.5083,1
2547.43,0.17041,0.808105,0.85498,-7.8125,-6.28662,33.02,1
2547.44,0.208496,0.73291,0.973633,-4.63867,-6.5918,33.0811,1
2547.45,0.303711,1.06836,0.963379,-1.70898,-6.46973,32.1655,1
2547.46,0.359375,0.941406,0.980957,-4.08936,-5.79834,30.9448,1
2547.46,0.307129,0.57959,0.97168,-1.64795,-5.79834,29.7852,1
2547.47,0.191895,1.0874,1.03613,1.52588,-5.18799,28.9307,1
2547.48,0.183105,1.01025,0.983887,-0.915527,-3.78418,26.7334,1
2547.49,0.260742,0.730957,0.913086,2.74658,-3.72314,25.9399,1
2547.5,0.26709,1.16016,0.980469,5.49316,-2.56348,24.1089,1
2547.51,0.214355,0.998535,0.986816,3.23486,-1.34277,22.3999,1
2547.52,0.208984,0.875488,1.11133,5.61523,-0.549316,21.2402,1
2547.53,0.0961914,1.0166,1.06494,5.85938,0.244141,20.4468,1
2547.54,0.111816,1.06104,1.00537,6.53076,0.671387,18.8599,1
2547.55,0.0776367,0.983398,0.972168,5.43213,2.0752,17.6392,1
2547.56,0.143555,0.907715,1.02686,7.01904,3.05176,16.6626,1
2547.57,0.145508,1.27588,1.12158,6.04248,3.72314,15.3809,1
2547.58,0.135254,1.04541,1.15186,3.17383,4.45557,14.4043,1
2547.59,0.0463867,1.01221,1.0459,5.31006,4.57764,14.5874,1
2547.6,-0.0136719,1.34326,1.08301,3.17383,5.24902,13.5498,1
2547.61,-0.0605469,0.831055,1.17725,-0.427246,6.10352,12.5122,1
2547.62,0.0712891,0.875,0.966797,1.95312,5.92041,13.855,1
2547.63,0.0522461,1.29102,0.943848,-1.09863,5.49316,14.0381,1
2547.64,0.0263672,0.896484,0.94873,-5.06592,4.88281,13.3667,1
2547.65,0.00732422,0.718262,0.880859,-3.2959,4.3335,14.6484,1
2547.66,-0.118164,1.04346,0.928711,-5.31006,4.5166,14.8926,1
2547.67,-0.0327148,0.854004,0.842285,-9.82666,3.60107,14.7705,1
2547.68,0.0385742,0.680176,0.677734,-8.78906,2.62451,16.4795,1
2547.69,-0.0273438,0.899902,0.777832,-9.27734,1.70898,17.1509,1
2547.7,0.0512695,0.897949,0.810059,-10.8643,0.915527,17.2119,1
2547.71,0.0571289,0.545898,0.765625,-10.2539,0.610352,18.0054,1
2547.72,-0.046875,0.691895,0.770996,-7.75146,0.244141,19.165,1
2547.73,0.0146484,0.946289,0.765137,-9.82666,-0.732422,19.043,1
2547.74,0.0214844,0.612793,0.845703,-9.21631,-0.610352,19.9585,1
2547.75,0.0366211,0.688965,0.962402,-5.18799,-0.549316,20.874,1
2547.76,0.0883789,0.804688,0.907227,-4.94385,-1.15967,20.9961,1
2547.77,0.125,0.57959,0.941406,-2.68555,-1.15967,21.4233,1
2547.77,0.149414,0.72998,0.893555,0.0610352,-0.183105,21.9116,1
2547.78,0.141113,0.772461,0.946777,-0.793457,0.244141,21.6064,1
2547.79,0.114258,0.646484,1.05225,-0.0610352,-0.12207,22.4609,1
2547.8,0.145996,0.770996,1.10059,1.40381,0.854492,23.0713,1
2547.81,0.180176,0.753418,1.05664,0.366211,1.58691,23.0103,1
2547.82,0.212891,0.659668,1.02197,0.549316,1.64795,23.3154,1
2547.83,0.203125,0.754883,1.05762,0.488281,2.19727,23.9868,1
2547.84,0.185547,0.823242,1.05371,-0.793457,2.68555,24.4751,1
2547.85,0.171387,0.701172,1.08789,-1.64795,2.92969,24.6582,1
2547.86,0.165527,0.779297,1.04932,-1.34277,2.86865,25.0244,1
2547.87,0.194336,0.802246,0.977051,-2.31934,3.2959,25.4517,1
2547.88,0.137207,0.701172,0.973145,-2.80762,3.23486,26.3672,1
2547.89,0.181641,0.804688,1.00781,-3.05176,2.74658,26.9165,1
2547.9,0.155762,0.72168,0.976562,-3.41797,2.92969,27.5269,1
2547.91,0.0913086,0.70459,0.976562,-1.64795,2.80762,28.6255,1
2547.92,0.0830078,0.847168,0.936523,-2.38037,2.86865,28.4424,1
2547.93,0.0673828,0.730957,0.938965,-2.62451,2.92969,29.1748,1
2547.94,0.0639648,0.726562,0.956055,-1.83105,2.80762,30.5176,1
2547.95,0.0654297,0.844727,0.920898,-2.74658,2.19727,30.4565,1
2547.96,0.0683594,0.663086,0.875488,-1.95312,1.70898,31.6162,1
2547.97,0.059082,0.738281,0.891602,0.427246,2.13623,32.3486,1
2547.98,0.0786133,0.870117,0.911621,-0.488281,1.58691,32.1045,1
2547.99,0.034668,0.647949,0.942871,-0.366211,1.58691,32.8369,1
2548,0.0366211,0.756836,0.925781,1.34277,1.2207,34.0576,1
2548.01,0.0429688,0.869141,0.899902,0.427246,1.09863,34.1797,1
2548.02,0.0888672,0.773926,0.924805,0,0.427246,34.3628,1
2548.03,0.0927734,0.818848,0.986328,1.46484,0.427246,35.4004,1
2548.04,0.0722656,0.847656,0.966309,0.793457,0.976562,35.2173,1
2548.05,0.0405273,0.722168,0.92334,0.976562,0.671387,35.9497,1
2548.06,0.0385742,0.822754,0.97168,1.95312,0.793457,36.2549,1
2548.07,0.0952148,1.03076,1.01123,0.915527,0.915527,35.9497,1
2548.08,0.0864258,0.849121,1.0752,-0.305176,1.40381,36.2549,1
2548.09,0.0410156,0.90918,1.10254,1.46484,0.915527,36.8042,1
2548.1,0.043457,0.92041,1.03857,0,1.46484,36.1328,1
2548.11,0.0224609,0.807129,0.95459,1.40381,1.58691,36.9873,1
2548.12,0.0317383,0.978516,1.01611,1.09863,2.0752,36.6211,1
2548.13,0.0385742,0.964844,1.0625,0.0610352,1.95312,36.6821,1
2548.13,0.0170898,0.859863,1.08691,0.488281,2.2583,37.1094,1
2548.14,0.046875,0.839844,0.967285,0.488281,2.62451,36.9263,1
2548.15,0.059082,0.837402,0.853516,0.183105,2.38037,37.2925,1
2548.16,0.0302734,0.933594,0.891602,-0.610352,2.44141,37.3535,1
2548.17,0.0805664,0.84668,0.88623,-1.89209,2.56348,36.9263,1
2548.18,0.0405273,0.883789,0.910645,-1.2207,2.68555,37.8418,1
2548.19,0.0332031,0.928223,0.938965,-2.74658,2.62451,37.1094,1
2548.2,0.0488281,0.72998,0.849121,-3.05176,2.62451,37.4756,1
2548.21,0.015625,0.881836,0.873535,-2.80762,3.11279,37.4146,1
2548.22,0.0488281,0.937012,0.878418,-5.06592,3.05176,37.1094,1
2548.23,0.0683594,0.813965,0.882812,-4.63867,2.68555,37.7197,1
2548.24,0.074707,0.820801,0.931152,-2.50244,2.2583,37.9639,1
2548.25,0.0717773,0.993164,0.944824,-2.13623,2.44141,37.3535,1
2548.26,0.0449219,0.73291,0.946777,-2.0752,2.31934,37.5977,1
2548.27,-0.00878906,0.888672,0.952637,0.366211,2.44141,38.5742,1
2548.28,0.0483398,1.02295,0.932617,-1.0376,1.77002,37.7808,1
2548.29,0.0791016,0.770996,1.00293,0.366211,1.64795,38.3301,1
2548.3,0.0776367,1.00928,1.08984,2.80762,2.01416,38.0859,1
2548.31,0.0629883,1.05029,1.07275,1.09863,2.62451,37.8418,1
2548.32,0.0263672,0.843262,1.01758,1.83105,2.74658,38.3301,1
2548.32,0.0351562,0.996582,0.999512,2.99072,2.2583,38.9404,1
2548.33,0.0874023,0.947266,1.00977,1.83105,1.83105,38.0249,1
2548.34,0.104004,0.891113,1.02881,3.17383,1.77002,38.4521,1
2548.35,0.0683594,1.01807,1.0166,2.2583,2.68555,37.9639,1
2548.36,0.0249023,0.934082,0.955078,0.915527,2.56348,38.3911,1
2548.37,0.00195312,0.868652,0.956543,0.549316,2.38037,38.3911,1
2548.38,0.0488281,0.928223,0.922363,-0.12207,1.52588,38.6963,1
2548.39,0.0908203,0.851074,0.888184,-1.58691,1.58691,38.6353,1
2548.4,0.0893555,0.835449,0.950684,-2.0752,1.70898,38.3301,1
2548.41,0.0791016,1.07373,0.856445,-3.41797,2.0752,37.9028,1
2548.42,0.0263672,0.805664,0.864746,-5.79834,2.0752,38.3301,1
2548.43,-0.00585938,0.791504,0.890625,-4.15039,1.2207,38.8184,1
2548.44,0.12793,0.988281,0.928711,-5.5542,0.976562,38.147,1
2548.45,0.0834961,0.646973,0.884277,-4.94385,1.40381,38.3911,1
2548.46,0.111816,1.0249,0.943848,-2.99072,1.46484,37.6587,1
2548.47,0.0795898,1.05469,0.908203,-5.85938,1.58691,37.0483,1
2548.48,-0.0205078,0.697754,0.975586,-3.66211,1.83105,37.5366,1
2548.49,0.0620117,1.0332,0.973145,-2.31934,1.52588,37.1094,1
2548.5,0.130371,0.905762,0.993164,-3.35693,1.83105,36.8042,1
2548.51,0.15332,0.783203,1.02637,-0.610352,1.70898,36.6821,1
2548.52,0.145996,1.04883,1.05078,0,1.89209,35.8887,1
2548.53,0.0869141,0.931152,0.986328,-0.244141,2.0752,36.0718,1
2548.54,0.0825195,0.843262,0.961426,1.83105,2.31934,35.8887,1
2548.55,0.0883789,1.02539,0.933594,2.99072,2.2583,35.6445,1
2548.56,0.0864258,0.878906,1.05029,2.62451,2.56348,35.4614,1
2548.57,0.097168,0.845215,1.0918,4.69971,2.19727,35.9497,1
2548.58,0.107422,1.05078,1.00342,3.90625,2.62451,35.4614,1
2548.59,0.0737305,0.841309,0.956543,2.62451,2.62451,35.4614,1
2548.6,0.00683594,0.916016,0.960449,3.84521,2.13623,35.5835,1
2548.61,0.00585938,1.04102,0.936035,1.28174,2.62451,35.0342,1
2548.62,-0.00878906,0.818359,0.881348,0.427246,2.56348,36.1938,1
2548.63,0.0292969,0.985352,0.953613,-0.305176,2.74658,35.5225,1
2548.64,0.0766602,0.927246,0.895996,-3.05176,2.2583,35.5225,1
2548.65,-0.0419922,0.755859,0.999023,-1.95312,2.44141,36.0718,1
2548.66,-0.0678711,1.12842,0.953613,-2.13623,2.38037,35.0342,1
2548.66,-0.0307617,0.974121,0.873047,-4.39453,2.80762,35.0952,1
2548.67,-0.0703125,0.764648,0.899414,-3.2959,2.92969,35.7056,1
2548.68,-0.0449219,1.04492,0.952637,-3.84521,2.0752,35.4614,1
2548.69,-0.0712891,0.889648,0.956543,-5.31006,2.68555,35.4614,1
2548.7,-0.0908203,0.777832,0.985352,-3.35693,2.99072,35.8887,1
2548.71,-0.0664062,1.0542,0.914551,-3.41797,2.80762,35.3394,1
2548.72,-0.0522461,0.921875,0.871094,-4.39453,2.92969,35.5225,1
2548.73,-0.118652,0.822754,0.925781,-2.2583,2.74658,36.2549,1
2548.74,-0.0737305,1.01416,0.943848,-1.28174,2.92969,35.6445,1
2548.75,-0.0629883,0.854004,0.916992,-1.28174,2.80762,36.2549,1
2548.76,-0.0717773,0.719727,0.930664,1.2207,2.80762,37.0483,1
2548.77,-0.0908203,1.00635,0.901367,1.52588,2.80762,36.5601,1
2548.78,-0.124512,0.862793,0.90332,0.610352,3.54004,36.1328,1
2548.79,-0.123535,0.864746,0.986816,4.08936,3.2959,37.3535,1
2548.8,-0.0634766,1.11084,0.986816,3.2959,3.72314,36.8652,1
2548.81,-0.0693359,0.829102,0.954102,2.13623,3.41797,37.2314,1
2548.82,-0.106445,0.875488,0.989746,3.90625,3.54004,37.9639,1
2548.83,-0.111816,1.0498,0.928223,1.64795,3.11279,37.4146,1
2548.84,-0.116211,0.858398,0.935059,0.915527,3.17383,38.3301,1
2548.85,-0.0854492,1.01025,1.0127,1.28174,3.2959,38.4521,1
2548.86,-0.0825195,0.958008,0.988281,-0.610352,3.35693,38.3911,1
2548.87,-0.114258,0.938477,1.00391,-0.366211,2.80762,38.9404,1
2548.88,-0.0961914,1.07422,0.940918,-2.80762,2.80762,38.4521,1
2548.89,-0.0932617,0.936523,0.952148,-3.54004,2.92969,39.3677,1
2548.9,-0.043457,0.930176,1,-4.39453,2.38037,39.5508,1
2548.91,0.00732422,0.969727,0.984375,-5.5542,2.19727,39.917,1
2548.92,-0.0498047,0.924805,0.950195,-6.65283,1.95312,39.917,1
2548.93,-0.0795898,0.931152,0.92334,-6.34766,1.89209,40.1001,1
2548.94,-0.0664062,0.931641,0.860352,-5.85938,2.13623,40.1001,1
2548.95,-0.0620117,0.85791,0.866699,-4.21143,1.83105,40.8936,1
2548.96,-0.00244141,0.987305,0.985352,-3.23486,0.976562,40.5273,1
2548.97,0.0444336,0.756348,0.98877,-2.99072,1.2207,40.9546,1
2548.98,0.0244141,0.933594,0.884766,-0.366211,1.09863,41.2598,1
2548.99,-0.012207,1.00732,0.85791,-2.0752,1.2207,40.5884,1
2549,0.00195312,0.800293,0.852051,-0.0610352,0.549316,41.0767,1
2549,0.00341797,0.905762,0.895508,2.62451,1.34277,41.0156,1
2549.01,0.0688477,1.06494,0.910645,2.13623,1.34277,40.0391,1
2549.02,0.0717773,0.873535,0.98584,1.52588,1.77002,40.2222,1
2549.03,0.0385742,0.928711,1.01465,2.62451,1.77002,39.978,1
2549.04,0.019043,1.0918,0.952637,1.58691,2.01416,39.4287,1
2549.05,-0.027832,0.869141,0.969727,1.58691,2.56348,39.6729,1
2549.06,0.0322266,1.04785,0.974609,1.89209,2.44141,39.1235,1
2549.07,0.0927734,1.06787,0.973633,-0.366211,3.05176,38.8794,1
2549.08,0.0195312,0.865723,1.02881,-0.610352,3.17383,38.6963,1
2549.09,0.00878906,1.0127,0.969238,-1.15967,3.05176,38.147,1
2549.1,-0.00488281,0.966309,0.961914,-2.92969,3.72314,38.269,1
2549.11,0.00390625,0.893066,0.875488,-3.05176,3.78418,38.3301,1
2549.12,0.034668,0.989258,0.913086,-3.78418,3.54004,38.0859,1
2549.13,0.0283203,0.982422,0.942871,-3.66211,3.90625,38.147,1
2549.14,-0.0327148,0.941406,0.951172,-3.05176,3.35693,37.9639,1
2549.15,-0.0273438,1.07227,0.921875,-2.56348,3.54004,37.6587,1
2549.16,-0.0566406,0.828125,0.888672,-3.05176,3.90625,38.0859,1
2549.17,-0.00976562,0.884277,0.891113,-1.46484,3.17383,38.5742,1
2549.18,0.0151367,0.966797,0.955078,-2.2583,2.74658,38.208,1
2549.19,0.0625,0.883301,0.912598,-1.89209,2.13623,39.0625,1
2549.2,0.0356445,0.856934,0.932617,-0.366211,1.95312,39.3677,1
2549.21,-0.0258789,1.01025,0.89502,-0.610352,2.13623,38.8794,1
2549.22,-0.0571289,0.949707,0.929199,-0.976562,2.19727,39.4897,1
2549.23,-0.0400391,0.803711,0.879395,-1.15967,2.56348,39.0625,1
2549.24,0.00927734,1.15771,0.977051,-0.427246,1.95312,39.5508,1
2549.25,0.0107422,0.9375,0.984375,-3.479,2.19727,38.7573,1
2549.26,0.0585938,0.871582,0.928223,-0.793457,1.70898,39.7949,1
2549.27,-0.0439453,0.952148,0.942383,-2.0752,2.62451,39.1846,1
2549.28,0.00683594,1.09375,0.939941,-2.01416,1.28174,39.4287,1
2549.29,-0.116211,0.829102,1.00586,-3.35693,2.2583,39.0625,1
2549.29,0.0146484,1.07129,0.919922,-0.976562,1.40381,39.7949,1
2549.3,-0.0253906,0.915527,0.987305,-3.35693,2.31934,39.2456,1
2549.31,0.0546875,0.932617,0.936523,-1.46484,1.34277,39.2456,1
2549.32,-0.0356445,0.942871,0.974609,-1.95312,2.19727,39.3066,1
2549.33,9.765625e-04,1.03516,0.909668,-1.95312,1.95312,39.1235,1
2549.34,-0.0239258,0.832031,0.97168,-2.56348,2.0752,39.1846,1
2549.35,0.046875,1.00342,0.934082,-0.671387,1.95312,39.0015,1
2549.36,0.00341797,0.92627,0.998535,-1.83105,1.70898,39.4287,1
2549.37,0.0537109,0.906738,0.95459,-0.854492,1.58691,39.1846,1
2549.38,-0.0522461,0.849121,0.947754,-1.2207,1.40381,39.3066,1
2549.39,0.00488281,1.00195,0.90625,-0.305176,2.01416,38.8794,1
2549.4,-0.0649414,0.841797,0.883789,-2.01416,2.56348,39.0625,1
2549.41,9.765625e-04,1.00049,0.924316,0.12207,2.38037,38.8794,1
2549.42,-0.0273438,0.93457,0.992188,-1.77002,3.05176,38.6353,1
2549.43,-0.0405273,0.945801,0.973145,-0.549316,2.62451,39.0625,1
2549.44,-0.0419922,0.822266,0.905762,-2.31934,2.74658,38.3911,1
2549.45,-0.0380859,1.00439,0.867676,-1.34277,2.50244,38.8794,1
2549.46,-0.0810547,0.887695,0.912598,-3.72314,3.66211,38.0859,1
2549.47,-0.034668,0.932617,0.897461,-2.44141,2.92969,38.3911,1
2549.48,-0.0361328,0.984375,0.981934,-3.72314,3.84521,38.208,1
2549.49,-0.0698242,0.925293,0.95166,-3.41797,3.17383,38.7573,1
2549.5,-0.108887,0.821777,0.876953,-4.02832,3.479,37.9028,1
2549.51,-0.0957031,1.03564,0.967773,-2.56348,3.72314,38.6963,1
2549.52,-0.0976562,0.879883,0.990723,-3.90625,4.21143,37.9639,1
2549.53,-0.0317383,0.990723,0.958496,-1.77002,3.35693,38.8794,1
2549.54,-0.0869141,0.797852,0.921875,-2.19727,4.45557,38.6353,1
2549.55,-0.0517578,0.998535,0.950684,-0.244141,3.54004,38.6353,1
2549.56,-0.0615234,0.925781,0.896484,-2.0752,3.90625,38.5742,1
2549.57,-0.0517578,0.856445,0.941895,0.183105,3.54004,39.3677,1
2549.57,0.00244141,1.00293,0.911621,-0.183105,3.479,38.9404,1
2549.58,0.00390625,0.991699,0.961914,0.793457,3.72314,39.6729,1
2549.59,-0.0268555,0.885742,0.983398,1.28174,3.479,39.4897,1
2549.6,0.0253906,0.918945,0.914551,2.86865,3.60107,39.856,1
2549.61,-0.0449219,0.961914,0.945801,2.56348,3.41797,39.856,1
2549.62,-0.0327148,0.856934,0.953613,1.83105,3.05176,39.5508,1
2549.63,0.0297852,1.03271,0.92627,2.31934,2.38037,40.4053,1
2549.64,0.0180664,0.996582,0.981445,0.854492,3.05176,40.3442,1
2549.65,0.0898438,0.865723,0.927734,0.427246,1.83105,40.7104,1
2549.66,0.034668,1.03076,0.958008,0.427246,2.38037,41.0156,1
2549.67,-0.0161133,0.913574,0.9375,-1.64795,2.38037,40.5273,1
2549.68,-0.0107422,0.887695,0.929688,-0.488281,1.70898,41.5649,1
2549.69,0.0576172,1.02637,0.936035,-2.31934,2.01416,40.7104,1
2549.7,0.0795898,0.938965,0.924805,-3.479,1.2207,41.0156,1
2549.71,0.100098,0.946289,0.967285,-2.80762,1.70898,41.0156,1
2549.72,0.0302734,1.05859,0.971191,-3.35693,1.70898,40.4663,1
2549.73,0.0351562,1.0083,0.918457,-3.78418,1.52588,40.4663,1
2549.74,0.050293,0.825195,0.956055,-2.62451,1.70898,40.9546,1
2549.75,0.0566406,0.983887,0.994629,-1.70898,0.915527,41.5039,1
2549.76,0.116211,0.966797,0.98877,-4.02832,1.09863,40.8325,1
2549.77,0.0791016,0.772461,0.921387,-2.50244,0.854492,41.687,1
2549.78,0.0942383,0.98584,0.927246,-2.0752,0.671387,40.8936,1
2549.79,0.0620117,0.965332,0.945801,-2.68555,0.366211,40.8325,1
2549.8,0.0512695,0.963379,0.958984,-2.01416,-0.12207,41.0767,1
2549.81,0.134277,0.983398,0.976074,-2.01416,0.12207,41.0767,1
2549.82,0.0888672,0.845215,0.953613,-0.549316,0.305176,41.4429,1
2549.83,0.10498,1.1001,1.02002,0,-0.183105,40.7715,1
2549.84,0.0771484,0.882324,0.982422,-0.610352,0.12207,40.8936,1
2549.85,0.0664062,0.896973,0.947266,0.854492,0.244141,40.8936,1
2549.86,0.0639648,1.02344,0.980469,-0.610352,0,40.3442,1
2549.87,0.124512,0.907227,0.995605,-0.610352,0.183105,40.2222,1
2549.88,0.124512,0.960938,1.03174,0.183105,0.0610352,40.5884,1
2549.89,0.0893555,0.985352,1.00732,-0.0610352,0.732422,39.978,1
2549.9,0.123535,0.99707,0.981445,-0.671387,0,39.7949,1
2549.91,0.0595703,0.927246,0.95459,-0.915527,1.0376,39.917,1
2549.91,0.107422,0.938965,0.889648,-1.28174,0.488281,39.856,1
2549.92,0.131836,0.918457,0.913574,-2.56348,0.549316,39.4897,1
2549.93,0.197754,0.766113,0.930664,-2.0752,0.732422,39.7339,1
2549.94,0.161133,1.01221,0.961426,-1.46484,0.976562,39.3677,1
2549.95,0.141113,1.01074,0.936523,-4.08936,1.15967,38.269,1
2549.96,0.0986328,0.820312,0.912598,-2.86865,0.915527,39.0015,1
2549.97,0.140625,1.00195,0.95166,-2.80762,1.34277,38.4521,1
2549.98,0.196777,0.936035,0.919922,-4.45557,1.58691,37.8418,1
2549.99,0.200195,0.830566,0.96875,-3.96729,2.13623,38.3301,1
2550,0.166504,0.964355,0.918457,-4.63867,2.0752,37.5366,1
2550.01,0.193359,0.915039,0.972168,-5.18799,1.95312,37.5366,1
2550.02,0.171875,0.823242,0.92627,-4.39453,2.50244,37.3535,1
2550.03,0.21582,0.879395,0.904785,-3.23486,2.2583,36.9263,1
2550.04,0.243652,0.947266,0.946289,-3.479,3.23486,36.2549,1
2550.05,0.225098,0.921387,0.960938,-3.05176,2.62451,36.1938,1
2550.06,0.135254,0.94873,0.968262,-2.62451,3.35693,36.2549,1
2550.07,0.109863,0.84668,0.963379,-2.74658,3.2959,36.1938,1
2550.08,0.172363,0.902832,0.958008,-2.2583,3.2959,36.2549,1
2550.09,0.230957,0.904297,0.976074,-1.95312,3.17383,36.6211,1
2550.1,0.255371,0.983398,0.996094,-2.01416,2.92969,35.7666,1
2550.11,0.186523,0.778809,0.972168,-0.915527,3.35693,35.8887,1
2550.12,0.169434,1.0542,0.982422,0.671387,3.41797,36.0107,1
2550.13,0.151367,0.932617,0.947266,-1.95312,3.23486,35.7056,1
2550.14,0.186035,0.726562,0.950195,0.0610352,2.2583,37.0483,1
2550.15,0.265137,0.988281,0.972168,0.549316,2.80762,37.1094,1
2550.16,0.231445,0.924805,0.961426,-1.2207,2.38037,36.6821,1
2550.17,0.196777,0.814941,0.960449,-0.244141,2.2583,36.8652,1
2550.18,0.177734,1.00293,0.944336,-0.0610352,2.19727,36.9873,1
2550.19,0.128418,0.949707,0.970703,-1.34277,2.44141,36.8652,1
2550.2,0.169434,0.72998,0.954102,-1.15967,2.0752,37.0483,1
2550.2,0.166504,0.969727,0.952148,-0.671387,1.89209,37.7197,1
2550.21,0.191406,0.929199,0.926758,-3.41797,2.13623,37.2314,1
2550.22,0.199707,0.791016,0.90625,-2.0752,1.52588,37.8418,1
2550.23,0.163574,0.965332,0.938477,-2.19727,1.89209,37.4146,1
2550.24,0.191406,0.828125,0.927734,-3.41797,1.46484,37.2314,1
2550.25,0.145996,0.88623,0.904785,-2.50244,1.89209,37.3535,1
2550.26,0.15625,0.938477,0.891113,-4.27246,2.13623,36.9873,1
2550.27,0.219238,0.729492,0.849609,-3.72314,1.70898,37.5977,1
2550.28,0.244629,0.923828,0.921875,-2.19727,1.52588,37.4756,1
2550.29,0.237305,0.907715,0.97998,-3.60107,1.52588,36.9873,1
2550.3,0.225098,0.800781,0.938965,-2.68555,1.28174,36.9263,1
2550.31,0.15918,0.970703,0.880859,-2.50244,1.70898,37.1094,1
2550.32,0.208496,0.851074,0.874512,-3.479,1.70898,36.6821,1
2550.33,0.258789,0.85791,0.928223,-1.40381,0.915527,37.3535,1
2550.34,0.222656,0.91748,1.021,-1.34277,1.64795,36.8652,1
2550.35,0.239746,0.88623,0.986816,-1.0376,1.2207,36.6211,1
2550.36,0.220215,0.793457,0.903809,-0.183105,1.70898,36.7432,1
2550.37,0.252441,1.00244,0.936035,0,1.58691,36.499,1
2550.38,0.235352,0.888184,0.973145,-1.52588,0.976562,36.5601,1
2550.39,0.217773,0.888184,1.03125,0.244141,1.2207,36.8652,1
2550.4,0.222168,0.999512,0.978516,-0.366211,1.83105,36.3159,1
2550.41,0.232422,0.79248,0.936523,-0.671387,2.01416,35.9497,1
2550.42,0.214355,0.92041,0.950195,0.488281,1.77002,36.2549,1
2550.43,0.233398,0.984375,0.99707,-0.793457,1.77002,35.7056,1
2550.44,0.231934,0.799805,0.979492,-1.40381,1.64795,35.6445,1
2550.45,0.226074,0.868164,0.941895,-0.427246,1.83105,35.6445,1
2550.46,0.227051,1.00439,0.929688,-1.89209,2.01416,34.8511,1
2550.47,0.169434,0.827637,0.960449,-2.38037,2.0752,35.0342,1
2550.48,0.230469,0.828613,0.983398,-2.19727,1.58691,34.6069,1
2550.49,0.223633,0.98291,0.932129,-2.44141,1.40381,34.8511,1
2550.5,0.195801,0.785156,0.993652,-3.84521,1.95312,33.9966,1
2550.51,0.249512,0.814453,0.935059,-2.2583,1.40381,33.9966,1
2550.52,0.229004,0.937988,0.904297,-3.84521,1.77002,33.2031,1
2550.53,0.23877,0.726562,0.913086,-4.15039,1.0376,32.8979,1
2550.54,0.21875,0.858398,0.917969,-2.01416,1.0376,32.8369,1
2550.55,0.215332,0.859375,0.985352,-3.60107,1.40381,31.7993,1
2550.56,0.240234,0.681641,0.947266,-3.05176,0.854492,31.25,1
2550.57,0.256348,0.822266,0.954102,-2.44141,1.15967,30.3955,1
2550.58,0.230469,0.79834,0.930176,-3.66211,1.34277,29.541,1
2550.59,0.263672,0.725098,0.957031,-4.5166,0.915527,28.5034,1
2550.59,0.291016,0.720215,0.962402,-4.57764,0.854492,27.9541,1
2550.6,0.257812,0.737305,0.983887,-4.5166,1.09863,26.7944,1
2550.61,0.243164,0.736816,0.958984,-5.43213,0.732422,25.1465,1
2550.62,0.242188,0.703613,0.977051,-5.61523,0.976562,24.0479,1
2550.63,0.28418,0.666504,1.00293,-7.20215,0.610352,22.522,1
2550.64,0.253418,0.620117,0.998535,-7.44629,0.366211,21.6064,1
2550.65,0.286621,0.649414,0.979004,-8.72803,0.183105,19.6533,1
2550.66,0.280762,0.594727,0.973633,-8.91113,0.488281,18.0664,1
2550.67,0.251465,0.561035,1.01904,-8.72803,0.732422,16.2964,1
2550.68,0.231445,0.589355,1.00635,-9.39941,0.244141,14.4653,1
2550.69,0.209961,0.554688,0.960938,-10.0098,0.305176,12.8784,1
2550.7,0.164062,0.403809,0.959473,-10.1318,0.915527,10.9863,1
2550.71,0.184082,0.422852,0.96582,-9.15527,0.793457,9.33838,1
2550.72,0.166504,0.442383,0.979004,-10.7422,1.15967,6.95801,1
2550.73,0.112305,0.1875,0.959961,-10.9863,0.732422,5.7373,1
2550.74,0.0732422,0.258789,0.934082,-10.3149,0.549316,4.3335,1
2550.75,0.0405273,0.275879,0.90332,-12.9395,0.915527,1.70898,1
2550.76,0.0175781,-0.0249023,0.909668,-13.4888,0.793457,0.305176,1
2550.77,0.00634766,0.104492,0.894531,-12.6953,0.671387,-0.732422,1
2550.78,0.00927734,0.119629,0.915039,-15.686,0.976562,-3.23486,1
2550.79,-0.0146484,-0.189453,0.901367,-15.7471,1.0376,-4.3335,1
2550.8,0.00732422,-0.100586,0.876953,-14.7095,1.34277,-5.24902,1
2550.81,-0.0209961,-0.0644531,0.900391,-17.0288,1.58691,-7.75146,1
2550.82,-0.0292969,-0.346191,0.975098,-17.8223,1.52588,-8.78906,1
2550.83,-0.0327148,-0.244629,0.959473,-17.1509,1.70898,-9.52148,1
2550.84,-0.0473633,-0.248047,0.900879,-19.6533,2.19727,-11.9629,1
2550.85,-0.0380859,-0.482422,0.906738,-18.9819,1.77002,-12.9395,1
2550.86,-0.0283203,-0.392578,0.948242,-17.2119,1.89209,-13.5498,1
2550.87,-0.0395508,-0.371094,0.967773,-18.1274,2.13623,-15.5029,1
2550.88,-0.0483398,-0.57373,0.965332,-17.4561,1.83105,-16.2354,1
2550.88,-0.0478516,-0.57666,0.94043,-15.625,1.58691,-16.7847,1
2550.89,-0.0371094,-0.521973,0.979004,-15.686,1.58691,-18.3105,1
2550.9,-0.0302734,-0.646484,1.03711,-15.0146,1.46484,-19.104,1
2550.91,-0.0102539,-0.648926,1.04932,-13.4277,1.09863,-19.7754,1
2550.92,-0.0136719,-0.605469,1.05176,-12.3291,1.40381,-20.6909,1
2550.93,-0.012207,-0.71582,1.05566,-11.2305,1.40381,-21.3623,1
2550.94,-0.00976562,-0.751953,1.08057,-9.0332,1.34277,-21.7896,1
2550.95,0.00683594,-0.622559,1.05762,-7.93457,1.15967,-22.0337,1
2550.96,-0.0166016,-0.735352,1.14404,-7.93457,1.58691,-22.9492,1
2550.97,-0.0258789,-0.790039,1.14014,-5.85938,1.46484,-22.8271,1
2550.98,-0.00878906,-0.705078,1.13135,-4.94385,1.70898,-23.1934,1
2550.99,9.765625e-04,-0.79541,1.12598,-4.21143,1.52588,-23.8037,1
2551,0.00390625,-0.778809,1.12988,-2.50244,1.34277,-23.4375,1
2551.01,-0.0146484,-0.691895,1.17285,-2.0752,1.46484,-23.7427,1
2551.02,-0.0263672,-0.811523,1.19434,-1.77002,1.77002,-24.292,1
2551.03,-0.0141602,-0.802246,1.15918,0.305176,1.83105,-23.5596,1
2551.04,-0.0244141,-0.715332,1.13037,0.793457,1.95312,-24.1089,1
2551.05,-0.0209961,-0.797363,1.10693,1.64795,1.77002,-24.1089,1
2551.06,-0.012207,-0.732422,1.07715,2.74658,1.70898,-23.7427,1
2551.07,-0.00537109,-0.709961,1.05273,2.19727,1.64795,-24.231,1
2551.08,-0.00244141,-0.785645,1.0332,2.68555,1.28174,-23.9868,1
2551.09,-0.0302734,-0.683594,1.04541,3.54004,1.0376,-23.6816,1
2551.1,-0.0449219,-0.67334,1.10645,2.2583,0.976562,-24.353,1
2551.11,-0.0449219,-0.688965,1.05762,2.01416,0.610352,-23.9868,1
2551.12,-0.0141602,-0.629883,0.92334,1.64795,0.732422,-23.7427,1
2551.13,0.00488281,-0.63623,0.881836,1.46484,0.366211,-23.9258,1
2551.14,-9.765625e-04,-0.608398,0.897461,1.2207,0,-24.1089,1
2551.15,-0.00830078,-0.623047,0.920898,1.15967,0.183105,-24.231,1
2551.16,-0.0268555,-0.566895,0.917969,1.46484,-0.183105,-23.9868,1
2551.17,-0.00341797,-0.621094,0.921387,0.488281,-0.305176,-24.7192,1
2551.17,0.0249023,-0.609375,0.883301,1.2207,-0.793457,-24.0479,1
2551.18,0.0361328,-0.538086,0.853027,0.915527,-0.549316,-24.4141,1
2551.19,0.0200195,-0.643555,0.875977,0.915527,-0.854492,-24.353,1
2551.2,0.0170898,-0.605469,0.939453,1.46484,-0.915527,-24.0479,1
2551.21,0.00732422,-0.60498,0.951172,1.15967,-0.610352,-24.1089,1
2551.22,0.0185547,-0.654297,0.966309,0.976562,-0.793457,-23.9258,1
2551.23,0.0229492,-0.593262,0.94043,0.549316,-0.854492,-23.4985,1
2551.24,0.0341797,-0.621094,0.941895,-0.793457,-0.305176,-23.7427,1
2551.25,0.0292969,-0.663086,0.979004,-0.671387,0,-23.2544,1
2551.26,0.0390625,-0.618164,0.999512,-1.15967,0.305176,-23.2544,1
2551.27,0.0268555,-0.660156,0.996094,-1.70898,0.854492,-23.1934,1
2551.28,0.034668,-0.615234,1.00098,-1.64795,0.671387,-22.644,1
2551.29,0.0356445,-0.665527,1.02832,-2.44141,1.40381,-23.1934,1
2551.3,0.0317383,-0.660645,1.0293,-1.89209,1.77002,-22.522,1
2551.31,0.00683594,-0.645996,1.0166,-2.74658,2.56348,-22.8882,1
2551.32,-0.0170898,-0.693848,1.01953,-2.92969,2.44141,-22.7661,1
2551.33,-0.0244141,-0.664062,1.01562,-3.17383,2.2583,-22.8271,1
2551.34,0.0219727,-0.663574,0.992676,-2.92969,2.56348,-23.1934,1
2551.35,0.0170898,-0.687012,0.993652,-2.80762,2.80762,-23.4375,1
2551.36,-0.0209961,-0.707031,0.997559,-2.92969,2.68555,-23.8037,1
2551.37,-0.0400391,-0.677734,1.00488,-3.05176,2.44141,-23.8037,1
2551.38,-0.0292969,-0.706055,1.04639,-3.17383,2.38037,-24.4141,1
2551.39,-0.015625,-0.739258,1.01318,-1.40381,2.2583,-24.8413,1
2551.4,-0.0117188,-0.740234,0.943359,0.12207,2.19727,-25.2075,1
2551.41,-0.0219727,-0.804199,0.992676,0.976562,1.46484,-25.8179,1
2551.42,-0.0458984,-0.758789,1.01514,1.83105,0.732422,-26.123,1
2551.43,-0.0483398,-0.705078,0.963867,1.52588,1.15967,-26.6724,1
2551.44,-0.0493164,-0.749023,0.961426,2.01416,1.40381,-26.9775,1
2551.45,-0.0209961,-0.814941,0.953613,2.92969,0.427246,-27.4048,1
2551.46,0.0205078,-0.851074,0.899902,4.3335,0.0610352,-27.4658,1
2551.47,0.0180664,-0.800781,0.987305,4.45557,-0.0610352,-28.1372,1
2551.48,0.0380859,-0.738281,0.924805,4.5166,-0.0610352,-28.0762,1
2551.49,0.00927734,-0.695801,0.893066,3.41797,0.305176,-28.6865,1
2551.5,-0.00732422,-0.702637,0.918945,1.40381,-0.488281,-29.48,1
2551.51,0.0214844,-0.835449,0.924316,0.854492,-0.366211,-29.48,1
2551.51,0.0341797,-0.819336,0.960938,1.28174,-0.305176,-29.1748,1
2551.52,0.0688477,-0.756836,0.976562,0,-0.366211,-29.9683,1
2551.53,0.0878906,-0.75293,0.934082,-0.549316,0.671387,-29.7852,1
2551.54,0.0209961,-0.696777,0.926758,-1.95312,0.915527,-30.1514,1
2551.55,0.00341797,-0.809082,0.905273,-3.479,0.549316,-30.3955,1
2551.56,0.0107422,-0.786133,0.992188,-3.84521,0.671387,-30.1514,1
2551.57,0.0151367,-0.871094,1.07568,-4.39453,1.77002,-30.5786,1
2551.58,-0.0185547,-0.803711,1.08447,-2.99072,2.2583,-29.9072,1
2551.59,-0.0380859,-0.740723,0.980957,-4.15039,2.74658,-30.6396,1
2551.6,-0.100586,-0.887695,0.953613,-2.92969,3.23486,-30.1514,1
2551.61,-0.106934,-0.799316,0.98877,-1.52588,3.41797,-30.1514,1
2551.62,-0.0722656,-0.828613,1,-1.15967,4.5166,-30.6396,1
2551.63,-0.0830078,-0.966797,1.02441,0.488281,4.63867,-30.3955,1
2551.64,-0.104004,-0.85791,1.01416,3.66211,4.15039,-29.9683,1
2551.65,-0.0664062,-0.721191,0.961426,4.21143,4.94385,-31.1279,1
2551.66,-0.158691,-0.78125,0.80957,5.79834,4.76074,-30.9448,1
2551.67,-0.182617,-0.878906,0.8125,6.46973,4.27246,-31.7383,1
2551.68,-0.161133,-0.704102,0.855469,6.5918,3.41797,-32.1045,1
2551.69,-0.159668,-0.813477,0.943848,4.94385,4.02832,-32.7148,1
2551.7,-0.17627,-0.960449,0.98877,6.34766,2.38037,-32.4097,1
2551.71,-0.144043,-0.607422,0.885254,6.28662,1.95312,-33.5083,1
2551.72,-0.194824,-0.714844,0.873047,2.92969,2.38037,-34.6069,1
2551.73,-0.15918,-0.88623,0.810547,3.17383,0.915527,-34.668,1
2551.74,-0.164551,-0.6875,0.852051,1.95312,0.854492,-35.7056,1
2551.75,-0.147461,-0.818848,0.979492,-0.793457,0.366211,-36.6821,1
2551.76,-0.151367,-0.842773,1.0625,-1.09863,0.244141,-36.1328,1
2551.77,-0.15332,-0.675293,1.0415,-3.479,0.427246,-36.6211,1
2551.78,-0.168945,-0.900391,0.944336,-5.98145,0.854492,-36.6211,1
2551.79,-0.195801,-1.01123,0.969727,-4.88281,0.671387,-35.8887,1
2551.8,-0.177734,-0.816895,1.06592,-4.69971,1.0376,-36.1938,1
2551.81,-0.138672,-0.806641,1.06738,-5.31006,1.52588,-36.8652,1
2551.82,-0.153809,-0.896484,1.00635,-4.21143,1.64795,-36.1938,1
2551.83,-0.14209,-0.838867,0.986328,-3.2959,1.77002,-35.9497,1
2551.84,-0.150879,-0.911133,1.0376,-3.11279,2.19727,-35.8276,1
2551.84,-0.132324,-0.927734,1.04736,-0.976562,2.50244,-34.9121,1
2551.85,-0.113281,-0.830078,1.03418,-0.183105,2.56348,-34.9731,1
2551.86,-0.09375,-0.886719,0.904297,1.2207,3.23486,-34.4238,1
2551.87,-0.152832,-0.888672,0.870117,2.86865,3.23486,-33.9355,1
2551.88,-0.111328,-0.847656,0.965332,3.11279,2.92969,-34.2407,1
2551.89,-0.0991211,-0.889648,0.991211,3.2959,3.72314,-34.2407,1
2551.9,-0.0708008,-0.860352,0.965332,4.21143,3.54004,-33.5693,1
2551.91,-0.0839844,-0.788086,0.909668,4.15039,3.11279,-33.5693,1
2551.92,-0.0795898,-0.854492,0.906738,4.21143,3.23486,-33.6914,1
2551.93,-0.0869141,-0.812988,0.866211,4.76074,2.80762,-33.0811,1
2551.94,-0.0849609,-0.80957,0.919434,4.08936,2.13623,-33.6304,1
2551.95,-0.0917969,-0.87207,0.981445,4.02832,1.58691,-33.3862,1
2551.96,-0.0556641,-0.768555,0.92334,4.45557,1.46484,-32.6538,1
2551.97,-0.0263672,-0.760742,0.885254,2.68555,1.46484,-33.3252,1
2551.98,-0.00732422,-0.929688,0.902344,2.92969,0.549316,-33.02,1
2551.99,0.0537109,-0.751953,0.932129,3.78418,0,-32.7759,1
2552,0.097168,-0.765625,0.960449,2.19727,0.0610352,-33.2031,1
2552.01,0.0859375,-0.875977,0.932617,2.99072,-0.366211,-32.2266,1
2552.02,0.0649414,-0.725586,0.904785,2.62451,-0.488281,-32.1045,1
2552.03,0.0756836,-0.832031,0.944336,1.58691,-0.427246,-31.7993,1
2552.04,0.151855,-0.866699,0.976562,2.68555,-0.732422,-30.5176,1
2552.05,0.194824,-0.677734,0.952637,1.77002,-0.915527,-30.3955,1
2552.05,0.181152,-0.816895,0.894043,0.305176,-0.732422,-29.9683,1
2552.06,0.149902,-0.858887,0.927734,1.89209,-0.915527,-28.4424,1
2552.07,0.180664,-0.634277,0.94043,1.15967,-0.915527,-28.8086,1
2552.08,0.320312,-0.79541,0.952148,0.244141,-0.488281,-28.0762,1
2552.09,0.311035,-0.839844,0.978027,0.549316,-0.610352,-26.9165,1
2552.1,0.15625,-0.76416,1.02051,0,-1.0376,-26.3062,1
2552.11,0.120117,-0.840332,0.999023,1.0376,-0.12207,-25.3296,1
2552.12,0.13916,-0.705078,0.936035,3.05176,0.244141,-24.292,1
2552.13,0.230957,-0.637207,0.979492,3.05176,0.183105,-24.353,1
2552.14,0.334961,-0.886719,1.02295,4.3335,-0.610352,-23.3765,1
2552.15,0.327637,-0.763184,1.03467,7.69043,-0.183105,-21.7896,1
2552.16,0.19873,-0.618652,0.994141,6.46973,0.671387,-21.6064,1
2552.17,0.14209,-0.920898,0.983398,6.83594,0.366211,-20.2026,1
2552.18,0.110352,-0.713867,0.965332,10.3149,0.427246,-18.3716,1
2552.19,0.260254,-0.432617,0.966309,8.72803,0.610352,-18.6157,1
2552.2,0.376953,-0.728027,0.927734,8.42285,0.427246,-17.395,1
2552.21,0.325684,-0.603516,0.897461,11.2305,0.671387,-15.7471,1
2552.22,0.249512,-0.336426,0.79541,10.1318,0.610352,-15.2588,1
2552.23,0.204102,-0.574219,0.779785,9.39941,0.854492,-14.0991,1
2552.24,0.196777,-0.439453,0.83252,11.8408,0.732422,-12.5732,1
2552.25,0.211426,-0.206543,0.85791,9.8877,0.488281,-11.9629,1
2552.26,0.275879,-0.405762,0.860352,9.15527,0,-10.5591,1
2552.27,0.30127,-0.272949,0.864258,11.2305,-0.12207,-8.97217,1
2552.28,0.289062,-0.14502,0.833496,10.7422,0.366211,-8.30078,1
2552.29,0.232422,-0.318848,0.797852,11.7188,-0.427246,-6.5918,1
2552.3,0.244141,-0.127441,0.880371,13.5498,-0.671387,-5.06592,1
2552.31,0.277832,-0.0571289,0.889648,11.8408,-0.610352,-4.21143,1
2552.32,0.280273,-0.290527,0.928223,13.1836,-0.671387,-2.38037,1
2552.33,0.308105,-0.0375977,0.951172,15.686,-0.793457,-0.732422,1
2552.34,0.32373,0.0512695,0.916016,14.7095,-0.671387,-0.0610352,1
2552.35,0.349609,-0.152832,0.876953,15.3809,-0.915527,1.64795,1
2552.36,0.34375,0.00830078,0.938477,16.9067,-1.0376,3.11279,1
2552.37,0.316895,0.152832,1.03467,15.9912,-0.976562,4.02832,1
2552.38,0.299316,0.0175781,1.05566,16.1743,-0.427246,5.37109,1
2552.39,0.298828,0.114258,1.02783,16.9678,-0.610352,6.65283,1
2552.4,0.324219,0.155762,0.971191,15.8081,-0.549316,7.14111,1
2552.41,0.36377,0.148438,0.97168,15.2588,-1.09863,8.23975,1
2552.41,0.353027,0.229004,1.02344,14.0381,-0.976562,8.66699,1
2552.42,0.358398,0.263672,1.03906,12.9395,-0.549316,9.27734,1
2552.43,0.344727,0.302734,1.0542,11.6577,-0.549316,9.58252,1
2552.44,0.36377,0.300781,1.02783,10.2539,-0.671387,9.76562,1
2552.45,0.351562,0.306152,1.05713,9.82666,-0.854492,10.3149,1
2552.46,0.366699,0.349609,1.09375,9.39941,-0.976562,10.3149,1
2552.47,0.361328,0.391113,1.06689,8.8501,-0.793457,10.498,1
2552.48,0.379883,0.421387,1.03662,7.56836,-0.244141,10.498,1
2552.49,0.379395,0.436035,1.0625,6.04248,-0.427246,10.5591,1
2552.5,0.39209,0.427734,1.13184,4.45557,-0.610352,10.5591,1
2552.51,0.391113,0.376465,1.14941,4.27246,-0.610352,10.9253,1
2552.52,0.365234,0.437012,1.06641,4.39453,-0.305176,10.9253,1
2552.53,0.353027,0.455078,0.977539,3.72314,-0.244141,10.7422,1
2552.54,0.393555,0.39502,1.01758,3.23486,0.0610352,10.8032,1
2552.55,0.417969,0.476562,1.1167,2.99072,0.305176,10.9253,1
2552.56,0.370605,0.415039,1.14795,1.89209,0.915527,10.6201,1
2552.57,0.379883,0.31543,1.09131,2.92969,0.915527,11.1694,1
2552.58,0.363281,0.475586,1.04785,3.54004,1.15967,11.1084,1
2552.59,0.391113,0.436035,1.05518,2.01416,1.46484,10.9253,1
2552.6,0.424805,0.342285,1.07422,2.19727,1.40381,11.3525,1
2552.61,0.425781,0.442871,1.05859,1.70898,2.01416,11.3525,1
2552.62,0.380859,0.300781,0.997559,1.52588,2.0752,11.7188,1
2552.63,0.400391,0.373535,0.960938,2.44141,1.83105,11.9019,1
2552.64,0.420898,0.447754,0.995605,1.52588,1.95312,11.9019,1
2552.65,0.411621,0.387207,1.06201,1.0376,1.64795,12.146,1
2552.66,0.400391,0.331055,1.02148,1.28174,1.40381,12.7563,1
2552.67,0.422363,0.328125,0.936523,1.77002,1.09863,12.9395,1
2552.68,0.414062,0.394531,0.892578,0.854492,0.976562,12.8174,1
2552.69,0.407715,0.361816,0.985352,0.305176,0.915527,12.9395,1
2552.7,0.382812,0.417969,1.04395,0.0610352,0.549316,13.2446,1
2552.71,0.388184,0.361328,0.993164,-0.244141,-0.0610352,13.7939,1
2552.71,0.432617,0.318359,0.942871,0.244141,-0.732422,14.0381,1
2552.72,0.453125,0.390137,0.883789,-0.12207,-1.28174,14.0381,1
2552.73,0.416992,0.333496,0.864258,-0.305176,-1.2207,13.9771,1
2552.74,0.411621,0.361328,0.897949,0.427246,-1.58691,14.2212,1
2552.75,0.454102,0.395996,0.918945,0.427246,-1.83105,14.1602,1
2552.76,0.455566,0.269043,0.969727,0.854492,-2.01416,14.3433,1
2552.77,0.462402,0.302734,0.988281,2.74658,-2.0752,14.7705,1
2552.78,0.445801,0.422852,0.907715,2.92969,-1.52588,14.2822,1
2552.79,0.439941,0.36377,0.850586,2.50244,-1.34277,13.916,1
2552.8,0.475586,0.385742,0.912109,2.86865,-0.854492,14.0381,1
2552.81,0.489258,0.334473,1.03418,2.56348,0,13.7329,1
2552.82,0.457031,0.335938,1.01074,4.57764,0.0610352,14.0991,1
2552.83,0.44043,0.444824,0.980957,4.76074,0.793457,13.3667,1
2552.84,0.431641,0.389648,1.0127,4.27246,1.52588,13.2446,1
2552.85,0.48584,0.444824,1.00977,3.60107,2.13623,13.0615,1
2552.86,0.523926,0.442383,0.996094,2.44141,2.86865,13.1836,1
2552.87,0.512207,0.39502,1.00977,2.31934,3.2959,13.0005,1
2552.88,0.430176,0.461914,1.05029,2.68555,4.15039,12.7563,1
2552.89,0.415039,0.449707,1.04199,2.19727,5.00488,12.6953,1
2552.9,0.442383,0.459473,1.00049,1.70898,5.24902,12.8174,1
2552.91,0.479492,0.440918,0.939453,0.549316,5.49316,13.2446,1
2552.92,0.496094,0.467285,0.880371,0.732422,5.5542,13.5498,1
2552.93,0.390625,0.516602,0.883301,0.244141,5.61523,13.6719,1
2552.94,0.359863,0.444824,0.900391,0.427246,5.12695,14.1602,1
2552.95,0.349609,0.496582,0.918945,0.366211,4.82178,14.7705,1
2552.96,0.37207,0.462402,0.900391,0,4.3335,15.686,1
2552.97,0.380371,0.466797,0.839355,0.366211,3.54004,16.4185,1
2552.98,0.452148,0.416016,0.812988,1.46484,2.56348,16.7847,1
2552.99,0.385254,0.55127,0.843262,2.86865,2.01416,17.5781,1
2553,0.303223,0.563477,0.932617,1.40381,1.46484,18.0054,1
2553,0.310547,0.359375,0.88623,1.70898,0.610352,19.043,1
2553.01,0.371582,0.518066,0.885254,3.60107,0.427246,20.0195,1
2553.02,0.447754,0.665527,0.919434,2.74658,-0.305176,20.1416,1
2553.03,0.458008,0.430176,1.03418,3.35693,-0.793457,20.5688,1
2553.04,0.375977,0.558594,0.981445,5.12695,-0.976562,21.3013,1
2553.05,0.44043,0.706055,0.961914,3.90625,-0.549316,21.1182,1
2553.06,0.482422,0.525879,0.98584,3.23486,-1.0376,21.3623,1
2553.07,0.5,0.567871,1.05078,5.00488,-0.854492,21.6675,1
2553.08,0.448242,0.771484,1.03418,4.15039,-0.793457,21.4233,1
2553.09,0.474609,0.569824,1.0249,2.86865,-0.244141,21.4844,1
2553.1,0.487305,0.453125,1.01465,3.90625,-0.12207,21.7896,1
2553.11,0.571777,0.745117,1.05811,3.78418,-0.0610352,21.7285,1
2553.12,0.509277,0.63623,1.06299,1.58691,0.305176,21.3013,1
2553.13,0.46582,0.558105,1.00488,2.62451,0.427246,21.1792,1
2553.14,0.439453,0.759277,1.01318,2.01416,1.09863,20.9961,1
2553.15,0.45166,0.566406,1.03271,0.793457,1.46484,20.813,1
2553.16,0.507812,0.649414,1.00195,1.95312,1.58691,20.813,1
2553.17,0.460938,0.692383,0.933594,0.915527,2.01416,20.752,1
2553.18,0.489746,0.629883,0.914062,1.0376,2.01416,20.5688,1
2553.19,0.463867,0.620605,0.982422,1.58691,2.2583,20.6299,1
2553.2,0.436523,0.682617,0.981445,2.19727,2.2583,20.3857,1
2553.21,0.365234,0.614746,0.927246,1.52588,2.2583,20.5078,1
2553.22,0.398926,0.537598,0.881836,2.38037,2.0752,20.752,1
2553.23,0.409668,0.657715,0.876953,2.0752,1.83105,20.9961,1
2553.24,0.42041,0.668457,0.923828,0.976562,2.0752,20.813,1
2553.25,0.370605,0.661133,0.92334,0.793457,1.83105,21.0571,1
2553.26,0.337891,0.666016,0.947754,0.671387,1.77002,21.3623,1
2553.27,0.355469,0.688477,0.94043,0.488281,1.09863,21.4233,1
2553.28,0.415039,0.575195,0.922852,0.915527,1.15967,21.7896,1
2553.29,0.431152,0.698242,0.9375,1.52588,1.28174,21.7285,1
2553.3,0.404297,0.743652,0.939941,0.244141,1.09863,21.5454,1
2553.3,0.343262,0.574219,0.942871,0.12207,0.915527,21.7285,1
2553.31,0.349609,0.715332,1.00342,1.15967,0.427246,22.0337,1
2553.32,0.442383,0.667969,1.0249,0.549316,0.610352,22.0947,1
2553.33,0.510254,0.595703,0.937012,1.09863,0.12207,21.9116,1
2553.34,0.522949,0.754883,0.966309,1.46484,0.366211,21.7896,1
2553.35,0.421875,0.744141,1.04395,0.854492,0.183105,21.3623,1
2553.36,0.416016,0.705566,1.0874,1.89209,-0.244141,22.0947,1
2553.37,0.46582,0.696289,1.10107,1.83105,-0.488281,22.0947,1
2553.38,0.526855,0.626465,1.01221,1.34277,-0.671387,22.0947,1
2553.39,0.519531,0.650391,0.95752,1.52588,-0.732422,22.2168,1
2553.4,0.503906,0.689941,1.06396,0.366211,-0.732422,21.6675,1
2553.41,0.460938,0.616211,1.06934,0.366211,-1.0376,21.6064,1
2553.42,0.428711,0.806152,1.03955,0.610352,-0.427246,21.4233,1
2553.43,0.460938,0.765625,1.0415,-0.976562,-0.427246,20.752,1
2553.44,0.462891,0.628906,1.0332,-0.366211,-0.12207,21.1792,1
2553.45,0.556152,0.61084,0.984863,0.610352,-0.305176,21.3623,1
2553.46,0.535156,0.790039,1.01758,1.2207,-0.183105,20.752,1
2553.47,0.456055,0.647949,1.04785,0.793457,0.12207,20.0195,1
2553.48,0.411133,0.65625,0.997559,3.05176,0.610352,20.2026,1
2553.49,0.381348,0.840332,0.940918,1.58691,0.854492,19.8975,1
2553.5,0.485352,0.642578,1.01611,0.915527,0.488281,20.3857,1
2553.51,0.496094,0.616699,1.06152,2.38037,0.305176,20.5688,1
2553.52,0.437988,0.83252,1.03662,2.62451,0.549316,20.3857,1
2553.53,0.411133,0.67041,0.961914,1.28174,0.610352,20.2637,1
2553.54,0.435059,0.708496,1.01172,2.50244,0.732422,20.6909,1
2553.55,0.441406,0.848633,1.02051,1.64795,0.976562,20.752,1
2553.56,0.413574,0.65625,0.980957,0.671387,1.15967,20.5078,1
2553.57,0.410156,0.686523,0.860352,1.0376,1.09863,20.9961,1
2553.58,0.415527,0.774902,0.890625,-0.12207,1.77002,21.2402,1
2553.59,0.472656,0.611816,0.964844,-1.0376,1.64795,21.0571,1
2553.6,0.433594,0.727539,0.976562,0.366211,1.70898,21.3013,1
2553.61,0.385742,0.825195,0.95752,-0.610352,1.58691,21.0571,1
2553.62,0.364258,0.65625,0.921387,-0.549316,1.58691,21.3013,1
2553.63,0.348145,0.715332,0.876953,-0.12207,1.89209,21.6064,1
2553.64,0.455078,0.79541,0.978516,-0.427246,1.64795,21.9727,1
2553.65,0.48584,0.724609,1.02441,-0.183105,1.52588,21.9727,1
2553.66,0.431641,0.751953,0.992676,0.854492,0.793457,22.2168,1
2553.66,0.383301,0.760254,0.968262,0.549316,1.09863,22.0947,1
2553.67,0.403809,0.668457,0.984863,0.671387,0.854492,22.2168,1
2553.68,0.462891,0.702637,0.972168,1.58691,1.28174,22.8271,1
2553.69,0.379395,0.786133,0.903809,0.427246,1.40381,22.8271,1
2553.7,0.437988,0.719727,0.893066,-0.915527,1.34277,23.0103,1
2553.71,0.424805,0.70752,0.974121,-1.40381,1.46484,22.8882,1
2553.72,0.464355,0.76416,0.948242,-0.915527,1.40381,23.4375,1
2553.73,0.402344,0.650879,0.916992,-1.2207,1.89209,22.9492,1
2553.74,0.404297,0.817871,0.897461,-0.732422,1.58691,22.9492,1
2553.75,0.376465,0.812012,0.912109,-2.13623,2.2583,23.1934,1
2553.76,0.459961,0.71582,0.92627,-1.58691,1.95312,23.2544,1
2553.77,0.51416,0.827148,1.01611,-0.0610352,1.70898,23.4375,1
2553.78,0.431152,0.776855,1.03076,0.183105,2.01416,23.0103,1
2553.79,0.348633,0.64209,0.996094,1.0376,1.52588,22.644,1
2553.8,0.345703,0.783203,0.943359,3.05176,1.58691,23.0103,1
2553.81,0.444336,0.927734,0.934082,1.70898,1.70898,22.9492,1
2553.82,0.467285,0.749023,0.984863,0.549316,2.0752,23.6206,1
2553.83,0.461914,0.780762,0.96582,0.915527,1.52588,23.9868,1
2553.84,0.364746,0.780762,0.988281,0.854492,1.58691,24.1089,1
2553.85,0.352539,0.699707,0.904785,1.0376,0.793457,23.9258,1
2553.86,0.350586,0.86377,0.92627,1.2207,0.854492,24.4141,1
2553.87,0.318848,0.787598,0.946289,-0.671387,0.732422,24.5972,1
2553.88,0.29834,0.80957,0.84668,-0.549316,0.305176,24.7803,1
2553.89,0.294434,0.916504,0.916504,-2.0752,0.610352,24.7803,1
2553.9,0.341309,0.682129,0.970703,-2.2583,0.366211,24.9023,1
2553.91,0.396973,0.765625,1.03174,-0.488281,0.0610352,24.353,1
2553.92,0.446289,0.906738,0.978027,0.12207,-0.12207,23.9868,1
2553.93,0.358398,0.772461,1.01025,0.732422,0.549316,23.6206,1
2553.94,0.40332,0.95459,1.01074,1.40381,0,23.5596,1
2553.95,0.444824,0.703125,0.995117,0.915527,-0.0610352,24.1089,1
2553.96,0.45752,0.710938,1.05615,3.05176,-0.366211,23.8037,1
2553.97,0.45459,0.94873,1.08398,2.19727,-0.244141,23.3765,1
2553.98,0.416016,0.762695,0.95459,1.09863,-0.366211,23.0103,1
2553.99,0.416992,0.808594,1.00244,1.46484,-0.12207,23.1934,1
2554,0.513184,0.98291,1.0708,-0.549316,-0.12207,23.1323,1
2554.01,0.5625,0.683594,1.08301,-0.915527,-0.488281,23.5596,1
2554.01,0.51123,0.780273,1.03467,1.34277,-0.671387,23.7427,1
2554.02,0.442383,0.895996,0.942383,-0.183105,0,23.0103,1
2554.03,0.397949,0.659668,0.94043,-0.183105,0.183105,23.3765,1
2554.04,0.487793,0.819824,1.00684,1.09863,0.732422,23.0103,1
2554.05,0.511719,0.916504,1.04932,0.305176,0.610352,22.3389,1
2554.06,0.433105,0.692871,1.04736,1.64795,0.793457,21.9116,1
2554.07,0.367676,0.854004,0.958984,2.56348,1.28174,21.7285,1
2554.08,0.415527,0.863281,0.970703,0.854492,1.46484,21.4233,1
2554.09,0.467285,0.657715,1.04199,1.95312,1.40381,21.4233,1
2554.1,0.422363,0.883789,0.986328,1.77002,1.0376,21.3013,1
2554.11,0.39502,0.816406,0.930664,-1.09863,1.15967,21.2402,1
2554.12,0.445801,0.616211,0.85498,-1.95312,0.854492,21.3623,1
2554.13,0.46875,0.770508,0.946777,-1.95312,0.671387,21.1792,1
2554.14,0.414062,0.865723,0.977539,-3.479,0.915527,20.2637,1
2554.15,0.396973,0.733887,0.967773,-3.90625,1.0376,19.7754,1
2554.16,0.421875,0.708496,0.941895,-3.54004,0.793457,20.0806,1
2554.17,0.529297,0.739258,0.970215,-3.84521,0.549316,19.5923,1
2554.18,0.582031,0.758789,1.00635,-3.35693,0.549316,18.9209,1
2554.19,0.453613,0.655762,1.00293,-2.19727,0.732422,18.3105,1
2554.2,0.367188,0.807129,0.95459,-1.15967,0.366211,17.7612,1
2554.21,0.48877,0.643066,0.959961,-2.31934,-0.0610352,17.2119,1
2554.22,0.552246,0.505859,1.01562,0.0610352,-0.732422,17.334,1
2554.23,0.541504,0.994629,1.02002,-0.12207,-0.915527,16.6016,1
2554.24,0.424316,0.707031,0.978027,-4.27246,-1.34277,16.1133,1
2554.25,0.444336,0.314453,1.00635,-1.70898,-1.95312,16.5405,1
2554.26,0.54541,0.92627,1.03662,0.12207,-2.50244,15.686,1
2554.27,0.52832,0.864746,1.07422,-4.02832,-2.99072,14.4653,1
2554.28,0.53125,0.552246,1.04736,-2.01416,-3.23486,13.855,1
2554.29,0.51123,0.873047,1.00146,-0.549316,-3.17383,13.3057,1
2554.3,0.493652,0.698242,1.04932,-2.13623,-2.74658,12.2681,1
2554.3,0.572266,0.541016,1.03711,0,-2.62451,11.3525,1
2554.31,0.632812,0.922363,1.04736,0.671387,-2.01416,9.82666,1
2554.32,0.59375,0.743652,1.02637,-1.34277,-2.0752,8.72803,1
2554.33,0.414551,0.467285,1.0918,-0.12207,-1.77002,8.23975,1
2554.34,0.419434,0.648438,1.09277,-0.0610352,-1.77002,8.23975,1
2554.35,0.625488,0.584473,1.04639,-1.64795,-1.52588,7.08008,1
2554.36,0.601074,0.634766,1.04736,-1.28174,-1.2207,5.18799,1
2554.37,0.448242,0.830566,1.07764,-2.92969,-0.610352,3.2959,1
2554.38,0.392578,0.603516,1.12061,-4.63867,-0.366211,2.44141,1
2554.39,0.485352,0.464844,1.13184,-3.479,-0.366211,2.13623,1
2554.4,0.520996,0.67627,1.03711,-4.69971,0.0610352,0.976562,1
2554.41,0.447266,0.477051,1.01855,-7.20215,0.915527,-0.305176,1
2554.42,0.383301,0.290039,1.02734,-6.83594,1.40381,-1.34277,1
2554.43,0.405762,0.503906,0.97998,-8.05664,1.15967,-2.31934,1
2554.44,0.470215,0.344727,0.941895,-11.1084,0.976562,-3.35693,1
2554.45,0.426758,0.207031,0.984863,-10.1318,0.976562,-4.02832,1
2554.46,0.306641,0.439941,0.961426,-9.46045,1.28174,-4.5166,1
2554.47,0.349121,0.341309,0.943359,-11.7188,1.34277,-5.5542,1
2554.48,0.328613,0.0219727,0.885254,-10.9863,0.854492,-5.12695,1
2554.49,0.366211,0.123535,0.869141,-9.46045,0.244141,-5.00488,1
2554.5,0.443848,0.285156,0.907715,-10.437,-0.183105,-5.7373,1
2554.51,0.483887,-0.0336914,1.01367,-11.6577,-0.366211,-6.16455,1
2554.52,0.464355,-0.0893555,0.96875,-9.09424,-0.976562,-5.7373,1
2554.53,0.405273,0.158203,0.90918,-8.48389,-1.15967,-5.85938,1
2554.54,0.393066,0.00341797,0.884766,-9.94873,-1.58691,-5.79834,1
2554.55,0.35791,-0.164062,0.936035,-7.93457,-1.46484,-5.18799,1
2554.56,0.378906,0.0874023,1.05273,-7.26318,-1.15967,-5.12695,1
2554.57,0.378418,-0.0185547,1.08105,-9.33838,-0.671387,-5.43213,1
2554.58,0.430664,-0.194336,1.021,-8.66699,-0.793457,-5.06592,1
2554.59,0.453613,-0.0419922,0.990234,-8.23975,-0.488281,-4.94385,1
2554.59,0.400391,-0.115723,1.05908,-9.09424,-0.305176,-4.15039,1
2554.6,0.34082,-0.256348,1.08105,-8.8501,-0.12207,-3.84521,1
2554.61,0.357422,-0.050293,1.0293,-7.93457,0.244141,-4.02832,1
2554.62,0.414551,-0.0585938,1.05713,-9.64355,1.09863,-4.69971,1
2554.63,0.406738,-0.325684,1.04736,-8.23975,0.915527,-3.78418,1
2554.64,0.35498,-0.158203,1.07178,-5.61523,1.0376,-3.41797,1
2554.65,0.32666,-0.0737305,1.01562,-5.67627,1.0376,-4.02832,1
2554.66,0.335938,-0.302246,1.04102,-3.41797,1.46484,-3.2959,1
2554.67,0.32959,-0.174316,1.13135,-1.15967,1.58691,-2.92969,1
2554.68,0.333984,-0.1875,1.08643,-2.31934,1.09863,-3.23486,1
2554.69,0.331055,-0.340332,1.04541,-0.427246,1.58691,-2.44141,1
2554.7,0.369141,-0.13916,1.10693,0.427246,2.01416,-2.74658,1
2554.71,0.368164,-0.138672,1.16211,-1.09863,1.40381,-3.23486,1
2554.72,0.320312,-0.290527,1.10107,-0.183105,1.34277,-2.38037,1
2554.73,0.328125,-0.178223,1.06982,0.610352,0.915527,-2.56348,1
2554.74,0.328125,-0.09375,1.11572,0.610352,1.0376,-2.56348,1
2554.75,0.307129,-0.188477,1.18213,0.305176,0.549316,-2.74658,1
2554.76,0.306152,-0.246582,1.14551,1.89209,0.305176,-2.19727,1
2554.77,0.328613,-0.0698242,1.14258,2.68555,0.366211,-2.2583,1
2554.78,0.32959,-0.119141,1.14014,1.58691,0.366211,-2.38037,1
2554.79,0.36377,-0.238281,1.1001,1.64795,-0.488281,-2.19727,1
2554.8,0.331543,-0.18457,1.09912,2.44141,-0.488281,-2.01416,1
2554.81,0.367188,-0.0200195,1.08057,1.70898,-1.15967,-2.50244,1
2554.82,0.358398,-0.157715,1.06006,0.732422,-1.15967,-2.68555,1
2554.83,0.373047,-0.236816,1.09912,1.95312,-1.52588,-2.19727,1
2554.84,0.348145,0.0258789,1.146,1.95312,-1.58691,-2.13623,1
2554.85,0.350586,-0.0883789,1.06689,0,-1.64795,-2.62451,1
2554.86,0.387207,-0.16748,0.988281,1.64795,-1.95312,-2.13623,1
2554.87,0.384277,0.0375977,1.04346,0.854492,-1.15967,-2.50244,1
2554.88,0.373535,-0.116699,1.14062,-0.305176,-1.0376,-2.50244,1
2554.89,0.369629,-0.123535,1.15186,1.09863,-1.09863,-1.95312,1
2554.9,0.371094,0.0644531,1.09912,0.793457,-0.610352,-2.2583,1
2554.91,0.418457,-0.0830078,1.13037,0,-0.305176,-2.2583,1
2554.91,0.408203,-0.128418,1.09082,1.15967,-0.183105,-1.70898,1
2554.92,0.348145,0.0405273,1.0498,1.09863,0.305176,-1.64795,1
2554.93,0.360352,-0.00537109,1.06836,-0.244141,0.427246,-1.77002,1
2554.94,0.397461,-0.119629,1.07568,0.183105,0.488281,-1.15967,1
2554.95,0.353516,0.0610352,1.08984,0.732422,0.244141,-0.915527,1
2554.96,0.364746,0.0639648,0.950195,-0.549316,0.244141,-0.976562,1
2554.97,0.396973,-0.0327148,0.844238,0.12207,0,-0.12207,1
2554.98,0.449707,0.00634766,0.841309,0.427246,-0.366211,-0.12207,1
2554.99,0.373047,0.0859375,0.880371,1.40381,-0.732422,0.305176,1
2555,0.348633,0.129395,0.912598,1.28174,-0.732422,0.427246,1
2555.01,0.341797,-0.00146484,0.904785,2.31934,-0.854492,1.28174,1
2555.02,0.332031,0.050293,0.916016,4.08936,-1.40381,2.01416,1
2555.03,0.355957,0.140625,0.917969,3.78418,-0.976562,2.13623,1
2555.04,0.328125,0.112305,0.962891,3.479,-0.427246,2.62451,1
2555.05,0.296875,0.140137,1.03516,3.54004,0.183105,3.41797,1
2555.06,0.27002,0.257812,1.03564,2.68555,0.12207,3.78418,1
2555.07,0.245117,0.177246,1.05322,1.64795,0.854492,4.39453,1
2555.08,0.230957,0.228027,1.01758,2.80762,1.15967,5.61523,1
2555.09,0.202637,0.344727,0.988281,1.46484,2.01416,5.43213,1
2555.1,0.216797,0.21875,0.911133,1.40381,2.31934,6.16455,1
2555.11,0.168457,0.266113,0.946289,2.56348,2.86865,7.01904,1
2555.12,0.105469,0.363281,0.97998,2.01416,3.05176,7.20215,1
2555.13,0.0708008,0.289062,1.00928,2.38037,4.02832,7.75146,1
2555.14,-0.0146484,0.365234,0.956055,3.66211,4.76074,8.91113,1
2555.15,-0.0595703,0.393066,0.867188,3.17383,4.76074,8.91113,1
2555.16,-0.0283203,0.324219,0.853027,3.78418,5.00488,9.94873,1
2555.17,-0.0219727,0.450684,0.94043,4.39453,5.7373,10.6201,1
2555.18,-0.0864258,0.560059,0.912598,3.35693,5.79834,11.1084,1
2555.19,-0.124023,0.445801,0.939941,2.86865,6.22559,11.7798,1
2555.2,-0.17041,0.396484,0.918457,5.31006,6.46973,13.3057,1
2555.21,-0.13916,0.60498,0.878906,6.71387,6.40869,13.7329,1
2555.22,-0.146484,0.53125,0.9375,6.53076,7.08008,14.0381,1
2555.23,-0.138184,0.512207,0.894043,8.36182,5.98145,15.625,1
2555.24,-0.169922,0.607422,0.943359,8.97217,6.53076,16.0522,1
2555.25,-0.213379,0.518066,0.956543,9.33838,6.10352,16.8457,1
2555.26,-0.160645,0.542969,0.925781,10.0098,5.43213,18.0664,1
2555.26,-0.122559,0.639648,0.799316,9.58252,5.24902,18.4326,1
2555.27,-0.151367,0.655762,0.902344,9.39941,5.06592,19.6533,1
2555.28,-0.156738,0.632812,0.983887,8.72803,4.69971,19.7754,1
2555.29,-0.206543,0.646484,0.915527,8.8501,4.88281,20.874,1
2555.3,-0.189453,0.647949,0.879395,8.97217,4.5166,21.6675,1
2555.31,-0.135742,0.727539,0.876953,8.11768,3.90625,21.8506,1
2555.32,-0.120605,0.729492,0.977051,6.89697,3.54004,22.2778,1
2555.33,-0.121094,0.708008,1.05811,6.40869,3.35693,22.7661,1
2555.34,-0.172852,0.740723,1.04346,6.65283,4.15039,22.8882,1
2555.35,-0.134277,0.797852,1.06201,7.01904,3.41797,23.4375,1
2555.36,-0.117188,0.730957,0.984863,5.67627,3.60107,22.7661,1
2555.37,-0.12793,0.764648,0.931641,6.83594,3.35693,23.8647,1
2555.38,-0.181152,0.868164,1.00195,5.79834,3.90625,23.1323,1
2555.39,-0.148438,0.780762,1.05078,5.24902,3.66211,22.8882,1
2555.4,-0.189453,0.771973,1.0376,6.04248,3.96729,23.0103,1
2555.41,-0.208984,0.803711,1.07568,5.43213,3.35693,22.583,1
2555.42,-0.165527,0.813477,1.01221,5.37109,2.99072,23.1934,1
2555.43,-0.137207,0.800293,0.959473,3.479,3.2959,22.4609,1
2555.44,-0.113281,0.743164,0.95459,3.11279,2.50244,22.9492,1
2555.45,-0.10791,0.90332,0.97168,2.31934,2.99072,22.7051,1
2555.46,-0.157227,0.750488,0.963867,0.488281,2.56348,22.0947,1
2555.47,-0.21582,0.722168,0.927734,2.56348,1.89209,23.3765,1
2555.48,-0.172852,0.952637,0.983887,0.854492,1.77002,22.3389,1
2555.49,-0.134277,0.750977,0.925293,-0.427246,1.58691,22.7661,1
2555.5,-0.0986328,0.768555,0.90918,0.12207,1.15967,22.8882,1
2555.51,-0.169922,0.953613,0.90918,-1.0376,1.40381,22.7661,1
2555.52,-0.226562,0.891113,0.914062,-0.793457,1.09863,23.1323,1
2555.53,-0.225098,0.888672,1.01855,0.12207,1.09863,23.1323,1
2555.54,-0.169922,0.765625,1.05566,1.34277,0.549316,23.3765,1
2555.55,-0.111816,0.900879,0.98584,3.35693,0.366211,24.0479,1
2555.55,-0.143555,0.892578,0.933105,2.56348,0.305176,23.2544,1
2555.56,-0.17041,0.856934,0.943359,4.69971,0,24.0479,1
2555.57,-0.162598,1.12549,1.01514,4.88281,0.915527,23.6816,1
2555.58,-0.120117,0.84375,0.956055,4.39453,0.610352,24.1699,1
2555.59,-0.147949,0.777832,0.959473,6.71387,0,24.5972,1
2555.6,-0.132324,1.02637,0.946777,5.37109,0,23.8647,1
2555.61,-0.138184,0.908691,0.887207,4.15039,0.183105,24.6582,1
2555.62,-0.136719,0.884766,0.906738,3.23486,0.732422,24.292,1
2555.63,-0.065918,1.03906,0.916016,1.58691,0.0610352,23.8037,1
2555.64,-0.118164,0.77002,0.999512,0.427246,1.0376,24.231,1
2555.65,-0.15332,1.04443,0.90332,2.13623,-0.0610352,24.5972,1
2555.66,-0.180664,1.09961,0.98584,-0.976562,0.305176,23.8647,1
2555.67,-0.166504,0.76123,1.0498,-0.732422,0.427246,24.5361,1
2555.68,-0.115723,1.07812,0.992676,0.793457,0.976562,24.7803,1
2555.69,-0.181152,1.05127,1.02686,-0.915527,1.2207,24.292,1
2555.7,-0.131836,0.865234,1.01855,0.183105,0.671387,24.1089,1
2555.71,-0.158203,0.995605,0.959473,1.09863,0.732422,24.7192,1
2555.72,-0.172852,0.891113,0.970215,-0.305176,0.610352,24.353,1
2555.73,-0.111328,1.01465,0.943848,0.671387,-0.305176,25.2075,1
2555.74,-0.14209,0.984375,0.989746,-0.793457,0.366211,25.2686,1
2555.75,-0.121094,0.788574,0.990723,-0.732422,-0.183105,25.5127,1
2555.76,-0.0864258,1.13965,0.880371,-0.305176,0.0610352,25.2686,1
2555.77,-0.0908203,0.942383,0.86084,-4.45557,0.12207,24.7803,1
2555.78,-0.114258,0.713867,0.934082,-1.40381,-0.671387,26.3062,1
2555.79,-0.0361328,1.0791,0.962402,-2.0752,-0.488281,25.7568,1
2555.8,-0.0571289,1.02539,0.932129,-3.90625,-0.366211,25.6348,1
2555.8,-0.0683594,0.786133,0.875488,-2.50244,-0.610352,26.1841,1
2555.81,-0.13623,1.03516,0.98291,-0.305176,-0.732422,26.1841,1
2555.82,-0.0771484,1.08301,0.983398,-2.38037,-0.549316,24.9634,1
2555.83,-0.0805664,0.831055,1.05078,-0.793457,0,26.123,1
2555.84,-0.0253906,1.10596,1.05859,0.0610352,0.305176,25.0244,1
2555.85,-0.078125,0.942871,0.962891,-1.64795,0.12207,25.6348,1
2555.86,-0.146484,0.754395,0.967773,0.915527,0.610352,25.6348,1
2555.87,-0.0732422,1.29883,0.912109,1.58691,0.671387,25.3906,1
2555.88,-0.0917969,0.86377,1.05225,-1.95312,1.2207,24.9634,1
2555.89,-0.0737305,0.801758,1.05615,2.13623,0.427246,26.2451,1
2555.9,-0.0927734,1.21045,0.978516,-0.793457,0.244141,25.1465,1
2555.91,-0.0288086,0.850098,0.875488,-0.915527,0.793457,25.3296,1
2555.92,-0.0874023,0.80957,0.994629,0.610352,1.28174,25.8789,1
2555.93,-0.111328,1.18652,1.00879,-0.244141,0.976562,25.0854,1
2555.94,-0.118164,0.924316,0.864258,-3.11279,0.854492,25.4517,1
2555.95,-0.162598,0.84668,0.999023,-0.610352,1.40381,25.5127,1
2555.96,-0.205566,1.06445,0.908691,-2.99072,1.2207,24.4751,1
2555.97,-0.21875,0.822754,0.964844,-2.86865,2.13623,25.2686,1
2555.98,-0.152832,1.07617,1.04492,-2.0752,2.01416,24.353,1
2555.99,-0.23877,1.01562,0.964355,-3.84521,2.68555,24.4141,1
2556,-0.228516,0.758301,0.958008,-3.2959,1.95312,23.9258,1
2556.01,-0.221191,0.889648,0.987305,-0.610352,2.19727,24.292,1
2556.02,-0.220215,0.997559,0.941895,-2.68555,2.99072,23.0713,1
2556.03,-0.273438,0.781738,0.88916,-2.80762,3.17383,23.1934,1
2556.04,-0.306152,1.06299,0.866699,-3.35693,3.479,22.7661,1
2556.05,-0.249023,0.842773,0.857422,-6.10352,3.84521,22.3999,1
2556.06,-0.241699,0.73291,0.86084,-3.23486,3.479,22.8882,1
2556.07,-0.257812,0.930176,0.797852,-4.82178,3.66211,21.8506,1
2556.08,-0.303711,0.857422,0.862793,-4.82178,3.35693,23.1323,1
2556.09,-0.296875,0.762695,0.879395,-6.5918,3.05176,21.7896,1
2556.1,-0.275879,0.648926,0.789551,-5.7373,2.62451,22.7051,1
2556.11,-0.319824,0.942383,0.910156,-5.43213,2.99072,22.583,1
2556.12,-0.296875,0.972168,0.913574,-8.11768,2.99072,21.6064,1
2556.13,-0.296875,0.656738,0.826172,-6.53076,3.17383,22.7661,1
2556.13,-0.352051,0.869629,0.830566,-4.69971,2.68555,22.3389,1
2556.14,-0.343262,0.937988,0.933105,-5.85938,2.92969,21.4844,1
2556.15,-0.269043,0.628906,0.888184,-4.45557,2.56348,21.7896,1
2556.16,-0.294434,0.822754,0.929199,-1.0376,2.62451,22.7051,1
2556.17,-0.377441,0.983398,0.973145,-2.68555,2.86865,21.4844,1
2556.18,-0.393555,0.708984,0.895996,-3.78418,2.62451,21.1182,1
2556.19,-0.253906,0.552246,0.824707,-0.427246,2.38037,22.2778,1
2556.2,-0.299316,0.958008,0.854492,0.244141,2.19727,21.1182,1
2556.21,-0.365234,0.766602,0.899414,-2.38037,2.13623,20.5688,1
2556.22,-0.448242,0.617188,0.975098,1.46484,2.13623,21.5454,1
2556.23,-0.285156,1.09912,0.956543,0.12207,1.77002,20.2637,1
2556.24,-0.381836,0.685059,0.941895,-2.50244,2.19727,19.165,1
2556.25,-0.422852,0.651367,0.904785,0.366211,1.40381,20.2026,1
2556.26,-0.455078,0.995117,0.950684,0.549316,2.74658,19.8364,1
2556.27,-0.343262,0.776367,1.05811,-3.11279,1.46484,18.1274,1
2556.28,-0.262207,0.533691,0.910645,0.549316,0.671387,19.2871,1
2556.29,-0.358887,1.03516,0.939453,0.0610352,1.09863,17.7612,1
2556.3,-0.378418,0.699219,0.927734,-3.17383,1.46484,16.6016,1
2556.31,-0.338867,0.578613,0.887207,0.671387,1.15967,18.0664,1
2556.32,-0.339844,1.10596,1.02148,0.0610352,0.915527,16.8457,1
2556.33,-0.372559,0.713379,0.850098,-3.72314,0.0610352,15.9302,1
2556.34,-0.441895,0.662598,0.975098,0.854492,0.732422,17.0288,1
2556.35,-0.345703,1.16943,0.963379,-1.34277,0.793457,15.0146,1
2556.36,-0.31543,0.750488,1.00049,-4.27246,1.0376,14.5874,1
2556.37,-0.385742,0.661621,1.01172,-1.40381,0,15.8691,1
2556.38,-0.43457,0.95166,1.01416,-1.28174,0.488281,14.5264,1
2556.39,-0.421875,0.827148,0.958008,-2.80762,0.610352,13.855,1
2556.4,-0.291504,0.640137,0.936035,-0.12207,-0.0610352,14.2822,1
2556.41,-0.339355,0.94043,0.981934,0.549316,-0.305176,13.0615,1
2556.42,-0.483887,0.755859,0.991699,-0.488281,0.793457,11.8408,1
2556.42,-0.489258,0.702637,1.00928,2.86865,0.793457,12.5732,1
2556.43,-0.361816,0.906738,1.02197,1.95312,0.976562,10.376,1
2556.44,-0.272461,0.657715,0.886719,0.183105,1.09863,10.1929,1
2556.45,-0.413574,0.484375,0.980957,0.671387,0.549316,9.33838,1
2556.46,-0.4375,0.737305,0.984863,1.28174,-0.793457,8.78906,1
2556.47,-0.484375,0.775391,1.04102,-1.46484,0.305176,6.53076,1
2556.48,-0.308594,0.664551,0.941895,-2.68555,-0.366211,5.5542,1
2556.49,-0.307129,0.645996,0.952148,-4.45557,0.427246,3.78418,1
2556.5,-0.351562,0.636719,0.96582,-8.23975,-1.0376,2.13623,1
2556.51,-0.418457,0.467773,0.940918,-9.0332,-0.671387,1.34277,1
2556.52,-0.419434,0.535156,0.952637,-10.0098,-1.40381,0.0610352,1
2556.53,-0.541992,0.622559,0.959473,-10.9253,-1.34277,-1.83105,1
2556.54,-0.416504,0.436035,1.11133,-12.3901,-1.09863,-4.08936,1
2556.55,-0.297852,0.52002,1.05713,-11.1694,-1.95312,-4.76074,1
2556.56,-0.307129,0.436523,0.8125,-14.2822,-2.31934,-6.83594,1
2556.57,-0.489258,0.134277,0.897461,-12.8784,-3.479,-7.56836,1
2556.58,-0.497559,0.437988,0.94043,-10.1929,-3.23486,-8.60596,1
2556.59,-0.431641,0.252441,0.98584,-10.2539,-2.0752,-10.9863,1
2556.6,-0.40625,0.346191,1.0083,-6.34766,-3.66211,-12.146,1
2556.61,-0.342285,0.589844,0.986816,-6.22559,-3.05176,-14.2822,1
2556.62,-0.437012,0.278809,1.02148,-5.61523,-3.35693,-15.5029,1
2556.63,-0.433105,0.334473,1.05078,-2.2583,-3.54004,-16.4795,1
2556.64,-0.474609,0.28125,1.03076,-1.58691,-1.52588,-18.0054,1
2556.65,-0.421387,0.0830078,1.15576,-0.915527,-2.56348,-19.3481,1
2556.66,-0.407227,0.266113,1.0791,-0.0610352,-2.01416,-19.4702,1
2556.67,-0.410156,0.280273,1.00879,-2.74658,-1.28174,-21.2402,1
2556.68,-0.461914,-0.120605,1.0957,-4.27246,-1.28174,-22.2778,1
2556.69,-0.500488,0.124023,1.14014,-1.83105,0,-20.874,1
2556.7,-0.410645,0.145996,1.14795,-7.26318,0.671387,-22.7661,1
2556.71,-0.487305,-0.438965,1.09863,-7.69043,-0.12207,-22.0337,1
2556.71,-0.287598,0.141113,0.894531,-6.89697,-0.0610352,-20.4468,1
2556.72,-0.505371,0.13623,1.06299,-13.9771,2.19727,-21.6675,1
2556.73,-0.385254,-0.47168,0.949707,-17.395,1.0376,-21.6064,1
2556.74,-0.549316,-0.352051,0.991699,-14.6484,1.83105,-19.104,1
2556.75,-0.536133,-0.111328,1.01416,-16.6626,2.01416,-20.9961,1
2556.76,-0.400879,-0.296387,0.772461,-16.5405,2.56348,-20.813,1
2556.77,-0.503906,-0.425293,0.963867,-12.8174,2.92969,-19.5923,1
2556.78,-0.319336,-0.207031,0.955078,-12.5122,1.58691,-19.9585,1
2556.79,-0.262695,-0.341797,0.80127,-12.146,2.56348,-19.043,1
2556.8,-0.424316,-0.52832,0.847656,-8.30078,3.54004,-18.1885,1
2556.81,-0.554199,-0.505859,0.879395,-7.01904,2.74658,-18.4326,1
2556.82,-0.410645,-0.69873,0.729492,-2.99072,3.72314,-17.0288,1
2556.83,-0.504883,-0.174805,0.914062,-0.732422,4.45557,-17.2119,1
2556.84,-0.256348,-0.362305,0.836914,-4.57764,4.21143,-17.8223,1
2556.85,-0.491211,-0.688477,1.05176,-2.62451,3.66211,-17.4561,1
2556.86,-0.298828,-0.0864258,0.811523,-2.19727,3.72314,-17.7612,1
2556.87,-0.368164,-0.444824,0.715332,-6.46973,4.88281,-17.0288,1
2556.88,-0.297852,-0.742188,0.872559,-4.94385,4.02832,-15.9302,1
2556.89,-0.257812,-0.137695,0.979492,-5.31006,1.95312,-16.1743,1
2556.9,-0.504883,-0.390137,1.10986,-10.376,3.54004,-17.0898,1
2556.91,-0.408691,-0.725098,0.907227,-8.42285,2.92969,-16.4795,1
2556.92,-0.264648,-0.487305,0.812988,-8.42285,4.63867,-16.5405,1
2556.93,-0.321289,-0.578125,0.978516,-8.91113,3.23486,-15.5029,1
2556.94,-0.278809,-0.400391,1.021,-6.83594,1.46484,-15.0146,1
2556.95,-0.323242,-0.433594,0.937988,-8.05664,1.83105,-15.3198,1
2556.96,-0.418457,-0.655762,0.907715,-5.85938,2.31934,-14.8315,1
2556.97,-0.356445,-0.540527,0.923828,-4.88281,0.366211,-15.4419,1
2556.98,-0.296387,-0.478516,0.921875,-2.92969,0.12207,-13.855,1
2556.99,-0.257324,-0.349609,0.971191,-2.80762,0.12207,-14.5264,1
2557,-0.28125,-0.631836,0.931152,-2.86865,0.12207,-14.8315,1
2557.01,-0.384766,-0.48584,0.783203,1.77002,0.244141,-13.0615,1
2557.02,-0.42627,-0.29541,0.895508,-0.549316,0,-14.3433,1
2557.03,-0.336914,-0.622559,1.07373,0,-0.671387,-13.2446,1
2557.04,-0.258301,-0.50293,1.05029,2.92969,0,-12.0239,1
2557.05,-0.268066,-0.466797,0.918457,2.68555,-0.305176,-12.3901,1
2557.05,-0.347168,-0.601562,0.897949,3.96729,-0.793457,-11.4136,1
2557.06,-0.351074,-0.397949,0.991699,4.57764,-0.366211,-10.8032,1
2557.07,-0.320801,-0.523438,1.06982,1.89209,0.183105,-11.2915,1
2557.08,-0.26709,-0.561035,1.02295,2.44141,-0.305176,-9.52148,1
2557.09,-0.297363,-0.502441,0.907715,0.305176,0.366211,-9.70459,1
2557.1,-0.349121,-0.54541,0.918457,-0.610352,0.244141,-8.97217,1
2557.11,-0.32959,-0.398438,1.00586,-2.99072,0.671387,-9.15527,1
2557.12,-0.291992,-0.638672,1.09473,-4.39453,1.46484,-9.21631,1
2557.13,-0.253418,-0.493164,0.929688,-3.2959,1.28174,-8.42285,1
2557.14,-0.310059,-0.416504,0.819336,-5.43213,2.38037,-9.15527,1
2557.15,-0.362305,-0.568359,0.885742,-6.22559,1.28174,-9.15527,1
2557.16,-0.29248,-0.502441,0.983887,-7.08008,1.70898,-10.0098,1
2557.17,-0.291992,-0.533691,1.00781,-8.05664,2.80762,-10.5591,1
2557.18,-0.309082,-0.62793,0.942383,-8.66699,1.95312,-10.9863,1
2557.19,-0.368652,-0.621582,0.819824,-7.50732,1.83105,-10.9253,1
2557.2,-0.326172,-0.563477,0.890137,-6.89697,2.01416,-12.146,1
2557.21,-0.297363,-0.592773,0.958008,-6.7749,2.44141,-13.4888,1
2557.22,-0.264648,-0.634277,0.914551,-5.00488,2.38037,-13.6719,1
2557.23,-0.37207,-0.687988,0.854004,-3.72314,2.01416,-14.9536,1
2557.24,-0.373535,-0.626465,0.863281,-3.2959,1.52588,-16.2964,1
2557.25,-0.293945,-0.751465,1.05615,-3.60107,1.83105,-17.2729,1
2557.26,-0.217773,-0.525391,1.07324,-1.70898,0.915527,-17.0898,1
2557.27,-0.197266,-0.552246,0.883301,-2.62451,1.52588,-18.4326,1
2557.28,-0.336914,-0.754883,0.828613,-0.244141,1.0376,-19.043,1
2557.29,-0.361816,-0.614258,0.786133,1.0376,0.732422,-19.7754,1
2557.3,-0.266113,-0.72998,0.902344,1.09863,0.549316,-21.0571,1
2557.31,-0.21875,-0.660645,1.05713,3.11279,-0.305176,-21.2402,1
2557.32,-0.208984,-0.633789,0.972168,2.50244,0.427246,-22.3389,1
2557.33,-0.239258,-0.72168,0.922852,3.41797,-0.244141,-22.0947,1
2557.34,-0.216797,-0.62207,0.946289,3.05176,-0.488281,-22.7661,1
2557.35,-0.158691,-0.731445,1.0083,2.13623,-0.854492,-23.4375,1
2557.36,-0.138184,-0.754395,1.03613,3.23486,-0.976562,-22.9492,1
2557.37,-0.17041,-0.576172,0.975098,2.86865,-1.09863,-23.2544,1
2557.38,-0.183594,-0.65332,0.90332,0.488281,-0.976562,-24.231,1
2557.38,-0.209961,-0.803223,0.924316,0.610352,-1.28174,-23.5596,1
2557.39,-0.177246,-0.551758,1.03711,0.366211,-1.34277,-23.8037,1
2557.4,-0.113281,-0.702148,1.0625,-1.95312,-1.0376,-24.4751,1
2557.41,-0.0800781,-0.925781,1.05566,-0.488281,-1.64795,-23.5596,1
2557.42,-0.123535,-0.60791,1.08154,0.427246,-0.671387,-23.6206,1
2557.43,-0.138184,-0.695312,1.00391,-1.34277,-0.793457,-24.231,1
2557.44,-0.161621,-0.893555,0.971191,1.0376,-1.52588,-23.1934,1
2557.45,-0.102051,-0.583984,0.953613,0.671387,-1.89209,-23.8647,1
2557.46,-0.105469,-0.832031,1.01807,-1.15967,-1.2207,-24.1089,1
2557.47,-0.119629,-0.938965,1.07666,1.40381,-1.64795,-23.1934,1
2557.48,-0.129395,-0.699219,1.07275,1.77002,-1.09863,-23.7427,1
2557.49,-0.0493164,-0.852539,1.00537,1.58691,-1.64795,-23.8647,1
2557.5,-0.0463867,-0.79541,0.989746,3.35693,-2.19727,-23.3765,1
2557.51,-0.0214844,-0.688965,0.925781,1.83105,-2.01416,-24.292,1
2557.52,-0.0395508,-0.782715,0.939941,1.28174,-1.40381,-23.8647,1
2557.53,-0.0317383,-0.798828,1.04346,0,-2.01416,-24.231,1
2557.54,0.0380859,-0.770996,1.09229,-0.488281,-2.2583,-24.292,1
2557.55,0.0244141,-0.659668,1.0459,-0.671387,-2.38037,-23.8037,1
2557.56,0.0810547,-0.852051,0.930176,-1.46484,-2.19727,-24.0479,1
2557.57,0.0854492,-0.814453,0.875977,0.305176,-2.13623,-23.3154,1
2557.58,0.0839844,-0.722168,0.99707,-1.34277,-1.28174,-24.231,1
2557.59,0.0737305,-0.830566,1.06348,-1.64795,-1.83105,-23.7427,1
2557.59,0.050293,-0.722168,0.990234,-0.854492,-1.77002,-23.0713,1
2557.6,0.0673828,-0.836914,0.946777,-1.28174,-0.915527,-23.3154,1
2557.61,0.0795898,-0.844727,0.968262,-0.183105,-0.732422,-23.1934,1
2557.62,0.125977,-0.744629,0.944336,0,0.183105,-22.7661,1
2557.63,0.0537109,-0.670898,1.03271,-0.671387,0,-22.7661,1
2557.64,0.0795898,-0.827148,0.989258,-1.2207,0.12207,-22.644,1
2557.65,0.0766602,-0.790039,0.94873,0.915527,1.2207,-21.6675,1
2557.66,0.0200195,-0.813477,0.954102,-0.12207,1.34277,-22.8271,1
2557.67,0.0722656,-0.814453,0.958984,0.610352,0.793457,-22.2778,1
2557.68,0.0581055,-0.648926,1.00928,-0.12207,1.58691,-22.522,1
2557.69,0.0375977,-0.798828,1.05127,-1.2207,1.46484,-22.8882,1
2557.7,0.0317383,-0.833984,1,0.366211,1.40381,-22.2778,1
2557.71,0.0385742,-0.721191,0.9375,1.09863,1.40381,-22.3999,1
2557.72,0.0507812,-0.795898,0.928711,0.793457,0.488281,-23.1934,1
2557.73,0.108398,-0.725586,0.943359,1.64795,0.0610352,-22.8271,1
2557.74,0.0825195,-0.771973,1.03516,1.15967,0.793457,-23.3154,1
2557.75,0.0166016,-0.824219,1.02734,1.89209,-0.0610352,-23.2544,1
2557.76,0.0541992,-0.731445,0.911133,2.01416,0.0610352,-23.5596,1
2557.77,0.0834961,-0.684082,0.872559,1.89209,0.244141,-23.5596,1
2557.78,0.119141,-0.788574,0.874023,0.488281,-0.12207,-24.231,1
2557.79,0.104492,-0.8125,0.974121,1.28174,-0.305176,-23.6816,1
2557.8,0.0532227,-0.655273,1.06689,1.09863,0.183105,-23.8037,1
2557.81,0.0463867,-0.767578,0.972656,0.183105,0.305176,-23.8647,1
2557.82,0.0668945,-0.691406,0.893066,1.2207,-0.0610352,-23.1934,1
2557.83,0.0766602,-0.759277,0.938477,-0.732422,0.549316,-23.9868,1
2557.84,0.0527344,-0.861328,1.02246,0.427246,0.305176,-22.9492,1
2557.85,0.0424805,-0.735352,1.07861,0.305176,0.976562,-23.3765,1
2557.86,0.0375977,-0.833008,1.06104,0.183105,1.40381,-23.6206,1
2557.87,0.027832,-0.817871,0.950684,1.40381,1.70898,-22.8271,1
2557.88,0.0102539,-0.760254,0.976074,0.732422,2.19727,-23.3154,1
2557.89,-0.0302734,-0.736816,0.998047,0.427246,1.64795,-23.4375,1
2557.9,-9.765625e-04,-0.814941,0.984375,0.427246,2.86865,-23.4985,1
2557.91,-0.0288086,-0.790039,0.987793,0.915527,2.86865,-22.9492,1
2557.92,-0.0473633,-0.813965,1.00391,-0.610352,2.50244,-24.1089,1
2557.93,-0.0410156,-0.766602,0.962891,-0.183105,2.56348,-23.9258,1
2557.94,-0.0327148,-0.706055,0.893555,-0.549316,2.80762,-24.353,1
2557.95,-0.0380859,-0.822754,0.813965,-0.305176,2.13623,-24.9634,1
2557.96,-0.0810547,-0.728516,0.858887,0.12207,1.58691,-25.3296,1
2557.96,-0.116699,-0.817383,0.957031,-0.854492,2.19727,-26.2451,1
2557.97,-0.12207,-0.788086,0.996094,0.366211,1.28174,-25.7568,1
2557.98,-0.10498,-0.733398,0.953125,-0.427246,0.793457,-27.1606,1
2557.99,-0.0493164,-0.850586,0.898438,1.0376,0.732422,-27.0996,1
2558,-0.0683594,-0.702637,0.869629,2.80762,0.610352,-27.4048,1
2558.01,-0.133789,-0.846191,0.924805,1.2207,0.854492,-28.7476,1
2558.02,-0.150879,-0.925293,1.01172,3.23486,0,-27.6489,1
2558.03,-0.131348,-0.738281,1.03809,2.50244,0.244141,-28.5034,1
2558.04,-0.141602,-0.899414,0.989258,2.0752,0.305176,-28.3203,1
2558.05,-0.130371,-0.763672,0.938477,2.44141,0.305176,-28.6255,1
2558.06,-0.179688,-0.848633,0.934082,0.549316,1.2207,-29.541,1
2558.07,-0.13623,-0.854004,0.966797,2.13623,0.976562,-28.0151,1
2558.08,-0.151367,-0.81543,1.02979,0.366211,1.34277,-29.1748,1
2558.09,-0.112305,-0.956543,1.00342,1.0376,1.52588,-28.2593,1
2558.1,-0.109375,-0.785645,0.97168,0.976562,2.44141,-28.8086,1
2558.11,-0.12793,-0.887207,0.97998,-0.976562,2.38037,-29.48,1
2558.12,-0.128906,-0.821777,0.949707,0.427246,1.77002,-28.5034,1
2558.13,-0.17334,-0.757812,0.978516,-1.15967,2.31934,-29.3579,1
2558.14,-0.163574,-0.94873,0.996582,0.12207,2.2583,-28.5645,1
2558.15,-0.158203,-0.78125,0.963867,0.732422,3.05176,-28.6865,1
2558.16,-0.109863,-0.839844,0.911621,0.0610352,3.2959,-29.2358,1
2558.17,-0.114258,-0.924316,0.929199,0.976562,2.50244,-28.9307,1
2558.18,-0.133789,-0.817871,0.899414,1.52588,2.01416,-29.0527,1
2558.19,-0.19043,-0.858398,0.966797,1.28174,2.31934,-29.7241,1
2558.2,-0.220703,-0.844727,0.973145,1.52588,1.95312,-30.1514,1
2558.21,-0.144531,-0.837402,1.02295,1.70898,2.74658,-30.2734,1
2558.22,-0.169922,-0.811035,0.983398,2.31934,1.95312,-30.0293,1
2558.23,-0.137207,-0.895508,0.874023,1.89209,1.0376,-30.7007,1
2558.24,-0.155762,-0.848633,0.90625,3.54004,0.549316,-30.3345,1
2558.25,-0.24707,-0.716309,0.990723,1.64795,0.549316,-31.5552,1
2558.26,-0.21875,-0.931152,0.936523,0.793457,0.305176,-31.6162,1
2558.27,-0.185059,-0.912109,0.998047,1.64795,0.12207,-31.4941,1
2558.28,-0.133301,-0.885254,1.0249,1.0376,0.244141,-31.7993,1
2558.29,-0.138184,-0.815918,1.02734,0.793457,0,-32.1045,1
2558.3,-0.192383,-0.928711,0.949219,0.732422,0,-31.7383,1
2558.3,-0.200195,-0.757324,0.914062,1.95312,0,-31.5552,1
2558.31,-0.216309,-0.783691,0.88623,-0.915527,0.12207,-32.8979,1
2558.32,-0.135742,-1.01709,0.866211,0.427246,-0.366211,-31.5552,1
2558.33,-0.192383,-0.896484,0.97168,1.34277,0.366211,-31.4941,1
2558.34,-0.18457,-0.918945,1.10205,0.183105,0.0610352,-32.4707,1
2558.35,-0.204102,-0.98291,1.03857,1.40381,0.12207,-31.4331,1
2558.36,-0.158203,-0.786133,0.912109,1.15967,0.732422,-31.311,1
2558.37,-0.217285,-0.982422,0.978027,-0.549316,0.915527,-31.4941,1
2558.38,-0.141113,-0.905762,1.01611,0.976562,0.305176,-30.8838,1
2558.39,-0.144043,-0.827148,1.00928,0,2.0752,-30.9448,1
2558.4,-0.197266,-0.927246,0.990723,0,1.28174,-30.4565,1
2558.41,-0.186523,-0.937988,0.929199,-0.488281,1.46484,-30.8228,1
2558.42,-0.150879,-0.858398,0.924316,0.427246,2.0752,-29.9683,1
2558.43,-0.197754,-0.999023,1.04004,-0.793457,2.50244,-31.0669,1
2558.44,-0.120117,-0.935547,0.984863,0.976562,1.83105,-30.2124,1
2558.45,-0.119629,-0.794434,0.889648,0.549316,2.74658,-30.2124,1
2558.46,-0.153809,-0.878906,0.912598,0,2.50244,-30.5786,1
2558.47,-0.172852,-0.910645,0.96582,0.549316,1.83105,-30.4565,1
2558.48,-0.109863,-0.756836,0.880371,0.183105,2.0752,-30.6396,1
2558.49,-0.127441,-1.01807,0.899414,0.12207,2.01416,-29.9072,1
2558.5,-0.156738,-0.885254,0.94873,2.01416,1.46484,-30.3345,1
2558.51,-0.108398,-0.795898,0.911133,1.09863,1.95312,-31.1279,1
2558.52,-0.148438,-1.13086,0.95752,2.13623,1.83105,-30.1514,1
2558.53,-0.169434,-0.779297,0.994141,2.80762,0.610352,-30.9448,1
2558.54,-0.104004,-0.867676,0.94043,0.610352,1.58691,-30.7617,1
2558.55,-0.103516,-0.920898,0.938965,1.89209,1.58691,-30.5786,1
2558.56,-0.134277,-0.893066,0.90332,0.915527,1.0376,-31.1279,1
2558.57,-0.13623,-0.944824,0.936035,1.2207,0.366211,-30.3955,1
2558.58,-0.153809,-0.918457,0.97998,1.09863,1.09863,-30.5176,1
2558.59,-0.105957,-0.92041,0.943359,0.854492,1.70898,-30.8228,1
2558.6,-0.11084,-0.934082,0.933594,0.854492,0.915527,-30.5786,1
2558.61,-0.10498,-0.82666,0.909668,0.793457,0.610352,-30.7007,1
2558.62,-0.11377,-0.883789,0.911621,-0.305176,0.305176,-31.25,1
2558.63,-0.0957031,-0.874512,0.862793,1.40381,0.915527,-30.0903,1
2558.64,-0.168945,-0.861328,0.882324,-0.671387,1.09863,-31.311,1
2558.64,-0.101074,-1.08838,0.980469,0.305176,0.427246,-30.4565,1
2558.65,-0.0957031,-0.822754,1.02979,0.976562,0.854492,-30.5786,1
2558.66,-0.0839844,-0.850098,0.966797,-1.2207,0.915527,-30.7617,1
2558.67,-0.0678711,-1.07178,0.925293,0.366211,0.732422,-30.0293,1
2558.68,-0.0859375,-0.84668,0.932617,0.793457,0.732422,-30.7617,1
2558.69,-0.078125,-1.00293,0.936523,-0.12207,1.40381,-30.3955,1
2558.7,-0.0981445,-0.916992,1.00928,1.34277,0.976562,-29.7852,1
2558.71,-0.104004,-0.870117,1.00537,-1.2207,0.915527,-30.8228,1
2558.72,-0.0556641,-1.08057,0.991211,0.305176,1.2207,-29.541,1
2558.73,-0.0219727,-0.836426,0.958984,0.793457,1.15967,-29.6021,1
2558.74,0.00927734,-1.01709,0.955566,-0.183105,0.976562,-29.48,1
2558.75,0.00195312,-0.883789,0.966309,0.854492,0.488281,-29.7852,1
2558.76,0.00585938,-0.906738,0.944336,-0.732422,1.0376,-30.2124,1
2558.77,0.0117188,-0.927246,0.980469,0.244141,0.549316,-29.3579,1
2558.78,-0.0297852,-0.851562,1.00293,-1.0376,0.305176,-29.8462,1
2558.79,-0.00585938,-1.06299,0.900879,-0.12207,0.549316,-29.1138,1
2558.8,-0.0722656,-0.947266,0.894531,1.34277,0.244141,-29.0527,1
2558.81,-0.0258789,-0.983887,0.998535,0.427246,0.488281,-29.541,1
2558.82,-0.0292969,-0.938477,1.01123,0.732422,0,-28.6865,1
2558.83,-0.00244141,-0.837402,0.962402,0,0.305176,-28.5645,1
2558.84,-0.0439453,-1.01953,0.953613,-0.366211,0.793457,-28.4424,1
2558.85,-0.059082,-1.01611,0.965332,2.0752,0.549316,-27.771,1
2558.86,-0.050293,-0.768555,0.966797,0.732422,1.0376,-28.8696,1
2558.87,-0.0200195,-0.92627,0.975586,0.12207,0.610352,-28.2593,1
2558.88,-0.0493164,-0.978516,0.926758,1.77002,0.488281,-27.4048,1
2558.89,-0.0249023,-0.860352,0.928711,1.77002,0.732422,-27.9541,1
2558.9,-0.0537109,-1.0542,0.958984,1.52588,0.976562,-28.0151,1
2558.91,-0.0239258,-0.986328,0.943359,3.96729,0.915527,-27.0996,1
2558.92,0.00341797,-0.692871,0.923828,2.68555,0.549316,-27.9541,1
2558.92,-0.00683594,-1.03857,0.948242,1.64795,0.427246,-27.5269,1
2558.93,0.0239258,-0.938965,0.95752,3.90625,0.0610352,-26.9165,1
2558.94,-0.00146484,-0.793945,0.942383,2.19727,0.854492,-27.5269,1
2558.95,-0.00292969,-0.981934,0.954102,2.2583,0.488281,-27.2827,1
2558.96,0.0258789,-0.879395,0.928223,3.2959,0.427246,-26.9165,1
2558.97,0.0112305,-0.819336,0.899902,1.77002,0,-27.771,1
2558.98,0.0693359,-0.982422,0.938965,0.793457,-0.488281,-27.4658,1
2558.99,-0.00537109,-1.01221,0.988281,1.40381,0.12207,-26.7334,1
2559,-0.0288086,-0.817871,1.00732,0.427246,0.12207,-26.9165,1
2559.01,-0.0195312,-0.924316,1.05078,-0.671387,0.183105,-27.0386,1
2559.02,0.0385742,-0.849609,0.971191,0.305176,-0.366211,-26.4282,1
2559.03,0.0678711,-0.789062,0.914062,-1.40381,0,-27.1606,1
2559.04,0.00244141,-1.01611,0.961426,-0.549316,0,-26.4893,1
2559.05,0.00292969,-0.861816,0.991211,0.610352,-0.0610352,-26.062,1
2559.06,0.0229492,-0.904297,1.00488,0,0.549316,-26.4893,1
2559.07,0.0664062,-0.905762,0.962402,2.01416,-0.366211,-25.3906,1
2559.08,0.0576172,-0.94043,0.910156,1.34277,0.305176,-26.123,1
2559.09,0.0317383,-0.924805,0.917969,2.68555,-0.305176,-25.5127,1
2559.1,0.0297852,-0.832031,1.01318,2.19727,0.366211,-26.001,1
2559.11,0.0732422,-0.856934,0.98291,2.86865,0.12207,-25.2075,1
2559.12,0.127441,-0.84375,0.919434,3.11279,0,-24.9634,1
2559.13,0.11084,-0.846191,0.905762,2.74658,0,-25.2686,1
2559.14,0.0776367,-0.878906,0.987305,1.70898,-0.183105,-25.3296,1
2559.15,0.0854492,-0.886719,1.00537,1.95312,0.244141,-24.292,1
2559.16,0.0654297,-0.806641,0.992188,0.854492,0,-24.5972,1
2559.17,0.0991211,-0.87793,0.957031,0.305176,-0.244141,-24.7803,1
2559.18,0.074707,-0.89502,0.948242,1.46484,0.366211,-23.9258,1
2559.19,0.0708008,-0.79834,1.04199,0.671387,0.366211,-24.6582,1
2559.2,0.109375,-0.899414,1,0.366211,0.366211,-24.4141,1
2559.21,0.105957,-0.796875,0.999023,1.09863,0.671387,-23.9258,1
2559.21,0.0961914,-0.877441,0.975586,0,0.244141,-24.1699,1
2559.22,0.0732422,-0.885254,0.968262,1.70898,0,-23.4375,1
2559.23,0.050293,-0.800781,0.98877,0.793457,0.732422,-24.4141,1
2559.24,0.074707,-0.913574,0.980469,1.77002,0.976562,-23.3765,1
2559.25,0.109375,-0.795898,0.959473,2.01416,0.732422,-23.9258,1
2559.26,0.131836,-0.769531,0.91748,1.89209,0.671387,-23.8037,1
2559.27,0.0898438,-0.814453,0.936523,1.89209,0.488281,-23.8037,1
2559.28,0.0664062,-0.80127,0.92334,2.92969,0.427246,-23.4375,1
2559.29,0.0800781,-0.812012,0.941895,2.99072,1.0376,-23.6206,1
2559.3,0.0834961,-0.824707,0.938477,3.2959,1.0376,-23.4375,1
2559.31,0.101562,-0.848633,0.914062,2.92969,1.40381,-23.6816,1
2559.32,0.0722656,-0.719727,0.96875,2.74658,0.793457,-23.6816,1
2559.33,0.0727539,-0.853027,0.92334,1.89209,1.09863,-23.4985,1
2559.34,0.0751953,-0.802734,0.966797,3.72314,1.40381,-23.0103,1
2559.35,0.0791016,-0.703125,0.91748,3.05176,1.89209,-23.8647,1
2559.36,0.0908203,-0.935059,0.928711,3.78418,2.31934,-23.1934,1
2559.37,0.0644531,-0.700684,0.961426,5.00488,2.01416,-23.0713,1
2559.38,0.0605469,-0.744141,0.969727,2.50244,2.74658,-23.6206,1
2559.39,0.065918,-0.929199,0.970703,3.54004,2.19727,-22.8271,1
2559.4,0.0595703,-0.720215,0.880371,4.08936,2.86865,-23.0713,1
2559.41,0.0581055,-0.716797,0.900879,2.2583,2.92969,-24.1089,1
2559.42,0.0712891,-0.868164,0.977539,2.80762,2.74658,-23.6206,1
2559.43,0.0498047,-0.669434,0.958008,3.17383,2.80762,-23.6206,1
2559.44,0.00244141,-0.722656,0.936523,1.70898,2.80762,-23.8647,1
2559.45,-0.0126953,-0.848145,0.908691,2.68555,2.50244,-23.9258,1
2559.46,0.0219727,-0.680176,0.838867,3.35693,2.74658,-24.0479,1
2559.47,0.0390625,-0.756348,0.862793,2.99072,2.99072,-24.5361,1
2559.48,0.0327148,-0.774414,0.888184,2.99072,2.0752,-24.7803,1
2559.49,0.0175781,-0.736328,0.913574,3.17383,2.2583,-24.5972,1
2559.5,-0.00585938,-0.765137,0.929688,2.44141,2.86865,-25.3906,1
2559.5,-0.0185547,-0.795898,0.874512,2.2583,2.31934,-25.3296,1
2559.51,-0.00878906,-0.757324,0.887695,1.77002,2.2583,-25.7568,1
2559.52,0.00439453,-0.676758,0.919922,1.40381,1.89209,-25.8789,1
2559.53,0.0517578,-0.769531,0.951172,0.549316,2.2583,-26.4893,1
2559.54,0.0375977,-0.774414,0.946777,0.732422,1.77002,-26.3672,1
2559.55,0.050293,-0.739746,0.931641,0.183105,1.46484,-26.1841,1
2559.56,0.0415039,-0.826172,0.960938,-0.610352,1.64795,-26.9165,1
2559.57,0.0629883,-0.746582,0.979492,-0.12207,1.09863,-26.5503,1
2559.58,0.0927734,-0.780762,0.949707,-1.89209,1.70898,-27.1606,1
2559.59,0.0966797,-0.847656,1.00293,-1.15967,1.15967,-26.3672,1
2559.6,0.0766602,-0.854004,0.994141,-2.0752,1.64795,-27.1606,1
2559.61,0.0722656,-0.731934,1.00977,-1.46484,1.46484,-27.0386,1
2559.62,0.0454102,-0.765625,1.04639,-2.62451,1.64795,-27.4658,1
2559.63,0.0927734,-0.913574,1.0249,-1.40381,1.09863,-26.7944,1
2559.64,0.059082,-0.698242,1.01123,-0.732422,0.854492,-26.9775,1
2559.65,0.0883789,-0.834473,0.979492,-2.0752,1.09863,-27.9541,1
2559.66,0.0986328,-0.914062,0.96875,-0.183105,0.610352,-26.9165,1
2559.67,0.106934,-0.760254,1.03955,-1.0376,0.0610352,-27.71,1
2559.68,0.123047,-0.854492,1.04883,-2.31934,-0.488281,-28.0762,1
2559.69,0.0922852,-0.784668,1.06494,-1.15967,0,-27.2827,1
2559.7,0.0786133,-0.840332,1.03662,-1.95312,0.12207,-27.5879,1
2559.71,0.119141,-0.823242,1.01416,-1.34277,-0.732422,-27.5879,1
2559.72,0.163574,-0.8125,0.982422,-2.13623,-0.0610352,-28.0762,1
2559.73,0.0947266,-0.90918,1.07178,-1.64795,-0.183105,-27.71,1
2559.74,0.0952148,-0.794434,1.06152,-1.70898,-0.854492,-27.5269,1
2559.75,0.0878906,-0.738281,0.966309,-2.01416,-0.427246,-27.832,1
2559.76,0.103027,-0.969238,0.954102,-0.488281,-0.366211,-27.5269,1
2559.77,0.121094,-0.851562,0.991699,0.732422,-0.854492,-27.771,1
2559.78,0.130859,-0.827148,1.12354,-1.52588,-0.976562,-28.1372,1
2559.79,0.107422,-0.907715,1.09375,-1.58691,-1.46484,-27.4048,1
2559.79,0.119141,-0.757812,1.0166,-1.15967,-0.976562,-26.9165,1
2559.8,0.107422,-0.833984,0.970215,-1.15967,-0.305176,-26.7944,1
2559.81,0.11377,-0.97998,0.961914,-0.0610352,-1.0376,-26.9775,1
2559.82,0.118652,-0.826172,1.03076,1.40381,-0.671387,-26.9165,1
2559.83,0.132324,-0.722168,1.10059,0.549316,0,-27.1606,1
2559.84,0.121582,-0.966797,1.05029,0.732422,0,-26.2451,1
2559.85,0.158203,-0.888184,0.945801,3.23486,-0.488281,-25.4517,1
2559.86,0.114258,-0.755371,0.946289,3.11279,0.183105,-26.123,1
2559.87,0.0976562,-0.983887,1.02686,3.96729,0.488281,-26.062,1
2559.88,0.125488,-0.839355,0.990723,5.98145,0.305176,-25.0854,1
2559.89,0.0961914,-0.775879,1.00049,3.90625,0.915527,-25.8789,1
2559.9,0.0834961,-0.91748,0.987305,4.45557,0.549316,-24.8413,1
2559.91,0.0483398,-0.810547,0.91748,5.06592,0.976562,-24.7192,1
2559.92,0.0551758,-0.78125,0.858887,4.57764,0.854492,-24.9634,1
2559.93,0.131836,-0.833008,0.938965,4.27246,1.40381,-25.1465,1
2559.94,0.09375,-0.721191,0.990723,3.11279,1.70898,-24.9023,1
2559.95,0.0424805,-0.824707,0.95752,1.77002,1.89209,-24.8413,1
2559.96,0.00488281,-0.816406,0.897949,3.17383,2.74658,-23.6816,1
2559.97,-0.0297852,-0.59668,0.905762,0.976562,2.80762,-24.9023,1
2559.98,0.0600586,-0.900391,0.896484,-0.488281,3.11279,-25.4517,1
2559.99,0.0395508,-0.739746,0.886719,2.44141,3.23486,-24.5361,1
2560,0.074707,-0.666992,0.871094,0.12207,3.41797,-25.3296,1
2560.01,0.03125,-0.95459,0.970703,0.793457,3.23486,-24.8413,1
2560.02,-0.0400391,-0.794434,0.958496,2.50244,3.84521,-24.231,1
2560.03,-0.0644531,-0.833984,0.880371,1.09863,3.96729,-25.5737,1
2560.04,0.0820312,-0.750977,0.859863,2.19727,3.17383,-25.4517,1
2560.05,0.0981445,-0.690918,0.946777,0.976562,3.2959,-26.4282,1
2560.06,0.157227,-0.923828,0.992676,0.732422,2.62451,-26.2451,1
2560.07,0.112793,-0.730957,0.939453,1.83105,2.92969,-26.001,1
2560.08,0.0634766,-0.817871,0.919922,-0.793457,3.11279,-26.4282,1
2560.09,0.0395508,-0.91748,0.945801,-0.183105,1.95312,-26.3672,1
2560.09,0.110352,-0.684082,0.959473,-0.488281,2.50244,-27.1606,1
2560.1,0.104004,-0.773438,0.995117,-2.99072,2.13623,-28.5034,1
2560.11,0.102051,-0.86377,0.999512,-2.38037,1.09863,-27.8931,1
2560.12,0.101562,-0.728027,0.95166,-2.68555,1.28174,-28.1982,1
2560.13,0.109375,-0.840332,0.921875,-3.78418,1.0376,-28.6865,1
2560.14,0.0800781,-0.973633,0.942383,-2.74658,1.09863,-28.5034,1
2560.15,0.0390625,-0.797852,1.00098,-1.40381,0.793457,-28.3813,1
2560.16,4.882812e-04,-0.843262,1.03857,-2.68555,0.671387,-29.541,1
2560.17,0.0429688,-0.847168,0.986328,-1.46484,0.244141,-29.1748,1
2560.18,0.046875,-0.803711,0.871094,-1.15967,0.488281,-29.2969,1
2560.19,0.0371094,-0.852051,0.900879,0.305176,0,-28.6255,1
2560.2,0.012207,-0.812012,1.00146,1.46484,0.244141,-28.7476,1
2560.21,0.0131836,-0.871094,0.895996,2.13623,0.793457,-28.8086,1
2560.22,-0.0341797,-0.931641,0.904297,3.2959,0.854492,-28.1982,1
2560.23,-0.0512695,-0.895996,0.966309,2.74658,0.610352,-28.8086,1
2560.24,0.019043,-0.896484,0.928223,2.31934,0.915527,-28.7476,1
2560.25,0.0175781,-0.834473,0.954102,2.31934,2.0752,-28.4424,1
2560.26,0.00830078,-0.866211,0.990723,1.89209,1.58691,-28.0762,1
2560.27,0.0107422,-0.870605,0.969238,1.46484,1.58691,-27.9541,1
2560.28,0.00537109,-0.813477,0.94873,2.19727,1.83105,-26.9775,1
2560.29,-0.0268555,-0.861328,1.00342,1.64795,2.2583,-27.4658,1
2560.3,-0.0205078,-0.876953,0.947266,1.70898,1.83105,-27.5269,1
2560.31,0.0161133,-0.92627,0.909668,1.52588,2.68555,-27.3438,1
2560.32,0.0512695,-0.977051,0.959961,1.40381,2.92969,-27.2827,1
2560.33,0.101074,-0.854492,0.989746,0.671387,2.44141,-27.3438,1
2560.34,0.0834961,-0.903809,1.05518,-0.0610352,3.23486,-27.4048,1
2560.35,4.882812e-04,-0.862305,1.03857,0.915527,2.74658,-26.8555,1
2560.36,-0.00390625,-0.777344,0.92334,1.64795,2.99072,-26.9775,1
2560.37,-0.0219727,-0.776855,0.815918,1.89209,3.11279,-27.1606,1
2560.38,0.0532227,-0.948242,0.81543,2.80762,2.80762,-27.4048,1
2560.39,0.118164,-0.703125,0.92334,3.60107,2.13623,-27.8931,1
2560.4,0.0722656,-0.869141,0.916504,1.34277,2.74658,-27.5269,1
2560.41,-0.0258789,-1.13525,0.980957,3.479,2.74658,-26.9165,1
2560.42,-0.078125,-0.818359,0.92627,4.21143,2.13623,-27.6489,1
2560.43,-0.0366211,-0.648926,0.873535,1.70898,2.62451,-28.3813,1
2560.44,-0.0214844,-1.05127,0.861328,1.77002,2.56348,-27.4658,1
2560.44,0,-0.806152,0.930664,4.21143,2.13623,-27.4658,1
2560.45,0.00195312,-0.63623,0.931641,1.09863,3.05176,-28.8696,1
2560.46,0.00292969,-1.02881,0.953125,1.2207,2.62451,-27.832,1
2560.47,-0.0673828,-0.950195,0.861328,3.11279,1.83105,-27.832,1
2560.48,-0.0771484,-0.668945,0.908691,1.09863,2.38037,-28.4424,1
2560.49,-0.0991211,-1.10107,0.955566,-0.976562,3.35693,-29.1138,1
2560.5,-0.0825195,-0.876465,0.990723,1.52588,2.62451,-28.6865,1
2560.51,0.0195312,-0.686523,0.890137,-2.86865,2.92969,-29.6021,1
2560.52,-0.0600586,-1.03516,0.968262,-2.86865,2.38037,-28.8696,1
2560.53,-0.0585938,-0.838867,0.972656,-0.976562,2.50244,-29.4189,1
2560.54,-0.0517578,-0.669922,0.938965,-2.80762,3.23486,-30.0293,1
2560.55,-0.0927734,-0.996094,0.925293,-2.92969,2.01416,-29.6021,1
2560.56,-0.0390625,-0.950684,0.929688,-0.976562,1.2207,-29.48,1
2560.57,-0.0258789,-0.723633,0.920898,-0.671387,2.31934,-30.2734,1
2560.58,-0.0258789,-1.04199,0.977539,-2.74658,1.89209,-31.5552,1
2560.59,0.0366211,-1.08154,0.936523,0.549316,1.0376,-30.5176,1
2560.6,-0.0341797,-0.792969,1.0083,-0.366211,0.915527,-31.6772,1
2560.61,0.015625,-0.962891,0.977051,-1.28174,0.793457,-31.6162,1
2560.62,-0.0161133,-0.790039,1,0.671387,0.549316,-31.1279,1
2560.63,0.0112305,-0.865234,0.978516,-1.40381,0,-31.6772,1
2560.64,0.0507812,-1.00781,0.927734,0.12207,-0.732422,-31.189,1
2560.65,0.0117188,-0.903809,0.959961,-0.12207,0.12207,-31.6162,1
2560.66,0.0361328,-1.04541,1.01562,-0.915527,-0.793457,-31.7383,1
2560.67,0.0180664,-0.909668,1.0376,-0.488281,-1.34277,-31.6772,1
2560.68,0.0605469,-1.01758,0.966309,-1.28174,-0.671387,-31.9824,1
2560.69,0.0385742,-1.01807,0.991211,0.915527,-0.366211,-30.8838,1
2560.7,0.0551758,-0.671875,0.993652,0.732422,-0.488281,-30.9448,1
2560.71,0.0463867,-0.92627,1.00879,-0.610352,-0.0610352,-30.6396,1
2560.72,0.0527344,-1.04102,0.994629,2.38037,-0.549316,-29.9072,1
2560.73,0.0932617,-0.800781,0.972168,1.77002,0.244141,-30.5176,1
2560.74,0.0288086,-1.07568,1.02197,0.549316,-0.0610352,-30.5176,1
2560.75,0.0322266,-1.09521,0.964355,3.66211,0.366211,-28.9307,1
2560.76,0.0410156,-0.748047,0.967773,2.99072,0.854492,-29.48,1
2560.76,0.0898438,-1.00928,0.999512,0.976562,0.732422,-29.48,1
2560.77,0.106934,-0.902344,0.936035,3.23486,0.854492,-28.6255,1
2560.78,0.0727539,-0.915039,1.01953,1.52588,1.64795,-28.1982,1
2560.79,0.0610352,-0.961914,1.09375,0.976562,0.610352,-28.6865,1
2560.8,0.108887,-1.05371,0.993652,0.244141,1.28174,-28.3813,1
2560.81,0.0449219,-0.88916,1.00732,2.50244,1.95312,-27.5269,1
2560.82,0.0458984,-0.751465,0.964844,-0.244141,1.58691,-28.9307,1
2560.83,0.0966797,-1.00439,0.941406,1.34277,1.46484,-27.2827,1
2560.84,0.0625,-0.950195,1.02979,1.52588,1.15967,-28.1982,1
2560.85,0.145508,-0.938477,0.910156,1.89209,1.15967,-27.771,1
2560.86,0.0732422,-0.962402,0.931641,2.80762,2.31934,-27.771,1
2560.87,0.0478516,-0.991699,0.976074,4.76074,1.40381,-27.0996,1
2560.88,0.0576172,-0.766602,0.925293,5.12695,1.09863,-27.771,1
2560.89,0.0537109,-0.83252,0.912598,4.21143,1.09863,-27.9541,1
2560.9,0.10498,-0.882812,0.862793,4.88281,0.671387,-27.2217,1
2560.91,0.145508,-0.875977,0.901367,4.08936,0.732422,-27.71,1
2560.92,0.121094,-1.06299,0.966309,3.90625,0.488281,-27.771,1
2560.93,0.114746,-0.914551,0.959961,3.72314,0.183105,-28.0151,1
2560.94,0.0649414,-0.833496,0.905762,2.13623,0,-27.4658,1
2560.95,0.0366211,-0.758789,0.956055,1.2207,-0.488281,-27.5269,1
2560.96,0.106934,-0.916016,0.994629,0.244141,0.427246,-27.5269,1
2560.97,0.141113,-0.788086,0.965332,1.2207,0.793457,-26.8555,1
2560.98,0.17334,-0.897949,0.937988,-0.854492,0.549316,-27.0996,1
2560.99,0.0825195,-1.01855,0.930176,-0.12207,-0.183105,-26.8555,1
2561,0.0600586,-0.935547,1.01367,-0.488281,1.34277,-27.0386,1
2561.01,0.0234375,-0.812988,1.00684,-1.28174,0.854492,-27.0996,1
2561.02,0.078125,-0.90918,0.981445,-3.23486,0.549316,-27.71,1
2561.03,0.135254,-0.940918,0.901855,-1.40381,0.854492,-26.3062,1
2561.04,0.0644531,-0.857422,0.940918,-1.52588,1.09863,-26.7944,1
2561.04,0.0771484,-0.856934,0.947266,-1.28174,0.854492,-26.4282,1
2561.05,0.0424805,-0.910156,1.01514,-2.2583,0.610352,-27.5879,1
2561.06,0.0400391,-1.02637,0.986816,-0.671387,0.610352,-26.3062,1
2561.07,0.0380859,-0.756348,0.960449,-0.732422,0.671387,-27.0386,1
2561.08,0.0385742,-0.993164,0.969727,-2.01416,0.915527,-26.6724,1
2561.09,0.111816,-0.953613,0.980957,0.183105,0.854492,-26.6113,1
2561.1,0.0786133,-0.79834,0.995117,-1.0376,1.28174,-26.8555,1
2561.11,0.0429688,-1.06494,0.95752,0.488281,1.34277,-25.5127,1
2561.12,-0.0112305,-0.95752,1.0083,2.0752,1.28174,-26.4282,1
2561.13,0.0366211,-0.739746,0.922852,1.70898,2.0752,-26.6113,1
2561.14,-0.0512695,-1.05713,0.959473,0.183105,1.95312,-26.5503,1
2561.15,-0.0166016,-0.876465,0.912109,1.95312,1.46484,-26.062,1
2561.16,-0.00537109,-0.774902,0.973633,-0.366211,2.44141,-26.5503,1
2561.17,-0.0639648,-1.07568,0.993652,1.70898,2.2583,-25.5127,1
2561.18,-0.0869141,-0.850586,0.969238,3.35693,1.95312,-25.9399,1
2561.19,-0.0839844,-0.770996,0.925781,2.74658,2.13623,-26.062,1
2561.2,-0.0908203,-1.104,0.919434,2.62451,3.17383,-26.2451,1
2561.21,-0.0415039,-0.735352,0.935059,4.45557,2.86865,-25.8179,1
2561.22,-0.0898438,-0.859863,0.896484,1.28174,3.90625,-26.062,1
2561.23,-0.0991211,-1.10498,0.913574,2.80762,3.35693,-25.8179,1
2561.24,-0.136719,-0.635742,0.95459,3.479,3.78418,-26.5503,1
2561.25,-0.109375,-0.851074,1.00391,0.427246,4.82178,-26.9165,1
2561.26,-0.139648,-1.01758,0.933594,3.78418,4.76074,-25.8179,1
2561.27,-0.146484,-0.664062,0.914062,2.86865,4.82178,-26.9775,1
2561.28,-0.134277,-0.764648,0.84082,1.46484,4.3335,-27.2217,1
2561.29,-0.209961,-1.10596,0.889648,2.0752,4.88281,-27.4048,1
2561.3,-0.175293,-0.755371,0.945312,3.84521,3.54004,-27.2217,1
2561.31,-0.167969,-0.854492,1.01416,0.366211,5.31006,-28.2593,1
2561.32,-0.164062,-0.967285,0.977051,2.44141,4.63867,-27.4658,1
2561.33,-0.153809,-0.802246,0.911621,2.44141,5.37109,-27.8931,1
2561.33,-0.163086,-0.821289,0.865723,1.95312,4.76074,-28.0762,1
2561.34,-0.144531,-0.922363,0.88623,2.19727,5.5542,-28.5645,1
2561.35,-0.16748,-0.740234,0.956055,2.31934,4.76074,-29.2969,1
2561.36,-0.166504,-0.983398,0.913086,0.12207,4.76074,-30.3345,1
2561.37,-0.117188,-0.864746,0.855469,2.68555,4.3335,-29.1748,1
2561.38,-0.202637,-0.80127,0.985352,-0.183105,4.57764,-30.8838,1
2561.39,-0.13623,-0.949707,0.945801,1.34277,3.90625,-30.0903,1
2561.4,-0.188477,-0.84668,0.92334,1.89209,4.57764,-30.8228,1
2561.41,-0.226562,-0.955566,0.944336,0.854492,3.11279,-31.4331,1
2561.42,-0.117188,-0.838379,0.883301,1.64795,3.05176,-31.189,1
2561.43,-0.145508,-0.897461,1.02588,-0.915527,3.2959,-32.7759,1
2561.44,-0.0507812,-0.995117,0.956543,0.427246,2.31934,-32.0435,1
2561.45,-0.12793,-0.869629,0.945801,0.0610352,3.23486,-32.7148,1
2561.46,-0.169434,-1.01953,0.934082,0.488281,2.44141,-32.7148,1
2561.47,-0.162109,-0.82373,0.914062,1.28174,2.50244,-33.02,1
2561.48,-0.123535,-0.811035,0.934082,-0.732422,2.2583,-34.2407,1
2561.49,-0.103516,-1.08398,0.984863,-0.183105,0.732422,-33.8135,1
2561.5,-0.119629,-0.959961,0.96582,0.549316,0.793457,-34.3628,1
2561.51,-0.111328,-0.918457,0.931152,-0.793457,1.15967,-34.668,1
2561.52,-0.118652,-0.966309,0.982422,-0.915527,0.915527,-34.668,1
2561.53,-0.105469,-0.838379,1.03027,-0.549316,0.183105,-34.3018,1
2561.54,-0.0732422,-0.959473,0.953125,-0.12207,0.610352,-34.3628,1
2561.55,-0.263184,-1.07227,0.98877,1.52588,0,-34.4849,1
2561.56,-0.0732422,-0.821777,0.983398,0.183105,-0.0610352,-36.0718,1
2561.57,0.0273438,-0.797363,0.962891,-0.610352,0.427246,-35.4614,1
2561.58,-0.027832,-1.24854,0.947266,-0.549316,-0.305176,-35.5225,1
2561.59,-0.065918,-0.992676,0.952637,2.44141,-1.09863,-35.2173,1
2561.6,-0.146973,-0.776367,0.974609,0.12207,0,-36.1328,1
2561.61,-0.164551,-1.06641,1.08301,-0.549316,-0.915527,-35.8276,1
2561.62,-0.00634766,-0.875488,0.996094,1.09863,-0.610352,-35.5225,1
2561.63,0.0327148,-0.96875,1.02344,-0.732422,-0.549316,-35.7056,1
2561.64,0.0151367,-1.14307,0.958496,0.793457,-1.70898,-35.5835,1
2561.65,-0.0078125,-0.80127,0.974609,0.854492,-1.95312,-35.7666,1
2561.66,-0.0219727,-0.914062,0.94043,1.34277,-0.793457,-35.0952,1
2561.67,-0.00146484,-1.09717,0.983887,1.64795,-1.2207,-35.4614,1
2561.68,0.0625,-1.0415,0.930176,3.23486,-1.40381,-34.729,1
2561.69,0.0107422,-0.907227,0.979492,2.31934,-1.34277,-34.6069,1
2561.7,-0.0219727,-1.03174,0.914551,2.50244,-1.0376,-34.668,1
2561.71,0.0185547,-0.973145,0.902832,2.99072,-1.15967,-34.1797,1
2561.72,0.0273438,-1.06104,0.995117,5.37109,-0.549316,-33.2642,1
2561.72,0.0693359,-0.577637,0.947754,2.50244,-0.854492,-34.5459,1
2561.73,0.0224609,-1.3916,0.929199,1.89209,-1.46484,-32.3486,1
2561.74,-0.149902,-0.908203,1.06592,7.44629,0.12207,-32.0435,1
2561.75,-0.0395508,-0.750977,0.979004,0.549316,0.366211,-33.9966,1
2561.76,0.0742188,-1.23096,0.953613,2.13623,0.0610352,-31.1279,1
2561.77,-0.0297852,-0.963867,0.947754,3.479,-0.12207,-31.3721,1
2561.78,-0.0229492,-0.682129,0.942383,1.77002,0.549316,-31.311,1
2561.79,-0.0756836,-1.08057,0.967285,0.732422,2.44141,-31.0669,1
2561.8,-0.0395508,-1.04834,0.957031,4.27246,1.89209,-29.6021,1
2561.81,-0.0712891,-0.668945,0.890137,2.62451,2.44141,-29.9072,1
2561.82,-0.0512695,-0.947754,0.881836,1.09863,2.99072,-29.7852,1
2561.83,-0.0952148,-1.11182,0.962891,2.80762,2.99072,-29.541,1
2561.84,-0.0800781,-0.793945,0.896484,2.56348,3.479,-29.3579,1
2561.85,-0.105957,-0.973633,0.952148,0.183105,3.78418,-29.7241,1
2561.86,-0.0869141,-1.02588,0.893066,1.83105,3.84521,-28.8086,1
2561.87,-0.0498047,-0.812988,0.903809,1.64795,4.3335,-28.9307,1
2561.88,-0.129395,-0.873535,1.00146,0,3.84521,-29.2358,1
2561.89,-0.0390625,-1.11621,0.977051,1.15967,4.02832,-28.5034,1
2561.9,-0.0712891,-0.750977,0.874023,2.44141,4.45557,-28.2593,1
2561.91,-0.0576172,-1.04639,0.915039,-1.2207,4.5166,-29.2969,1
2561.92,-0.0581055,-1.02002,0.897949,2.0752,4.08936,-28.2593,1
2561.93,-0.0512695,-0.800293,0.967773,0.732422,4.69971,-29.0527,1
2561.94,-0.0966797,-1.01074,0.945312,-0.0610352,3.72314,-29.2358,1
2561.95,-0.0419922,-0.987793,0.869629,2.50244,4.02832,-28.6865,1
2561.96,-0.0859375,-0.893555,0.95166,0.488281,4.63867,-30.0293,1
2561.97,0.0214844,-0.900391,0.824707,1.2207,2.99072,-29.541,1
2561.98,-0.0664062,-0.917969,1.0293,0.549316,3.60107,-30.0903,1
2561.99,-0.0488281,-0.829102,0.850098,0.976562,1.89209,-30.0293,1
2562,-0.0302734,-0.986328,0.927246,-0.976562,2.62451,-30.8228,1
2562.01,-0.00146484,-0.982422,0.92041,1.58691,1.89209,-30.1514,1
2562.02,-0.00439453,-0.808105,0.97168,-0.488281,1.58691,-31.5552,1
2562.03,0.00195312,-1.09814,1.00684,-0.671387,0.610352,-30.7007,1
2562.04,-0.0151367,-0.9375,0.9375,1.0376,0.671387,-30.8838,1
2562.05,-0.0205078,-0.873535,0.905762,-1.0376,1.64795,-31.311,1
2562.05,0.0463867,-0.968262,0.932617,-0.366211,0.976562,-31.1279,1
2562.06,-0.0253906,-0.828613,0.994629,-0.671387,0.12207,-30.9448,1
2562.07,0.0185547,-1.03857,0.924316,-0.427246,0.305176,-30.8838,1
2562.08,-0.114258,-0.820801,0.958008,0.0610352,-0.12207,-31.311,1
2562.09,-0.0209961,-1.0835,0.890137,-1.15967,0.549316,-31.311,1
2562.1,-0.0566406,-1.00342,0.982422,0.854492,0.12207,-30.6396,1
2562.11,-0.0253906,-0.913574,1.01221,-0.427246,0.0610352,-31.1279,1
2562.12,-0.0205078,-0.981445,1.00293,-0.976562,-0.12207,-30.4565,1
2562.13,-0.101074,-1.05176,0.958496,0.183105,0.366211,-30.3345,1
2562.14,-0.0742188,-0.851562,0.936523,-0.12207,0.671387,-30.0903,1
2562.15,-0.0795898,-0.997559,1.01611,-0.305176,0.549316,-30.3345,1
2562.16,-0.0234375,-1.11914,0.970703,1.52588,1.0376,-29.7241,1
2562.17,-0.109863,-0.987305,1.04297,1.46484,0.671387,-30.5176,1
2562.18,-0.0961914,-0.915039,1.00391,1.2207,0.427246,-29.9683,1
2562.19,-0.081543,-0.8125,0.932129,0.610352,0.732422,-30.2124,1
2562.2,-0.112305,-1.19629,1.05908,0.244141,1.40381,-29.7241,1
2562.21,-0.0390625,-0.74707,0.878418,2.86865,0.0610352,-29.6021,1
2562.22,-0.0844727,-1.15674,0.978516,0.0610352,1.09863,-29.6021,1
2562.23,-0.0727539,-0.950195,0.943848,4.5166,1.15967,-29.4189,1
2562.24,0.00585938,-0.896973,0.948242,0.976562,0.915527,-30.3345,1
2562.25,-0.0849609,-0.97168,0.915039,2.68555,0.12207,-28.6255,1
2562.26,0.0161133,-1.07715,0.960449,2.0752,0.488281,-29.9683,1
2562.27,0.0131836,-0.769531,0.84668,4.94385,0.488281,-28.5645,1
2562.28,0.0776367,-1.05615,0.928711,1.40381,0.732422,-29.541,1
2562.29,0.0532227,-0.878418,0.900879,3.84521,0,-28.8696,1
2562.3,0.0727539,-1.07959,1.03027,2.19727,0.610352,-28.2593,1
2562.31,-0.0268555,-0.836914,0.990234,3.17383,0.488281,-28.5645,1
2562.32,-0.0214844,-1.04248,0.934082,0.915527,0.549316,-28.5645,1
2562.33,-0.0195312,-0.981445,0.978516,5.12695,0.305176,-27.3438,1
2562.34,0.179688,-0.787598,0.871582,2.44141,0.732422,-28.2593,1
2562.35,0.050293,-1.08984,0.981445,1.34277,0.183105,-27.6489,1
2562.36,-0.0385742,-1.1543,1.09375,3.2959,0.976562,-26.7944,1
2562.37,-0.097168,-0.753418,1.11523,2.44141,1.09863,-27.6489,1
2562.38,-0.00292969,-0.977051,0.883301,0.854492,1.09863,-27.0996,1
2562.39,0.0366211,-1.16846,0.961426,2.56348,0.976562,-27.1606,1
2562.4,0.050293,-0.594238,0.91748,3.66211,0.976562,-26.7334,1
2562.4,0.0751953,-0.974121,1.01025,-1.09863,1.52588,-27.1606,1
2562.41,-0.0283203,-1.18994,1.02344,2.74658,1.46484,-25.7568,1
2562.42,-0.0102539,-0.816406,0.923828,1.77002,1.2207,-26.7334,1
2562.43,-0.0288086,-0.67041,0.80127,-0.427246,1.58691,-26.6113,1
2562.44,-0.0102539,-1.23145,0.915039,-0.610352,1.0376,-26.7944,1
2562.45,0.115234,-0.789062,0.945312,2.56348,0.854492,-25.8789,1
2562.46,0.14502,-0.696289,0.957031,-1.58691,1.28174,-26.4282,1
2562.47,0.0649414,-1.23584,0.934082,-0.0610352,0.854492,-25.5737,1
2562.48,0.0322266,-0.941406,0.921387,4.69971,0.671387,-25.2075,1
2562.49,-0.0302734,-0.647949,0.880371,1.52588,1.2207,-26.062,1
2562.5,0.0161133,-1.17383,0.986816,0.305176,0.610352,-26.4893,1
2562.51,0.135742,-0.939453,0.967285,4.45557,1.15967,-24.6582,1
2562.52,0.121582,-0.668457,0.959961,0.244141,0.915527,-25.8179,1
2562.53,0.0478516,-1.23828,0.928223,0.793457,1.2207,-24.353,1
2562.54,0.027832,-0.83252,0.933594,4.94385,1.15967,-24.6582,1
2562.55,0.0249023,-0.76709,0.961914,0.854492,2.01416,-25.0854,1
2562.56,0.148438,-0.966797,0.959961,1.28174,0.793457,-24.292,1
2562.57,0.0844727,-0.963867,0.994629,0.854492,1.89209,-24.4141,1
2562.58,0.0932617,-0.731934,0.865723,0.183105,1.64795,-24.231,1
2562.59,0.0898438,-0.956055,0.922363,-1.28174,2.2583,-24.1699,1
2562.6,-0.0151367,-0.952148,0.919434,0.671387,1.46484,-24.1089,1
2562.61,0.0112305,-0.821777,0.949219,-0.305176,2.01416,-24.1089,1
2562.62,0.0561523,-0.796387,0.902344,-0.12207,2.19727,-24.292,1
2562.63,0.0820312,-0.907227,0.959473,-0.366211,2.01416,-24.1699,1
2562.64,0.100586,-0.981934,0.879883,1.28174,1.58691,-23.9868,1
2562.65,0.046875,-0.665039,0.853516,1.58691,1.34277,-24.0479,1
2562.66,0.0703125,-1.16699,0.916992,-0.549316,2.13623,-24.9634,1
2562.67,0.124023,-0.785156,0.970215,3.11279,1.2207,-23.7427,1
2562.68,0.0673828,-0.790527,0.942871,-1.40381,1.89209,-24.9634,1
2562.69,-0.00146484,-1.10352,0.974121,0.366211,1.58691,-23.9258,1
2562.69,-0.0297852,-0.803223,0.908691,2.01416,1.89209,-24.4751,1
2562.7,0.019043,-0.713867,0.90625,-1.89209,1.64795,-25.3906,1
2562.71,0.0170898,-1.15576,0.892578,-1.83105,1.40381,-24.9023,1
2562.72,-0.0463867,-0.829102,1.03271,-0.366211,1.52588,-24.353,1
2562.73,-0.0649414,-0.687988,1.01025,-3.41797,2.0752,-25.2075,1
2562.74,-0.0898438,-1.09375,1.04785,-3.41797,2.01416,-24.9634,1
2562.75,-0.104004,-0.990234,0.866699,0.427246,1.77002,-24.1089,1
2562.76,-0.121582,-0.614746,0.899414,-1.70898,1.46484,-25.8179,1
2562.77,-0.0424805,-1.10645,0.95166,-2.68555,2.0752,-26.062,1
2562.78,-0.0527344,-0.979492,1.01367,1.2207,1.95312,-25.5127,1
2562.79,-0.0991211,-0.718262,0.980469,0.915527,2.31934,-26.062,1
2562.8,-0.160645,-1.05811,0.970215,0.610352,1.28174,-26.6724,1
2562.81,-0.154297,-1.08301,0.976562,3.41797,1.83105,-26.3062,1
2562.82,-0.131348,-0.742676,0.944824,2.62451,1.46484,-26.8555,1
2562.83,-0.10791,-0.957031,1.04492,1.40381,1.28174,-27.2217,1
2562.84,-0.0976562,-0.890625,1.04492,3.479,1.0376,-27.771,1
2562.85,-0.0913086,-0.758789,0.964844,3.11279,1.40381,-27.71,1
2562.86,-0.128418,-0.993652,0.952637,2.2583,0.305176,-27.9541,1
2562.87,-0.106934,-1.08496,0.964844,3.05176,0.12207,-28.3203,1
2562.88,-0.0507812,-0.770508,0.973633,2.99072,1.34277,-28.4424,1
2562.89,-0.122559,-0.886719,1.02002,-0.671387,1.09863,-29.541,1
2562.9,-0.0483398,-1.01562,1.01221,0,0.0610352,-29.1138,1
2562.91,0.0175781,-0.733398,1.01318,-0.305176,0.732422,-29.1748,1
2562.92,-0.0214844,-1.03027,1.0293,-1.52588,0.732422,-29.1138,1
2562.93,-0.0229492,-0.887207,1.10742,0.12207,0,-29.4189,1
2562.94,0.0258789,-0.937988,0.989746,-0.427246,0.12207,-29.2969,1
2562.95,0.0126953,-1.07031,0.964844,1.58691,0.183105,-28.9307,1
2562.96,0.034668,-1.0166,1.09668,1.40381,-0.305176,-29.9072,1
2562.97,0.0517578,-0.857422,1.09424,2.86865,-0.12207,-29.4189,1
2562.97,0.0703125,-0.995605,1.00732,2.92969,0.671387,-29.1138,1
2562.98,0.0922852,-0.949219,1.04736,3.96729,-0.183105,-28.9307,1
2562.99,0.145508,-0.973633,1.03467,2.62451,-0.183105,-28.9307,1
2563,0.0258789,-1.09668,1.02734,4.5166,0.854492,-27.9541,1
2563.01,-0.0454102,-0.755371,1.05664,4.63867,0.610352,-28.6865,1
2563.02,0.0454102,-0.880859,1.00928,2.50244,0.793457,-29.0527,1
2563.03,0.0898438,-0.995117,0.936523,4.08936,0.427246,-28.7476,1
2563.04,0.150879,-0.688477,0.931152,2.31934,0,-29.541,1
2563.05,0.14209,-0.930176,0.952148,-0.427246,0.183105,-29.0527,1
2563.06,0.0488281,-0.979004,0.998535,0.915527,0.366211,-27.9541,1
2563.07,0.00927734,-0.770996,0.973633,-0.549316,0.12207,-28.5645,1
2563.08,0.0429688,-0.9375,0.861816,-0.549316,0.671387,-28.0762,1
2563.09,0.0527344,-0.908691,0.908691,0.671387,1.09863,-28.6255,1
2563.1,0.097168,-0.767578,1.01416,0.244141,0.366211,-29.3579,1
2563.11,0.146484,-0.887695,0.98584,0.305176,0.549316,-28.6255,1
2563.12,0.162109,-0.910156,0.887695,1.70898,0.915527,-27.9541,1
2563.13,0.09375,-0.805176,0.894531,1.40381,0.610352,-28.2593,1
2563.14,0.0615234,-1.0293,0.870117,2.2583,1.46484,-27.5879,1
2563.15,-0.0302734,-0.816895,0.884277,5.00488,1.46484,-27.4048,1
2563.16,0.0947266,-0.803223,0.959961,3.479,1.89209,-27.832,1
2563.17,0.158691,-0.983887,0.929199,4.27246,1.2207,-27.5879,1
2563.18,0.122559,-0.807617,0.893555,5.06592,1.64795,-27.2827,1
2563.19,0.0864258,-0.740723,0.871094,3.41797,1.40381,-27.71,1
2563.2,0.130371,-0.884766,0.895508,3.54004,1.95312,-27.0996,1
2563.21,0.120605,-0.874512,0.861816,3.90625,1.77002,-27.0386,1
2563.22,0.132324,-0.78418,0.876465,2.13623,1.0376,-26.9775,1
2563.23,0.115234,-0.837891,0.908203,0.427246,1.46484,-27.2217,1
2563.24,0.0869141,-0.939453,0.940918,0,1.95312,-26.9775,1
2563.25,0.046875,-0.774902,0.95752,-0.549316,1.89209,-27.2827,1
2563.26,0.108887,-0.780273,0.984375,-2.01416,1.77002,-27.832,1
2563.26,0.17334,-0.950195,0.95752,-1.2207,1.64795,-26.8555,1
2563.27,0.111328,-0.889648,1.04443,-1.09863,1.95312,-27.2217,1
2563.28,0.0976562,-0.854004,0.991211,-2.2583,1.95312,-27.71,1
2563.29,0.0332031,-1.06641,0.995605,-0.366211,2.0752,-26.6724,1
2563.3,0.0258789,-0.783691,0.987305,0.610352,1.15967,-27.3438,1
2563.31,0.118652,-0.858887,0.943359,-0.915527,1.58691,-28.1372,1
2563.32,0.140137,-1.02002,0.989746,2.13623,1.95312,-27.2217,1
2563.33,0.152832,-0.806152,0.992676,2.2583,1.46484,-27.8931,1
2563.34,0.141113,-0.988281,0.958984,2.56348,1.89209,-27.0996,1
2563.35,0.0507812,-0.971191,0.996094,4.27246,1.28174,-27.1606,1
2563.36,0.0454102,-0.893555,1.01904,3.84521,1.2207,-27.6489,1
2563.37,0.0761719,-0.793945,0.940918,3.66211,0.610352,-27.771,1
2563.38,0.147461,-0.904785,0.937988,2.86865,0.854492,-27.771,1
2563.39,0.165039,-0.848145,0.938965,3.60107,0.183105,-27.6489,1
2563.4,0.20752,-0.78125,0.945801,2.74658,0.366211,-28.0151,1
2563.41,0.15918,-0.92041,0.924805,2.68555,0.549316,-27.4658,1
2563.42,0.097168,-0.960938,0.964844,3.11279,0,-26.9165,1
2563.43,0.0898438,-0.85498,0.975098,2.44141,0,-27.5269,1
2563.44,0.119141,-0.782227,1.04883,1.83105,0.0610352,-27.832,1
2563.45,0.201172,-0.908203,0.958984,1.95312,0.610352,-27.3438,1
2563.46,0.223145,-0.810059,0.849609,3.35693,0.244141,-26.7334,1
2563.47,0.181152,-0.812012,0.905273,1.64795,0.305176,-27.4658,1
2563.48,0.11084,-0.881348,1.01318,2.0752,0.244141,-26.7944,1
2563.49,0.0507812,-0.786621,1.00293,2.31934,1.09863,-26.062,1
2563.5,0.0249023,-0.779297,0.96875,1.58691,0.427246,-26.062,1
2563.51,0.101074,-0.848145,0.882812,1.89209,0.366211,-25.3296,1
2563.52,0.120605,-0.814453,0.911621,2.86865,1.58691,-24.7192,1
2563.53,0.124023,-0.75,0.940918,2.50244,1.46484,-24.4751,1
2563.54,0.102051,-0.825195,0.972168,2.74658,1.77002,-23.4375,1
2563.55,0.0693359,-0.829102,0.945801,2.86865,1.58691,-22.8271,1
2563.55,0.0688477,-0.785156,0.935547,3.05176,2.13623,-22.4609,1
2563.56,0.0888672,-0.711426,0.873047,3.11279,2.44141,-22.3999,1
2563.57,0.109375,-0.73877,0.918945,3.35693,1.89209,-21.7896,1
2563.58,0.146973,-0.746582,0.911133,3.84521,1.2207,-21.3623,1
2563.59,0.13916,-0.797852,0.942383,3.90625,1.34277,-21.0571,1
2563.6,0.0981445,-0.759277,0.980957,4.45557,1.64795,-20.2026,1
2563.61,0.0454102,-0.731934,0.996582,3.05176,1.70898,-20.0806,1
2563.62,0.0878906,-0.804688,0.972168,2.62451,0.976562,-19.6533,1
2563.63,0.131348,-0.714844,0.983398,1.58691,1.15967,-19.5312,1
2563.64,0.141602,-0.795898,0.967285,0.488281,1.28174,-19.4092,1
2563.65,0.10498,-0.72168,0.954102,0.488281,0.671387,-18.6157,1
2563.66,0.0976562,-0.706055,0.977051,-0.793457,0.915527,-19.043,1
2563.67,0.0859375,-0.789551,0.96582,-0.244141,1.46484,-18.3105,1
2563.68,0.106934,-0.686035,0.975098,-0.305176,1.28174,-18.8599,1
2563.69,0.199219,-0.76123,0.975098,-0.976562,0.671387,-19.4702,1
2563.7,0.210938,-0.792969,0.958984,0.549316,0.0610352,-18.5547,1
2563.71,0.216309,-0.681641,0.998047,0,-0.244141,-19.2261,1
2563.72,0.130371,-0.796387,0.999512,-0.854492,0.183105,-19.2871,1
2563.73,0.104004,-0.810547,1.03955,0.244141,-0.305176,-18.7378,1
2563.74,0.147461,-0.692871,1.07861,0.183105,-0.12207,-19.3481,1
2563.75,0.224121,-0.686523,0.996582,0.305176,-0.366211,-19.5312,1
2563.76,0.259766,-0.853027,0.97998,1.15967,-0.488281,-19.4702,1
2563.77,0.165527,-0.733398,1.01367,2.50244,-0.549316,-19.3481,1
2563.78,0.138672,-0.704102,1.04492,1.70898,0,-19.7144,1
2563.79,0.171875,-0.755371,1.01074,2.2583,-0.732422,-19.4092,1
2563.8,0.217285,-0.705566,0.972656,2.62451,-0.915527,-19.7144,1
2563.81,0.208496,-0.700684,0.999512,3.23486,-0.732422,-19.8364,1
2563.82,0.202637,-0.700195,0.977051,3.17383,-0.854492,-20.2637,1
2563.83,0.194336,-0.776367,0.950684,4.02832,-0.793457,-19.7144,1
2563.84,0.194824,-0.71875,0.987305,4.21143,-1.46484,-19.8364,1
2563.84,0.233398,-0.714355,1.01855,4.21143,-1.28174,-19.8975,1
2563.85,0.230469,-0.689453,1.05127,5.18799,-0.854492,-19.5312,1
2563.86,0.249512,-0.68457,0.97168,4.57764,-0.549316,-19.9585,1
2563.87,0.245605,-0.719727,0.880859,4.57764,-1.0376,-19.3481,1
2563.88,0.212402,-0.695801,0.931152,4.15039,-0.793457,-18.9209,1
2563.89,0.226562,-0.640137,0.985352,4.02832,-0.793457,-18.7378,1
2563.9,0.229004,-0.499023,1.00586,3.11279,-0.183105,-18.9209,1
2563.91,0.241211,-0.659668,0.937012,1.89209,0,-18.7988,1
2563.92,0.267578,-0.656738,0.908691,2.92969,-0.366211,-18.2495,1
2563.93,0.290039,-0.525391,0.927734,1.95312,0.0610352,-18.6157,1
2563.94,0.306152,-0.654785,0.986328,0.915527,0.793457,-18.5547,1
2563.95,0.250488,-0.647461,0.996094,1.28174,1.09863,-17.7612,1
2563.96,0.196777,-0.518555,0.977539,-0.183105,1.0376,-17.8833,1
2563.97,0.216797,-0.706055,1.00732,-1.46484,0.793457,-18.0664,1
2563.98,0.274414,-0.62793,1.00781,0.12207,0.854492,-17.6392,1
2563.99,0.310547,-0.571777,1.00781,-1.0376,1.70898,-18.3105,1
2564,0.27002,-0.70459,1.01123,-0.610352,1.46484,-17.5781,1
2564.01,0.238281,-0.628906,1.01221,-0.427246,1.15967,-17.7002,1
2564.02,0.206543,-0.648926,1.02295,0,1.46484,-17.7612,1
2564.03,0.233887,-0.61377,1.05322,0.366211,1.2207,-18.1885,1
2564.04,0.284668,-0.637207,0.95752,-0.0610352,1.2207,-18.7378,1
2564.05,0.291504,-0.620117,0.897461,0.183105,1.0376,-18.3716,1
2564.06,0.247559,-0.657227,0.945801,0.0610352,0.305176,-18.8599,1
2564.07,0.223145,-0.63623,0.983398,0.854492,0.183105,-18.9209,1
2564.08,0.27002,-0.659668,1.00879,0.854492,0.732422,-19.7144,1
2564.09,0.305664,-0.628906,0.950684,1.28174,0.549316,-19.4702,1
2564.1,0.324219,-0.628906,0.885254,-0.305176,-0.12207,-20.0806,1
2564.11,0.335449,-0.69873,0.898926,-0.976562,-0.366211,-20.0195,1
2564.12,0.311035,-0.656738,0.977051,-1.15967,0.12207,-20.3247,1
2564.13,0.305176,-0.680176,1.03906,-2.0752,0.610352,-20.874,1
2564.14,0.32959,-0.664551,1.01953,-1.70898,0.793457,-20.6299,1
2564.15,0.334961,-0.65332,0.971191,-2.38037,0.976562,-20.813,1
2564.16,0.377441,-0.706055,0.950684,-2.31934,1.15967,-20.9351,1
2564.17,0.333984,-0.6875,0.932617,-2.50244,1.52588,-21.2402,1
2564.18,0.330078,-0.742676,1.03564,-2.80762,2.0752,-21.7896,1
2564.19,0.296387,-0.657715,1.08203,-3.11279,1.89209,-21.9116,1
2564.2,0.305176,-0.714355,1.04492,-3.60107,2.19727,-21.7896,1
2564.2,0.278809,-0.777832,0.909668,-3.05176,2.2583,-21.9727,1
2564.21,0.260742,-0.685547,0.90332,-2.50244,1.95312,-22.4609,1
2564.22,0.27002,-0.766602,0.990234,-2.44141,2.50244,-23.4375,1
2564.23,0.223145,-0.731934,1.04004,-1.28174,2.01416,-23.1934,1
2564.24,0.182617,-0.670898,0.950195,-1.40381,1.89209,-23.6206,1
2564.25,0.144043,-0.762695,0.895508,-1.52588,1.52588,-23.9258,1
2564.26,0.160156,-0.764648,0.858398,-0.12207,1.09863,-23.8037,1
2564.27,0.190918,-0.756348,0.923828,-0.427246,1.2207,-25.0854,1
2564.28,0.190918,-0.812012,1.00928,0,0.488281,-24.7803,1
2564.29,0.166016,-0.694824,0.980957,0.0610352,0.366211,-24.7803,1
2564.3,0.121094,-0.739258,0.89209,-0.793457,0.244141,-25.0244,1
2564.31,0.143066,-0.800293,0.90332,-0.610352,-0.793457,-25.2075,1
2564.32,0.23877,-0.76416,0.938965,0.183105,-0.732422,-24.8413,1
2564.33,0.229004,-0.791992,1.01953,-0.305176,-0.976562,-25.1465,1
2564.34,0.226562,-0.786133,1.07471,-0.488281,-1.2207,-25.0854,1
2564.35,0.199707,-0.821289,1.02393,-0.610352,-0.671387,-24.5361,1
2564.36,0.220215,-0.821289,0.971191,-0.549316,-0.854492,-24.353,1
2564.37,0.301758,-0.803711,0.993652,-1.15967,-0.854492,-23.9868,1
2564.38,0.303711,-0.875,1.1123,-1.28174,-0.488281,-23.4985,1
2564.39,0.233887,-0.795898,1.10156,-0.854492,-0.549316,-22.7661,1
2564.4,0.199219,-0.855469,1.03467,-0.366211,0.305176,-22.583,1
2564.41,0.221191,-0.853027,0.965332,0.305176,-0.0610352,-22.1558,1
2564.42,0.265137,-0.751953,1.03613,0.183105,0,-22.2778,1
2564.43,0.284668,-0.822754,1.04639,0.12207,0.671387,-21.8506,1
2564.44,0.281738,-0.871582,1.0625,1.0376,0.427246,-21.2402,1
2564.45,0.236816,-0.799805,1.00293,0.610352,0.793457,-21.1182,1
2564.46,0.175293,-0.864746,1.04834,0.305176,0.854492,-20.874,1
2564.47,0.160645,-0.900879,1.0542,1.52588,1.09863,-20.1416,1
2564.48,0.236328,-0.730469,1.02832,2.13623,1.40381,-20.2637,1
2564.49,0.256836,-0.813477,1.0083,1.28174,1.89209,-20.813,1
2564.5,0.22168,-0.974609,0.963379,3.05176,1.28174,-19.8364,1
2564.51,0.17334,-0.603027,0.950195,3.54004,0.854492,-20.0195,1
2564.52,0.150879,-0.770508,0.937988,0.976562,1.46484,-20.4468,1
2564.52,0.168945,-0.960938,0.962891,3.78418,1.46484,-19.8975,1
2564.53,0.185059,-0.584473,0.949707,4.39453,1.52588,-20.5688,1
2564.54,0.179688,-0.776855,0.913086,3.05176,1.40381,-20.3857,1
2564.55,0.216309,-0.876465,0.905762,4.69971,0.915527,-20.1416,1
2564.56,0.251953,-0.629883,0.898438,4.15039,1.46484,-20.3857,1
2564.57,0.189941,-0.763672,0.868652,2.19727,1.28174,-20.6909,1
2564.58,0.158203,-0.935547,0.972656,3.05176,1.09863,-19.9585,1
2564.59,0.177734,-0.655273,1.03662,2.92969,1.34277,-20.6299,1
2564.6,0.233398,-0.603516,0.922363,0.244141,1.70898,-20.5688,1
2564.61,0.228516,-0.907715,0.879395,-0.549316,1.58691,-20.2637,1
2564.62,0.22998,-0.758301,0.980957,0.427246,1.34277,-20.0806,1
2564.63,0.253418,-0.662598,1.01514,-1.34277,2.01416,-20.6299,1
2564.64,0.231934,-0.810059,1.01904,-2.13623,1.89209,-20.6299,1
2564.65,0.192871,-0.739746,1.00488,-2.92969,1.70898,-20.752,1
2564.66,0.173828,-0.790039,0.97998,-3.479,1.52588,-20.4468,1
2564.67,0.208496,-0.706055,0.993164,-3.05176,1.34277,-20.5688,1
2564.68,0.259277,-0.779297,0.950195,-3.2959,1.70898,-21.4233,1
2564.69,0.294434,-0.783203,0.932129,-1.70898,1.34277,-21.1792,1
2564.7,0.23584,-0.723145,0.997559,-1.40381,1.34277,-21.4233,1
2564.71,0.13916,-0.792969,0.992676,-1.40381,0.732422,-21.5454,1
2564.72,0.131836,-0.883789,0.913574,-0.671387,0.549316,-21.4233,1
2564.73,0.255859,-0.765137,0.967285,-1.34277,0.305176,-22.522,1
2564.74,0.212402,-0.905762,0.950195,0.183105,-0.244141,-21.6675,1
2564.75,0.180176,-0.737305,0.962891,0,-0.0610352,-22.1558,1
2564.76,0.182129,-0.84375,1.04102,-1.28174,0.244141,-22.583,1
2564.77,0.214844,-0.837891,1.05518,-0.976562,0,-22.0947,1
2564.78,0.226562,-0.708496,1.01562,-1.52588,-0.183105,-22.3389,1
2564.79,0.200195,-0.874023,0.993164,-2.31934,-0.0610352,-22.4609,1
2564.8,0.230469,-0.869629,1.00635,-0.244141,-0.183105,-22.3389,1
2564.81,0.26416,-0.653809,1.02881,-0.915527,0,-23.2544,1
2564.82,0.286133,-0.887695,1.05469,-1.52588,-0.488281,-22.4609,1
2564.83,0.181152,-0.841309,0.982422,-0.183105,-0.793457,-22.2168,1
2564.84,0.140137,-0.782227,0.939453,-1.2207,-0.244141,-22.9492,1
2564.85,0.178223,-1.02783,1.00195,-0.854492,0.12207,-22.4609,1
2564.86,0.219727,-0.760742,1.05518,-0.366211,-0.244141,-22.7661,1
2564.87,0.189453,-0.76123,1.03564,-2.62451,-0.244141,-23.3765,1
2564.88,0.119141,-0.979492,1.00732,-0.244141,0.244141,-22.0337,1
2564.88,0.0703125,-0.685547,0.966797,0.427246,0.427246,-22.4609,1
2564.89,0.135742,-0.824707,0.946777,-1.28174,0.488281,-23.0713,1
2564.9,0.0957031,-0.972656,0.955078,1.0376,0.488281,-21.9116,1
2564.91,0.012207,-0.75,1.01465,0.854492,1.40381,-22.2778,1
2564.92,-0.0229492,-0.836426,1.03955,-0.12207,1.77002,-22.3999,1
2564.93,-0.0166016,-1.01904,1.03027,1.46484,2.44141,-21.6675,1
2564.94,-0.00390625,-0.69873,0.919434,2.2583,2.31934,-22.1558,1
2564.95,-0.0151367,-0.799805,0.905762,0.427246,3.23486,-22.3999,1
2564.96,-0.0507812,-1.03223,1.0083,2.2583,2.74658,-21.6675,1
2564.97,-0.0112305,-0.775391,0.971191,3.60107,3.35693,-21.7285,1
2564.98,-0.043457,-0.830566,0.944336,2.62451,4.39453,-22.0947,1
2564.99,-0.0527344,-0.881836,0.943848,3.41797,4.08936,-21.9116,1
2565,-0.0668945,-0.734863,0.952148,3.05176,4.39453,-22.4609,1
2565.01,-0.0634766,-0.853027,0.911133,2.74658,4.3335,-22.2778,1
2565.02,-0.0263672,-0.85498,0.914551,3.2959,3.78418,-22.4609,1
2565.03,0.0151367,-0.682129,0.866699,2.80762,3.84521,-23.2544,1
2565.04,-0.0209961,-0.895996,0.815918,2.38037,4.39453,-22.8882,1
2565.05,-0.046875,-0.894531,0.876953,3.17383,3.72314,-23.1934,1
2565.06,-0.0356445,-0.683105,0.935547,1.70898,3.60107,-23.9258,1
2565.07,-0.0136719,-0.831543,0.962402,0.12207,3.78418,-24.1089,1
2565.08,0.00488281,-0.864746,0.913086,0.12207,3.11279,-23.8037,1
2565.09,0.0297852,-0.806641,0.896484,-0.671387,3.05176,-24.6582,1
2565.1,-0.0219727,-0.875,0.968262,-0.0610352,2.68555,-24.353,1
2565.11,-0.00634766,-0.79834,0.952637,-0.366211,2.86865,-24.9023,1
2565.12,0.0410156,-0.86084,0.916504,-1.52588,2.74658,-25.3296,1
2565.13,0.0415039,-0.928223,0.978027,-1.34277,2.13623,-25.0244,1
2565.14,0.0976562,-0.85498,0.976074,-1.0376,1.64795,-25.2075,1
2565.15,0.0961914,-0.866211,0.916016,-1.64795,1.89209,-25.6348,1
2565.16,0.0761719,-0.96582,1.03418,-1.70898,1.15967,-25.6348,1
2565.17,0.0703125,-0.820801,1.03809,-1.0376,0.793457,-25.6348,1
2565.17,0.0849609,-0.77002,0.897461,-2.01416,0.671387,-26.1841,1
2565.18,0.121094,-0.984863,0.914062,-1.2207,0.12207,-25.8789,1
2565.19,0.197266,-0.854004,0.98877,0.12207,-0.610352,-25.8179,1
2565.2,0.182617,-0.778809,0.970215,0,-0.366211,-26.001,1
2565.21,0.160156,-1.0542,0.918945,0.427246,-0.305176,-25.5737,1
2565.22,0.107422,-0.774414,0.980469,1.95312,-0.793457,-25.3906,1
2565.23,0.10791,-0.873047,0.975586,0.549316,-0.427246,-25.5127,1
2565.24,0.181152,-0.902344,0.972168,3.11279,-1.28174,-24.9634,1
2565.25,0.26416,-0.780762,0.931152,2.44141,-0.610352,-25.3296,1
2565.26,0.227051,-0.939453,0.914551,2.56348,-0.549316,-24.5361,1
2565.27,0.105957,-0.973145,0.993164,4.39453,-0.12207,-23.3154,1
2565.28,0.121582,-0.754395,0.957031,3.72314,-0.366211,-23.8037,1
2565.29,0.183594,-0.90625,0.977539,1.28174,0,-23.4985,1
2565.3,0.188477,-0.861328,0.989258,2.99072,-0.0610352,-22.0947,1
2565.31,0.185547,-0.793945,0.987305,0.427246,0.366211,-23.1323,1
2565.32,0.199707,-1.08545,0.95459,2.56348,0.671387,-21.5454,1
2565.33,0.150391,-0.758789,0.984863,3.54004,1.34277,-21.5454,1
2565.34,0.151855,-0.734863,0.978027,0.0610352,0.732422,-21.9727,1
2565.35,0.163574,-1.09326,0.934082,0.671387,1.0376,-20.874,1
2565.36,0.14209,-0.751953,0.979004,2.0752,1.34277,-21.0571,1
2565.37,0.172852,-0.871094,0.968262,-1.40381,1.64795,-21.7896,1
2565.38,0.177246,-1.03857,0.921387,1.15967,1.0376,-20.1416,1
2565.39,0.103027,-0.697754,0.940918,0.854492,1.34277,-21.0571,1
2565.4,0.135254,-0.833984,0.987793,0.427246,1.52588,-20.9351,1
2565.41,0.174805,-0.856934,0.904785,2.2583,1.34277,-20.5688,1
2565.42,0.237793,-0.775879,0.876465,0.854492,0.976562,-21.2402,1
2565.43,0.154785,-1.01611,0.913574,0.671387,0.793457,-20.6299,1
2565.44,0.11084,-0.891113,1.01709,1.58691,1.0376,-20.3247,1
2565.45,0.102051,-0.750977,0.996582,0.427246,1.34277,-20.874,1
2565.46,0.194824,-0.85791,0.933594,1.28174,1.15967,-20.5688,1
2565.47,0.254395,-0.811035,0.894043,2.44141,0.671387,-20.5078,1
2565.48,0.290527,-0.779297,0.942871,1.70898,0.183105,-20.813,1
2565.49,0.19873,-0.805664,0.927734,1.77002,0.793457,-20.752,1
2565.5,0.15332,-0.942383,0.941406,2.74658,0.427246,-20.0806,1
2565.51,0.205078,-0.754395,0.930664,3.72314,0,-20.0806,1
2565.52,0.274414,-0.779297,0.955566,1.64795,0.0610352,-20.9351,1
2565.53,0.30957,-0.937988,1.02002,3.54004,-0.244141,-19.9585,1
2565.54,0.29834,-0.599609,0.970215,3.84521,0.183105,-19.8975,1
2565.55,0.243164,-0.811035,0.901367,0.976562,0.183105,-20.5078,1
2565.56,0.194824,-1.00879,0.903809,4.08936,-0.427246,-19.2261,1
2565.56,0.293457,-0.585449,1.00293,4.63867,-0.244141,-19.2871,1
2565.57,0.342773,-0.786621,1.04785,1.28174,-0.244141,-19.7144,1
2565.58,0.294922,-1.00391,0.993652,2.44141,-0.732422,-18.9819,1
2565.59,0.225586,-0.671387,0.922852,3.479,0,-18.3716,1
2565.6,0.253418,-0.679199,0.936035,1.46484,-0.366211,-18.7988,1
2565.61,0.364258,-0.939941,1.00195,2.13623,-0.183105,-18.1885,1
2565.62,0.328613,-0.738281,1.00684,2.86865,-0.0610352,-18.1274,1
2565.63,0.28125,-0.785156,0.98877,1.52588,0.0610352,-17.6392,1
2565.64,0.236328,-0.834961,0.956543,2.92969,-0.488281,-17.0288,1
2565.65,0.286621,-0.691406,0.945801,1.64795,-0.488281,-18.0054,1
2565.66,0.306641,-0.773926,0.959473,1.34277,0,-17.4561,1
2565.67,0.257812,-0.802734,0.976562,1.0376,0.0610352,-17.5171,1
2565.68,0.271484,-0.839844,0.995117,1.64795,0,-17.2729,1
2565.69,0.231445,-0.757324,0.963867,1.89209,0.0610352,-17.5171,1
2565.7,0.327637,-0.775391,0.929199,1.28174,-0.366211,-17.5781,1
2565.71,0.331055,-0.789062,0.981445,1.70898,0,-16.9678,1
2565.72,0.266602,-0.759766,1.01953,0.732422,-0.0610352,-17.334,1
2565.73,0.174805,-0.771484,1.00195,0.915527,-0.305176,-17.1509,1
2565.74,0.216797,-0.662598,0.923828,1.34277,0.0610352,-17.5171,1
2565.75,0.300781,-0.812988,0.936523,1.52588,0.0610352,-17.7002,1
2565.76,0.327148,-0.920898,1.021,2.99072,-0.427246,-17.6392,1
2565.77,0.293457,-0.618164,1.01904,2.50244,-0.488281,-17.9443,1
2565.78,0.194824,-0.811035,1.00635,0.610352,0.488281,-17.8223,1
2565.79,0.212402,-0.923828,0.957031,3.17383,-0.183105,-17.0288,1
2565.8,0.249023,-0.650391,0.998047,3.35693,0.12207,-17.6392,1
2565.81,0.28125,-0.828125,0.996094,2.44141,-0.12207,-17.8833,1
2565.82,0.351562,-0.797363,0.973633,4.15039,0,-17.6392,1
2565.83,0.245117,-0.625,0.982422,2.50244,0.854492,-18.0664,1
2565.84,0.217773,-0.872559,1.03174,1.70898,0.366211,-17.5781,1
2565.85,0.213867,-0.776367,0.987305,3.2959,0.244141,-17.1509,1
2565.85,0.291504,-0.643555,0.971191,1.83105,0.427246,-17.7612,1
2565.86,0.26123,-0.826172,1.00098,1.52588,0.427246,-17.7612,1
2565.87,0.230957,-0.728516,0.984863,2.44141,0.183105,-17.7002,1
2565.88,0.274902,-0.683594,1.0083,0.915527,0.732422,-18.3105,1
2565.89,0.306152,-0.780762,0.96875,1.28174,0.671387,-17.5171,1
2565.9,0.25293,-0.706543,1.02393,0.915527,0.793457,-17.8223,1
2565.91,0.204102,-0.744141,0.991699,0.305176,1.0376,-17.8223,1
2565.92,0.231934,-0.76709,0.924316,1.46484,1.28174,-17.2119,1
2565.93,0.311035,-0.70166,0.998047,0.793457,1.28174,-18.0664,1
2565.94,0.329102,-0.726562,0.99707,-0.12207,1.0376,-18.0054,1
2565.95,0.270508,-0.710449,0.970703,-0.12207,1.28174,-17.5781,1
2565.96,0.164062,-0.680176,0.981445,0.366211,1.77002,-17.5171,1
2565.97,0.217773,-0.757324,0.960449,0.549316,1.83105,-18.0054,1
2565.98,0.259277,-0.709961,1.02588,0.183105,1.77002,-18.0664,1
2565.99,0.262695,-0.763672,1.02734,-0.549316,1.40381,-17.8223,1
2566,0.218262,-0.782227,1.00342,0.427246,1.09863,-17.5781,1
2566.01,0.281738,-0.629395,0.977539,0.671387,1.40381,-17.9443,1
2566.02,0.270508,-0.671875,0.916016,-0.671387,2.2583,-18.6157,1
2566.03,0.183105,-0.835938,0.937988,-0.549316,1.58691,-17.8223,1
2566.04,0.190918,-0.692871,1.01904,-0.427246,1.34277,-17.8833,1
2566.05,0.271484,-0.562012,0.985352,-1.89209,1.34277,-19.043,1
2566.06,0.384277,-0.791016,0.882324,-2.31934,0.915527,-19.104,1
2566.07,0.34668,-0.667969,0.983398,-0.793457,0.305176,-19.043,1
2566.08,0.30127,-0.602539,0.94873,-2.56348,0.0610352,-19.104,1
2566.09,0.228027,-0.828613,0.912109,-1.52588,-0.610352,-18.6768,1
2566.1,0.26416,-0.60791,0.994629,0,-1.2207,-19.104,1
2566.11,0.441406,-0.615723,1.06836,-1.89209,-0.610352,-20.3247,1
2566.12,0.388672,-0.854004,1.07373,-1.09863,-0.793457,-19.5312,1
2566.13,0.300781,-0.734863,1.01904,0,-0.915527,-18.6768,1
2566.14,0.234375,-0.630371,0.936035,-0.305176,-1.64795,-18.5547,1
2566.15,0.330078,-0.673828,0.982422,0.0610352,-1.46484,-18.9209,1
2566.16,0.444824,-0.759277,1.06348,0.549316,-0.427246,-19.165,1
2566.16,0.405762,-0.731445,1.02832,2.44141,-0.427246,-17.395,1
2566.17,0.241699,-0.672852,0.958008,2.2583,-0.427246,-16.9067,1
2566.18,0.237793,-0.763672,0.947266,2.44141,-0.305176,-17.1509,1
2566.19,0.329102,-0.716797,0.948242,4.88281,0.366211,-16.1133,1
2566.2,0.411621,-0.68457,1.01904,4.63867,0.488281,-15.625,1
2566.21,0.379883,-0.708496,1.00977,5.18799,-0.0610352,-15.2588,1
2566.22,0.287598,-0.662109,0.984375,5.61523,0.915527,-14.4653,1
2566.23,0.304199,-0.613281,0.922852,6.04248,0.854492,-13.7939,1
2566.24,0.368164,-0.656738,0.960449,4.3335,0.732422,-13.6108,1
2566.25,0.384277,-0.722168,0.978516,5.43213,1.0376,-12.207,1
2566.26,0.301758,-0.524414,0.967285,5.85938,1.70898,-12.085,1
2566.27,0.32666,-0.483887,0.830078,5.00488,1.09863,-12.0239,1
2566.28,0.374512,-0.535645,0.806152,5.06592,1.2207,-10.7422,1
2566.29,0.397949,-0.549316,0.986328,5.00488,1.34277,-10.498,1
2566.3,0.318848,-0.519043,0.986328,6.40869,2.01416,-9.15527,1
2566.31,0.298828,-0.411133,0.884766,6.89697,1.70898,-8.54492,1
2566.32,0.333496,-0.443359,0.84668,5.92041,1.34277,-8.23975,1
2566.33,0.30957,-0.49707,0.872559,6.34766,1.52588,-6.95801,1
2566.34,0.272949,-0.293457,1.06006,6.7749,1.89209,-6.40869,1
2566.35,0.256348,-0.370117,0.946289,6.71387,2.2583,-5.31006,1
2566.36,0.224121,-0.415039,0.879395,8.72803,2.2583,-3.78418,1
2566.37,0.148926,-0.260742,0.968262,9.52148,2.38037,-3.23486,1
2566.38,0.0322266,-0.221191,0.986328,9.94873,2.99072,-1.95312,1
2566.39,0.0268555,-0.199219,0.956543,10.8643,3.23486,-0.671387,1
2566.4,0.0214844,-0.136719,0.86377,11.7188,3.23486,0.488281,1
2566.41,0.0395508,-0.126465,0.884277,12.3901,2.92969,1.77002,1
2566.42,0.0439453,-0.081543,0.92627,13.6719,2.62451,2.68555,1
2566.43,0.0078125,0.0625,0.917969,15.625,3.11279,4.21143,1
2566.44,0.0102539,0.123047,0.817871,14.8926,2.74658,4.82178,1
2566.45,0.0258789,-0.0185547,0.908203,16.1133,2.80762,6.34766,1
2566.46,-0.0810547,0.14502,0.828125,18.0054,2.2583,7.8125,1
2566.47,0.0253906,0.32959,0.898438,17.5781,1.77002,8.60596,1
2566.48,0.0117188,0.174316,0.856934,16.4795,2.2583,9.52148,1
2566.49,0.0595703,0.103516,0.935059,19.7754,1.77002,11.9019,1
2566.5,0.00683594,0.672852,1.01807,18.9819,0.976562,12.5732,1
2566.51,0.03125,0.367676,0.930664,15.0146,0.183105,13.6108,1
2566.51,0.00634766,0.138672,1.00977,18.7378,0.366211,15.9302,1
2566.52,-0.0537109,0.641602,1.03125,19.2261,0.305176,16.6016,1
2566.53,0.0307617,0.67627,1.13623,16.1133,0.12207,17.0898,1
2566.54,0.034668,0.346191,1.1001,17.1509,0.732422,18.7378,1
2566.55,0.0454102,0.487793,1.04199,19.4092,0.549316,20.1416,1
2566.56,0.0405273,0.796875,1.08936,17.2729,1.15967,20.0195,1
2566.57,0.0166016,0.629395,1.12207,14.6484,2.2583,21.1182,1
2566.58,-0.0268555,0.679199,1.15137,15.5029,2.2583,22.3999,1
2566.59,-0.0263672,0.868164,1.16602,13.6719,2.92969,22.7661,1
2566.6,-0.0166016,0.64502,1.11328,12.207,2.92969,23.6816,1
2566.61,-0.0556641,0.794434,1.0835,12.085,2.80762,24.231,1
2566.62,-0.0288086,0.995117,1.09668,10.1318,3.35693,24.4141,1
2566.63,-0.03125,0.807617,1.15479,7.99561,3.96729,24.8413,1
2566.64,-0.0722656,0.810547,1.0957,7.62939,3.11279,26.062,1
2566.65,-0.109375,0.885254,1.02295,5.43213,3.05176,25.9399,1
2566.66,-0.0678711,0.871094,1.01758,4.57764,3.11279,26.9165,1
2566.67,-0.0219727,1.05322,1.09912,3.35693,3.35693,27.0996,1
2566.68,-0.0258789,0.943848,1.12451,0.488281,3.23486,26.8555,1
2566.69,-0.0664062,0.880859,1.09082,0.671387,2.38037,28.3203,1
2566.7,-0.0795898,0.851074,0.919434,-0.854492,2.56348,28.0762,1
2566.71,-0.119629,0.993164,0.958008,-1.28174,1.83105,28.5645,1
2566.71,-0.0966797,1.01025,1.0127,-3.54004,2.19727,28.1372,1
2566.72,-0.0668945,1.01172,1.05078,-3.23486,2.01416,29.48,1
2566.73,-0.0883789,1.06152,1.12354,-3.479,2.0752,29.6021,1
2566.74,-0.0458984,0.79248,1.04492,-3.96729,1.89209,29.1748,1
2566.75,-0.131348,0.80957,0.946289,-0.488281,2.0752,30.2734,1
2566.76,-0.144043,1.19287,0.958008,-0.610352,2.19727,29.6631,1
2566.77,-0.131836,0.893066,1.04932,-2.19727,2.86865,28.9917,1
2566.78,-0.11377,0.767578,1.05176,0.793457,2.56348,30.2734,1
2566.79,-0.0620117,1.08691,0.92334,1.40381,2.86865,29.6021,1
2566.8,-0.09375,0.867188,0.896973,0.305176,3.11279,29.2969,1
2566.81,-0.108398,0.776855,0.902344,4.15039,3.17383,30.2734,1
2566.82,-0.110352,0.891113,0.92041,3.66211,3.90625,29.6021,1
2566.83,-0.103516,0.833984,0.84668,2.74658,3.05176,30.0903,1
2566.84,-0.0859375,0.861328,0.786133,2.74658,3.11279,30.2734,1
2566.85,-0.0927734,0.862793,0.764648,2.01416,3.35693,29.9072,1
2566.86,-0.209473,0.66748,0.908203,2.50244,3.05176,31.0059,1
2566.87,-0.150879,0.856445,0.814941,3.11279,2.19727,30.8228,1
2566.88,-0.129395,1.0293,0.742676,0.671387,2.56348,31.189,1
2566.89,-0.163086,0.781738,0.884766,0.366211,2.56348,31.25,1
2566.9,-0.140137,0.817383,0.897461,0.976562,2.13623,31.4331,1
2566.91,-0.195801,0.816406,0.921875,1.46484,2.38037,32.1655,1
2566.92,-0.26123,0.776855,0.894531,0.732422,1.83105,31.9214,1
2566.93,-0.179688,1.17529,0.851562,1.64795,1.58691,32.2876,1
2566.94,-0.256348,0.943359,0.911133,-1.77002,2.13623,32.1045,1
2566.95,-0.296387,0.668457,0.967773,1.64795,1.15967,33.9966,1
2566.96,-0.222168,1.05078,0.983398,2.50244,1.0376,33.1421,1
2566.97,-0.134766,0.904785,0.907227,1.58691,2.01416,32.8979,1
2566.98,-0.220703,0.935059,0.96875,3.23486,1.89209,33.6914,1
2566.99,-0.212891,1.11572,1.00049,2.31934,1.2207,32.959,1
2567,-0.220703,1.00635,1.01562,3.479,0.549316,33.6914,1
2567.01,-0.271973,0.796875,1.05811,4.88281,1.77002,33.8135,1
2567.02,-0.244629,1.22021,0.964844,5.5542,1.46484,32.959,1
2567.03,-0.169434,0.986816,0.978027,2.50244,2.31934,32.5317,1
2567.04,-0.26709,0.882812,1.1001,5.12695,2.31934,33.3862,1
2567.05,-0.253418,1.27002,1.04395,3.479,2.38037,32.2266,1
2567.05,-0.224121,1.01855,0.950684,0.488281,2.99072,31.8604,1
2567.06,-0.312988,0.721191,1.0957,1.77002,2.92969,32.2876,1
2567.07,-0.197266,1.16113,0.929199,1.09863,2.31934,31.7383,1
2567.08,-0.217285,1.03223,0.939941,-3.41797,3.54004,31.6162,1
2567.09,-0.286133,0.910645,1.03613,-3.72314,3.05176,31.9824,1
2567.1,-0.154785,1.05518,0.859863,-6.04248,2.74658,31.25,1
2567.11,-0.219238,0.90332,0.895996,-7.56836,2.92969,31.7383,1
2567.12,-0.228516,0.73877,0.918457,-7.38525,2.68555,31.7993,1
2567.13,-0.192383,1.13574,0.837891,-8.78906,2.0752,32.1655,1
2567.14,-0.237305,0.785645,0.946289,-12.207,2.62451,32.1045,1
2567.15,-0.213379,0.814941,0.873047,-8.8501,0.915527,32.8369,1
2567.16,-0.206055,0.776855,0.835449,-10.8643,1.46484,32.7148,1
2567.17,-0.173828,0.723633,0.771973,-7.32422,0.610352,33.1421,1
2567.18,-0.182129,0.858398,0.758789,-8.42285,1.46484,32.5317,1
2567.19,-0.234375,0.661133,0.791504,-6.40869,1.0376,33.6304,1
2567.2,-0.241211,0.887207,0.873535,-3.84521,1.09863,33.2031,1
2567.21,-0.159668,0.825195,0.948242,-3.41797,2.0752,32.4707,1
2567.22,-0.137695,0.583496,0.837891,-1.2207,1.95312,32.6538,1
2567.23,-0.208496,0.854492,0.841309,0.732422,2.0752,31.9214,1
2567.24,-0.234863,0.872559,0.840332,-1.52588,2.86865,30.5176,1
2567.25,-0.249023,0.619141,0.956055,0.12207,4.15039,30.8228,1
2567.26,-0.174805,0.887695,0.98877,1.40381,3.84521,30.1514,1
2567.27,-0.125977,1.00781,0.888184,-0.183105,4.5166,28.8086,1
2567.28,-0.183105,0.724121,0.894531,-0.12207,4.94385,28.8696,1
2567.29,-0.178711,0.825684,0.928223,2.74658,4.57764,28.5645,1
2567.3,-0.241699,0.745117,1.05127,0.854492,5.18799,27.71,1
2567.31,-0.179199,0.868652,1.06152,3.11279,3.84521,28.1372,1
2567.32,-0.165527,0.963867,0.902344,-0.12207,4.02832,27.2827,1
2567.33,-0.156738,0.757812,0.978516,0.244141,3.35693,27.4658,1
2567.34,-0.129883,0.869629,0.941406,-0.671387,2.74658,26.6724,1
2567.34,-0.189453,0.625,0.945801,0.183105,2.74658,28.0762,1
2567.35,-0.151367,1.29004,0.991211,0.732422,1.46484,28.0151,1
2567.36,-0.15332,0.744141,0.879883,-3.479,1.46484,28.4424,1
2567.37,-0.180176,0.937988,0.969238,1.52588,0.915527,29.6631,1
2567.38,-0.105469,1.02881,0.931152,-2.31934,-0.12207,29.0527,1
2567.39,-0.168945,0.636719,0.962891,-0.12207,-0.427246,30.6396,1
2567.4,-0.138672,1.0332,1.05566,-0.183105,-1.40381,30.3345,1
2567.41,-0.145996,0.963379,0.873535,-1.83105,-1.52588,31.0669,1
2567.42,-0.248047,1.09668,1.04688,0.549316,-0.976562,31.1279,1
2567.43,-0.133301,0.88916,0.977051,-0.976562,-1.09863,31.0059,1
2567.44,-0.139648,1.16406,1.10742,2.56348,-1.15967,31.6162,1
2567.45,-0.10791,0.825684,1.04443,-2.19727,-0.244141,30.1514,1
2567.46,-0.177246,0.869141,1.05664,1.0376,-0.549316,31.7383,1
2567.47,-0.140137,0.981445,0.922852,0.12207,1.09863,30.6396,1
2567.48,-0.234863,0.927246,1.00195,-1.83105,1.46484,30.4565,1
2567.49,-0.0512695,0.914551,0.88916,0.366211,1.58691,29.6631,1
2567.5,-0.202148,1.13477,1.05322,-2.56348,2.31934,29.541,1
2567.51,-0.0532227,0.694824,0.889648,-2.80762,2.68555,29.0527,1
2567.52,-0.28125,1.32031,0.973633,-2.74658,2.86865,28.9917,1
2567.53,-0.0595703,0.606445,0.867676,-7.75146,4.02832,27.9541,1
2567.54,-0.138672,1.07959,0.944824,-1.83105,4.5166,30.5176,1
2567.55,0.0678711,0.768066,0.913574,-6.5918,3.05176,26.8555,1
2567.56,0.0180664,1.06836,0.82373,-4.15039,3.90625,30.6396,1
2567.57,-0.0268555,0.688477,0.835938,-6.28662,2.2583,26.8555,1
2567.58,-0.0742188,1.05664,0.787109,-3.23486,3.66211,31.311,1
2567.59,-0.046875,0.772949,0.831543,-6.28662,2.01416,28.8696,1
2567.6,-0.0595703,0.734863,0.883789,-1.64795,3.41797,32.2266,1
2567.61,0.0400391,1.13672,0.840332,-2.99072,0.183105,30.3955,1
2567.62,0.0371094,0.610352,0.76416,-2.56348,1.58691,32.8369,1
2567.63,-0.0703125,0.902344,0.89502,-1.64795,-0.305176,31.9824,1
2567.63,0.0488281,0.745605,0.825684,0.244141,0.610352,32.8979,1
2567.64,-0.12207,1.28125,1.02197,0.549316,-0.488281,33.4473,1
2567.65,0.097168,0.4375,0.924316,-0.366211,-0.915527,33.6304,1
2567.66,-0.0463867,1.28955,0.982422,4.63867,-2.2583,34.1797,1
2567.67,0.0874023,0.762695,0.969238,-0.671387,-0.488281,33.2642,1
2567.68,-0.081543,1.20361,0.942383,4.21143,-1.34277,34.3018,1
2567.69,-0.0576172,0.833984,1.1377,0.183105,0.12207,32.5317,1
2567.7,0.0327148,1.02539,1.05566,5.12695,0,33.9966,1
2567.71,4.882812e-04,1.0249,1.09424,1.15967,0.305176,32.1655,1
2567.72,0.0263672,0.910156,0.967285,1.89209,0.12207,32.7759,1
2567.73,0.0341797,1.0542,1.03516,1.40381,0.549316,31.4941,1
2567.74,-0.03125,1.03027,1.03906,0,1.77002,31.4331,1
2567.75,-0.0200195,0.930664,0.989258,-0.549316,1.34277,31.3721,1
2567.76,0.0332031,1.01709,1.04639,-0.549316,1.64795,31.9214,1
2567.77,0.0844727,0.95459,0.942383,-1.2207,2.13623,31.0669,1
2567.78,-0.0532227,0.935547,0.978516,-2.80762,2.68555,30.4565,1
2567.79,-0.0112305,0.888672,0.907227,-0.793457,2.13623,31.1279,1
2567.8,-0.0703125,1.06006,0.995117,-3.60107,3.41797,29.9683,1
2567.81,0.0322266,0.773926,0.909668,-4.63867,2.68555,30.1514,1
2567.82,-0.078125,0.995605,0.933105,-2.62451,3.41797,30.6396,1
2567.83,-0.046875,1.03369,0.97168,-5.49316,3.41797,30.2734,1
2567.84,-0.0253906,0.965332,0.838379,-3.17383,2.92969,30.7617,1
2567.85,-0.0766602,0.633301,0.882324,-4.45557,3.05176,31.4331,1
2567.86,-0.110352,0.966797,0.902344,-1.34277,2.99072,30.4565,1
2567.87,-0.0537109,0.952148,0.952637,-5.79834,3.11279,30.4565,1
2567.88,-0.10791,0.588867,0.898438,-1.46484,3.84521,32.0435,1
2567.89,-0.0620117,1.2627,0.907715,-1.40381,1.95312,31.6162,1
2567.9,-0.0717773,0.59082,0.88623,-2.19727,2.19727,31.6772,1
2567.91,-0.00537109,0.993652,0.868652,1.64795,1.40381,32.1655,1
2567.92,-0.0844727,0.861816,0.850586,-1.52588,1.77002,32.1045,1
2567.93,-0.0756836,0.982422,0.970215,0.244141,1.83105,32.7759,1
2567.94,-0.0727539,0.818359,0.984375,-0.183105,1.46484,32.1655,1
2567.94,-0.0229492,1,0.910645,1.95312,0,33.6914,1
2567.95,-0.0771484,0.837891,0.936035,-0.488281,-0.427246,32.7759,1
2567.96,-0.0239258,0.799316,1.03613,1.0376,-0.671387,33.4473,1
2567.97,-0.0361328,1.01562,0.98291,-0.183105,-0.488281,31.9214,1
2567.98,-0.0209961,0.757812,0.927734,-2.50244,-0.305176,32.7148,1
2567.99,-0.0830078,1.1001,0.939941,-0.366211,-1.09863,31.9214,1
2568,-0.0107422,0.813965,1.04492,-5.67627,-0.671387,31.4331,1
2568.01,0.0605469,0.743652,1.05713,-2.74658,-1.0376,30.4565,1
2568.02,0.0244141,0.812988,1.02783,-6.53076,-0.793457,28.9307,1
2568.03,-0.0307617,0.718262,0.945312,-6.22559,-1.34277,28.3813,1
2568.04,-0.0942383,1.01123,0.984863,-7.75146,-0.671387,26.9165,1
2568.05,-0.0507812,0.73584,0.98584,-9.64355,0,25.9399,1
2568.06,0.0131836,0.750977,1.06201,-8.30078,-1.15967,25.1465,1
2568.07,0.0131836,0.651367,1.00586,-8.78906,-1.0376,24.0479,1
2568.08,0.0844727,0.816406,0.909668,-7.14111,-1.52588,22.7051,1
2568.09,0.0268555,0.847168,0.88623,-7.20215,-0.976562,21.8506,1
2568.1,0.00537109,0.832031,1.04053,-5.06592,-0.671387,20.9961,1
2568.11,0.0336914,0.619629,0.994141,-4.21143,-1.09863,20.0806,1
2568.12,0.0859375,0.709961,0.992188,1.58691,-1.52588,19.5312,1
2568.13,0.050293,0.922852,0.804688,1.15967,-1.40381,18.0054,1
2568.14,0.0703125,0.730957,0.986816,3.41797,-0.793457,17.7002,1
2568.15,0.0668945,0.813965,1.02979,5.43213,-0.976562,17.2119,1
2568.16,0.0844727,1.11719,1.11719,8.11768,-1.09863,16.5405,1
2568.17,-0.0332031,0.834961,1.07617,5.00488,-1.2207,15.1978,1
2568.18,0.043457,0.736816,0.945312,10.8643,-1.64795,15.5029,1
2568.19,0.00732422,1.17139,0.967285,7.87354,-1.0376,14.1602,1
2568.2,0.102051,0.861328,1.10352,6.65283,-1.2207,13.1836,1
2568.21,0.0493164,0.902832,1.02246,6.71387,-1.46484,13.1836,1
2568.22,-9.765625e-04,0.915527,1.10107,3.54004,-1.52588,11.8408,1
2568.23,0.0483398,0.816406,0.986328,2.0752,-2.68555,10.9253,1
2568.24,0.0522461,0.970703,0.972656,0.671387,-1.58691,9.70459,1
2568.25,0.0820312,0.666016,0.998047,-4.27246,-1.64795,8.23975,1
2568.26,0.12207,0.844727,1.07129,-2.56348,-2.2583,7.50732,1
2568.27,0.09375,0.920898,1.03076,-9.58252,-2.01416,5.43213,1
2568.28,0.0541992,0.630371,1.00879,-10.0708,-2.62451,3.479,1
2568.29,0.103027,0.72998,0.998047,-11.1694,-2.50244,1.46484,1
2568.3,0.155762,0.624023,1.00977,-12.5122,-1.89209,-0.488281,1
2568.3,0.216309,0.746094,0.99707,-13.916,-2.50244,-2.62451,1
2568.31,0.111328,0.565918,0.990723,-15.9912,-1.34277,-4.57764,1
2568.32,0.107422,0.623047,0.96582,-13.3667,-2.13623,-6.16455,1
2568.33,0.00634766,0.609863,0.904297,-15.1367,-1.64795,-7.93457,1
2568.34,0.0449219,0.550293,0.972656,-12.2681,-1.64795,-9.64355,1
2568.35,-0.119629,0.578613,0.962891,-11.5967,-0.183105,-12.146,1
2568.36,-0.0854492,0.37207,0.963867,-7.99561,-0.366211,-12.8174,1
2568.37,-0.259766,0.657715,0.804688,-5.00488,-0.427246,-15.2588,1
2568.38,-0.0322266,0.330566,0.912109,-4.57764,0,-17.0288,1
2568.39,-0.0078125,0.54541,0.804199,2.86865,0.366211,-17.8223,1
2568.4,0.0385742,0.737305,0.938477,0.671387,1.0376,-20.5078,1
2568.41,-0.0874023,0.339355,1.0127,4.69971,1.58691,-20.9961,1
2568.42,-0.107422,0.726562,0.995117,8.11768,1.89209,-22.3389,1
2568.43,-0.0400391,0.751953,0.863281,6.10352,2.2583,-23.6206,1
2568.44,-0.138672,0.380859,0.919922,7.99561,2.44141,-24.231,1
2568.45,-0.090332,0.520508,0.980957,10.0098,2.56348,-25.7568,1
2568.46,-0.183105,0.750488,0.989746,9.70459,2.99072,-26.9775,1
2568.47,-0.125977,0.578613,1.04102,7.38525,2.80762,-28.1372,1
2568.48,-0.189941,0.541504,1.01123,7.8125,1.89209,-28.1372,1
2568.49,-0.0751953,0.805664,1.12402,4.88281,1.46484,-29.2969,1
2568.49,-0.00976562,0.523438,1.00488,1.46484,1.89209,-29.1748,1
2568.5,9.765625e-04,0.452148,0.974121,0.549316,1.0376,-28.5034,1
2568.51,0.0146484,0.570312,1.06934,-2.86865,1.0376,-28.9307,1
2568.52,-0.0219727,0.42334,1.04395,-5.49316,0.488281,-28.3813,1
2568.53,-0.0556641,0.390137,0.979492,-7.38525,0.549316,-27.771,1
2568.54,-0.106934,0.342285,0.974121,-10.8032,0.366211,-27.5269,1
2568.55,-0.0834961,0.297363,0.995117,-13.7939,-0.183105,-26.7334,1
2568.56,0.0332031,0.206543,1.03662,-15.9302,-0.244141,-25.2686,1
2568.57,0.106445,0.0595703,1.0459,-16.9067,-0.915527,-23.1934,1
2568.58,0.242676,0.0820312,0.98877,-18.0054,-2.31934,-22.3389,1
2568.59,0.317871,-0.0244141,0.948242,-19.5923,-2.01416,-21.3013,1
2568.6,0.256348,-0.225098,0.935547,-20.2637,-2.38037,-20.0806,1
2568.61,0.103516,-0.286621,0.874023,-20.6299,-3.2959,-18.8599,1
2568.62,0.00341797,-0.336426,0.869629,-20.1416,-3.90625,-18.1274,1
2568.63,0.0249023,-0.261719,0.891113,-20.2637,-4.08936,-17.7002,1
2568.64,0.0693359,-0.491211,0.958008,-21.1792,-4.08936,-17.6392,1
2568.65,0.170898,-0.571289,0.88623,-20.0195,-4.82178,-17.0288,1
2568.66,0.179688,-0.454102,0.880859,-19.5312,-4.45557,-16.6016,1
2568.67,0.100098,-0.456543,0.990234,-20.752,-4.3335,-16.6016,1
2568.68,0.00585938,-0.588867,0.972168,-21.1792,-4.63867,-16.4185,1
2568.69,0.00488281,-0.730469,1.02197,-19.5923,-3.11279,-16.1743,1
2568.7,-0.0283203,-0.642578,0.958496,-18.0054,-2.56348,-15.8691,1
2568.71,0.0541992,-0.841309,1.00781,-18.7378,-1.52588,-17.1509,1
2568.72,0.0976562,-0.845215,0.895996,-15.2588,-1.89209,-15.9912,1
2568.73,-0.0415039,-0.733887,1.06445,-15.5029,0,-17.4561,1
2568.74,-0.0200195,-0.754395,1.06982,-14.7705,0.0610352,-17.6392,1
2568.75,-0.043457,-0.853516,1.11279,-13.6108,2.31934,-17.8833,1
2568.76,0.0288086,-0.889648,1.0918,-11.1694,1.52588,-17.5781,1
2568.77,0.0449219,-0.584473,1.0835,-10.0708,2.44141,-18.0054,1
2568.78,0.046875,-0.877441,1.19092,-10.6201,2.01416,-18.7378,1
2568.79,0.0625,-1.0332,1.1084,-5.98145,3.17383,-18.0054,1
2568.8,0.043457,-0.675293,1.02393,-5.49316,3.35693,-19.2261,1
2568.81,0.0214844,-0.912109,1.06543,-7.87354,3.23486,-20.5078,1
2568.82,0.0209961,-1.15869,1.10254,-4.27246,3.05176,-20.0806,1
2568.83,0.00927734,-0.62207,1.17383,-1.70898,3.41797,-20.874,1
2568.84,0.0986328,-0.772461,1.08838,-5.00488,3.17383,-22.8271,1
2568.84,0.141602,-0.970215,1.0166,-0.305176,2.2583,-21.0571,1
2568.85,0.0898438,-0.589844,1.03174,0.793457,2.01416,-22.1558,1
2568.86,0.131836,-0.91748,0.97998,-0.244141,1.40381,-23.1934,1
2568.87,0.100098,-1.0498,0.93457,4.27246,1.58691,-22.7051,1
2568.88,0.0927734,-0.566406,0.96875,4.21143,0.488281,-23.4375,1
2568.89,0.119629,-0.625,0.960449,0.976562,-0.610352,-24.231,1
2568.9,0.0947266,-0.822754,0.963867,3.05176,-0.183105,-23.1934,1
2568.91,0.125488,-0.650391,0.848145,4.08936,-0.732422,-23.1323,1
2568.92,0.165039,-0.742676,0.835938,3.66211,-0.976562,-23.0103,1
2568.93,0.218262,-0.749023,0.885254,5.12695,-1.58691,-22.2778,1
2568.94,0.181152,-0.508789,1.00391,3.72314,-1.64795,-22.2168,1
2568.95,0.14502,-0.586426,0.996094,1.28174,-1.58691,-21.4233,1
2568.96,0.10791,-0.671387,0.888184,1.46484,-1.34277,-20.4468,1
2568.97,0.140625,-0.678223,0.792969,1.34277,-1.09863,-20.3857,1
2568.98,0.22168,-0.706543,0.856934,1.64795,-0.427246,-19.4702,1
2568.99,0.251953,-0.634766,1.02148,0.610352,0.305176,-19.104,1
2569,0.17334,-0.598145,1.00195,-0.915527,0.915527,-17.8833,1
2569.01,0.103516,-0.59375,0.972168,-2.56348,1.77002,-17.5171,1
2569.02,0.090332,-0.696777,0.877441,-2.62451,2.62451,-16.5405,1
2569.03,0.186035,-0.74707,0.872559,-2.62451,3.11279,-16.6016,1
2569.04,0.263184,-0.695312,0.974609,-2.62451,3.23486,-16.1743,1
2569.05,0.203125,-0.547363,1.06055,-3.479,3.96729,-16.2354,1
2569.06,0.121582,-0.623535,1.03467,-4.76074,3.84521,-16.2354,1
2569.07,0.0546875,-0.856934,0.882324,-3.05176,3.96729,-15.564,1
2569.08,0.065918,-0.771484,0.857422,-1.64795,3.479,-16.4795,1
2569.09,0.143066,-0.763184,1.03027,-2.0752,3.54004,-17.395,1
2569.1,0.133301,-0.69043,1.08984,-1.83105,3.2959,-17.6392,1
2569.11,0.0795898,-0.609863,0.997559,-1.83105,2.92969,-17.8223,1
2569.12,0.0283203,-0.837402,0.870605,-1.77002,2.13623,-18.7988,1
2569.13,0.111328,-0.809082,0.814453,0.671387,1.77002,-19.2871,1
2569.14,0.118652,-0.748535,0.950195,0.366211,2.19727,-20.4468,1
2569.15,0.103516,-0.853516,1.05664,0.12207,0.793457,-20.9351,1
2569.16,0.0849609,-0.735352,1.0498,0.488281,0.610352,-21.2402,1
2569.17,0.0141602,-0.768555,0.947266,-1.34277,0.305176,-22.4609,1
2569.17,0.0341797,-1.02881,0.880859,-0.366211,-0.488281,-22.522,1
2569.18,0.0385742,-0.861328,0.990234,1.15967,-0.610352,-23.8037,1
2569.19,0.0507812,-0.808105,1.18066,-0.549316,-0.366211,-24.9634,1
2569.2,-0.0200195,-0.82666,1.2002,-0.610352,-0.610352,-24.7803,1
2569.21,-0.0512695,-0.758301,1.10449,-1.52588,-1.28174,-25.1465,1
2569.22,-0.0185547,-0.894043,0.946777,-2.0752,-0.915527,-25.7568,1
2569.23,-0.0585938,-0.912598,1.04443,-1.46484,-0.183105,-26.123,1
2569.24,-0.117676,-0.839355,1.15186,-1.40381,-0.366211,-26.062,1
2569.25,-0.139648,-0.932129,1.14209,-2.31934,0.244141,-27.1606,1
2569.26,-0.0849609,-0.780762,1.05225,-0.12207,0.610352,-26.3672,1
2569.27,-0.0610352,-0.861328,0.904297,-1.70898,1.46484,-27.9541,1
2569.28,-0.034668,-0.918457,0.834961,0.793457,0.915527,-27.1606,1
2569.29,-0.165039,-0.696777,0.904297,0.0610352,1.52588,-28.1982,1
2569.3,-0.186035,-1.09277,0.979492,0,1.95312,-27.9541,1
2569.31,-0.162598,-0.820312,1.05664,3.96729,1.95312,-27.4658,1
2569.32,-0.137695,-0.625488,0.950195,1.52588,2.2583,-28.7476,1
2569.33,-0.162598,-0.974609,0.831055,3.17383,1.52588,-27.832,1
2569.34,-0.254883,-0.80127,0.898438,5.31006,1.83105,-28.6255,1
2569.35,-0.214844,-0.624023,0.908691,3.23486,2.68555,-29.3579,1
2569.36,-0.157227,-1.09277,0.949219,2.44141,2.99072,-29.1748,1
2569.37,-0.148438,-0.966309,1.0293,5.18799,2.01416,-28.5645,1
2569.38,-0.185547,-0.461914,1.02393,2.13623,1.95312,-30.0293,1
2569.39,-0.16748,-0.973145,0.89209,-1.15967,2.19727,-30.2124,1
2569.4,-0.136719,-0.94873,0.813965,3.41797,2.01416,-28.9917,1
2569.41,-0.147461,-0.674316,0.875,-0.244141,2.31934,-31.311,1
2569.42,-0.140625,-1.05566,0.911133,-0.732422,2.62451,-30.8838,1
2569.43,-0.160645,-0.838867,0.985352,0.854492,2.74658,-30.5176,1
2569.44,-0.206055,-0.669922,1.06738,-3.05176,1.95312,-32.2266,1
2569.45,-0.10791,-1.04004,0.952637,-4.15039,1.70898,-32.1655,1
2569.46,-0.110352,-0.996094,0.966309,-1.70898,1.52588,-31.189,1
2569.47,-0.118164,-0.741211,0.993652,-3.78418,1.28174,-32.5928,1
2569.48,-0.0673828,-0.962891,0.950684,-4.76074,1.58691,-31.9824,1
2569.49,-0.150879,-1.04248,1.10986,-2.74658,1.2207,-31.7993,1
2569.5,-0.0878906,-0.756836,1.05469,-3.17383,0.732422,-32.6538,1
2569.51,-0.0229492,-1.07666,0.917969,-3.479,1.09863,-32.0435,1
2569.52,-0.0742188,-1.15527,0.966309,-0.488281,0.732422,-31.9214,1
2569.53,-0.0439453,-0.872559,0.96582,-2.0752,0.793457,-33.2642,1
2569.54,0.0170898,-1.15576,1.05469,-1.2207,1.46484,-32.1045,1
2569.55,-0.0102539,-0.829102,1.04785,1.2207,1.46484,-31.6772,1
2569.55,0.0302734,-0.894531,1.00537,-0.854492,0.854492,-32.7148,1
2569.56,0.0234375,-0.984863,0.875,2.38037,0.183105,-31.5552,1
2569.57,0.0185547,-0.853027,0.893555,2.74658,0.793457,-31.9214,1
2569.58,0.0117188,-0.946777,0.999512,1.58691,-0.244141,-32.1655,1
2569.59,0.0859375,-0.969727,1.00342,2.38037,0.12207,-31.7993,1
2569.6,0.0219727,-1.02246,1.01758,3.41797,0.366211,-31.311,1
2569.61,0.0859375,-0.811035,0.898926,3.479,-0.732422,-31.5552,1
2569.62,0.149414,-0.953613,0.856934,2.62451,-0.12207,-31.189,1
2569.63,0.146973,-1.00586,0.859375,3.72314,0.244141,-30.7007,1
2569.64,0.121582,-0.780273,0.999023,1.70898,0.0610352,-30.8838,1
2569.65,0.10791,-1.00244,0.958008,0.793457,0.305176,-30.0903,1
2569.66,0.102051,-0.934082,0.910156,1.95312,0.244141,-29.1138,1
2569.67,0.138672,-0.801758,0.797852,1.09863,1.40381,-29.3579,1
2569.68,0.15918,-0.916992,0.932617,0.305176,1.09863,-29.3579,1
2569.69,0.13916,-0.925293,0.94043,0.305176,1.52588,-28.2593,1
2569.7,0.122559,-0.869141,0.938477,-0.854492,1.52588,-28.0151,1
2569.71,0.0102539,-0.927246,0.929688,-0.549316,1.2207,-27.4048,1
2569.72,0.0942383,-0.978516,0.872559,0.366211,2.13623,-27.2827,1
2569.73,0.138672,-0.757324,0.882812,0.366211,2.50244,-27.1606,1
2569.74,0.182129,-0.919434,1.00342,-1.52588,2.2583,-26.9165,1
2569.75,0.111328,-0.989258,1.04443,-0.671387,1.95312,-26.3062,1
2569.76,0.0932617,-1.02148,0.921875,0,2.68555,-25.4517,1
2569.77,0.0620117,-1.0083,0.934082,0.488281,2.56348,-26.2451,1
2569.78,0.104492,-0.912598,0.892578,0.427246,2.38037,-26.1841,1
2569.79,0.157227,-0.922852,0.989746,0.976562,2.74658,-26.3672,1
2569.8,0.126465,-0.744141,0.994629,0.732422,1.70898,-26.1841,1
2569.81,0.144531,-1.14893,0.956055,0,2.0752,-25.7568,1
2569.82,0.050293,-0.959473,0.885742,3.17383,1.40381,-25.7568,1
2569.83,0.0639648,-0.833984,0.975098,1.15967,1.58691,-26.6724,1
2569.84,0.107422,-1.02441,0.950684,2.2583,0.366211,-26.001,1
2569.85,0.154785,-0.969727,0.924316,3.05176,0.915527,-26.123,1
2569.85,0.144043,-0.781738,0.967285,2.92969,0.12207,-26.4893,1
2569.86,0.157715,-1.02686,0.939941,1.95312,0.488281,-26.062,1
2569.87,0.0654297,-1.05127,0.967285,3.54004,0.366211,-25.6348,1
2569.88,0.0419922,-0.730957,0.988281,2.56348,-0.305176,-26.123,1
2569.89,0.0991211,-1.01367,0.987305,0.671387,0.12207,-26.3672,1
2569.9,0.154297,-0.953125,0.935059,3.17383,-0.366211,-25.5737,1
2569.91,0.222168,-0.87207,0.975098,1.2207,0,-26.062,1
2569.92,0.143555,-0.939453,0.98291,1.2207,-1.0376,-25.3296,1
2569.93,0.097168,-0.976074,0.975098,1.34277,0.549316,-25.0854,1
2569.94,0.0976562,-0.960449,1.00098,1.58691,-0.244141,-25.0854,1
2569.95,0.118652,-0.922852,0.972656,1.95312,0.12207,-24.292,1
2569.96,0.13916,-0.919434,0.955566,0.244141,-0.0610352,-25.0244,1
2569.97,0.175781,-0.828613,0.944824,2.19727,0,-23.6816,1
2569.98,0.195312,-0.909668,0.958496,0.793457,0.793457,-23.8037,1
2569.99,0.169922,-1.01221,0.905273,2.01416,0,-23.0103,1
2570,0.102051,-0.951172,0.976074,2.50244,1.2207,-22.8271,1
2570.01,0.0688477,-0.845215,0.986328,1.28174,0.671387,-23.4985,1
2570.02,0.13623,-1.01562,0.958984,1.77002,0.793457,-22.583,1
2570.03,0.178223,-0.919922,1.02588,1.40381,0.183105,-23.4985,1
2570.04,0.241211,-0.814941,0.951172,0.488281,0.0610352,-22.7661,1
2570.05,0.149414,-0.966797,0.979004,0.12207,0.305176,-22.522,1
2570.06,0.097168,-0.874023,0.953125,2.0752,-0.12207,-21.6064,1
2570.07,0.152344,-0.895508,0.930176,1.0376,0.854492,-22.8882,1
2570.08,0.139648,-0.953125,0.915039,2.13623,0.12207,-22.2168,1
2570.09,0.181152,-0.941895,1.01807,1.52588,0.427246,-23.0713,1
2570.1,0.18457,-0.791992,0.993164,1.34277,-0.549316,-22.583,1
2570.11,0.226074,-1.02881,0.876465,0.244141,-0.183105,-22.644,1
2570.12,0.144531,-0.925293,0.955078,2.38037,-0.488281,-22.3999,1
2570.13,0.121094,-0.720703,0.979004,0.793457,-0.488281,-23.1323,1
2570.14,0.165527,-0.879395,0.952148,0.366211,-0.427246,-23.1323,1
2570.14,0.138672,-0.80127,0.884766,2.01416,-0.854492,-22.3999,1
2570.15,0.172852,-0.887207,0.873535,1.15967,-0.671387,-23.2544,1
2570.16,0.184082,-0.839844,0.948242,1.89209,-1.15967,-23.1934,1
2570.17,0.175293,-0.956055,1.01123,0.366211,-0.732422,-23.1934,1
2570.18,0.187012,-0.919922,0.964844,1.15967,-1.52588,-22.644,1
2570.19,0.155762,-0.791992,0.991211,-0.366211,-0.732422,-23.2544,1
2570.2,0.186523,-0.938477,0.963379,-0.0610352,-0.793457,-22.8271,1
2570.21,0.17334,-0.829102,0.96875,1.0376,-0.793457,-22.583,1
2570.22,0.272461,-0.832031,0.989258,0.183105,-1.28174,-23.0103,1
2570.23,0.272461,-0.911133,1.00635,0.12207,-0.671387,-22.583,1
2570.24,0.204102,-0.900879,1.02393,-0.671387,-0.12207,-22.2778,1
2570.25,0.123047,-0.995117,1.01221,-1.52588,-0.366211,-22.1558,1
2570.26,0.17627,-1.01562,0.980957,-0.671387,-0.244141,-21.7896,1
2570.27,0.244141,-0.748535,1.00928,-0.366211,-0.0610352,-21.8506,1
2570.28,0.24707,-0.78418,1.0498,-2.74658,0.305176,-23.0713,1
2570.29,0.207031,-0.848633,0.975586,-1.46484,-0.183105,-22.0947,1
2570.3,0.181641,-0.757812,0.897461,-1.09863,0.0610352,-22.0337,1
2570.31,0.221191,-0.835449,0.881836,-1.46484,-0.610352,-22.2168,1
2570.32,0.271973,-0.94043,0.945801,0.427246,0.732422,-21.7285,1
2570.33,0.188965,-0.898438,1.0918,1.2207,1.15967,-21.6064,1
2570.34,0.183594,-0.905273,1.05469,1.09863,0.610352,-22.0337,1
2570.35,0.194336,-0.836914,0.876465,1.0376,0.671387,-22.0947,1
2570.36,0.239746,-0.785156,0.922363,0.854492,0.427246,-22.0947,1
2570.37,0.304688,-0.917969,1.02686,0.732422,0.244141,-22.3999,1
2570.38,0.284668,-0.81543,0.97998,2.86865,0.610352,-21.3013,1
2570.39,0.181641,-0.73877,0.982422,1.83105,0.549316,-21.9727,1
2570.4,0.1875,-0.961426,0.955078,2.50244,-0.427246,-21.7285,1
2570.41,0.288086,-0.798828,1.02441,4.45557,0.0610352,-21.4844,1
2570.42,0.342773,-0.744141,1.04199,2.01416,0.244141,-22.583,1
2570.42,0.328125,-0.99707,0.922363,1.77002,-0.427246,-21.7285,1
2570.43,0.259277,-0.878418,0.958008,2.80762,0,-21.6675,1
2570.44,0.203613,-0.66748,0.995117,1.52588,-0.732422,-22.1558,1
2570.45,0.29541,-0.869629,1.0415,0.366211,-0.488281,-22.522,1
2570.46,0.337891,-0.721191,1.00391,2.31934,-0.854492,-21.4844,1
2570.47,0.310547,-0.750977,0.938965,-0.915527,-0.549316,-21.9116,1
2570.48,0.251465,-1.09131,0.994141,0.427246,-1.2207,-21.0571,1
2570.49,0.162598,-0.701172,1.02539,2.86865,-0.610352,-20.6909,1
2570.5,0.226562,-0.747559,0.990234,0.244141,-0.427246,-21.4233,1
2570.51,0.29834,-0.993652,1.01074,1.77002,-1.0376,-20.6299,1
2570.52,0.293945,-0.719727,1.04395,2.62451,-0.305176,-20.5078,1
2570.53,0.232422,-0.747559,1.02002,0.854492,-0.854492,-20.6299,1
2570.54,0.230469,-0.856934,1.00244,2.74658,-0.854492,-19.4702,1
2570.55,0.179688,-0.666016,1.06348,3.05176,-0.549316,-19.2261,1
2570.56,0.222656,-0.785645,1.08252,3.05176,-0.183105,-18.6157,1
2570.57,0.266113,-0.759766,0.97168,5.12695,-0.12207,-17.334,1
2570.58,0.288574,-0.694336,0.874023,4.27246,0.305176,-17.334,1
2570.59,0.257324,-0.915039,0.919922,4.82178,0.427246,-16.6016,1
2570.6,0.209473,-0.643066,0.992676,5.79834,0.854492,-15.9912,1
2570.61,0.186523,-0.572266,0.99707,3.41797,1.83105,-15.4419,1
2570.62,0.171875,-0.760254,0.993164,3.23486,1.34277,-14.3433,1
2570.63,0.194824,-0.530273,0.95459,4.5166,1.70898,-13.4277,1
2570.64,0.196777,-0.47998,0.925293,3.41797,2.2583,-12.9395,1
2570.65,0.191406,-0.626465,0.93457,3.66211,1.58691,-11.7798,1
2570.66,0.166992,-0.481445,0.971191,5.24902,2.13623,-10.6812,1
2570.67,0.114746,-0.572754,1.01221,4.63867,2.80762,-10.7422,1
2570.68,0.128906,-0.664551,1.01514,6.89697,2.92969,-8.97217,1
2570.69,0.130859,-0.383789,1.04199,7.62939,2.99072,-8.54492,1
2570.7,0.114746,-0.491211,1.01367,6.7749,2.99072,-7.87354,1
2570.71,0.113281,-0.501465,0.972168,9.8877,2.80762,-6.28662,1
2570.71,0.0986328,-0.15918,0.905273,10.376,3.23486,-5.92041,1
2570.72,0.108887,-0.307617,0.743652,9.09424,2.74658,-5.37109,1
2570.73,0.0786133,-0.298828,0.787598,11.6577,2.13623,-3.60107,1
2570.74,0.0610352,-0.0336914,0.994629,10.9253,1.77002,-3.2959,1
2570.75,-9.765625e-04,-0.1875,0.99707,10.7422,1.46484,-1.89209,1
2570.76,0.0341797,-0.165039,0.881836,12.3901,0.976562,-0.549316,1
2570.77,0.0439453,0.0620117,0.772949,12.146,0.427246,0,1
2570.78,0.0585938,-0.0327148,0.853027,10.8032,0.427246,0.488281,1
2570.79,0.0654297,-0.0214844,0.917969,12.6343,-0.12207,2.50244,1
2570.8,0.0605469,0.191406,0.96582,12.3291,-0.12207,3.2959,1
2570.81,0.03125,0.0952148,0.956055,12.146,0,4.39453,1
2570.82,0.0449219,0.0288086,0.995605,14.0381,-0.183105,6.40869,1
2570.83,0.00195312,0.202148,0.996582,14.8926,0.244141,7.75146,1
2570.84,-0.00341797,0.271973,1.03027,14.1602,0.610352,8.66699,1
2570.85,-0.0219727,0.206543,1.01074,13.6108,1.2207,9.70459,1
2570.86,0.015625,0.20752,1.08496,15.0146,1.34277,11.5356,1
2570.87,-0.0439453,0.335938,0.983398,15.1978,1.58691,12.5732,1
2570.88,-0.0180664,0.408203,1.01465,15.2588,1.46484,13.4888,1
2570.89,-0.0463867,0.417969,1.03027,14.6484,2.56348,14.7095,1
2570.9,-0.0302734,0.408203,1.08252,15.3809,2.74658,16.2964,1
2570.91,-0.043457,0.604004,1.07129,14.7705,3.11279,17.2119,1
2570.92,-0.046875,0.455078,0.98291,13.1836,2.99072,17.7002,1
2570.93,-0.059082,0.463867,0.956055,14.7095,2.56348,19.2261,1
2570.94,-0.0463867,0.661133,0.970215,13.6108,2.92969,19.5923,1
2570.95,-0.0429688,0.635254,1.01367,11.9019,2.86865,20.2026,1
2570.96,-0.0649414,0.592773,0.994629,10.437,2.86865,20.9961,1
2570.97,-0.117676,0.678223,0.977051,9.46045,2.31934,22.0947,1
2570.98,-0.0834961,0.72998,1.00781,8.11768,2.38037,22.522,1
2570.99,-0.0595703,0.651855,1.00977,7.08008,2.44141,23.0713,1
2571,-0.0307617,0.743652,0.989746,7.14111,1.34277,24.0479,1
2571,-0.0327148,0.826172,1.06738,5.24902,1.34277,24.292,1
2571.01,-0.0283203,0.736816,1.0791,4.82178,1.52588,24.8413,1
2571.02,-0.081543,0.783691,1.08936,5.18799,1.64795,25.3906,1
2571.03,-0.104492,0.807617,1.12598,5.43213,1.83105,25.3296,1
2571.04,-0.0390625,0.815918,1.13721,6.22559,1.70898,25.6348,1
2571.05,0.0180664,0.868164,1.11377,6.22559,2.01416,25.6348,1
2571.06,0.0576172,0.809082,1.08057,6.65283,1.95312,25.8179,1
2571.07,0.0546875,0.844238,1.09424,7.26318,2.19727,25.9399,1
2571.08,0.0258789,0.904785,1.11377,6.28662,2.0752,25.3906,1
2571.09,-0.027832,0.73291,1.07324,6.10352,2.86865,25.5737,1
2571.1,-0.0239258,0.980957,1.05029,5.98145,2.80762,25.6958,1
2571.11,0.0239258,0.890625,1.02002,1.40381,2.86865,24.8413,1
2571.12,0.065918,0.68457,0.964355,0.793457,2.01416,25.9399,1
2571.13,0.102051,0.893555,0.986816,-0.610352,2.13623,25.5127,1
2571.14,0.0893555,0.927734,0.904785,-3.90625,2.0752,25.1465,1
2571.15,0.106445,0.809082,0.856445,-4.82178,2.0752,25.6958,1
2571.16,0.0625,0.88916,0.894043,-5.92041,1.83105,25.3906,1
2571.17,0.0532227,0.688477,0.946289,-7.32422,1.46484,25.3906,1
2571.18,0.0981445,0.717773,0.854004,-6.04248,1.34277,25.8179,1
2571.19,0.109863,0.946777,0.806152,-6.04248,1.15967,25.6348,1
2571.2,0.0961914,0.780762,0.862793,-7.20215,0.732422,25.6348,1
2571.21,0.0673828,0.769043,0.897461,-4.82178,-0.0610352,26.3062,1
2571.22,0.0644531,0.805176,0.919922,-3.72314,-0.0610352,26.4282,1
2571.23,0.0708008,0.755859,0.862793,-1.95312,-0.305176,26.7334,1
2571.24,0.111328,0.88916,0.855469,-0.976562,-1.0376,26.6724,1
2571.25,0.123535,0.816406,0.97168,0.12207,-0.854492,26.9165,1
2571.26,0.117188,0.860352,0.993652,2.0752,-0.915527,27.2217,1
2571.27,0.0957031,0.923828,1.02686,2.13623,-1.09863,26.7334,1
2571.28,0.0693359,0.921387,0.991699,1.89209,-1.52588,27.2827,1
2571.29,0.097168,0.772949,0.934082,2.0752,-1.70898,27.2827,1
2571.3,0.15332,1.02246,0.941406,2.19727,-2.01416,27.0386,1
2571.31,0.155273,0.915039,1.02246,0,-1.09863,26.123,1
2571.32,0.0927734,0.911133,1.07129,0.854492,-1.15967,26.6724,1
2571.33,0.0668945,0.98584,1.00098,-1.77002,-0.305176,25.8179,1
2571.34,0.125488,0.82959,0.937988,-2.50244,-0.427246,26.1841,1
2571.34,0.205078,1.02051,1.04883,-1.52588,-0.305176,25.4517,1
2571.35,0.1875,1.02441,1.10498,-3.11279,0.183105,24.6582,1
2571.36,0.0708008,0.838379,1.104,-2.0752,0.732422,24.5361,1
2571.37,0.0805664,1.05273,1.08105,-1.64795,1.58691,24.1699,1
2571.38,0.108887,0.99707,1.01904,-2.50244,2.0752,23.9868,1
2571.39,0.101562,0.768066,0.996582,-0.854492,1.40381,23.9868,1
2571.4,0.111816,0.959961,1.05371,1.09863,1.52588,23.7427,1
2571.41,0.110352,1.06396,1.07324,-0.549316,2.31934,23.3154,1
2571.42,0.104492,0.915039,1.04834,-1.58691,2.74658,23.5596,1
2571.43,0.0932617,0.94043,0.928223,-1.58691,1.89209,23.8037,1
2571.44,0.0576172,0.830566,0.905762,-2.13623,2.2583,23.9868,1
2571.45,0.0356445,0.842773,0.918945,-0.976562,1.70898,24.292,1
2571.46,0.0834961,0.901367,0.945312,-1.52588,2.0752,24.5361,1
2571.47,0.111328,0.816895,0.863281,-2.2583,2.01416,24.8413,1
2571.48,0.0644531,0.902344,0.852051,-2.68555,1.28174,25.2686,1
2571.49,0.0307617,0.788086,0.854004,-3.66211,0.549316,25.1465,1
2571.5,-0.0263672,0.806641,0.874023,-2.86865,0.549316,25.9399,1
2571.51,0.0351562,0.726562,0.873535,-3.2959,1.2207,25.6958,1
2571.52,0.127441,0.927734,0.844238,-2.01416,0.732422,25.8179,1
2571.53,0.115723,1.01953,0.890137,-2.44141,0.793457,25.8789,1
2571.54,0,0.788574,1.03955,-1.83105,0.671387,25.8789,1
2571.55,0.0253906,0.758301,0.987793,-0.0610352,0.671387,26.1841,1
2571.56,0.0854492,0.821777,0.868164,0.671387,1.15967,25.9399,1
2571.57,0.13623,0.88623,0.847168,1.09863,1.09863,25.4517,1
2571.58,0.138672,0.791016,0.905762,2.44141,1.15967,25.6348,1
2571.59,0.0805664,0.957031,1.02344,3.84521,1.83105,25.4517,1
2571.6,0.0883789,0.873047,1.04102,2.0752,2.68555,24.6582,1
2571.61,0.11084,0.733398,0.901367,3.78418,2.99072,25.4517,1
2571.62,0.120117,0.963379,0.844727,3.60107,2.92969,24.6582,1
2571.63,0.125488,0.934082,0.907715,2.74658,3.41797,24.353,1
2571.64,0.14502,0.927734,1.08594,2.86865,3.05176,24.353,1
2571.65,0.0825195,0.948242,1.08447,2.0752,3.90625,24.9023,1
2571.66,0.0893555,0.750977,0.888184,0.915527,3.35693,24.5972,1
2571.67,0.11084,0.878418,0.800293,0.793457,3.11279,25.0854,1
2571.68,0.125488,0.978516,0.954102,-1.28174,3.11279,24.5972,1
2571.68,0.0913086,0.864258,1.0957,-0.976562,3.2959,25.2686,1
2571.69,0.0512695,0.793945,1.04785,-0.427246,2.62451,25.4517,1
2571.7,0.0390625,1.05322,0.952637,-0.305176,2.19727,25.5737,1
2571.71,0.119141,0.847168,0.775879,-2.38037,1.77002,25.5127,1
2571.72,0.111816,0.829102,0.891113,-0.427246,1.46484,26.7944,1
2571.73,0.153809,0.904297,1.04785,-1.83105,1.46484,26.1841,1
2571.74,0.116211,0.81543,0.995117,-0.732422,0.671387,27.3438,1
2571.75,0.0395508,0.835449,0.915527,-0.427246,0.610352,27.2217,1
2571.76,0.0708008,0.873535,0.829102,0.305176,-0.305176,27.3438,1
2571.77,0.134277,0.797852,0.867676,1.34277,0,27.5879,1
2571.78,0.206055,0.912109,0.898438,2.44141,-0.305176,27.71,1
2571.79,0.163574,0.945801,1.03955,1.77002,-0.549316,27.4658,1
2571.8,0.109863,0.924805,1.06836,2.44141,-1.15967,27.3438,1
2571.81,0.111328,0.84668,0.96582,3.96729,-0.427246,27.71,1
2571.82,0.119141,1.05029,0.963867,4.57764,-0.305176,27.3438,1
2571.83,0.188965,0.858398,1.04541,3.41797,-0.366211,26.9165,1
2571.84,0.172852,0.855957,1.11279,5.43213,-0.183105,27.3438,1
2571.85,0.168457,1.08691,1.05615,4.08936,0.305176,26.7334,1
2571.86,0.186035,0.871094,0.952148,2.38037,0.183105,26.4282,1
2571.87,0.17041,0.939453,0.997559,3.11279,-0.12207,26.1841,1
2571.88,0.132324,1.01172,1.02002,2.31934,0.488281,26.062,1
2571.89,0.139648,0.838867,1.05127,1.52588,0.854492,26.123,1
2571.9,0.178223,0.953613,0.975586,2.2583,0.12207,26.4893,1
2571.91,0.1875,1.10352,0.929688,0,0.427246,25.8789,1
2571.92,0.146973,0.800293,0.979004,-0.976562,0.244141,25.8179,1
2571.93,0.166504,0.867676,1.05859,0.0610352,0.366211,26.062,1
2571.94,0.158203,0.908691,0.971191,-2.01416,0.427246,25.4517,1
2571.95,0.230957,0.791992,0.94043,-2.2583,0,25.4517,1
2571.96,0.228516,1.02441,0.911621,-2.38037,-0.0610352,25.5737,1
2571.97,0.233887,0.937012,1.01367,-4.15039,-0.366211,25.4517,1
2571.97,0.225586,0.712402,1.02637,-2.80762,-1.0376,25.6348,1
2571.98,0.237305,0.907715,0.92041,-2.99072,-1.09863,25.2686,1
2571.99,0.23584,0.854492,0.880859,-4.15039,-0.244141,25.2686,1
2572,0.319336,0.811035,0.941406,-4.08936,-0.610352,24.7803,1
2572.01,0.355957,0.817871,1.02637,-4.15039,-0.610352,24.4751,1
2572.02,0.352051,0.822754,1.01172,-3.66211,-1.2207,24.1699,1
2572.03,0.296387,0.726074,0.927246,-3.84521,-1.34277,23.8647,1
2572.04,0.345215,0.725586,0.884277,-3.17383,-0.976562,23.3765,1
2572.05,0.419922,0.86084,0.975586,-5.06592,-0.366211,22.3389,1
2572.06,0.457031,0.617676,1.01807,-6.16455,-0.732422,21.9727,1
2572.07,0.377441,0.684082,1.03223,-5.06592,-0.793457,21.5454,1
2572.08,0.359375,0.799316,0.95459,-7.26318,-0.610352,20.1416,1
2572.09,0.434082,0.558594,0.941406,-8.60596,-0.671387,19.5923,1
2572.1,0.540039,0.571777,0.96582,-7.8125,-0.915527,18.5547,1
2572.11,0.509277,0.711914,0.977539,-8.91113,-0.915527,17.0898,1
2572.12,0.404785,0.508789,0.958496,-10.0708,-0.793457,15.8081,1
2572.13,0.433594,0.515137,0.978516,-9.58252,-0.671387,14.9536,1
2572.14,0.555664,0.479004,0.980469,-9.58252,-1.15967,13.7329,1
2572.15,0.571289,0.421387,0.945801,-7.93457,-1.34277,12.085,1
2572.16,0.502441,0.624023,0.953125,-7.50732,-1.15967,10.0098,1
2572.17,0.479492,0.401367,0.861328,-8.05664,-0.732422,8.97217,1
2572.18,0.61377,0.348633,0.816895,-6.16455,-1.09863,8.05664,1
2572.19,0.748535,0.665527,0.932617,-6.04248,-1.0376,6.89697,1
2572.2,0.73584,0.458496,0.973633,-7.62939,-1.2207,5.18799,1
2572.21,0.651367,0.222656,0.925293,-3.72314,-1.34277,4.63867,1
2572.22,0.528809,0.585449,1.03711,-1.09863,-1.77002,3.479,1
2572.23,0.588379,0.496582,1.13916,-2.0752,-2.31934,2.56348,1
2572.23,0.66748,0.385254,1.03516,0.549316,-2.13623,1.28174,1
2572.24,0.692383,0.638184,0.918457,1.64795,-2.19727,0.610352,1
2572.25,0.647461,0.482422,0.961914,1.89209,-1.70898,0.0610352,1
2572.26,0.590332,0.474609,1.06104,3.54004,-1.64795,-0.12207,1
2572.27,0.535645,0.492676,1.21143,3.78418,-1.09863,-0.305176,1
2572.28,0.550781,0.498535,1.08447,3.78418,-1.15967,-0.671387,1
2572.29,0.508789,0.417969,0.911621,2.38037,-0.793457,-0.732422,1
2572.3,0.461426,0.316895,0.876465,1.28174,-0.427246,-0.305176,1
2572.31,0.59668,0.39502,0.990723,0.183105,-0.12207,0.183105,1
2572.32,0.493652,0.401367,1.06738,-0.732422,0.12207,0,1
2572.33,0.379883,0.380371,1.03271,-1.89209,0.244141,0.244141,1
2572.34,0.338867,0.554688,1.01465,-3.60107,0.854492,0.488281,1
2572.35,0.402344,0.349609,1.00488,-5.67627,1.34277,1.83105,1
2572.36,0.490234,0.291504,1.05273,-4.57764,1.77002,2.92969,1
2572.37,0.446777,0.466797,1.04443,-5.49316,2.19727,3.35693,1
2572.38,0.398438,0.173828,0.950684,-6.28662,1.95312,3.66211,1
2572.39,0.388672,0.259277,0.975098,-4.69971,1.52588,4.08936,1
2572.4,0.439941,0.441406,1.0083,-6.83594,1.46484,4.08936,1
2572.41,0.372559,0.0249023,1.06396,-7.08008,1.52588,4.63867,1
2572.42,0.375,0.159668,1.02441,-3.479,1.28174,5.79834,1
2572.43,0.433105,0.42334,0.904297,-5.24902,0.854492,5.67627,1
2572.44,0.488281,-0.0146484,0.949707,-5.85938,0.549316,5.85938,1
2572.45,0.47168,0.175781,0.995605,-2.68555,0.305176,6.40869,1
2572.46,0.39502,0.38623,1.00977,-5.79834,0.0610352,5.98145,1
2572.47,0.437012,-0.0776367,0.882812,-6.28662,-0.732422,6.22559,1
2572.48,0.458496,0.0820312,0.880371,-2.56348,-0.854492,6.34766,1
2572.49,0.384766,0.394531,0.989258,-4.63867,-0.732422,5.18799,1
2572.5,0.299805,-0.0200195,1.04639,-5.92041,-0.488281,5.06592,1
2572.51,0.269043,-0.0117188,0.991211,-2.62451,-0.610352,5.5542,1
2572.52,0.235352,0.347656,0.975586,-3.96729,-0.305176,4.39453,1
2572.53,0.160156,-0.0166016,1.00977,-5.79834,-0.488281,3.96729,1
2572.54,0.0595703,0.0336914,1.05615,-2.19727,-0.183105,4.3335,1
2572.54,-0.0712891,0.282227,1.11279,-4.02832,0.915527,3.17383,1
2572.55,-0.127441,0.0166016,1.11035,-5.00488,1.46484,2.62451,1
2572.56,-0.0854492,0.0844727,1.0083,-3.479,2.2583,2.74658,1
2572.57,-0.00732422,0.177734,1.06787,-4.45557,3.72314,1.64795,1
2572.58,-0.132324,-0.0610352,1.06592,-4.21143,3.479,1.52588,1
2572.59,-0.169434,0.0742188,0.992188,-1.95312,3.479,1.40381,1
2572.6,-0.273438,0.191895,0.98584,-3.11279,4.57764,0.488281,1
2572.61,-0.365723,-0.0219727,0.952148,-2.86865,4.76074,0.427246,1
2572.62,-0.285645,-0.00390625,0.915527,-0.915527,5.24902,0.732422,1
2572.63,-0.253906,0.0913086,0.989258,-0.610352,5.49316,0.732422,1
2572.64,-0.221191,-0.0742188,0.981934,-0.854492,4.76074,0.244141,1
2572.65,-0.193848,0.0263672,0.961914,0.854492,4.15039,0.854492,1
2572.66,-0.186523,0.113281,1.02783,0,4.45557,0.244141,1
2572.67,-0.257324,-0.104492,1.03369,-0.732422,3.60107,0.183105,1
2572.68,-0.325195,-0.0112305,0.988281,1.0376,3.11279,1.09863,1
2572.69,-0.44873,0.0986328,1.0166,-0.549316,3.90625,0,1
2572.7,-0.421387,0.00488281,1.0127,-0.305176,4.02832,0.793457,1
2572.71,-0.313965,-0.0146484,1.05762,-0.305176,3.96729,0.244141,1
2572.72,-0.287598,0.00488281,0.992188,0.305176,3.479,0.671387,1
2572.73,-0.397461,-0.00341797,1.01318,0,3.35693,0.366211,1
2572.74,-0.381836,-0.027832,1.0376,0.549316,2.62451,0.488281,1
2572.75,-0.310059,0.034668,1.04834,0.854492,3.17383,0.488281,1
2572.76,-0.257324,0.0112305,1.02441,0,2.86865,0,1
2572.77,-0.26709,-0.0209961,0.961426,-0.671387,2.31934,0.0610352,1
2572.78,-0.367676,-0.0493164,0.951172,-1.15967,2.19727,0,1
2572.79,-0.380371,0.0629883,0.964355,-1.09863,2.01416,0.183105,1
2572.8,-0.406738,-0.0234375,1.06543,-2.0752,2.92969,-0.854492,1
2572.81,-0.400879,-0.0107422,1.10742,-1.15967,2.74658,-0.305176,1
2572.82,-0.372559,0.0693359,1.06641,-2.56348,3.479,-1.52588,1
2572.83,-0.392578,-0.0654297,1.03516,-3.60107,3.84521,-1.40381,1
2572.83,-0.321777,0.0141602,1.04297,-3.66211,3.2959,-0.732422,1
2572.84,-0.312988,0.0078125,1.00342,-4.82178,3.41797,-1.64795,1
2572.85,-0.35791,-0.0888672,0.891602,-3.54004,2.68555,-1.34277,1
2572.86,-0.398438,-0.0258789,0.895508,-2.62451,2.31934,-1.77002,1
2572.87,-0.424316,-0.107422,0.873047,-2.56348,1.95312,-1.77002,1
2572.88,-0.361328,-0.189453,0.848633,-1.2207,1.52588,-1.58691,1
2572.89,-0.433105,-0.0429688,0.786621,-0.549316,0.976562,-2.19727,1
2572.9,-0.51123,0.0126953,0.720703,-1.09863,1.58691,-2.56348,1
2572.91,-0.512695,-0.0683594,0.783691,-1.70898,1.2207,-2.92969,1
2572.92,-0.462891,-0.13623,0.90918,-0.976562,0.732422,-2.86865,1
2572.93,-0.400391,-0.167969,0.895508,0.366211,0.244141,-2.44141,1
2572.94,-0.493652,-0.148438,0.930664,1.46484,-0.244141,-2.50244,1
2572.95,-0.556152,0.0771484,1.03467,0.12207,-0.244141,-3.2959,1
2572.96,-0.480957,-0.012207,0.987305,-3.479,0,-4.21143,1
2572.97,-0.534668,-0.237305,1.02979,-3.05176,0.12207,-3.41797,1
2572.98,-0.583984,0.0253906,1.08447,-2.56348,0.549316,-3.41797,1
2572.99,-0.544922,-0.191895,1.05762,-5.00488,1.95312,-4.3335,1
2573,-0.550293,-0.223633,1.09326,-2.13623,2.50244,-2.99072,1
2573.01,-0.558105,0.102051,1.02197,-4.39453,3.05176,-4.5166,1
2573.02,-0.550781,-0.190918,1.05273,-6.46973,2.44141,-4.21143,1
2573.03,-0.464355,-0.160156,1.06348,-5.06592,1.52588,-3.66211,1
2573.04,-0.428223,-0.0805664,0.9375,-5.98145,2.0752,-4.69971,1
2573.05,-0.484375,-0.266113,0.864746,-4.69971,2.13623,-4.39453,1
2573.06,-0.48584,-0.16748,0.958984,-2.56348,1.52588,-4.27246,1
2573.07,-0.450195,-0.1875,0.993652,-2.74658,1.95312,-5.24902,1
2573.08,-0.42041,-0.286133,0.853516,-1.28174,0.976562,-4.94385,1
2573.09,-0.496094,-0.220215,0.867676,-0.915527,1.0376,-5.43213,1
2573.1,-0.491211,-0.29834,0.949219,-0.488281,0.610352,-5.49316,1
2573.11,-0.442383,-0.305176,1.08154,0.610352,0.671387,-5.61523,1
2573.12,-0.40625,-0.158203,1.10645,1.09863,0.854492,-5.85938,1
2573.13,-0.425781,-0.182129,1.05566,-1.52588,1.70898,-7.20215,1
2573.14,-0.499023,-0.374512,1.06787,-1.0376,0.854492,-6.5918,1
2573.15,-0.442871,-0.0927734,1.01611,-1.52588,0.854492,-6.89697,1
2573.16,-0.39502,-0.30127,0.984375,-5.12695,1.70898,-8.30078,1
2573.17,-0.387207,-0.504395,1.07031,-2.68555,1.40381,-7.75146,1
2573.18,-0.400391,-0.127441,1.00732,-2.92969,1.77002,-8.54492,1
2573.19,-0.441895,-0.245605,0.909668,-6.46973,2.44141,-9.58252,1
2573.2,-0.424316,-0.395996,0.893066,-5.67627,1.64795,-9.15527,1
2573.21,-0.393555,-0.260742,0.945312,-5.00488,1.70898,-9.76562,1
2573.22,-0.37793,-0.394531,0.894043,-4.27246,1.52588,-10.7422,1
2573.23,-0.380859,-0.454102,0.791992,-0.854492,0.610352,-10.2539,1
2573.24,-0.384766,-0.314453,0.836426,0.854492,0.549316,-10.8032,1
2573.25,-0.353027,-0.392578,0.951172,0.732422,0.671387,-11.7188,1
2573.26,-0.388184,-0.453613,0.931641,3.05176,0.854492,-10.9253,1
2573.27,-0.444824,-0.50293,0.896973,3.90625,0.793457,-11.7188,1
2573.28,-0.453613,-0.400391,0.839844,5.85938,0.488281,-11.7798,1
2573.29,-0.46875,-0.3125,1.01416,3.23486,1.0376,-13.3667,1
2573.3,-0.381348,-0.57373,1.07031,1.83105,0.915527,-12.7563,1
2573.3,-0.383789,-0.430664,1.10303,1.70898,0.854492,-12.5732,1
2573.31,-0.459961,-0.237793,1.02002,-2.56348,1.28174,-13.9771,1
2573.32,-0.572266,-0.557617,0.928223,-5.37109,1.52588,-14.2822,1
2573.33,-0.5625,-0.482422,0.98877,-4.5166,0.854492,-14.1602,1
2573.34,-0.441406,-0.21875,1.07959,-7.75146,0.976562,-15.3198,1
2573.35,-0.43457,-0.55127,1.08154,-9.94873,0.793457,-15.9912,1
2573.36,-0.421387,-0.498535,0.95752,-7.44629,0,-15.625,1
2573.37,-0.459961,-0.340332,0.950684,-8.91113,1.09863,-17.5781,1
2573.38,-0.518555,-0.721191,0.829102,-8.23975,0.366211,-16.9678,1
2573.39,-0.444336,-0.642578,0.934082,-5.00488,-0.244141,-17.6392,1
2573.4,-0.461914,-0.442383,1.02441,-5.43213,0,-18.4326,1
2573.41,-0.447266,-0.547852,1.13623,-6.22559,-0.183105,-19.2871,1
2573.42,-0.562012,-0.687988,0.943848,-4.5166,-0.488281,-19.043,1
2573.43,-0.532715,-0.589355,0.949219,-1.70898,-0.427246,-18.6768,1
2573.44,-0.558105,-0.453125,0.977051,-2.74658,-0.488281,-20.1416,1
2573.45,-0.464844,-0.777344,1.06738,-2.92969,-1.15967,-20.2026,1
2573.46,-0.341309,-0.658691,1.10742,-0.183105,-1.34277,-18.9209,1
2573.47,-0.314453,-0.392578,1.05127,-2.68555,-0.549316,-20.1416,1
2573.48,-0.458008,-0.753418,0.895996,-3.72314,-0.244141,-20.1416,1
2573.49,-0.525391,-0.883789,0.822754,0.0610352,-0.244141,-19.4092,1
2573.5,-0.431641,-0.544434,0.983887,0.366211,0.244141,-20.5078,1
2573.51,-0.337891,-0.549805,1.07764,-2.38037,0.427246,-21.7285,1
2573.52,-0.324219,-0.802246,1.07959,-1.89209,0.915527,-20.9961,1
2573.53,-0.416992,-0.73584,0.970703,-0.0610352,0.427246,-20.6909,1
2573.54,-0.422852,-0.633301,0.868652,-1.34277,-0.427246,-21.7896,1
2573.55,-0.369629,-0.732422,0.983398,-1.28174,-0.244141,-22.0947,1
2573.56,-0.357422,-0.529297,1.0293,-0.427246,0.12207,-21.4844,1
2573.57,-0.374023,-0.717285,0.958496,-2.56348,0.12207,-22.8271,1
2573.58,-0.38623,-0.865723,0.952637,0,-0.549316,-21.7896,1
2573.59,-0.317383,-0.543457,0.933594,0.0610352,-0.0610352,-22.3999,1
2573.6,-0.311035,-0.720215,0.931641,-1.70898,0.793457,-23.0103,1
2573.61,-0.364258,-0.873047,0.985352,0.488281,0.12207,-22.2168,1
2573.61,-0.405273,-0.651855,0.952148,0.732422,0.671387,-23.2544,1
2573.62,-0.336426,-0.572266,0.875977,-0.488281,1.34277,-23.6206,1
2573.63,-0.354004,-0.755371,0.901367,-0.610352,1.2207,-23.5596,1
2573.64,-0.379395,-0.749023,0.934082,0.854492,0,-23.3154,1
2573.65,-0.399414,-0.598633,0.944824,-0.0610352,0,-24.1699,1
2573.66,-0.41748,-0.89209,0.921875,-0.915527,0.671387,-24.353,1
2573.67,-0.388672,-0.678223,0.951172,0.183105,0.12207,-23.9868,1
2573.68,-0.398926,-0.697266,0.972168,-3.05176,0.732422,-25.8789,1
2573.69,-0.394531,-0.902344,0.967773,-1.34277,0.854492,-24.231,1
2573.7,-0.379883,-0.555176,0.976074,-1.77002,0.976562,-24.6582,1
2573.71,-0.333496,-0.745117,0.961426,-4.45557,0.793457,-25.6348,1
2573.72,-0.352051,-0.816895,0.909668,-1.40381,1.2207,-24.0479,1
2573.73,-0.400391,-0.50293,0.855957,-1.95312,2.01416,-24.9023,1
2573.74,-0.427734,-0.773438,0.884766,-3.66211,1.83105,-25.5127,1
2573.75,-0.397461,-0.948242,0.91748,-0.427246,1.70898,-24.8413,1
2573.76,-0.360352,-0.633789,0.887207,0.549316,2.38037,-25.4517,1
2573.77,-0.322754,-0.732422,0.947754,-1.15967,2.31934,-26.6724,1
2573.78,-0.336426,-0.859375,0.944336,-0.366211,1.70898,-26.001,1
2573.79,-0.288086,-0.702148,0.922852,0.488281,1.64795,-25.3906,1
2573.8,-0.272461,-0.753906,0.9375,-0.0610352,2.2583,-26.4282,1
2573.81,-0.234863,-0.769531,0.917969,1.58691,1.70898,-25.5127,1
2573.82,-0.23291,-0.708984,0.90918,1.2207,1.89209,-25.8179,1
2573.83,-0.159668,-0.856445,0.921875,0.854492,1.46484,-26.123,1
2573.84,-0.129395,-0.893066,0.859863,2.92969,1.77002,-25.3906,1
2573.85,-0.195801,-0.746582,0.853027,3.2959,1.95312,-26.001,1
2573.86,-0.202637,-0.814453,0.86084,2.38037,1.46484,-27.0996,1
2573.87,-0.151855,-0.726074,0.805664,4.82178,1.77002,-26.062,1
2573.88,-0.145508,-0.670898,0.843262,3.23486,1.89209,-27.2827,1
2573.89,-0.0932617,-0.820312,0.843262,3.78418,0.793457,-26.9775,1
2573.9,-0.103516,-0.740234,0.841797,4.45557,1.40381,-26.3062,1
2573.9,-0.15625,-0.823242,0.870117,3.78418,1.28174,-26.7944,1
2573.91,-0.193359,-0.871094,0.869141,3.60107,1.0376,-26.6724,1
2573.92,-0.175781,-0.73584,0.887695,2.92969,1.46484,-26.7334,1
2573.93,-0.162598,-0.72998,0.895508,1.15967,1.52588,-27.0996,1
2573.94,-0.10791,-0.84375,0.881348,1.2207,1.70898,-26.9165,1
2573.95,-0.148926,-0.668945,0.852051,1.89209,1.70898,-26.4893,1
2573.96,-0.160156,-0.798828,0.811523,-0.366211,2.56348,-27.2217,1
2573.97,-0.15625,-0.895996,0.82373,1.2207,1.89209,-26.123,1
2573.98,-0.172852,-0.660156,0.878418,-0.427246,2.38037,-27.5269,1
2573.99,-0.0859375,-0.809082,0.855957,-1.77002,2.62451,-27.5269,1
2574,-0.124023,-0.864746,0.827637,-0.305176,2.56348,-26.8555,1
2574.01,-0.156738,-0.682617,0.801758,-1.40381,2.0752,-27.771,1
2574.02,-0.191406,-0.852051,0.82373,-2.86865,2.99072,-28.4424,1
2574.03,-0.150391,-0.880859,0.903809,-0.915527,2.92969,-27.4048,1
2574.04,-0.111816,-0.618164,0.880859,-1.95312,2.44141,-28.1982,1
2574.05,-0.126465,-0.927734,0.830078,-2.56348,2.92969,-28.0151,1
2574.06,-0.182617,-0.862793,0.88916,-0.366211,2.13623,-28.0762,1
2574.07,-0.126465,-0.762695,0.86377,-2.44141,2.80762,-29.4189,1
2574.08,-0.081543,-0.98877,0.895508,-1.40381,2.68555,-27.9541,1
2574.09,-0.0673828,-0.849121,0.944824,-0.549316,2.13623,-28.3813,1
2574.1,-0.114746,-0.817383,0.902344,-1.95312,2.2583,-29.4189,1
2574.11,-0.150391,-0.906738,0.918457,-1.2207,2.99072,-29.1138,1
2574.12,-0.13623,-0.925293,0.888184,-1.0376,2.92969,-28.9307,1
2574.13,-0.0756836,-0.837891,0.934082,-1.58691,2.38037,-29.2969,1
2574.14,-0.0825195,-0.932129,0.964355,-1.89209,2.62451,-29.3579,1
2574.15,-0.122559,-0.831543,0.936035,-0.427246,2.2583,-28.8086,1
2574.16,-0.147949,-0.873535,0.90625,-1.09863,2.68555,-29.4189,1
2574.17,-0.168457,-0.924805,0.918457,-0.244141,2.44141,-28.8696,1
2574.18,-0.107422,-0.972168,0.945312,-0.12207,2.74658,-29.1748,1
2574.19,-0.115723,-0.955078,0.994629,1.46484,2.2583,-28.8696,1
2574.19,-0.0649414,-0.807129,0.915527,0.915527,2.13623,-29.6021,1
2574.2,-0.13916,-1.00781,0.879395,2.2583,2.74658,-28.6865,1
2574.21,-0.18457,-0.817383,0.929199,3.78418,2.86865,-28.8086,1
2574.22,-0.15332,-0.879883,0.959473,1.95312,3.23486,-29.541,1
2574.23,-0.0981445,-0.968262,0.956055,4.39453,2.50244,-28.6865,1
2574.24,-0.152344,-0.857422,0.961426,4.45557,2.56348,-29.48,1
2574.25,-0.17627,-0.896973,0.90332,3.84521,1.52588,-29.8462,1
2574.26,-0.172852,-0.91748,0.920898,4.27246,1.77002,-29.48,1
2574.27,-0.189453,-0.872559,0.922852,3.66211,2.13623,-29.7241,1
2574.28,-0.223145,-1.0293,0.991699,3.84521,2.13623,-29.7852,1
2574.29,-0.213867,-0.866211,0.990723,4.21143,2.38037,-29.48,1
2574.3,-0.172852,-0.797852,0.992676,2.31934,1.95312,-30.2734,1
2574.31,-0.270996,-1.01465,1.02637,2.92969,2.0752,-29.7241,1
2574.32,-0.224609,-0.799316,0.961426,3.35693,1.0376,-30.0903,1
2574.33,-0.263672,-1.00098,0.956543,2.13623,2.0752,-30.3345,1
2574.34,-0.253418,-0.925293,0.96875,3.84521,1.58691,-29.8462,1
2574.35,-0.267578,-0.823242,0.966797,2.56348,2.01416,-30.9448,1
2574.36,-0.260254,-1.00586,1.05811,2.62451,0.732422,-31.0669,1
2574.37,-0.232422,-0.745605,0.935547,3.84521,1.58691,-30.2734,1
2574.38,-0.283691,-0.910156,0.977051,1.34277,2.01416,-31.25,1
2574.39,-0.205078,-1.08398,0.941895,3.41797,0.549316,-30.6396,1
2574.4,-0.210449,-0.854492,0.966797,4.69971,1.95312,-30.7617,1
2574.41,-0.258789,-0.905762,0.988281,4.5166,0.549316,-31.0059,1
2574.42,-0.249512,-0.963379,0.940918,5.67627,0.427246,-30.8228,1
2574.43,-0.208008,-0.717285,0.95752,5.7373,1.28174,-31.25,1
2574.44,-0.196777,-1.02783,0.929199,5.37109,1.83105,-30.5786,1
2574.45,-0.214355,-0.948242,0.932617,7.26318,1.0376,-30.2124,1
2574.46,-0.22168,-0.762207,1.00293,6.10352,1.40381,-30.3955,1
2574.47,-0.205078,-0.998047,0.936523,6.46973,2.2583,-30.2734,1
2574.47,-0.227539,-0.816895,0.93457,8.60596,1.46484,-29.9072,1
2574.48,-0.206055,-0.893066,0.955566,6.71387,2.19727,-31.0059,1
2574.49,-0.170898,-0.901855,0.937012,8.23975,1.64795,-30.0293,1
2574.5,-0.168945,-0.780273,0.937988,6.10352,3.05176,-30.7007,1
2574.51,-0.130371,-0.971191,0.90332,5.37109,1.95312,-30.2734,1
2574.52,-0.131836,-0.989258,0.912598,6.16455,2.50244,-29.6021,1
2574.53,-0.145508,-0.816406,0.933105,5.37109,2.13623,-29.9683,1
2574.54,-0.166992,-0.834473,0.966797,3.35693,2.74658,-30.5786,1
2574.55,-0.172852,-0.893066,0.984375,2.56348,2.62451,-30.2734,1
2574.56,-0.126465,-0.822266,0.868652,2.56348,2.74658,-29.7241,1
2574.57,-0.144531,-0.911133,0.888184,0.732422,2.99072,-30.9448,1
2574.58,-0.12207,-0.951172,0.924805,1.70898,2.44141,-30.1514,1
2574.59,-0.112793,-0.707031,0.944824,1.58691,3.05176,-30.2124,1
2574.6,-0.154297,-0.926758,1.00098,0.12207,2.2583,-30.9448,1
2574.61,-0.0854492,-0.968262,0.851074,2.01416,2.50244,-29.9072,1
2574.62,-0.100098,-0.756348,0.842773,1.70898,3.35693,-30.3955,1
2574.63,-0.147949,-1.04102,0.917969,0.976562,2.92969,-30.7617,1
2574.64,-0.0888672,-0.862305,0.931641,3.78418,2.13623,-30.3345,1
2574.65,-0.117676,-0.764648,0.926758,2.68555,2.92969,-30.7617,1
2574.66,-0.101074,-1.00391,0.918457,2.74658,1.64795,-30.8838,1
2574.67,-0.0473633,-0.854492,0.836426,4.21143,2.01416,-30.4565,1
2574.68,-0.0966797,-0.794922,0.848633,3.17383,2.68555,-31.1279,1
2574.69,-0.113281,-0.921387,0.895508,3.05176,1.70898,-30.8228,1
2574.7,-0.0976562,-0.794434,0.912598,3.66211,1.83105,-30.5786,1
2574.71,-0.0595703,-0.86377,0.873535,2.44141,2.01416,-31.3721,1
2574.72,-0.0888672,-0.967773,0.921387,2.68555,1.09863,-31.311,1
2574.73,-0.100098,-0.914062,0.938965,1.34277,0.549316,-31.6162,1
2574.74,-0.0849609,-0.862793,0.901855,1.58691,1.28174,-30.8228,1
2574.75,-0.118652,-0.987305,0.974609,-0.0610352,1.64795,-31.4941,1
2574.76,-0.0273438,-0.858398,0.949219,1.15967,0.488281,-30.5786,1
2574.76,-0.0380859,-0.85791,0.95166,-0.12207,1.28174,-31.1279,1
2574.77,-0.0234375,-1.06934,1.01465,0.610352,0.244141,-30.9448,1
2574.78,0.0341797,-0.810059,0.908691,1.70898,0.671387,-30.8838,1
2574.79,0.0102539,-0.896484,0.87793,-0.549316,1.40381,-31.25,1
2574.8,-0.00878906,-0.971191,0.937988,0.0610352,0.305176,-30.6396,1
2574.81,0.00683594,-0.873047,0.999512,-0.915527,0.976562,-31.1279,1
2574.82,-0.0449219,-0.991211,0.958984,0.183105,0.732422,-29.9683,1
2574.83,-0.0356445,-0.803711,0.94873,0.976562,0.854492,-29.9683,1
2574.84,0.0185547,-0.878906,0.886719,-0.610352,1.34277,-30.4565,1
2574.85,-0.0161133,-0.913574,0.880859,0.12207,0.366211,-29.4189,1
2574.86,-0.0249023,-0.819824,0.90918,-1.0376,0.427246,-30.0903,1
2574.87,-0.078125,-1.01611,0.952148,-2.0752,0.793457,-29.8462,1
2574.88,-0.0449219,-1.01074,0.94043,0.12207,1.34277,-28.6865,1
2574.89,-0.0922852,-0.818848,1,-1.15967,1.40381,-29.541,1
2574.9,-0.0673828,-1,0.990234,-2.19727,1.0376,-29.3579,1
2574.91,-0.0839844,-0.953125,0.991211,-0.488281,1.34277,-28.1372,1
2574.92,-0.10791,-0.904785,1.02148,-0.732422,1.70898,-28.5034,1
2574.93,-0.0947266,-0.958008,1.01953,-0.366211,1.40381,-28.5645,1
2574.94,-0.105469,-1.04785,1.00537,1.34277,2.86865,-28.1372,1
2574.95,-0.131836,-0.79248,0.973633,3.96729,2.62451,-27.5269,1
2574.96,-0.148438,-0.856934,0.932617,1.64795,2.44141,-28.8086,1
2574.97,-0.140625,-1.12451,0.925781,4.45557,1.95312,-27.2217,1
2574.98,-0.117676,-0.674805,0.931152,5.37109,2.80762,-27.71,1
2574.99,-0.164062,-0.96875,0.94873,2.80762,3.11279,-28.2593,1
2575,-0.212891,-1.03711,0.875977,7.20215,2.99072,-27.0996,1
2575.01,-0.213867,-0.552734,0.873047,6.04248,3.11279,-28.4424,1
2575.02,-0.220215,-0.885254,0.852539,3.41797,1.83105,-29.1748,1
2575.03,-0.202637,-0.854004,0.887695,5.79834,1.34277,-29.0527,1
2575.04,-0.203125,-0.606445,0.876465,3.66211,2.31934,-30.1514,1
2575.05,-0.219727,-0.895508,0.828125,1.77002,1.89209,-29.9683,1
2575.06,-0.192871,-0.849121,0.929199,2.31934,0.915527,-29.7241,1
2575.07,-0.226074,-0.842285,1.00586,-0.366211,0.793457,-31.0669,1
2575.08,-0.249512,-1.00879,1.06006,0.12207,0.732422,-30.3345,1
2575.09,-0.210938,-0.80127,0.934082,-0.610352,1.64795,-31.0669,1
2575.09,-0.223145,-0.916992,0.989746,-1.0376,2.2583,-30.4565,1
2575.1,-0.227051,-0.854004,1.01611,-0.915527,1.64795,-31.189,1
2575.11,-0.212402,-0.898438,0.999023,-1.0376,2.01416,-30.5786,1
2575.12,-0.252441,-0.869629,1.04443,0.732422,2.62451,-29.6631,1
2575.13,-0.257812,-0.829102,1.0542,-1.40381,2.19727,-31.3721,1
2575.14,-0.21875,-1.0752,0.965332,0.12207,3.11279,-30.5786,1
2575.15,-0.260742,-0.866211,1.0127,2.0752,2.80762,-30.4565,1
2575.16,-0.244629,-0.814941,0.979492,0.793457,2.31934,-31.4941,1
2575.17,-0.222168,-0.962402,0.930176,2.99072,2.44141,-30.2734,1
2575.18,-0.186523,-0.76416,0.972168,3.54004,2.01416,-30.8838,1
2575.19,-0.226562,-0.945801,0.992188,3.17383,2.0752,-31.25,1
2575.2,-0.220215,-0.896973,0.960449,5.79834,1.70898,-30.2734,1
2575.21,-0.249512,-0.796387,0.930176,4.21143,1.83105,-31.7993,1
2575.22,-0.20459,-0.89209,0.87793,4.08936,1.46484,-31.3721,1
2575.23,-0.169922,-0.814941,0.885742,3.72314,1.89209,-31.311,1
2575.24,-0.208984,-0.773438,0.94873,2.86865,1.52588,-31.5552,1
2575.25,-0.23291,-0.867188,0.977539,1.70898,1.58691,-32.0435,1
2575.26,-0.242676,-0.907715,0.95752,2.50244,1.83105,-31.189,1
2575.27,-0.25,-0.895996,0.977539,1.83105,1.83105,-31.311,1
2575.28,-0.206055,-0.791992,0.978516,1.2207,1.77002,-31.4941,1
2575.29,-0.193848,-0.864746,0.976074,-0.671387,2.74658,-32.2266,1
2575.3,-0.226562,-0.895996,0.971191,0.12207,2.74658,-31.189,1
2575.31,-0.226074,-0.753418,0.983887,-1.83105,2.0752,-32.1045,1
2575.32,-0.218262,-1.05615,1.01904,-1.95312,2.01416,-31.4331,1
2575.33,-0.206055,-0.817383,0.979492,0.732422,1.89209,-30.8228,1
2575.34,-0.236816,-0.768555,0.964355,-1.46484,2.74658,-32.2266,1
2575.35,-0.162598,-0.980957,0.929199,0,2.01416,-31.0669,1
2575.36,-0.180176,-0.868652,0.998047,0.732422,2.31934,-31.6772,1
2575.37,-0.175293,-0.924316,0.975586,0.366211,1.70898,-31.9824,1
2575.38,-0.193359,-0.98584,0.917969,2.56348,2.19727,-31.1279,1
2575.39,-0.184082,-0.770996,0.956055,3.54004,2.0752,-31.5552,1
2575.4,-0.198242,-0.825684,0.962891,2.0752,1.95312,-32.8979,1
2575.41,-0.172363,-0.905273,0.922852,4.21143,1.40381,-31.4331,1
2575.42,-0.226562,-0.819824,0.95752,3.84521,1.09863,-32.4707,1
2575.43,-0.17334,-0.915039,0.945312,3.96729,0.854492,-32.7759,1
2575.44,-0.132812,-0.785156,0.871582,5.85938,0.976562,-31.8604,1
2575.44,-0.202637,-0.895996,0.898438,5.24902,0.549316,-32.6538,1
2575.45,-0.201172,-0.907227,0.883789,6.46973,-0.366211,-32.2876,1
2575.46,-0.205566,-0.875977,0.903809,5.7373,0.732422,-33.3252,1
2575.47,-0.160645,-0.87793,0.878906,6.28662,0.366211,-32.4707,1
2575.48,-0.158691,-0.682617,0.910156,4.3335,-0.549316,-33.5693,1
2575.49,-0.107422,-0.980957,0.925781,3.2959,-0.183105,-33.1421,1
2575.5,-0.145508,-0.845215,0.921875,6.04248,0.244141,-31.8604,1
2575.51,-0.219238,-0.783691,0.908203,2.99072,0.366211,-33.5693,1
2575.52,-0.174316,-0.890625,0.879395,2.80762,0.366211,-32.5317,1
2575.53,-0.224609,-0.817871,0.917969,3.2959,1.70898,-32.1045,1
2575.54,-0.200195,-0.866699,0.937988,0.12207,1.0376,-33.3252,1
2575.55,-0.0825195,-0.89502,0.942383,0.610352,1.15967,-32.7759,1
2575.56,-0.149902,-0.908691,0.905273,-0.305176,2.2583,-32.6538,1
2575.57,-0.192383,-0.851074,1.00586,-0.671387,1.52588,-32.1655,1
2575.58,-0.155273,-0.725586,0.955078,-2.99072,2.56348,-32.6538,1
2575.59,-0.162598,-1.03223,0.974121,-4.08936,3.11279,-32.5317,1
2575.6,-0.13916,-0.960449,0.95459,-2.0752,2.31934,-31.7993,1
2575.61,-0.138672,-0.749023,0.913574,-3.60107,2.92969,-32.4097,1
2575.62,-0.169922,-1.03467,0.952637,-4.08936,3.60107,-32.0435,1
2575.63,-0.153809,-0.874023,1.0415,-2.50244,3.11279,-32.2876,1
2575.64,-0.109375,-0.774902,0.944336,-3.60107,4.02832,-32.8369,1
2575.65,-0.165039,-1.06494,0.992676,-2.38037,3.2959,-32.5928,1
2575.66,-0.14502,-0.923828,0.908691,0,3.35693,-32.0435,1
2575.67,-0.159668,-0.648438,0.916504,-0.610352,4.08936,-32.7148,1
2575.68,-0.192871,-1.09033,0.986328,-1.64795,3.90625,-32.7759,1
2575.69,-0.115723,-0.983398,0.975098,3.479,3.2959,-32.1045,1
2575.7,-0.17041,-0.650391,0.958496,2.38037,4.45557,-33.0811,1
2575.71,-0.169434,-1.10986,0.900391,2.0752,3.23486,-33.5693,1
2575.72,-0.145996,-0.926758,0.873047,6.40869,2.56348,-32.8979,1
2575.73,-0.208984,-0.626465,0.930664,3.96729,2.86865,-34.79,1
2575.73,-0.118164,-1.05713,0.914062,3.23486,2.56348,-34.4238,1
2575.74,-0.148926,-0.842285,0.993652,6.71387,1.70898,-34.4238,1
2575.75,-0.115234,-0.77002,0.902344,4.69971,1.95312,-34.8511,1
2575.76,-0.194824,-0.960938,0.85498,5.24902,1.28174,-34.4849,1
2575.77,-0.188965,-0.947754,0.958008,4.82178,0.549316,-35.7056,1
2575.78,-0.161133,-0.792969,0.975586,4.88281,0.610352,-35.8276,1
2575.79,-0.162598,-0.89209,0.916992,3.479,1.2207,-36.2549,1
2575.8,-0.15918,-0.963379,0.952637,4.02832,0.12207,-36.1938,1
2575.81,-0.172363,-0.849609,0.924316,4.3335,0.427246,-35.9497,1
2575.82,-0.179199,-0.883301,0.937988,3.54004,0.854492,-36.2549,1
2575.83,-0.222168,-0.811523,1.03809,2.38037,-0.183105,-37.1704,1
2575.84,-0.155762,-0.813965,0.93457,2.50244,0,-36.438,1
2575.85,-0.172363,-1.01855,0.875,2.92969,0.915527,-36.438,1
2575.86,-0.192871,-0.875977,0.963867,2.31934,-0.0610352,-37.3535,1
2575.87,-0.145996,-0.989746,0.961914,0.183105,0.549316,-37.7197,1
2575.88,-0.15918,-0.813477,0.98584,1.70898,0.244141,-36.438,1
2575.89,-0.208984,-0.727539,0.981934,-2.0752,0.488281,-38.208,1
2575.9,-0.148926,-0.994141,0.931641,-0.793457,0.732422,-36.6821,1
2575.91,-0.246094,-0.842773,0.889648,-0.793457,1.28174,-37.0483,1
2575.92,-0.199707,-0.852051,0.971191,-3.35693,0.732422,-37.7808,1
2575.93,-0.116699,-0.924316,1.01758,-3.17383,0.976562,-37.0483,1
2575.94,-0.143066,-1.07324,1.04688,-3.17383,1.52588,-37.2314,1
2575.95,-0.181641,-0.90332,1.00488,-2.62451,0.793457,-37.5977,1
2575.96,-0.163086,-0.874512,0.980469,-3.23486,2.0752,-37.2925,1
2575.97,-0.187988,-1.01807,0.969238,-2.44141,1.64795,-37.1704,1
2575.98,-0.159668,-0.858887,0.98291,-2.2583,1.40381,-37.5977,1
2575.98,-0.132324,-1.01953,0.996094,-1.95312,2.2583,-37.0483,1
2575.99,-0.146484,-0.931641,1.05566,-0.305176,2.0752,-36.9873,1
2576,-0.10498,-0.992676,1.00195,-0.610352,2.56348,-37.7197,1
2576.01,-0.116211,-0.963379,1.03906,1.64795,1.83105,-36.6821,1
2576.02,-0.145508,-0.879395,0.953613,1.09863,1.52588,-37.3535,1
2576.03,-0.11377,-1.00586,0.897461,1.83105,1.58691,-37.1704,1
2576.04,-0.118164,-0.958008,0.966309,3.72314,1.34277,-37.1704,1
2576.05,-0.0527344,-0.874512,0.89209,4.57764,2.2583,-37.4756,1
2576.06,-0.0927734,-1.02295,0.948242,5.06592,1.58691,-37.5977,1
2576.07,-0.103027,-0.910156,0.896973,8.05664,1.0376,-36.438,1
2576.08,-0.0888672,-0.591309,0.82666,5.61523,0.915527,-38.0859,1
2576.09,-0.00585938,-1.02393,0.808594,3.41797,0.183105,-38.3301,1
2576.1,0.00537109,-0.984375,0.869629,6.16455,-0.305176,-37.4146,1
2576.11,0.0581055,-0.59668,0.888184,3.54004,-0.0610352,-38.3911,1
2576.12,-0.0136719,-1.07129,0.977539,1.2207,-0.488281,-38.0859,1
2576.13,0.0224609,-0.86084,0.97168,4.5166,-0.854492,-37.4756,1
2576.14,-0.00830078,-0.666992,0.899902,0.610352,0,-38.3301,1
2576.15,0.0483398,-1.15039,0.923828,0.549316,-0.610352,-37.4756,1
2576.16,0.144043,-0.805664,1.00439,2.01416,-0.732422,-37.0483,1
2576.17,0.177246,-0.874512,0.964355,-1.2207,0.305176,-37.4146,1
2576.18,0.0712891,-1.18457,1.02588,0.549316,-0.12207,-36.3159,1
2576.19,0.00390625,-0.768555,1.0918,1.58691,0.12207,-36.7432,1
2576.2,0.0615234,-0.77832,0.925781,-1.28174,0.183105,-36.8652,1
2576.21,0.117188,-1.08643,1.02002,-0.12207,0.12207,-36.5601,1
2576.22,0.199219,-0.837891,1.02588,0.671387,0.305176,-36.438,1
2576.23,0.112793,-0.850586,1.05811,-0.610352,1.0376,-36.3159,1
2576.24,0.0698242,-1.07031,0.958984,1.09863,0.610352,-35.2173,1
2576.25,0.0805664,-0.90918,0.944336,2.92969,1.2207,-35.2173,1
2576.26,0.0766602,-0.927246,0.952637,2.31934,0.549316,-35.9497,1
2576.27,0.101562,-1.02881,1.08301,2.62451,0.549316,-36.0107,1
2576.28,0.107422,-0.90625,1.05469,3.78418,0.854492,-34.8511,1
2576.29,0.144043,-0.73877,1.01611,1.70898,0.610352,-36.2549,1
2576.3,0.123535,-1.07373,0.92041,1.40381,0.671387,-36.0718,1
2576.3,0.0791016,-1.00537,0.98291,5.67627,0.244141,-34.729,1
2576.31,0.0410156,-0.611816,1.01172,4.39453,0,-36.1938,1
2576.32,0.187988,-0.890137,0.887207,3.11279,0.0610352,-35.4004,1
2576.33,0.120117,-1.08643,0.960938,5.5542,0.183105,-35.6445,1
2576.34,0.12207,-0.772461,0.833008,5.12695,-0.183105,-36.1328,1
2576.35,0.174805,-0.825195,0.879395,3.66211,0.183105,-35.8276,1
2576.36,0.0717773,-0.848145,1.04443,3.41797,-0.366211,-36.1328,1
2576.37,0.150879,-0.857422,0.894531,3.17383,-0.244141,-36.0107,1
2576.38,0.148926,-0.911621,0.916504,4.15039,0.610352,-35.5835,1
2576.39,0.102051,-0.844238,0.899902,3.72314,-0.12207,-35.3394,1
2576.4,0.138672,-0.787598,0.862793,1.64795,0.183105,-36.1328,1
2576.41,0.0825195,-0.933594,0.943359,2.2583,0.305176,-34.668,1
2576.42,0.100586,-0.872559,0.957031,1.46484,0.244141,-35.2173,1
2576.43,0.114746,-0.982422,0.943848,0.427246,0.976562,-34.668,1
2576.44,0.0454102,-0.887207,1.01318,0.549316,1.2207,-34.5459,1
2576.45,0.00439453,-0.924805,1.02051,-1.2207,1.46484,-34.8511,1
2576.46,0.0488281,-0.934082,0.955078,0.244141,1.28174,-33.8745,1
2576.47,0.159668,-0.733398,0.93457,-0.976562,1.70898,-34.4238,1
2576.48,0.171875,-1.00098,0.981445,-2.38037,2.01416,-33.9355,1
2576.49,0.034668,-1.10449,0.95752,-1.0376,2.2583,-32.7148,1
2576.5,-0.0410156,-1.01709,1.09619,-1.09863,2.99072,-32.8979,1
2576.51,-0.0673828,-0.779297,1.08105,-0.549316,2.74658,-32.8369,1
2576.52,0.0454102,-0.978027,0.919434,-3.05176,3.60107,-34.1797,1
2576.53,0.0380859,-0.928711,0.921387,0.610352,2.68555,-32.8979,1
2576.54,0.00927734,-0.742188,1.06104,-1.70898,2.56348,-34.4849,1
2576.55,0.105469,-1.06104,0.992676,-1.83105,2.38037,-34.0576,1
2576.56,-4.882812e-04,-0.977539,0.994629,1.40381,2.0752,-32.8979,1
2576.57,-0.0512695,-0.897949,0.989258,-0.610352,1.83105,-34.2407,1
2576.58,-0.0566406,-1.00391,0.899414,0.732422,1.70898,-33.5083,1
2576.59,-0.00634766,-0.901367,0.964355,2.13623,3.05176,-33.8745,1
2576.59,0.103027,-0.891602,0.896973,1.95312,1.64795,-33.9966,1
2576.6,0.0966797,-0.987305,1.00342,1.64795,1.64795,-34.668,1
2576.61,0.0375977,-0.893066,0.941406,3.11279,1.34277,-33.6914,1
2576.62,-0.0336914,-0.813477,0.961914,1.64795,2.19727,-34.1797,1
2576.63,-0.0493164,-1.0625,0.992676,1.89209,2.01416,-33.4473,1
2576.64,0.0195312,-0.898438,0.95752,3.90625,2.01416,-32.8979,1
2576.65,0.0244141,-0.916504,0.953125,1.52588,2.13623,-34.0576,1
2576.66,-0.00146484,-0.979492,1.01855,2.74658,1.0376,-33.3252,1
2576.67,0.0595703,-0.817871,0.996582,1.58691,1.89209,-34.1187,1
2576.68,0.0322266,-0.897949,0.916992,1.77002,1.95312,-33.4473,1
2576.69,0.0541992,-0.941895,0.908203,0.549316,1.52588,-34.6069,1
2576.7,0.078125,-0.803223,0.85498,3.05176,1.09863,-32.8979,1
2576.71,0.0878906,-0.802246,0.879395,1.52588,1.40381,-33.4473,1
2576.72,0.105957,-0.893066,0.890625,1.58691,1.28174,-32.959,1
2576.73,0.0532227,-0.921387,0.92041,1.83105,2.99072,-32.6538,1
2576.74,0.0722656,-0.772949,0.920898,2.38037,2.44141,-32.4097,1
2576.75,0.104492,-0.865234,0.849121,1.40381,3.35693,-32.3486,1
2576.76,0.0922852,-0.796875,0.855469,3.17383,3.11279,-31.5552,1
2576.77,0.0234375,-0.819824,0.928223,1.83105,3.96729,-31.9824,1
2576.78,0.0371094,-0.776367,1.00732,2.99072,3.23486,-31.1279,1
2576.79,0.0913086,-0.86084,0.84668,2.01416,3.72314,-30.9448,1
2576.8,0.0791016,-0.879883,0.887207,2.2583,3.05176,-30.9448,1
2576.81,0.0537109,-0.786133,0.884766,1.83105,3.66211,-30.5786,1
2576.82,0.0302734,-0.827148,0.955078,0.854492,3.90625,-30.9448,1
2576.83,0.0327148,-0.920898,0.924316,1.09863,3.54004,-30.6396,1
2576.84,0.0908203,-0.808594,0.874512,1.77002,3.72314,-30.5176,1
2576.85,0.0585938,-0.839355,0.892578,0.671387,3.72314,-30.8228,1
2576.86,0.0527344,-0.942383,1.04004,1.64795,2.99072,-30.7617,1
2576.87,0.104492,-0.754395,0.978027,1.28174,3.41797,-30.5176,1
2576.88,0.0610352,-0.915527,0.982422,0.12207,3.90625,-29.9072,1
2576.89,0.00244141,-1.02148,0.989746,0.976562,3.05176,-30.0293,1
2576.9,0.0332031,-0.799805,0.973145,1.09863,3.479,-30.4565,1
2576.91,0.0385742,-0.714355,0.947266,0.305176,3.72314,-30.5786,1
2576.92,0.0249023,-0.891602,0.927246,-0.0610352,2.50244,-30.7007,1
2576.93,0.0874023,-0.777344,0.949219,1.0376,2.13623,-30.6396,1
2576.94,0.0195312,-0.675781,0.874023,-0.183105,2.68555,-30.7617,1
2576.95,0.00390625,-0.993164,0.949219,0.366211,2.2583,-29.9683,1
2576.96,-0.065918,-0.743164,0.96875,2.13623,1.46484,-30.2124,1
2576.97,-0.0424805,-0.6875,0.887207,-0.305176,2.0752,-31.1279,1
2576.98,-0.0615234,-1.07764,0.87793,0.854492,1.77002,-30.0293,1
2576.98,-0.0717773,-0.735352,0.916504,3.72314,0.976562,-29.8462,1
2576.99,-0.0429688,-0.610352,0.868652,0.915527,1.52588,-31.0669,1
2577,-0.111816,-0.943359,0.974609,3.17383,1.70898,-29.7241,1
2577.01,-0.117676,-0.641602,0.969238,4.02832,1.40381,-30.5176,1
2577.02,-0.0834961,-0.733398,0.872559,3.2959,1.83105,-30.1514,1
2577.03,-0.20166,-1.08252,0.864258,6.22559,2.13623,-28.9307,1
2577.04,-0.23584,-0.744141,0.996094,7.44629,1.34277,-29.6021,1
2577.05,-0.15625,-0.811035,0.971191,5.18799,2.44141,-30.2734,1
2577.06,-0.147461,-0.896973,1.02832,7.14111,2.50244,-28.9307,1
2577.07,-0.160645,-0.538086,0.981934,5.49316,1.95312,-29.7852,1
2577.08,-0.150879,-0.887207,0.977539,3.54004,1.83105,-29.48,1
2577.09,-0.187012,-0.853516,0.973633,7.62939,2.74658,-27.71,1
2577.1,-0.188477,-0.556152,0.995117,4.76074,3.479,-29.4189,1
2577.11,-0.196777,-0.933105,0.976562,2.99072,2.62451,-29.0527,1
2577.12,-0.192871,-0.818848,0.986816,5.06592,2.38037,-28.2593,1
2577.13,-0.177246,-0.581543,0.984863,1.89209,3.17383,-29.541,1
2577.14,-0.153809,-0.897461,1.00635,0.793457,3.11279,-29.1748,1
2577.15,-0.121582,-0.710938,0.966309,2.62451,2.74658,-28.3203,1
2577.16,-0.175293,-0.544922,0.979004,1.0376,2.68555,-28.7476,1
2577.17,-0.161621,-0.75293,0.98291,0.793457,2.50244,-28.1982,1
2577.18,-0.155762,-0.662598,0.963379,3.05176,2.44141,-27.3438,1
2577.19,-0.137695,-0.647461,1.00928,1.77002,2.38037,-28.2593,1
2577.2,-0.125977,-0.862305,0.979492,2.38037,1.52588,-27.2217,1
2577.21,-0.0874023,-0.663574,1.02637,4.88281,1.83105,-26.1841,1
2577.22,-0.121094,-0.620117,1.03955,3.78418,2.0752,-26.7334,1
2577.23,-0.111328,-0.730957,0.975098,6.16455,1.40381,-25.1465,1
2577.24,-0.108887,-0.473145,0.896484,7.93457,1.2207,-24.6582,1
2577.25,-0.121582,-0.584961,0.925781,7.32422,1.2207,-24.353,1
2577.26,-0.115234,-0.57666,1.01611,9.27734,0.854492,-22.7051,1
2577.27,-0.0688477,-0.461914,1.03223,9.46045,1.09863,-21.7896,1
2577.27,-0.100098,-0.513672,1.0708,10.0708,0.610352,-20.5078,1
2577.28,-0.11377,-0.439453,0.998535,11.1694,-0.0610352,-18.7378,1
2577.29,-0.11084,-0.45459,0.974609,11.5967,0.488281,-17.7002,1
2577.3,-0.10791,-0.30127,0.942871,12.8174,-0.12207,-15.9302,1
2577.31,-0.103516,-0.236816,0.939453,12.2681,-0.488281,-14.8926,1
2577.32,-0.117188,-0.282227,0.976074,13.7939,-1.0376,-12.5732,1
2577.33,-0.11084,-0.0961914,0.993652,15.5029,-1.09863,-10.3149,1
2577.34,-0.0795898,-0.0859375,0.931152,15.8081,-0.854492,-8.60596,1
2577.35,-0.0981445,-0.137207,0.879395,17.7002,-1.77002,-5.5542,1
2577.36,-0.12793,0.0273438,0.878906,18.6768,-2.19727,-3.66211,1
2577.37,-0.147461,0.102051,0.941406,18.9819,-2.56348,-1.64795,1
2577.38,-0.125488,0.139648,0.913086,19.8975,-2.80762,0.610352,1
2577.39,-0.106934,0.219238,0.916504,20.9351,-2.68555,3.2959,1
2577.4,-0.116211,0.22168,0.933594,20.752,-3.2959,5.49316,1
2577.41,-0.115723,0.243164,0.904785,20.813,-3.54004,8.42285,1
2577.42,-0.180664,0.385254,0.911621,20.3247,-3.11279,10.8643,1
2577.43,-0.140625,0.401855,0.937988,18.1885,-3.54004,12.4512,1
2577.44,-0.130371,0.429688,0.94873,17.5171,-3.54004,15.1367,1
2577.45,-0.0898438,0.405273,0.941406,15.686,-3.35693,16.6016,1
2577.46,-0.050293,0.443848,0.949707,14.4043,-3.96729,18.6157,1
2577.47,-0.050293,0.602051,1.01904,11.6577,-3.23486,20.0806,1
2577.48,-0.0957031,0.725098,1.07227,8.91113,-2.2583,21.7896,1
2577.49,-0.119629,0.583496,1.08154,6.34766,-1.34277,22.7661,1
2577.5,-0.0991211,0.610352,1.0791,5.61523,-1.34277,24.4141,1
2577.51,-0.0292969,0.575195,1.12012,4.15039,0.12207,24.8413,1
2577.52,-0.0605469,0.831055,1.13965,4.21143,1.0376,26.123,1
2577.53,-0.0673828,0.848633,1.15771,1.40381,2.13623,25.8179,1
2577.54,-0.0942383,0.568848,1.19238,2.0752,3.479,27.0996,1
2577.55,-0.123535,0.805664,1.23145,3.84521,3.78418,27.771,1
2577.56,-0.0698242,0.882324,1.1665,2.99072,4.21143,27.6489,1
2577.57,-0.0507812,0.743652,1.03613,4.88281,4.5166,28.8086,1
2577.58,-0.119629,0.941406,1.16064,7.26318,5.18799,30.3955,1
2577.59,-0.149414,0.805176,1.16211,6.16455,5.85938,29.7852,1
2577.59,-0.0825195,0.653809,1.10205,8.66699,5.79834,31.3721,1
2577.6,-0.110352,0.838867,1.13623,9.39941,6.22559,31.8604,1
2577.61,-0.129883,0.901855,1.06787,8.23975,6.16455,32.3486,1
2577.62,-0.102051,0.94873,1.03027,7.26318,5.67627,33.4473,1
2577.63,-0.0825195,0.852539,0.991211,4.76074,6.34766,33.6914,1
2577.64,-0.0737305,0.862793,0.95752,4.27246,5.85938,35.4004,1
2577.65,-0.0639648,0.907227,1.01172,1.0376,5.43213,34.9731,1
2577.66,-0.12207,0.728027,0.964355,-0.854492,5.67627,35.8887,1
2577.67,-0.0947266,0.920898,0.876953,-1.52588,5.00488,36.8652,1
2577.68,-0.134766,0.940918,0.853516,-5.00488,5.24902,36.9873,1
2577.69,-0.0893555,0.821777,0.855957,-4.69971,3.84521,37.9639,1
2577.7,-0.0585938,0.898438,0.978027,-5.24902,4.15039,38.147,1
2577.71,-0.146484,0.650879,0.841309,-5.98145,3.05176,38.9404,1
2577.72,-0.12207,0.730469,0.725586,-4.3335,1.58691,40.0391,1
2577.73,-0.0957031,0.859863,0.729004,-4.63867,1.28174,40.6494,1
2577.74,-0.112793,0.708496,0.770996,-5.12695,0.366211,41.4429,1
2577.75,-0.0629883,0.703613,0.810059,-3.84521,-0.427246,42.4805,1
2577.76,-0.125,0.633789,0.802246,-2.0752,-0.793457,43.0298,1
2577.77,-0.137207,0.813477,0.773926,-0.549316,-1.34277,43.8843,1
2577.78,-0.0942383,0.694336,0.744141,-0.183105,-1.83105,44.4946,1
2577.79,-0.0610352,0.735352,0.73291,1.0376,-2.44141,44.8608,1
2577.8,-0.0927734,0.889648,0.806152,0.976562,-2.68555,44.9829,1
2577.81,-0.0551758,0.839844,0.869141,2.38037,-2.50244,45.5933,1
2577.82,-9.765625e-04,1.03271,1.0127,3.17383,-2.19727,44.4336,1
2577.83,-0.109863,0.997559,1.00928,5.18799,-1.52588,44.3726,1
2577.84,-0.15918,0.821289,1.13232,6.71387,-0.610352,43.5181,1
2577.85,-0.164062,1.00732,1.03906,8.91113,-0.0610352,43.6401,1
2577.85,-0.124023,1.10205,1.07031,7.26318,1.0376,42.7856,1
2577.86,-0.109863,1.09375,1.06201,7.01904,0.366211,42.5415,1
2577.87,-0.0927734,0.854004,1.08252,6.89697,1.95312,42.1143,1
2577.88,-0.0820312,1.08838,1.09766,8.48389,2.56348,42.0532,1
2577.89,-0.133301,1.18994,1.06982,4.76074,2.99072,40.9546,1
2577.9,-0.0922852,0.878906,0.964355,3.72314,2.92969,41.2598,1
2577.91,-0.0854492,1.07422,0.98877,3.41797,3.11279,41.0156,1
2577.92,-0.129395,1.05371,1.07812,0.854492,3.90625,40.5884,1
2577.93,-0.0742188,1.08643,1.12061,0.610352,3.60107,40.5884,1
2577.94,-0.0834961,1.16113,1.05371,-1.09863,4.5166,40.5273,1
2577.95,-0.112793,0.867188,0.887207,-2.62451,4.21143,40.4663,1
2577.96,-0.0917969,0.968262,0.923828,-2.2583,3.41797,40.5884,1
2577.97,-0.104004,1.07617,0.970703,-4.21143,3.90625,40.2832,1
2577.98,-0.0488281,0.86377,0.988281,-5.43213,3.23486,40.9546,1
2577.99,0.0102539,0.912109,0.937012,-3.2959,2.86865,41.8701,1
2578,-0.0410156,1.0625,0.999023,-4.3335,2.50244,41.3208,1
2578.01,-0.0244141,0.83252,0.828613,-6.40869,1.95312,41.5649,1
2578.02,-0.0131836,0.778809,0.788574,-5.06592,1.34277,42.9688,1
2578.03,0.0976562,1.08301,0.76709,-5.85938,0.12207,43.1519,1
2578.04,0.0717773,0.664062,0.861328,-7.26318,-0.549316,43.6401,1
2578.05,0.0112305,0.824219,0.965332,-2.50244,-1.64795,44.4946,1
2578.06,0.0639648,1.12354,0.973633,-4.5166,-1.52588,43.8232,1
2578.07,0.0756836,0.84375,0.910156,-4.08936,-1.58691,44.4946,1
2578.08,0.110352,0.727539,0.94873,-1.58691,-1.95312,44.0063,1
2578.09,0.179199,1.18311,1.00195,0.915527,-2.31934,44.0674,1
2578.1,0.178711,0.995605,1.05762,0,-1.15967,42.6636,1
2578.11,0.158203,0.847168,0.996094,2.68555,-1.2207,43.1519,1
2578.12,0.0844727,1.15283,1.07324,3.05176,-0.549316,42.7246,1
2578.13,0.0913086,0.953125,1.0918,1.64795,-0.610352,42.1143,1
2578.14,0.206543,0.830078,1.01025,3.41797,-0.610352,42.4194,1
2578.14,0.220215,1.06348,1.0625,2.62451,-0.549316,41.8091,1
2578.15,0.210449,0.958984,1.08008,0.183105,-0.366211,40.7104,1
2578.16,0.157227,0.951172,1.00439,1.46484,0,41.0767,1
2578.17,0.0888672,1.06396,1.01123,-0.366211,0.549316,40.4053,1
2578.18,0.14209,0.843262,0.98877,-2.2583,0.12207,39.6729,1
2578.19,0.197266,0.854492,0.910645,-1.52588,0.732422,39.4287,1
2578.2,0.155273,1.021,0.87793,-3.84521,1.83105,38.4521,1
2578.21,0.145996,0.81543,0.837891,-5.85938,2.31934,37.4146,1
2578.22,0.136719,0.855957,0.935547,-4.69971,2.31934,37.3535,1
2578.23,0.111328,0.947754,0.898926,-5.7373,2.2583,36.9873,1
2578.24,0.102539,0.759277,0.810547,-5.37109,1.95312,36.5601,1
2578.25,0.11084,0.761719,0.854004,-4.21143,2.56348,36.499,1
2578.26,0.177246,0.966309,0.894043,-4.02832,2.80762,35.8276,1
2578.27,0.13916,0.714355,0.882324,-4.94385,2.62451,35.4614,1
2578.28,0.164551,0.705078,0.901855,-1.64795,2.2583,35.2173,1
2578.29,0.187988,0.975098,0.898438,-0.793457,2.68555,34.668,1
2578.3,0.201172,0.731445,0.889648,-0.854492,3.17383,34.5459,1
2578.31,0.253906,0.828125,0.929199,0.488281,2.56348,34.1797,1
2578.32,0.219727,0.946289,0.929688,-0.488281,3.05176,33.9966,1
2578.33,0.23291,0.783203,0.849609,-0.244141,3.23486,33.3862,1
2578.34,0.206055,0.788574,1.01514,0.854492,3.66211,32.6538,1
2578.35,0.198242,0.971191,1.0625,1.34277,3.54004,32.7759,1
2578.36,0.196777,0.875488,0.974609,-0.183105,3.90625,31.7993,1
2578.37,0.16748,1.06543,1.00586,1.34277,3.479,31.7383,1
2578.38,0.160156,0.900879,1.03906,-0.366211,4.3335,31.25,1
2578.39,0.150391,0.675781,1.01074,1.28174,3.84521,31.4941,1
2578.4,0.170898,1.09424,1.00195,1.89209,3.78418,31.0669,1
2578.41,0.204102,0.958496,1.08545,-0.915527,3.78418,30.5786,1
2578.42,0.152344,0.733398,0.969238,0,2.92969,31.6772,1
2578.43,0.165527,0.932129,0.913086,-0.305176,2.01416,31.5552,1
2578.44,0.173828,0.941895,0.963379,-1.77002,1.40381,31.7993,1
2578.45,0.163086,0.706055,0.975586,-1.46484,1.64795,32.0435,1
2578.46,0.13623,0.932129,0.957031,-0.915527,1.09863,32.1045,1
2578.47,0.165527,0.861816,0.954102,-3.11279,1.09863,31.6772,1
2578.48,0.197266,0.703125,0.774902,-2.44141,0.12207,32.3486,1
2578.48,0.15332,0.917969,0.780273,-2.62451,0.427246,32.3486,1
2578.49,0.166992,0.742676,0.845703,-5.00488,0.183105,31.4941,1
2578.5,0.211426,0.69043,0.888184,-3.17383,0.12207,32.1655,1
2578.51,0.181152,0.79248,0.852051,-4.5166,0.366211,31.6772,1
2578.52,0.241699,0.664551,0.760742,-4.63867,-0.549316,31.6772,1
2578.53,0.306641,0.765137,0.803223,-3.2959,-0.488281,31.4941,1
2578.54,0.279785,0.751953,0.850586,-4.5166,-0.183105,31.25,1
2578.55,0.306152,0.603027,0.932129,-4.08936,-1.15967,31.4331,1
2578.56,0.299316,0.793945,0.952637,-3.96729,-1.2207,31.4331,1
2578.57,0.368164,0.942383,0.856445,-6.28662,-1.28174,30.6396,1
2578.58,0.425293,0.669922,0.984863,-6.89697,-1.2207,30.6396,1
2578.59,0.424805,0.740723,1.09668,-4.82178,-1.64795,30.2124,1
2578.6,0.388672,0.978516,1.08691,-6.04248,-1.89209,29.9683,1
2578.61,0.415039,0.712891,1.02002,-8.30078,-1.40381,29.1748,1
2578.62,0.495117,0.682617,1.06836,-7.20215,-1.77002,29.3579,1
2578.63,0.497559,0.902344,1.11768,-7.69043,-1.64795,28.9307,1
2578.64,0.460938,0.658203,1.10254,-8.91113,-1.89209,28.4424,1
2578.65,0.405762,0.633301,1.08545,-6.46973,-2.0752,27.9541,1
2578.66,0.394531,0.794434,1.0835,-7.08008,-1.83105,27.1606,1
2578.67,0.461914,0.505371,1.08545,-7.62939,-2.13623,26.5503,1
2578.68,0.523926,0.505371,1.0542,-6.46973,-2.68555,25.9399,1
2578.69,0.541016,0.745605,0.97998,-6.53076,-2.92969,24.6582,1
2578.7,0.508301,0.403809,0.989258,-7.62939,-2.92969,23.3765,1
2578.71,0.443848,0.379395,1.02539,-4.08936,-3.17383,22.1558,1
2578.72,0.542969,0.680176,0.946289,-5.37109,-3.23486,20.2026,1
2578.73,0.602051,0.275879,0.947754,-6.34766,-3.17383,18.4937,1
2578.74,0.572754,0.444336,0.930176,-3.90625,-3.05176,16.8457,1
2578.75,0.49707,0.515137,0.889648,-6.65283,-2.92969,15.3198,1
2578.76,0.492676,0.153809,0.848633,-6.89697,-2.92969,13.916,1
2578.77,0.584961,0.313965,0.821777,-5.7373,-2.50244,12.3901,1
2578.78,0.662109,0.253418,1.03174,-8.30078,-2.50244,9.94873,1
2578.79,0.613281,0.214355,1.07471,-7.8125,-2.50244,7.56836,1
2578.8,0.530273,0.412598,0.856934,-9.0332,-2.38037,5.24902,1
2578.81,0.526855,0.38623,0.730957,-11.5356,-1.46484,3.11279,1
2578.81,0.657715,0.157715,0.911621,-11.3525,-0.366211,1.46484,1
2578.82,0.646973,0.117676,1.06738,-9.46045,-0.244141,-0.427246,1
2578.83,0.523926,0.345703,1.06104,-10.1929,-0.183105,-2.56348,1
2578.84,0.497559,-0.0478516,1.09229,-13.1226,0.244141,-4.88281,1
2578.85,0.464355,-0.0395508,1.01318,-11.5356,0.915527,-6.83594,1
2578.86,0.462402,0.206055,1.06494,-14.3433,2.19727,-9.46045,1
2578.87,0.443359,-0.201172,1.10693,-17.1509,2.62451,-11.1694,1
2578.88,0.459961,-0.197754,1.05127,-15.0146,2.0752,-11.6577,1
2578.89,0.375977,0.112793,1.02344,-17.0898,2.44141,-13.2446,1
2578.9,0.352539,-0.227051,1.03223,-19.7144,2.68555,-14.4653,1
2578.91,0.391602,-0.397949,0.981934,-16.8457,2.80762,-14.6484,1
2578.92,0.380371,-0.108887,0.87793,-16.4795,2.99072,-15.1978,1
2578.93,0.338867,-0.373047,0.869629,-17.7612,2.68555,-15.8081,1
2578.94,0.311035,-0.651367,0.848633,-14.2822,2.2583,-16.2354,1
2578.95,0.351074,-0.27832,0.887207,-10.5591,2.01416,-16.4795,1
2578.96,0.369141,-0.379883,0.972168,-12.207,1.58691,-17.334,1
2578.97,0.467773,-0.682617,0.979492,-9.39941,0.610352,-17.0288,1
2578.98,0.299316,-0.430176,0.888672,-6.04248,0.915527,-16.5405,1
2578.99,0.331055,-0.448242,0.85791,-5.79834,0.427246,-16.9678,1
2579,0.435059,-0.640137,0.917969,-3.23486,-0.732422,-16.2354,1
2579.01,0.545898,-0.420898,1.05225,-1.2207,-0.915527,-16.6626,1
2579.02,0.501953,-0.566406,1.07275,-2.31934,-0.793457,-16.2354,1
2579.03,0.452637,-0.808594,1.12646,-1.0376,-0.793457,-15.625,1
2579.04,0.514648,-0.509766,1.08447,-0.427246,-1.2207,-14.7095,1
2579.05,0.549805,-0.462891,1.03369,-4.15039,-1.34277,-15.0146,1
2579.06,0.527832,-0.740234,1.21045,-5.12695,-1.58691,-14.8315,1
2579.07,0.500488,-0.498047,1.22266,-4.21143,-1.2207,-14.6484,1
2579.08,0.540039,-0.432129,1.14404,-6.40869,-0.793457,-14.5264,1
2579.09,0.574219,-0.687988,1.03613,-5.98145,-0.915527,-14.1602,1
2579.1,0.554688,-0.541992,1.16016,-4.57764,0,-14.0381,1
2579.1,0.515137,-0.469727,1.19824,-5.79834,0.549316,-14.5264,1
2579.11,0.481445,-0.625488,1.14697,-5.85938,0.793457,-14.4653,1
2579.12,0.488281,-0.574707,1.11133,-4.45557,0.976562,-14.5874,1
2579.13,0.527832,-0.376465,1.0918,-3.84521,1.89209,-15.0757,1
2579.14,0.537109,-0.694824,1.03955,-2.99072,2.13623,-14.8926,1
2579.15,0.507324,-0.702148,1.08008,1.46484,2.50244,-14.5874,1
2579.16,0.42627,-0.308105,1.03857,0.976562,2.31934,-15.3809,1
2579.17,0.379395,-0.603516,1.02588,-0.244141,2.13623,-15.686,1
2579.18,0.418457,-0.577148,0.985352,2.74658,1.34277,-15.8691,1
2579.19,0.498535,-0.359863,0.867676,2.86865,0.610352,-16.2964,1
2579.2,0.479492,-0.525879,0.892578,2.2583,-0.0610352,-17.2729,1
2579.21,0.36084,-0.567383,0.996582,2.56348,-0.854492,-17.2119,1
2579.22,0.303711,-0.433105,1.01074,2.13623,-1.58691,-17.5171,1
2579.23,0.382324,-0.413574,0.963867,1.09863,-3.05176,-18.1274,1
2579.24,0.532227,-0.469238,0.893066,1.0376,-3.84521,-18.5547,1
2579.25,0.532715,-0.456055,0.916016,1.09863,-4.3335,-18.3716,1
2579.26,0.499512,-0.527344,0.939453,1.09863,-4.5166,-18.3716,1
2579.27,0.48291,-0.509277,0.911621,1.77002,-4.57764,-18.0664,1
2579.28,0.509766,-0.494141,0.94873,0.793457,-4.45557,-18.3716,1
2579.29,0.522949,-0.524414,0.990723,0.610352,-4.69971,-18.0664,1
2579.3,0.504395,-0.503906,1.02197,0.183105,-3.96729,-17.6392,1
2579.31,0.556641,-0.463867,0.933594,0.0610352,-4.02832,-17.2119,1
2579.32,0.597168,-0.469238,0.913574,-0.732422,-3.17383,-16.9067,1
2579.33,0.554688,-0.459473,0.970215,-1.28174,-2.38037,-16.5405,1
2579.34,0.555176,-0.53418,1.01709,-1.52588,-0.915527,-15.9302,1
2579.35,0.584473,-0.558594,1.1001,-0.915527,0,-15.5029,1
2579.36,0.663086,-0.308594,1.1123,-2.50244,0.793457,-15.5029,1
2579.37,0.587402,-0.652344,1.14502,-5.00488,2.0752,-14.8926,1
2579.37,0.583008,-0.586914,1.04834,-2.68555,2.92969,-14.4043,1
2579.38,0.541504,-0.321289,1.00391,-4.21143,4.63867,-14.7095,1
2579.39,0.527344,-0.768066,1.03223,-5.37109,5.43213,-14.6484,1
2579.4,0.512207,-0.63623,1.10059,-2.50244,6.40869,-14.6484,1
2579.41,0.436035,-0.389648,1.07568,-4.15039,6.83594,-15.1367,1
2579.42,0.448242,-0.678711,1.00879,-4.45557,6.34766,-15.625,1
2579.43,0.44043,-0.608398,0.95459,-1.52588,6.10352,-15.7471,1
2579.44,0.348145,-0.399414,0.845215,-2.31934,6.04248,-16.7847,1
2579.45,0.281738,-0.758789,0.841797,-1.83105,5.7373,-17.5171,1
2579.46,0.243164,-0.592773,0.802246,2.50244,5.49316,-18.1885,1
2579.47,0.280273,-0.359863,0.728027,1.40381,4.69971,-19.9585,1
2579.48,0.28125,-0.742676,0.734375,2.56348,3.66211,-20.2026,1
2579.49,0.167969,-0.568848,0.84375,5.12695,2.74658,-20.9351,1
2579.5,0.244141,-0.399902,0.770996,2.01416,1.95312,-22.3999,1
2579.51,0.161133,-0.78418,0.839355,0.244141,2.50244,-22.4609,1
2579.52,0.182617,-0.709473,0.92041,0.793457,1.34277,-22.7051,1
2579.53,0.274414,-0.604004,0.913086,-1.46484,1.95312,-22.8882,1
2579.54,0.101562,-0.789062,1.02002,-3.60107,2.0752,-23.0713,1
2579.55,0.102051,-0.827637,1.08154,-6.34766,1.46484,-23.6206,1
2579.56,0.0668945,-0.755371,1.12354,-8.05664,2.62451,-23.4985,1
2579.57,0.0605469,-0.536133,1.03711,-10.9253,2.31934,-23.9258,1
2579.58,0.0131836,-0.827637,1.20898,-13.4277,3.72314,-24.7192,1
2579.59,0.0620117,-0.835449,1.14648,-10.437,3.72314,-23.9258,1
2579.6,0.0625,-0.619629,1.07422,-10.8643,5.12695,-24.231,1
2579.61,-0.0722656,-1.00586,1.03711,-10.437,4.57764,-23.6206,1
2579.62,-0.139648,-0.822266,1.09717,-7.44629,4.3335,-24.292,1
2579.63,-0.168457,-0.615723,1.02295,-8.30078,5.92041,-26.123,1
2579.64,-0.027832,-0.91748,0.902832,-7.01904,6.22559,-25.5127,1
2579.65,-0.102539,-0.770996,0.916016,-4.02832,5.5542,-25.2686,1
2579.66,-0.11377,-0.873047,0.835449,-2.56348,5.00488,-25.5737,1
2579.67,-0.211914,-0.846191,0.898438,2.0752,5.79834,-25.4517,1
2579.68,-0.34668,-0.532715,0.918457,2.0752,6.16455,-26.9165,1
2579.68,-0.255371,-0.712402,0.873535,0.732422,6.04248,-26.7944,1
2579.69,-0.255371,-0.86084,0.900391,1.58691,4.57764,-26.6113,1
2579.7,-0.15625,-0.628906,0.833008,1.77002,3.479,-27.5269,1
2579.71,-0.23291,-0.696289,0.875,1.46484,4.15039,-28.1982,1
2579.72,-0.297363,-0.810547,1.02197,2.99072,3.66211,-28.1372,1
2579.73,-0.247559,-0.515137,0.812012,2.92969,3.23486,-27.8931,1
2579.73,-0.264648,-0.837402,0.740234,1.09863,3.35693,-28.9917,1
2579.74,-0.270508,-0.858887,0.831543,3.54004,3.11279,-28.8086,1
2579.75,-0.184082,-0.535645,1.01611,0.610352,4.88281,-30.2734,1
2579.76,-0.100586,-1.03027,1.09131,-2.68555,4.57764,-30.2124,1
2579.77,-0.244629,-1.24268,1.07373,1.46484,4.82178,-28.5034,1
2579.78,-0.347656,-0.505859,1.00439,-0.183105,4.69971,-29.2358,1
2579.79,-0.445312,-0.860352,1.11865,-4.82178,6.04248,-29.6021,1
2579.8,-0.42041,-1.15332,1.12451,-1.34277,5.37109,-27.832,1
2579.81,-0.380371,-0.615723,0.962402,-1.83105,4.88281,-29.1748,1
2579.82,-0.550293,-0.868652,1.15674,-5.85938,5.67627,-30.7617,1
2579.83,-0.358887,-0.976562,1.15918,-2.62451,5.18799,-29.0527,1
2579.84,-0.274414,-0.533203,1.0791,-1.95312,5.49316,-29.48,1
2579.85,-0.316895,-0.925293,1.02051,-4.27246,4.88281,-30.4565,1
2579.86,-0.287598,-0.923828,0.853027,0,4.3335,-29.6021,1
2579.87,-0.35498,-0.584961,0.905273,-1.28174,5.61523,-31.1279,1
2579.88,-0.375977,-1.00586,0.997559,-1.83105,4.3335,-32.0435,1
2579.89,-0.288574,-0.888672,0.841309,2.19727,3.479,-31.0669,1
2579.9,-0.299316,-0.539551,0.804199,0.366211,3.23486,-32.7148,1
2579.91,-0.333984,-0.845703,0.918457,-0.0610352,1.64795,-33.1421,1
2579.92,-0.367676,-0.708008,0.799316,3.96729,1.09863,-31.9824,1
2579.93,-0.323242,-0.497559,0.82373,2.74658,1.46484,-33.3862,1
2579.94,-0.369629,-0.952637,0.924805,2.68555,1.64795,-33.3862,1
2579.95,-0.212891,-0.899902,0.977539,5.49316,0.183105,-32.7759,1
2579.96,-0.270508,-0.76709,1.08691,3.479,1.09863,-33.3252,1
2579.97,-0.290527,-1.16846,1.06787,3.17383,0.244141,-32.5928,1
2579.98,-0.353516,-0.941406,0.840332,6.34766,1.09863,-31.0669,1
2579.99,-0.390625,-0.569336,0.98291,3.54004,2.0752,-32.1655,1
2580,-0.344727,-1.03418,1.03418,2.56348,2.38037,-32.0435,1
2580.01,-0.407227,-0.887207,1.07812,7.50732,2.74658,-30.4565,1
2580.02,-0.432129,-0.546387,1.0625,3.2959,3.17383,-32.4707,1
2580.03,-0.37207,-1.13135,0.953613,0.854492,3.23486,-31.3721,1
2580.04,-0.324219,-1.06543,0.9375,3.66211,2.92969,-30.2734,1
2580.05,-0.388672,-0.663086,1.08691,1.77002,2.62451,-31.5552,1
2580.06,-0.40918,-0.893066,1.15039,-1.09863,3.41797,-32.2876,1
2580.07,-0.27832,-0.864746,0.980469,1.70898,2.99072,-30.7007,1
2580.08,-0.261719,-0.538574,0.844727,0.366211,2.86865,-32.1045,1
2580.09,-0.337402,-1.01221,0.908691,-1.40381,1.46484,-32.8369,1
2580.09,-0.341797,-0.944824,0.905762,4.21143,1.09863,-31.8604,1
2580.1,-0.205078,-0.561035,0.929199,2.19727,1.58691,-33.2642,1
2580.11,-0.309082,-0.928711,0.931152,0.305176,1.0376,-33.2031,1
2580.12,-0.268555,-1.08301,0.939941,2.01416,-0.427246,-33.0811,1
2580.13,-0.23584,-0.887695,0.990723,3.60107,-0.0610352,-32.8369,1
2580.14,-0.209473,-0.666016,0.945801,2.74658,-0.305176,-33.5083,1
2580.15,-0.120605,-1.06348,0.993164,1.28174,-0.488281,-33.6304,1
2580.16,-0.118652,-0.862793,0.984375,5.92041,-1.46484,-32.1045,1
2580.17,-0.100098,-0.51123,0.890137,2.0752,-1.52588,-33.3252,1
2580.18,-0.181641,-1.22217,0.909668,0.793457,-0.976562,-32.959,1
2580.19,-0.167969,-0.793457,0.936523,5.37109,-1.15967,-32.2876,1
2580.2,-0.125977,-0.833496,0.902832,0.488281,-0.976562,-33.1421,1
2580.21,-0.101562,-1.08154,0.95752,3.54004,-1.58691,-31.6162,1
2580.22,-0.0825195,-0.852051,0.942383,2.74658,-0.915527,-32.2266,1
2580.23,-0.0942383,-0.842773,0.950684,2.13623,-0.305176,-31.6162,1
2580.24,-0.15625,-0.933105,1.01025,2.01416,-0.793457,-31.189,1
2580.25,-0.0961914,-0.929199,0.974121,2.80762,-0.732422,-30.9448,1
2580.26,-0.131836,-0.653809,0.94873,2.68555,-0.976562,-30.6396,1
2580.27,-0.146973,-1.11914,0.98291,-1.0376,-0.610352,-31.25,1
2580.28,-0.131348,-1.14893,0.943848,2.56348,-1.15967,-29.6021,1
2580.29,-0.126465,-0.593262,1.03955,0.0610352,-0.305176,-30.9448,1
2580.3,-0.0800781,-1.07373,1.01172,-4.3335,-0.732422,-31.0669,1
2580.31,-0.129395,-1.12012,0.980957,1.58691,-0.915527,-29.2358,1
2580.32,-0.0981445,-0.592285,0.949219,-1.2207,-0.976562,-30.8228,1
2580.33,-0.119141,-1.0874,0.971191,-2.92969,-0.488281,-30.3955,1
2580.34,-0.0488281,-0.883789,0.962891,0.244141,-0.427246,-29.8462,1
2580.35,-0.0288086,-0.748047,0.912598,-2.68555,-0.183105,-30.0903,1
2580.36,-0.0698242,-1.16748,0.908691,-2.62451,-0.183105,-29.1748,1
2580.37,-0.103027,-0.868164,0.950195,1.0376,0.244141,-28.3203,1
2580.38,-0.0727539,-0.743652,0.922852,-2.13623,1.0376,-29.4189,1
2580.39,-0.0620117,-1.16504,0.849121,0.0610352,0.610352,-27.6489,1
2580.39,-0.100586,-0.76416,0.874023,2.80762,1.34277,-27.0996,1
2580.4,-0.0966797,-0.81543,1.05518,-1.15967,1.77002,-28.2593,1
2580.41,-0.065918,-1.16162,1.03613,2.13623,2.0752,-25.8789,1
2580.42,-0.0737305,-0.852539,0.931152,2.44141,2.38037,-26.2451,1
2580.43,-0.110352,-0.981934,0.982422,0,2.50244,-26.5503,1
2580.44,-0.0966797,-1.08594,0.979004,1.34277,2.62451,-25.7568,1
2580.45,-0.112793,-0.814453,0.96875,1.40381,3.72314,-25.8789,1
2580.46,-0.120605,-1.021,1.00293,-0.732422,3.35693,-26.062,1
2580.47,-0.0209961,-0.954102,1.00537,1.46484,3.72314,-24.7803,1
2580.48,-0.165039,-0.871582,1.021,-1.0376,4.08936,-25.8179,1
2580.49,-0.0825195,-1.02783,0.996094,-0.244141,3.05176,-25.0854,1
2580.5,-0.09375,-0.924316,0.885254,0.610352,3.84521,-24.8413,1
2580.51,-0.0908203,-0.781738,0.929199,0.488281,3.479,-26.001,1
2580.52,-0.120605,-1.06543,0.906738,-0.915527,3.90625,-26.5503,1
2580.53,-0.0473633,-0.788574,0.875488,2.99072,3.23486,-25.5127,1
2580.54,-0.15918,-0.794922,0.925293,-0.793457,2.92969,-26.4282,1
2580.55,-0.0859375,-1.06445,0.961426,1.0376,2.13623,-26.3672,1
2580.56,-0.118652,-0.790039,0.861816,1.46484,2.80762,-26.2451,1
2580.57,-0.10791,-0.873535,0.944824,1.34277,2.0752,-26.2451,1
2580.58,-0.0874023,-0.916504,0.915039,1.95312,0.549316,-26.9165,1
2580.59,-0.0458984,-0.978516,0.911133,3.84521,1.34277,-26.9165,1
2580.6,-0.125488,-0.824219,0.851074,3.96729,0.976562,-27.2217,1
2580.61,-0.143066,-1.00391,0.924805,1.89209,0.427246,-27.8931,1
2580.62,-0.078125,-0.89209,0.947266,4.63867,-0.0610352,-27.0996,1
2580.63,-0.0708008,-0.768066,0.897949,2.38037,0.793457,-28.3813,1
2580.64,-0.0610352,-1.02393,0.900391,2.86865,-0.671387,-27.832,1
2580.65,-0.074707,-0.861328,0.931641,3.60107,-1.0376,-28.1372,1
2580.66,-0.0883789,-0.841309,0.97168,1.89209,-0.793457,-28.9917,1
2580.67,-0.121582,-0.955566,0.970703,1.09863,-0.305176,-28.8696,1
2580.68,-0.0683594,-0.932617,0.936035,1.2207,-1.09863,-28.5645,1
2580.69,-0.0864258,-0.919922,0.885254,0.671387,-0.854492,-28.7476,1
2580.7,-0.0786133,-0.902832,0.891113,1.09863,-1.15967,-28.2593,1
2580.71,-0.115234,-0.80957,0.960449,0.244141,-1.40381,-29.2969,1
2580.72,-0.108398,-1.1416,1.03516,-0.488281,-1.34277,-28.8086,1
2580.73,-0.0385742,-0.783691,0.983887,2.44141,-1.28174,-28.1982,1
2580.74,-0.0571289,-0.782715,0.998535,-2.2583,-0.793457,-29.541,1
2580.75,-0.0463867,-1.41309,0.944824,1.34277,-1.95312,-27.9541,1
2580.76,-0.0322266,-0.456543,0.908691,4.69971,-1.64795,-28.3813,1
2580.77,0.0239258,-0.94043,0.939941,-2.74658,-1.70898,-29.9072,1
2580.78,0.0927734,-1.33398,0.98877,2.01416,-1.83105,-28.2593,1
2580.78,0.105957,-0.726562,1.07227,1.09863,-2.31934,-29.2969,1
2580.79,0.0927734,-0.850098,1.04492,-4.08936,-2.50244,-29.2969,1
2580.8,0.0195312,-1.39502,1.02783,-1.52588,-2.92969,-27.9541,1
2580.81,0.0219727,-0.6875,1.00635,2.19727,-2.44141,-27.4048,1
2580.82,0.0673828,-0.729004,0.984863,-3.84521,-2.62451,-28.8696,1
2580.83,0.112305,-1.40088,1.03076,-0.427246,-2.68555,-27.0996,1
2580.84,0.0917969,-0.75293,1.02539,2.62451,-3.05176,-27.0386,1
2580.85,0.14502,-0.834473,1.03076,-2.38037,-2.62451,-27.2217,1
2580.86,0.0952148,-1.3291,1.05615,0.244141,-2.86865,-26.123,1
2580.87,0.128906,-0.793945,0.983887,3.479,-2.19727,-25.5737,1
2580.88,0.0996094,-0.578613,0.879395,-0.305176,-2.31934,-25.6958,1
2580.89,0.114258,-1.26855,0.977051,0.976562,-2.13623,-24.7803,1
2580.9,0.132324,-0.930176,0.931641,7.14111,-1.09863,-23.6816,1
2580.91,0.176758,-0.656738,0.956055,4.39453,-0.854492,-24.1699,1
2580.92,0.158691,-1.19043,0.981934,3.11279,-0.854492,-23.7427,1
2580.93,0.126953,-1.01562,1.02881,6.34766,-0.366211,-23.0713,1
2580.94,0.0927734,-0.501465,1.00293,3.11279,-0.366211,-23.1934,1
2580.95,0.242676,-0.929688,0.980469,-0.549316,-0.488281,-23.1934,1
2580.96,0.29834,-1.11426,0.939941,2.68555,0.12207,-21.4233,1
2580.97,0.156738,-0.658691,0.98584,2.56348,0.488281,-20.9961,1
2580.98,0.101562,-0.878418,1.13037,-0.183105,0.854492,-21.5454,1
2580.99,0.0932617,-1.06592,0.989258,3.23486,0.976562,-20.3857,1
2581,0.152344,-0.770508,0.991211,3.60107,1.15967,-21.1182,1
2581.01,0.192383,-0.844238,0.994629,2.44141,0.976562,-21.3623,1
2581.02,0.202637,-0.979492,1.03125,3.479,1.15967,-20.9351,1
2581.03,0.170898,-0.794434,1.00732,4.45557,1.2207,-20.874,1
2581.04,0.163574,-0.830078,0.968262,3.78418,1.34277,-20.6909,1
2581.05,0.132812,-0.994141,0.975586,4.63867,1.34277,-20.3857,1
2581.06,0.100098,-0.782227,0.982422,5.24902,0.915527,-20.6299,1
2581.07,0.111328,-0.72998,1.02539,4.02832,1.70898,-21.4844,1
2581.07,0.194336,-0.827637,0.955078,5.31006,0.976562,-20.9351,1
2581.08,0.291016,-0.664062,0.907715,3.96729,0.366211,-21.7896,1
2581.09,0.291016,-0.805176,0.896973,2.50244,-0.12207,-21.6064,1
2581.1,0.105469,-0.857422,0.990234,3.11279,0.12207,-21.3013,1
2581.11,0.0449219,-0.753906,0.993164,1.95312,-0.366211,-21.7285,1
2581.12,0.118652,-0.599121,0.966797,0.183105,-0.610352,-22.4609,1
2581.13,0.105469,-0.886719,1.00537,-0.427246,-0.12207,-22.4609,1
2581.14,0.150391,-0.665039,0.925293,2.50244,-1.15967,-21.9116,1
2581.15,0.203125,-0.689941,0.945312,-0.12207,-0.549316,-23.0103,1
2581.16,0.188965,-0.875,0.95166,1.95312,-1.2207,-22.2168,1
2581.17,0.160645,-0.679199,0.933594,2.01416,-0.610352,-22.644,1
2581.18,0.0942383,-0.707031,0.951172,1.0376,-0.793457,-22.2168,1
2581.19,0.0820312,-0.907715,1.01074,1.40381,-0.244141,-22.0947,1
2581.2,0.114746,-0.895508,0.92334,3.90625,0.244141,-21.3623,1
2581.21,0.141113,-0.647949,0.967773,2.99072,0.12207,-22.522,1
2581.22,0.175781,-0.776855,1.02197,1.58691,0.488281,-22.2168,1
2581.23,0.162598,-0.695312,1.03125,2.80762,0.183105,-21.7896,1
2581.24,0.0952148,-0.626465,0.989258,1.52588,1.0376,-21.9727,1
2581.25,0.10498,-0.881348,0.942383,2.31934,1.58691,-21.0571,1
2581.26,0.0683594,-0.756348,0.929688,3.72314,1.58691,-21.1792,1
2581.27,0.117188,-0.694336,0.990723,1.77002,1.52588,-22.3389,1
2581.28,0.120605,-0.807617,1.0791,1.52588,2.13623,-21.9727,1
2581.29,0.158203,-0.774902,0.973633,1.64795,2.31934,-21.5454,1
2581.3,0.114258,-0.719238,0.974121,0.854492,2.80762,-22.2168,1
2581.31,0.0874023,-0.760742,0.938965,1.77002,3.11279,-21.3623,1
2581.32,0.0541992,-0.675781,0.945312,1.64795,3.23486,-21.8506,1
2581.33,0.0463867,-0.759766,0.977051,1.15967,3.2959,-22.3999,1
2581.34,0.0493164,-0.729004,0.968262,2.50244,3.2959,-21.7285,1
2581.34,0.00341797,-0.65625,0.933105,0.976562,3.41797,-22.9492,1
2581.35,0.00830078,-0.811035,0.919922,1.15967,3.54004,-22.8271,1
2581.36,-0.00292969,-0.754395,0.923828,2.2583,3.479,-23.2544,1
2581.37,0.0126953,-0.618164,0.860352,2.2583,2.86865,-23.6816,1
2581.38,0.00732422,-0.663086,0.946289,1.52588,2.68555,-24.4751,1
2581.39,-0.0102539,-0.748535,0.978027,1.46484,2.68555,-24.231,1
2581.4,-0.0273438,-0.722168,0.901367,1.46484,2.74658,-24.231,1
2581.41,-0.0151367,-0.727539,0.958496,0.915527,2.56348,-24.9634,1
2581.42,-0.0244141,-0.780273,0.923828,1.09863,2.50244,-25.3296,1
2581.43,-0.00537109,-0.663574,0.900391,0.793457,2.0752,-25.6348,1
2581.44,0.00927734,-0.777344,0.92041,-0.793457,2.13623,-26.6113,1
2581.45,-0.0214844,-0.851074,1.01172,0.610352,1.77002,-25.8179,1
2581.46,-0.0258789,-0.626465,0.998047,0,1.52588,-26.6724,1
2581.47,-0.0302734,-0.791016,0.992188,-1.52588,1.40381,-27.2827,1
2581.48,-0.0224609,-0.856445,0.967285,0.671387,1.09863,-26.4893,1
2581.49,0.0102539,-0.617676,0.950195,0.488281,0.915527,-27.2217,1
2581.5,0.00292969,-0.822754,1.00049,-1.0376,0.671387,-27.832,1
2581.51,0.0214844,-0.931152,0.978027,0.610352,0.488281,-26.9775,1
2581.52,-0.0776367,-0.684082,1.01953,0.366211,0.732422,-27.4658,1
2581.53,-0.0761719,-0.839355,1.05273,-1.09863,1.09863,-28.0762,1
2581.54,-0.0986328,-0.890137,1.01367,0.488281,1.34277,-27.1606,1
2581.55,-0.0751953,-0.724609,1.03467,0.915527,1.2207,-27.5269,1
2581.56,-0.0629883,-0.781738,0.975098,0.12207,1.09863,-28.1372,1
2581.57,-0.0341797,-0.901855,0.96875,1.70898,1.2207,-27.1606,1
2581.58,-0.0712891,-0.840332,1.01514,1.40381,1.09863,-27.832,1
2581.59,-0.0795898,-0.760742,1.00684,0.793457,1.0376,-27.832,1
2581.6,-0.0927734,-0.851562,0.966309,0.183105,1.83105,-27.9541,1
2581.61,-0.129883,-0.786621,0.983887,0.305176,1.52588,-27.71,1
2581.62,-0.129395,-0.782227,1.05029,-0.732422,1.89209,-28.1372,1
2581.63,-0.132324,-0.898926,1.04688,-0.427246,2.13623,-27.832,1
2581.64,-0.102539,-0.848633,1.03711,0.549316,2.13623,-27.5879,1
2581.65,-0.0737305,-0.767578,1.04053,0,2.74658,-28.5034,1
2581.65,-0.0957031,-0.950195,1.04639,1.09863,2.50244,-27.6489,1
2581.66,-0.125,-0.82373,1.01611,2.2583,2.13623,-27.9541,1
2581.67,-0.141113,-0.710938,0.943848,1.09863,2.44141,-28.5645,1
2581.68,-0.148926,-0.934082,0.97168,1.0376,2.74658,-28.3203,1
2581.69,-0.137695,-0.783203,1.06787,2.44141,2.13623,-28.1372,1
2581.7,-0.0922852,-0.833496,1.03271,0.854492,2.44141,-29.1748,1
2581.71,-0.0825195,-0.958496,0.957031,3.17383,2.31934,-28.1372,1
2581.72,-0.119629,-0.644043,0.956543,3.05176,2.01416,-28.9917,1
2581.73,-0.102051,-0.878418,0.949707,0.976562,1.34277,-29.7241,1
2581.74,-0.0732422,-0.887695,0.933105,4.57764,0.732422,-28.6255,1
2581.75,-0.0883789,-0.680664,0.948242,3.72314,1.40381,-29.9683,1
2581.76,-0.0605469,-0.853516,0.904785,3.66211,0.610352,-29.8462,1
2581.77,-0.074707,-0.817383,0.927246,4.27246,0.488281,-30.1514,1
2581.78,-0.0917969,-0.818848,0.990723,2.80762,0.488281,-30.5786,1
2581.79,-0.100098,-0.867188,1.0293,2.80762,0.0610352,-30.1514,1
2581.8,-0.097168,-0.871094,1.03467,2.19727,0.244141,-30.3955,1
2581.81,-0.0708008,-0.79541,0.993164,2.0752,0,-30.3955,1
2581.82,-0.0546875,-0.849121,0.994629,1.46484,-0.0610352,-30.6396,1
2581.83,-0.0332031,-0.862793,0.973145,2.0752,-0.793457,-30.4565,1
2581.84,-0.0146484,-0.81543,0.938965,1.28174,-0.305176,-30.7617,1
2581.85,-0.0493164,-0.980469,0.996582,0.549316,-0.366211,-30.6396,1
2581.86,-0.0810547,-0.900391,1.06543,0.793457,-1.09863,-30.5176,1
2581.87,-0.0673828,-0.75,1.0459,0.0610352,-0.610352,-30.6396,1
2581.88,-0.0693359,-0.917969,0.974609,-0.12207,-0.244141,-30.3955,1
2581.89,-0.0869141,-0.850586,0.939941,1.28174,-0.671387,-29.9072,1
2581.9,-0.0439453,-0.760254,1.00049,0.0610352,-0.427246,-30.7617,1
2581.91,-0.0317383,-0.89209,0.990234,0.610352,-0.0610352,-29.9072,1
2581.92,-0.0683594,-0.894531,0.992676,2.31934,-0.12207,-28.9917,1
2581.93,-0.0830078,-0.760254,0.950195,2.31934,-0.244141,-29.7852,1
2581.94,-0.059082,-0.97168,0.905762,2.01416,0.549316,-29.541,1
2581.94,-0.137207,-0.830078,0.92041,4.76074,0.488281,-28.7476,1
2581.95,-0.124512,-0.679688,0.888672,3.479,0.793457,-29.6021,1
2581.96,-0.0620117,-0.98584,0.93457,4.88281,1.34277,-28.6255,1
2581.97,-0.119629,-0.797363,0.962402,6.95801,1.46484,-28.2593,1
2581.98,-0.189941,-0.738281,0.913574,4.76074,2.0752,-28.8086,1
2581.99,-0.222656,-0.935059,0.953613,5.31006,1.77002,-27.71,1
2582,-0.208496,-0.695312,0.960938,4.69971,2.86865,-28.1982,1
2582.01,-0.140625,-0.774902,0.956543,2.56348,3.17383,-28.5645,1
2582.02,-0.128418,-0.935547,0.968262,2.19727,3.17383,-28.4424,1
2582.03,-0.15625,-0.77002,0.943848,2.50244,3.17383,-28.0762,1
2582.04,-0.178223,-0.813965,0.960449,0.854492,3.72314,-28.6255,1
2582.05,-0.177246,-0.89502,0.993652,0.671387,3.54004,-28.9917,1
2582.06,-0.15918,-0.744141,0.980469,0.915527,3.78418,-28.6865,1
2582.07,-0.179199,-0.796875,0.945801,-1.40381,3.96729,-29.48,1
2582.08,-0.165527,-0.935059,0.936523,-0.244141,3.2959,-29.1138,1
2582.09,-0.163086,-0.720703,0.961914,-0.793457,3.35693,-30.2124,1
2582.1,-0.115234,-0.848145,0.969238,-1.28174,3.41797,-30.1514,1
2582.11,-0.140137,-0.883301,1.021,-0.12207,2.62451,-29.7852,1
2582.12,-0.119629,-0.791016,1.01807,0,1.83105,-30.2734,1
2582.13,-0.141113,-0.83252,0.938477,-0.183105,2.38037,-30.8228,1
2582.14,-0.120117,-0.870117,0.899902,0.732422,1.83105,-30.8228,1
2582.15,-0.124023,-0.813477,0.920898,0.915527,1.2207,-31.189,1
2582.16,-0.130859,-0.861816,0.975586,1.0376,0.671387,-31.7383,1
2582.17,-0.121582,-0.818848,0.963379,1.70898,0.427246,-31.4941,1
2582.18,-0.121582,-0.822266,0.986328,1.15967,0.183105,-32.3486,1
2582.19,-0.115234,-0.883301,1.01904,1.0376,-0.244141,-32.1655,1
2582.2,-0.104492,-0.804688,0.987793,1.40381,-0.549316,-31.6162,1
2582.21,-0.125488,-0.867676,0.976562,0.244141,-0.12207,-32.2876,1
2582.22,-0.129395,-0.916504,0.969727,1.28174,-0.549316,-31.6162,1
2582.23,-0.128906,-0.779297,0.958984,1.09863,-0.488281,-31.7993,1
2582.23,-0.144043,-0.928711,1.00146,-0.244141,-0.549316,-32.3486,1
2582.24,-0.109375,-0.92627,1.00488,1.2207,-0.976562,-31.3721,1
2582.25,-0.151367,-0.762207,1.03955,0.244141,-0.427246,-31.8604,1
2582.26,-0.11377,-0.878418,1.00635,-0.0610352,-0.488281,-31.5552,1
2582.27,-0.114746,-0.808594,0.961426,1.77002,0,-30.6396,1
2582.28,-0.135742,-0.74707,0.959473,0.610352,0.12207,-31.5552,1
2582.29,-0.134277,-0.939453,0.948242,1.0376,-0.305176,-30.9448,1
2582.3,-0.128906,-0.822754,0.946777,1.52588,0.0610352,-30.7617,1
2582.31,-0.120605,-0.80127,1.00049,0,0.0610352,-31.311,1
2582.32,-0.0742188,-0.910156,0.952637,0.0610352,0.610352,-30.5786,1
2582.33,-0.0546875,-0.788574,0.939453,0.244141,0.671387,-30.2124,1
2582.34,-0.0859375,-0.838379,0.939453,-0.0610352,1.34277,-30.0903,1
2582.35,-0.102539,-0.898926,0.967773,0.244141,1.15967,-29.6631,1
2582.36,-0.0820312,-0.821289,0.972168,1.0376,1.0376,-29.1138,1
2582.37,-0.0791016,-0.844727,0.951172,0.549316,1.89209,-29.48,1
2582.38,-0.0424805,-0.856934,0.976074,0.671387,1.40381,-29.2358,1
2582.39,-0.0327148,-0.90918,0.950195,1.70898,2.01416,-28.6865,1
2582.4,-0.0375977,-0.749512,0.936523,1.83105,2.19727,-28.6255,1
2582.41,-0.0849609,-0.967773,0.958008,2.01416,1.89209,-28.1982,1
2582.42,-0.0942383,-0.783691,0.950195,3.35693,1.52588,-28.0151,1
2582.43,-0.0952148,-0.789551,0.916504,1.34277,2.13623,-28.5034,1
2582.44,-0.0771484,-1.00879,0.953125,1.89209,2.38037,-27.9541,1
2582.45,-0.0395508,-0.710449,0.958008,2.44141,1.95312,-27.832,1
2582.46,-0.0488281,-0.766113,0.945801,0.12207,2.19727,-28.1372,1
2582.47,-0.0356445,-0.910156,0.918457,1.2207,1.40381,-27.5269,1
2582.48,-0.0595703,-0.730957,0.87207,1.40381,1.89209,-27.832,1
2582.49,-0.0629883,-0.932617,0.922852,0.549316,2.0752,-28.0151,1
2582.5,-0.0888672,-0.87207,0.990234,1.52588,1.77002,-27.771,1
2582.51,-0.0239258,-0.711914,0.941895,0.0610352,2.0752,-28.3813,1
2582.52,-0.0141602,-0.832031,0.916504,-0.183105,1.64795,-27.832,1
2582.53,-0.0214844,-0.858887,0.891113,1.09863,1.0376,-27.771,1
2582.54,0.00390625,-0.713379,0.876953,1.0376,1.34277,-28.0762,1
2582.55,-0.0126953,-0.919434,0.96875,1.0376,1.2207,-28.0762,1
2582.56,-0.0102539,-0.820801,0.953613,2.50244,0.305176,-27.4658,1
2582.57,0.0205078,-0.746582,0.924805,0.976562,0.671387,-28.2593,1
2582.58,-0.00683594,-0.929688,0.913086,1.70898,0.610352,-27.4048,1
2582.59,0.0297852,-0.774902,0.911133,2.19727,0,-27.832,1
2582.59,0.0566406,-0.765137,0.902832,1.34277,0,-28.2593,1
2582.6,0.0776367,-0.919434,0.89209,2.31934,-0.244141,-27.5269,1
2582.61,0.0629883,-0.720703,0.930176,3.11279,-0.732422,-27.5269,1
2582.62,0.0546875,-0.812012,0.920898,0.549316,-0.12207,-28.3203,1
2582.63,0.0742188,-0.982422,0.945312,1.95312,-0.305176,-26.7334,1
2582.64,0.0332031,-0.738281,0.966797,1.28174,-0.488281,-27.2217,1
2582.65,0.0532227,-0.948242,0.969727,-0.12207,-0.488281,-27.4048,1
2582.66,0.0776367,-0.831543,0.970703,2.2583,-0.427246,-26.6113,1
2582.67,0.162109,-0.609375,0.964355,-0.244141,-0.610352,-27.6489,1
2582.68,0.181641,-1.05078,0.976562,-0.244141,-0.854492,-26.3062,1
2582.69,0.113281,-0.811523,1.01123,1.95312,-0.549316,-25.7568,1
2582.7,0.074707,-0.687012,1.01025,-1.46484,-0.0610352,-26.3672,1
2582.71,0.0117188,-1.06055,0.959961,0.366211,-0.12207,-24.9634,1
2582.72,0.0546875,-0.737793,0.980469,2.01416,-0.12207,-25.3906,1
2582.73,0.215332,-0.675781,0.949219,0,-0.610352,-26.3672,1
2582.74,0.293457,-1.00635,0.971191,0.610352,-0.671387,-25.3906,1
2582.75,0.20166,-0.833008,0.971191,2.62451,-0.244141,-24.4751,1
2582.76,0.0639648,-0.650391,0.996582,0.244141,-0.183105,-25.1465,1
2582.77,0.0483398,-0.996094,0.985352,0.12207,0,-24.5972,1
2582.78,0.0390625,-0.791016,0.936035,3.23486,0.0610352,-23.7427,1
2582.79,0.125977,-0.544434,0.955078,0.915527,0.12207,-25.0244,1
2582.8,0.1875,-1.05273,1.01221,0.793457,0.488281,-24.292,1
2582.81,0.158691,-0.902344,0.953613,4.76074,0.793457,-23.4985,1
2582.82,0.0756836,-0.54248,0.978027,1.83105,0.305176,-24.4751,1
2582.83,0.0756836,-0.983398,0.996094,0.427246,0.549316,-23.9258,1
2582.84,0.0610352,-0.808105,0.973145,4.08936,0.732422,-22.7051,1
2582.85,0.0498047,-0.620605,0.952637,1.09863,0.976562,-23.8037,1
2582.86,0.0947266,-1.00244,0.95752,1.64795,0.976562,-22.8271,1
2582.87,0.0444336,-0.782227,0.952637,4.27246,1.52588,-22.644,1
2582.88,0.0478516,-0.636719,0.949219,2.01416,1.83105,-23.8037,1
2582.89,0.0727539,-0.858887,0.975586,1.70898,1.34277,-23.5596,1
2582.9,0.0644531,-0.82666,0.945312,3.2959,1.15967,-22.644,1
2582.9,0.0532227,-0.637207,1.00635,2.56348,0.915527,-23.1934,1
2582.91,0.0668945,-0.850586,0.940918,1.46484,1.28174,-22.9492,1
2582.92,0.0449219,-0.86377,0.879883,3.41797,1.58691,-22.522,1
2582.93,-0.0234375,-0.566895,0.965332,2.01416,1.34277,-23.4375,1
2582.94,0.0727539,-0.797852,0.947754,-0.244141,1.52588,-24.0479,1
2582.95,0.0678711,-0.920898,1.01855,2.38037,1.52588,-22.8271,1
2582.96,0.0537109,-0.631348,0.977051,1.89209,1.15967,-23.9868,1
2582.97,0.0952148,-0.793945,0.932617,1.28174,1.0376,-23.7427,1
2582.98,0.0288086,-0.751953,0.952148,3.23486,1.40381,-23.3154,1
2582.99,0.0703125,-0.725586,0.98291,1.46484,0.854492,-24.1699,1
2583,0.0371094,-0.842773,1.00781,2.19727,0.671387,-23.3765,1
2583.01,0.0263672,-0.742188,1.00049,2.2583,1.40381,-24.0479,1
2583.02,0.0200195,-0.742188,0.974609,2.19727,1.40381,-24.1089,1
2583.03,0.0498047,-0.763672,0.919922,2.44141,1.0376,-24.4141,1
2583.04,0.0668945,-0.754395,0.932129,2.31934,0.671387,-24.7192,1
2583.05,0.0751953,-0.674316,0.976074,2.19727,0.915527,-24.4751,1
2583.06,0.0463867,-0.82373,1.0415,1.28174,1.09863,-24.6582,1
2583.07,0.0273438,-0.827148,1.0542,2.19727,0.854492,-24.292,1
2583.08,0.0332031,-0.65332,1.01172,1.83105,1.0376,-24.4751,1
2583.09,0.0429688,-0.833496,0.965332,0.732422,1.52588,-25.0854,1
2583.1,0.0585938,-0.707031,0.928711,2.19727,0.671387,-24.9023,1
2583.11,0.0561523,-0.698242,0.984863,0.244141,1.15967,-25.9399,1
2583.12,0.122559,-0.865723,1.02539,1.2207,0.427246,-25.3296,1
2583.13,0.137695,-0.688965,0.995605,1.28174,0.305176,-25.6958,1
2583.13,0.129395,-0.812012,1.01807,0.305176,0.549316,-25.5737,1
2583.14,0.105469,-0.758789,1.04736,0.976562,0.0610352,-25.5737,1
2583.15,0.14502,-0.700195,0.975586,-0.427246,0.366211,-26.4282,1
2583.16,0.154785,-0.814453,0.970215,-0.0610352,-0.0610352,-25.7568,1
2583.17,0.150879,-0.777344,1.04492,-0.305176,-0.183105,-26.6724,1
2583.18,0.181152,-0.720703,1.03906,0.244141,-0.305176,-26.9165,1
2583.19,0.199707,-0.646973,1.05176,0,-0.12207,-27.4048,1
2583.2,0.189941,-0.824707,0.959473,0,-0.793457,-26.9165,1
2583.21,0.195801,-0.801758,0.99707,0.976562,-1.46484,-26.8555,1
2583.22,0.15918,-0.752441,1.07324,0.0610352,-0.915527,-27.71,1
2583.23,0.169434,-0.835938,1.04688,0.854492,-1.09863,-27.1606,1
2583.24,0.169434,-0.754395,1.02148,1.52588,-1.15967,-27.4048,1
2583.25,0.182617,-0.768555,1.02783,1.09863,-1.28174,-28.0151,1
2583.26,0.212891,-0.768066,0.994629,1.64795,-1.2207,-27.5269,1
2583.27,0.202637,-0.765137,0.97168,0.854492,-0.488281,-27.771,1
2583.28,0.195801,-0.850586,0.950195,0.976562,-1.40381,-27.5879,1
2583.29,0.170898,-0.743652,1.02832,0.671387,-1.2207,-27.771,1
2583.3,0.181641,-0.73291,1.08301,0,-0.610352,-27.71,1
2583.31,0.178711,-0.865723,1.00537,0.427246,-0.793457,-27.0386,1
2583.32,0.187988,-0.794434,0.95752,0.671387,-0.854492,-27.0386,1
2583.33,0.174805,-0.683594,0.976562,-0.183105,-0.732422,-27.4048,1
2583.34,0.17334,-0.78125,0.992676,-0.183105,0.183105,-27.3438,1
2583.35,0.195801,-0.71875,0.92334,-0.244141,-0.305176,-27.3438,1
2583.36,0.237305,-0.780762,0.959961,-1.0376,0.12207,-27.2827,1
2583.37,0.203125,-0.771973,1.01514,-0.793457,0.366211,-26.6724,1
2583.38,0.146484,-0.775391,0.982422,-1.34277,0.610352,-26.8555,1
2583.39,0.177246,-0.85498,0.954102,-0.488281,0.854492,-26.2451,1
2583.4,0.184082,-0.741211,0.994141,0.183105,0.793457,-26.5503,1
2583.41,0.221191,-0.734375,0.970215,0.305176,1.34277,-26.7944,1
2583.42,0.208496,-0.739258,0.945312,1.52588,1.34277,-26.2451,1
2583.43,0.18457,-0.736816,0.899902,1.83105,1.40381,-26.123,1
2583.44,0.202148,-0.755859,0.887695,2.2583,1.64795,-26.1841,1
2583.45,0.194824,-0.692871,0.943359,2.44141,1.46484,-26.2451,1
2583.46,0.245605,-0.797363,0.992188,2.2583,1.83105,-26.3062,1
2583.47,0.246094,-0.791992,1.01514,3.05176,1.46484,-26.001,1
2583.48,0.20459,-0.769043,1,2.86865,1.70898,-26.2451,1
2583.48,0.232422,-0.753418,0.972656,2.62451,1.95312,-26.2451,1
2583.49,0.286133,-0.732422,0.970215,1.52588,1.89209,-26.6113,1
2583.5,0.29834,-0.883301,1.01123,0.610352,1.2207,-26.6724,1
2583.51,0.260254,-0.708008,0.962891,0.549316,0.793457,-26.7334,1
2583.52,0.185547,-0.633301,0.973633,-1.83105,1.0376,-27.3438,1
2583.53,0.225586,-0.805664,0.956055,-2.0752,0.488281,-27.2827,1
2583.54,0.304199,-0.702637,0.930176,-1.70898,0,-27.4048,1
2583.55,0.302246,-0.712402,1.02441,-2.56348,0,-28.1982,1
2583.56,0.277832,-0.899902,0.99707,-1.77002,0.0610352,-27.9541,1
2583.57,0.220703,-0.759277,0.981934,-0.427246,-0.366211,-27.9541,1
2583.58,0.212402,-0.759277,1.02441,-1.89209,-0.183105,-28.6255,1
2583.59,0.234863,-0.908691,1.0376,-1.64795,-0.305176,-28.5034,1
2583.6,0.23584,-0.725586,0.983887,-0.610352,-0.610352,-28.1982,1
2583.61,0.216309,-0.751953,0.970215,-1.95312,-0.244141,-28.9307,1
2583.62,0.213867,-0.908203,0.966309,-0.427246,-0.793457,-28.2593,1
2583.63,0.214844,-0.77002,0.966309,0.671387,-0.183105,-28.1982,1
2583.64,0.183105,-0.731934,1.04785,-0.366211,-0.671387,-28.7476,1
2583.65,0.183594,-0.922852,0.987305,0.610352,-0.366211,-27.5269,1
2583.66,0.194336,-0.787598,0.963379,1.34277,-0.427246,-28.0151,1
2583.67,0.23291,-0.743652,0.998535,0,-0.488281,-28.2593,1
2583.68,0.26123,-0.85791,1.00879,0.366211,0,-27.5879,1
2583.69,0.260254,-0.736816,0.939453,0.854492,0,-27.0386,1
2583.7,0.201172,-0.833496,0.909668,0.366211,0.488281,-27.0386,1
2583.71,0.189941,-0.90332,0.86377,2.01416,0.854492,-26.062,1
2583.72,0.208496,-0.699219,0.952637,2.50244,1.46484,-25.9399,1
2583.73,0.242676,-0.719727,1.00781,0.976562,1.52588,-26.5503,1
2583.74,0.255859,-0.830078,0.95166,2.31934,1.89209,-25.0244,1
2583.75,0.206055,-0.733887,0.907227,3.11279,2.13623,-24.9023,1
2583.76,0.227051,-0.833008,0.947754,2.62451,2.2583,-24.9634,1
2583.77,0.241699,-0.843262,1,4.39453,2.56348,-23.6206,1
2583.77,0.192871,-0.679199,0.975098,3.23486,2.92969,-23.8647,1
2583.78,0.195801,-0.751465,0.962402,2.44141,3.23486,-23.7427,1
2583.79,0.200684,-0.759277,0.956543,3.05176,3.2959,-23.0103,1
2583.8,0.278809,-0.772461,0.922852,2.74658,3.17383,-23.0713,1
2583.81,0.233887,-0.753418,0.953125,2.74658,2.92969,-22.644,1
2583.82,0.227539,-0.75293,0.979492,1.89209,3.41797,-22.7661,1
2583.83,0.189453,-0.712402,0.972168,1.28174,2.68555,-22.522,1
2583.84,0.161621,-0.760254,0.966797,0.549316,2.19727,-22.2778,1
2583.85,0.181152,-0.672363,0.931152,0.915527,2.0752,-21.8506,1
2583.86,0.180176,-0.592773,0.916992,1.0376,2.68555,-21.9727,1
2583.87,0.294434,-0.659668,0.850586,1.0376,2.0752,-21.9727,1
2583.88,0.286621,-0.691895,0.902832,1.77002,0.793457,-21.4233,1
2583.89,0.195801,-0.63916,0.963379,2.0752,0.732422,-20.9961,1
2583.9,0.103516,-0.627441,1.02051,2.19727,0.854492,-20.5688,1
2583.91,0.114258,-0.602051,0.992188,3.66211,0.610352,-19.6533,1
2583.92,0.224121,-0.547852,0.949219,4.15039,0.0610352,-19.2261,1
2583.93,0.297363,-0.543945,0.946289,5.37109,-0.793457,-17.9443,1
2583.94,0.255859,-0.501953,1.01318,5.67627,-0.854492,-17.5171,1
2583.95,0.188477,-0.559082,1.02881,7.20215,-1.09863,-15.8691,1
2583.96,0.19043,-0.467285,0.980957,8.97217,-1.2207,-14.3433,1
2583.97,0.192383,-0.425781,0.974121,9.46045,-1.2207,-13.4277,1
2583.98,0.226074,-0.411621,1.02197,10.9863,-1.70898,-11.4746,1
2583.99,0.258789,-0.398926,1.06445,11.7798,-1.89209,-9.94873,1
2584,0.287109,-0.336426,0.98584,12.5732,-1.89209,-7.99561,1
2584.01,0.246582,-0.331055,0.927246,12.6343,-1.95312,-6.53076,1
2584.02,0.195801,-0.280273,0.931152,13.6719,-2.56348,-4.5166,1
2584.03,0.193359,-0.0756836,0.969727,13.7939,-2.44141,-3.05176,1
2584.04,0.246094,-0.102539,1.00195,13.0005,-2.44141,-1.64795,1
2584.05,0.277832,-0.114746,0.966797,14.7095,-2.86865,1.09863,1
2584.06,0.259277,-0.0166016,0.920898,15.0146,-2.92969,2.62451,1
2584.06,0.213867,-0.0219727,0.939453,15.2588,-3.05176,4.45557,1
2584.07,0.163086,0.105469,1.00684,15.564,-2.86865,6.16455,1
2584.08,0.17334,0.153809,1.03955,14.4653,-2.86865,7.50732,1
2584.09,0.213379,0.107422,1.01904,14.7705,-2.92969,9.15527,1
2584.1,0.214844,0.149414,1.03027,15.1367,-2.86865,10.376,1
2584.11,0.239258,0.204102,0.969727,15.0146,-2.80762,11.4136,1
2584.12,0.224121,0.27002,0.977051,14.7705,-2.13623,12.5732,1
2584.13,0.208496,0.290039,1.0459,14.3433,-1.58691,13.6719,1
2584.14,0.193359,0.386719,1.11035,13.855,-1.0376,14.4653,1
2584.15,0.179688,0.432617,1.104,12.5732,-0.244141,15.0757,1
2584.16,0.171875,0.354492,1.06689,11.7188,0.0610352,15.625,1
2584.17,0.1875,0.407715,1.0083,11.4136,0.12207,16.1743,1
2584.18,0.20752,0.507324,0.979004,9.52148,0.732422,16.1743,1
2584.19,0.234863,0.541992,1.02197,7.87354,1.34277,16.2354,1
2584.2,0.205078,0.562988,1.09473,6.83594,2.2583,16.4185,1
2584.21,0.164551,0.554688,1.11914,6.53076,2.38037,16.5405,1
2584.22,0.175781,0.591309,1.06201,6.10352,2.99072,16.7847,1
2584.23,0.1875,0.562988,1.00195,5.67627,3.23486,16.7236,1
2584.24,0.210938,0.666016,1.03955,5.98145,3.11279,16.9067,1
2584.25,0.188965,0.749512,1.12988,5.5542,3.90625,17.1509,1
2584.26,0.148926,0.552734,1.13037,5.98145,4.27246,17.5781,1
2584.27,0.137695,0.602539,1.06543,8.54492,3.78418,18.2495,1
2584.28,0.147949,0.72998,1.04102,8.05664,4.21143,17.8833,1
2584.29,0.191406,0.644043,1.03955,8.23975,4.3335,18.7378,1
2584.3,0.172363,0.749512,1.05566,8.17871,4.27246,19.6533,1
2584.31,0.165527,0.726074,1.04102,6.65283,4.08936,20.0195,1
2584.32,0.118652,0.693359,1.01953,6.5918,3.84521,20.9961,1
2584.33,0.09375,0.794434,1.00098,5.31006,3.66211,21.2402,1
2584.34,0.11084,0.645508,0.953613,3.11279,3.54004,21.7285,1
2584.35,0.13916,0.727051,0.925293,1.95312,3.11279,22.7051,1
2584.36,0.15625,0.761719,0.865234,-1.09863,3.2959,22.8271,1
2584.37,0.126953,0.699219,0.866211,-2.2583,2.44141,23.6206,1
2584.37,0.0649414,0.854492,0.938477,-3.11279,2.01416,23.6816,1
2584.38,0.113281,0.689941,0.895996,-4.27246,1.77002,24.1699,1
2584.39,0.123535,0.701172,0.885742,-3.23486,1.46484,24.9634,1
2584.4,0.124512,0.887695,0.973633,-3.66211,1.40381,24.9634,1
2584.41,0.185547,0.716309,0.932129,-3.66211,1.0376,25.0854,1
2584.42,0.135254,0.77002,0.94043,-1.2207,0.854492,25.6348,1
2584.43,0.155273,0.767578,0.959961,-0.549316,0.610352,25.3296,1
2584.44,0.164062,0.758301,1.02393,2.38037,-0.305176,26.1841,1
2584.45,0.143066,0.802246,1.1416,4.08936,-0.12207,25.8789,1
2584.46,0.136719,0.762207,1.06055,5.7373,-0.0610352,26.5503,1
2584.47,0.172363,0.890137,1.0376,6.16455,0,26.7334,1
2584.48,0.171875,0.787109,1.00195,5.00488,0,26.5503,1
2584.49,0.229492,0.749023,1.04102,5.98145,-0.549316,26.7944,1
2584.5,0.160645,0.897949,1.08447,5.00488,-0.488281,26.4893,1
2584.51,0.134766,0.796875,1.03027,3.17383,-0.366211,26.7334,1
2584.52,0.167969,0.823242,0.961426,1.70898,0,27.2217,1
2584.53,0.179199,0.839844,0.967773,-0.854492,0,26.9775,1
2584.54,0.141113,0.804199,0.981445,-1.70898,0,27.2217,1
2584.55,0.13916,0.884766,0.947266,-2.99072,0.305176,26.6113,1
2584.56,0.0883789,0.874023,1.01465,-4.39453,0.854492,26.2451,1
2584.57,0.135254,0.740723,0.961914,-5.18799,0.671387,26.2451,1
2584.58,0.183594,0.968262,0.959961,-5.00488,0.488281,26.3062,1
2584.59,0.216797,0.814453,0.890625,-6.28662,0.549316,25.6958,1
2584.6,0.182129,0.599121,0.91748,-2.74658,0.854492,25.7568,1
2584.61,0.148438,0.962402,1.01172,-0.854492,1.34277,25.1465,1
2584.62,0.123535,0.856445,1.00293,-1.52588,1.89209,24.9634,1
2584.63,0.178711,0.668457,0.952637,0.366211,2.01416,25.2075,1
2584.64,0.233887,0.913086,0.957031,1.58691,2.31934,25.0244,1
2584.65,0.266113,0.771484,0.982422,1.28174,2.2583,24.9023,1
2584.66,0.219727,0.666016,1.00342,4.08936,2.19727,24.9023,1
2584.67,0.171387,0.917969,0.953613,4.63867,2.80762,24.5972,1
2584.68,0.14209,1.01025,0.974609,2.68555,3.17383,25.2075,1
2584.69,0.186035,0.740234,1.00049,1.2207,2.80762,25.4517,1
2584.7,0.210938,0.788086,0.987305,3.17383,2.01416,26.3672,1
2584.71,0.220215,0.842773,0.970703,1.95312,2.2583,26.123,1
2584.72,0.16748,0.807129,0.875977,1.70898,1.83105,26.4893,1
2584.73,0.0976562,0.979492,0.979492,0.183105,2.0752,26.8555,1
2584.73,0.0708008,0.872559,1.01416,-0.976562,1.64795,27.5269,1
2584.74,0.081543,0.78418,1.00732,0,0.793457,28.1982,1
2584.75,0.141602,0.831055,0.96875,0.549316,0.488281,28.5034,0
2584.76,0.15918,0.871582,0.885742,0.305176,0.366211,28.6255,0
2584.77,0.0737305,0.960938,0.999023,0.0610352,0.0610352,29.0527,0
2584.78,0.0771484,0.882812,0.976074,-0.366211,0.366211,29.48,0
2584.79,0.0507812,0.851562,0.966797,0.793457,0,30.0293,0
2584.8,0.0722656,0.858398,0.942383,1.15967,-0.610352,29.3579,0
2584.81,0.0932617,0.806152,0.92334,2.38037,-0.427246,30.1514,0
2584.82,0.0214844,0.997559,0.974609,2.19727,0.427246,29.7852,0
2584.83,-0.0317383,0.84375,0.998535,0.976562,0.427246,29.541,0
2584.84,-0.0371094,0.932617,1.03027,3.11279,0.183105,29.9072,0
2584.85,-0.0561523,0.996094,1.02588,2.01416,1.09863,29.1748,0
2584.86,-0.00585938,0.749512,1.00537,2.80762,1.58691,29.541,0
2584.87,0.0102539,1.06934,0.972168,3.23486,2.19727,29.2969,0
2584.88,-0.034668,0.97998,0.98291,0.12207,3.05176,28.8086,0
2584.89,-0.0576172,0.786133,1.00195,1.70898,2.80762,29.2969,0
2584.9,-0.0625,0.981445,1.00488,2.13623,3.78418,28.6865,0
2584.91,-0.0683594,0.89209,1.0083,1.83105,4.08936,29.1138,0
2584.92,0.00927734,0.888184,0.937988,2.44141,4.3335,28.9307,0
2584.93,0.0483398,0.959473,0.875977,0.976562,4.69971,28.6865,0
2584.94,-0.0820312,0.866211,0.905273,0.732422,4.5166,29.1138,0
2584.95,-0.0483398,0.838867,0.887207,0.183105,4.63867,28.5034,0
2584.96,-0.110352,0.893066,0.851562,1.40381,4.69971,29.8462,0
2584.97,-0.09375,0.865234,0.949707,0.12207,4.69971,29.3579,0
2584.97,-0.0161133,0.789551,0.892578,-0.244141,3.54004,29.7241,0
2584.98,-0.0170898,0.933594,0.830566,0.244141,3.60107,30.2734,0
2584.99,-0.0820312,0.786621,0.807129,-1.2207,3.96729,30.4565,0
2585,-0.0478516,0.777344,0.868652,0,2.74658,31.0669,0
2585.01,-0.0693359,1.02686,0.900879,-1.2207,3.17383,30.7617,0
2585.02,-0.0229492,0.777344,0.848145,-2.0752,2.62451,31.6162,0
2585.03,0.0166016,0.844238,0.883789,-0.549316,1.70898,32.1045,0
2585.04,-0.00195312,0.974609,0.874023,-1.40381,1.58691,32.0435,0
2585.05,0.0629883,0.817383,0.92041,-0.305176,1.46484,32.8369,0
2585.06,0.065918,0.919434,0.95459,0.732422,1.40381,32.8979,0
2585.07,0.0161133,0.814453,0.958008,0.12207,0.549316,32.4707,0
2585.08,0.0244141,0.975098,0.963379,2.68555,0.671387,32.4707,0
2585.09,0.0859375,1.07959,0.89209,1.95312,0.915527,32.2876,0
2585.1,0.0185547,0.848633,0.991211,3.17383,1.0376,32.5317,0
2585.11,0.0541992,1.14893,1.04639,4.15039,0.427246,31.8604,0
2585.12,0.0771484,0.901367,0.979004,3.2959,0.671387,32.2266,0
2585.13,0.0605469,0.839355,1.00293,6.10352,0.854492,32.4097,0
2585.14,0.108398,1.13281,0.942871,5.37109,0.732422,31.3721,0
2585.15,0.107422,0.936035,0.999512,3.23486,1.2207,31.0669,0
2585.16,0.0625,0.914551,1.05273,4.39453,1.09863,31.5552,0
2585.17,0.0834961,1.04248,0.973633,2.44141,1.28174,30.3955,0
2585.18,0.0610352,0.880371,0.936035,1.64795,1.52588,30.9448,0
2585.19,0.0693359,0.99707,0.921387,1.83105,1.89209,30.7007,0
2585.2,0.15332,1.03076,1.0166,-0.976562,1.70898,30.4565,0
2585.21,0.229492,1.08203,0.949707,-0.793457,0.976562,30.6396,0
2585.22,0.152832,0.882324,0.991699,-1.64795,1.64795,30.3345,0
2585.23,0.141113,0.958496,0.968262,0.12207,1.70898,29.48,0
2585.24,0.100586,1.02344,0.922363,-2.68555,1.64795,29.541,0
2585.25,0.0673828,0.548828,0.879395,-3.17383,1.89209,30.0903,0
2585.26,0.229004,1.04639,0.812988,-2.50244,0.976562,30.0903,0
2585.27,0.25293,1.06543,0.865723,-6.95801,1.40381,29.6631,0
2585.27,0.257812,0.666504,0.875977,-6.16455,1.83105,29.0527,0
2585.28,0.210449,1.0542,0.928223,-2.99072,1.46484,28.7476,0
2585.29,0.0996094,1.03027,0.860352,-5.92041,2.38037,28.0762,0
2585.3,0.121582,0.538086,0.809082,-4.39453,2.2583,28.6255,0
2585.31,0.15625,0.753906,0.868652,-2.50244,1.58691,29.0527,0
2585.32,0.276855,1.16455,0.908691,-3.54004,1.77002,28.3813,0
2585.33,0.290527,0.652832,0.989258,-4.69971,2.56348,27.3438,0
2585.34,0.119141,0.777832,0.95166,-0.244141,2.19727,27.9541,0
2585.35,0.0507812,1.18945,0.891113,-1.89209,1.70898,27.5269,0
2585.36,0.0966797,0.789062,0.846191,-3.60107,1.58691,27.2827,0
2585.37,0.205566,0.706055,0.92041,1.58691,1.52588,28.3203,0
2585.38,0.284668,1.19922,1.0918,1.40381,1.95312,27.2827,0
2585.39,0.242188,0.851562,0.98877,-1.15967,1.77002,27.0386,0
2585.4,0.113281,0.665039,0.897949,2.13623,2.01416,27.71,0
2585.41,0.0805664,1.09473,0.816406,0.732422,1.70898,26.7944,0
2585.42,0.109375,0.851074,0.833008,-2.44141,1.40381,27.2827,0
2585.43,0.164062,0.611816,0.976074,-0.427246,1.77002,27.771,0
2585.44,0.266602,1.02344,0.955078,0,0.854492,27.2217,0
2585.45,0.216309,0.957031,0.917969,-4.02832,0.671387,26.4893,0
2585.46,0.131348,0.653809,0.868652,-3.35693,0.610352,26.7944,0
2585.47,0.155273,1.01807,0.843262,-4.15039,0.488281,26.1841,0
2585.48,0.181152,0.689453,0.888184,-7.44629,0.549316,25.7568,0
2585.49,0.216797,0.591309,0.941406,-5.61523,0.427246,24.9023,0
2585.5,0.296875,0.98291,0.909668,-7.20215,0.305176,23.6206,0
2585.51,0.298828,0.730469,0.939453,-9.52148,1.09863,22.4609,0
2585.52,0.258301,0.586426,0.964844,-8.91113,1.0376,21.2402,0
2585.53,0.246094,0.835938,0.916992,-8.54492,0,20.3247,0
2585.54,0.287109,0.766113,0.927734,-10.8032,0.244141,18.9209,0
2585.55,0.306152,0.365723,1.01416,-10.7422,0.183105,17.7002,0
2585.56,0.37793,0.691895,0.961426,-7.93457,-0.0610352,16.7236,0
2585.57,0.375488,0.883301,0.944336,-10.7422,-0.0610352,14.9536,0
2585.58,0.346191,0.386719,0.953125,-11.4136,-0.488281,13.4888,0
2585.59,0.361816,0.541992,0.964355,-6.65283,-1.34277,12.8784,0
2585.6,0.352051,0.847656,0.975586,-7.44629,-1.09863,10.9253,0
2585.61,0.402832,0.481934,0.98877,-8.11768,-1.34277,9.33838,0
2585.62,0.390137,0.432617,1.02344,-3.96729,-1.46484,8.97217,0
2585.63,0.453613,0.793457,1.02588,-3.05176,-1.83105,7.26318,0
2585.63,0.44873,0.49707,1.00879,-4.02832,-2.01416,5.7373,0
2585.64,0.456543,0.489258,0.980957,-0.976562,-2.44141,4.82178,0
2585.65,0.478027,0.683105,1.02686,-1.09863,-2.74658,3.60107,0
2585.66,0.528809,0.457031,1.10547,-0.549316,-3.11279,2.31934,0
2585.67,0.471191,0.549316,1.05908,1.2207,-3.11279,1.15967,0
2585.68,0.388672,0.662598,1.0625,-0.0610352,-2.50244,-0.244141,0
2585.69,0.466797,0.414551,1.08838,-1.52588,-2.92969,-1.0376,0
2585.7,0.54834,0.399414,1.11865,-1.2207,-3.2959,-1.15967,0
2585.71,0.584473,0.506836,1.07373,-3.90625,-3.41797,-2.13623,0
2585.72,0.655273,0.327637,1.04541,-6.16455,-3.17383,-3.11279,0
2585.73,0.581543,0.291016,1.04297,-6.40869,-2.92969,-3.78418,0
2585.74,0.563477,0.405273,0.989258,-8.66699,-2.92969,-4.5166,0
2585.75,0.560059,0.226562,1.04395,-11.7798,-2.74658,-4.94385,0
2585.76,0.610352,0.12793,1.04004,-12.2681,-2.92969,-4.88281,0
2585.77,0.64502,0.231445,1.0376,-13.6719,-2.50244,-5.31006,0
2585.78,0.614746,0.0957031,1.04053,-15.625,-2.44141,-6.04248,0
2585.79,0.582031,-0.0927734,0.973145,-14.8926,-2.31934,-6.10352,0
2585.8,0.578125,0.0444336,1,-13.9771,-2.38037,-6.65283,0
2585.81,0.577637,0.0844727,1.01172,-15.686,-2.44141,-6.95801,0
2585.82,0.535645,-0.129395,0.998535,-15.7471,-2.19727,-7.20215,0
2585.83,0.532227,-0.161133,0.924316,-14.2822,-2.19727,-6.95801,0
2585.84,0.512207,-0.0795898,0.906738,-13.1226,-2.19727,-6.89697,0
2585.85,0.478516,-0.208008,1.00195,-12.6343,-1.95312,-7.01904,0
2585.86,0.443359,-0.293457,1.01904,-10.437,-1.46484,-7.08008,0
2585.87,0.462891,-0.211914,0.943848,-8.66699,-1.0376,-6.95801,0
2585.88,0.51416,-0.197754,0.867188,-8.36182,-0.915527,-7.20215,0
2585.89,0.484863,-0.369141,0.82373,-6.89697,-0.610352,-6.95801,0
2585.9,0.395508,-0.355957,0.98584,-4.63867,0.12207,-6.89697,0
2585.91,0.385254,-0.28418,1.17188,-4.94385,0.427246,-7.20215,0
2585.92,0.411133,-0.40918,0.970703,-4.88281,0.671387,-6.89697,0
2585.93,0.39502,-0.332031,0.957031,-4.3335,0.915527,-6.83594,0
2585.94,0.321777,-0.248047,1.04492,-5.5542,1.40381,-7.20215,0
2585.94,0.200684,-0.434082,1.1123,-5.7373,2.44141,-6.89697,0
2585.95,0.155273,-0.358887,1.17139,-5.5542,2.38037,-6.83594,0
2585.96,0.123047,-0.243164,1.16992,-7.87354,2.74658,-7.62939,0
2585.97,0.0415039,-0.408203,1.11084,-8.60596,3.78418,-7.8125,0
2585.98,0.00878906,-0.37207,1.11719,-7.50732,3.90625,-8.23975,0
2585.99,-0.0473633,-0.263184,1.15234,-7.93457,4.82178,-8.66699,0
2586,-0.0400391,-0.472656,1.14209,-8.11768,5.24902,-8.78906,0
2586.01,-0.0615234,-0.370117,1.01465,-6.04248,5.06592,-7.93457,0
2586.02,-0.146973,-0.327637,0.919922,-7.26318,5.49316,-9.27734,0
2586.03,-0.105469,-0.56543,0.862305,-5.61523,5.79834,-9.94873,0
2586.04,-0.197266,-0.373535,0.915527,-2.86865,6.53076,-10.0708,0
2586.05,-0.204102,-0.387207,0.998047,-3.2959,5.92041,-10.8643,0
2586.06,-0.295898,-0.582031,0.950684,-1.09863,5.43213,-10.6812,0
2586.07,-0.237793,-0.328125,0.84375,1.52588,5.49316,-10.6201,0
2586.08,-0.276367,-0.383789,0.898926,0.488281,5.98145,-11.3525,0
2586.09,-0.210449,-0.579102,0.922363,2.31934,4.15039,-11.0474,0
2586.1,-0.22168,-0.285645,0.957031,3.78418,4.08936,-11.5356,0
2586.11,-0.207031,-0.329102,1.01855,1.40381,4.08936,-13.3057,0
2586.12,-0.139648,-0.465332,1.05713,2.62451,3.23486,-12.4512,0
2586.13,-0.111328,-0.311035,1.02881,2.19727,3.2959,-13.0615,0
2586.14,-0.0922852,-0.376953,0.975586,0.244141,3.479,-13.0615,0
2586.15,-0.0991211,-0.47998,0.94043,0.244141,2.92969,-12.4512,0
2586.16,-0.166992,-0.423828,0.981934,0.183105,2.31934,-12.2681,0
2586.17,-0.212402,-0.349121,1.06006,-0.427246,2.01416,-12.6953,0
2586.18,-0.250977,-0.388672,1.08154,-1.70898,2.31934,-13.4888,0
2586.19,-0.196289,-0.395508,1.07617,-0.610352,2.2583,-12.3901,0
2586.2,-0.104492,-0.309082,1.07275,-1.28174,1.89209,-12.3291,0
2586.21,-0.059082,-0.439941,1.04785,-1.2207,0.854492,-11.4746,0
2586.22,-0.186035,-0.399902,1.07764,0.183105,0.427246,-10.6812,0
2586.22,-0.377441,-0.32666,1.07324,-0.305176,0.854492,-11.2915,0
2586.23,-0.353027,-0.579102,1.02979,0.915527,1.09863,-10.8643,0
2586.24,-0.288086,-0.382812,1.06348,4.15039,0.671387,-10.3149,0
2586.25,-0.206055,-0.175293,1.02832,2.19727,1.0376,-11.4136,0
2586.26,-0.245117,-0.45459,0.985352,2.0752,1.34277,-10.3149,0
2586.27,-0.339355,-0.380859,1.02246,3.66211,1.40381,-8.97217,0
2586.28,-0.342285,-0.274902,0.996582,2.0752,1.34277,-9.64355,0
2586.29,-0.336914,-0.409668,0.999512,3.11279,1.28174,-9.21631,0
2586.3,-0.324707,-0.243164,0.969727,3.78418,1.46484,-9.15527,0
2586.31,-0.273438,-0.26416,0.958984,1.83105,1.77002,-9.58252,0
2586.32,-0.297852,-0.463379,0.984375,2.19727,1.58691,-8.54492,0
2586.33,-0.319824,-0.30127,0.964844,3.17383,1.09863,-7.93457,0
2586.34,-0.369629,-0.149414,0.936523,1.40381,1.70898,-8.8501,0
2586.35,-0.400391,-0.361328,0.907715,0.915527,1.89209,-8.66699,0
2586.36,-0.36084,-0.265625,0.957031,2.86865,1.64795,-7.69043,0
2586.37,-0.320801,-0.186523,0.932129,1.15967,2.13623,-8.72803,0
2586.38,-0.402344,-0.401367,0.91748,1.95312,1.83105,-7.8125,0
2586.39,-0.369629,-0.277832,1.00391,3.2959,1.09863,-7.32422,0
2586.4,-0.333496,-0.0976562,1.00244,1.95312,1.2207,-7.99561,0
2586.41,-0.383301,-0.32373,0.902832,0.793457,1.40381,-8.11768,0
2586.42,-0.370605,-0.335449,0.878418,2.74658,1.15967,-6.95801,0
2586.43,-0.395508,-0.118652,0.943848,1.64795,1.09863,-7.56836,0
2586.44,-0.342773,-0.276855,1.03955,0.244141,1.0376,-7.87354,0
2586.45,-0.351562,-0.313477,0.989746,1.77002,1.09863,-6.53076,0
2586.46,-0.41748,-0.167969,0.925293,1.70898,1.40381,-6.7749,0
2586.47,-0.400391,-0.227051,0.926758,0,1.2207,-7.44629,0
2586.48,-0.349609,-0.349121,0.996582,0.305176,0.793457,-6.65283,0
2586.49,-0.364258,-0.129883,1.04639,0.427246,0.549316,-6.22559,0
2586.5,-0.447754,-0.177246,1.03711,-1.15967,0.915527,-6.89697,0
2586.51,-0.456543,-0.333496,0.90332,0.427246,0.854492,-5.7373,0
2586.51,-0.458008,-0.143066,0.914551,1.15967,0.610352,-5.79834,0
2586.52,-0.404785,-0.188965,1.021,-0.12207,0.183105,-6.65283,0
2586.53,-0.450684,-0.304199,1.07861,0.793457,0.0610352,-5.49316,0
2586.54,-0.439941,-0.180664,1.04688,1.58691,0.244141,-5.37109,0
2586.55,-0.434082,-0.205078,0.982422,0.915527,0.549316,-6.04248,0
2586.56,-0.416992,-0.319336,0.946777,1.83105,-0.12207,-5.49316,0
2586.57,-0.416016,-0.199707,0.994629,3.11279,-0.12207,-4.88281,0
2586.58,-0.470703,-0.122559,1.03369,1.89209,0.244141,-5.61523,0
2586.59,-0.421875,-0.255859,1.00537,2.01416,0.427246,-5.18799,0
2586.6,-0.440918,-0.236328,0.987793,2.92969,0.12207,-4.5166,0
2586.61,-0.419922,-0.202637,1,3.66211,-0.244141,-4.45557,0
2586.62,-0.444336,-0.0996094,1.00098,2.86865,-0.549316,-4.69971,0
2586.63,-0.40332,-0.186523,1.01465,1.40381,-0.488281,-4.94385,0
2586.64,-0.370117,-0.238281,0.987305,2.2583,-0.488281,-4.21143,0
2586.65,-0.40918,-0.150879,0.899902,2.62451,-0.244141,-4.21143,0
2586.66,-0.455566,-0.176758,0.853027,2.44141,-0.12207,-4.3335,0
2586.67,-0.457031,-0.123535,0.929688,2.2583,-0.12207,-4.3335,0
2586.68,-0.394043,-0.177246,1.02539,1.64795,0.366211,-4.45557,0
2586.69,-0.371582,-0.161621,1.10791,2.0752,0.366211,-3.84521,0
2586.7,-0.429199,-0.161621,1.02979,1.0376,0.793457,-4.27246,0
2586.71,-0.464355,-0.205566,0.893555,1.64795,1.2207,-3.78418,0
2586.72,-0.489746,-0.146484,0.961914,2.13623,1.34277,-3.60107,0
2586.73,-0.437012,-0.0957031,1.03564,1.89209,1.83105,-3.66211,0
2586.74,-0.437988,-0.0883789,1.02539,0.732422,2.19727,-4.08936,0
2586.75,-0.453125,-0.213379,0.930176,1.09863,2.38037,-3.72314,0
2586.76,-0.486816,-0.181152,0.897461,2.31934,2.13623,-3.23486,0
2586.77,-0.492676,-0.100586,0.948242,1.58691,2.19727,-3.66211,0
2586.78,-0.463867,-0.0917969,1.05322,0.793457,2.74658,-3.78418,0
2586.79,-0.46582,-0.0844727,1.01221,0.12207,3.35693,-3.54004,0
2586.8,-0.476562,-0.141113,0.992188,0.12207,3.05176,-3.78418,0
2586.8,-0.478516,-0.134277,0.918457,1.09863,2.68555,-3.78418,0
2586.81,-0.515137,-0.145996,0.821289,1.52588,2.62451,-3.66211,0
2586.82,-0.535156,-0.119629,0.874512,2.80762,2.0752,-3.41797,0
2586.83,-0.489746,-0.00830078,0.890137,1.64795,2.31934,-4.27246,0
2586.84,-0.462891,-0.0966797,0.938965,0.244141,1.95312,-4.08936,0
2586.85,-0.514648,-0.280273,0.983398,0.671387,1.64795,-3.90625,0
2586.86,-0.500977,-0.131836,0.966309,3.41797,1.15967,-2.99072,0
2586.87,-0.501953,0.0419922,0.897949,2.31934,1.70898,-4.27246,0
2586.88,-0.523926,-0.164062,0.897461,0.976562,1.46484,-4.5166,0
2586.89,-0.488281,-0.0825195,0.946289,1.83105,0.610352,-3.17383,0
2586.9,-0.510254,-0.0942383,1.02295,0.183105,0.854492,-4.3335,0
2586.91,-0.493652,-0.246582,0.966309,1.83105,0.427246,-3.66211,0
2586.92,-0.559082,0,0.921875,2.86865,0.976562,-3.66211,0
2586.93,-0.585938,-0.0297852,0.939453,0.0610352,0.732422,-4.82178,0
2586.94,-0.575195,-0.17334,1.02051,0.244141,0.732422,-4.15039,0
2586.95,-0.524902,-0.102051,1.00586,1.0376,0.976562,-3.479,0
2586.96,-0.503906,-0.18457,0.992676,0.671387,0.854492,-4.27246,0
2586.97,-0.550293,-0.108398,0.979492,2.31934,0.12207,-3.41797,0
2586.98,-0.555176,0.00537109,0.910156,1.34277,0.793457,-4.08936,0
2586.99,-0.586914,-0.0585938,0.932617,0.549316,0.671387,-4.15039,0
2587,-0.544922,-0.09375,0.969727,0,0.427246,-3.84521,0
2587.01,-0.513184,-0.105469,1.02148,-0.305176,0.488281,-3.90625,0
2587.02,-0.550293,-0.187988,1.00537,0.427246,0.427246,-3.78418,0
2587.03,-0.586426,-0.050293,0.944336,1.40381,0.244141,-3.2959,0
2587.04,-0.586914,-0.0317383,0.945312,-0.305176,0.183105,-4.57764,0
2587.05,-0.545898,-0.102051,0.974121,0.12207,-0.12207,-3.54004,0
2587.06,-0.519043,0.00488281,0.990234,-0.671387,-0.183105,-3.54004,0
2587.07,-0.545898,-0.212891,1.00195,-1.15967,-0.244141,-3.72314,0
2587.08,-0.541992,-0.134277,0.989746,1.09863,-0.732422,-2.68555,0
2587.09,-0.577148,-0.0136719,0.989746,0.12207,0,-3.90625,0
2587.09,-0.566406,-0.174316,0.970215,-0.0610352,-0.305176,-3.41797,0
2587.1,-0.55127,-0.0498047,1.021,0.366211,-0.732422,-2.74658,0
2587.11,-0.536133,-0.116211,1.01855,-0.915527,-0.488281,-3.479,0
2587.12,-0.565918,-0.208984,1.00586,0.854492,-0.549316,-2.68555,0
2587.13,-0.575195,-0.0424805,1.01855,1.83105,-0.427246,-2.56348,0
2587.14,-0.563965,-0.0981445,1.00439,1.28174,-0.244141,-3.2959,0
2587.15,-0.563965,-0.0561523,0.918457,2.31934,-0.671387,-2.31934,0
2587.16,-0.583008,0.00585938,0.925293,0.793457,-0.488281,-2.99072,0
2587.17,-0.600586,-0.214844,0.960449,0.671387,-0.732422,-2.92969,0
2587.18,-0.580566,-0.0800781,1.00537,2.68555,-0.976562,-1.95312,0
2587.19,-0.548828,-4.882812e-04,1.04932,1.0376,-0.244141,-3.54004,0
2587.2,-0.54541,-0.209473,1.0127,2.13623,-0.183105,-2.50244,0
2587.21,-0.601562,0.0708008,0.922852,2.92969,-0.488281,-2.19727,0
2587.22,-0.62207,-0.0185547,0.912598,0,-0.0610352,-3.35693,0
2587.23,-0.597656,-0.251953,0.98291,1.83105,-0.244141,-1.89209,0
2587.24,-0.553223,0.0424805,1.02246,2.38037,0,-2.0752,0
2587.25,-0.581543,-0.0131836,0.989746,0,0.427246,-3.11279,0
2587.26,-0.621582,-0.167969,0.951172,1.28174,0.427246,-2.0752,0
2587.27,-0.638672,0.0332031,0.946777,1.34277,0.366211,-2.13623,0
2587.28,-0.606934,0.00390625,0.992676,-0.854492,0.488281,-3.17383,0
2587.29,-0.583496,-0.164062,1.02832,0,0.244141,-2.0752,0
2587.3,-0.581543,-0.0332031,0.994141,1.15967,0.427246,-1.52588,0
2587.31,-0.611328,9.765625e-04,0.977051,0,0.488281,-2.56348,0
2587.32,-0.637207,-0.0805664,0.979004,0.488281,0.488281,-1.83105,0
2587.33,-0.592285,0.0649414,0.964844,0.366211,0.610352,-1.77002,0
2587.34,-0.632812,-0.0737305,0.946289,-0.854492,0.793457,-2.50244,0
2587.35,-0.623535,-0.154297,0.909668,0.793457,0.427246,-1.46484,0
2587.36,-0.616211,0.0161133,0.966309,0.854492,0.366211,-1.83105,0
2587.37,-0.575195,-0.0600586,0.990723,0.183105,0.610352,-2.01416,0
2587.38,-0.620117,-0.0581055,0.944824,1.15967,0.427246,-1.52588,0
2587.39,-0.664062,-0.0424805,0.926758,1.52588,0.366211,-1.64795,0
2587.4,-0.624512,0.0117188,0.939941,1.83105,0.244141,-1.40381,0
2587.41,-0.610352,-0.050293,0.966797,1.28174,0.305176,-1.89209,0
2587.41,-0.616211,-0.0976562,0.920898,2.13623,0.183105,-1.28174,0
2587.42,-0.695312,-0.0390625,0.935547,2.31934,-0.12207,-1.40381,0
2587.43,-0.655762,-0.0541992,0.955566,1.89209,-0.244141,-1.64795,0
2587.44,-0.650879,0.0283203,0.97168,1.64795,0.183105,-1.40381,0
2587.45,-0.65918,0.0307617,0.962891,0.671387,0.549316,-1.77002,0
2587.46,-0.700195,-0.0629883,0.908691,0.366211,0.549316,-1.95312,0
2587.47,-0.694336,-0.00634766,0.949707,1.0376,0.12207,-1.15967,0
2587.48,-0.658691,-0.0258789,0.995117,0.427246,0.12207,-1.52588,0
2587.49,-0.658691,-0.0454102,1.05518,0.915527,0,-1.34277,0
2587.5,-0.697266,0.0151367,1.02246,1.15967,0.244141,-1.40381,0
2587.51,-0.736816,0.0424805,0.949707,0.488281,1.0376,-1.83105,0
2587.52,-0.748535,-0.0947266,0.938965,0.366211,0.915527,-1.83105,0
2587.53,-0.679688,0,0.960938,1.46484,0.244141,-0.854492,0
2587.54,-0.644043,0.0458984,0.981445,0.488281,0.549316,-1.64795,0
2587.55,-0.704102,-0.0654297,0.963867,0.854492,0.366211,-1.46484,0
2587.56,-0.749023,0.00585938,0.967285,1.58691,0,-1.09863,0
2587.57,-0.713867,0.0429688,1.00146,0.793457,0.183105,-1.2207,0
2587.58,-0.693359,-0.0263672,1.0249,0.488281,0,-1.15967,0
2587.59,-0.668457,-0.0708008,0.966309,1.28174,-0.0610352,-0.976562,0
2587.6,-0.734375,0.0385742,0.914551,2.19727,0.0610352,-0.549316,0
2587.61,-0.737793,-0.0302734,0.928711,1.40381,0,-1.46484,0
2587.62,-0.731445,-0.078125,0.956055,2.50244,-0.244141,-0.549316,0
2587.63,-0.708008,0.0595703,1.00977,2.0752,-0.427246,-0.305176,0
2587.64,-0.677246,0.0307617,1.02881,0.549316,-0.366211,-0.915527,0
2587.65,-0.726074,-0.0200195,1,0.793457,-0.244141,-0.671387,0
2587.66,-0.721191,0.0639648,0.966797,1.0376,-0.549316,-0.12207,0
2587.67,-0.737305,0.108398,0.950195,-0.549316,-0.854492,-0.793457,0
2587.68,-0.739746,-0.0517578,0.936035,-0.976562,-0.915527,-0.610352,0
2587.69,-0.744141,4.882812e-04,0.94873,0.427246,-0.915527,0.366211,0
2587.7,-0.748535,0.0883789,0.980469,-0.610352,-0.610352,-0.366211,0
2587.71,-0.696289,-0.0136719,1.01221,-1.09863,-0.793457,-0.488281,0
2587.72,-0.735352,0.0327148,1.05176,-0.549316,-1.09863,0.0610352,0
2587.73,-0.742676,0.0419922,1.01904,-0.915527,-0.793457,-0.183105,0
2587.74,-0.754395,-0.00927734,0.952148,-0.671387,-0.427246,0.12207,0
2587.75,-0.749512,0.0483398,0.944824,-0.183105,-0.793457,0.732422,0
2587.76,-0.734375,0.0791016,0.981445,-1.28174,-1.0376,0.183105,0
2587.77,-0.696777,-0.012207,0.994629,-1.52588,-0.671387,0.183105,0
2587.77,-0.731445,0.0371094,0.980957,-0.671387,-0.793457,0.854492,0
2587.78,-0.760254,0.0297852,0.946289,-1.58691,-0.610352,0,0
2587.79,-0.749512,0.0419922,0.950195,-0.976562,-0.793457,0.915527,0
2587.8,-0.757324,0.0727539,1.00586,-1.89209,-0.732422,0.427246,0
2587.81,-0.769043,-0.0244141,0.976074,-1.89209,-0.549316,0.427246,0
2587.82,-0.751465,-0.00390625,0.963867,-0.915527,-0.244141,0.915527,0
2587.83,-0.743652,-0.0117188,0.961914,-0.732422,-0.183105,0.732422,0
2587.84,-0.754883,0.0209961,0.927734,-0.12207,-0.305176,1.15967,0
2587.85,-0.777832,0.0175781,0.915527,-0.427246,-0.366211,0.366211,0
2587.86,-0.806152,-0.0327148,0.910156,0.610352,-0.549316,0.671387,0
2587.87,-0.796875,0.115234,0.938965,0.671387,-0.427246,0.793457,0
2587.88,-0.767578,-0.0283203,0.966309,-0.305176,0.244141,-0.0610352,0
2587.89,-0.723145,-0.034668,1.01416,1.58691,0.183105,1.2207,0
2587.9,-0.755371,0.0302734,0.974121,0.915527,0.732422,0.183105,0
2587.91,-0.788574,-0.0307617,0.901367,1.52588,0.671387,0.488281,0
2587.92,-0.80127,0.0874023,0.915039,1.46484,0.732422,0.671387,0
2587.93,-0.773926,0.0102539,0.92627,0.366211,0.793457,-0.183105,0
2587.94,-0.755859,0.0317383,0.930176,1.40381,0.549316,0.671387,0
2587.95,-0.797852,0.0444336,0.968262,0.671387,0.793457,0,0
2587.96,-0.808105,-0.0288086,0.969727,0.915527,1.0376,0.183105,0
2587.97,-0.781738,0.050293,0.978516,0.976562,1.28174,0.488281,0
2587.98,-0.743652,-0.0288086,0.962402,0.305176,1.58691,-0.183105,0
2587.99,-0.736816,0.0541992,0.929199,1.34277,0.976562,0.610352,0
2588,-0.804199,0.0952148,0.915527,-0.305176,0.915527,-0.488281,0
2588.01,-0.791504,-0.00146484,0.923828,-0.183105,0.793457,-0.183105,0
2588.02,-0.805664,0.0556641,0.966797,0.183105,1.2207,0.549316,0
2588.03,-0.782227,0.0878906,0.963867,-1.0376,1.28174,-0.12207,0
2588.04,-0.84375,-0.0810547,0.995117,-0.366211,1.52588,-0.12207,0
2588.05,-0.709473,0.113281,0.95459,0.488281,1.0376,0.366211,0
2588.06,-0.844727,0.141113,0.962891,-1.58691,1.28174,-0.610352,0
2588.06,-0.754395,-0.100586,0.984863,-1.77002,0.671387,-0.549316,0
2588.07,-0.76709,0.0825195,0.916016,0.12207,0.976562,0.793457,0
2588.08,-0.816895,0.0185547,0.978516,-1.83105,1.40381,-0.793457,0
2588.09,-0.779785,-0.132812,0.958008,0.0610352,0.732422,0.244141,0
2588.1,-0.792969,0.162109,0.886719,0.671387,1.52588,0.244141,0
2588.11,-0.871094,0.0395508,0.950195,-2.2583,1.46484,-1.2207,0
2588.12,-0.744629,-0.102539,0.961914,-0.427246,0.732422,0.488281,0
2588.13,-0.740234,0.138672,0.956055,-0.427246,1.58691,0.305176,0
2588.14,-0.874512,-0.0708008,0.952637,-1.40381,1.40381,-0.549316,0
2588.15,-0.798828,-0.0400391,0.953125,1.52588,0.793457,1.0376,0
2588.16,-0.748047,0.142578,0.931641,0.671387,1.28174,0.0610352,0
2588.17,-0.78418,-0.141602,0.95752,0.12207,0.488281,-0.244141,0
2588.18,-0.733398,-0.0473633,0.888672,3.11279,-0.12207,1.34277,0
2588.19,-0.670898,0.156738,0.911621,1.09863,0.610352,-0.244141,0
2588.2,-0.78125,-0.110352,0.947266,0.732422,0.244141,0,0
2588.21,-0.843262,-0.00585938,0.94873,2.44141,-0.732422,0.793457,0
2588.22,-0.833008,0.0756836,0.984863,1.15967,-0.488281,0,0
2588.23,-0.737305,0.00488281,0.991211,1.2207,-0.732422,0.549316,0
2588.24,-0.726074,0.0463867,0.94873,0.854492,-0.854492,0.427246,0
2588.25,-0.757812,0.00390625,0.925293,0.12207,-0.854492,0,0
2588.26,-0.794922,0.0107422,0.931641,0.732422,-1.0376,0.671387,0
2588.27,-0.80127,0.0600586,0.955078,0.0610352,-1.2207,0.366211,0
2588.28,-0.802246,-0.0258789,0.941406,0.12207,-1.2207,0.12207,0
2588.29,-0.816895,0.0283203,0.960938,0.732422,-0.915527,0.610352,0
2588.3,-0.762695,-0.00341797,0.989258,0.366211,-0.488281,-0.0610352,0
2588.31,-0.772949,-0.00390625,0.95752,1.2207,-0.610352,0.610352,0
2588.32,-0.835449,0.0795898,0.915039,0.671387,-0.488281,0.183105,0
2588.33,-0.852051,-0.00146484,0.943359,0.366211,-0.366211,0.183105,0
2588.34,-0.815918,0.0629883,1.00732,0.915527,-0.305176,0.549316,0
2588.35,-0.763672,0.0488281,0.97998,0.183105,-0.244141,0.12207,0
2588.36,-0.78418,0,0.956055,0.427246,-0.488281,0.305176,0
2588.37,-0.768066,0.0644531,0.931152,0.244141,-0.305176,0.549316,0
2588.38,-0.803711,0.00390625,0.913574,-0.244141,0.12207,0.305176,0
2588.39,-0.779297,0.015625,0.935059,0.366211,-0.183105,0.671387,0
2588.4,-0.780273,0.0600586,0.947266,0.183105,-0.0610352,0.305176,0
2588.41,-0.75,0.0341797,0.953125,0,-0.183105,0.12207,0
2588.42,-0.747559,0.0234375,0.955078,0,-0.244141,0.366211,0
2588.43,-0.746094,0.0322266,0.95459,-0.183105,-0.0610352,0.305176,0
2588.44,-0.722168,-0.0361328,0.951172,0,-0.12207,0.305176,0
2588.44,-0.717773,0.0683594,0.973145,0.854492,-0.732422,0.915527,0
2588.45,-0.691895,0.106934,0.956543,-0.305176,-0.671387,0.12207,0
2588.46,-0.661621,-0.0415039,0.950195,-0.244141,-0.915527,0.305176,0
2588.47,-0.592773,0.034668,0.968262,0.854492,-1.0376,1.09863,0
2588.48,-0.572754,0.0483398,0.964844,0,-0.915527,0.549316,0
2588.49,-0.604004,-0.00439453,0.948242,0.366211,-1.34277,0.915527,0
2588.5,-0.650391,0.0922852,0.949219,0,-1.52588,0.854492,0
2588.51,-0.588867,0.00341797,0.945801,-0.488281,-1.58691,0.427246,0
2588.52,-0.492676,0.0512695,0.973633,0.305176,-1.89209,1.2207,0
2588.53,-0.488281,0.0620117,0.976562,-0.671387,-1.83105,0.427246,0
2588.54,-0.481445,-0.00537109,0.945312,-0.366211,-1.89209,0.854492,0
2588.55,-0.494629,0.059082,0.960938,0,-2.13623,1.0376,0
2588.56,-0.428223,0.0356445,0.978027,-0.427246,-2.44141,0.732422,0
2588.57,-0.457031,0.0151367,0.981934,-0.183105,-2.38037,0.976562,0
2588.58,-0.458008,0.0546875,0.977051,-0.183105,-2.38037,1.15967,0
2588.59,-0.427734,-0.00634766,0.980469,-0.244141,-2.13623,0.976562,0
2588.6,-0.385254,0.0288086,0.995605,0.488281,-2.50244,1.40381,0
2588.61,-0.398438,0.043457,0.988281,0.0610352,-2.31934,1.09863,0
2588.62,-0.416992,0.0292969,0.98291,0.305176,-2.38037,1.58691,0
2588.63,-0.393555,0.0463867,0.98584,0,-2.38037,1.40381,0
2588.64,-0.367676,-0.00390625,0.990723,0.12207,-2.2583,1.40381,0
2588.65,-0.359375,0.0576172,0.994629,0.488281,-2.0752,1.77002,0
2588.66,-0.397949,0.0336914,0.983398,0.244141,-1.89209,1.40381,0
2588.66,-0.391602,0.0126953,0.977539,0.671387,-1.77002,1.77002,0
2588.67,-0.38916,0.0688477,0.979004,0.793457,-1.70898,1.95312,0
2588.68,-0.37793,0.0292969,1.00342,0.488281,-1.46484,1.70898,0
2588.69,-0.382812,0.0405273,1.00146,1.2207,-1.52588,2.2583,0
2588.7,-0.378418,0.0712891,0.995605,0.976562,-1.28174,2.13623,0
2588.71,-0.368652,0.0268555,0.998047,1.09863,-1.09863,2.2583,0
2588.72,-0.339355,0.0678711,0.994141,1.34277,-1.0376,2.62451,0
2588.73,-0.349121,0.0766602,0.999023,0.915527,-0.732422,2.44141,0
2588.74,-0.347656,0.0288086,0.986816,1.0376,-0.732422,2.50244,0
2588.75,-0.346191,0.0585938,0.978027,1.34277,-0.610352,3.05176,0
2588.76,-0.346191,0.0859375,0.995117,1.09863,-0.427246,2.92969,0
2588.77,-0.345703,0.0551758,0.993164,0.976562,-0.244141,2.99072,0
2588.78,-0.351562,0.0957031,0.985352,1.0376,0,3.35693,0
2588.79,-0.350586,0.081543,0.979004,0.610352,0.12207,3.2959,0
2588.8,-0.335449,0.065918,0.97168,0.793457,-0.0610352,3.72314,0
2588.81,-0.312012,0.102051,0.980469,0.976562,0.0610352,3.96729,0
2588.82,-0.310059,0.0761719,0.996094,0.610352,0.12207,3.90625,0
2588.83,-0.299316,0.0776367,0.984863,0.732422,0.12207,4.21143,0
2588.84,-0.296875,0.0703125,0.975098,0.793457,0.0610352,4.3335,0
2588.85,-0.282227,0.081543,0.978516,0.854492,0.0610352,4.57764,0
2588.86,-0.273926,0.0874023,0.98291,0.671387,0.12207,4.69971,0
2588.87,-0.277344,0.0888672,0.975098,0.610352,0.244141,4.88281,0
2588.88,-0.282227,0.0810547,0.963867,0.488281,0.12207,4.94385,0
2588.89,-0.279785,0.0966797,0.97168,0.366211,0,5.18799,0
2588.9,-0.283203,0.100098,0.98291,0.12207,0,5.37109,0
2588.91,-0.282227,0.090332,0.98584,0.12207,0,5.49316,0
2588.92,-0.285156,0.114258,0.975098,0,-0.12207,5.61523,0
2588.93,-0.27002,0.11377,0.966309,-0.366211,-0.183105,5.5542,0
2588.94,-0.251953,0.0981445,0.973145,-0.427246,-0.305176,5.79834,0
2588.95,-0.236816,0.111816,0.970703,-0.427246,-0.366211,5.98145,0
2588.96,-0.246094,0.0898438,0.977539,-0.671387,-0.549316,5.85938,0
2588.97,-0.25,0.0976562,0.974121,-0.366211,-0.671387,6.22559,0
2588.98,-0.25,0.118164,0.990723,-0.610352,-0.488281,6.16455,0
2588.99,-0.246582,0.0766602,0.997559,-0.610352,-0.488281,6.22559,0
2589,-0.240234,0.0898438,0.997559,-0.244141,-0.488281,6.53076,0
2589.01,-0.249023,0.109863,1.0083,-0.488281,-0.549316,6.46973,0
2589.01,-0.246582,0.0693359,1.01123,-0.488281,-0.549316,6.5918,0
2589.02,-0.230469,0.105957,1.00879,-0.183105,-0.549316,7.01904,0
2589.03,-0.218262,0.0874023,0.996582,-0.488281,-0.427246,6.95801,0
2589.04,-0.212402,0.0620117,0.999512,-0.244141,-0.488281,7.20215,0
2589.05,-0.207031,0.0917969,0.995605,-0.0610352,-0.488281,7.44629,0
2589.06,-0.191895,0.0869141,1.00098,-0.183105,-0.366211,7.56836,0
2589.07,-0.185547,0.0708008,0.99707,-0.12207,-0.305176,7.69043,0
2589.08,-0.176758,0.0834961,0.997559,-0.0610352,-0.366211,7.93457,0
2589.09,-0.169922,0.0830078,0.991699,-0.183105,-0.305176,7.99561,0
2589.1,-0.175781,0.0644531,0.986328,-0.0610352,-0.305176,8.30078,0
2589.11,-0.186035,0.0839844,0.990723,-0.0610352,-0.488281,8.42285,0
2589.12,-0.189453,0.0834961,0.99707,-0.183105,-0.427246,8.42285,0
2589.13,-0.184082,0.0878906,0.993164,-0.0610352,-0.244141,8.66699,0
2589.14,-0.180664,0.097168,0.98584,-0.12207,-0.244141,8.72803,0
2589.15,-0.172363,0.0961914,0.981934,-0.12207,-0.427246,8.78906,0
2589.16,-0.157227,0.09375,0.972656,0,-0.488281,8.97217,0
2589.17,-0.150391,0.105469,0.974609,0.0610352,-0.549316,9.09424,0
2589.18,-0.140625,0.0947266,0.987793,-0.0610352,-0.732422,9.0332,0
2589.19,-0.129883,0.0844727,0.97998,0,-0.671387,9.15527,0
2589.2,-0.126953,0.110352,0.975586,0,-0.610352,9.27734,0
2589.21,-0.132324,0.0820312,0.990723,-0.12207,-0.549316,9.21631,0
2589.22,-0.139648,0.0932617,0.98877,0,-0.793457,9.39941,0
2589.23,-0.131836,0.115234,0.980469,-0.12207,-0.671387,9.46045,0
2589.24,-0.126953,0.078125,0.987793,-0.244141,-0.671387,9.52148,0
2589.25,-0.120117,0.097168,0.995117,-0.0610352,-0.854492,9.8877,0
2589.26,-0.107422,0.0976562,1.00293,-0.305176,-0.854492,9.70459,0
2589.27,-0.0922852,0.0766602,1.00244,0,-0.793457,10.0098,0
2589.28,-0.0820312,0.105469,0.991699,-0.0610352,-0.915527,10.1929,0
2589.29,-0.0678711,0.0708008,0.981934,-0.244141,-1.0376,10.1318,0
2589.3,-0.0600586,0.0825195,0.982422,0.0610352,-0.915527,10.5591,0
2589.31,-0.0566406,0.09375,0.991699,-0.183105,-0.915527,10.437,0
2589.31,-0.0576172,0.065918,1.00342,-0.183105,-1.0376,10.5591,0
2589.32,-0.0585938,0.0927734,0.990723,0,-0.915527,10.9253,0
2589.33,-0.0644531,0.0981445,0.997559,-0.305176,-0.976562,10.9253,0
2589.34,-0.0678711,0.0830078,1.00146,-0.427246,-1.09863,11.0474,0
2589.35,-0.0556641,0.0913086,1.00098,-0.305176,-1.09863,11.2915,0
2589.36,-0.0581055,0.107422,1.00879,-0.244141,-1.0376,11.4746,0
2589.37,-0.0488281,0.0874023,1.00586,-0.488281,-1.0376,11.3525,0
2589.38,-0.0488281,0.0839844,0.999023,-0.12207,-1.09863,11.5967,0
2589.39,-0.0488281,0.10791,1,-0.244141,-0.976562,11.5967,0
2589.4,-0.046875,0.0703125,0.991211,-0.305176,-0.976562,11.5967,0
2589.41,-0.0507812,0.0961914,0.990723,0.0610352,-0.976562,11.8408,0
2589.42,-0.0585938,0.107422,0.992676,-0.183105,-0.854492,11.7188,0
2589.43,-0.0600586,0.0673828,0.986816,0,-0.732422,11.9019,0
2589.44,-0.0654297,0.108887,0.997559,0.12207,-0.793457,12.146,0
2589.45,-0.0615234,0.0932617,0.995117,-0.12207,-0.610352,11.9019,0
2589.46,-0.0605469,0.0791016,0.993164,0.183105,-0.610352,12.2681,0
2589.47,-0.0571289,0.11377,0.999023,0,-0.488281,12.2681,0
2589.48,-0.0537109,0.0703125,0.991699,-0.0610352,-0.305176,12.207,0
2589.49,-0.0541992,0.105469,1.00098,0.244141,-0.366211,12.6343,0
2589.5,-0.0566406,0.0913086,0.99707,-0.0610352,-0.0610352,12.3291,0
2589.51,-0.0625,0.0683594,0.998047,0.305176,-0.12207,12.7563,0
2589.52,-0.059082,0.106445,0.994141,0.12207,0,12.6953,0
2589.53,-0.059082,0.0541992,0.987793,0,0.12207,12.6953,0
2589.54,-0.0644531,0.0908203,1.00244,0.305176,0.0610352,13.0615,0
2589.55,-0.0644531,0.0864258,0.998047,0,0.305176,12.7563,0
2589.56,-0.0688477,0.0795898,1.00195,0.366211,0.305176,13.1226,0
2589.57,-0.0703125,0.122559,1.00049,0.0610352,0.427246,13.0005,0
2589.58,-0.0600586,0.0820312,0.987793,-0.0610352,0.671387,12.9395,0
2589.59,-0.0473633,0.100586,0.983887,0.183105,0.671387,13.3057,0
2589.6,-0.0458984,0.097168,0.988281,-0.183105,0.732422,13.0615,0
2589.6,-0.0449219,0.0756836,0.976562,0.0610352,0.671387,13.3057,0
2589.61,-0.0537109,0.111816,0.980957,0,0.671387,13.3667,0
2589.62,-0.0615234,0.0927734,0.995605,-0.305176,0.671387,13.1836,0
2589.63,-0.0585938,0.0976562,0.993164,-0.12207,0.793457,13.3667,0
2589.64,-0.0517578,0.114746,0.996094,-0.305176,0.793457,13.3057,0
2589.65,-0.0454102,0.0917969,0.989746,-0.427246,0.549316,13.3667,0
2589.66,-0.0449219,0.115723,0.994141,-0.427246,0.244141,13.6108,0
2589.67,-0.0429688,0.104004,1.00049,-0.610352,0.183105,13.4277,0
2589.68,-0.0336914,0.110352,0.996582,-0.488281,0.12207,13.7939,0
2589.69,-0.0253906,0.112793,0.98584,-0.610352,0.183105,13.7329,0
2589.7,-0.0273438,0.0786133,0.994629,-0.427246,-0.12207,13.855,0
2589.71,-0.00830078,0.124512,1.00146,-0.183105,-0.366211,14.0991,0
2589.72,-0.0141602,0.100586,1.00195,-0.549316,-0.183105,13.916,0
2589.73,-0.015625,0.0942383,0.998535,-0.0610352,-0.305176,14.4043,0
2589.74,-0.015625,0.125977,1.00684,-0.488281,-0.305176,14.2822,0
2589.75,-0.00634766,0.0751953,1.00586,-0.488281,-0.427246,14.4043,0
2589.76,0.00976562,0.120605,1.00244,-0.0610352,-0.488281,14.9536,0
2589.77,0.0185547,0.10791,1.01416,-0.671387,-0.549316,14.5874,0
2589.78,0.0415039,0.0859375,1.0166,-0.244141,-0.671387,15.0757,0
2589.79,0.0463867,0.127441,1.00537,-0.183105,-0.610352,15.1978,0
2589.8,0.034668,0.0932617,1.00928,-0.427246,-0.671387,15.1978,0
2589.81,0.0283203,0.097168,1.01807,-0.0610352,-0.793457,15.5029,0
2589.82,0.0288086,0.130859,1.00586,-0.244141,-0.610352,15.5029,0
2589.83,0.0244141,0.0844727,1.01074,-0.366211,-0.610352,15.564,0
2589.84,0.0317383,0.111816,1.01123,-0.12207,-0.610352,15.8691,0
2589.85,0.0229492,0.121094,1.01562,-0.366211,-0.549316,15.7471,0
2589.86,9.765625e-04,0.090332,1.00439,-0.183105,-0.488281,15.9302,0
2589.87,-0.0234375,0.124023,1.01172,-0.0610352,-0.427246,16.1133,0
2589.88,-0.0507812,0.0996094,1.00391,-0.12207,-0.244141,15.9912,0
2589.89,-0.0615234,0.0991211,1.00879,-0.0610352,0,16.1743,0
2589.9,-0.0776367,0.117188,1.00684,-0.0610352,0.244141,16.2964,0
2589.91,-0.0932617,0.0898438,1.00098,-0.244141,0.427246,16.1743,0
2589.91,-0.112305,0.0996094,0.992188,0.0610352,0.671387,16.2354,0
2589.92,-0.114746,0.10791,0.983887,-0.0610352,1.09863,16.2354,0
2589.93,-0.117188,0.107422,0.996094,0,1.40381,16.2354,0
2589.94,-0.144531,0.0893555,0.98877,-0.244141,1.77002,16.1133,0
2589.95,-0.182617,0.11084,0.980957,-0.183105,1.89209,16.2964,0
2589.96,-0.204102,0.0869141,0.979492,-0.671387,2.31934,15.8691,0
2589.97,-0.212891,0.0883789,0.977051,-0.366211,2.68555,16.1743,0
2589.98,-0.219238,0.134766,0.975586,-0.854492,2.92969,15.9912,0
2589.99,-0.209473,0.0698242,0.976074,-1.34277,3.11279,15.686,0
2590,-0.218262,0.107422,0.958984,-1.09863,3.17383,16.1743,0
2590.01,-0.214844,0.101562,0.970703,-1.77002,3.41797,15.7471,0
2590.02,-0.217773,0.0634766,0.959473,-1.58691,3.23486,15.9912,0
2590.03,-0.213379,0.121582,0.953613,-1.70898,3.23486,16.0522,0
2590.04,-0.222168,0.0751953,0.956543,-2.13623,3.35693,15.564,0
2590.05,-0.224121,0.0893555,0.948242,-1.58691,3.11279,16.1133,0
2590.06,-0.216797,0.0917969,0.94873,-1.95312,2.99072,15.686,0
2590.07,-0.208496,0.0620117,0.950684,-1.58691,2.74658,15.9302,0
2590.08,-0.195312,0.111328,0.97168,-1.58691,2.44141,16.1133,0
2590.09,-0.195312,0.0649414,0.978516,-1.95312,2.38037,15.686,0
2590.1,-0.181152,0.0732422,0.975586,-1.2207,1.95312,16.2354,0
2590.11,-0.164551,0.0957031,0.985352,-1.64795,1.83105,15.9302,0
2590.12,-0.151367,0.0341797,0.993164,-1.34277,1.46484,16.1133,0
2590.13,-0.135742,0.0776367,1.01123,-1.09863,0.976562,16.2354,0
2590.14,-0.119629,0.0727539,1.00586,-1.46484,0.854492,15.9912,0
2590.15,-0.097168,0.043457,0.99707,-1.09863,0.549316,16.2354,0
2590.16,-0.0742188,0.065918,0.999023,-1.0376,0.12207,16.2354,0
2590.17,-0.0595703,0.0541992,1.00342,-1.15967,-0.12207,16.1743,0
2590.18,-0.0615234,0.046875,1.00635,-1.0376,-0.427246,16.3574,0
2590.19,-0.0717773,0.0737305,1.00732,-0.976562,-0.732422,16.4795,0
2590.2,-0.0561523,0.0537109,1.01758,-1.15967,-0.854492,16.2964,0
2590.21,-0.0415039,0.0429688,1.02295,-0.793457,-1.09863,16.5405,0
2590.22,-0.0224609,0.0839844,1.02393,-0.854492,-1.2207,16.6016,0
2590.23,-0.0205078,0.0493164,1.01514,-1.0376,-1.2207,16.4185,0
2590.24,-0.0249023,0.0561523,1.02002,-0.610352,-1.46484,16.6626,0
2590.25,-0.0336914,0.0717773,1.01855,-0.732422,-1.46484,16.4795,0
2590.26,-0.0351562,0.0541992,1.00635,-0.732422,-1.46484,16.4795,0
2590.27,-0.0380859,0.0654297,1.00879,-0.427246,-1.34277,16.6626,0
2590.27,-0.0439453,0.0795898,1.00928,-0.488281,-1.15967,16.4795,0
2590.28,-0.0439453,0.0610352,1.00635,-0.427246,-1.09863,16.4185,0
2590.29,-0.046875,0.0800781,1.00439,-0.12207,-0.854492,16.6016,0
2590.3,-0.0532227,0.0776367,1.00537,-0.427246,-0.549316,16.2964,0
2590.31,-0.0507812,0.0595703,1.00586,-0.183105,-0.427246,16.4795,0
2590.32,-0.0385742,0.097168,1.00488,-0.12207,-0.183105,16.5405,0
2590.33,-0.0356445,0.0566406,0.996582,-0.366211,0,16.4185,0
2590.34,-0.034668,0.0664062,0.984375,0,0,16.7236,0
2590.35,-0.0473633,0.0844727,0.986816,-0.183105,0.305176,16.5405,0
2590.36,-0.0649414,0.0722656,0.991211,-0.183105,0.488281,16.6016,0
2590.37,-0.0693359,0.0957031,0.994629,-0.183105,0.793457,16.6626,0
2590.38,-0.0625,0.0703125,0.997559,-0.244141,0.976562,16.6626,0
2590.39,-0.0581055,0.0844727,0.991211,-0.244141,0.793457,16.8457,0
2590.4,-0.0556641,0.0722656,0.981934,-0.366211,0.793457,16.7847,0
2590.41,-0.0576172,0.0795898,0.981934,-0.12207,0.732422,17.0898,0
2590.42,-0.0708008,0.0859375,0.996582,-0.488281,0.732422,16.9678,0
2590.43,-0.0756836,0.074707,0.998047,-0.427246,0.793457,16.9678,0
2590.44,-0.0683594,0.09375,1.00049,-0.549316,0.732422,17.0898,0
2590.44,-0.0668945,0.0581055,0.987793,-0.671387,0.732422,17.0898,0
2590.45,-0.0654297,0.0795898,0.981445,-0.427246,0.427246,17.2729,0
2590.46,-0.0683594,0.0742188,0.994629,-0.732422,0.305176,17.0898,0
2590.47,-0.0727539,0.0849609,0.998047,-0.549316,0.366211,17.2729,0
2590.48,-0.0727539,0.0996094,1.01855,-0.732422,0.305176,17.0898,0
2590.49,-0.0708008,0.0532227,1.01562,-0.732422,0.183105,17.1509,0
2590.5,-0.0546875,0.100586,1.00684,-0.488281,0,17.395,0
2590.51,-0.0551758,0.059082,1.00537,-0.854492,-0.0610352,17.0288,0
2590.52,-0.0541992,0.0732422,1.00342,-0.305176,-0.244141,17.4561,0
2590.53,-0.0708008,0.0908203,1.01367,-0.732422,-0.12207,17.0898,0
2590.54,-0.0712891,0.059082,1.01025,-0.488281,-0.183105,17.2729,0
2590.55,-0.0605469,0.0961914,1.01318,-0.549316,-0.183105,17.334,0
2590.56,-0.0527344,0.0444336,1.00244,-0.854492,-0.305176,17.2119,0
2590.57,-0.0483398,0.0849609,1,-0.610352,-0.427246,17.6392,0
2590.58,-0.0532227,0.0664062,1.00488,-1.28174,-0.305176,17.1509,0
2590.59,-0.0429688,0.0673828,1.01318,-0.793457,-0.427246,17.5781,0
2590.6,-0.0410156,0.097168,1.01758,-1.28174,-0.305176,17.334,0
2590.61,-0.0297852,0.0332031,0.998535,-1.2207,-0.366211,17.5171,0
2590.62,-0.0327148,0.0922852,0.991699,-1.0376,-0.610352,17.7612,0
2590.63,-0.0371094,0.0498047,0.995117,-1.52588,-0.549316,17.2729,0
2590.64,-0.0371094,0.0727539,1.00439,-0.854492,-0.671387,17.8223,0
2590.65,-0.0273438,0.0947266,1.01074,-1.34277,-0.549316,17.395,0
2590.66,-0.0205078,0.0380859,0.999023,-1.0376,-0.549316,17.6392,0
2590.67,-0.012207,0.0888672,0.994629,-0.854492,-0.854492,17.8833,0
2590.68,-0.0170898,0.050293,0.995605,-1.15967,-0.793457,17.5781,0
2590.69,-0.0170898,0.0786133,1.00488,-0.610352,-0.854492,17.9443,0
2590.7,0.0249023,0.0927734,0.991699,-0.976562,-0.732422,17.6392,0
2590.71,0.0786133,0.0927734,0.981934,-0.305176,-0.854492,18.1885,0
2590.72,0.0561523,0.0986328,0.994629,-0.427246,-0.976562,18.0054,0
2590.73,-0.0273438,0.0302734,0.983887,-0.183105,-1.09863,18.1885,0
2590.74,-0.0693359,0.122559,0.984863,0.183105,-1.0376,18.6157,0
